    0.000000000  -87.621975510
    0.103717273  -87.619743977
    0.283360859  -87.628303037
    0.387078132  -87.624246490
    0.490795405  -87.624246490
    0.722714278  -87.637682959
    0.826431551  -87.632503779
    0.930148824  -87.630684474
    1.033866097  -87.632503779
    1.345017916  -87.648589138
    1.448735189  -87.643150764
    1.552452462  -87.640225901
    1.656169735  -87.640225900
    1.759887007  -87.643150764
    2.161582278  -87.659329595
    2.265299551  -87.654476900
    2.369016824  -87.651330931
    2.472734097  -87.650236999
    2.576451370  -87.651330931
    2.680168643  -87.654476899
    3.177579210  -87.668315477
    3.281296483  -87.664812893
    3.385013756  -87.662273971
    3.488731029  -87.660967179
    3.592448302  -87.660967179
    3.696165575  -87.662273971
    3.799882848  -87.664812892
    4.395693220  -87.674292562
    4.499410493  -87.672603975
    4.603127766  -87.671433148
    4.706845039  -87.670785914
    4.810562312  -87.670587056
    4.914279585  -87.670785914
    5.017996858  -87.671433148
    5.121714131  -87.672603975
    5.817470749  -87.676409963
    5.921188022  -87.676801168
    6.024905295  -87.677511799
    6.128622568  -87.678241195
    6.232339841  -87.678717151
    6.336057114  -87.678717151
    6.439774387  -87.678241195
    6.543491659  -87.677511799
    6.647208932  -87.676801168
    7.430257171  -87.676801168
    7.533974444  -87.679622742
    7.637691717  -87.682266086
    7.741408990  -87.684150367
    7.845126263  -87.684828556
    7.948843536  -87.684150367
    8.052560809  -87.682266086
    8.156278082  -87.679622742
    8.259995355  -87.676801168
    9.146156123  -87.672603975
    9.249873396  -87.677511799
    9.353590669  -87.682266086
    9.457307942  -87.686060615
    9.561025215  -87.688161275
    9.664742488  -87.688161275
    9.768459761  -87.686060615
    9.872177034  -87.682266086
    9.975894307  -87.677511798
   10.079611580  -87.672603975
   11.069011305  -87.664812893
   11.172728578  -87.671433148
   11.276445851  -87.678241195
   11.380163124  -87.684150367
   11.483880397  -87.688161275
   11.587597670  -87.689584055
   11.691314943  -87.688161275
   11.795032216  -87.684150367
   11.898749489  -87.678241194
   12.002466762  -87.671433148
   12.106184035  -87.664812892
   13.198913311  -87.654476900
   13.302630584  -87.662273971
   13.406347857  -87.670785914
   13.510065130  -87.678717151
   13.613782403  -87.684828556
   13.717499675  -87.688161275
   13.821216948  -87.688161275
   13.924934221  -87.684828555
   14.028651494  -87.678717150
   14.132368767  -87.670785913
   14.236086040  -87.662273970
   14.339803313  -87.654476899
   15.361299986  -87.643150764
   15.465017259  -87.651330931
   16.586891096  -87.660967179
   16.690608369  -87.670587056
   16.794325642  -87.678717151
   16.898042915  -87.684150367
   17.001760188  -87.686060615
   17.105477461  -87.684150367
   17.209194734  -87.678717150
   17.312912007  -87.670587055
   17.416629280  -87.660967178
   17.520346553  -87.651330931
   17.624063826  -87.643150764
   18.779010498  -87.632503779
   18.882727771  -87.640225901
   18.986445044  -87.650236999
   19.090162317  -87.660967179
   19.193879590  -87.670785914
   19.297596863  -87.678241195
   20.094264353  -87.682266086
   20.197981626  -87.682266086
   20.301698899  -87.678241194
   20.405416172  -87.670785913
   20.509133445  -87.660967178
   20.612850718  -87.650236998
   20.716567991  -87.640225900
   20.820285264  -87.632503779
   22.119858969  -87.624246490
   22.223576242  -87.630684474
   22.327293515  -87.640225900
   22.431010788  -87.651330931
   22.534728061  -87.662273971
   22.638445334  -87.671433148
   22.742162606  -87.677511799
   22.845879879  -87.679622742
   22.949597152  -87.677511798
   23.053314425  -87.671433148
   23.157031698  -87.662273970
   23.530989644  -87.651330931
   23.634706917  -87.640225900
   23.738424190  -87.630684473
   23.842141463  -87.624246490
   23.945858736  -87.619743977
   25.348919998  -87.628303037
   25.528563584  -87.643349635
   25.632280857  -87.635764443
   25.839715403  -87.628903592
   26.213673349  -87.652281800
   26.317390622  -87.645421592
   26.524825168  -87.637433062
   26.628542441  -87.637433062
   27.030237712  -87.661196862
   27.133954985  -87.655770216
   27.341389531  -87.648436474
   27.445106804  -87.647432836
   27.548824076  -87.648436474
   28.000917188  -87.668720626
   28.104634461  -87.665233326
   28.312069007  -87.660162447
   28.415786280  -87.659080842
   28.519503553  -87.659080842
   28.623220826  -87.660162448
   29.141807190  -87.673752587
   29.245524463  -87.672435099
   29.452959009  -87.670838134
   29.556676282  -87.670574743
   29.660393555  -87.670507112
   29.764110828  -87.670574743
   29.867828101  -87.670838134
   30.463638473  -87.675514428
   30.567355746  -87.676312464
   30.774790292  -87.678909409
   30.878507565  -87.680197365
   30.982224838  -87.680968199
   31.085942111  -87.680968199
   31.189659384  -87.680197365
   31.293376657  -87.678909409
   31.924264198  -87.676312464
   32.131698744  -87.683259022
   32.235416017  -87.686580796
   32.339133290  -87.688915032
   32.442850563  -87.689761462
   32.546567836  -87.688915032
   32.650285109  -87.686580796
   32.754002382  -87.683259022
   33.480023293  -87.672435099
   33.687457838  -87.683259022
   33.791175111  -87.688815509
   33.894892384  -87.693208994
   33.998609657  -87.695631409
   34.102326930  -87.695631409
   34.206044203  -87.693208994
   34.309761476  -87.688815508
   34.413478749  -87.683259022
   35.236709082  -87.665233326
   35.444143628  -87.678909409
   35.547860901  -87.686580796
   35.651578174  -87.693208994
   35.755295447  -87.697694430
   35.859012719  -87.699285416
   35.962729992  -87.697694430
   36.066447265  -87.693208994
   36.170164538  -87.686580795
   36.273881811  -87.678909408
   37.195741098  -87.655770216
   37.403175644  -87.670838134
   37.506892917  -87.680197365
   37.610610189  -87.688915032
   37.714327462  -87.695631409
   37.818044735  -87.699285416
   37.921762008  -87.699285416
   38.025479281  -87.695631408
   38.129196554  -87.688915031
   38.232913827  -87.680197364
   38.336631100  -87.670838133
   39.146688898  -87.645421592
   40.315523203  -87.660162447
   40.419240476  -87.670574743
   40.522957749  -87.680968199
   40.626675022  -87.689761462
   40.730392295  -87.695631409
   40.834109568  -87.697694430
   40.937826841  -87.695631408
   41.041544114  -87.689761461
   41.145261387  -87.680968198
   41.248978660  -87.670574742
   41.352695933  -87.660162447
   42.303280441  -87.635764443
   42.510714987  -87.648436474
   42.614432260  -87.659080842
   42.718149533  -87.670507112
   42.821866806  -87.680968199
   43.618534296  -87.688915032
   43.722251569  -87.693208994
   43.825968842  -87.693208994
   43.929686115  -87.688915031
   44.033403388  -87.680968198
   44.137120661  -87.670507111
   44.240837934  -87.659080840
   44.344555207  -87.648436473
   45.447084941  -87.628303037
   45.654519487  -87.637433062
   45.758236760  -87.647432836
   45.861954033  -87.659080842
   45.965671306  -87.670574743
   46.069388579  -87.680197365
   46.173105852  -87.686580796
   46.276823125  -87.688815508
   46.380540398  -87.686580795
   46.484257671  -87.680197364
   46.858215617  -87.670574742
   46.961932889  -87.659080840
   47.065650162  -87.647432835
   47.169367435  -87.637433062
   47.273084708  -87.628903592
   48.478170521  -87.637682959
   48.657814107  -87.652281800
   48.761531380  -87.645421591
   49.035941491  -87.665214859
   49.139658764  -87.659788020
   49.243376037  -87.654538648
   49.554527856  -87.646462524
   50.132001192  -87.669935784
   50.235718465  -87.666782795
   50.339435738  -87.663641947
   50.650587557  -87.658119293
   50.754304830  -87.658119293
   51.350115202  -87.673157123
   51.453832475  -87.672173224
   51.557549748  -87.671330366
   51.868701566  -87.670561436
   51.972418839  -87.670583375
   52.076136112  -87.670561436
   52.707023654  -87.674297826
   52.810740927  -87.675117418
   52.914458200  -87.676469382
   53.225610019  -87.681896722
   53.329327292  -87.682890656
   53.433044565  -87.682890656
   53.536761838  -87.681896722
   54.132572210  -87.675117418
   54.236289483  -87.678262169
   54.547441301  -87.690470337
   54.651158574  -87.693202023
   54.754875847  -87.694186065
   54.858593120  -87.693202023
   54.962310393  -87.690470337
   55.626424977  -87.672173224
   55.730142250  -87.676469382
   56.041294069  -87.695093934
   56.145011342  -87.700039298
   56.248728615  -87.702773825
   56.352445888  -87.702773824
   56.456163161  -87.700039298
   56.559880434  -87.695093934
   57.300569916  -87.666782795
   57.404287188  -87.671330366
   57.715439007  -87.695093934
   57.819156280  -87.702435977
   57.922873553  -87.707403372
   58.026590826  -87.709153728
   58.130308099  -87.707403372
   58.234025372  -87.702435976
   58.337742645  -87.695093934
   59.160972978  -87.659788020
   59.264690251  -87.663641947
   59.575842070  -87.690470337
   59.679559342  -87.700039298
   59.783276615  -87.707403372
   59.886993888  -87.711395423
   59.990711161  -87.711395423
   60.094428434  -87.707403372
   60.198145707  -87.700039297
   60.301862980  -87.690470336
   60.965977564  -87.652281800
   61.069694837  -87.654538648
   62.091191510  -87.681896722
   62.194908783  -87.693202023
   62.298626056  -87.702773825
   62.402343329  -87.709153728
   62.506060602  -87.711395423
   62.609777875  -87.709153727
   62.713495148  -87.702773823
   62.817212421  -87.693202022
   62.920929694  -87.681896721
   63.690117577  -87.645421591
   64.001269395  -87.670561436
   64.104986668  -87.682890656
   64.901654158  -87.694186065
   65.005371431  -87.702773824
   65.109088704  -87.707403372
   65.212805977  -87.707403372
   65.316523250  -87.702773823
   65.420240523  -87.694186064
   65.523957796  -87.682890655
   65.627675069  -87.670561434
   66.549534356  -87.637682959
   66.860686174  -87.658119293
   66.964403447  -87.670583375
   67.068120720  -87.682890656
   67.171837993  -87.693202023
   67.275555266  -87.700039298
   67.379272539  -87.702435976
   67.482989812  -87.700039297
   67.856947758  -87.693202022
   67.960665031  -87.682890655
   68.064382304  -87.670583373
   68.168099577  -87.658119291
   68.271816850  -87.646462523
   69.293313523  -87.648589137
   69.472957109  -87.661196862
   69.576674382  -87.655770216
   69.851084493  -87.669935784
   69.954801766  -87.666782795
   70.058519039  -87.663641947
   70.432476984  -87.673171841
   70.536194257  -87.672489068
   70.639911530  -87.671650831
   70.743628803  -87.670967914
   71.158497895  -87.670633206
   71.941546134  -87.673431755
   72.045263407  -87.673927551
   72.148980680  -87.674986959
   72.252697953  -87.676615032
   72.667567045  -87.684001523
   72.771284318  -87.684001523
   73.467040936  -87.673927551
   73.570758209  -87.676160629
   73.674475482  -87.679692847
   74.089344573  -87.696191061
   74.193061846  -87.697262877
   74.296779119  -87.696191061
   75.022800030  -87.672489068
   75.126517303  -87.674986959
   75.230234576  -87.679692847
   75.645103668  -87.705422801
   75.748820941  -87.708387457
   75.852538214  -87.708387457
   75.956255487  -87.705422801
   76.725443369  -87.669935784
   76.829160642  -87.671650831
   76.932877915  -87.676615032
   77.347747007  -87.710385651
   77.451464280  -87.715757917
   77.555181553  -87.717656231
   77.658898826  -87.715757917
   77.762616099  -87.710385651
   78.503305580  -87.666782795
   78.607022853  -87.670967914
   79.021891945  -87.710385651
   79.125609218  -87.718336786
   79.229326491  -87.722649082
   79.333043764  -87.722649082
   79.436761037  -87.718336785
   79.540478310  -87.710385650
   80.099012918  -87.661196862
   81.220886755  -87.663641947
   81.635755847  -87.705422801
   81.739473120  -87.715757917
   81.843190393  -87.722649082
   81.946907666  -87.725072075
   82.050624939  -87.722649081
   82.154342212  -87.715757916
   82.258059485  -87.705422800
   82.880363123  -87.655770216
   83.858829919  -87.696191061
   83.962547192  -87.708387457
   84.066264465  -87.717656231
   84.169981738  -87.722649082
   84.273699010  -87.722649081
   84.377416283  -87.717656230
   84.481133556  -87.708387456
   84.584850829  -87.696191060
   85.354038712  -87.648589137
   85.768907804  -87.684001523
   85.872625077  -87.697262877
   85.976342350  -87.708387457
   86.080059623  -87.715757917
   86.183776896  -87.718336785
   86.557734841  -87.715757916
   86.661452114  -87.708387456
   86.765169387  -87.697262875
   86.868886660  -87.684001521
   86.972603933  -87.670633204
   87.331891106  -87.635764443
   88.218051875  -87.659329595
   88.397695461  -87.668720626
   88.501412734  -87.665233326
   88.775822845  -87.673157123
   88.879540118  -87.672173224
   88.983257391  -87.671330366
   89.357215336  -87.673431755
   89.460932609  -87.673927551
   89.564649882  -87.674986959
   89.668367155  -87.676615032
   89.942777266  -87.674220541
   90.046494539  -87.676551184
   90.150211812  -87.680218927
   90.668798177  -87.698365040
   91.451846416  -87.673927551
   91.555563689  -87.676551184
   91.659280962  -87.681497882
   92.177867326  -87.711476422
   92.281584599  -87.711476422
   93.078252089  -87.673157123
   93.181969362  -87.674986959
   93.285686635  -87.680218927
   93.804273000  -87.721401031
   93.907990273  -87.723397024
   94.011707546  -87.721401031
   94.737728457  -87.672173224
   94.841445729  -87.676615032
   95.360032094  -87.726740277
   95.463749367  -87.731295111
   95.567466640  -87.731295111
   95.671183913  -87.726740276
   96.440371796  -87.668720626
   96.544089069  -87.671330366
   97.062675434  -87.726740277
   97.166392706  -87.734060403
   97.270109979  -87.736625499
   97.373827252  -87.734060402
   97.477544525  -87.726740276
   98.016475284  -87.665233326
   98.878015659  -87.721401031
   98.981732932  -87.731295111
   99.085450205  -87.736625499
   99.189167478  -87.736625499
   99.292884751  -87.731295110
   99.396602024  -87.721401030
  100.060716608  -87.659329595
  100.579302973  -87.711476422
  100.683020246  -87.723397024
  100.786737519  -87.731295111
  101.160695464  -87.734060402
  101.264412737  -87.731295110
  101.368130010  -87.723397023
  101.471847283  -87.711476420
  101.575564556  -87.698365038
  102.027657668  -87.645421591
  102.131374941  -87.645421591
  102.811494582  -87.668315477
  102.991138168  -87.673752587
  103.094855441  -87.672435099
  103.369265552  -87.674297826
  103.472982825  -87.675117418
  103.576700098  -87.676469382
  103.851110209  -87.673927551
  103.954827482  -87.676160629
  104.058544755  -87.679692847
  104.332954866  -87.673927551
  104.436672139  -87.676551184
  104.540389412  -87.681497882
  104.720032998  -87.676160629
  104.823750271  -87.681497882
  105.446053909  -87.725421309
  106.229102147  -87.675117418
  106.332819420  -87.679692847
  106.955123058  -87.735989629
  107.058840331  -87.735989629
  107.855507821  -87.673752587
  107.959225094  -87.676469382
  108.581528732  -87.741668029
  108.685246005  -87.744342850
  108.788963278  -87.741668029
  109.337783499  -87.672435099
  110.106971382  -87.741668029
  110.210688655  -87.747265397
  110.314405928  -87.747265397
  110.418123201  -87.741668028
  111.049010743  -87.668315477
  111.671314380  -87.735989629
  112.045272326  -87.744342850
  112.148989599  -87.747265397
  112.252706872  -87.744342849
  112.356424145  -87.735989628
  112.460141418  -87.725421307
  113.008961640  -87.655770216
  113.112678913  -87.654538648
  113.216396186  -87.655770216
  113.691688440  -87.674292562
  113.871332026  -87.675514428
  113.975049299  -87.676312464
  114.154692885  -87.675117418
  114.258410158  -87.678262169
  114.532820269  -87.672489068
  114.636537542  -87.674986959
  114.740254815  -87.679692847
  114.919898402  -87.674986959
  115.023615675  -87.680218927
  115.203259261  -87.675117418
  115.306976534  -87.679692847
  115.410693807  -87.678262169
  116.136714717  -87.747048127
  116.784428879  -87.676312464
  117.495478679  -87.752986355
  117.599195952  -87.752986355
  118.279315593  -87.674292562
  119.089373391  -87.752986355
  119.193090663  -87.756007340
  119.296807936  -87.752986354
  119.400525209  -87.747048126
  120.048239371  -87.665233325
  120.151956644  -87.663641947
  120.255673917  -87.663641947
  120.359391190  -87.659788019
  120.539034777  -87.665233325
  120.813444887  -87.676409963
  120.917162160  -87.676312464
  121.096805747  -87.672173224
  121.200523020  -87.676469382
  121.380166606  -87.671650830
  121.483883879  -87.676615032
  121.663527465  -87.672173224
  121.767244738  -87.676615032
  121.870962011  -87.676469382
  121.974679284  -87.676312464
  122.757727523  -87.759063703
  122.861444796  -87.759063703
  123.609360688  -87.672435099
  123.713077961  -87.671330365
  123.816795234  -87.670967913
  123.920512506  -87.666782795
  124.100156093  -87.671330365
  124.203873366  -87.666782795
  124.383516952  -87.672435099
    0.000000000  -85.304191034
    0.103717273  -85.301838152
    0.283360859  -85.310862036
    0.387078132  -85.306586362
    0.490795405  -85.306586362
    0.722714278  -85.320750945
    0.826431551  -85.315293416
    0.930148824  -85.313376340
    1.033866097  -85.315293417
    1.345017916  -85.332249746
    1.448735189  -85.326520784
    1.552452462  -85.323439651
    1.656169735  -85.323439651
    1.759887007  -85.326520785
    2.161582278  -85.343574290
    2.265299551  -85.338465596
    2.369016824  -85.335152797
    2.472734097  -85.334000987
    2.576451370  -85.335152798
    2.680168643  -85.338465597
    3.177579210  -85.353048861
    3.281296483  -85.349365406
    3.385013756  -85.346695490
    3.488731029  -85.345321139
    3.592448302  -85.345321139
    3.696165575  -85.346695490
    3.799882848  -85.349365406
    4.395693220  -85.359350354
    4.499410493  -85.357582158
    4.603127766  -85.356356906
    4.706845039  -85.355680090
    4.810562312  -85.355472281
    4.914279585  -85.355680090
    5.017996858  -85.356356906
    5.121714131  -85.357582158
    5.817470749  -85.361582029
    5.921188022  -85.362008402
    6.024905295  -85.362768709
    6.128622568  -85.363545809
    6.232339841  -85.364051463
    6.336057114  -85.364051463
    6.439774387  -85.363545809
    6.543491659  -85.362768709
    6.647208932  -85.362008402
    7.430257171  -85.362008402
    7.533974444  -85.364995571
    7.637691717  -85.367791980
    7.741408990  -85.369784633
    7.845126263  -85.370501916
    7.948843536  -85.369784633
    8.052560809  -85.367791980
    8.156278082  -85.364995572
    8.259995355  -85.362008402
    9.146156123  -85.357582158
    9.249873396  -85.362768709
    9.353590669  -85.367791980
    9.457307942  -85.371800212
    9.561025215  -85.374019163
    9.664742488  -85.374019163
    9.768459761  -85.371800212
    9.872177034  -85.367791980
    9.975894307  -85.362768709
   10.079611580  -85.357582159
   11.069011305  -85.349365406
   11.172728578  -85.356356906
   11.276445851  -85.363545809
   11.380163124  -85.369784633
   11.483880397  -85.374019163
   11.587597670  -85.375521130
   11.691314943  -85.374019163
   11.795032216  -85.369784633
   11.898749489  -85.363545810
   12.002466762  -85.356356906
   12.106184035  -85.349365407
   13.198913311  -85.338465596
   13.302630584  -85.346695490
   13.406347857  -85.355680090
   13.510065130  -85.364051463
   13.613782403  -85.370501916
   13.717499675  -85.374019163
   13.821216948  -85.374019163
   13.924934221  -85.370501917
   14.028651494  -85.364051464
   14.132368767  -85.355680091
   14.236086040  -85.346695491
   14.339803313  -85.338465597
   15.361299986  -85.326520784
   15.465017259  -85.335152797
   16.586891096  -85.345321139
   16.690608369  -85.355472281
   16.794325642  -85.364051463
   16.898042915  -85.369784633
   17.001760188  -85.371800212
   17.105477461  -85.369784633
   17.209194734  -85.364051464
   17.312912007  -85.355472282
   17.416629280  -85.345321140
   17.520346553  -85.335152798
   17.624063826  -85.326520785
   18.779010498  -85.315293416
   18.882727771  -85.323439651
   18.986445044  -85.334000987
   19.090162317  -85.345321139
   19.193879590  -85.355680090
   19.297596863  -85.363545809
   20.094264353  -85.367791980
   20.197981626  -85.367791980
   20.301698899  -85.363545810
   20.405416172  -85.355680091
   20.509133445  -85.345321140
   20.612850718  -85.334000988
   20.716567991  -85.323439651
   20.820285264  -85.315293417
   22.119858969  -85.306586362
   22.223576242  -85.313376340
   22.327293515  -85.323439651
   22.431010788  -85.335152798
   22.534728061  -85.346695490
   22.638445334  -85.356356906
   22.742162606  -85.362768709
   22.845879879  -85.364995572
   22.949597152  -85.362768709
   23.053314425  -85.356356906
   23.157031698  -85.346695491
   23.530989644  -85.335152798
   23.634706917  -85.323439651
   23.738424190  -85.313376340
   23.842141463  -85.306586362
   23.945858736  -85.301838152
   25.348919998  -85.310862036
   25.528563584  -85.326715108
   25.632280857  -85.318726359
   25.839715403  -85.311500630
   26.213673349  -85.336122192
   26.317390622  -85.328905636
   26.524825168  -85.320501515
   26.628542441  -85.320501515
   27.030237712  -85.345510971
   27.133954985  -85.339813838
   27.341389531  -85.332113799
   27.445106804  -85.331060094
   27.548824076  -85.332113799
   28.000917188  -85.353434474
   28.104634461  -85.349788753
   28.312069007  -85.344489400
   28.415786280  -85.343359678
   28.519503553  -85.343359678
   28.623220826  -85.344489401
   29.141807190  -85.358733379
   29.245524463  -85.357379483
   29.452959009  -85.355757145
   29.556676282  -85.355497213
   29.660393555  -85.355432064
   29.764110828  -85.355497213
   29.867828101  -85.355757145
   30.463638473  -85.360588796
   30.567355746  -85.361466205
   30.774790292  -85.364276464
   30.878507565  -85.365659300
   30.982224838  -85.366485211
   31.085942111  -85.366485211
   31.189659384  -85.365659300
   31.293376657  -85.364276464
   31.924264198  -85.361466205
   32.131698744  -85.368867234
   32.235416017  -85.372400638
   32.339133290  -85.374882235
   32.442850563  -85.375781598
   32.546567836  -85.374882235
   32.650285109  -85.372400638
   32.754002382  -85.368867234
   33.480023293  -85.357379483
   33.687457838  -85.368867234
   33.791175111  -85.374760580
   33.894892384  -85.379419020
   33.998609657  -85.381987369
   34.102326930  -85.381987369
   34.206044203  -85.379419020
   34.309761476  -85.374760581
   34.413478749  -85.368867234
   35.236709082  -85.349788753
   35.444143628  -85.364276464
   35.547860901  -85.372400638
   35.651578174  -85.379419020
   35.755295447  -85.384168186
   35.859012719  -85.385852535
   35.962729992  -85.384168187
   36.066447265  -85.379419021
   36.170164538  -85.372400639
   36.273881811  -85.364276465
   37.195741098  -85.339813838
   37.403175644  -85.355757145
   37.506892917  -85.365659300
   37.610610189  -85.374882235
   37.714327462  -85.381987369
   37.818044735  -85.385852535
   37.921762008  -85.385852536
   38.025479281  -85.381987369
   38.129196554  -85.374882236
   38.232913827  -85.365659302
   38.336631100  -85.355757146
   39.146688898  -85.328905636
   40.315523203  -85.344489400
   40.419240476  -85.355497213
   40.522957749  -85.366485211
   40.626675022  -85.375781598
   40.730392295  -85.381987369
   40.834109568  -85.384168187
   40.937826841  -85.381987369
   41.041544114  -85.375781599
   41.145261387  -85.366485212
   41.248978660  -85.355497214
   41.352695933  -85.344489402
   42.303280441  -85.318726359
   42.510714987  -85.332113799
   42.614432260  -85.343359678
   42.718149533  -85.355432064
   42.821866806  -85.366485211
   43.618534296  -85.374882235
   43.722251569  -85.379419020
   43.825968842  -85.379419021
   43.929686115  -85.374882236
   44.033403388  -85.366485212
   44.137120661  -85.355432066
   44.240837934  -85.343359680
   44.344555207  -85.332113800
   45.447084941  -85.310862036
   45.654519487  -85.320501515
   45.758236760  -85.331060094
   45.861954033  -85.343359678
   45.965671306  -85.355497213
   46.069388579  -85.365659300
   46.173105852  -85.372400638
   46.276823125  -85.374760581
   46.380540398  -85.372400639
   46.484257671  -85.365659302
   46.858215617  -85.355497214
   46.961932889  -85.343359680
   47.065650162  -85.331060095
   47.169367435  -85.320501516
   47.273084708  -85.311500631
   48.478170521  -85.320750945
   48.657814107  -85.336122192
   48.761531380  -85.328905636
   49.035941491  -85.349709233
   49.139658764  -85.344017831
   49.243376037  -85.338512575
   49.554527856  -85.330042415
   50.132001192  -85.354660375
   50.235718465  -85.351375244
   50.339435738  -85.348104395
   50.650587557  -85.342360403
   50.754304830  -85.342360403
   51.350115202  -85.358038622
   51.453832475  -85.357045034
   51.557549748  -85.356205706
   51.868701566  -85.355509093
   51.972418839  -85.355541223
   52.076136112  -85.355509093
   52.707023654  -85.359234918
   52.810740927  -85.360141458
   52.914458200  -85.361620426
   53.225610019  -85.367489043
   53.329327292  -85.368557220
   53.433044565  -85.368557221
   53.536761838  -85.367489043
   54.132572210  -85.360141458
   54.236289483  -85.363509543
   54.547441301  -85.376550968
   54.651158574  -85.379463203
   54.754875847  -85.380511902
   54.858593120  -85.379463203
   54.962310393  -85.376550968
   55.626424977  -85.357045034
   55.730142250  -85.361620426
   56.041294069  -85.381437543
   56.145011342  -85.386695025
   56.248728615  -85.389601157
   56.352445888  -85.389601157
   56.456163161  -85.386695025
   56.559880434  -85.381437544
   57.300569916  -85.351375244
   57.404287188  -85.356205706
   57.715439007  -85.381437543
   57.819156280  -85.389229883
   57.922873553  -85.394501109
   58.026590826  -85.396358668
   58.130308099  -85.394501109
   58.234025372  -85.389229884
   58.337742645  -85.381437544
   59.160972978  -85.344017831
   59.264690251  -85.348104395
   59.575842070  -85.376550968
   59.679559342  -85.386695025
   59.783276615  -85.394501109
   59.886993888  -85.398732939
   59.990711161  -85.398732940
   60.094428434  -85.394501110
   60.198145707  -85.386695026
   60.301862980  -85.376550969
   60.965977564  -85.336122192
   61.069694837  -85.338512575
   62.091191510  -85.367489043
   62.194908783  -85.379463203
   62.298626056  -85.389601157
   62.402343329  -85.396358668
   62.506060602  -85.398732940
   62.609777875  -85.396358669
   62.713495148  -85.389601158
   62.817212421  -85.379463205
   62.920929694  -85.367489045
   63.690117577  -85.328905636
   64.001269395  -85.355509093
   64.104986668  -85.368557220
   64.901654158  -85.380511902
   65.005371431  -85.389601157
   65.109088704  -85.394501109
   65.212805977  -85.394501110
   65.316523250  -85.389601158
   65.420240523  -85.380511904
   65.523957796  -85.368557223
   65.627675069  -85.355509096
   66.549534356  -85.320750945
   66.860686174  -85.342360403
   66.964403447  -85.355541223
   67.068120720  -85.368557221
   67.171837993  -85.379463203
   67.275555266  -85.386695025
   67.379272539  -85.389229884
   67.482989812  -85.386695026
   67.856947758  -85.379463205
   67.960665031  -85.368557223
   68.064382304  -85.355541225
   68.168099577  -85.342360405
   68.271816850  -85.330042416
   69.293313523  -85.332249746
   69.472957109  -85.345510971
   69.576674382  -85.339813838
   69.851084493  -85.354660375
   69.954801766  -85.351375244
   70.058519039  -85.348104395
   70.432476984  -85.358008533
   70.536194257  -85.357321700
   70.639911530  -85.356485871
   70.743628803  -85.355820335
   71.158497895  -85.355603748
   71.941546134  -85.358271031
   72.045263407  -85.358821166
   72.148980680  -85.359987568
   72.252697953  -85.361767975
   72.667567045  -85.369752482
   72.771284318  -85.369752482
   73.467040936  -85.358821166
   73.570758209  -85.361219755
   73.674475482  -85.365009315
   74.089344573  -85.382654768
   74.193061846  -85.383798796
   74.296779119  -85.382654768
   75.022800030  -85.357321700
   75.126517303  -85.359987568
   75.230234576  -85.365009315
   75.645103668  -85.392426829
   75.748820941  -85.395582471
   75.852538214  -85.395582471
   75.956255487  -85.392426829
   76.725443369  -85.354660375
   76.829160642  -85.356485871
   76.932877915  -85.361767975
   77.347747007  -85.397680472
   77.451464280  -85.403390157
   77.555181553  -85.405407519
   77.658898826  -85.403390157
   77.762616099  -85.397680472
   78.503305580  -85.351375244
   78.607022853  -85.355820335
   79.021891945  -85.397680472
   79.125609218  -85.406122079
   79.229326491  -85.410700264
   79.333043764  -85.410700264
   79.436761037  -85.406122080
   79.540478310  -85.397680473
   80.099012918  -85.345510971
   81.220886755  -85.348104395
   81.635755847  -85.392426829
   81.739473120  -85.403390157
   81.843190393  -85.410700264
   81.946907666  -85.413270322
   82.050624939  -85.410700265
   82.154342212  -85.403390158
   82.258059485  -85.392426831
   82.880363123  -85.339813838
   83.858829919  -85.382654768
   83.962547192  -85.395582471
   84.066264465  -85.405407519
   84.169981738  -85.410700264
   84.273699010  -85.410700265
   84.377416283  -85.405407520
   84.481133556  -85.395582473
   84.584850829  -85.382654771
   85.354038712  -85.332249746
   85.768907804  -85.369752482
   85.872625077  -85.383798796
   85.976342350  -85.395582471
   86.080059623  -85.403390157
   86.183776896  -85.406122080
   86.557734841  -85.403390158
   86.661452114  -85.395582473
   86.765169387  -85.383798799
   86.868886660  -85.369752484
   86.972603933  -85.355603750
   87.331891106  -85.318726359
   88.218051875  -85.343574290
   88.397695461  -85.353434474
   88.501412734  -85.349788753
   88.775822845  -85.358038622
   88.879540118  -85.357045034
   88.983257391  -85.356205706
   89.357215336  -85.358271031
   89.460932609  -85.358821166
   89.564649882  -85.359987568
   89.668367155  -85.361767975
   89.942777266  -85.359119561
   90.046494539  -85.361623839
   90.150211812  -85.365560762
   90.668798177  -85.384975809
   91.451846416  -85.358821166
   91.555563689  -85.361623839
   91.659280962  -85.366906753
   92.177867326  -85.398872918
   92.281584599  -85.398872918
   93.078252089  -85.358038622
   93.181969362  -85.359987568
   93.285686635  -85.365560762
   93.804273000  -85.409393172
   93.907990273  -85.411516062
   94.011707546  -85.409393172
   94.737728457  -85.357045034
   94.841445729  -85.361767975
   95.360032094  -85.415052788
   95.463749367  -85.419893415
   95.567466640  -85.419893415
   95.671183913  -85.415052788
   96.440371796  -85.353434474
   96.544089069  -85.356205706
   97.062675434  -85.415052788
   97.166392706  -85.422826286
   97.270109979  -85.425550462
   97.373827252  -85.422826287
   97.477544525  -85.415052789
   98.016475284  -85.349788753
   98.878015659  -85.409393172
   98.981732932  -85.419893415
   99.085450205  -85.425550462
   99.189167478  -85.425550462
   99.292884751  -85.419893416
   99.396602024  -85.409393174
  100.060716608  -85.343574290
  100.579302973  -85.398872918
  100.683020246  -85.411516062
  100.786737519  -85.419893415
  101.160695464  -85.422826287
  101.264412737  -85.419893416
  101.368130010  -85.411516064
  101.471847283  -85.398872921
  101.575564556  -85.384975812
  102.027657668  -85.328905636
  102.131374941  -85.328905636
  102.811494582  -85.353048861
  102.991138168  -85.358733379
  103.094855441  -85.357379483
  103.369265552  -85.359234918
  103.472982825  -85.360141458
  103.576700098  -85.361620426
  103.851110209  -85.358821166
  103.954827482  -85.361219755
  104.058544755  -85.365009315
  104.332954866  -85.358821166
  104.436672139  -85.361623839
  104.540389412  -85.366906753
  104.720032998  -85.361219755
  104.823750271  -85.366906753
  105.446053909  -85.413669990
  106.229102147  -85.360141458
  106.332819420  -85.365009315
  106.955123058  -85.424884321
  107.058840331  -85.424884321
  107.855507821  -85.358733379
  107.959225094  -85.361620426
  108.581528732  -85.430910216
  108.685246005  -85.433751948
  108.788963278  -85.430910216
  109.337783499  -85.357379483
  110.106971382  -85.430910216
  110.210688655  -85.436854498
  110.314405928  -85.436854498
  110.418123201  -85.430910217
  111.049010743  -85.353048861
  111.671314380  -85.424884321
  112.045272326  -85.433751948
  112.148989599  -85.436854498
  112.252706872  -85.433751949
  112.356424145  -85.424884322
  112.460141418  -85.413669992
  113.008961640  -85.339813839
  113.112678913  -85.338512576
  113.216396186  -85.339813839
  113.691688440  -85.359350354
  113.871332026  -85.360588796
  113.975049299  -85.361466205
  114.154692885  -85.360141458
  114.258410158  -85.363509544
  114.532820269  -85.357321700
  114.636537542  -85.359987569
  114.740254815  -85.365009315
  114.919898402  -85.359987569
  115.023615675  -85.365560762
  115.203259261  -85.360141458
  115.306976534  -85.365009315
  115.410693807  -85.363509544
  116.136714717  -85.436626993
  116.784428879  -85.361466205
  117.495478679  -85.442933166
  117.599195952  -85.442933166
  118.279315593  -85.359350354
  119.089373391  -85.442933166
  119.193090663  -85.446142177
  119.296807936  -85.442933167
  119.400525209  -85.436626994
  120.048239371  -85.349788754
  120.151956644  -85.348104395
  120.255673917  -85.348104395
  120.359391190  -85.344017831
  120.539034777  -85.349788754
  120.813444887  -85.361582029
  120.917162160  -85.361466205
  121.096805747  -85.357045034
  121.200523020  -85.361620427
  121.380166606  -85.356485871
  121.483883879  -85.361767976
  121.663527465  -85.357045034
  121.767244738  -85.361767976
  121.870962011  -85.361620427
  121.974679284  -85.361466205
  122.757727523  -85.449389380
  122.861444796  -85.449389381
  123.609360688  -85.357379484
  123.713077961  -85.356205706
  123.816795234  -85.355820335
  123.920512506  -85.351375245
  124.100156093  -85.356205706
  124.203873366  -85.351375245
  124.383516952  -85.357379484
    0.000000000  -54.582539252
    0.103717273  -54.587089388
    0.283360859  -54.573345268
    0.387078132  -54.579999586
    0.490795405  -54.578897175
    0.722714278  -54.561035440
    0.826431551  -54.568060425
    0.930148824  -54.569071403
    1.033866097  -54.564005028
    1.345017916  -54.548776371
    1.448735189  -54.554631350
    1.552452462  -54.555792914
    1.656169735  -54.552950885
    1.759887007  -54.546554939
    2.161582278  -54.539112971
    2.265299551  -54.542931878
    2.369016824  -54.542371763
    2.472734097  -54.539358748
    2.576451370  -54.535701650
    2.680168643  -54.530733760
    3.177579210  -54.532900092
    3.281296483  -54.534720461
    3.385013756  -54.531415430
    3.488731029  -54.526230436
    3.592448302  -54.522418845
    3.696165575  -54.520728302
    3.799882848  -54.519011453
    4.395693220  -54.529750776
    4.499410493  -54.530013832
    4.603127766  -54.524078653
    4.706845039  -54.515619457
    4.810562312  -54.509253884
    4.914279585  -54.507679231
    5.017996858  -54.509770871
    5.121714131  -54.511705491
    5.817470749  -54.528802053
    5.921188022  -54.528010235
    6.024905295  -54.520125849
    6.128622568  -54.508531931
    6.232339841  -54.498445993
    6.336057114  -54.494161236
    6.439774387  -54.496597039
    6.543491659  -54.502821542
    6.647208932  -54.507961367
    7.430257171  -54.528010235
    7.533974444  -54.518862839
    7.637691717  -54.505102236
    7.741408990  -54.491536090
    7.845126263  -54.483236402
    7.948843536  -54.482902084
    8.052560809  -54.489615500
    8.156278082  -54.499169846
    8.259995355  -54.506963093
    9.146156123  -54.530013832
    9.249873396  -54.520125849
    9.353590669  -54.505102236
    9.457307942  -54.489246784
    9.561025215  -54.477198594
    9.664742488  -54.472665237
    9.768459761  -54.476545167
    9.872177034  -54.486687413
    9.975894307  -54.498830327
   10.079611580  -54.508774944
   11.069011305  -54.534720461
   11.172728578  -54.524078653
   11.276445851  -54.508531931
   11.380163124  -54.491536090
   11.483880397  -54.477198594
   11.587597670  -54.468820589
   11.691314943  -54.468416869
   11.795032216  -54.475639006
   11.898749489  -54.488149324
   12.002466762  -54.502220348
   12.106184035  -54.514422285
   13.198913311  -54.542931878
   13.302630584  -54.531415430
   13.406347857  -54.515619457
   13.510065130  -54.498445993
   13.613782403  -54.483236402
   13.717499675  -54.472665237
   13.821216948  -54.468416869
   13.924934221  -54.471237496
   14.028651494  -54.480642478
   14.132368767  -54.494742262
   14.236086040  -54.510530281
   14.339803313  -54.525124383
   15.361299986  -54.554631350
   15.465017259  -54.542371763
   16.586891096  -54.526230436
   16.690608369  -54.509253884
   16.794325642  -54.494161236
   16.898042915  -54.482902084
   17.001760188  -54.476545167
   17.105477461  -54.475639006
   17.209194734  -54.480642478
   17.312912007  -54.491441690
   17.416629280  -54.506797607
   17.520346553  -54.524382158
   17.624063826  -54.540825165
   18.779010498  -54.568060425
   18.882727771  -54.555792914
   18.986445044  -54.539358748
   19.090162317  -54.522418845
   19.193879590  -54.507679231
   19.297596863  -54.496597039
   20.094264353  -54.489615500
   20.197981626  -54.486687413
   20.301698899  -54.488149324
   20.405416172  -54.494742262
   20.509133445  -54.506797607
   20.612850718  -54.523501396
   20.716567991  -54.542394440
   20.820285264  -54.559130125
   22.119858969  -54.579999586
   22.223576242  -54.569071403
   22.327293515  -54.552950885
   22.431010788  -54.535701650
   22.534728061  -54.520728302
   22.638445334  -54.509770871
   22.742162606  -54.502821542
   22.845879879  -54.499169846
   22.949597152  -54.498830327
   23.053314425  -54.502220348
   23.157031698  -54.510530281
   23.530989644  -54.524382158
   23.634706917  -54.542394440
   23.738424190  -54.561009229
   23.842141463  -54.575654948
   23.945858736  -54.585959343
   25.348919998  -54.570215167
   25.528563584  -54.547904207
   25.632280857  -54.560626185
   25.839715403  -54.572061246
   26.213673349  -54.538580428
   26.317390622  -54.549071042
   26.524825168  -54.558450818
   26.628542441  -54.557440787
   27.030237712  -54.529754882
   27.133954985  -54.538278965
   27.341389531  -54.542743240
   27.445106804  -54.541304133
   27.548824076  -54.539072943
   28.000917188  -54.522913202
   28.104634461  -54.529953694
   28.312069007  -54.528425740
   28.415786280  -54.524292466
   28.519503553  -54.521708917
   28.623220826  -54.521154877
   29.141807190  -54.518810669
   29.245524463  -54.524745266
   29.452959009  -54.517776585
   29.556676282  -54.509769309
   29.660393555  -54.504099059
   29.764110828  -54.503608677
   29.867828101  -54.506605319
   30.463638473  -54.517496272
   30.567355746  -54.522317085
   30.774790292  -54.511219528
   30.878507565  -54.499217913
   30.982224838  -54.489297570
   31.085942111  -54.485665613
   31.189659384  -54.489002213
   31.293376657  -54.496308087
   31.924264198  -54.522317085
   32.131698744  -54.508104950
   32.235416017  -54.493078296
   32.339133290  -54.478817577
   32.442850563  -54.470541131
   32.546567836  -54.470845399
   32.650285109  -54.478713162
   32.754002382  -54.489755576
   33.480023293  -54.524745266
   33.687457838  -54.508104950
   33.791175111  -54.491071047
   33.894892384  -54.473539481
   33.998609657  -54.460619596
   34.102326930  -54.456124033
   34.206044203  -54.460962183
   34.309761476  -54.472680090
   34.413478749  -54.486797413
   35.236709082  -54.529953694
   35.444143628  -54.511219528
   35.547860901  -54.493078296
   35.651578174  -54.473539481
   35.755295447  -54.457191672
   35.859012719  -54.447891162
   35.962729992  -54.447797834
   36.066447265  -54.456490406
   36.170164538  -54.471190131
   36.273881811  -54.487717046
   37.195741098  -54.538278965
   37.403175644  -54.517776585
   37.506892917  -54.499217913
   37.610610189  -54.478817577
   37.714327462  -54.460619596
   37.818044735  -54.447891162
   37.921762008  -54.442899183
   38.025479281  -54.446504118
   38.129196554  -54.457918642
   38.232913827  -54.474746390
   38.336631100  -54.493248309
   39.146688898  -54.549071042
   40.315523203  -54.528425740
   40.419240476  -54.509769309
   40.522957749  -54.489297570
   40.626675022  -54.470541131
   40.730392295  -54.456124033
   40.834109568  -54.447797834
   40.937826841  -54.446504118
   41.041544114  -54.452702811
   41.145261387  -54.465952850
   41.248978660  -54.484424046
   41.352695933  -54.504851400
   42.303280441  -54.560626185
   42.510714987  -54.542743240
   42.614432260  -54.524292466
   42.718149533  -54.504099059
   42.821866806  -54.485665613
   43.618534296  -54.470845399
   43.722251569  -54.460962183
   43.825968842  -54.456490406
   43.929686115  -54.457918642
   44.033403388  -54.465952850
   44.137120661  -54.480329359
   44.240837934  -54.500375989
   44.344555207  -54.522517219
   45.447084941  -54.570215167
   45.654519487  -54.558450818
   45.758236760  -54.541304133
   45.861954033  -54.521708917
   45.965671306  -54.503608677
   46.069388579  -54.489002213
   46.173105852  -54.478713162
   46.276823125  -54.472680090
   46.380540398  -54.471190131
   46.484257671  -54.474746390
   46.858215617  -54.484424046
   46.961932889  -54.500375989
   47.065650162  -54.521568755
   47.169367435  -54.543413777
   47.273084708  -54.562739574
   48.478170521  -54.553554095
   48.657814107  -54.533578297
   48.761531380  -54.544824594
   49.035941491  -54.514979137
   49.139658764  -54.525889461
   49.243376037  -54.534449412
   49.554527856  -54.541579869
   50.132001192  -54.508278863
   50.235718465  -54.518044691
   50.339435738  -54.524533024
   50.650587557  -54.521590488
   50.754304830  -54.520658577
   51.350115202  -54.503193800
   51.453832475  -54.511842653
   51.557549748  -54.516666000
   51.868701566  -54.502572417
   51.972418839  -54.498408122
   52.076136112  -54.499157917
   52.707023654  -54.501385188
   52.810740927  -54.508635677
   52.914458200  -54.511809182
   53.225610019  -54.487510278
   53.329327292  -54.478360078
   53.433044565  -54.475878402
   53.536761838  -54.480548698
   54.132572210  -54.508635677
   54.236289483  -54.510248204
   54.547441301  -54.477328176
   54.651158574  -54.463111073
   54.754875847  -54.455445616
   54.858593120  -54.456920348
   54.962310393  -54.466115887
   55.626424977  -54.511842653
   55.730142250  -54.511809182
   56.041294069  -54.472336999
   56.145011342  -54.453750378
   56.248728615  -54.440646817
   56.352445888  -54.436809739
   56.456163161  -54.442955178
   56.559880434  -54.456510367
   57.300569916  -54.518044691
   57.404287188  -54.516666000
   57.715439007  -54.472336999
   57.819156280  -54.450668465
   57.922873553  -54.432933369
   58.026590826  -54.423465900
   58.130308099  -54.424221623
   58.234025372  -54.434785754
   58.337742645  -54.451884351
   59.160972978  -54.525889461
   59.264690251  -54.524533024
   59.575842070  -54.477328176
   59.679559342  -54.453750378
   59.783276615  -54.432933369
   59.886993888  -54.418739030
   59.990711161  -54.413762377
   60.094428434  -54.418775103
   60.198145707  -54.432740839
   60.301862980  -54.452786916
   60.965977564  -54.533578297
   61.069694837  -54.534449412
   62.091191510  -54.487510278
   62.194908783  -54.463111073
   62.298626056  -54.440646817
   62.402343329  -54.423465900
   62.506060602  -54.413762377
   62.609777875  -54.412903819
   62.713495148  -54.421145004
   62.817212421  -54.437651292
   62.920929694  -54.460036304
   63.690117577  -54.544824594
   64.001269395  -54.502572417
   64.104986668  -54.478360078
   64.901654158  -54.455445616
   65.005371431  -54.436809739
   65.109088704  -54.424221623
   65.212805977  -54.418775103
   65.316523250  -54.421145004
   65.420240523  -54.431641648
   65.523957796  -54.450013013
   65.627675069  -54.474142454
   66.549534356  -54.553554095
   66.860686174  -54.521590488
   66.964403447  -54.498408122
   67.068120720  -54.475878402
   67.171837993  -54.456920348
   67.275555266  -54.442955178
   67.379272539  -54.434785754
   67.482989812  -54.432740839
   67.856947758  -54.437651292
   67.960665031  -54.450013013
   68.064382304  -54.470011679
   68.168099577  -54.495342477
   68.271816850  -54.520239735
   69.293313523  -54.536764302
   69.472957109  -54.520344889
   69.576674382  -54.529617112
   69.851084493  -54.504291608
   69.954801766  -54.513486828
   70.058519039  -54.520047362
   70.432476984  -54.491581905
   70.536194257  -54.498404269
   70.639911530  -54.505883417
   70.743628803  -54.510172364
   71.158497895  -54.495997716
   71.941546134  -54.489859074
   72.045263407  -54.494634643
   72.148980680  -54.500187489
   72.252697953  -54.502263440
   72.667567045  -54.470716664
   72.771284318  -54.469811339
   73.467040936  -54.494634643
   73.570758209  -54.498095529
   73.674475482  -54.497999357
   74.089344573  -54.449642171
   74.193061846  -54.443215926
   74.296779119  -54.446249803
   75.022800030  -54.498404269
   75.126517303  -54.500187489
   75.230234576  -54.497999357
   75.645103668  -54.434913271
   75.748820941  -54.422380785
   75.852538214  -54.419789142
   75.956255487  -54.427575433
   76.725443369  -54.504291608
   76.829160642  -54.505883417
   76.932877915  -54.502263440
   77.347747007  -54.427601592
   77.451464280  -54.409309191
   77.555181553  -54.400344292
   77.658898826  -54.402508594
   77.762616099  -54.415165850
   78.503305580  -54.513486828
   78.607022853  -54.510172364
   79.021891945  -54.427601592
   79.125609218  -54.404905569
   79.229326491  -54.390048902
   79.333043764  -54.385745951
   79.436761037  -54.392686448
   79.540478310  -54.409498012
   80.099012918  -54.520344889
   81.220886755  -54.520047362
   81.635755847  -54.434913271
   81.739473120  -54.409309191
   81.843190393  -54.390048902
   81.946907666  -54.379867238
   82.050624939  -54.380141525
   82.154342212  -54.391047536
   82.258059485  -54.411216296
   82.880363123  -54.529617112
   83.858829919  -54.449642171
   83.962547192  -54.422380785
   84.066264465  -54.400344292
   84.169981738  -54.385745951
   84.273699010  -54.380141525
   84.377416283  -54.384311382
   84.481133556  -54.398302321
   84.584850829  -54.421235362
   85.354038712  -54.536764302
   85.768907804  -54.470716664
   85.872625077  -54.443215926
   85.976342350  -54.419789142
   86.080059623  -54.402508594
   86.183776896  -54.392686448
   86.557734841  -54.391047536
   86.661452114  -54.398302321
   86.765169387  -54.414691755
   86.868886660  -54.439705173
   86.972603933  -54.465789335
   87.331891106  -54.555939286
   88.218051875  -54.523340851
   88.397695461  -54.510209425
   88.501412734  -54.517416802
   88.775822845  -54.496650006
   88.879540118  -54.503642306
   88.983257391  -54.508023563
   89.357215336  -54.488891066
   89.460932609  -54.491963411
   89.564649882  -54.496359866
   89.668367155  -54.497905593
   89.942777266  -54.489991272
   90.046494539  -54.491707026
   90.150211812  -54.490324268
   90.668798177  -54.438634812
   91.451846416  -54.491963411
   91.555563689  -54.491707026
   91.659280962  -54.487504330
   92.177867326  -54.411246683
   92.281584599  -54.410257233
   93.078252089  -54.496650006
   93.181969362  -54.496359866
   93.285686635  -54.490324268
   93.804273000  -54.391563927
   93.907990273  -54.383852235
   94.011707546  -54.387812470
   94.737728457  -54.503642306
   94.841445729  -54.497905593
   95.360032094  -54.381517369
   95.463749367  -54.367006140
   95.567466640  -54.364071480
   95.671183913  -54.373207730
   96.440371796  -54.510209425
   96.544089069  -54.508023563
   97.062675434  -54.381517369
   97.166392706  -54.361250014
   97.270109979  -54.351461166
   97.373827252  -54.353540190
   97.477544525  -54.367351364
   98.016475284  -54.517416802
   98.878015659  -54.391563927
   98.981732932  -54.367006140
   99.085450205  -54.351461166
   99.189167478  -54.346636470
   99.292884751  -54.353231748
   99.396602024  -54.370976711
  100.060716608  -54.523340851
  100.579302973  -54.411246683
  100.683020246  -54.383852235
  100.786737519  -54.364071480
  101.160695464  -54.353540190
  101.264412737  -54.353231748
  101.368130010  -54.363660856
  101.471847283  -54.384701766
  101.575564556  -54.408281680
  102.027657668  -54.539300372
  102.131374941  -54.539300372
  102.811494582  -54.514584064
  102.991138168  -54.504164985
  103.094855441  -54.509270190
  103.369265552  -54.493966383
  103.472982825  -54.497983753
  103.576700098  -54.499730772
  103.851110209  -54.490954882
  103.954827482  -54.491551656
  104.058544755  -54.489825193
  104.332954866  -54.490954882
  104.436672139  -54.488916289
  104.540389412  -54.483524771
  104.720032998  -54.491551656
  104.823750271  -54.483524771
  105.446053909  -54.377911628
  106.229102147  -54.497983753
  106.332819420  -54.489825193
  106.955123058  -54.353796848
  107.058840331  -54.352757954
  107.855507821  -54.504164985
  107.959225094  -54.499730772
  108.581528732  -54.341238893
  108.685246005  -54.332789541
  108.788963278  -54.337039974
  109.337783499  -54.509270190
  110.106971382  -54.341238893
  110.210688655  -54.325939970
  110.314405928  -54.322692825
  110.418123201  -54.331992050
  111.049010743  -54.514584064
  111.671314380  -54.353796848
  112.045272326  -54.332789541
  112.148989599  -54.322692825
  112.252706872  -54.324424895
  112.356424145  -54.338287171
  112.460141418  -54.356116929
  113.008961640  -54.524174025
  113.112678913  -54.523917174
  113.216396186  -54.524174025
  113.691688440  -54.510092987
  113.871332026  -54.502215562
  113.975049299  -54.504848202
  114.154692885  -54.496947592
  114.258410158  -54.495616675
  114.532820269  -54.495643362
  114.636537542  -54.492531387
  114.740254815  -54.486950557
  114.919898402  -54.492531387
  115.023615675  -54.483447626
  115.203259261  -54.496947592
  115.306976534  -54.486950557
  115.410693807  -54.495616675
  116.136714717  -54.326306165
  116.784428879  -54.504848202
  117.495478679  -54.311959110
  117.599195952  -54.310817516
  118.279315593  -54.510092987
  119.089373391  -54.311959110
  119.193090663  -54.303273340
  119.296807936  -54.307433717
  119.400525209  -54.316643487
  120.048239371  -54.512896535
  120.151956644  -54.510408261
  120.255673917  -54.510408261
  120.359391190  -54.520874823
  120.539034777  -54.512896535
  120.813444887  -54.508707952
  120.917162160  -54.503827045
  121.096805747  -54.500766479
  121.200523020  -54.495808017
  121.380166606  -54.498976855
  121.483883879  -54.489824191
  121.663527465  -54.500766479
  121.767244738  -54.489824191
  121.870962011  -54.495808017
  121.974679284  -54.503827045
  122.757727523  -54.296683234
  122.861444796  -54.295495284
  123.609360688  -54.506296750
  123.713077961  -54.500727554
  123.816795234  -54.498146764
  123.920512506  -54.509221474
  124.100156093  -54.500727554
  124.203873366  -54.509221474
  124.383516952  -54.506296750
    0.000000000  -54.157869002
    0.103717273  -54.161518906
    0.283360859  -54.141025481
    0.387078132  -54.149635327
    0.490795405  -54.151907653
    0.722714278  -54.116203457
    0.826431551  -54.127961465
    0.930148824  -54.135086244
    1.033866097  -54.136339268
    1.345017916  -54.087386645
    1.448735189  -54.100005939
    1.552452462  -54.110300361
    1.656169735  -54.116209851
    1.759887007  -54.116774806
    2.161582278  -54.059130652
    2.265299551  -54.070331736
    2.369016824  -54.081565271
    2.472734097  -54.090436964
    2.576451370  -54.095513401
    2.680168643  -54.095847864
    3.177579210  -54.035544199
    3.281296483  -54.043478680
    3.385013756  -54.053318498
    3.488731029  -54.063255739
    3.592448302  -54.071254781
    3.696165575  -54.075817033
    3.799882848  -54.076652930
    4.395693220  -54.019968032
    4.499410493  -54.023298640
    4.603127766  -54.029749756
    4.706845039  -54.038360576
    4.810562312  -54.047428351
    4.914279585  -54.055083467
    5.017996858  -54.060093820
    5.121714131  -54.062267766
    5.817470749  -54.014480524
    5.921188022  -54.012494486
    6.024905295  -54.014150370
    6.128622568  -54.019239755
    6.232339841  -54.027059173
    6.336057114  -54.036060015
    6.439774387  -54.044455708
    6.543491659  -54.051019540
    6.647208932  -54.055366556
    7.430257171  -54.012494486
    7.533974444  -54.008598839
    7.637691717  -54.008879188
    7.741408990  -54.013227130
    7.845126263  -54.021223563
    7.948843536  -54.031324237
    8.052560809  -54.041604988
    8.156278082  -54.050512549
    8.259995355  -54.057455619
    9.146156123  -54.023298640
    9.249873396  -54.014150370
    9.353590669  -54.008879188
    9.457307942  -54.008282359
    9.561025215  -54.012985530
    9.664742488  -54.022384373
    9.768459761  -54.034729250
    9.872177034  -54.047613883
    9.975894307  -54.059228700
   10.079611580  -54.068342567
   11.069011305  -54.043478680
   11.172728578  -54.029749756
   11.276445851  -54.019239755
   11.380163124  -54.013227130
   11.483880397  -54.012985530
   11.587597670  -54.019136639
   11.691314943  -54.031046560
   11.795032216  -54.046147554
   11.898749489  -54.061728205
   12.002466762  -54.075529552
   12.106184035  -54.086029210
   13.198913311  -54.070331736
   13.302630584  -54.053318498
   13.406347857  -54.038360576
   13.510065130  -54.027059173
   13.613782403  -54.021223563
   13.717499675  -54.022384373
   13.821216948  -54.031046560
   13.924934221  -54.045762711
   14.028651494  -54.063604629
   14.132368767  -54.081384269
   14.236086040  -54.096502990
   14.339803313  -54.107199497
   15.361299986  -54.100005939
   15.465017259  -54.081565271
   16.586891096  -54.063255739
   16.690608369  -54.047428351
   16.794325642  -54.036060015
   16.898042915  -54.031324237
   17.001760188  -54.034729250
   17.105477461  -54.046147554
   17.209194734  -54.063604629
   17.312912007  -54.083698668
   17.416629280  -54.102862698
   17.520346553  -54.118382089
   17.624063826  -54.128341738
   18.779010498  -54.127961465
   18.882727771  -54.110300361
   18.986445044  -54.090436964
   19.090162317  -54.071254781
   19.193879590  -54.055083467
   19.297596863  -54.044455708
   20.094264353  -54.041604988
   20.197981626  -54.047613883
   20.301698899  -54.061728205
   20.405416172  -54.081384269
   20.509133445  -54.102862698
   20.612850718  -54.122509868
   20.716567991  -54.137572548
   20.820285264  -54.146228362
   22.119858969  -54.149635327
   22.223576242  -54.135086244
   22.327293515  -54.116209851
   22.431010788  -54.095513401
   22.534728061  -54.075817033
   22.638445334  -54.060093820
   22.742162606  -54.051019540
   22.845879879  -54.050512549
   22.949597152  -54.059228700
   23.053314425  -54.075529552
   23.157031698  -54.096502990
   23.530989644  -54.118382089
   23.634706917  -54.137572548
   23.738424190  -54.151490216
   23.842141463  -54.158522075
   23.945858736  -54.163834266
   25.348919998  -54.147450739
   25.528563584  -54.115822173
   25.632280857  -54.127382287
   25.839715403  -54.137847539
   26.213673349  -54.091676946
   26.317390622  -54.101670255
   26.524825168  -54.116236280
   26.628542441  -54.118335432
   27.030237712  -54.067695428
   27.133954985  -54.074420621
   27.341389531  -54.088314415
   27.445106804  -54.093581037
   27.548824076  -54.095985108
   28.000917188  -54.046985164
   28.104634461  -54.049381493
   28.312069007  -54.058620523
   28.415786280  -54.064768663
   28.519503553  -54.070194748
   28.623220826  -54.073922219
   29.141807190  -54.032807185
   29.245524463  -54.030196396
   29.452959009  -54.031838414
   29.556676282  -54.036745288
   29.660393555  -54.042928690
   29.764110828  -54.049766326
   29.867828101  -54.055507211
   30.463638473  -54.027780725
   30.567355746  -54.019731238
   30.774790292  -54.011733945
   30.878507565  -54.013194853
   30.982224838  -54.018307885
   31.085942111  -54.025993523
   31.189659384  -54.034857801
   31.293376657  -54.043474220
   31.924264198  -54.019731238
   32.131698744  -54.000799954
   32.235416017  -53.997598887
   32.339133290  -53.999314316
   32.442850563  -54.005919451
   32.546567836  -54.016150963
   32.650285109  -54.028084322
   32.754002382  -54.039874856
   33.480023293  -54.030196396
   33.687457838  -54.000799954
   33.791175111  -53.992021441
   33.894892384  -53.989063398
   33.998609657  -53.992397419
   34.102326930  -54.001824245
   34.206044203  -54.015531470
   34.309761476  -54.030899701
   34.413478749  -54.045976600
   35.236709082  -54.049381493
   35.444143628  -54.011733945
   35.547860901  -53.997598887
   35.651578174  -53.989063398
   35.755295447  -53.987637134
   35.859012719  -53.993956956
   35.962729992  -54.007180999
   36.066447265  -54.024699001
   36.170164538  -54.043513916
   36.273881811  -54.061098997
   37.195741098  -54.074420621
   37.403175644  -54.031838414
   37.506892917  -54.013194853
   37.610610189  -53.999314316
   37.714327462  -53.992397419
   37.818044735  -53.993956956
   37.921762008  -54.004223109
   38.025479281  -54.021490057
   38.129196554  -54.042500877
   38.232913827  -54.063869175
   38.336631100  -54.082603127
   39.146688898  -54.101670255
   40.315523203  -54.058620523
   40.419240476  -54.036745288
   40.522957749  -54.018307885
   40.626675022  -54.005919451
   40.730392295  -54.001824245
   40.834109568  -54.007180999
   40.937826841  -54.021490057
   41.041544114  -54.042325582
   41.145261387  -54.065956663
   41.248978660  -54.088499554
   41.352695933  -54.106717390
   42.303280441  -54.127382287
   42.510714987  -54.088314415
   42.614432260  -54.064768663
   42.718149533  -54.042928690
   42.821866806  -54.025993523
   43.618534296  -54.016150963
   43.722251569  -54.015531470
   43.825968842  -54.024699001
   43.929686115  -54.042500877
   44.033403388  -54.065956663
   44.137120661  -54.090816042
   44.240837934  -54.112987005
   44.344555207  -54.129262547
   45.447084941  -54.147450739
   45.654519487  -54.116236280
   45.758236760  -54.093581037
   45.861954033  -54.070194748
   45.965671306  -54.049766326
   46.069388579  -54.034857801
   46.173105852  -54.028084322
   46.276823125  -54.030899701
   46.380540398  -54.043513916
   46.484257671  -54.063869175
   46.858215617  -54.088499554
   46.961932889  -54.112987005
   47.065650162  -54.133331764
   47.169367435  -54.146685598
   47.273084708  -54.156796103
   48.478170521  -54.131595355
   48.657814107  -54.101940677
   48.761531380  -54.110445298
   49.035941491  -54.075167873
   49.139658764  -54.081133073
   49.243376037  -54.086254797
   49.554527856  -54.094588591
   50.132001192  -54.060767709
   50.235718465  -54.061621087
   50.339435738  -54.062345977
   50.650587557  -54.066730089
   50.754304830  -54.068680537
   51.350115202  -54.050496982
   51.453832475  -54.046021625
   51.557549748  -54.041751195
   51.868701566  -54.037211382
   51.972418839  -54.040074846
   52.076136112  -54.044403175
   52.707023654  -54.046756164
   52.810740927  -54.037271108
   52.914458200  -54.027690634
   53.225610019  -54.010690808
   53.329327292  -54.012046075
   53.433044565  -54.017295847
   53.536761838  -54.025449961
   54.132572210  -54.037271108
   54.236289483  -54.022673825
   54.547441301  -53.990452227
   54.651158574  -53.988696612
   54.754875847  -53.992662753
   54.858593120  -54.001808584
   54.962310393  -54.014239051
   55.626424977  -54.046021625
   55.730142250  -54.027690634
   56.041294069  -53.979516916
   56.145011342  -53.973136949
   56.248728615  -53.973967210
   56.352445888  -53.982073739
   56.456163161  -53.995918004
   56.559880434  -54.012967545
   57.300569916  -54.061621087
   57.404287188  -54.041751195
   57.715439007  -53.979516916
   57.819156280  -53.967745176
   57.922873553  -53.963855401
   58.026590826  -53.968906106
   58.130308099  -53.982113561
   58.234025372  -54.001037772
   58.337742645  -54.022405139
   59.160972978  -54.081133073
   59.264690251  -54.062345977
   59.575842070  -53.990452227
   59.679559342  -53.973136949
   59.783276615  -53.963855401
   59.886993888  -53.964286199
   59.990711161  -53.974626862
   60.094428434  -53.993222021
   60.198145707  -54.016692840
   60.301862980  -54.041351397
   60.965977564  -54.101940677
   61.069694837  -54.086254797
   62.091191510  -54.010690808
   62.194908783  -53.988696612
   62.298626056  -53.973967210
   62.402343329  -53.968906106
   62.506060602  -53.974626862
   62.609777875  -53.990550607
   62.713495148  -54.013895251
   62.817212421  -54.040728568
   62.920929694  -54.066827884
   63.690117577  -54.110445298
   64.001269395  -54.037211382
   64.104986668  -54.012046075
   64.901654158  -53.992662753
   65.005371431  -53.982073739
   65.109088704  -53.982113561
   65.212805977  -53.993222021
   65.316523250  -54.013895251
   65.420240523  -54.040710189
   65.523957796  -54.069063558
   65.627675069  -54.094352591
   66.549534356  -54.131595355
   66.860686174  -54.066730089
   66.964403447  -54.040074846
   67.068120720  -54.017295847
   67.171837993  -54.001808584
   67.275555266  -53.995918004
   67.379272539  -54.001037772
   67.482989812  -54.016692840
   67.856947758  -54.040728568
   67.960665031  -54.069063558
   68.064382304  -54.096704073
   68.168099577  -54.119154978
   68.271816850  -54.137347591
   69.293313523  -54.112240342
   69.472957109  -54.087099923
   69.576674382  -54.092438723
   69.851084493  -54.068834604
   69.954801766  -54.070987000
   70.058519039  -54.071681083
   70.432476984  -54.061702090
   70.536194257  -54.059962562
   70.639911530  -54.056791099
   70.743628803  -54.052364384
   71.158497895  -54.039129871
   71.941546134  -54.060342754
   72.045263407  -54.054877126
   72.148980680  -54.046793623
   72.252697953  -54.037057529
   72.667567045  -54.009717650
   72.771284318  -54.011616949
   73.467040936  -54.054877126
   73.570758209  -54.043087075
   73.674475482  -54.028491924
   74.089344573  -53.983138636
   74.193061846  -53.983584907
   74.296779119  -53.990351276
   75.022800030  -54.059962562
   75.126517303  -54.046793623
   75.230234576  -54.028491924
   75.645103668  -53.962960627
   75.748820941  -53.960308914
   75.852538214  -53.965803606
   75.956255487  -53.978456818
   76.725443369  -54.068834604
   76.829160642  -54.056791099
   76.932877915  -54.037057529
   77.347747007  -53.952139710
   77.451464280  -53.944826927
   77.555181553  -53.947273038
   77.658898826  -53.959085717
   77.762616099  -53.978142397
   78.503305580  -54.070987000
   78.607022853  -54.052364384
   79.021891945  -53.952139710
   79.125609218  -53.939428252
   79.229326491  -53.937246120
   79.333043764  -53.946193521
   79.436761037  -53.964774337
   79.540478310  -53.989626226
   80.099012918  -54.087099923
   81.220886755  -54.071681083
   81.635755847  -53.962960627
   81.739473120  -53.944826927
   81.843190393  -53.937246120
   81.946907666  -53.941676328
   82.050624939  -53.957596751
   82.154342212  -53.982259836
   82.258059485  -54.011458996
   82.880363123  -54.092438723
   83.858829919  -53.983138636
   83.962547192  -53.960308914
   84.066264465  -53.947273038
   84.169981738  -53.946193521
   84.273699010  -53.957596751
   84.377416283  -53.979800315
   84.481133556  -54.008994884
   84.584850829  -54.040425339
   85.354038712  -54.112240342
   85.768907804  -54.009717650
   85.872625077  -53.983584907
   85.976342350  -53.965803606
   86.080059623  -53.959085717
   86.183776896  -53.964774337
   86.557734841  -53.982259836
   86.661452114  -54.008994884
   86.765169387  -54.040521824
   86.868886660  -54.071438237
   86.972603933  -54.099101529
   87.331891106  -54.136943905
   88.218051875  -54.092074550
   88.397695461  -54.073305868
   88.501412734  -54.075641178
   88.775822845  -54.063713882
   88.879540118  -54.062879511
   88.983257391  -54.059785495
   89.357215336  -54.062257602
   89.460932609  -54.060217921
   89.564649882  -54.054583846
   89.668367155  -54.046088651
   89.942777266  -54.059018528
   90.046494539  -54.049871747
   90.150211812  -54.036563707
   90.668798177  -53.980462342
   91.451846416  -54.060217921
   91.555563689  -54.049871747
   91.659280962  -54.033046032
   92.177867326  -53.953778904
   92.281584599  -53.955830582
   93.078252089  -54.063713882
   93.181969362  -54.054583846
   93.285686635  -54.036563707
   93.804273000  -53.933655051
   93.907990273  -53.932480968
   94.011707546  -53.941515992
   94.737728457  -54.062879511
   94.841445729  -54.046088651
   95.360032094  -53.922856440
   95.463749367  -53.917021506
   95.567466640  -53.923118705
   95.671183913  -53.940088052
   96.440371796  -54.073305868
   96.544089069  -54.059785495
   97.062675434  -53.922856440
   97.166392706  -53.911601781
   97.270109979  -53.913181752
   97.373827252  -53.927454308
   97.477544525  -53.951908637
   98.016475284  -54.075641178
   98.878015659  -53.933655051
   98.981732932  -53.917021506
   99.085450205  -53.913181752
   99.189167478  -53.923019757
   99.292884751  -53.945015482
   99.396602024  -53.975359937
  100.060716608  -54.092074550
  100.579302973  -53.953778904
  100.683020246  -53.932480968
  100.786737519  -53.923118705
  101.160695464  -53.927454308
  101.264412737  -53.945015482
  101.368130010  -53.973068889
  101.471847283  -54.006852326
  101.575564556  -54.040749898
  102.027657668  -54.121650796
  102.131374941  -54.121650796
  102.811494582  -54.074203030
  102.991138168  -54.063303891
  103.094855441  -54.062833557
  103.369265552  -54.061723232
  103.472982825  -54.059133972
  103.576700098  -54.052943679
  103.851110209  -54.062204176
  103.954827482  -54.056317759
  104.058544755  -54.045360170
  104.332954866  -54.062204176
  104.436672139  -54.055427022
  104.540389412  -54.041135818
  104.720032998  -54.056317759
  104.823750271  -54.041135818
  105.446053909  -53.927201777
  106.229102147  -54.059133972
  106.332819420  -54.045360170
  106.955123058  -53.907054241
  107.058840331  -53.909218477
  107.855507821  -54.063303891
  107.959225094  -54.052943679
  108.581528732  -53.896222247
  108.685246005  -53.893791373
  108.788963278  -53.904870543
  109.337783499  -54.062833557
  110.106971382  -53.896222247
  110.210688655  -53.888403335
  110.314405928  -53.895049628
  110.418123201  -53.915078449
  111.049010743  -54.074203030
  111.671314380  -53.907054241
  112.045272326  -53.893791373
  112.148989599  -53.895049628
  112.252706872  -53.910757425
  112.356424145  -53.938354220
  112.460141418  -53.970828137
  113.008961640  -54.103470419
  113.112678913  -54.107680246
  113.216396186  -54.103470419
  113.691688440  -54.061802416
  113.871332026  -54.059655800
  113.975049299  -54.056672204
  114.154692885  -54.061193557
  114.258410158  -54.053194988
  114.532820269  -54.065475956
  114.636537542  -54.062247218
  114.740254815  -54.051162419
  114.919898402  -54.062247218
  115.023615675  -54.050509290
  115.203259261  -54.061193557
  115.306976534  -54.051162419
  115.410693807  -54.053194988
  116.136714717  -53.886912859
  116.784428879  -54.056672204
  117.495478679  -53.876095309
  117.599195952  -53.878438825
  118.279315593  -54.061802416
  119.089373391  -53.876095309
  119.193090663  -53.873077721
  119.296807936  -53.885318437
  119.400525209  -53.906482953
  120.048239371  -54.084819119
  120.151956644  -54.091264179
  120.255673917  -54.091264179
  120.359391190  -54.091346852
  120.539034777  -54.084819119
  120.813444887  -54.057359736
  120.917162160  -54.058767166
  121.096805747  -54.068668782
  121.200523020  -54.060921916
  121.380166606  -54.070737989
  121.483883879  -54.062484586
  121.663527465  -54.068668782
  121.767244738  -54.062484586
  121.870962011  -54.060921916
  121.974679284  -54.058767166
  122.757727523  -53.865311823
  122.861444796  -53.867731267
  123.609360688  -54.068891520
  123.713077961  -54.074613090
  123.816795234  -54.076856792
  123.920512506  -54.079624263
  124.100156093  -54.074613090
  124.203873366  -54.079624263
  124.383516952  -54.068891520
    0.000000000  -53.404351782
    0.103717273  -53.409563034
    0.283360859  -53.393246378
    0.387078132  -53.401921607
    0.490795405  -53.400497677
    0.722714278  -53.375346450
    0.826431551  -53.386930722
    0.930148824  -53.389162672
    1.033866097  -53.381754658
    1.345017916  -53.352224071
    1.448735189  -53.365480508
    1.552452462  -53.370913824
    1.656169735  -53.367303070
    1.759887007  -53.355247878
    2.161582278  -53.327077613
    2.265299551  -53.339911539
    2.369016824  -53.347415452
    2.472734097  -53.347176152
    2.576451370  -53.339007541
    2.680168643  -53.324524318
    3.177579210  -53.304246174
    3.281296483  -53.314328698
    3.385013756  -53.321853369
    3.488731029  -53.323987829
    3.592448302  -53.319228943
    3.696165575  -53.308439574
    3.799882848  -53.294476377
    4.395693220  -53.288208390
    4.499410493  -53.293419745
    4.603127766  -53.298685017
    4.706845039  -53.301283923
    4.810562312  -53.298973768
    4.914279585  -53.291434007
    5.017996858  -53.280677169
    5.121714131  -53.270228987
    5.817470749  -53.282446390
    5.921188022  -53.281633142
    6.024905295  -53.282440845
    6.128622568  -53.283138883
    6.232339841  -53.281449558
    6.336057114  -53.276181413
    6.439774387  -53.268302430
    6.543491659  -53.260558255
    6.647208932  -53.256125158
    7.430257171  -53.281633142
    7.533974444  -53.276547042
    7.637691717  -53.273040914
    7.741408990  -53.269609953
    7.845126263  -53.264948101
    7.948843536  -53.258998091
    8.052560809  -53.253679277
    8.156278082  -53.251585241
    8.259995355  -53.254747310
    9.146156123  -53.293419745
    9.249873396  -53.282440845
    9.353590669  -53.273040914
    9.457307942  -53.265401216
    9.561025215  -53.259000595
    9.664742488  -53.253488566
    9.768459761  -53.249831992
    9.872177034  -53.249898260
    9.975894307  -53.255328801
   10.079611580  -53.266284681
   11.069011305  -53.314328698
   11.172728578  -53.298685017
   11.276445851  -53.283138883
   11.380163124  -53.269609953
   11.483880397  -53.259000595
   11.587597670  -53.251648410
   11.691314943  -53.248301850
   11.795032216  -53.249887578
   11.898749489  -53.257465699
   12.002466762  -53.270904034
   12.106184035  -53.288526121
   13.198913311  -53.339911539
   13.302630584  -53.321853369
   13.406347857  -53.301283923
   13.510065130  -53.281449558
   13.613782403  -53.264948101
   13.717499675  -53.253488566
   13.821216948  -53.248301850
   13.924934221  -53.250147068
   14.028651494  -53.259259437
   14.132368767  -53.275047608
   14.236086040  -53.295477893
   14.339803313  -53.317424907
   15.361299986  -53.365480508
   15.465017259  -53.347415452
   16.586891096  -53.323987829
   16.690608369  -53.298973768
   16.794325642  -53.276181413
   16.898042915  -53.258998091
   17.001760188  -53.249831992
   17.105477461  -53.249887578
   17.209194734  -53.259259437
   17.312912007  -53.276701027
   17.416629280  -53.299692001
   17.520346553  -53.324779149
   17.624063826  -53.348055047
   18.779010498  -53.386930722
   18.882727771  -53.370913824
   18.986445044  -53.347176152
   19.090162317  -53.319228943
   19.193879590  -53.291434007
   19.297596863  -53.268302430
   20.094264353  -53.253679277
   20.197981626  -53.249898260
   20.301698899  -53.257465699
   20.405416172  -53.275047608
   20.509133445  -53.299692001
   20.612850718  -53.327439206
   20.716567991  -53.354022837
   20.820285264  -53.375580870
   22.119858969  -53.401921607
   22.223576242  -53.389162672
   22.327293515  -53.367303070
   22.431010788  -53.339007541
   22.534728061  -53.308439574
   22.638445334  -53.280677169
   22.742162606  -53.260558255
   22.845879879  -53.251585241
   22.949597152  -53.255328801
   23.053314425  -53.270904034
   23.157031698  -53.295477893
   23.530989644  -53.324779149
   23.634706917  -53.354022837
   23.738424190  -53.378926096
   23.842141463  -53.396350752
   23.945858736  -53.408105629
   25.348919998  -53.389241145
   25.528563584  -53.354964867
   25.632280857  -53.375457073
   25.839715403  -53.394034924
   26.213673349  -53.337240529
   26.317390622  -53.356197825
   26.524825168  -53.378446959
   26.628542441  -53.377171502
   27.030237712  -53.319012472
   27.133954985  -53.333892089
   27.341389531  -53.356224155
   27.445106804  -53.357865539
   27.548824076  -53.351620094
   28.000917188  -53.303175642
   28.104634461  -53.312010361
   28.312069007  -53.329860017
   28.415786280  -53.333122232
   28.519503553  -53.329903657
   28.623220826  -53.320761416
   29.141807190  -53.292439733
   29.245524463  -53.294489898
   29.452959009  -53.303534894
   29.556676282  -53.306482414
   29.660393555  -53.304970497
   29.764110828  -53.298793153
   29.867828101  -53.289527127
   30.463638473  -53.288652882
   30.567355746  -53.284709570
   30.774790292  -53.282129947
   30.878507565  -53.282330013
   30.982224838  -53.280780232
   31.085942111  -53.276248324
   31.189659384  -53.269545447
   31.293376657  -53.263331285
   31.924264198  -53.284709570
   32.131698744  -53.270022469
   32.235416017  -53.265448459
   32.339133290  -53.261449023
   32.442850563  -53.256786979
   32.546567836  -53.251496570
   32.650285109  -53.247337814
   32.754002382  -53.246754169
   33.480023293  -53.294489898
   33.687457838  -53.270022469
   33.791175111  -53.259316603
   33.894892384  -53.250735632
   33.998609657  -53.243665072
   34.102326930  -53.238057009
   34.206044203  -53.234930353
   34.309761476  -53.236033286
   34.413478749  -53.242830948
   35.236709082  -53.312010361
   35.444143628  -53.282129947
   35.547860901  -53.265448459
   35.651578174  -53.250735632
   35.755295447  -53.239021791
   35.859012719  -53.230916080
   35.962729992  -53.227262273
   36.066447265  -53.229162413
   36.170164538  -53.237509668
   36.273881811  -53.252052280
   37.195741098  -53.333892089
   37.403175644  -53.303534894
   37.506892917  -53.282330013
   37.610610189  -53.261449023
   37.714327462  -53.243665072
   37.818044735  -53.230916080
   37.921762008  -53.224691901
   38.025479281  -53.225952364
   38.129196554  -53.235031227
   38.232913827  -53.251255008
   38.336631100  -53.272497033
   39.146688898  -53.356197825
   40.315523203  -53.329860017
   40.419240476  -53.306482414
   40.522957749  -53.280780232
   40.626675022  -53.256786979
   40.730392295  -53.238057009
   40.834109568  -53.227262273
   40.937826841  -53.225952364
   41.041544114  -53.234398094
   41.145261387  -53.251446380
   41.248978660  -53.274641658
   41.352695933  -53.300407012
   42.303280441  -53.375457073
   42.510714987  -53.356224155
   42.614432260  -53.333122232
   42.718149533  -53.304970497
   42.821866806  -53.276248324
   43.618534296  -53.251496570
   43.722251569  -53.234930353
   43.825968842  -53.229162413
   43.929686115  -53.235031227
   44.033403388  -53.251446380
   44.137120661  -53.275580807
   44.240837934  -53.303523531
   44.344555207  -53.331021833
   45.447084941  -53.389241145
   45.654519487  -53.378446959
   45.758236760  -53.357865539
   45.861954033  -53.329903657
   45.965671306  -53.298793153
   46.069388579  -53.269545447
   46.173105852  -53.247337814
   46.276823125  -53.236033286
   46.380540398  -53.237509668
   46.484257671  -53.251255008
   46.858215617  -53.274641658
   46.961932889  -53.303523531
   47.065650162  -53.333261365
   47.169367435  -53.359521782
   47.273084708  -53.382184002
   48.478170521  -53.365865367
   48.657814107  -53.331029079
   48.761531380  -53.350864779
   49.035941491  -53.304736831
   49.139658764  -53.317500353
   49.243376037  -53.332591126
   49.554527856  -53.361722230
   50.132001192  -53.300394918
   50.235718465  -53.305520292
   50.339435738  -53.313857844
   50.650587557  -53.338110612
   50.754304830  -53.336967818
   51.350115202  -53.298230178
   51.453832475  -53.296763736
   51.557549748  -53.297601142
   51.868701566  -53.310349151
   51.972418839  -53.310543313
   52.076136112  -53.306139059
   52.707023654  -53.297559609
   52.810740927  -53.292174042
   52.914458200  -53.286585187
   53.225610019  -53.282787653
   53.329327292  -53.282138098
   53.433044565  -53.279042922
   53.536761838  -53.274080351
   54.132572210  -53.292174042
   54.236289483  -53.282670039
   54.547441301  -53.260336895
   54.651158574  -53.256549961
   54.754875847  -53.252731687
   54.858593120  -53.248773279
   54.962310393  -53.246211670
   55.626424977  -53.296763736
   55.730142250  -53.286585187
   56.041294069  -53.247696796
   56.145011342  -53.238698635
   56.248728615  -53.231836874
   56.352445888  -53.226964967
   56.456163161  -53.225051154
   56.559880434  -53.227648263
   57.300569916  -53.305520292
   57.404287188  -53.297601142
   57.715439007  -53.247696796
   57.819156280  -53.232287556
   57.922873553  -53.220247926
   58.026590826  -53.212241833
   58.130308099  -53.209157157
   58.234025372  -53.212083869
   58.337742645  -53.221665461
   59.160972978  -53.317500353
   59.264690251  -53.313857844
   59.575842070  -53.260336895
   59.679559342  -53.238698635
   59.783276615  -53.220247926
   59.886993888  -53.207045293
   59.990711161  -53.200678031
   60.094428434  -53.202219588
   60.198145707  -53.211965445
   60.301862980  -53.229063838
   60.965977564  -53.331029079
   61.069694837  -53.332591126
   62.091191510  -53.282787653
   62.194908783  -53.256549961
   62.298626056  -53.231836874
   62.402343329  -53.212241833
   62.506060602  -53.200678031
   62.609777875  -53.198884621
   62.713495148  -53.207190394
   62.817212421  -53.224481833
   62.920929694  -53.248195037
   63.690117577  -53.350864779
   64.001269395  -53.310349151
   64.104986668  -53.282138098
   64.901654158  -53.252731687
   65.005371431  -53.226964967
   65.109088704  -53.209157156
   65.212805977  -53.202219588
   65.316523250  -53.207190394
   65.420240523  -53.223110904
   65.523957796  -53.247166064
   65.627675069  -53.275428371
   66.549534356  -53.365865367
   66.860686174  -53.338110612
   66.964403447  -53.310543313
   67.068120720  -53.279042922
   67.171837993  -53.248773279
   67.275555266  -53.225051154
   67.379272539  -53.212083869
   67.482989812  -53.211965445
   67.856947758  -53.224481833
   67.960665031  -53.247166064
   68.064382304  -53.275910028
   68.168099577  -53.306052470
   68.271816850  -53.335400292
   69.293313523  -53.337091747
   69.472957109  -53.307429935
   69.576674382  -53.323063703
   69.851084493  -53.295782228
   69.954801766  -53.300059418
   70.058519039  -53.308345140
   70.432476984  -53.301511599
   70.536194257  -53.297992282
   70.639911530  -53.295119277
   70.743628803  -53.295218880
   71.158497895  -53.312796321
   71.941546134  -53.304140447
   72.045263407  -53.299823952
   72.148980680  -53.292588637
   72.252697953  -53.285588624
   72.667567045  -53.283163342
   72.771284318  -53.282068457
   73.467040936  -53.299823952
   73.570758209  -53.291768814
   73.674475482  -53.280519909
   74.089344573  -53.253790571
   74.193061846  -53.251528462
   74.296779119  -53.249479854
   75.022800030  -53.297992282
   75.126517303  -53.292588637
   75.230234576  -53.280519909
   75.645103668  -53.229992317
   75.748820941  -53.224145021
   75.852538214  -53.220826985
   75.956255487  -53.220703660
   76.725443369  -53.295782228
   76.829160642  -53.295119277
   76.932877915  -53.285588624
   77.347747007  -53.216632635
   77.451464280  -53.205040246
   77.555181553  -53.198065855
   77.658898826  -53.196402260
   77.762616099  -53.200952632
   78.503305580  -53.300059418
   78.607022853  -53.295218880
   79.021891945  -53.216632635
   79.125609218  -53.198179261
   79.229326491  -53.185430758
   79.333043764  -53.179940709
   79.436761037  -53.182675939
   79.540478310  -53.193733041
   80.099012918  -53.307429935
   81.220886755  -53.308345140
   81.635755847  -53.229992317
   81.739473120  -53.205040246
   81.843190393  -53.185430758
   81.946907666  -53.174130598
   82.050624939  -53.172861018
   82.154342212  -53.181947091
   82.258059485  -53.200072982
   82.880363123  -53.323063703
   83.858829919  -53.253790571
   83.962547192  -53.224145021
   84.066264465  -53.198065855
   84.169981738  -53.179940709
   84.273699010  -53.172861018
   84.377416283  -53.177925563
   84.481133556  -53.194078154
   84.584850829  -53.218492419
   85.354038712  -53.337091747
   85.768907804  -53.283163342
   85.872625077  -53.251528462
   85.976342350  -53.220826985
   86.080059623  -53.196402260
   86.183776896  -53.182675939
   86.557734841  -53.181947091
   86.661452114  -53.194078154
   86.765169387  -53.216605513
   86.868886660  -53.245477572
   86.972603933  -53.276205018
   87.331891106  -53.369525263
   88.218051875  -53.307204385
   88.397695461  -53.287704363
   88.501412734  -53.296403902
   88.775822845  -53.290809521
   88.879540118  -53.287082463
   88.983257391  -53.287070006
   89.357215336  -53.303097853
   89.460932609  -53.296877894
   89.564649882  -53.288195895
   89.668367155  -53.280384750
   89.942777266  -53.299342035
   90.046494539  -53.289379282
   90.150211812  -53.276659579
   90.668798177  -53.251467079
   91.451846416  -53.296877894
   91.555563689  -53.289379282
   91.659280962  -53.275434444
   92.177867326  -53.220047070
   92.281584599  -53.218865160
   93.078252089  -53.290809521
   93.181969362  -53.288195895
   93.285686635  -53.276659579
   93.804273000  -53.194644213
   93.907990273  -53.189498983
   94.011707546  -53.189895390
   94.737728457  -53.287082463
   94.841445729  -53.280384750
   95.360032094  -53.180416725
   95.463749367  -53.168998475
   95.567466640  -53.165275122
   95.671183913  -53.169902701
   96.440371796  -53.287704363
   96.544089069  -53.287070006
   97.062675434  -53.180416725
   97.166392706  -53.161654113
   97.270109979  -53.151607166
   97.373827252  -53.151881498
   97.477544525  -53.162534669
   98.016475284  -53.296403902
   98.878015659  -53.194644213
   98.981732932  -53.168998475
   99.085450205  -53.151607166
   99.189167478  -53.145501024
   99.292884751  -53.151680128
   99.396602024  -53.168893095
  100.060716608  -53.307204385
  100.579302973  -53.220047070
  100.683020246  -53.189498983
  100.786737519  -53.165275122
  101.160695464  -53.151881498
  101.264412737  -53.151680128
  101.368130010  -53.164424154
  101.471847283  -53.187455565
  101.575564556  -53.214610652
  102.027657668  -53.343940569
  102.131374941  -53.343940569
  102.811494582  -53.281094887
  102.991138168  -53.274692555
  103.094855441  -53.275217438
  103.369265552  -53.289232482
  103.472982825  -53.279753478
  103.576700098  -53.271889476
  103.851110209  -53.295792679
  103.954827482  -53.284359724
  104.058544755  -53.270818590
  104.332954866  -53.295792679
  104.436672139  -53.286300834
  104.540389412  -53.270822553
  104.720032998  -53.284359724
  104.823750271  -53.270822553
  105.446053909  -53.186648052
  106.229102147  -53.279753478
  106.332819420  -53.270818590
  106.955123058  -53.159654366
  107.058840331  -53.158328120
  107.855507821  -53.274692555
  107.959225094  -53.271889476
  108.581528732  -53.144503363
  108.685246005  -53.136595227
  108.788963278  -53.139174806
  109.337783499  -53.275217438
  110.106971382  -53.144503363
  110.210688655  -53.128793536
  110.314405928  -53.124660121
  110.418123201  -53.132817926
  111.049010743  -53.281094887
  111.671314380  -53.159654366
  112.045272326  -53.136595227
  112.148989599  -53.124660121
  112.252706872  -53.126036703
  112.356424145  -53.140267855
  112.460141418  -53.159769178
  113.008961640  -53.316232854
  113.112678913  -53.319485425
  113.216396186  -53.316232854
  113.691688440  -53.263294257
  113.871332026  -53.270185473
  113.975049299  -53.262968106
  114.154692885  -53.278572166
  114.258410158  -53.264911194
  114.532820269  -53.294897148
  114.636537542  -53.283808161
  114.740254815  -53.267396155
  114.919898402  -53.283808161
  115.023615675  -53.268542448
  115.203259261  -53.278572166
  115.306976534  -53.267396155
  115.410693807  -53.264911194
  116.136714717  -53.131340493
  116.784428879  -53.262968106
  117.495478679  -53.115438393
  117.599195952  -53.113977771
  118.279315593  -53.263294257
  119.089373391  -53.115438393
  119.193090663  -53.105846947
  119.296807936  -53.109675539
  119.400525209  -53.119142003
  120.048239371  -53.290706865
  120.151956644  -53.296346961
  120.255673917  -53.296346961
  120.359391190  -53.311350401
  120.539034777  -53.290706865
  120.813444887  -53.256979210
  120.917162160  -53.261652077
  121.096805747  -53.283658930
  121.200523020  -53.267011113
  121.380166606  -53.287004844
  121.483883879  -53.270584050
  121.663527465  -53.283658930
  121.767244738  -53.270584050
  121.870962011  -53.267011113
  121.974679284  -53.261652077
  122.757727523  -53.099117225
  122.861444796  -53.097594932
  123.609360688  -53.271449922
  123.713077961  -53.277985561
  123.816795234  -53.280474402
  123.920512506  -53.294892528
  124.100156093  -53.277985561
  124.203873366  -53.294892528
  124.383516952  -53.271449922
    0.000000000  -51.901598934
    0.103717273  -51.906437278
    0.283360859  -51.891627609
    0.387078132  -51.898589363
    0.490795405  -51.897482344
    0.722714278  -51.879285583
    0.826431551  -51.886090180
    0.930148824  -51.886710494
    1.033866097  -51.881401742
    1.345017916  -51.868603293
    1.448735189  -51.873426993
    1.552452462  -51.873102877
    1.656169735  -51.869306688
    1.759887007  -51.862678120
    2.161582278  -51.862026961
    2.265299551  -51.864205696
    2.369016824  -51.860884776
    2.472734097  -51.855511783
    2.576451370  -51.850745460
    2.680168643  -51.845808209
    3.177579210  -51.859421813
    3.281296483  -51.859540598
    3.385013756  -51.852678456
    3.488731029  -51.843550053
    3.592448302  -51.837113213
    3.696165575  -51.834780661
    3.799882848  -51.833535117
    4.395693220  -51.859102364
    4.499410493  -51.858208808
    4.603127766  -51.848680269
    4.706845039  -51.835403670
    4.810562312  -51.824804599
    4.914279585  -51.821139494
    5.017996858  -51.823322163
    5.121714131  -51.826090061
    5.817470749  -51.859239367
    5.921188022  -51.858222909
    6.024905295  -51.847414415
    6.128622568  -51.831050792
    6.232339841  -51.815864425
    6.336057114  -51.807986914
    6.439774387  -51.809309366
    6.543491659  -51.816273709
    6.647208932  -51.822415739
    7.430257171  -51.858222909
    7.533974444  -51.847213616
    7.637691717  -51.829374843
    7.741408990  -51.810821728
    7.845126263  -51.798155248
    7.948843536  -51.795379673
    8.052560809  -51.801956609
    8.156278082  -51.812726283
    8.259995355  -51.821525956
    9.146156123  -51.858208808
    9.249873396  -51.847414415
    9.353590669  -51.829374843
    9.457307942  -51.809326176
    9.561025215  -51.793041217
    9.664742488  -51.785413012
    9.768459761  -51.788082941
    9.872177034  -51.798895471
    9.975894307  -51.812490287
   10.079611580  -51.823444162
   11.069011305  -51.859540598
   11.172728578  -51.848680269
   11.276445851  -51.831050792
   11.380163124  -51.810821728
   11.483880397  -51.793041217
   11.587597670  -51.781775982
   11.691314943  -51.779637707
   11.795032216  -51.786735382
   11.898749489  -51.800478763
   12.002466762  -51.816150865
   12.106184035  -51.829330668
   13.198913311  -51.864205696
   13.302630584  -51.852678456
   13.406347857  -51.835403670
   13.510065130  -51.815864425
   13.613782403  -51.798155248
   13.717499675  -51.785413012
   13.821216948  -51.779637707
   13.924934221  -51.781910642
   14.028651494  -51.791941802
   14.132368767  -51.807616522
   14.236086040  -51.825078398
   14.339803313  -51.840650622
   15.361299986  -51.873426993
   15.465017259  -51.860884776
   16.586891096  -51.843550053
   16.690608369  -51.824804599
   16.794325642  -51.807986914
   16.898042915  -51.795379673
   17.001760188  -51.788082941
   17.105477461  -51.786735382
   17.209194734  -51.791941802
   17.312912007  -51.803798829
   17.416629280  -51.820835080
   17.520346553  -51.840014633
   17.624063826  -51.857438589
   18.779010498  -51.886090180
   18.882727771  -51.873102877
   18.986445044  -51.855511783
   19.090162317  -51.837113213
   19.193879590  -51.821139494
   19.297596863  -51.809309366
   20.094264353  -51.801956609
   20.197981626  -51.798895471
   20.301698899  -51.800478763
   20.405416172  -51.807616522
   20.509133445  -51.820835080
   20.612850718  -51.839096032
   20.716567991  -51.859390126
   20.820285264  -51.877001979
   22.119858969  -51.898589363
   22.223576242  -51.886710494
   22.327293515  -51.869306688
   22.431010788  -51.850745460
   22.534728061  -51.834780661
   22.638445334  -51.823322163
   22.742162606  -51.816273709
   22.845879879  -51.812726283
   22.949597152  -51.812490287
   23.053314425  -51.816150865
   23.157031698  -51.825078398
   23.530989644  -51.840014633
   23.634706917  -51.859390126
   23.738424190  -51.879218256
   23.842141463  -51.894587931
   23.945858736  -51.905435705
   25.348919998  -51.888453779
   25.528563584  -51.864756883
   25.632280857  -51.878143337
   25.839715403  -51.889655390
   26.213673349  -51.855906329
   26.317390622  -51.866885871
   26.524825168  -51.874958013
   26.628542441  -51.873603534
   27.030237712  -51.849061503
   27.133954985  -51.857913454
   27.341389531  -51.859343633
   27.445106804  -51.856287214
   27.548824076  -51.853744104
   28.000917188  -51.845186171
   28.104634461  -51.852691050
   28.312069007  -51.846795724
   28.415786280  -51.839498629
   28.519503553  -51.835118075
   28.623220826  -51.834546430
   29.141807190  -51.843710053
   29.245524463  -51.850666041
   29.452959009  -51.839044883
   29.556676282  -51.826636593
   29.660393555  -51.817533802
   29.764110828  -51.815546470
   29.867828101  -51.819133685
   30.463638473  -51.843431911
   30.567355746  -51.850254668
   30.774790292  -51.835390172
   30.878507565  -51.818633847
   30.982224838  -51.803940414
   31.085942111  -51.797244504
   31.189659384  -51.800002963
   31.293376657  -51.808455973
   31.924264198  -51.850254668
   32.131698744  -51.834158612
   32.235416017  -51.814693682
   32.339133290  -51.795322790
   32.442850563  -51.782828656
   32.546567836  -51.781108126
   32.650285109  -51.789314236
   32.754002382  -51.802000196
   33.480023293  -51.850666041
   33.687457838  -51.834158612
   33.791175111  -51.813641770
   33.894892384  -51.791345178
   33.998609657  -51.773952360
   34.102326930  -51.766451893
   34.206044203  -51.770469278
   34.309761476  -51.783329619
   34.413478749  -51.799306582
   35.236709082  -51.852691050
   35.444143628  -51.835390172
   35.547860901  -51.814693682
   35.651578174  -51.791345178
   35.755295447  -51.770993589
   35.859012719  -51.758546813
   35.962729992  -51.756853396
   36.066447265  -51.765824192
   36.170164538  -51.782201787
   36.273881811  -51.800634282
   37.195741098  -51.857913454
   37.403175644  -51.839044883
   37.506892917  -51.818633847
   37.610610189  -51.795322790
   37.714327462  -51.773952360
   37.818044735  -51.758546813
   37.921762008  -51.751881871
   38.025479281  -51.755161541
   38.129196554  -51.767668514
   38.232913827  -51.786462395
   38.336631100  -51.806828000
   39.146688898  -51.866885871
   40.315523203  -51.846795724
   40.419240476  -51.826636593
   40.522957749  -51.803940414
   40.626675022  -51.782828656
   40.730392295  -51.766451893
   40.834109568  -51.756853396
   40.937826841  -51.755161541
   41.041544114  -51.761942801
   41.145261387  -51.776752594
   41.248978660  -51.797280696
   41.352695933  -51.819497769
   42.303280441  -51.878143337
   42.510714987  -51.859343633
   42.614432260  -51.839498629
   42.718149533  -51.817533802
   42.821866806  -51.797244504
   43.618534296  -51.781108126
   43.722251569  -51.770469278
   43.825968842  -51.765824192
   43.929686115  -51.767668514
   44.033403388  -51.776752594
   44.137120661  -51.792818471
   44.240837934  -51.814820134
   44.344555207  -51.838555995
   45.447084941  -51.888453779
   45.654519487  -51.874958013
   45.758236760  -51.856287214
   45.861954033  -51.835118075
   45.965671306  -51.815546470
   46.069388579  -51.800002963
   46.173105852  -51.789314236
   46.276823125  -51.783329619
   46.380540398  -51.782201787
   46.484257671  -51.786462395
   46.858215617  -51.797280696
   46.961932889  -51.814820134
   47.065650162  -51.837686926
   47.169367435  -51.860905935
   47.273084708  -51.881301332
   48.478170521  -51.870611787
   48.657814107  -51.849134181
   48.761531380  -51.861194911
   49.035941491  -51.829492730
   49.139658764  -51.841863934
   49.243376037  -51.851086738
   49.554527856  -51.856063047
   50.132001192  -51.824373431
   50.235718465  -51.835793343
   50.339435738  -51.842848916
   50.650587557  -51.834813230
   50.754304830  -51.833222124
   51.350115202  -51.821126300
   51.453832475  -51.832045226
   51.557549748  -51.837654586
   51.868701566  -51.816090864
   51.972418839  -51.809482652
   52.076136112  -51.809889387
   52.707023654  -51.820085990
   52.810740927  -51.830554484
   52.914458200  -51.835214186
   53.225610019  -51.802556727
   53.329327292  -51.789464481
   53.433044565  -51.784880516
   53.536761838  -51.789760770
   54.132572210  -51.830554484
   54.236289483  -51.834639740
   54.547441301  -51.794483743
   54.651158574  -51.775379778
   54.754875847  -51.764112412
   54.858593120  -51.764287950
   54.962310393  -51.774558082
   55.626424977  -51.832045226
   55.730142250  -51.835214186
   56.041294069  -51.790942631
   56.145011342  -51.767416663
   56.248728615  -51.749912921
   56.352445888  -51.743505827
   56.456163161  -51.749481305
   56.559880434  -51.764814027
   57.300569916  -51.835793343
   57.404287188  -51.837654586
   57.715439007  -51.790942631
   57.819156280  -51.764916071
   57.922873553  -51.742855777
   58.026590826  -51.730233890
   58.130308099  -51.729790577
   58.234025372  -51.741194928
   58.337742645  -51.760574366
   59.160972978  -51.841863934
   59.264690251  -51.842848916
   59.575842070  -51.794483743
   59.679559342  -51.767416663
   59.783276615  -51.742855777
   59.886993888  -51.725649493
   59.990711161  -51.719067255
   60.094428434  -51.724168253
   60.198145707  -51.739805002
   60.301862980  -51.762328470
   60.965977564  -51.849134181
   61.069694837  -51.851086738
   62.091191510  -51.802556727
   62.194908783  -51.775379778
   62.298626056  -51.749912921
   62.402343329  -51.730233890
   62.506060602  -51.719067255
   62.609777875  -51.717968095
   62.713495148  -51.727312510
   62.817212421  -51.745960288
   62.920929694  -51.770857175
   63.690117577  -51.861194911
   64.001269395  -51.816090864
   64.104986668  -51.789464481
   64.901654158  -51.764112412
   65.005371431  -51.743505827
   65.109088704  -51.729790577
   65.212805977  -51.724168253
   65.316523250  -51.727312510
   65.420240523  -51.739495627
   65.523957796  -51.760166609
   65.627675069  -51.786664268
   66.549534356  -51.870611787
   66.860686174  -51.834813230
   66.964403447  -51.809482652
   67.068120720  -51.784880516
   67.171837993  -51.764287950
   67.275555266  -51.749481305
   67.379272539  -51.741194928
   67.482989812  -51.739805002
   67.856947758  -51.745960288
   67.960665031  -51.760166609
   68.064382304  -51.782325672
   68.168099577  -51.809799674
   68.271816850  -51.836499622
   69.293313523  -51.852617871
   69.472957109  -51.834583247
   69.576674382  -51.844724321
   69.851084493  -51.817393843
   69.954801766  -51.827943526
   70.058519039  -51.835224487
   70.432476984  -51.804215782
   70.536194257  -51.812573425
   70.639911530  -51.821652263
   70.743628803  -51.826602486
   71.158497895  -51.806005947
   71.941546134  -51.802789488
   72.045263407  -51.809745307
   72.148980680  -51.817556737
   72.252697953  -51.820640102
   72.667567045  -51.778976491
   72.771284318  -51.777291949
   73.467040936  -51.809745307
   73.570758209  -51.816161153
   73.674475482  -51.817802795
   74.089344573  -51.757677830
   74.193061846  -51.748705661
   74.296779119  -51.751560857
   75.022800030  -51.812573425
   75.126517303  -51.817556737
   75.230234576  -51.817802795
   75.645103668  -51.743811423
   75.748820941  -51.727365203
   75.852538214  -51.723006513
   75.956255487  -51.731532272
   76.725443369  -51.817393843
   76.829160642  -51.821652263
   76.932877915  -51.820640102
   77.347747007  -51.737250665
   77.451464280  -51.714624307
   77.555181553  -51.702812089
   77.658898826  -51.704386234
   77.762616099  -51.718599972
   78.503305580  -51.827943526
   78.607022853  -51.826602486
   79.021891945  -51.737250665
   79.125609218  -51.710449109
   79.229326491  -51.692479222
   79.333043764  -51.686786174
   79.436761037  -51.694310751
   79.540478310  -51.713406911
   80.099012918  -51.834583247
   81.220886755  -51.835224487
   81.635755847  -51.743811423
   81.739473120  -51.714624307
   81.843190393  -51.692479222
   81.946907666  -51.680738782
   82.050624939  -51.681033502
   82.154342212  -51.693543479
   82.258059485  -51.716486426
   82.880363123  -51.844724321
   83.858829919  -51.757677830
   83.962547192  -51.727365203
   84.066264465  -51.702812089
   84.169981738  -51.686786174
   84.273699010  -51.681033502
   84.377416283  -51.686338397
   84.481133556  -51.702603118
   84.584850829  -51.728439147
   85.354038712  -51.852617871
   85.768907804  -51.778976491
   85.872625077  -51.748705661
   85.976342350  -51.723006513
   86.080059623  -51.704386234
   86.183776896  -51.694310751
   86.557734841  -51.693543479
   86.661452114  -51.702603118
   86.765169387  -51.721478732
   86.868886660  -51.749304749
   86.972603933  -51.777944106
   87.331891106  -51.873345030
   88.218051875  -51.838317619
   88.397695461  -51.823645037
   88.501412734  -51.831658783
   88.775822845  -51.808933090
   88.879540118  -51.817015836
   88.983257391  -51.822039048
   89.357215336  -51.800902855
   89.460932609  -51.804594245
   89.564649882  -51.810314811
   89.668367155  -51.812544313
   89.942777266  -51.802818500
   90.046494539  -51.806262849
   90.150211812  -51.805964786
   90.668798177  -51.742823225
   91.451846416  -51.804594245
   91.555563689  -51.806262849
   91.659280962  -51.803643010
   92.177867326  -51.713214407
   92.281584599  -51.711561824
   93.078252089  -51.808933090
   93.181969362  -51.810314811
   93.285686635  -51.805964786
   93.804273000  -51.692883292
   93.907990273  -51.682988316
   94.011707546  -51.687215684
   94.737728457  -51.817015836
   94.841445729  -51.812544313
   95.360032094  -51.682818940
   95.463749367  -51.665368581
   95.567466640  -51.661479877
   95.671183913  -51.671837059
   96.440371796  -51.823645037
   96.544089069  -51.822039048
   97.062675434  -51.682818940
   97.166392706  -51.659472039
   97.270109979  -51.648177099
   97.373827252  -51.650589434
   97.477544525  -51.666481815
   98.016475284  -51.831658783
   98.878015659  -51.692883292
   98.981732932  -51.665368581
   99.085450205  -51.648177099
   99.189167478  -51.643256791
   99.292884751  -51.651284933
   99.396602024  -51.671771364
  100.060716608  -51.838317619
  100.579302973  -51.713214407
  100.683020246  -51.682988316
  100.786737519  -51.661479877
  101.160695464  -51.650589434
  101.264412737  -51.651284933
  101.368130010  -51.663917447
  101.471847283  -51.687988948
  101.575564556  -51.714646709
  102.027657668  -51.855471616
  102.131374941  -51.855471616
  102.811494582  -51.829181606
  102.991138168  -51.817356427
  103.094855441  -51.823141370
  103.369265552  -51.805962587
  103.472982825  -51.810660074
  103.576700098  -51.813014655
  103.851110209  -51.802803233
  103.954827482  -51.804053898
  104.058544755  -51.802977346
  104.332954866  -51.802803233
  104.436672139  -51.801384523
  104.540389412  -51.796822155
  104.720032998  -51.804053898
  104.823750271  -51.796822155
  105.446053909  -51.675781296
  106.229102147  -51.810660074
  106.332819420  -51.802977346
  106.955123058  -51.649627979
  107.058840331  -51.648253793
  107.855507821  -51.817356427
  107.959225094  -51.813014655
  108.581528732  -51.636375252
  108.685246005  -51.626593753
  108.788963278  -51.631538015
  109.337783499  -51.823141370
  110.106971382  -51.636375252
  110.210688655  -51.619295056
  110.314405928  -51.616004818
  110.418123201  -51.626967583
  111.049010743  -51.829181606
  111.671314380  -51.649627979
  112.045272326  -51.626593753
  112.148989599  -51.616004818
  112.252706872  -51.618803592
  112.356424145  -51.635087472
  112.460141418  -51.655790160
  113.008961640  -51.839029659
  113.112678913  -51.838634088
  113.216396186  -51.839029659
  113.691688440  -51.824630901
  113.871332026  -51.815373735
  113.975049299  -51.818644074
  114.154692885  -51.809197208
  114.258410158  -51.808390761
  114.532820269  -51.807686052
  114.636537542  -51.804221700
  114.740254815  -51.798986623
  114.919898402  -51.804221700
  115.023615675  -51.795238375
  115.203259261  -51.809197208
  115.306976534  -51.798986623
  115.410693807  -51.808390761
  116.136714717  -51.619069134
  116.784428879  -51.818644074
  117.495478679  -51.603471277
  117.599195952  -51.602319145
  118.279315593  -51.824630901
  119.089373391  -51.603471277
  119.193090663  -51.594111667
  119.296807936  -51.599290466
  119.400525209  -51.610372296
  120.048239371  -51.826902522
  120.151956644  -51.823717220
  120.255673917  -51.823717220
  120.359391190  -51.834981011
  120.539034777  -51.826902522
  120.813444887  -51.823278555
  120.917162160  -51.817573174
  121.096805747  -51.812984491
  121.200523020  -51.808287423
  121.380166606  -51.810726856
  121.483883879  -51.801378080
  121.663527465  -51.812984491
  121.767244738  -51.801378080
  121.870962011  -51.808287423
  121.974679284  -51.817573174
  122.757727523  -51.586644372
  122.861444796  -51.585601781
  123.609360688  -51.820009292
  123.713077961  -51.813270040
  123.816795234  -51.810114232
  123.920512506  -51.822010223
  124.100156093  -51.813270040
  124.203873366  -51.822010223
  124.383516952  -51.820009292
    0.000000000  -51.481718071
    0.103717273  -51.485438537
    0.283360859  -51.463033298
    0.387078132  -51.472045818
    0.490795405  -51.475122207
    0.722714278  -51.435315322
    0.826431551  -51.447532386
    0.930148824  -51.456487266
    1.033866097  -51.459875301
    1.345017916  -51.402642108
    1.448735189  -51.415712193
    1.552452462  -51.428839227
    1.656169735  -51.438434438
    1.759887007  -51.442555583
    2.161582278  -51.369817559
    2.265299551  -51.381557292
    2.369016824  -51.396301062
    2.472734097  -51.410553640
    2.576451370  -51.420698699
    2.680168643  -51.425233269
    3.177579210  -51.341756911
    3.281296483  -51.350305243
    3.385013756  -51.363607520
    3.488731029  -51.379795353
    3.592448302  -51.394721009
    3.696165575  -51.404884142
    3.799882848  -51.409640192
    4.395693220  -51.322881678
    4.499410493  -51.326602639
    4.603127766  -51.335675666
    4.706845039  -51.350038292
    4.810562312  -51.366966153
    4.914279585  -51.382100815
    5.017996858  -51.392494530
    5.121714131  -51.397847103
    5.817470749  -51.316204000
    5.921188022  -51.313828617
    6.024905295  -51.316878367
    6.128622568  -51.326030044
    6.232339841  -51.340894244
    6.336057114  -51.358408349
    6.439774387  -51.374199093
    6.543491659  -51.385584825
    6.647208932  -51.392286571
    7.430257171  -51.313828617
    7.533974444  -51.310201466
    7.637691717  -51.312563675
    7.741408990  -51.321760387
    7.845126263  -51.337420262
    7.948843536  -51.356045611
    8.052560809  -51.373187251
    8.156278082  -51.386120460
    8.259995355  -51.394598792
    9.146156123  -51.326602639
    9.249873396  -51.316878367
    9.353590669  -51.312563675
    9.457307942  -51.314657655
    9.561025215  -51.324635572
    9.664742488  -51.341701060
    9.768459761  -51.361889162
    9.872177034  -51.380511297
    9.975894307  -51.394901743
   10.079611580  -51.404640259
   11.069011305  -51.350305243
   11.172728578  -51.335675666
   11.276445851  -51.326030044
   11.380163124  -51.321760387
   11.483880397  -51.324635572
   11.587597670  -51.336052896
   11.691314943  -51.354775833
   11.795032216  -51.376111391
   11.898749489  -51.395458541
   12.002466762  -51.410350784
   12.106184035  -51.420339372
   13.198913311  -51.381557292
   13.302630584  -51.363607520
   13.406347857  -51.350038292
   13.510065130  -51.340894244
   13.613782403  -51.337420262
   13.717499675  -51.341701060
   13.821216948  -51.354775833
   13.924934221  -51.374427517
   14.028651494  -51.395933917
   14.132368767  -51.415014269
   14.236086040  -51.429432124
   14.339803313  -51.438560929
   15.361299986  -51.415712193
   15.465017259  -51.396301062
   16.586891096  -51.379795353
   16.690608369  -51.366966153
   16.794325642  -51.358408349
   16.898042915  -51.356045611
   17.001760188  -51.361889162
   17.105477461  -51.376111391
   17.209194734  -51.395933917
   17.312912007  -51.416904397
   17.416629280  -51.435099264
   17.520346553  -51.448604454
   17.624063826  -51.456524508
   18.779010498  -51.447532386
   18.882727771  -51.428839227
   18.986445044  -51.410553640
   19.090162317  -51.394721009
   19.193879590  -51.382100815
   19.297596863  -51.374199093
   20.094264353  -51.373187251
   20.197981626  -51.380511297
   20.301698899  -51.395458541
   20.405416172  -51.415014269
   20.509133445  -51.435099264
   20.612850718  -51.452401470
   20.716567991  -51.465121318
   20.820285264  -51.472066751
   22.119858969  -51.472045818
   22.223576242  -51.456487266
   22.327293515  -51.438434438
   22.431010788  -51.420698699
   22.534728061  -51.404884142
   22.638445334  -51.392494530
   22.742162606  -51.385584825
   22.845879879  -51.386120460
   22.949597152  -51.394901743
   23.053314425  -51.410350784
   23.157031698  -51.429432124
   23.530989644  -51.448604454
   23.634706917  -51.465121318
   23.738424190  -51.477263910
   23.842141463  -51.483346664
   23.945858736  -51.488322358
   25.348919998  -51.471687675
   25.528563584  -51.442288698
   25.632280857  -51.450449223
   25.839715403  -51.458847955
   26.213673349  -51.416733112
   26.317390622  -51.422681945
   26.524825168  -51.434529165
   26.628542441  -51.437988031
   27.030237712  -51.388542840
   27.133954985  -51.391759070
   27.341389531  -51.402957520
   27.445106804  -51.410505293
   27.548824076  -51.416729102
   28.000917188  -51.361434286
   28.104634461  -51.361645172
   28.312069007  -51.369044998
   28.415786280  -51.378206189
   28.519503553  -51.388729837
   28.623220826  -51.398026478
   29.141807190  -51.341270223
   29.245524463  -51.337300873
   29.452959009  -51.338052010
   29.556676282  -51.345964064
   29.660393555  -51.358156510
   29.764110828  -51.371797975
   29.867828101  -51.383606585
   30.463638473  -51.333780717
   30.567355746  -51.323596899
   30.774790292  -51.314572150
   30.878507565  -51.318379367
   30.982224838  -51.329017194
   31.085942111  -51.344415389
   31.189659384  -51.360719232
   31.293376657  -51.374820442
   31.924264198  -51.323596899
   32.131698744  -51.301838128
   32.235416017  -51.299823479
   32.339133290  -51.305598081
   32.442850563  -51.319319387
   32.546567836  -51.337905864
   32.650285109  -51.356883649
   32.754002382  -51.373224261
   33.480023293  -51.337300873
   33.687457838  -51.301838128
   33.791175111  -51.293221150
   33.894892384  -51.292518057
   33.998609657  -51.301139258
   34.102326930  -51.318343575
   34.206044203  -51.340047947
   34.309761476  -51.361471653
   34.413478749  -51.380028176
   35.236709082  -51.361645172
   35.444143628  -51.314572150
   35.547860901  -51.299823479
   35.651578174  -51.292518057
   35.755295447  -51.294452224
   35.859012719  -51.306645350
   35.962729992  -51.327221193
   36.066447265  -51.351461970
   36.170164538  -51.374786833
   36.273881811  -51.394746601
   37.195741098  -51.391759070
   37.403175644  -51.338052010
   37.506892917  -51.318379367
   37.610610189  -51.305598081
   37.714327462  -51.301139258
   37.818044735  -51.306645350
   37.921762008  -51.322296309
   38.025479281  -51.345346267
   38.129196554  -51.370955975
   38.232913827  -51.394949349
   38.336631100  -51.414910044
   39.146688898  -51.422681945
   40.315523203  -51.369044998
   40.419240476  -51.345964064
   40.522957749  -51.329017194
   40.626675022  -51.319319387
   40.730392295  -51.318343575
   40.834109568  -51.327221193
   40.937826841  -51.345346267
   41.041544114  -51.369543949
   41.145261387  -51.395289896
   41.248978660  -51.418592403
   41.352695933  -51.436969220
   42.303280441  -51.450449223
   42.510714987  -51.402957520
   42.614432260  -51.378206189
   42.718149533  -51.358156510
   42.821866806  -51.344415389
   43.618534296  -51.337905864
   43.722251569  -51.340047947
   43.825968842  -51.351461970
   43.929686115  -51.370955975
   44.033403388  -51.395289896
   44.137120661  -51.420091310
   44.240837934  -51.441597674
   44.344555207  -51.457301163
   45.447084941  -51.471687675
   45.654519487  -51.434529165
   45.758236760  -51.410505293
   45.861954033  -51.388729837
   45.965671306  -51.371797975
   46.069388579  -51.360719232
   46.173105852  -51.356883649
   46.276823125  -51.361471653
   46.380540398  -51.374786833
   46.484257671  -51.394949349
   46.858215617  -51.418592403
   46.961932889  -51.441597674
   47.065650162  -51.460572990
   47.169367435  -51.473132588
   47.273084708  -51.482430092
   48.478170521  -51.457665865
   48.657814107  -51.432514354
   48.761531380  -51.436526518
   49.035941491  -51.406252205
   49.139658764  -51.409991001
   49.243376037  -51.410845267
   49.554527856  -51.410513059
   50.132001192  -51.384615517
   50.235718465  -51.384901439
   50.339435738  -51.382795435
   50.650587557  -51.379369491
   50.754304830  -51.383238609
   51.350115202  -51.366171965
   51.453832475  -51.361632830
   51.557549748  -51.355993931
   51.868701566  -51.346027481
   51.972418839  -51.351447781
   52.076136112  -51.360811679
   52.707023654  -51.358704598
   52.810740927  -51.347157950
   52.914458200  -51.336128372
   53.225610019  -51.315600626
   53.329327292  -51.319728647
   53.433044565  -51.330671487
   53.536761838  -51.345509224
   54.132572210  -51.347157950
   54.236289483  -51.328728078
   54.547441301  -51.292371171
   54.651158574  -51.292712277
   54.754875847  -51.302153378
   54.858593120  -51.318709057
   54.962310393  -51.338118371
   55.626424977  -51.361632830
   55.730142250  -51.336128372
   56.041294069  -51.279826037
   56.145011342  -51.274536271
   56.248728615  -51.279512002
   56.352445888  -51.294676044
   56.456163161  -51.316283973
   56.559880434  -51.339559104
   57.300569916  -51.384901439
   57.404287188  -51.355993931
   57.715439007  -51.279826037
   57.819156280  -51.268154750
   57.922873553  -51.266919597
   58.026590826  -51.277491882
   58.130308099  -51.298038054
   58.234025372  -51.323879419
   58.337742645  -51.350335438
   59.160972978  -51.409991001
   59.264690251  -51.382795435
   59.575842070  -51.292371171
   59.679559342  -51.274536271
   59.783276615  -51.266919597
   59.886993888  -51.271222072
   59.990711161  -51.287302064
   60.094428434  -51.312197949
   60.198145707  -51.341034285
   60.301862980  -51.369540901
   60.965977564  -51.432514354
   61.069694837  -51.410845267
   62.091191510  -51.315600626
   62.194908783  -51.292712277
   62.298626056  -51.279512002
   62.402343329  -51.277491882
   62.506060602  -51.287302064
   62.609777875  -51.307792075
   62.713495148  -51.335504730
   62.817212421  -51.365792213
   62.920929694  -51.394537237
   63.690117577  -51.436526518
   64.001269395  -51.346027481
   64.104986668  -51.319728647
   64.901654158  -51.302153378
   65.005371431  -51.294676044
   65.109088704  -51.298038054
   65.212805977  -51.312197949
   65.316523250  -51.335504730
   65.420240523  -51.364448719
   65.523957796  -51.394468492
   65.627675069  -51.421303095
   66.549534356  -51.457665865
   66.860686174  -51.379369491
   66.964403447  -51.351447781
   67.068120720  -51.330671487
   67.171837993  -51.318709057
   67.275555266  -51.316283973
   67.379272539  -51.323879419
   67.482989812  -51.341034285
   67.856947758  -51.365792213
   67.960665031  -51.394468492
   68.064382304  -51.422416576
   68.168099577  -51.445502601
   68.271816850  -51.463627607
   69.293313523  -51.441566131
   69.472957109  -51.420830117
   69.576674382  -51.422315764
   69.851084493  -51.399323677
   69.954801766  -51.401775193
   70.058519039  -51.399738130
   70.432476984  -51.381399093
   70.536194257  -51.382444694
   70.639911530  -51.380723982
   70.743628803  -51.375208954
   71.158497895  -51.348903126
   71.941546134  -51.376459641
   72.045263407  -51.370705202
   72.148980680  -51.363017772
   72.252697953  -51.352828000
   72.667567045  -51.316210018
   72.771284318  -51.320259314
   73.467040936  -51.370705202
   73.570758209  -51.355815464
   73.674475482  -51.339004672
   74.089344573  -51.286293475
   74.193061846  -51.289127871
   74.296779119  -51.301157156
   75.022800030  -51.382444694
   75.126517303  -51.363017772
   75.230234576  -51.339004672
   75.645103668  -51.263548633
   75.748820941  -51.262750824
   75.852538214  -51.273421479
   75.956255487  -51.292852085
   76.725443369  -51.399323677
   76.829160642  -51.380723982
   76.932877915  -51.352828000
   77.347747007  -51.251285199
   77.451464280  -51.245013053
   77.555181553  -51.251584435
   77.658898826  -51.269898413
   77.762616099  -51.295617352
   78.503305580  -51.401775193
   78.607022853  -51.375208954
   79.021891945  -51.251285199
   79.125609218  -51.238775229
   79.229326491  -51.239444903
   79.333043764  -51.253622779
   79.436761037  -51.278488430
   79.540478310  -51.309152602
   80.099012918  -51.420830117
   81.220886755  -51.399738130
   81.635755847  -51.263548633
   81.739473120  -51.245013053
   81.843190393  -51.239444903
   81.946907666  -51.247701600
   82.050624939  -51.268502823
   82.154342212  -51.298281635
   82.258059485  -51.332215894
   82.880363123  -51.422315764
   83.858829919  -51.286293475
   83.962547192  -51.262750824
   84.066264465  -51.251584435
   84.169981738  -51.253622779
   84.273699010  -51.268502823
   84.377416283  -51.294226610
   84.481133556  -51.326979814
   84.584850829  -51.361995546
   85.354038712  -51.441566131
   85.768907804  -51.316210018
   85.872625077  -51.289127871
   85.976342350  -51.273421479
   86.080059623  -51.269898413
   86.183776896  -51.278488430
   86.557734841  -51.298281635
   86.661452114  -51.326979814
   86.765169387  -51.360609386
   86.868886660  -51.394089777
   86.972603933  -51.423379759
   87.331891106  -51.463146963
   88.218051875  -51.424891382
   88.397695461  -51.408281924
   88.501412734  -51.408668119
   88.775822845  -51.391998602
   88.879540118  -51.393740118
   88.983257391  -51.390041782
   89.357215336  -51.380495870
   89.460932609  -51.381690917
   89.564649882  -51.378507459
   89.668367155  -51.370380279
   89.942777266  -51.377266706
   90.046494539  -51.368063762
   90.150211812  -51.354239400
   90.668798177  -51.284229828
   91.451846416  -51.381690917
   91.555563689  -51.368063762
   91.659280962  -51.347769670
   92.177867326  -51.254821800
   92.281584599  -51.258792894
   93.078252089  -51.391998602
   93.181969362  -51.378507459
   93.285686635  -51.354239400
   93.804273000  -51.232532091
   93.907990273  -51.232965713
   94.011707546  -51.246590962
   94.737728457  -51.393740118
   94.841445729  -51.370380279
   95.360032094  -51.220516758
   95.463749367  -51.215624833
   95.567466640  -51.225485383
   95.671183913  -51.247996512
   96.440371796  -51.408281924
   96.544089069  -51.390041782
   97.062675434  -51.220516758
   97.166392706  -51.209507679
   97.270109979  -51.213774974
   97.373827252  -51.232513626
   97.477544525  -51.262322759
   98.016475284  -51.408668119
   98.878015659  -51.232532091
   98.981732932  -51.215624833
   99.085450205  -51.213774974
   99.189167478  -51.226870756
   99.292884751  -51.252906414
   99.396602024  -51.287993825
  100.060716608  -51.424891382
  100.579302973  -51.254821800
  100.683020246  -51.232965713
  100.786737519  -51.225485383
  101.160695464  -51.232513626
  101.264412737  -51.252906414
  101.368130010  -51.284161099
  101.471847283  -51.321950667
  101.575564556  -51.359224299
  102.027657668  -51.451072061
  102.131374941  -51.451072061
  102.811494582  -51.409655046
  102.991138168  -51.398129314
  103.094855441  -51.397684152
  103.369265552  -51.388731946
  103.472982825  -51.389680619
  103.576700098  -51.384363213
  103.851110209  -51.385425828
  103.954827482  -51.381697055
  104.058544755  -51.371254857
  104.332954866  -51.385425828
  104.436672139  -51.378381612
  104.540389412  -51.362579117
  104.720032998  -51.381697055
  104.823750271  -51.362579117
  105.446053909  -51.226042241
  106.229102147  -51.389680619
  106.332819420  -51.371254857
  106.955123058  -51.204119810
  107.058840331  -51.207675757
  107.855507821  -51.398129314
  107.959225094  -51.384363213
  108.581528732  -51.192301869
  108.685246005  -51.190694508
  108.788963278  -51.205015471
  109.337783499  -51.397684152
  110.106971382  -51.192301869
  110.210688655  -51.184720305
  110.314405928  -51.193676497
  110.418123201  -51.217626856
  111.049010743  -51.409655046
  111.671314380  -51.204119810
  112.045272326  -51.190694508
  112.148989599  -51.193676497
  112.252706872  -51.212214352
  112.356424145  -51.243848064
  112.460141418  -51.280379628
  113.008961640  -51.436288914
  113.112678913  -51.440631095
  113.216396186  -51.436288914
  113.691688440  -51.398682452
  113.871332026  -51.394209368
  113.975049299  -51.392386188
  114.154692885  -51.392746951
  114.258410158  -51.385717325
  114.532820269  -51.392712081
  114.636537542  -51.391432923
  114.740254815  -51.379964086
  114.919898402  -51.391432923
  115.023615675  -51.377625169
  115.203259261  -51.392746951
  115.306976534  -51.379964086
  115.410693807  -51.385717325
  116.136714717  -51.182483129
  116.784428879  -51.392386188
  117.495478679  -51.170803732
  117.599195952  -51.173979482
  118.279315593  -51.398682452
  119.089373391  -51.170803732
  119.193090663  -51.168092706
  119.296807936  -51.182550248
  119.400525209  -51.206890613
  120.048239371  -51.420016834
  120.151956644  -51.426507517
  120.255673917  -51.426507517
  120.359391190  -51.425441520
  120.539034777  -51.420016834
  120.813444887  -51.394696458
  120.917162160  -51.394906072
  121.096805747  -51.402431851
  121.200523020  -51.395047633
  121.380166606  -51.404043512
  121.483883879  -51.395049146
  121.663527465  -51.402431851
  121.767244738  -51.395049146
  121.870962011  -51.395047633
  121.974679284  -51.394906072
  122.757727523  -51.159218398
  122.861444796  -51.162234740
  123.609360688  -51.405024873
  123.713077961  -51.410067660
  123.816795234  -51.412049922
  123.920512506  -51.414768669
  124.100156093  -51.410067660
  124.203873366  -51.414768669
  124.383516952  -51.405024873
    0.000000000  -51.154003132
    0.103717273  -51.159696567
    0.283360859  -51.141504530
    0.387078132  -51.151589427
    0.490795405  -51.149874076
    0.722714278  -51.120352335
    0.826431551  -51.134833947
    0.930148824  -51.137302914
    1.033866097  -51.128033121
    1.345017916  -51.091835939
    1.448735189  -51.109387026
    1.552452462  -51.116050666
    1.656169735  -51.110794935
    1.759887007  -51.094832672
    2.161582278  -51.059958551
    2.265299551  -51.077526470
    2.369016824  -51.087450146
    2.472734097  -51.086278550
    2.576451370  -51.074321707
    2.680168643  -51.054317167
    3.177579210  -51.030641042
    3.281296483  -51.044569608
    3.385013756  -51.055424051
    3.488731029  -51.057908330
    3.592448302  -51.049990950
    3.696165575  -51.033647587
    3.799882848  -51.013627196
    4.395693220  -51.009993419
    4.499410493  -51.017186035
    4.603127766  -51.025967934
    4.706845039  -51.030499779
    4.810562312  -51.026448591
    4.914279585  -51.013768666
    5.017996858  -50.996478709
    5.121714131  -50.980590259
    5.817470749  -51.002560963
    5.921188022  -51.001655667
    6.024905295  -51.005213994
    6.128622568  -51.009043578
    6.232339841  -51.007679260
    6.336057114  -50.998594718
    6.439774387  -50.984171314
    6.543491659  -50.969965913
    6.647208932  -50.961689571
    7.430257171  -51.001655667
    7.533974444  -50.997697198
    7.637691717  -50.997321486
    7.741408990  -50.996045250
    7.845126263  -50.989758897
    7.948843536  -50.978350812
    8.052560809  -50.966238651
    8.156278082  -50.959006531
    8.259995355  -50.960554198
    9.146156123  -51.017186035
    9.249873396  -51.005213994
    9.353590669  -50.997321486
    9.457307942  -50.992152116
    9.561025215  -50.986175487
    9.664742488  -50.977384738
    9.768459761  -50.967987683
    9.872177034  -50.962675926
    9.975894307  -50.965443906
   10.079611580  -50.977243043
   11.069011305  -51.044569608
   11.172728578  -51.025967934
   11.276445851  -51.009043578
   11.380163124  -50.996045250
   11.483880397  -50.986175487
   11.587597670  -50.977656598
   11.691314943  -50.970858138
   11.795032216  -50.968479553
   11.898749489  -50.973754383
   12.002466762  -50.987681656
   12.106184035  -51.008295579
   13.198913311  -51.077526470
   13.302630584  -51.055424051
   13.406347857  -51.030499779
   13.510065130  -51.007679260
   13.613782403  -50.989758897
   13.717499675  -50.977384738
   13.821216948  -50.970858138
   13.924934221  -50.971256995
   14.028651494  -50.980010328
   14.132368767  -50.997400709
   14.236086040  -51.021275589
   14.339803313  -51.047504227
   15.361299986  -51.109387026
   15.465017259  -51.087450146
   16.586891096  -51.057908330
   16.690608369  -51.026448591
   16.794325642  -50.998594718
   16.898042915  -50.978350812
   17.001760188  -50.967987683
   17.105477461  -50.968479553
   17.209194734  -50.980010328
   17.312912007  -51.001330681
   17.416629280  -51.029441065
   17.520346553  -51.059825947
   17.624063826  -51.087458935
   18.779010498  -51.134833947
   18.882727771  -51.116050666
   18.986445044  -51.086278550
   19.090162317  -51.049990950
   19.193879590  -51.013768666
   19.297596863  -50.984171314
   20.094264353  -50.966238651
   20.197981626  -50.962675926
   20.301698899  -50.973754383
   20.405416172  -50.997400709
   20.509133445  -51.029441065
   20.612850718  -51.064367818
   20.716567991  -51.096498570
   20.820285264  -51.121401011
   22.119858969  -51.151589427
   22.223576242  -51.137302914
   22.327293515  -51.110794935
   22.431010788  -51.074321707
   22.534728061  -51.033647587
   22.638445334  -50.996478709
   22.742162606  -50.969965913
   22.845879879  -50.959006531
   22.949597152  -50.965443906
   23.053314425  -50.987681656
   23.157031698  -51.021275589
   23.530989644  -51.059825947
   23.634706917  -51.096498570
   23.738424190  -51.125913261
   23.842141463  -51.145318751
   23.945858736  -51.158086407
   25.348919998  -51.136734047
   25.528563584  -51.092808851
   25.632280857  -51.119686646
   25.839715403  -51.143427205
   26.213673349  -51.069358500
   26.317390622  -51.095438207
   26.524825168  -51.126466978
   26.628542441  -51.124548919
   27.030237712  -51.046967116
   27.133954985  -51.067388311
   27.341389531  -51.100785996
   27.445106804  -51.102983063
   27.548824076  -51.093217603
   28.000917188  -51.029430095
   28.104634461  -51.040368323
   28.312069007  -51.068700512
   28.415786280  -51.073999291
   28.519503553  -51.068232243
   28.623220826  -51.053036080
   29.141807190  -51.018778708
   29.245524463  -51.019281056
   29.452959009  -51.035492777
   29.556676282  -51.041709405
   29.660393555  -51.039220111
   29.764110828  -51.027794461
   29.867828101  -51.011359611
   30.463638473  -51.015294765
   30.567355746  -51.007767912
   30.774790292  -51.007935969
   30.878507565  -51.011872784
   30.982224838  -51.011172211
   31.085942111  -51.002948145
   31.189659384  -50.989501095
   31.293376657  -50.976591679
   31.924264198  -51.007767912
   32.131698744  -50.992247387
   32.235416017  -50.990829688
   32.339133290  -50.989053370
   32.442850563  -50.982801921
   32.546567836  -50.972048206
   32.650285109  -50.961139264
   32.754002382  -50.955562336
   33.480023293  -51.019281056
   33.687457838  -50.992247387
   33.791175111  -50.983194643
   33.894892384  -50.976947376
   33.998609657  -50.970087915
   34.102326930  -50.961060845
   34.206044203  -50.952207794
   34.309761476  -50.948052006
   34.413478749  -50.952231662
   35.236709082  -51.040368323
   35.444143628  -51.007935969
   35.547860901  -50.990829688
   35.651578174  -50.976947376
   35.755295447  -50.965787371
   35.859012719  -50.956146305
   35.962729992  -50.948768062
   36.066447265  -50.946510976
   36.170164538  -50.952270071
   36.273881811  -50.966732522
   37.195741098  -51.067388311
   37.403175644  -51.035492777
   37.506892917  -51.011872784
   37.610610189  -50.989053370
   37.714327462  -50.970087915
   37.818044735  -50.956146305
   37.921762008  -50.948110291
   38.025479281  -50.947407206
   38.129196554  -50.955479816
   38.232913827  -50.972346376
   38.336631100  -50.995652969
   39.146688898  -51.095438207
   40.315523203  -51.068700512
   40.419240476  -51.041709405
   40.522957749  -51.011172211
   40.626675022  -50.982801921
   40.730392295  -50.961060845
   40.834109568  -50.948768062
   40.937826841  -50.947407206
   41.041544114  -50.957284227
   41.145261387  -50.977117035
   41.248978660  -51.003868646
   41.352695933  -51.033004683
   42.303280441  -51.119686646
   42.510714987  -51.100785996
   42.614432260  -51.073999291
   42.718149533  -51.039220111
   42.821866806  -51.002948145
   43.618534296  -50.972048206
   43.722251569  -50.952207794
   43.825968842  -50.946510976
   43.929686115  -50.955479816
   44.033403388  -50.977117035
   44.137120661  -51.007272593
   44.240837934  -51.040583165
   44.344555207  -51.071710137
   45.447084941  -51.136734047
   45.654519487  -51.126466978
   45.758236760  -51.102983063
   45.861954033  -51.068232243
   45.965671306  -51.027794461
   46.069388579  -50.989501095
   46.173105852  -50.961139264
   46.276823125  -50.948052006
   46.380540398  -50.952270071
   46.484257671  -50.972346376
   46.858215617  -51.003868646
   46.961932889  -51.040583165
   47.065650162  -51.076104426
   47.169367435  -51.105428479
   47.273084708  -51.130423126
   48.478170521  -51.108246101
   48.657814107  -51.061299246
   48.761531380  -51.088089041
   49.035941491  -51.028709107
   49.139658764  -51.043613819
   49.243376037  -51.064396249
   49.554527856  -51.109145144
   50.132001192  -51.028378302
   50.235718465  -51.031159365
   50.339435738  -51.041722055
   50.650587557  -51.083146960
   50.754304830  -51.080993193
   51.350115202  -51.032032656
   51.453832475  -51.024932849
   51.557549748  -51.023874168
   51.868701566  -51.050815931
   51.972418839  -51.051727044
   52.076136112  -51.042666001
   52.707023654  -51.034179244
   52.810740927  -51.023063883
   52.914458200  -51.012964511
   53.225610019  -51.017353720
   53.329327292  -51.018969293
   53.433044565  -51.012937515
   53.536761838  -51.001150795
   54.132572210  -51.023063883
   54.236289483  -51.009361360
   54.547441301  -50.989427603
   54.651158574  -50.988701286
   54.754875847  -50.983924686
   54.858593120  -50.974651751
   54.962310393  -50.965156715
   55.626424977  -51.024932849
   55.730142250  -51.012964511
   56.041294069  -50.973521551
   56.145011342  -50.967270730
   56.248728615  -50.960983753
   56.352445888  -50.952829231
   56.456163161  -50.945119963
   56.559880434  -50.942341496
   57.300569916  -51.031159365
   57.404287188  -51.023874168
   57.715439007  -50.973521551
   57.819156280  -50.959532349
   57.922873553  -50.948329432
   58.026590826  -50.938805567
   58.130308099  -50.931820476
   58.234025372  -50.930322487
   58.337742645  -50.936976036
   59.160972978  -51.043613819
   59.264690251  -51.041722055
   59.575842070  -50.989427603
   59.679559342  -50.967270730
   59.783276615  -50.948329432
   59.886993888  -50.934004566
   59.990711161  -50.925510036
   60.094428434  -50.924558493
   60.198145707  -50.932571114
   60.301862980  -50.949328195
   60.965977564  -51.061299246
   61.069694837  -51.064396249
   62.091191510  -51.017353720
   62.194908783  -50.988701286
   62.298626056  -50.960983753
   62.402343329  -50.938805567
   62.506060602  -50.925510036
   62.609777875  -50.923045906
   62.713495148  -50.931811558
   62.817212421  -50.950536693
   62.920929694  -50.976046088
   63.690117577  -51.088089041
   64.001269395  -51.050815931
   64.104986668  -51.018969293
   64.901654158  -50.983924686
   65.005371431  -50.952829231
   65.109088704  -50.931820476
   65.212805977  -50.924558493
   65.316523250  -50.931811558
   65.420240523  -50.951623447
   65.523957796  -50.979828933
   65.627675069  -51.011176316
   66.549534356  -51.108246101
   66.860686174  -51.083146960
   66.964403447  -51.051727044
   67.068120720  -51.012937515
   67.171837993  -50.974651751
   67.275555266  -50.945119963
   67.379272539  -50.930322487
   67.482989812  -50.932571114
   67.856947758  -50.950536693
   67.960665031  -50.979828933
   68.064382304  -51.014315598
   68.168099577  -51.047908533
   68.271816850  -51.080496997
   69.293313523  -51.071188019
   69.472957109  -51.030746112
   69.576674382  -51.051492877
   69.851084493  -51.021182767
   69.954801766  -51.022788241
   70.058519039  -51.033067043
   70.432476984  -51.041647310
   70.536194257  -51.031020820
   70.639911530  -51.021739047
   70.743628803  -51.019646697
   71.158497895  -51.056937607
   71.941546134  -51.048434830
   72.045263407  -51.039291615
   72.148980680  -51.024789182
   72.252697953  -51.012470088
   72.667567045  -51.024369272
   72.771284318  -51.022105415
   73.467040936  -51.039291615
   73.570758209  -51.026661299
   73.674475482  -51.009967574
   74.089344573  -50.990520298
   74.193061846  -50.988850723
   74.296779119  -50.982264025
   75.022800030  -51.031020820
   75.126517303  -51.024789182
   75.230234576  -51.009967574
   75.645103668  -50.962225032
   75.748820941  -50.958038953
   75.852538214  -50.952141952
   75.956255487  -50.946330989
   76.725443369  -51.021182767
   76.829160642  -51.021739047
   76.932877915  -51.012470088
   77.347747007  -50.946079497
   77.451464280  -50.936111818
   77.555181553  -50.928131375
   77.658898826  -50.922644250
   77.762616099  -50.922510985
   78.503305580  -51.022788241
   78.607022853  -51.019646697
   79.021891945  -50.946079497
   79.125609218  -50.928168222
   79.229326491  -50.914808561
   79.333043764  -50.907169282
   79.436761037  -50.906969618
   79.540478310  -50.915572388
   80.099012918  -51.030746112
   81.220886755  -51.033067043
   81.635755847  -50.962225032
   81.739473120  -50.936111818
   81.843190393  -50.914808561
   81.946907666  -50.901833650
   82.050624939  -50.899322766
   82.154342212  -50.907845829
   82.258059485  -50.926000590
   82.880363123  -51.051492877
   83.858829919  -50.990520298
   83.962547192  -50.958038953
   84.066264465  -50.928131375
   84.169981738  -50.907169282
   84.273699010  -50.899322766
   84.377416283  -50.905608735
   84.481133556  -50.924031289
   84.584850829  -50.950475070
   85.354038712  -51.071188019
   85.768907804  -51.024369272
   85.872625077  -50.988850723
   85.976342350  -50.952141952
   86.080059623  -50.922644250
   86.183776896  -50.906969618
   86.557734841  -50.907845829
   86.661452114  -50.924031289
   86.765169387  -50.951106210
   86.868886660  -50.983137775
   86.972603933  -51.017350693
   87.331891106  -51.112844292
   88.218051875  -51.031295484
   88.397695461  -51.005977918
   88.501412734  -51.016261280
   88.775822845  -51.019146763
   88.879540118  -51.008878662
   88.983257391  -51.006581106
   89.357215336  -51.046380984
   89.460932609  -51.033733451
   89.564649882  -51.016971553
   89.668367155  -51.003544187
   89.942777266  -51.040087013
   90.046494539  -51.023971997
   90.150211812  -51.004879750
   90.668798177  -50.991563441
   91.451846416  -51.033733451
   91.555563689  -51.023971997
   91.659280962  -51.006054646
   92.177867326  -50.957293862
   92.281584599  -50.955095012
   93.078252089  -51.019146763
   93.181969362  -51.016971553
   93.285686635  -51.004879750
   93.804273000  -50.928542199
   93.907990273  -50.923571890
   94.011707546  -50.920790236
   94.737728457  -51.008878662
   94.841445729  -51.003544187
   95.360032094  -50.912094016
   95.463749367  -50.901021853
   95.567466640  -50.895610795
   95.671183913  -50.897188160
   96.440371796  -51.005977918
   96.544089069  -51.006581106
   97.062675434  -50.912094016
   97.166392706  -50.892843121
   97.270109979  -50.881575078
   97.373827252  -50.880349648
   97.477544525  -50.889620935
   98.016475284  -51.016261280
   98.878015659  -50.928542199
   98.981732932  -50.901021853
   99.085450205  -50.881575078
   99.189167478  -50.874492406
   99.292884751  -50.880922602
   99.396602024  -50.898825699
  100.060716608  -51.031295484
  100.579302973  -50.957293862
  100.683020246  -50.923571890
  100.786737519  -50.895610795
  101.160695464  -50.880349648
  101.264412737  -50.880922602
  101.368130010  -50.896125557
  101.471847283  -50.921453315
  101.575564556  -50.951667331
  102.027657668  -51.080509712
  102.131374941  -51.080509712
  102.811494582  -50.995791563
  102.991138168  -50.990169338
  103.094855441  -50.988532776
  103.369265552  -51.019054118
  103.472982825  -51.001645175
  103.576700098  -50.988450243
  103.851110209  -51.031897033
  103.954827482  -51.013609212
  104.058544755  -50.993550046
  104.332954866  -51.031897033
  104.436672139  -51.018846386
  104.540389412  -50.998567697
  104.720032998  -51.013609212
  104.823750271  -50.998567697
  105.446053909  -50.922530699
  106.229102147  -51.001645175
  106.332819420  -50.993550046
  106.955123058  -50.893240659
  107.058840331  -50.891259796
  107.855507821  -50.990169338
  107.959225094  -50.988450243
  108.581528732  -50.876394502
  108.685246005  -50.868086222
  108.788963278  -50.869397300
  109.337783499  -50.988532776
  110.106971382  -50.876394502
  110.210688655  -50.859649849
  110.314405928  -50.854718146
  110.418123201  -50.862553224
  111.049010743  -50.995791563
  111.671314380  -50.893240659
  112.045272326  -50.868086222
  112.148989599  -50.854718146
  112.252706872  -50.856313619
  112.356424145  -50.871649056
  112.460141418  -50.893231555
  113.008961640  -51.044456611
  113.112678913  -51.049275533
  113.216396186  -51.044456611
  113.691688440  -50.971401564
  113.871332026  -50.984797236
  113.975049299  -50.972858528
  114.154692885  -51.000199589
  114.258410158  -50.980490138
  114.532820269  -51.025983444
  114.636537542  -51.010692025
  114.740254815  -50.989326328
  114.919898402  -51.010692025
  115.023615675  -50.993268551
  115.203259261  -51.000199589
  115.306976534  -50.989326328
  115.410693807  -50.980490138
  116.136714717  -50.863383102
  116.784428879  -50.972858528
  117.495478679  -50.846162884
  117.599195952  -50.844397962
  118.279315593  -50.971401564
  119.089373391  -50.846162884
  119.193090663  -50.835752914
  119.296807936  -50.839662281
  119.400525209  -50.849963494
  120.048239371  -51.010708185
  120.151956644  -51.019859077
  120.255673917  -51.019859077
  120.359391190  -51.035997022
  120.539034777  -51.010708185
  120.813444887  -50.962711295
  120.917162160  -50.971651766
  121.096805747  -51.004728356
  121.200523020  -50.983315915
  121.380166606  -51.010419005
  121.483883879  -50.991527686
  121.663527465  -51.004728356
  121.767244738  -50.991527686
  121.870962011  -50.983315915
  121.974679284  -50.971651766
  122.757727523  -50.828708861
  122.861444796  -50.827025947
  123.609360688  -50.985007120
  123.713077961  -50.996877070
  123.816795234  -51.001571607
  123.920512506  -51.016523035
  124.100156093  -50.996877070
  124.203873366  -51.016523035
  124.383516952  -50.985007120
    0.000000000   -4.844326172
    0.103717273   -4.916349475
    0.283360859   -4.650797975
    0.387078132   -4.783439325
    0.490795405   -4.783495993
    0.722714278   -4.418782874
    0.826431551   -4.560248993
    0.930148824   -4.608363837
    1.033866097   -4.560367067
    1.345017916   -4.314391788
    1.448735189   -4.377292867
    1.552452462   -4.384096496
    1.656169735   -4.384185607
    1.759887007   -4.377381898
    2.161582278   -4.487110143
    2.265299551   -4.417296914
    2.369016824   -4.296516064
    2.472734097   -4.191795952
    2.576451370   -4.296578790
    2.680168643   -4.417323374
    3.177579210   -4.822028266
    3.281296483   -4.705233972
    3.385013756   -4.492562706
    3.488731029   -4.237576470
    3.592448302   -4.237590207
    3.696165575   -4.492562673
    3.799882848   -4.705212807
    4.395693220   -5.100524414
    4.499410493   -5.038389405
    4.603127766   -4.843275137
    4.706845039   -4.556260562
    4.810562312   -4.359808451
    4.914279585   -4.556235923
    5.017996858   -4.843243042
    5.121714131   -5.038350453
    5.817470749   -5.204306078
    5.921188022   -5.242035317
    6.024905295   -5.129813953
    6.128622568   -4.892200639
    6.232339841   -4.629449848
    6.336057114   -4.629424121
    6.439774387   -4.892158832
    6.543491659   -5.129771074
    6.647208932   -5.241990862
    7.430257171   -5.242035317
    7.533974444   -5.236057877
    7.637691717   -5.088167307
    7.741408990   -4.846249473
    7.845126263   -4.694335757
    7.948843536   -4.846204438
    8.052560809   -5.088117786
    8.156278082   -5.236010791
    8.259995355   -5.241989435
    9.146156123   -5.038389405
    9.249873396   -5.129813953
    9.353590669   -5.088167307
    9.457307942   -4.924803546
    9.561025215   -4.722657678
    9.664742488   -4.722623418
    9.768459761   -4.924746288
    9.872177034   -5.088112473
    9.975894307   -5.129764597
   10.079611580   -5.038345034
   11.069011305   -4.705233972
   11.172728578   -4.843275137
   11.276445851   -4.892200639
   11.380163124   -4.846249473
   11.483880397   -4.722657678
   11.587597670   -4.635237951
   11.691314943   -4.722602697
   11.795032216   -4.846183207
   11.898749489   -4.892138893
   12.002466762   -4.843224318
   12.106184035   -4.705198117
   13.198913311   -4.417296914
   13.302630584   -4.492562706
   13.406347857   -4.556260562
   13.510065130   -4.629449848
   13.613782403   -4.694335757
   13.717499675   -4.722623418
   13.821216948   -4.722602697
   13.924934221   -4.694278616
   14.028651494   -4.629368293
   14.132368767   -4.556180040
   14.236086040   -4.492511614
   14.339803313   -4.417287210
   15.361299986   -4.377292867
   15.465017259   -4.296516064
   16.586891096   -4.237576470
   16.690608369   -4.359808451
   16.794325642   -4.629424121
   16.898042915   -4.846204438
   17.001760188   -4.924746288
   17.105477461   -4.846183207
   17.209194734   -4.629368293
   17.312912007   -4.359681440
   17.416629280   -4.237428754
   17.520346553   -4.296462646
   17.624063826   -4.377315741
   18.779010498   -4.560248993
   18.882727771   -4.384096496
   18.986445044   -4.191795952
   19.090162317   -4.237590207
   19.193879590   -4.556235923
   19.297596863   -4.892158832
   20.094264353   -5.088117786
   20.197981626   -5.088112473
   20.301698899   -4.892138893
   20.405416172   -4.556180040
   20.509133445   -4.237428754
   20.612850718   -4.191536284
   20.716567991   -4.384001076
   20.820285264   -4.560258863
   22.119858969   -4.783439325
   22.223576242   -4.608363837
   22.327293515   -4.384185607
   22.431010788   -4.296578790
   22.534728061   -4.492562673
   22.638445334   -4.843243042
   22.742162606   -5.129771074
   22.845879879   -5.236010791
   22.949597152   -5.129764597
   23.053314425   -4.843224318
   23.157031698   -4.492511614
   23.530989644   -4.296462646
   23.634706917   -4.384001076
   23.738424190   -4.608202032
   23.842141463   -4.783340009
   23.945858736   -4.916220020
   25.348919998   -4.650880250
   25.528563584   -4.124071654
   25.632280857   -4.401207018
   25.839715403   -4.684489544
   26.213673349   -3.936263197
   26.317390622   -4.185708699
   26.524825168   -4.510050042
   26.628542441   -4.510078653
   27.030237712   -4.099663833
   27.133954985   -4.204624416
   27.341389531   -4.363694026
   27.445106804   -4.391862225
   27.548824076   -4.363756995
   28.000917188   -4.441852205
   28.104634461   -4.498595204
   28.312069007   -4.440951097
   28.415786280   -4.384157642
   28.519503553   -4.384181011
   28.623220826   -4.440981544
   29.141807190   -4.691116913
   29.245524463   -4.824917034
   29.452959009   -4.763348065
   29.556676282   -4.629965084
   29.660393555   -4.552419717
   29.764110828   -4.629966396
   29.867828101   -4.763335242
   30.463638473   -4.778181610
   30.567355746   -5.016713432
   30.774790292   -5.118453465
   30.878507565   -5.010033058
   30.982224838   -4.886158500
   31.085942111   -4.886150565
   31.189659384   -5.010012096
   31.293376657   -5.118421884
   31.924264198   -5.016713432
   32.131698744   -5.332396180
   32.235416017   -5.312857798
   32.339133290   -5.222700725
   32.442850563   -5.166435326
   32.546567836   -5.222680602
   32.650285109   -5.312826381
   32.754002382   -5.332357312
   33.480023293   -4.824917034
   33.687457838   -5.332396180
   33.791175111   -5.424490027
   33.894892384   -5.421078407
   33.998609657   -5.378736544
   34.102326930   -5.378724818
   34.206044203   -5.421049905
   34.309761476   -5.424453017
   34.413478749   -5.332353353
   35.236709082   -4.498595204
   35.444143628   -5.118453465
   35.547860901   -5.312857798
   35.651578174   -5.421078407
   35.755295447   -5.456662472
   35.859012719   -5.459386745
   35.962729992   -5.456641054
   36.066447265   -5.421043408
   36.170164538   -5.312815618
   36.273881811   -5.118407131
   37.195741098   -4.204624416
   37.403175644   -4.763348065
   37.506892917   -5.010033058
   37.610610189   -5.222700725
   37.714327462   -5.378736544
   37.818044735   -5.459386745
   37.921762008   -5.459376476
   38.025479281   -5.378707785
   38.129196554   -5.222658403
   38.232913827   -5.009982997
   38.336631100   -4.763295968
   39.146688898   -4.185708699
   40.315523203   -4.440951097
   40.419240476   -4.629965084
   40.522957749   -4.886158500
   40.626675022   -5.166435326
   40.730392295   -5.378724818
   40.834109568   -5.456641054
   40.937826841   -5.378707785
   41.041544114   -5.166399179
   41.145261387   -4.886101186
   41.248978660   -4.629894042
   41.352695933   -4.440884323
   42.303280441   -4.401207018
   42.510714987   -4.363694026
   42.614432260   -4.384157642
   42.718149533   -4.552419717
   42.821866806   -4.886150565
   43.618534296   -5.222680602
   43.722251569   -5.421049905
   43.825968842   -5.421043408
   43.929686115   -5.222658403
   44.033403388   -4.886101186
   44.137120661   -4.552324913
   44.240837934   -4.384040400
   44.344555207   -4.363594452
   45.447084941   -4.650880250
   45.654519487   -4.510050042
   45.758236760   -4.391862225
   45.861954033   -4.384181011
   45.965671306   -4.629966396
   46.069388579   -5.010012096
   46.173105852   -5.312826381
   46.276823125   -5.424453017
   46.380540398   -5.312815618
   46.484257671   -5.009982997
   46.858215617   -4.629894042
   46.961932889   -4.384040400
   47.065650162   -4.391709843
   47.169367435   -4.509918614
   47.273084708   -4.684352707
   48.478170521   -4.418860252
   48.657814107   -3.936196143
   48.761531380   -4.185780653
   49.035941491   -3.835679457
   49.139658764   -3.702805827
   49.243376037   -3.918916053
   49.554527856   -4.464067829
   50.132001192   -4.037866575
   50.235718465   -4.050322803
   50.339435738   -4.112932551
   50.650587557   -4.482168166
   50.754304830   -4.482177399
   51.350115202   -4.115429988
   51.453832475   -4.315079356
   51.557549748   -4.457413555
   51.868701566   -4.684661561
   51.972418839   -4.706472122
   52.076136112   -4.684669667
   52.707023654   -4.117322522
   52.810740927   -4.439326270
   52.914458200   -4.703334973
   53.225610019   -5.071967513
   53.329327292   -5.096572245
   53.433044565   -5.096570802
   53.536761838   -5.071960258
   54.132572210   -4.439326270
   54.236289483   -4.789161613
   54.547441301   -5.459275692
   54.651158574   -5.536506988
   54.754875847   -5.559654136
   54.858593120   -5.536498794
   54.962310393   -5.459257546
   55.626424977   -4.315079356
   55.730142250   -4.703334973
   56.041294069   -5.687470091
   56.145011342   -5.864058867
   56.248728615   -5.951377394
   56.352445888   -5.951372801
   56.456163161   -5.864044678
   56.559880434   -5.687445690
   57.300569916   -4.050322803
   57.404287188   -4.457413555
   57.715439007   -5.687470091
   57.819156280   -5.982855630
   57.922873553   -6.171345261
   58.026590826   -6.236007520
   58.130308099   -6.171335887
   58.234025372   -5.982836764
   58.337742645   -5.687440915
   59.160972978   -3.702805827
   59.264690251   -4.112932551
   59.575842070   -5.459275692
   59.679559342   -5.864058867
   59.783276615   -6.171345261
   59.886993888   -6.336832696
   59.990711161   -6.336828117
   60.094428434   -6.171331355
   60.198145707   -5.864035326
   60.301862980   -5.459241255
   60.965977564   -3.936196143
   61.069694837   -3.918916053
   62.091191510   -5.071967513
   62.194908783   -5.536506988
   62.298626056   -5.951377394
   62.402343329   -6.236007520
   62.506060602   -6.336828117
   62.609777875   -6.235998365
   62.713495148   -5.951358651
   62.817212421   -5.536477278
   62.920929694   -5.071922860
   63.690117577   -4.185780653
   64.001269395   -4.684661561
   64.104986668   -5.096572245
   64.901654158   -5.559654136
   65.005371431   -5.951372801
   65.109088704   -6.171335887
   65.212805977   -6.171331355
   65.316523250   -5.951358651
   65.420240523   -5.559628007
   65.523957796   -5.096528577
   65.627675069   -4.684591375
   66.549534356   -4.418860252
   66.860686174   -4.482168166
   66.964403447   -4.706472122
   67.068120720   -5.096570802
   67.171837993   -5.536498794
   67.275555266   -5.864044678
   67.379272539   -5.982836764
   67.482989812   -5.864035326
   67.856947758   -5.536477278
   67.960665031   -5.096528577
   68.064382304   -4.706397055
   68.168099577   -4.482059970
   68.271816850   -4.463935146
   69.293313523   -4.314426392
   69.472957109   -4.099575523
   69.576674382   -4.204629143
   69.851084493   -4.037793239
   69.954801766   -4.050233639
   70.058519039   -4.112892652
   70.432476984   -3.831569104
   70.536194257   -3.990139378
   70.639911530   -4.097156657
   70.743628803   -4.201841943
   71.158497895   -4.764345173
   71.941546134   -3.631835506
   72.045263407   -3.858862968
   72.148980680   -4.111162827
   72.252697953   -4.366540561
   72.667567045   -5.215418474
   72.771284318   -5.215418626
   73.467040936   -3.858862968
   73.570758209   -4.088587541
   73.674475482   -4.453300018
   74.089344573   -5.744602081
   74.193061846   -5.817414852
   74.296779119   -5.744599222
   75.022800030   -3.990139378
   75.126517303   -4.111162827
   75.230234576   -4.453300018
   75.645103668   -6.192972055
   75.748820941   -6.367307958
   75.852538214   -6.367305991
   75.956255487   -6.192965351
   76.725443369   -4.037793239
   76.829160642   -4.097156657
   76.932877915   -4.366540561
   77.347747007   -6.443407606
   77.451464280   -6.742130937
   77.555181553   -6.845270143
   77.658898826   -6.742126266
   77.762616099   -6.443397201
   78.503305580   -4.050233639
   78.607022853   -4.201841943
   79.021891945   -6.443407606
   79.125609218   -6.873964096
   79.229326491   -7.101712213
   79.333043764   -7.101709752
   79.436761037   -6.873956316
   79.540478310   -6.443393535
   80.099012918   -4.099575523
   81.220886755   -4.112892652
   81.635755847   -6.192972055
   81.739473120   -6.742130937
   81.843190393   -7.101712213
   81.946907666   -7.226301796
   82.050624939   -7.101706776
   82.154342212   -6.742119741
   82.258059485   -6.192954011
   82.880363123   -4.204629143
   83.858829919   -5.744602081
   83.962547192   -6.367307958
   84.066264465   -6.845270143
   84.169981738   -7.101709752
   84.273699010   -7.101706776
   84.377416283   -6.845261212
   84.481133556   -6.367292719
   84.584850829   -5.744578006
   85.354038712   -4.314426392
   85.768907804   -5.215418474
   85.872625077   -5.817414852
   85.976342350   -6.367305991
   86.080059623   -6.742126266
   86.183776896   -6.873956316
   86.557734841   -6.742119741
   86.661452114   -6.367292719
   86.765169387   -5.817392936
   86.868886660   -5.215380232
   86.972603933   -4.764275884
   87.331891106   -4.400374520
   88.218051875   -4.487092846
   88.397695461   -4.441773102
   88.501412734   -4.498555158
   88.775822845   -4.115315536
   88.879540118   -4.314986295
   88.983257391   -4.457353498
   89.357215336   -3.632033245
   89.460932609   -3.858767056
   89.564649882   -4.111076881
   89.668367155   -4.366485424
   89.942777266   -3.629485792
   90.046494539   -3.833105623
   90.150211812   -4.220593949
   90.668798177   -5.906869050
   91.451846416   -3.858767056
   91.555563689   -3.833105623
   91.659280962   -4.106642492
   92.177867326   -6.584663819
   92.281584599   -6.584663232
   93.078252089   -4.115315536
   93.181969362   -4.111076881
   93.285686635   -4.220593949
   93.804273000   -7.105155410
   93.907990273   -7.229283686
   94.011707546   -7.105153321
   94.737728457   -4.314986295
   94.841445729   -4.366485424
   95.360032094   -7.383768159
   95.463749367   -7.649477003
   95.567466640   -7.649475628
   95.671183913   -7.383763824
   96.440371796   -4.441773102
   96.544089069   -4.457353498
   97.062675434   -7.383768159
   97.166392706   -7.794595678
   97.270109979   -7.935434273
   97.373827252   -7.794592220
   97.477544525   -7.383761163
   98.016475284   -4.498555158
   98.878015659   -7.105155410
   98.981732932   -7.649477003
   99.085450205   -7.935434273
   99.189167478   -7.935432243
   99.292884751   -7.649470942
   99.396602024   -7.105145232
  100.060716608   -4.487092846
  100.579302973   -6.584663819
  100.683020246   -7.229283686
  100.786737519   -7.649475628
  101.160695464   -7.794592220
  101.264412737   -7.649470942
  101.368130010   -7.229274448
  101.471847283   -6.584649701
  101.575564556   -5.906848110
  102.027657668   -4.185665796
  102.131374941   -4.185665796
  102.811494582   -4.821987388
  102.991138168   -4.691040035
  103.094855441   -4.824864033
  103.369265552   -4.117172365
  103.472982825   -4.439222510
  103.576700098   -4.703266112
  103.851110209   -3.858758572
  103.954827482   -4.088432621
  104.058544755   -4.453210333
  104.332954866   -3.858758572
  104.436672139   -3.833011886
  104.540389412   -4.106525234
  104.720032998   -4.088432621
  104.823750271   -4.106525234
  105.446053909   -7.360086471
  106.229102147   -4.439222510
  106.332819420   -4.453210333
  106.955123058   -7.932989574
  107.058840331   -7.932989120
  107.855507821   -4.691040035
  107.959225094   -4.703266112
  108.581528732   -8.233921349
  108.685246005   -8.383840979
  108.788963278   -8.233919622
  109.337783499   -4.824864033
  110.106971382   -8.233921349
  110.210688655   -8.538374801
  110.314405928   -8.538373557
  110.418123201   -8.233917664
  111.049010743   -4.821987388
  111.671314380   -7.932989574
  112.045272326   -8.383840979
  112.148989599   -8.538373557
  112.252706872   -8.383837780
  112.356424145   -7.932983350
  112.460141418   -7.360077073
  113.008961640   -4.204571742
  113.112678913   -3.917988271
  113.216396186   -4.204571742
  113.691688440   -5.100476917
  113.871332026   -4.778104648
  113.975049299   -5.016656330
  114.154692885   -4.439218389
  114.258410158   -4.789086834
  114.532820269   -3.990100784
  114.636537542   -4.111039733
  114.740254815   -4.453195563
  114.919898402   -4.111039733
  115.023615675   -4.220504865
  115.203259261   -4.439218389
  115.306976534   -4.453195563
  115.410693807   -4.789086834
  116.136714717   -8.536667706
  116.784428879   -5.016656330
  117.495478679   -8.851548030
  117.599195952   -8.851547608
  118.279315593   -5.100476917
  119.089373391   -8.851548030
  119.193090663   -9.011414261
  119.296807936   -8.851546381
  119.400525209   -8.536664108
  120.048239371   -4.498534787
  120.151956644   -4.112754496
  120.255673917   -4.112754496
  120.359391190   -3.701191937
  120.539034777   -4.498534787
  120.813444887   -5.204257225
  120.917162160   -5.016654502
  121.096805747   -4.314969471
  121.200523020   -4.703254646
  121.380166606   -4.097064276
  121.483883879   -4.366431627
  121.663527465   -4.314969471
  121.767244738   -4.366431627
  121.870962011   -4.703254646
  121.974679284   -5.016654502
  122.757727523   -9.172995707
  122.861444796   -9.172995288
  123.609360688   -4.824856993
  123.713077961   -4.457317783
  123.816795234   -4.201705802
  123.920512506   -4.050167646
  124.100156093   -4.457317783
  124.203873366   -4.050167646
  124.383516952   -4.824856993
    0.000000000   -4.843882535
    0.103717273   -4.913402899
    0.283360859   -4.635915930
    0.387078132   -4.770593842
    0.490795405   -4.770537519
    0.722714278   -4.288616915
    0.826431551   -4.493180918
    0.930148824   -4.566761525
    1.033866097   -4.493060100
    1.345017916   -3.802717865
    1.448735189   -4.075240904
    1.552452462   -4.251776135
    1.656169735   -4.251679109
    1.759887007   -4.075136396
    2.161582278   -3.181136138
    2.265299551   -3.517636668
    2.369016824   -3.811616883
    2.472734097   -3.974013887
    2.576451370   -3.811531330
    2.680168643   -3.517674115
    3.177579210   -3.443335094
    3.281296483   -3.329776513
    3.385013756   -3.256868748
    3.488731029   -3.628293025
    3.592448302   -3.628279756
    3.696165575   -3.257622942
    3.799882848   -3.329921692
    4.395693220   -3.750156593
    4.499410493   -3.699041814
    4.603127766   -3.539754094
    4.706845039   -3.327037154
    4.810562312   -3.531379159
    4.914279585   -3.327285619
    5.017996858   -3.539807553
    5.121714131   -3.699096317
    5.817470749   -3.863535173
    5.921188022   -3.920783137
    6.024905295   -3.850416973
    6.128622568   -3.684631292
    6.232339841   -3.518089430
    6.336057114   -3.518091111
    6.439774387   -3.684675856
    6.543491659   -3.850471666
    6.647208932   -3.920841484
    7.430257171   -3.920783137
    7.533974444   -3.964943815
    7.637691717   -3.895120632
    7.741408990   -3.763294362
    7.845126263   -3.688576144
    7.948843536   -3.763334037
    8.052560809   -3.895177664
    8.156278082   -3.965004840
    8.259995355   -3.920844927
    9.146156123   -3.699041814
    9.249873396   -3.850416973
    9.353590669   -3.895120632
    9.457307942   -3.853352312
    9.561025215   -3.787458306
    9.664742488   -3.787483089
    9.768459761   -3.853409355
    9.872177034   -3.895188159
    9.975894307   -3.850486474
   10.079611580   -3.699111683
   11.069011305   -3.329776513
   11.172728578   -3.539754094
   11.276445851   -3.684631292
   11.380163124   -3.763294362
   11.483880397   -3.787458306
   11.587597670   -3.788365455
   11.691314943   -3.787505225
   11.795032216   -3.763371573
   11.898749489   -3.684723799
   12.002466762   -3.539861877
   12.106184035   -3.329972720
   13.198913311   -3.517636668
   13.302630584   -3.256868748
   13.406347857   -3.327037154
   13.510065130   -3.518089430
   13.613782403   -3.688576144
   13.717499675   -3.787483089
   13.821216948   -3.787505225
   13.924934221   -3.688652991
   14.028651494   -3.518315522
   14.132368767   -3.328036712
   14.236086040   -3.258114333
   14.339803313   -3.517815867
   15.361299986   -4.075240904
   15.465017259   -3.811616883
   16.586891096   -3.628293025
   16.690608369   -3.531379159
   16.794325642   -3.518091111
   16.898042915   -3.763334037
   17.001760188   -3.853409355
   17.105477461   -3.763371573
   17.209194734   -3.518315522
   17.312912007   -3.531848526
   17.416629280   -3.628704631
   17.520346553   -3.811761266
   17.624063826   -4.075234793
   18.779010498   -4.493180918
   18.882727771   -4.251776135
   18.986445044   -3.974013887
   19.090162317   -3.628279756
   19.193879590   -3.327285619
   19.297596863   -3.684675856
   20.094264353   -3.895177664
   20.197981626   -3.895188159
   20.301698899   -3.684723799
   20.405416172   -3.328036712
   20.509133445   -3.628704631
   20.612850718   -3.974373236
   20.716567991   -4.251900467
   20.820285264   -4.493179292
   22.119858969   -4.770593842
   22.223576242   -4.566761525
   22.327293515   -4.251679109
   22.431010788   -3.811531330
   22.534728061   -3.257622942
   22.638445334   -3.539807553
   22.742162606   -3.850471666
   22.845879879   -3.965004840
   22.949597152   -3.850486474
   23.053314425   -3.539861877
   23.157031698   -3.258114333
   23.530989644   -3.811761266
   23.634706917   -4.251900467
   23.738424190   -4.566936231
   23.842141463   -4.770697688
   23.945858736   -4.913533502
   25.348919998   -4.635835488
   25.528563584   -4.117430146
   25.632280857   -4.397059350
   25.839715403   -4.622309708
   26.213673349   -3.732065983
   26.317390622   -4.023992752
   26.524825168   -4.354393875
   26.628542441   -4.354362159
   27.030237712   -3.246011075
   27.133954985   -3.533220842
   27.341389531   -3.992577654
   27.445106804   -4.050369964
   27.548824076   -3.992492994
   28.000917188   -3.403810082
   28.104634461   -3.168518437
   28.312069007   -3.526340590
   28.415786280   -3.701251864
   28.519503553   -3.701215127
   28.623220826   -3.526345671
   29.141807190   -3.571606080
   29.245524463   -3.463749640
   29.452959009   -3.550379836
   29.556676282   -3.531143483
   29.660393555   -3.519376671
   29.764110828   -3.531250569
   29.867828101   -3.550448029
   30.463638473   -3.642298411
   30.567355746   -3.675315457
   30.774790292   -3.930670678
   30.878507565   -3.941776863
   30.982224838   -3.926912654
   31.085942111   -3.926923515
   31.189659384   -3.941805042
   31.293376657   -3.930713103
   31.924264198   -3.675315457
   32.131698744   -4.157008617
   32.235416017   -4.258990038
   32.339133290   -4.295800551
   32.442850563   -4.302074737
   32.546567836   -4.295818835
   32.650285109   -4.259024039
   32.754002382   -4.157056506
   33.480023293   -3.463749640
   33.687457838   -4.157008617
   33.791175111   -4.375217280
   33.894892384   -4.507679311
   33.998609657   -4.567189163
   34.102326930   -4.567198315
   34.206044203   -4.507705071
   34.309761476   -4.375257107
   34.413478749   -4.157062544
   35.236709082   -3.168518437
   35.444143628   -3.930670678
   35.547860901   -4.258990038
   35.651578174   -4.507679311
   35.755295447   -4.662155544
   35.859012719   -4.714382226
   35.962729992   -4.662172537
   36.066447265   -4.507711660
   36.170164538   -4.259037252
   36.273881811   -3.930737025
   37.195741098   -3.533220842
   37.403175644   -3.550379836
   37.506892917   -3.941776863
   37.610610189   -4.295800551
   37.714327462   -4.567189163
   37.818044735   -4.714382226
   37.921762008   -4.714390117
   38.025479281   -4.567212925
   38.129196554   -4.295841019
   38.232913827   -3.941841642
   38.336631100   -3.550519250
   39.146688898   -4.023992752
   40.315523203   -3.526340590
   40.419240476   -3.531143483
   40.522957749   -3.926912654
   40.626675022   -4.302074737
   40.730392295   -4.567198315
   40.834109568   -4.662172537
   40.937826841   -4.567212925
   41.041544114   -4.302106698
   41.145261387   -3.926974815
   41.248978660   -3.531358390
   41.352695933   -3.526707045
   42.303280441   -4.397059350
   42.510714987   -3.992577654
   42.614432260   -3.701251864
   42.718149533   -3.519376671
   42.821866806   -3.926923515
   43.618534296   -4.295818835
   43.722251569   -4.507705071
   43.825968842   -4.507711660
   43.929686115   -4.295841019
   44.033403388   -3.926974815
   44.137120661   -3.519734791
   44.240837934   -3.701565193
   44.344555207   -3.992753168
   45.447084941   -4.635835488
   45.654519487   -4.354393875
   45.758236760   -4.050369964
   45.861954033   -3.701215127
   45.965671306   -3.531250569
   46.069388579   -3.941805042
   46.173105852   -4.259024039
   46.276823125   -4.375257107
   46.380540398   -4.259037252
   46.484257671   -3.941841642
   46.858215617   -3.531358390
   46.961932889   -3.701565193
   47.065650162   -4.050606220
   47.169367435   -4.354559139
   47.273084708   -4.622461449
   48.478170521   -4.288539551
   48.657814107   -3.732181876
   48.761531380   -4.023916271
   49.035941491   -3.387834960
   49.139658764   -3.632863431
   49.243376037   -3.836121570
   49.554527856   -4.074406673
   50.132001192   -3.444218209
   50.235718465   -3.477823381
   50.339435738   -3.517882295
   50.650587557   -3.723574726
   50.754304830   -3.723560012
   51.350115202   -3.604572291
   51.453832475   -3.546416608
   51.557549748   -3.420980362
   51.868701566   -3.681705234
   51.972418839   -3.737384375
   52.076136112   -3.681735618
   52.707023654   -3.697694998
   52.810740927   -3.653885811
   52.914458200   -3.543539169
   53.225610019   -4.134186178
   53.329327292   -4.238696617
   53.433044565   -4.238699535
   53.536761838   -4.134197375
   54.132572210   -3.653885811
   54.236289483   -3.608700112
   54.547441301   -4.544066960
   54.651158574   -4.726735412
   54.754875847   -4.789744998
   54.858593120   -4.726742536
   54.962310393   -4.544084301
   55.626424977   -3.546416608
   55.730142250   -3.543539169
   56.041294069   -4.779268870
   56.145011342   -5.070925208
   56.248728615   -5.223626140
   56.352445888   -5.223629856
   56.456163161   -5.070937396
   56.559880434   -4.779291907
   57.300569916   -3.477823381
   57.404287188   -3.420980362
   57.715439007   -4.779268870
   57.819156280   -5.193686340
   57.922873553   -5.459832732
   58.026590826   -5.551464206
   58.130308099   -5.459840557
   58.234025372   -5.193702853
   58.337742645   -4.779296778
   59.160972978   -3.632863431
   59.264690251   -3.517882295
   59.575842070   -4.544066960
   59.679559342   -5.070925208
   59.783276615   -5.459832732
   59.886993888   -5.665587031
   59.990711161   -5.665590884
   60.094428434   -5.459844608
   60.198145707   -5.070946016
   60.301862980   -4.544100359
   60.965977564   -3.732181876
   61.069694837   -3.836121570
   62.091191510   -4.134186178
   62.194908783   -4.726735412
   62.298626056   -5.223626140
   62.402343329   -5.551464206
   62.506060602   -5.665590884
   62.609777875   -5.551472112
   62.713495148   -5.223642235
   62.817212421   -4.726761321
   62.920929694   -4.134232644
   63.690117577   -4.023916271
   64.001269395   -3.681705234
   64.104986668   -4.238696617
   64.901654158   -4.789744998
   65.005371431   -5.223629856
   65.109088704   -5.459840557
   65.212805977   -5.459844608
   65.316523250   -5.223642235
   65.420240523   -4.789767014
   65.523957796   -4.238734841
   65.627675069   -3.681812387
   66.549534356   -4.288539551
   66.860686174   -3.723574726
   66.964403447   -3.737384375
   67.068120720   -4.238699535
   67.171837993   -4.726742536
   67.275555266   -5.070937396
   67.379272539   -5.193702853
   67.482989812   -5.070946016
   67.856947758   -4.726761321
   67.960665031   -4.238734841
   68.064382304   -3.737460725
   68.168099577   -3.723852369
   68.271816850   -4.074619706
   69.293313523   -3.802698964
   69.472957109   -3.251495914
   69.576674382   -3.533268265
   69.851084493   -3.444352156
   69.954801766   -3.478049446
   70.058519039   -3.517993105
   70.432476984   -3.381450012
   70.536194257   -3.442033275
   70.639911530   -3.512366301
   70.743628803   -3.548783042
   71.158497895   -3.815090533
   71.941546134   -3.598386939
   72.045263407   -3.615325383
   72.148980680   -3.593122100
   72.252697953   -3.531603095
   72.667567045   -4.406229657
   72.771284318   -4.406229951
   73.467040936   -3.615325383
   73.570758209   -3.676078104
   73.674475482   -3.599665949
   74.089344573   -5.004672415
   74.193061846   -5.100428294
   74.296779119   -5.004674935
   75.022800030   -3.442033275
   75.126517303   -3.593122100
   75.230234576   -3.599665949
   75.645103668   -5.478064721
   75.748820941   -5.690443754
   75.852538214   -5.690445427
   75.956255487   -5.478070424
   76.725443369   -3.444352156
   76.829160642   -3.512366301
   76.932877915   -3.531603095
   77.347747007   -5.735715794
   77.451464280   -6.079893532
   77.555181553   -6.197592484
   77.658898826   -6.079897635
   77.762616099   -5.735724896
   78.503305580   -3.478049446
   78.607022853   -3.548783042
   79.021891945   -5.735715794
   79.125609218   -6.215285130
   79.229326491   -6.465216526
   79.333043764   -6.465218762
   79.436761037   -6.215292174
   79.540478310   -5.735728354
   80.099012918   -3.251495914
   81.220886755   -3.517993105
   81.635755847   -5.478064721
   81.739473120   -6.079893532
   81.843190393   -6.465216526
   81.946907666   -6.597493087
   82.050624939   -6.465221589
   82.154342212   -6.079903820
   82.258059485   -5.478080784
   82.880363123   -3.533268265
   83.858829919   -5.004672415
   83.962547192   -5.690443754
   84.066264465   -6.197592484
   84.169981738   -6.465218762
   84.273699010   -6.465221589
   84.377416283   -6.197600876
   84.481133556   -5.690457599
   84.584850829   -5.004692998
   85.354038712   -3.802698964
   85.768907804   -4.406229657
   85.872625077   -5.100428294
   85.976342350   -5.690445427
   86.080059623   -6.079897635
   86.183776896   -6.215292174
   86.557734841   -6.079903820
   86.661452114   -5.690457599
   86.765169387   -5.100447018
   86.868886660   -4.406260779
   86.972603933   -3.815152909
   87.331891106   -4.397899577
   88.218051875   -3.182377372
   88.397695461   -3.404071661
   88.501412734   -3.168485295
   88.775822845   -3.604700689
   88.879540118   -3.546602169
   88.983257391   -3.421164750
   89.357215336   -3.598062492
   89.460932609   -3.615377492
   89.564649882   -3.593243374
   89.668367155   -3.531742252
   89.942777266   -3.628000812
   90.046494539   -3.611384218
   90.150211812   -3.560695100
   90.668798177   -5.206823154
   91.451846416   -3.615377492
   91.555563689   -3.611384218
   91.659280962   -3.608829156
   92.177867326   -5.931714973
   92.281584599   -5.931715491
   93.078252089   -3.604700689
   93.181969362   -3.593243374
   93.285686635   -3.560695100
   93.804273000   -6.469216706
   93.907990273   -6.601631736
   94.011707546   -6.469218600
   94.737728457   -3.546602169
   94.841445729   -3.531742252
   95.360032094   -6.752973338
   95.463749367   -7.030923767
   95.567466640   -7.030925067
   95.671183913   -6.752977403
   96.440371796   -3.404071661
   96.544089069   -3.421164750
   97.062675434   -6.752973338
   97.166392706   -7.178280217
   97.270109979   -7.323365701
   97.373827252   -7.178283566
   97.477544525   -6.752980019
   98.016475284   -3.168485295
   98.878015659   -6.469216706
   98.981732932   -7.030923767
   99.085450205   -7.323365701
   99.189167478   -7.323367701
   99.292884751   -7.030929705
   99.396602024   -6.469226490
  100.060716608   -3.182377372
  100.579302973   -5.931714973
  100.683020246   -6.601631736
  100.786737519   -7.030925067
  101.160695464   -7.178283566
  101.264412737   -7.030929705
  101.368130010   -6.601640770
  101.471847283   -5.931728250
  101.575564556   -5.206841276
  102.027657668   -4.024064387
  102.131374941   -4.024064387
  102.811494582   -3.443398808
  102.991138168   -3.571788333
  103.094855441   -3.463569925
  103.369265552   -3.697850886
  103.472982825   -3.654058269
  103.576700098   -3.543696115
  103.851110209   -3.615348013
  103.954827482   -3.676245383
  104.058544755   -3.599852556
  104.332954866   -3.615348013
  104.436672139   -3.611359908
  104.540389412   -3.609046497
  104.720032998   -3.676245383
  104.823750271   -3.609046497
  105.446053909   -6.738799089
  106.229102147   -3.654058269
  106.332819420   -3.599852556
  106.955123058   -7.322347248
  107.058840331   -7.322347683
  107.855507821   -3.571788333
  107.959225094   -3.543696115
  108.581528732   -7.626445028
  108.685246005   -7.778927222
  108.788963278   -7.626446723
  109.337783499   -3.463569925
  110.106971382   -7.626445028
  110.210688655   -7.934837960
  110.314405928   -7.934839201
  110.418123201   -7.626448690
  111.049010743   -3.443398808
  111.671314380   -7.322347248
  112.045272326   -7.778927222
  112.148989599   -7.934839201
  112.252706872   -7.778930436
  112.356424145   -7.322353464
  112.460141418   -6.738808382
  113.008961640   -3.533461506
  113.112678913   -3.837202728
  113.216396186   -3.533461506
  113.691688440   -3.750213916
  113.871332026   -3.642464190
  113.975049299   -3.675331334
  114.154692885   -3.654060118
  114.258410158   -3.608861220
  114.532820269   -3.441996588
  114.636537542   -3.593236052
  114.740254815   -3.599857395
  114.919898402   -3.593236052
  115.023615675   -3.560750535
  115.203259261   -3.654060118
  115.306976534   -3.599857395
  115.410693807   -3.608861220
  116.136714717   -7.933817877
  116.784428879   -3.675331334
  117.495478679   -8.250911433
  117.599195952   -8.250911856
  118.279315593   -3.750213916
  119.089373391   -8.250911433
  119.193090663   -8.411772328
  119.296807936   -8.250913097
  119.400525209   -7.933821509
  120.048239371   -3.169131791
  120.151956644   -3.518427848
  120.255673917   -3.518427848
  120.359391190   -3.634862460
  120.539034777   -3.169131791
  120.813444887   -3.863594530
  120.917162160   -3.675343688
  121.096805747   -3.546625137
  121.200523020   -3.543746513
  121.380166606   -3.512494762
  121.483883879   -3.531824559
  121.663527465   -3.546625137
  121.767244738   -3.531824559
  121.870962011   -3.543746513
  121.974679284   -3.675343688
  122.757727523   -8.574244567
  122.861444796   -8.574244991
  123.609360688   -3.463680771
  123.713077961   -3.421340408
  123.816795234   -3.549118437
  123.920512506   -3.478231168
  124.100156093   -3.421340408
  124.203873366   -3.478231168
  124.383516952   -3.463680771
    0.000000000   -3.349069135
    0.103717273   -3.424872330
    0.283360859   -3.153568840
    0.387078132   -3.303799047
    0.490795405   -3.303795792
    0.722714278   -2.915758520
    0.826431551   -3.084279003
    0.930148824   -3.158105590
    1.033866097   -3.084087097
    1.345017916   -2.839493995
    1.448735189   -2.908645558
    1.552452462   -2.968543619
    1.656169735   -2.968379053
    1.759887007   -2.908227379
    2.161582278   -3.063420968
    2.265299551   -2.991292595
    2.369016824   -2.912318362
    2.472734097   -2.875044823
    2.576451370   -2.911923355
    2.680168643   -2.990763145
    3.177579210   -3.192846976
    3.281296483   -2.924424943
    3.385013756   -3.151493498
    3.488731029   -2.983059112
    3.592448302   -2.982870842
    3.696165575   -3.150412456
    3.799882848   -2.925636254
    4.395693220   -3.477271617
    4.499410493   -3.323476253
    4.603127766   -3.166850491
    4.706845039   -3.290453551
    4.810562312   -3.206122496
    4.914279585   -3.290406122
    5.017996858   -3.167275267
    5.121714131   -3.323832839
    5.817470749   -3.576176198
    5.921188022   -3.529482200
    6.024905295   -3.438831565
    6.128622568   -3.358201961
    6.232339841   -3.422429670
    6.336057114   -3.422605605
    6.439774387   -3.358506716
    6.543491659   -3.439118029
    6.647208932   -3.529749443
    7.430257171   -3.529482200
    7.533974444   -3.536001528
    7.637691717   -3.500157002
    7.741408990   -3.457835560
    7.845126263   -3.455854937
    7.948843536   -3.458075754
    8.052560809   -3.500408695
    8.156278082   -3.536258220
    8.259995355   -3.529753584
    9.146156123   -3.323476253
    9.249873396   -3.438831565
    9.353590669   -3.500157002
    9.457307942   -3.509723318
    9.561025215   -3.488162377
    9.664742488   -3.488361829
    9.768459761   -3.509950996
    9.872177034   -3.500414602
    9.975894307   -3.439138660
   10.079611580   -3.323860433
   11.069011305   -2.924424943
   11.172728578   -3.166850491
   11.276445851   -3.358201961
   11.380163124   -3.457835560
   11.483880397   -3.488162377
   11.587597670   -3.491152582
   11.691314943   -3.488340570
   11.795032216   -3.458072474
   11.898749489   -3.358552841
   12.002466762   -3.167443580
   12.106184035   -2.926905051
   13.198913311   -2.991292595
   13.302630584   -3.151493498
   13.406347857   -3.290453551
   13.510065130   -3.422429670
   13.613782403   -3.455854937
   13.717499675   -3.488361829
   13.821216948   -3.488340570
   13.924934221   -3.455929812
   14.028651494   -3.422590098
   14.132368767   -3.290090720
   14.236086040   -3.150526881
   14.339803313   -2.990906157
   15.361299986   -2.908645558
   15.465017259   -2.912318362
   16.586891096   -2.983059112
   16.690608369   -3.206122496
   16.794325642   -3.422605605
   16.898042915   -3.458075754
   17.001760188   -3.509950996
   17.105477461   -3.458072474
   17.209194734   -3.422590098
   17.312912007   -3.206145555
   17.416629280   -2.983124756
   17.520346553   -2.912240373
   17.624063826   -2.908465818
   18.779010498   -3.084279003
   18.882727771   -2.968543619
   18.986445044   -2.875044823
   19.090162317   -2.982870842
   19.193879590   -3.290406122
   19.297596863   -3.358506716
   20.094264353   -3.500408695
   20.197981626   -3.500414602
   20.301698899   -3.358552841
   20.405416172   -3.290090720
   20.509133445   -2.983124756
   20.612850718   -2.875331638
   20.716567991   -2.968701717
   20.820285264   -3.084384502
   22.119858969   -3.303799047
   22.223576242   -3.158105590
   22.327293515   -2.968379053
   22.431010788   -2.911923355
   22.534728061   -3.150412456
   22.638445334   -3.167275267
   22.742162606   -3.439118029
   22.845879879   -3.536258220
   22.949597152   -3.439138660
   23.053314425   -3.167443580
   23.157031698   -3.150526881
   23.530989644   -2.912240373
   23.634706917   -2.968701717
   23.738424190   -3.158341603
   23.842141463   -3.304014696
   23.945858736   -3.425074189
   25.348919998   -3.153814431
   25.528563584   -2.638649779
   25.632280857   -2.932378237
   25.839715403   -3.240236411
   26.213673349   -2.936913649
   26.317390622   -2.716099159
   26.524825168   -3.122032775
   26.628542441   -3.121996526
   27.030237712   -3.231665618
   27.133954985   -2.779213869
   27.341389531   -3.047551297
   27.445106804   -3.103536721
   27.548824076   -3.047392764
   28.000917188   -3.014384669
   28.104634461   -3.100806703
   28.312069007   -3.186787264
   28.415786280   -3.212727779
   28.519503553   -3.212630457
   28.623220826   -3.186451729
   29.141807190   -3.297744963
   29.245524463   -3.410623936
   29.452959009   -2.947113940
   29.556676282   -3.306161893
   29.660393555   -3.463607017
   29.764110828   -3.305911089
   29.867828101   -2.946767832
   30.463638473   -3.398258028
   30.567355746   -3.573082831
   30.774790292   -3.247239758
   30.878507565   -3.098941623
   30.982224838   -3.276347986
   31.085942111   -3.276384286
   31.189659384   -3.099258148
   31.293376657   -3.247570940
   31.924264198   -3.573082831
   32.131698744   -3.449098319
   32.235416017   -3.327573824
   32.339133290   -3.248770369
   32.442850563   -3.283040014
   32.546567836   -3.249030799
   32.650285109   -3.327860464
   32.754002382   -3.449364740
   33.480023293   -3.410623936
   33.687457838   -3.449098319
   33.791175111   -3.420028743
   33.894892384   -3.360226086
   33.998609657   -3.305245345
   34.102326930   -3.305450467
   34.206044203   -3.360488199
   34.309761476   -3.420297683
   34.413478749   -3.449381009
   35.236709082   -3.100806703
   35.444143628   -3.247239758
   35.547860901   -3.327573824
   35.651578174   -3.360226086
   35.755295447   -3.351746083
   35.859012719   -3.315618312
   35.962729992   -3.351980710
   36.066447265   -3.360497915
   36.170164538   -3.327912927
   36.273881811   -3.247683870
   37.195741098   -2.779213869
   37.403175644   -2.947113940
   37.506892917   -3.098941623
   37.610610189   -3.248770369
   37.714327462   -3.305245345
   37.818044735   -3.315618312
   37.921762008   -3.315624383
   38.025479281   -3.305433040
   38.129196554   -3.249128229
   38.232913827   -3.099695736
   38.336631100   -2.950134258
   39.146688898   -2.716099159
   40.315523203   -3.186787264
   40.419240476   -3.306161893
   40.522957749   -3.276347986
   40.626675022   -3.283040014
   40.730392295   -3.305450467
   40.834109568   -3.351980710
   40.937826841   -3.305433040
   41.041544114   -3.283216830
   41.145261387   -3.276715485
   41.248978660   -3.306394750
   41.352695933   -3.186637584
   42.303280441   -2.932378237
   42.510714987   -3.047551297
   42.614432260   -3.212727779
   42.718149533   -3.463607017
   42.821866806   -3.276384286
   43.618534296   -3.249030799
   43.722251569   -3.360488199
   43.825968842   -3.360497915
   43.929686115   -3.249128229
   44.033403388   -3.276715485
   44.137120661   -3.463702416
   44.240837934   -3.212790651
   44.344555207   -3.047658580
   45.447084941   -3.153814431
   45.654519487   -3.122032775
   45.758236760   -3.103536721
   45.861954033   -3.212630457
   45.965671306   -3.305911089
   46.069388579   -3.099258148
   46.173105852   -3.327860464
   46.276823125   -3.420297683
   46.380540398   -3.327912927
   46.484257671   -3.099695736
   46.858215617   -3.306394750
   46.961932889   -3.212790651
   47.065650162   -3.103737942
   47.169367435   -3.122238915
   47.273084708   -3.240454733
   48.478170521   -2.915393344
   48.657814107   -2.936819949
   48.761531380   -2.715436165
   49.035941491   -3.364674220
   49.139658764   -3.272907730
   49.243376037   -2.799934235
   49.554527856   -3.185074924
   50.132001192   -3.097266951
   50.235718465   -3.064045578
   50.339435738   -2.953574487
   50.650587557   -3.348247242
   50.754304830   -3.348216381
   51.350115202   -2.866651408
   51.453832475   -2.872756932
   51.557549748   -3.104201582
   51.868701566   -3.361862790
   51.972418839   -3.380178461
   52.076136112   -3.361704006
   52.707023654   -2.774295870
   52.810740927   -3.035945890
   52.914458200   -3.379613907
   53.225610019   -2.986865606
   53.329327292   -3.113912138
   53.433044565   -3.113852156
   53.536761838   -2.986700540
   54.132572210   -3.035945890
   54.236289483   -3.477890585
   54.547441301   -3.104326259
   54.651158574   -2.979194226
   54.754875847   -3.040253510
   54.858593120   -2.979424092
   54.962310393   -3.104684402
   55.626424977   -2.872756932
   55.730142250   -3.379613907
   56.041294069   -3.298144511
   56.145011342   -3.154863840
   56.248728615   -3.058632191
   56.352445888   -3.058859025
   56.456163161   -3.155180470
   56.559880434   -3.298434665
   57.300569916   -3.064045578
   57.404287188   -3.104201582
   57.715439007   -3.298144511
   57.819156280   -3.241958930
   57.922873553   -3.165353767
   58.026590826   -3.084349110
   58.130308099   -3.165628746
   58.234025372   -3.242252084
   58.337742645   -3.298459366
   59.160972978   -3.272907730
   59.264690251   -2.953574487
   59.575842070   -3.104326259
   59.679559342   -3.154863840
   59.783276615   -3.165353767
   59.886993888   -3.145841807
   59.990711161   -3.146032393
   60.094428434   -3.165613316
   60.198145707   -3.155227722
   60.301862980   -3.104878356
   60.965977564   -2.936819949
   61.069694837   -2.799934235
   62.091191510   -2.986865606
   62.194908783   -2.979194226
   62.298626056   -3.058632191
   62.402343329   -3.084349110
   62.506060602   -3.146032393
   62.609777875   -3.084101833
   62.713495148   -3.058859142
   62.817212421   -2.979818699
   62.920929694   -2.987789255
   63.690117577   -2.715436165
   64.001269395   -3.361862790
   64.104986668   -3.113912138
   64.901654158   -3.040253510
   65.005371431   -3.058859025
   65.109088704   -3.165628746
   65.212805977   -3.165613316
   65.316523250   -3.058859142
   65.420240523   -3.040530595
   65.523957796   -3.114322932
   65.627675069   -3.362141426
   66.549534356   -2.915393344
   66.860686174   -3.348247242
   66.964403447   -3.380178461
   67.068120720   -3.113852156
   67.171837993   -2.979424092
   67.275555266   -3.155180470
   67.379272539   -3.242252084
   67.482989812   -3.155227722
   67.856947758   -2.979818699
   67.960665031   -3.114322932
   68.064382304   -3.380533118
   68.168099577   -3.348352834
   68.271816850   -3.185263246
   69.293313523   -2.839005465
   69.472957109   -3.226414286
   69.576674382   -2.774537481
   69.851084493   -3.097301472
   69.954801766   -3.064061304
   70.058519039   -2.953700920
   70.432476984   -3.365411609
   70.536194257   -3.164120720
   70.639911530   -3.031075498
   70.743628803   -2.934137966
   71.158497895   -3.340117973
   71.941546134   -3.344911233
   72.045263407   -3.144567858
   72.148980680   -3.002933364
   72.252697953   -3.077490620
   72.667567045   -2.984511659
   72.771284318   -2.984458575
   73.467040936   -3.144567858
   73.570758209   -2.970292479
   73.674475482   -3.201765756
   74.089344573   -2.780279589
   74.193061846   -2.745220824
   74.296779119   -2.780142061
   75.022800030   -3.164120720
   75.126517303   -3.002933364
   75.230234576   -3.201765756
   75.645103668   -2.913755348
   75.748820941   -2.753485861
   75.852538214   -2.753738407
   75.956255487   -2.914171888
   76.725443369   -3.097301472
   76.829160642   -3.031075498
   76.932877915   -3.077490620
   77.347747007   -3.096044751
   77.451464280   -2.940314546
   77.555181553   -2.807941737
   77.658898826   -2.940659186
   77.762616099   -3.096362774
   78.503305580   -3.064061304
   78.607022853   -2.934137966
   79.021891945   -3.096044751
   79.125609218   -3.024188919
   79.229326491   -2.939082356
   79.333043764   -2.939350008
   79.436761037   -3.024494602
   79.540478310   -3.096377410
   80.099012918   -3.226414286
   81.220886755   -2.953700920
   81.635755847   -2.913755348
   81.739473120   -2.940314546
   81.843190393   -2.939082356
   81.946907666   -2.913818389
   82.050624939   -2.939347706
   82.154342212   -2.940661458
   82.258059485   -2.914279861
   82.880363123   -2.774537481
   83.858829919   -2.780279589
   83.962547192   -2.753485861
   84.066264465   -2.807941737
   84.169981738   -2.939350008
   84.273699010   -2.939347706
   84.377416283   -2.807119714
   84.481133556   -2.753762286
   84.584850829   -2.780776033
   85.354038712   -2.839005465
   85.768907804   -2.984511659
   85.872625077   -2.745220824
   85.976342350   -2.753738407
   86.080059623   -2.940659186
   86.183776896   -3.024494602
   86.557734841   -2.940661458
   86.661452114   -2.753762286
   86.765169387   -2.745599287
   86.868886660   -2.984959294
   86.972603933   -3.340480866
   87.331891106   -2.932680887
   88.218051875   -3.061946942
   88.397695461   -3.014941860
   88.501412734   -3.101884219
   88.775822845   -2.866766783
   88.879540118   -2.873322655
   88.983257391   -3.104582881
   89.357215336   -3.345065045
   89.460932609   -3.144673040
   89.564649882   -3.002957939
   89.668367155   -3.077689051
   89.942777266   -3.378487949
   90.046494539   -3.359829030
   90.150211812   -3.254289556
   90.668798177   -2.526240686
   91.451846416   -3.144673040
   91.555563689   -3.359829030
   91.659280962   -3.405863245
   92.177867326   -2.447531493
   92.281584599   -2.447340776
   93.078252089   -2.866766783
   93.181969362   -3.002957939
   93.285686635   -3.254289556
   93.804273000   -2.703263007
   93.907990273   -2.534369637
   94.011707546   -2.703718356
   94.737728457   -2.873322655
   94.841445729   -3.077689051
   95.360032094   -2.870753484
   95.463749367   -2.720709898
   95.567466640   -2.721084821
   95.671183913   -2.871108971
   96.440371796   -3.014941860
   96.544089069   -3.104582881
   97.062675434   -2.870753484
   97.166392706   -2.796692936
   97.270109979   -2.729481014
   97.373827252   -2.797089089
   97.477544525   -2.871139033
   98.016475284   -3.101884219
   98.878015659   -2.703263007
   98.981732932   -2.720709898
   99.085450205   -2.729481014
   99.189167478   -2.729997240
   99.292884751   -2.721384336
   99.396602024   -2.703932165
  100.060716608   -3.061946942
  100.579302973   -2.447531493
  100.683020246   -2.534369637
  100.786737519   -2.721084821
  101.160695464   -2.797089089
  101.264412737   -2.721384336
  101.368130010   -2.539772484
  101.471847283   -2.448920550
  101.575564556   -2.526537075
  102.027657668   -2.715926613
  102.131374941   -2.715926613
  102.811494582   -3.193372922
  102.991138168   -3.297954859
  103.094855441   -3.411220701
  103.369265552   -2.774119106
  103.472982825   -3.036148876
  103.576700098   -3.379814364
  103.851110209   -3.144739449
  103.954827482   -2.970343061
  104.058544755   -3.201871773
  104.332954866   -3.144739449
  104.436672139   -3.360011654
  104.540389412   -3.405820297
  104.720032998   -2.970343061
  104.823750271   -3.405820297
  105.446053909   -2.349012905
  106.229102147   -3.036148876
  106.332819420   -3.201871773
  106.955123058   -2.509641211
  107.058840331   -2.510237183
  107.855507821   -3.297954859
  107.959225094   -3.379814364
  108.581528732   -2.656384141
  108.685246005   -2.550916844
  108.788963278   -2.656894473
  109.337783499   -3.411220701
  110.106971382   -2.656384141
  110.210688655   -2.595231555
  110.314405928   -2.596042724
  110.418123201   -2.657167707
  111.049010743   -3.193372922
  111.671314380   -2.509641211
  112.045272326   -2.550916844
  112.148989599   -2.596042724
  112.252706872   -2.553331336
  112.356424145   -2.513334476
  112.460141418   -2.376260687
  113.008961640   -2.777043143
  113.112678913   -2.799941973
  113.216396186   -2.777043143
  113.691688440   -3.477576629
  113.871332026   -3.398439933
  113.975049299   -3.573399594
  114.154692885   -3.036148771
  114.258410158   -3.478059783
  114.532820269   -3.164262182
  114.636537542   -3.003095712
  114.740254815   -3.201877549
  114.919898402   -3.003095712
  115.023615675   -3.254463956
  115.203259261   -3.036148771
  115.306976534   -3.201877549
  115.410693807   -3.478059783
  116.136714717   -2.406985069
  116.784428879   -3.573399594
  117.495478679   -2.489478745
  117.599195952   -2.490482209
  118.279315593   -3.477576629
  119.089373391   -2.489478745
  119.193090663   -2.468272691
  119.296807936   -2.492587312
  119.400525209   -2.431972702
  120.048239371   -3.101472364
  120.151956644   -2.953483238
  120.255673917   -2.953483238
  120.359391190   -3.272543624
  120.539034777   -3.101472364
  120.813444887   -3.576438714
  120.917162160   -3.573392958
  121.096805747   -2.873288044
  121.200523020   -3.379783325
  121.380166606   -3.031169714
  121.483883879   -3.077671836
  121.663527465   -2.873288044
  121.767244738   -3.077671836
  121.870962011   -3.379783325
  121.974679284   -3.573392958
  122.757727523   -2.419692522
  122.861444796   -2.429629758
  123.609360688   -3.411140282
  123.713077961   -3.104499281
  123.816795234   -2.934364248
  123.920512506   -3.063975228
  124.100156093   -3.104499281
  124.203873366   -3.063975228
  124.383516952   -3.411140282
    0.000000000   -3.348780481
    0.103717273   -3.413960780
    0.283360859   -3.147704432
    0.387078132   -3.262750134
    0.490795405   -3.262752115
    0.722714278   -2.827654640
    0.826431551   -2.996169114
    0.930148824   -3.041710699
    1.033866097   -2.996369410
    1.345017916   -2.372808860
    1.448735189   -2.614298448
    1.552452462   -2.726119113
    1.656169735   -2.726319906
    1.759887007   -2.614820007
    2.161582278   -2.761079080
    2.265299551   -2.360572984
    2.369016824   -2.328587322
    2.472734097   -2.413745406
    2.576451370   -2.329617257
    2.680168643   -2.361556206
    3.177579210   -2.431592400
    3.281296483   -2.823503405
    3.385013756   -2.695693476
    3.488731029   -2.594541837
    3.592448302   -2.594884272
    3.696165575   -2.696262341
    3.799882848   -2.822183763
    4.395693220   -1.676461577
    4.499410493   -1.999445860
    4.603127766   -2.529972749
    4.706845039   -2.779396890
    4.810562312   -2.755734364
    4.914279585   -2.779302807
    5.017996858   -2.529495796
    5.121714131   -1.998574783
    5.817470749   -1.775985016
    5.921188022   -1.720746744
    6.024905295   -1.774811605
    6.128622568   -2.473271144
    6.232339841   -2.852439849
    6.336057114   -2.852339732
    6.439774387   -2.473032678
    6.543491659   -1.774141144
    6.647208932   -1.719371721
    7.430257171   -1.720746744
    7.533974444   -1.731134945
    7.637691717   -2.067151395
    7.741408990   -2.801339705
    7.845126263   -3.101591195
    7.948843536   -2.801250023
    8.052560809   -2.067261114
    8.156278082   -1.729851626
    8.259995355   -1.719214672
    9.146156123   -1.999445860
    9.249873396   -1.774811605
    9.353590669   -2.067151395
    9.457307942   -2.735277102
    9.561025215   -3.264436984
    9.664742488   -3.264336164
    9.768459761   -2.735316910
    9.872177034   -2.067200265
    9.975894307   -1.772430067
   10.079611580   -1.998182019
   11.069011305   -2.823503405
   11.172728578   -2.529972749
   11.276445851   -2.473271144
   11.380163124   -2.801339705
   11.483880397   -3.264436984
   11.587597670   -3.489687095
   11.691314943   -3.264444881
   11.795032216   -2.801388343
   11.898749489   -2.472973716
   12.002466762   -2.529111592
   12.106184035   -2.820727428
   13.198913311   -2.360572984
   13.302630584   -2.695693476
   13.406347857   -2.779396890
   13.510065130   -2.852439849
   13.613782403   -3.101591195
   13.717499675   -3.264336164
   13.821216948   -3.264444881
   13.924934221   -3.101730224
   14.028651494   -2.852360071
   14.132368767   -2.778858238
   14.236086040   -2.695425427
   14.339803313   -2.360619778
   15.361299986   -2.614298448
   15.465017259   -2.328587322
   16.586891096   -2.594541837
   16.690608369   -2.755734364
   16.794325642   -2.852339732
   16.898042915   -2.801250023
   17.001760188   -2.735316910
   17.105477461   -2.801388343
   17.209194734   -2.852360071
   17.312912007   -2.755391620
   17.416629280   -2.594031810
   17.520346553   -2.327516297
   17.624063826   -2.614441974
   18.779010498   -2.996169114
   18.882727771   -2.726119113
   18.986445044   -2.413745406
   19.090162317   -2.594884272
   19.193879590   -2.779302807
   19.297596863   -2.473032678
   20.094264353   -2.067261114
   20.197981626   -2.067200265
   20.301698899   -2.472973716
   20.405416172   -2.778858238
   20.509133445   -2.594031810
   20.612850718   -2.412553548
   20.716567991   -2.725865953
   20.820285264   -2.996038515
   22.119858969   -3.262750134
   22.223576242   -3.041710699
   22.327293515   -2.726319906
   22.431010788   -2.329617257
   22.534728061   -2.696262341
   22.638445334   -2.529495796
   22.742162606   -1.774141144
   22.845879879   -1.729851626
   22.949597152   -1.772430067
   23.053314425   -2.529111592
   23.157031698   -2.695425427
   23.530989644   -2.327516297
   23.634706917   -2.725865953
   23.738424190   -3.041436606
   23.842141463   -3.262521576
   23.945858736   -3.413755820
   25.348919998   -3.147452936
   25.528563584   -2.636725765
   25.632280857   -2.890761826
   25.839715403   -3.091731654
   26.213673349   -2.452058429
   26.317390622   -2.554028105
   26.524825168   -2.801186360
   26.628542441   -2.801233021
   27.030237712   -2.636656680
   27.133954985   -2.752261333
   27.341389531   -2.437785764
   27.445106804   -2.466123828
   27.548824076   -2.438059845
   28.000917188   -2.692077297
   28.104634461   -2.861586589
   28.312069007   -2.309472695
   28.415786280   -2.118499215
   28.519503553   -2.118377037
   28.623220826   -2.310502519
   29.141807190   -2.159115630
   29.245524463   -2.209726674
   29.452959009   -2.857290473
   29.556676282   -2.568301448
   29.660393555   -2.436689603
   29.764110828   -2.568796855
   29.867828101   -2.857807866
   30.463638473   -1.892342571
   30.567355746   -1.790688824
   30.774790292   -2.269735066
   30.878507565   -2.711366472
   30.982224838   -2.699610293
   31.085942111   -2.699670725
   31.189659384   -2.711176950
   31.293376657   -2.269370647
   31.924264198   -1.790688824
   32.131698744   -1.634718079
   32.235416017   -2.264628455
   32.339133290   -2.777004257
   32.442850563   -2.904136046
   32.546567836   -2.776822412
   32.650285109   -2.264408063
   32.754002382   -1.633046328
   33.480023293   -2.209726674
   33.687457838   -1.634718079
   33.791175111   -1.998264421
   33.894892384   -2.659800351
   33.998609657   -3.073769418
   34.102326930   -3.073613911
   34.206044203   -2.659673958
   34.309761476   -1.998179935
   34.413478749   -1.629281375
   35.236709082   -2.861586589
   35.444143628   -2.269735066
   35.547860901   -2.264628455
   35.651578174   -2.659800351
   35.755295447   -3.096031993
   35.859012719   -3.296701227
   35.962729992   -3.095926561
   36.066447265   -2.659764837
   36.170164538   -2.264365313
   36.273881811   -2.268997346
   37.195741098   -2.752261333
   37.403175644   -2.857290473
   37.506892917   -2.711366472
   37.610610189   -2.777004257
   37.714327462   -3.073769418
   37.818044735   -3.296701227
   37.921762008   -3.296776189
   38.025479281   -3.073813743
   38.129196554   -2.776937074
   38.232913827   -2.710705955
   38.336631100   -2.854165635
   39.146688898   -2.554028105
   40.315523203   -2.309472695
   40.419240476   -2.568301448
   40.522957749   -2.699610293
   40.626675022   -2.904136046
   40.730392295   -3.073613911
   40.834109568   -3.095926561
   40.937826841   -3.073813743
   41.041544114   -2.904271921
   41.145261387   -2.699523133
   41.248978660   -2.568071568
   41.352695933   -2.308955457
   42.303280441   -2.890761826
   42.510714987   -2.437785764
   42.614432260   -2.118499215
   42.718149533   -2.436689603
   42.821866806   -2.699670725
   43.618534296   -2.776822412
   43.722251569   -2.659673958
   43.825968842   -2.659764837
   43.929686115   -2.776937074
   44.033403388   -2.699523133
   44.137120661   -2.436369608
   44.240837934   -2.110101352
   44.344555207   -2.437398966
   45.447084941   -3.147452936
   45.654519487   -2.801186360
   45.758236760   -2.466123828
   45.861954033   -2.118377037
   45.965671306   -2.568796855
   46.069388579   -2.711176950
   46.173105852   -2.264408063
   46.276823125   -1.998179935
   46.380540398   -2.264365313
   46.484257671   -2.710705955
   46.858215617   -2.568071568
   46.961932889   -2.110101352
   47.065650162   -2.465640109
   47.169367435   -2.800879210
   47.273084708   -3.091471150
   48.478170521   -2.828028436
   48.657814107   -2.452031394
   48.761531380   -2.554912066
   49.035941491   -2.178554074
   49.139658764   -2.227752336
   49.243376037   -2.550183929
   49.554527856   -2.481723353
   50.132001192   -2.456805562
   50.235718465   -2.556831735
   50.339435738   -2.738659741
   50.650587557   -2.096237093
   50.754304830   -2.096251928
   51.350115202   -2.618126216
   51.453832475   -2.724302911
   51.557549748   -2.747542668
   51.868701566   -2.219464245
   51.972418839   -2.022966760
   52.076136112   -2.220241530
   52.707023654   -2.665111688
   52.810740927   -2.468889453
   52.914458200   -2.357488938
   53.225610019   -2.732677029
   53.329327292   -2.434158312
   53.433044565   -2.434530120
   53.536761838   -2.733148597
   54.132572210   -2.468889453
   54.236289483   -2.157794078
   54.547441301   -2.590726537
   54.651158574   -2.740910787
   54.754875847   -2.651665422
   54.858593120   -2.740818010
   54.962310393   -2.590462264
   55.626424977   -2.724302911
   55.730142250   -2.357488938
   56.041294069   -2.270831652
   56.145011342   -2.644240665
   56.248728615   -2.861670067
   56.352445888   -2.861475117
   56.456163161   -2.643980683
   56.559880434   -2.270592902
   57.300569916   -2.556831735
   57.404287188   -2.747542668
   57.715439007   -2.270831652
   57.819156280   -2.568344529
   57.922873553   -2.886214959
   58.026590826   -3.054817142
   58.130308099   -2.886011251
   58.234025372   -2.568172284
   58.337742645   -2.270648411
   59.160972978   -2.227752336
   59.264690251   -2.738659741
   59.575842070   -2.590726537
   59.679559342   -2.644240665
   59.783276615   -2.886214959
   59.886993888   -3.076145366
   59.990711161   -3.076016014
   60.094428434   -2.886135013
   60.198145707   -2.644140233
   60.301862980   -2.590376287
   60.965977564   -2.452031394
   61.069694837   -2.550183929
   62.091191510   -2.732677029
   62.194908783   -2.740910787
   62.298626056   -2.861670067
   62.402343329   -3.054817142
   62.506060602   -3.076016014
   62.609777875   -3.055238994
   62.713495148   -2.861798350
   62.817212421   -2.740728969
   62.920929694   -2.732085101
   63.690117577   -2.554912066
   64.001269395   -2.219464245
   64.104986668   -2.434158312
   64.901654158   -2.651665422
   65.005371431   -2.861475117
   65.109088704   -2.886011251
   65.212805977   -2.886135013
   65.316523250   -2.861798350
   65.420240523   -2.651959471
   65.523957796   -2.434508204
   65.627675069   -2.219770271
   66.549534356   -2.828028436
   66.860686174   -2.096237093
   66.964403447   -2.022966760
   67.068120720   -2.434530120
   67.171837993   -2.740818010
   67.275555266   -2.643980683
   67.379272539   -2.568172284
   67.482989812   -2.644140233
   67.856947758   -2.740728969
   67.960665031   -2.434508204
   68.064382304   -2.023787897
   68.168099577   -2.095551060
   68.271816850   -2.481298004
   69.293313523   -2.373509260
   69.472957109   -2.636425945
   69.576674382   -2.756974322
   69.851084493   -2.456927009
   69.954801766   -2.556702453
   70.058519039   -2.738432353
   70.432476984   -2.237162916
   70.536194257   -2.400947067
   70.639911530   -2.597800644
   70.743628803   -2.872892023
   71.158497895   -1.754621175
   71.941546134   -2.078853827
   72.045263407   -2.333697085
   72.148980680   -2.670291384
   72.252697953   -2.924943569
   72.667567045   -2.128375298
   72.771284318   -2.129202521
   73.467040936   -2.333697085
   73.570758209   -2.693868575
   73.674475482   -2.856856615
   74.089344573   -2.571207278
   74.193061846   -2.351362057
   74.296779119   -2.571655798
   75.022800030   -2.400947067
   75.126517303   -2.670291384
   75.230234576   -2.856856615
   75.645103668   -2.662780552
   75.748820941   -2.633411832
   75.852538214   -2.633217014
   75.956255487   -2.662426309
   76.725443369   -2.456927009
   76.829160642   -2.597800644
   76.932877915   -2.924943569
   77.347747007   -2.587757140
   77.451464280   -2.685947274
   77.555181553   -2.799598871
   77.658898826   -2.685610368
   77.762616099   -2.587468005
   78.503305580   -2.556702453
   78.607022853   -2.872892023
   79.021891945   -2.587757140
   79.125609218   -2.684069048
   79.229326491   -2.821551921
   79.333043764   -2.821305750
   79.436761037   -2.683829973
   79.540478310   -2.587577115
   80.099012918   -2.636425945
   81.220886755   -2.738432353
   81.635755847   -2.662780552
   81.739473120   -2.685947274
   81.843190393   -2.821551921
   81.946907666   -2.906191333
   82.050624939   -2.821394852
   82.154342212   -2.685842544
   82.258059485   -2.662660158
   82.880363123   -2.756974322
   83.858829919   -2.571207278
   83.962547192   -2.633411832
   84.066264465   -2.799598871
   84.169981738   -2.821305750
   84.273699010   -2.821394852
   84.377416283   -2.800713232
   84.481133556   -2.633783734
   84.584850829   -2.571664876
   85.354038712   -2.373509260
   85.768907804   -2.128375298
   85.872625077   -2.351362057
   85.976342350   -2.633217014
   86.080059623   -2.685610368
   86.183776896   -2.683829973
   86.557734841   -2.685842544
   86.661452114   -2.633783734
   86.765169387   -2.352837514
   86.868886660   -2.131507944
   86.972603933   -1.779111515
   87.331891106   -2.890433056
   88.218051875   -2.761376526
   88.397695461   -2.691323652
   88.501412734   -2.860534745
   88.775822845   -2.618502957
   88.879540118   -2.723886598
   88.983257391   -2.747069748
   89.357215336   -2.079755993
   89.460932609   -2.334197204
   89.564649882   -2.670556464
   89.668367155   -2.924790215
   89.942777266   -2.045670220
   90.046494539   -2.434599439
   90.150211812   -3.029808329
   90.668798177   -2.149716453
   91.451846416   -2.334197204
   91.555563689   -2.434599439
   91.659280962   -3.000372344
   92.177867326   -2.410369846
   92.281584599   -2.410731610
   93.078252089   -2.618502957
   93.181969362   -2.670556464
   93.285686635   -3.029808329
   93.804273000   -2.531709270
   93.907990273   -2.516120861
   94.011707546   -2.531202044
   94.737728457   -2.723886598
   94.841445729   -2.924790215
   95.360032094   -2.565925030
   95.463749367   -2.579278319
   95.567466640   -2.578837249
   95.671183913   -2.565498981
   96.440371796   -2.691323652
   96.544089069   -2.747069748
   97.062675434   -2.565925030
   97.166392706   -2.597233000
   97.270109979   -2.672195316
   97.373827252   -2.596769365
   97.477544525   -2.565549159
   98.016475284   -2.860534745
   98.878015659   -2.531709270
   98.981732932   -2.579278319
   99.085450205   -2.672195316
   99.189167478   -2.671669908
   99.292884751   -2.578578950
   99.396602024   -2.531243483
  100.060716608   -2.761376526
  100.579302973   -2.410369846
  100.683020246   -2.516120861
  100.786737519   -2.578837249
  101.160695464   -2.596769365
  101.264412737   -2.578578950
  101.368130010   -2.510730653
  101.471847283   -2.409964119
  101.575564556   -2.179020396
  102.027657668   -2.554058847
  102.131374941   -2.554058847
  102.811494582   -2.430782091
  102.991138168   -2.159078988
  103.094855441   -2.209221553
  103.369265552   -2.665962393
  103.472982825   -2.469206191
  103.576700098   -2.357480481
  103.851110209   -2.334202941
  103.954827482   -2.694348810
  104.058544755   -2.856972671
  104.332954866   -2.334202941
  104.436672139   -2.434788995
  104.540389412   -3.000492842
  104.720032998   -2.694348810
  104.823750271   -3.000492842
  105.446053909   -2.348515030
  106.229102147   -2.469206191
  106.332819420   -2.856972671
  106.955123058   -2.422728388
  107.058840331   -2.421966677
  107.855507821   -2.159078988
  107.959225094   -2.357480481
  108.581528732   -2.467928851
  108.685246005   -2.481091780
  108.788963278   -2.467132375
  109.337783499   -2.209221553
  110.106971382   -2.467928851
  110.210688655   -2.505634418
  110.314405928   -2.504580232
  110.418123201   -2.466687628
  111.049010743   -2.430782091
  111.671314380   -2.422728388
  112.045272326   -2.481091780
  112.148989599   -2.504580232
  112.252706872   -2.478025280
  112.356424145   -2.417706049
  112.460141418   -2.317114869
  113.008961640   -2.754196828
  113.112678913   -2.549720683
  113.216396186   -2.754196828
  113.691688440   -1.673401890
  113.871332026   -1.900487478
  113.975049299   -1.789768470
  114.154692885   -2.469231129
  114.258410158   -2.158235927
  114.532820269   -2.401073381
  114.636537542   -2.670588438
  114.740254815   -2.857051291
  114.919898402   -2.670588438
  115.023615675   -3.029887475
  115.203259261   -2.469231129
  115.306976534   -2.857051291
  115.410693807   -2.158235927
  116.136714717   -2.404822629
  116.784428879   -1.789768470
  117.495478679   -2.415228371
  117.599195952   -2.413687155
  118.279315593   -1.673401890
  119.089373391   -2.415228371
  119.193090663   -2.439719000
  119.296807936   -2.410298176
  119.400525209   -2.374093789
  120.048239371   -2.860266148
  120.151956644   -2.738308536
  120.255673917   -2.738308536
  120.359391190   -2.227334627
  120.539034777   -2.860266148
  120.813444887   -1.774823861
  120.917162160   -1.789537814
  121.096805747   -2.723973157
  121.200523020   -2.357515175
  121.380166606   -2.597887065
  121.483883879   -2.924954936
  121.663527465   -2.723973157
  121.767244738   -2.924954936
  121.870962011   -2.357515175
  121.974679284   -1.789537814
  122.757727523   -2.402686497
  122.861444796   -2.377678850
  123.609360688   -2.209106769
  123.713077961   -2.747059027
  123.816795234   -2.872587316
  123.920512506   -2.556710335
  124.100156093   -2.747059027
  124.203873366   -2.556710335
  124.383516952   -2.209106769
    0.000000000   -0.241092163
    0.103717273    0.064085904
    0.283360859   -0.851271746
    0.387078132   -0.307744281
    0.490795405   -0.310730882
    0.722714278   -1.564305967
    0.826431551   -0.952403190
    0.930148824   -0.861714474
    1.033866097   -0.954752935
    1.345017916   -2.219806569
    1.448735189   -1.676838486
    1.552452462   -1.549977962
    1.656169735   -1.550475739
    1.759887007   -1.678550506
    2.161582278   -1.791008135
    2.265299551   -2.096755445
    2.369016824   -2.180500379
    2.472734097   -2.174237551
    2.576451370   -2.180758520
    2.680168643   -2.097715093
    3.177579210   -1.383078053
    3.281296483   -1.456609777
    3.385013756   -1.822824677
    3.488731029   -2.085014580
    3.592448302   -2.085211771
    3.696165575   -1.823758600
    3.799882848   -1.460329966
    4.395693220   -1.570122361
    4.499410493   -1.504617667
    4.603127766   -1.387219310
    4.706845039   -1.733332012
    4.810562312   -1.933876408
    4.914279585   -1.733284317
    5.017996858   -1.383336451
    5.121714131   -1.502399812
    5.817470749   -0.827172832
    5.921188022   -1.066873920
    6.024905295   -1.628550861
    6.128622568   -1.599022651
    6.232339841   -1.793507602
    6.336057114   -1.793120230
    6.439774387   -1.597307924
    6.543491659   -1.627192407
    6.647208932   -1.064296502
    7.430257171   -1.066873920
    7.533974444   -1.175531928
    7.637691717   -1.709242279
    7.741408990   -1.724990774
    7.845126263   -1.807208608
    7.948843536   -1.723751241
    8.052560809   -1.707695246
    8.156278082   -1.176102740
    8.259995355   -1.065336402
    9.146156123   -1.504617667
    9.249873396   -1.628550861
    9.353590669   -1.709242279
    9.457307942   -1.739163610
    9.561025215   -1.772980017
    9.664742488   -1.772090295
    9.768459761   -1.737910253
    9.872177034   -1.708066928
    9.975894307   -1.629531073
   10.079611580   -1.503300142
   11.069011305   -1.456609777
   11.172728578   -1.387219310
   11.276445851   -1.599022651
   11.380163124   -1.724990774
   11.483880397   -1.772980017
   11.587597670   -1.780192709
   11.691314943   -1.772955406
   11.795032216   -1.724428351
   11.898749489   -1.598212014
   12.002466762   -1.385369545
   12.106184035   -1.460730049
   13.198913311   -2.096755445
   13.302630584   -1.822824677
   13.406347857   -1.733332012
   13.510065130   -1.793507602
   13.613782403   -1.807208608
   13.717499675   -1.772090295
   13.821216948   -1.772955406
   13.924934221   -1.807722627
   14.028651494   -1.793710264
   14.132368767   -1.733766959
   14.236086040   -1.823963416
   14.339803313   -2.098327673
   15.361299986   -1.676838486
   15.465017259   -2.180500379
   16.586891096   -2.085014580
   16.690608369   -1.933876408
   16.794325642   -1.793120230
   16.898042915   -1.723751241
   17.001760188   -1.737910253
   17.105477461   -1.724428351
   17.209194734   -1.793710264
   17.312912007   -1.934192587
   17.416629280   -2.085544513
   17.520346553   -2.182353376
   17.624063826   -1.678680976
   18.779010498   -0.952403190
   18.882727771   -1.549977962
   18.986445044   -2.174237551
   19.090162317   -2.085211771
   19.193879590   -1.733284317
   19.297596863   -1.597307924
   20.094264353   -1.707695246
   20.197981626   -1.708066928
   20.301698899   -1.598212014
   20.405416172   -1.733766959
   20.509133445   -2.085544513
   20.612850718   -2.175218414
   20.716567991   -1.550800518
   20.820285264   -0.955352606
   22.119858969   -0.307744281
   22.223576242   -0.861714474
   22.327293515   -1.550475739
   22.431010788   -2.180758520
   22.534728061   -1.823758600
   22.638445334   -1.383336451
   22.742162606   -1.627192407
   22.845879879   -1.176102740
   22.949597152   -1.629531073
   23.053314425   -1.385369545
   23.157031698   -1.823963416
   23.530989644   -2.182353376
   23.634706917   -1.550800518
   23.738424190   -0.862784370
   23.842141463   -0.314094938
   23.945858736    0.046384944
   25.348919998   -0.851766894
   25.528563584   -2.323222187
   25.632280857   -1.576502479
   25.839715403   -0.445519975
   26.213673349   -2.282303905
   26.317390622   -2.268106152
   26.524825168   -0.971623624
   26.628542441   -0.974271048
   27.030237712   -1.839991847
   27.133954985   -2.101650292
   27.341389531   -1.650809766
   27.445106804   -1.530021959
   27.548824076   -1.652735414
   28.000917188   -1.671907348
   28.104634461   -1.580967094
   28.312069007   -2.014522000
   28.415786280   -2.076797766
   28.519503553   -2.077899580
   28.623220826   -2.015383164
   29.141807190   -1.824377184
   29.245524463   -1.630765317
   29.452959009   -1.517356816
   29.556676282   -1.743447452
   29.660393555   -1.827508686
   29.764110828   -1.744372051
   29.867828101   -1.519332766
   30.463638473   -1.888938516
   30.567355746   -1.566308381
   30.774790292   -1.420637776
   30.878507565   -1.412639716
   30.982224838   -1.630423509
   31.085942111   -1.630298742
   31.189659384   -1.411171052
   31.293376657   -1.417297424
   31.924264198   -1.566308381
   32.131698744   -1.562129409
   32.235416017   -1.509628210
   32.339133290   -1.513116890
   32.442850563   -1.597515865
   32.546567836   -1.511387363
   32.650285109   -1.507393749
   32.754002382   -1.561965263
   33.480023293   -1.630765317
   33.687457838   -1.562129409
   33.791175111   -1.601040701
   33.894892384   -1.555029029
   33.998609657   -1.567766523
   34.102326930   -1.566769585
   34.206044203   -1.553060506
   34.309761476   -1.599361703
   34.413478749   -1.566416596
   35.236709082   -1.580967094
   35.444143628   -1.420637776
   35.547860901   -1.509628210
   35.651578174   -1.555029029
   35.755295447   -1.560546647
   35.859012719   -1.574524328
   35.962729992   -1.558848868
   36.066447265   -1.553247256
   36.170164538   -1.507951222
   36.273881811   -1.418724874
   37.195741098   -2.101650292
   37.403175644   -1.517356816
   37.506892917   -1.412639716
   37.610610189   -1.513116890
   37.714327462   -1.567766523
   37.818044735   -1.574524328
   37.921762008   -1.575562144
   38.025479281   -1.567828153
   38.129196554   -1.512599288
   38.232913827   -1.412987755
   38.336631100   -1.519647703
   39.146688898   -2.268106152
   40.315523203   -2.014522000
   40.419240476   -1.743447452
   40.522957749   -1.630423509
   40.626675022   -1.597515865
   40.730392295   -1.566769585
   40.834109568   -1.558848868
   40.937826841   -1.567828153
   41.041544114   -1.598252624
   41.145261387   -1.631260401
   41.248978660   -1.744599171
   41.352695933   -2.016257726
   42.303280441   -1.576502479
   42.510714987   -1.650809766
   42.614432260   -2.076797766
   42.718149533   -1.827508686
   42.821866806   -1.630298742
   43.618534296   -1.511387363
   43.722251569   -1.553060506
   43.825968842   -1.553247256
   43.929686115   -1.512599288
   44.033403388   -1.631260401
   44.137120661   -1.828138451
   44.240837934   -2.085878441
   44.344555207   -1.653334410
   45.447084941   -0.851766894
   45.654519487   -0.971623624
   45.758236760   -1.530021959
   45.861954033   -2.077899580
   45.965671306   -1.744372051
   46.069388579   -1.411171052
   46.173105852   -1.507393749
   46.276823125   -1.599361703
   46.380540398   -1.507951222
   46.484257671   -1.412987755
   46.858215617   -1.744599171
   46.961932889   -2.085878441
   47.065650162   -1.531450382
   47.169367435   -0.979047006
   47.273084708   -0.477464937
   48.478170521   -1.564939879
   48.657814107   -2.282527051
   48.761531380   -2.268104675
   49.035941491   -1.931079422
   49.139658764   -2.142649552
   49.243376037   -2.307234835
   49.554527856   -1.143367298
   50.132001192   -1.911460463
   50.235718465   -1.909546581
   50.339435738   -2.005337543
   50.650587557   -1.631622211
   50.754304830   -1.634424231
   51.350115202   -1.979535286
   51.453832475   -1.877980947
   51.557549748   -1.760750739
   51.868701566   -1.724880531
   51.972418839   -1.714425072
   52.076136112   -1.728739661
   52.707023654   -2.023672947
   52.810740927   -1.941971757
   52.914458200   -1.799579979
   53.225610019   -1.435559445
   53.329327292   -1.656575282
   53.433044565   -1.656389762
   53.536761838   -1.442678056
   54.132572210   -1.941971757
   54.236289483   -1.850905351
   54.547441301   -1.277048357
   54.651158574   -1.413742244
   54.754875847   -1.554331880
   54.858593120   -1.411568801
   54.962310393   -1.267482840
   55.626424977   -1.877980947
   55.730142250   -1.799579979
   56.041294069   -1.462488804
   56.145011342   -1.325864060
   56.248728615   -1.312037093
   56.352445888   -1.304367135
   56.456163161   -1.320672590
   56.559880434   -1.460085820
   57.300569916   -1.909546581
   57.404287188   -1.760750739
   57.715439007   -1.462488804
   57.819156280   -1.403243684
   57.922873553   -1.338691634
   58.026590826   -1.307151260
   58.130308099   -1.335040017
   58.234025372   -1.400193811
   58.337742645   -1.460022715
   59.160972978   -2.142649552
   59.264690251   -2.005337543
   59.575842070   -1.277048357
   59.679559342   -1.325864060
   59.783276615   -1.338691634
   59.886993888   -1.328319625
   59.990711161   -1.325438747
   60.094428434   -1.335059371
   60.198145707   -1.319679455
   60.301862980   -1.266958800
   60.965977564   -2.282527051
   61.069694837   -2.307234835
   62.091191510   -1.435559445
   62.194908783   -1.413742244
   62.298626056   -1.312037093
   62.402343329   -1.307151260
   62.506060602   -1.325438747
   62.609777875   -1.308761675
   62.713495148   -1.310885781
   62.817212421   -1.411351902
   62.920929694   -1.443834247
   63.690117577   -2.268104675
   64.001269395   -1.724880531
   64.104986668   -1.656575282
   64.901654158   -1.554331880
   65.005371431   -1.304367135
   65.109088704   -1.335040017
   65.212805977   -1.335059371
   65.316523250   -1.310885781
   65.420240523   -1.552949867
   65.523957796   -1.656038216
   65.627675069   -1.728810425
   66.549534356   -1.564939879
   66.860686174   -1.631622211
   66.964403447   -1.714425072
   67.068120720   -1.656389762
   67.171837993   -1.411568801
   67.275555266   -1.320672590
   67.379272539   -1.400193811
   67.482989812   -1.319679455
   67.856947758   -1.411351902
   67.960665031   -1.656038216
   68.064382304   -1.719773389
   68.168099577   -1.637989490
   68.271816850   -1.176361575
   69.293313523   -2.220423783
   69.472957109   -1.840621049
   69.576674382   -2.102085331
   69.851084493   -1.911152639
   69.954801766   -1.909307400
   70.058519039   -2.005473325
   70.432476984   -1.892099937
   70.536194257   -1.939926193
   70.639911530   -1.984489155
   70.743628803   -1.988557771
   71.158497895   -1.746782472
   71.941546134   -2.052284308
   72.045263407   -2.030415470
   72.148980680   -1.980510422
   72.252697953   -1.905843971
   72.667567045   -1.881039655
   72.771284318   -1.880183778
   73.467040936   -2.030415470
   73.570758209   -1.997968592
   73.674475482   -1.885712123
   74.089344573   -1.695410210
   74.193061846   -1.906430651
   74.296779119   -1.694406272
   75.022800030   -1.939926193
   75.126517303   -1.980510422
   75.230234576   -1.885712123
   75.645103668   -1.366411195
   75.748820941   -1.594126602
   75.852538214   -1.593515073
   75.956255487   -1.363581867
   76.725443369   -1.911152639
   76.829160642   -1.984489155
   76.932877915   -1.905843971
   77.347747007   -1.246844856
   77.451464280   -1.252743753
   77.555181553   -1.322439317
   77.658898826   -1.249087017
   77.762616099   -1.240789089
   78.503305580   -1.909307400
   78.607022853   -1.988557771
   79.021891945   -1.246844856
   79.125609218   -1.173900014
   79.229326491   -1.115333542
   79.333043764   -1.114858286
   79.436761037   -1.168162689
   79.540478310   -1.238315392
   80.099012918   -1.840621049
   81.220886755   -2.005473325
   81.635755847   -1.366411195
   81.739473120   -1.252743753
   81.843190393   -1.115333542
   81.946907666   -1.087985880
   82.050624939   -1.115359396
   82.154342212   -1.248170521
   82.258059485   -1.362025256
   82.880363123   -2.102085331
   83.858829919   -1.695410210
   83.962547192   -1.594126602
   84.066264465   -1.322439317
   84.169981738   -1.114858286
   84.273699010   -1.115359396
   84.377416283   -1.321687838
   84.481133556   -1.592665800
   84.584850829   -1.693461230
   85.354038712   -2.220423783
   85.768907804   -1.881039655
   85.872625077   -1.906430651
   85.976342350   -1.593515073
   86.080059623   -1.249087017
   86.183776896   -1.168162689
   86.557734841   -1.248170521
   86.661452114   -1.592665800
   86.765169387   -1.904120277
   86.868886660   -1.877035281
   86.972603933   -1.730257134
   87.331891106   -1.576665518
   88.218051875   -1.792346427
   88.397695461   -1.670991994
   88.501412734   -1.581442304
   88.775822845   -1.978906176
   88.879540118   -1.877183828
   88.983257391   -1.759989535
   89.357215336   -2.051709253
   89.460932609   -2.029842820
   89.564649882   -1.979828966
   89.668367155   -1.905268406
   89.942777266   -2.043070590
   90.046494539   -2.013700836
   90.150211812   -1.941553263
   90.668798177   -2.147097125
   91.451846416   -2.029842820
   91.555563689   -2.013700836
   91.659280962   -1.918438297
   92.177867326   -1.911439041
   92.281584599   -1.910983142
   93.078252089   -1.978906176
   93.181969362   -1.979828966
   93.285686635   -1.941553263
   93.804273000   -1.468898900
   93.907990273   -1.595186239
   94.011707546   -1.468904394
   94.737728457   -1.877183828
   94.841445729   -1.905268406
   95.360032094   -1.393002258
   95.463749367   -1.553882826
   95.567466640   -1.554526462
   95.671183913   -1.395214672
   96.440371796   -1.670991994
   96.544089069   -1.759989535
   97.062675434   -1.393002258
   97.166392706   -1.534785028
   97.270109979   -1.557844438
   97.373827252   -1.536138317
   97.477544525   -1.397111806
   98.016475284   -1.581442304
   98.878015659   -1.468898900
   98.981732932   -1.553882826
   99.085450205   -1.557844438
   99.189167478   -1.558593292
   99.292884751   -1.557146776
   99.396602024   -1.490823079
  100.060716608   -1.792346427
  100.579302973   -1.911439041
  100.683020246   -1.595186239
  100.786737519   -1.554526462
  101.160695464   -1.536138317
  101.264412737   -1.557146776
  101.368130010   -1.628094617
  101.471847283   -1.912209398
  101.575564556   -2.117688856
  102.027657668   -2.268455763
  102.131374941   -2.268455763
  102.811494582   -1.378839367
  102.991138168   -1.823465695
  103.094855441   -1.629386301
  103.369265552   -2.022892186
  103.472982825   -1.940994116
  103.576700098   -1.798416273
  103.851110209   -2.030092110
  103.954827482   -1.997215053
  104.058544755   -1.884689336
  104.332954866   -2.030092110
  104.436672139   -2.014319795
  104.540389412   -1.917766642
  104.720032998   -1.997215053
  104.823750271   -1.917766642
  105.446053909   -1.854887935
  106.229102147   -1.940994116
  106.332819420   -1.884689336
  106.955123058   -1.902814827
  107.058840331   -1.903147622
  107.855507821   -1.823465695
  107.959225094   -1.798416273
  108.581528732   -1.861714301
  108.685246005   -1.966372114
  108.788963278   -1.862481519
  109.337783499   -1.629386301
  110.106971382   -1.861714301
  110.210688655   -1.956569501
  110.314405928   -1.957119676
  110.418123201   -1.863226563
  111.049010743   -1.378839367
  111.671314380   -1.902814827
  112.045272326   -1.966372114
  112.148989599   -1.957119676
  112.252706872   -1.967937125
  112.356424145   -1.907089884
  112.460141418   -1.883488166
  113.008961640   -2.102176463
  113.112678913   -2.307606613
  113.216396186   -2.102176463
  113.691688440   -1.571202922
  113.871332026   -1.880134267
  113.975049299   -1.566112336
  114.154692885   -1.941095588
  114.258410158   -1.849624783
  114.532820269   -1.940281785
  114.636537542   -1.980343211
  114.740254815   -1.885037740
  114.919898402   -1.980343211
  115.023615675   -1.942106080
  115.203259261   -1.941095588
  115.306976534   -1.885037740
  115.410693807   -1.849624783
  116.136714717   -2.190967622
  116.784428879   -1.566112336
  117.495478679   -2.201348615
  117.599195952   -2.201981827
  118.279315593   -1.571202922
  119.089373391   -2.201348615
  119.193090663   -2.238409516
  119.296807936   -2.203538069
  119.400525209   -2.197737212
  120.048239371   -1.581846291
  120.151956644   -2.005642930
  120.255673917   -2.005642930
  120.359391190   -2.143189176
  120.539034777   -1.581846291
  120.813444887   -0.825512198
  120.917162160   -1.566567688
  121.096805747   -1.877479319
  121.200523020   -1.798797198
  121.380166606   -1.984781318
  121.483883879   -1.905875105
  121.663527465   -1.877479319
  121.767244738   -1.905875105
  121.870962011   -1.798797198
  121.974679284   -1.566567688
  122.757727523   -2.357057173
  122.861444796   -2.372208374
  123.609360688   -1.629819514
  123.713077961   -1.760614619
  123.816795234   -1.988824029
  123.920512506   -1.909644807
  124.100156093   -1.760614619
  124.203873366   -1.909644807
  124.383516952   -1.629819514
    0.000000000    0.075438307
    0.103717273    0.080195347
    0.283360859   -0.247508181
    0.387078132   -0.213013254
    0.490795405   -0.208982442
    0.722714278   -0.755798227
    0.826431551   -0.708533665
    0.930148824   -0.426269549
    1.033866097   -0.704963774
    1.345017916   -1.196047473
    1.448735189   -1.201595469
    1.552452462   -0.837938854
    1.656169735   -0.836349801
    1.759887007   -1.198268866
    2.161582278   -1.318577337
    2.265299551   -1.423991777
    2.369016824   -1.235489027
    2.472734097   -1.007408883
    2.576451370   -1.232764061
    2.680168643   -1.420388995
    3.177579210   -1.126240051
    3.281296483   -1.310699210
    3.385013756   -1.332373981
    3.488731029   -1.208824137
    3.592448302   -1.206533154
    3.696165575   -1.327818118
    3.799882848   -1.300334577
    4.395693220   -0.913485834
    4.499410493   -1.033060022
    4.603127766   -1.169756514
    4.706845039   -1.208519525
    4.810562312   -1.206198018
    4.914279585   -1.202925940
    5.017996858   -1.172336999
    5.121714131   -1.037736245
    5.817470749   -0.739559971
    5.921188022   -0.840556878
    6.024905295   -0.912550340
    6.128622568   -1.117453797
    6.232339841   -1.248501495
    6.336057114   -1.248290020
    6.439774387   -1.119482240
    6.543491659   -0.914963231
    6.647208932   -0.844967653
    7.430257171   -0.840556878
    7.533974444   -0.812031589
    7.637691717   -0.879700002
    7.741408990   -1.349241325
    7.845126263   -1.463987712
    7.948843536   -1.350242056
    8.052560809   -0.881939644
    8.156278082   -0.807079471
    8.259995355   -0.844148453
    9.146156123   -1.033060022
    9.249873396   -0.912550340
    9.353590669   -0.879700002
    9.457307942   -1.344398554
    9.561025215   -1.647492032
    9.664742488   -1.648145768
    9.768459761   -1.344927501
    9.872177034   -0.874095716
    9.975894307   -0.914268590
   10.079611580   -1.037297370
   11.069011305   -1.310699210
   11.172728578   -1.169756514
   11.276445851   -1.117453797
   11.380163124   -1.349241325
   11.483880397   -1.647492032
   11.587597670   -1.777352879
   11.691314943   -1.646740892
   11.795032216   -1.347767402
   11.898749489   -1.113937483
   12.002466762   -1.168168278
   12.106184035   -1.300619857
   13.198913311   -1.423991777
   13.302630584   -1.332373981
   13.406347857   -1.208519525
   13.510065130   -1.248501495
   13.613782403   -1.463987712
   13.717499675   -1.648145768
   13.821216948   -1.646740892
   13.924934221   -1.461389256
   14.028651494   -1.240858878
   14.132368767   -1.198648332
   14.236086040   -1.328027894
   14.339803313   -1.420519265
   15.361299986   -1.201595469
   15.465017259   -1.235489027
   16.586891096   -1.208824137
   16.690608369   -1.206198018
   16.794325642   -1.248290020
   16.898042915   -1.350242056
   17.001760188   -1.344927501
   17.105477461   -1.347767402
   17.209194734   -1.240858878
   17.312912007   -1.199849420
   17.416629280   -1.205542386
   17.520346553   -1.232694006
   17.624063826   -1.198167272
   18.779010498   -0.708533665
   18.882727771   -0.837938854
   18.986445044   -1.007408883
   19.090162317   -1.206533154
   19.193879590   -1.202925940
   19.297596863   -1.119482240
   20.094264353   -0.881939644
   20.197981626   -0.874095716
   20.301698899   -1.113937483
   20.405416172   -1.198648332
   20.509133445   -1.205542386
   20.612850718   -1.005730025
   20.716567991   -0.835494921
   20.820285264   -0.704084488
   22.119858969   -0.213013254
   22.223576242   -0.426269549
   22.327293515   -0.836349801
   22.431010788   -1.232764061
   22.534728061   -1.327818118
   22.638445334   -1.172336999
   22.742162606   -0.914963231
   22.845879879   -0.807079471
   22.949597152   -0.914268590
   23.053314425   -1.168168278
   23.157031698   -1.328027894
   23.530989644   -1.232694006
   23.634706917   -0.835494921
   23.738424190   -0.423656277
   23.842141463   -0.204438667
   23.945858736    0.115366116
   25.348919998   -0.245578713
   25.528563584   -0.522892265
   25.632280857   -0.381172118
   25.839715403   -0.443321882
   26.213673349   -1.186130993
   26.317390622   -0.764674131
   26.524825168   -0.854366295
   26.628542441   -0.851027296
   27.030237712   -1.505263788
   27.133954985   -1.098344204
   27.341389531   -1.280035972
   27.445106804   -1.105620775
   27.548824076   -1.276707259
   28.000917188   -1.346386743
   28.104634461   -1.298323497
   28.312069007   -1.457025037
   28.415786280   -1.384612222
   28.519503553   -1.382644983
   28.623220826   -1.453440975
   29.141807190   -0.899246625
   29.245524463   -0.958224269
   29.452959009   -1.317817504
   29.556676282   -1.422899816
   29.660393555   -1.453137968
   29.764110828   -1.419498904
   29.867828101   -1.310426738
   30.463638473   -0.757622722
   30.567355746   -0.818801807
   30.774790292   -1.036545612
   30.878507565   -1.225629927
   30.982224838   -1.371094561
   31.085942111   -1.370179588
   31.189659384   -1.221295219
   31.293376657   -1.043603883
   31.924264198   -0.818801807
   32.131698744   -0.854554676
   32.235416017   -0.985647012
   32.339133290   -1.206219413
   32.442850563   -1.247903106
   32.546567836   -1.207906173
   32.650285109   -0.991255537
   32.754002382   -0.854273397
   33.480023293   -0.958224269
   33.687457838   -0.854554676
   33.791175111   -0.885271759
   33.894892384   -1.194907195
   33.998609657   -1.379551209
   34.102326930   -1.380409536
   34.206044203   -1.196777122
   34.309761476   -0.882165498
   34.413478749   -0.853751651
   35.236709082   -1.298323497
   35.444143628   -1.036545612
   35.547860901   -0.985647012
   35.651578174   -1.194907195
   35.755295447   -1.450038037
   35.859012719   -1.533760573
   35.962729992   -1.451042656
   36.066447265   -1.194998115
   36.170164538   -0.985493962
   36.273881811   -1.042672918
   37.195741098   -1.098344204
   37.403175644   -1.317817504
   37.506892917   -1.225629927
   37.610610189   -1.206219413
   37.714327462   -1.379551209
   37.818044735   -1.533760573
   37.921762008   -1.532083239
   38.025479281   -1.376671916
   38.129196554   -1.190766596
   38.232913827   -1.215389813
   38.336631100   -1.310797263
   39.146688898   -0.764674131
   40.315523203   -1.457025037
   40.419240476   -1.422899816
   40.522957749   -1.371094561
   40.626675022   -1.247903106
   40.730392295   -1.380409536
   40.834109568   -1.451042656
   40.937826841   -1.376671916
   41.041544114   -1.228340743
   41.145261387   -1.365809520
   41.248978660   -1.418821154
   41.352695933   -1.453569995
   42.303280441   -0.381172118
   42.510714987   -1.280035972
   42.614432260   -1.384612222
   42.718149533   -1.453137968
   42.821866806   -1.370179588
   43.618534296   -1.207906173
   43.722251569   -1.196777122
   43.825968842   -1.194998115
   43.929686115   -1.190766596
   44.033403388   -1.365809520
   44.137120661   -1.450538437
   44.240837934   -1.381747876
   44.344555207   -1.275955438
   45.447084941   -0.245578713
   45.654519487   -0.854366295
   45.758236760   -1.105620775
   45.861954033   -1.382644983
   45.965671306   -1.419498904
   46.069388579   -1.221295219
   46.173105852   -0.991255537
   46.276823125   -0.882165498
   46.380540398   -0.985493962
   46.484257671   -1.215389813
   46.858215617   -1.418821154
   46.961932889   -1.381747876
   47.065650162   -1.102850964
   47.169367435   -0.845001267
   47.273084708   -0.407662219
   48.478170521   -0.753540779
   48.657814107   -1.185058389
   48.761531380   -0.761521348
   49.035941491   -1.919352313
   49.139658764   -1.631663809
   49.243376037   -1.038682669
   49.554527856   -1.142741751
   50.132001192   -1.686593383
   50.235718465   -1.592114353
   50.339435738   -1.283472632
   50.650587557   -1.471937845
   50.754304830   -1.468438685
   51.350115202   -1.489757536
   51.453832475   -1.368497421
   51.557549748   -1.306681057
   51.868701566   -1.598142259
   51.972418839   -1.656520672
   52.076136112   -1.592024426
   52.707023654   -1.411346850
   52.810740927   -1.169459526
   52.914458200   -1.076653431
   53.225610019   -1.403673104
   53.329327292   -1.426851869
   53.433044565   -1.425682750
   53.536761838   -1.393246115
   54.132572210   -1.169459526
   54.236289483   -0.939844745
   54.547441301   -1.135406210
   54.651158574   -1.261052682
   54.754875847   -1.309969207
   54.858593120   -1.261615251
   54.962310393   -1.152661802
   55.626424977   -1.368497421
   55.730142250   -1.076653431
   56.041294069   -0.959690961
   56.145011342   -1.124004095
   56.248728615   -1.263176533
   56.352445888   -1.271087035
   56.456163161   -1.132593592
   56.559880434   -0.961437571
   57.300569916   -1.592114353
   57.404287188   -1.306681057
   57.715439007   -0.959690961
   57.819156280   -1.033934598
   57.922873553   -1.184145672
   58.026590826   -1.250571101
   58.130308099   -1.187458607
   58.234025372   -1.036104119
   58.337742645   -0.962618344
   59.160972978   -1.631663809
   59.264690251   -1.283472632
   59.575842070   -1.135406210
   59.679559342   -1.124004095
   59.783276615   -1.184145672
   59.886993888   -1.291884681
   59.990711161   -1.293837423
   60.094428434   -1.183965623
   60.198145707   -1.127794739
   60.301862980   -1.152173978
   60.965977564   -1.185058389
   61.069694837   -1.038682669
   62.091191510   -1.403673104
   62.194908783   -1.261052682
   62.298626056   -1.263176533
   62.402343329   -1.250571101
   62.506060602   -1.293837423
   62.609777875   -1.243006185
   62.713495148   -1.255187657
   62.817212421   -1.257744453
   62.920929694   -1.390911360
   63.690117577   -0.761521348
   64.001269395   -1.598142259
   64.104986668   -1.426851869
   64.901654158   -1.309969207
   65.005371431   -1.271087035
   65.109088704   -1.187458607
   65.212805977   -1.183965623
   65.316523250   -1.255187657
   65.420240523   -1.306770783
   65.523957796   -1.423051266
   65.627675069   -1.590886481
   66.549534356   -0.753540779
   66.860686174   -1.471937845
   66.964403447   -1.656520672
   67.068120720   -1.425682750
   67.171837993   -1.261615251
   67.275555266   -1.132593592
   67.379272539   -1.036104119
   67.482989812   -1.127794739
   67.856947758   -1.257744453
   67.960665031   -1.423051266
   68.064382304   -1.647458586
   68.168099577   -1.463578231
   68.271816850   -1.107248694
   69.293313523   -1.193071858
   69.472957109   -1.503758097
   69.576674382   -1.089058278
   69.851084493   -1.686433354
   69.954801766   -1.592125720
   70.058519039   -1.282068564
   70.432476984   -1.886088971
   70.536194257   -1.728731708
   70.639911530   -1.572899127
   70.743628803   -1.361871778
   71.158497895   -1.649753599
   71.941546134   -1.867335966
   72.045263407   -1.725747015
   72.148980680   -1.603102925
   72.252697953   -1.455035668
   72.667567045   -1.264698422
   72.771284318   -1.263384489
   73.467040936   -1.725747015
   73.570758209   -1.602137703
   73.674475482   -1.484798516
   74.089344573   -1.073405015
   74.193061846   -1.135777518
   74.296779119   -1.070009777
   75.022800030   -1.728731708
   75.126517303   -1.603102925
   75.230234576   -1.484798516
   75.645103668   -1.029056734
   75.748820941   -1.095219940
   75.852538214   -1.095785084
   75.956255487   -1.039116786
   76.725443369   -1.686433354
   76.829160642   -1.572899127
   76.932877915   -1.455035668
   77.347747007   -1.060933288
   77.451464280   -1.068835555
   77.555181553   -1.082680910
   77.658898826   -1.079725145
   77.762616099   -1.067481656
   78.503305580   -1.592125720
   78.607022853   -1.361871778
   79.021891945   -1.060933288
   79.125609218   -1.043572922
   79.229326491   -1.069260662
   79.333043764   -1.061331788
   79.436761037   -1.044581651
   79.540478310   -1.073807943
   80.099012918   -1.503758097
   81.220886755   -1.282068564
   81.635755847   -1.029056734
   81.739473120   -1.068835555
   81.843190393   -1.069260662
   81.946907666   -1.069966126
   82.050624939   -1.050551354
   82.154342212   -1.072541218
   82.258059485   -1.039832693
   82.880363123   -1.089058278
   83.858829919   -1.073405015
   83.962547192   -1.095219940
   84.066264465   -1.082680910
   84.169981738   -1.061331788
   84.273699010   -1.050551354
   84.377416283   -1.068314841
   84.481133556   -1.084366425
   84.584850829   -1.056393417
   85.354038712   -1.193071858
   85.768907804   -1.264698422
   85.872625077   -1.135777518
   85.976342350   -1.095785084
   86.080059623   -1.079725145
   86.183776896   -1.044581651
   86.557734841   -1.072541218
   86.661452114   -1.084366425
   86.765169387   -1.122546314
   86.868886660   -1.254697627
   86.972603933   -1.636957329
   87.331891106   -0.379335938
   88.218051875   -1.313217953
   88.397695461   -1.346792411
   88.501412734   -1.293609265
   88.775822845   -1.489368551
   88.879540118   -1.368720730
   88.983257391   -1.306978396
   89.357215336   -1.866877387
   89.460932609   -1.725532401
   89.564649882   -1.603274986
   89.668367155   -1.455378325
   89.942777266   -2.006973101
   90.046494539   -1.905908050
   90.150211812   -1.710864448
   90.668798177   -1.407430488
   91.451846416   -1.725532401
   91.555563689   -1.905908050
   91.659280962   -1.858641093
   92.177867326   -1.490550084
   92.281584599   -1.490821639
   93.078252089   -1.489368551
   93.181969362   -1.603274986
   93.285686635   -1.710864448
   93.804273000   -1.437958060
   93.907990273   -1.581328543
   94.011707546   -1.437676992
   94.737728457   -1.368720730
   94.841445729   -1.455378325
   95.360032094   -1.149297075
   95.463749367   -1.239660902
   95.567466640   -1.237968458
   95.671183913   -1.140073692
   96.440371796   -1.346792411
   96.544089069   -1.306978396
   97.062675434   -1.149297075
   97.166392706   -1.055342036
   97.270109979   -1.017848405
   97.373827252   -1.040294112
   97.477544525   -1.130402608
   98.016475284   -1.293609265
   98.878015659   -1.437958060
   98.981732932   -1.239660902
   99.085450205   -1.017848405
   99.189167478   -1.004393835
   99.292884751   -1.229509510
   99.396602024   -1.410551041
  100.060716608   -1.313217953
  100.579302973   -1.490550084
  100.683020246   -1.581328543
  100.786737519   -1.237968458
  101.160695464   -1.040294112
  101.264412737   -1.229509510
  101.368130010   -1.544225648
  101.471847283   -1.484623904
  101.575564556   -1.401837513
  102.027657668   -0.760680760
  102.131374941   -0.760680760
  102.811494582   -1.142787559
  102.991138168   -0.899203452
  103.094855441   -0.966459681
  103.369265552   -1.410810468
  103.472982825   -1.169126570
  103.576700098   -1.077464934
  103.851110209   -1.725123556
  103.954827482   -1.601909296
  104.058544755   -1.485223210
  104.332954866   -1.725123556
  104.436672139   -1.904800608
  104.540389412   -1.858932292
  104.720032998   -1.601909296
  104.823750271   -1.858932292
  105.446053909   -1.756345494
  106.229102147   -1.169126570
  106.332819420   -1.485223210
  106.955123058   -1.384679193
  107.058840331   -1.384307908
  107.855507821   -0.899203453
  107.959225094   -1.077464934
  108.581528732   -1.089726838
  108.685246005   -1.120058822
  108.788963278   -1.085716529
  109.337783499   -0.966459681
  110.106971382   -1.089726838
  110.210688655   -0.959003412
  110.314405928   -0.949623064
  110.418123201   -1.080221502
  111.049010743   -1.142787559
  111.671314380   -1.384679193
  112.045272326   -1.120058822
  112.148989599   -0.949623064
  112.252706872   -1.113439368
  112.356424145   -1.377475122
  112.460141418   -1.728410535
  113.008961640   -1.088978007
  113.112678913   -1.035791859
  113.216396186   -1.088978007
  113.691688440   -0.916230228
  113.871332026   -0.752110778
  113.975049299   -0.817931423
  114.154692885   -1.168678724
  114.258410158   -0.939331673
  114.532820269   -1.727896555
  114.636537542   -1.602131864
  114.740254815   -1.484348555
  114.919898402   -1.602131864
  115.023615675   -1.709479403
  115.203259261   -1.168678724
  115.306976534   -1.484348555
  115.410693807   -0.939331673
  116.136714717   -1.167766242
  116.784428879   -0.817931423
  117.495478679   -0.964006060
  117.599195952   -0.962032858
  118.279315593   -0.916230228
  119.089373391   -0.964006060
  119.193090663   -0.849600039
  119.296807936   -0.955937728
  119.400525209   -1.162085933
  120.048239371   -1.292842920
  120.151956644   -1.280824289
  120.255673917   -1.280824289
  120.359391190   -1.631283473
  120.539034777   -1.292842920
  120.813444887   -0.738879288
  120.917162160   -0.817424742
  121.096805747   -1.367842563
  121.200523020   -1.075346977
  121.380166606   -1.571673269
  121.483883879   -1.453311237
  121.663527465   -1.367842563
  121.767244738   -1.453311237
  121.870962011   -1.075346977
  121.974679284   -0.817424742
  122.757727523   -0.853640799
  122.861444796   -0.844689157
  123.609360688   -0.963830742
  123.713077961   -1.304864548
  123.816795234   -1.359632550
  123.920512506   -1.591404467
  124.100156093   -1.304864548
  124.203873366   -1.591404467
  124.383516952   -0.963830742
    0.000000000    0.110554591
    0.103717273    0.150154848
    0.283360859    0.124791722
    0.387078132    0.144464671
    0.490795405    0.143414277
    0.722714278    0.169054232
    0.826431551    0.182761767
    0.930148824    0.057529893
    1.033866097    0.181255821
    1.345017916   -0.349502469
    1.448735189    0.235616677
    1.552452462    0.047213193
    1.656169735    0.045049949
    1.759887007    0.215436053
    2.161582278   -0.911779289
    2.265299551   -0.471111106
    2.369016824   -0.304034702
    2.472734097   -0.317368195
    2.576451370   -0.308025903
    2.680168643   -0.474696801
    3.177579210   -1.102048104
    3.281296483   -1.063938140
    3.385013756   -0.851575236
    3.488731029   -0.779546093
    3.592448302   -0.782162771
    3.696165575   -0.855797258
    3.799882848   -1.071208064
    4.395693220   -0.364549271
    4.499410493   -0.718476726
    4.603127766   -1.113378389
    4.706845039   -1.073042184
    4.810562312   -1.022864222
    4.914279585   -1.079033016
    5.017996858   -1.115217615
    5.121714131   -0.717042295
    5.817470749   -0.578389487
    5.921188022   -0.005700182
    6.024905295   -0.583870265
    6.128622568   -0.998895747
    6.232339841   -1.073109236
    6.336057114   -1.073632796
    6.439774387   -0.998550975
    6.543491659   -0.583557093
    6.647208932   -0.007552290
    7.430257171   -0.005700182
    7.533974444   -0.590096773
    7.637691717   -0.845760633
    7.741408990   -0.915093110
    7.845126263   -0.946070540
    7.948843536   -0.914375405
    8.052560809   -0.843217044
    8.156278082   -0.597680967
    8.259995355   -0.006572478
    9.146156123   -0.718476726
    9.249873396   -0.583870265
    9.353590669   -0.845760633
    9.457307942   -0.820071478
    9.561025215   -0.810260314
    9.664742488   -0.809211022
    9.768459761   -0.817618520
    9.872177034   -0.850288560
    9.975894307   -0.582876021
   10.079611580   -0.716695840
   11.069011305   -1.063938140
   11.172728578   -1.113378389
   11.276445851   -0.998895747
   11.380163124   -0.915093110
   11.483880397   -0.810260314
   11.587597670   -0.727153172
   11.691314943   -0.809109043
   11.795032216   -0.915851209
   11.898749489   -1.002927437
   12.002466762   -1.117274818
   12.106184035   -1.070557289
   13.198913311   -0.471111106
   13.302630584   -0.851575236
   13.406347857   -1.073042184
   13.510065130   -1.073109236
   13.613782403   -0.946070540
   13.717499675   -0.809211022
   13.821216948   -0.809109043
   13.924934221   -0.947578172
   14.028651494   -1.080466947
   14.132368767   -1.082861753
   14.236086040   -0.855529335
   14.339803313   -0.474561176
   15.361299986    0.235616677
   15.465017259   -0.304034702
   16.586891096   -0.779546093
   16.690608369   -1.022864222
   16.794325642   -1.073632796
   16.898042915   -0.914375405
   17.001760188   -0.817618520
   17.105477461   -0.915851209
   17.209194734   -1.080466947
   17.312912007   -1.029339406
   17.416629280   -0.783353854
   17.520346553   -0.308193287
   17.624063826    0.215440597
   18.779010498    0.182761767
   18.882727771    0.047213193
   18.986445044   -0.317368195
   19.090162317   -0.782162771
   19.193879590   -1.079033016
   19.297596863   -0.998550975
   20.094264353   -0.843217044
   20.197981626   -0.850288560
   20.301698899   -1.002927437
   20.405416172   -1.082861753
   20.509133445   -0.783353854
   20.612850718   -0.321040604
   20.716567991    0.044138148
   20.820285264    0.181002314
   22.119858969    0.144464671
   22.223576242    0.057529893
   22.327293515    0.045049949
   22.431010788   -0.308025903
   22.534728061   -0.855797258
   22.638445334   -1.115217615
   22.742162606   -0.583557093
   22.845879879   -0.597680967
   22.949597152   -0.582876021
   23.053314425   -1.117274818
   23.157031698   -0.855529335
   23.530989644   -0.308193287
   23.634706917    0.044138148
   23.738424190    0.055994924
   23.842141463    0.142295742
   23.945858736    0.132715363
   25.348919998    0.123278975
   25.528563584   -0.318330771
   25.632280857   -0.016356736
   25.839715403   -0.064548636
   26.213673349   -0.683987880
   26.317390622   -0.431440882
   26.524825168   -0.102181075
   26.628542441   -0.102963601
   27.030237712   -0.917450844
   27.133954985   -0.947223362
   27.341389531   -0.054003633
   27.445106804   -0.233333356
   27.548824076   -0.056982208
   28.000917188   -0.916140148
   28.104634461   -1.104005529
   28.312069007   -0.413961075
   28.415786280   -0.254720003
   28.519503553   -0.263504493
   28.623220826   -0.418173200
   29.141807190   -0.804421793
   29.245524463   -0.918431365
   29.452959009   -0.991641725
   29.556676282   -0.717570693
   29.660393555   -0.603734039
   29.764110828   -0.720783840
   29.867828101   -0.997492977
   30.463638473   -0.692582139
   30.567355746   -0.486537631
   30.774790292   -0.968847868
   30.878507565   -1.094964603
   30.982224838   -0.930754352
   31.085942111   -0.931757998
   31.189659384   -1.100838328
   31.293376657   -0.965476346
   31.924264198   -0.486537631
   32.131698744   -0.513960959
   32.235416017   -0.951144659
   32.339133290   -1.113714761
   32.442850563   -1.137250257
   32.546567836   -1.113376137
   32.650285109   -0.947364518
   32.754002382   -0.518398516
   33.480023293   -0.918431365
   33.687457838   -0.513960959
   33.791175111   -0.807245999
   33.894892384   -0.940387341
   33.998609657   -1.004725756
   34.102326930   -1.004464391
   34.206044203   -0.939232637
   34.309761476   -0.811672596
   34.413478749   -0.517423999
   35.236709082   -1.104005529
   35.444143628   -0.968847868
   35.547860901   -0.951144659
   35.651578174   -0.940387341
   35.755295447   -0.877022403
   35.859012719   -0.855618533
   35.962729992   -0.876429785
   36.066447265   -0.940955250
   36.170164538   -0.952303997
   36.273881811   -0.964792019
   37.195741098   -0.947223362
   37.403175644   -0.991641725
   37.506892917   -1.094964603
   37.610610189   -1.113714761
   37.714327462   -1.004725756
   37.818044735   -0.855618533
   37.921762008   -0.856014604
   38.025479281   -1.007299044
   38.129196554   -1.129523740
   38.232913827   -1.104818192
   38.336631100   -0.996793534
   39.146688898   -0.431440882
   40.315523203   -0.413961075
   40.419240476   -0.717570693
   40.522957749   -0.930754352
   40.626675022   -1.137250257
   40.730392295   -1.004464391
   40.834109568   -0.876429785
   40.937826841   -1.007299044
   41.041544114   -1.156412451
   41.145261387   -0.935828209
   41.248978660   -0.721516248
   41.352695933   -0.418104271
   42.303280441   -0.016356736
   42.510714987   -0.054003633
   42.614432260   -0.254720003
   42.718149533   -0.603734039
   42.821866806   -0.931757998
   43.618534296   -1.113376137
   43.722251569   -0.939232637
   43.825968842   -0.940955250
   43.929686115   -1.129523740
   44.033403388   -0.935828209
   44.137120661   -0.608075229
   44.240837934   -0.266541665
   44.344555207   -0.057358112
   45.447084941    0.123278975
   45.654519487   -0.102181075
   45.758236760   -0.233333356
   45.861954033   -0.263504493
   45.965671306   -0.720783840
   46.069388579   -1.100838328
   46.173105852   -0.947364518
   46.276823125   -0.811672596
   46.380540398   -0.952303997
   46.484257671   -1.104818192
   46.858215617   -0.721516248
   46.961932889   -0.266541665
   47.065650162   -0.235025970
   47.169367435   -0.104149826
   47.273084708   -0.068130741
   48.478170521    0.164264686
   48.657814107   -0.685499454
   48.761531380   -0.435762422
   49.035941491   -0.634448458
   49.139658764   -0.726537829
   49.243376037   -0.857489613
   49.554527856   -0.432334213
   50.132001192   -0.687445618
   50.235718465   -0.812074564
   50.339435738   -0.990584143
   50.650587557   -0.512651669
   50.754304830   -0.513626497
   51.350115202   -0.663692197
   51.453832475   -0.777858628
   51.557549748   -0.956756491
   51.868701566   -0.464017295
   51.972418839   -0.655061498
   52.076136112   -0.470261737
   52.707023654   -0.643253793
   52.810740927   -0.713247198
   52.914458200   -0.833181493
   53.225610019   -0.855727166
   53.329327292   -0.647441466
   53.433044565   -0.652380942
   53.536761838   -0.859562561
   54.132572210   -0.713247198
   54.236289483   -0.769701848
   54.547441301   -1.115339755
   54.651158574   -0.960258946
   54.754875847   -0.826834871
   54.858593120   -0.961516709
   54.962310393   -1.107258096
   55.626424977   -0.777858628
   55.730142250   -0.833181493
   56.041294069   -0.916932543
   56.145011342   -1.060159690
   56.248728615   -1.072084278
   56.352445888   -1.071585770
   56.456163161   -1.056256414
   56.559880434   -0.917112719
   57.300569916   -0.812074564
   57.404287188   -0.956756491
   57.715439007   -0.916932543
   57.819156280   -0.967416602
   57.922873553   -1.014393969
   58.026590826   -1.046839302
   58.130308099   -1.014815928
   58.234025372   -0.968721166
   58.337742645   -0.916020516
   59.160972978   -0.726537829
   59.264690251   -0.990584143
   59.575842070   -1.115339755
   59.679559342   -1.060159690
   59.783276615   -1.014393969
   59.886993888   -0.903646205
   59.990711161   -0.905922236
   60.094428434   -1.019312705
   60.198145707   -1.062470357
   60.301862980   -1.107936609
   60.965977564   -0.685499454
   61.069694837   -0.857489613
   62.091191510   -0.855727166
   62.194908783   -0.960258946
   62.298626056   -1.072084278
   62.402343329   -1.046839302
   62.506060602   -0.905922236
   62.609777875   -1.054114220
   62.713495148   -1.082079621
   62.817212421   -0.966007364
   62.920929694   -0.860458259
   63.690117577   -0.435762422
   64.001269395   -0.464017295
   64.104986668   -0.647441466
   64.901654158   -0.826834871
   65.005371431   -1.071585770
   65.109088704   -1.014815928
   65.212805977   -1.019312705
   65.316523250   -1.082079621
   65.420240523   -0.834486965
   65.523957796   -0.657497253
   65.627675069   -0.470775516
   66.549534356    0.164264686
   66.860686174   -0.512651669
   66.964403447   -0.655061498
   67.068120720   -0.652380942
   67.171837993   -0.961516709
   67.275555266   -1.056256414
   67.379272539   -0.968721166
   67.482989812   -1.062470357
   67.856947758   -0.966007364
   67.960665031   -0.657497253
   68.064382304   -0.657645405
   68.168099577   -0.515107525
   68.271816850   -0.434807436
   69.293313523   -0.353213016
   69.472957109   -0.918806742
   69.576674382   -0.956669248
   69.851084493   -0.686972693
   69.954801766   -0.812394360
   70.058519039   -0.992199874
   70.432476984   -0.572911373
   70.536194257   -0.631748965
   70.639911530   -0.755197432
   70.743628803   -0.945281534
   71.158497895   -0.900901128
   71.941546134   -0.559990719
   72.045263407   -0.602321897
   72.148980680   -0.692955414
   72.252697953   -0.852585725
   72.667567045   -0.991455396
   72.771284318   -0.993295063
   73.467040936   -0.602321897
   73.570758209   -0.657049137
   73.674475482   -0.753224492
   74.089344573   -0.928849253
   74.193061846   -0.951212973
   74.296779119   -0.935839390
   75.022800030   -0.631748965
   75.126517303   -0.692955414
   75.230234576   -0.753224492
   75.645103668   -0.995746770
   75.748820941   -0.928184309
   75.852538214   -0.928555459
   75.956255487   -0.986373994
   76.725443369   -0.686972693
   76.829160642   -0.755197432
   76.932877915   -0.852585725
   77.347747007   -0.955373295
   77.451464280   -1.022145048
   77.555181553   -0.962945402
   77.658898826   -1.009379906
   77.762616099   -0.953181957
   78.503305580   -0.812394360
   78.607022853   -0.945281534
   79.021891945   -0.955373295
   79.125609218   -0.995713753
   79.229326491   -0.996450756
   79.333043764   -1.001489681
   79.436761037   -0.992115835
   79.540478310   -0.946912664
   80.099012918   -0.918806742
   81.220886755   -0.992199874
   81.635755847   -0.995746770
   81.739473120   -1.022145048
   81.843190393   -0.996450756
   81.946907666   -0.986509412
   82.050624939   -1.006555127
   82.154342212   -1.013902207
   82.258059485   -0.980667997
   82.880363123   -0.956669248
   83.858829919   -0.928849253
   83.962547192   -0.928184309
   84.066264465   -0.962945402
   84.169981738   -1.001489681
   84.273699010   -1.006555127
   84.377416283   -0.979276843
   84.481133556   -0.939433194
   84.584850829   -0.947735783
   85.354038712   -0.353213016
   85.768907804   -0.991455396
   85.872625077   -0.951212973
   85.976342350   -0.928555459
   86.080059623   -1.009379906
   86.183776896   -0.992115835
   86.557734841   -1.013902207
   86.661452114   -0.939433194
   86.765169387   -0.964148193
   86.868886660   -1.001633255
   86.972603933   -0.905053084
   87.331891106   -0.018854221
   88.218051875   -0.916472069
   88.397695461   -0.916786702
   88.501412734   -1.108778198
   88.775822845   -0.660822352
   88.879540118   -0.777426368
   88.983257391   -0.957345937
   89.357215336   -0.554692873
   89.460932609   -0.598261488
   89.564649882   -0.691530949
   89.668367155   -0.852315407
   89.942777266   -0.571580050
   90.046494539   -0.631119842
   90.150211812   -0.752410035
   90.668798177   -0.718784357
   91.451846416   -0.598261488
   91.555563689   -0.631119842
   91.659280962   -0.689635670
   92.177867326   -0.595271006
   92.281584599   -0.600076044
   93.078252089   -0.660822352
   93.181969362   -0.691530949
   93.285686635   -0.752410035
   93.804273000   -0.797340370
   93.907990273   -0.638938593
   94.011707546   -0.792585765
   94.737728457   -0.777426368
   94.841445729   -0.852315407
   95.360032094   -0.955211494
   95.463749367   -0.812074473
   95.567466640   -0.805658330
   95.671183913   -0.957974027
   96.440371796   -0.916786702
   96.544089069   -0.957345937
   97.062675434   -0.955211494
   97.166392706   -0.871395722
   97.270109979   -0.828841663
   97.373827252   -0.882241904
   97.477544525   -0.967619375
   98.016475284   -1.108778198
   98.878015659   -0.797340370
   98.981732932   -0.812074473
   99.085450205   -0.828841663
   99.189167478   -0.860801862
   99.292884751   -0.820970993
   99.396602024   -0.802082286
  100.060716608   -0.916472069
  100.579302973   -0.595271006
  100.683020246   -0.638938593
  100.786737519   -0.805658330
  101.160695464   -0.882241904
  101.264412737   -0.820970993
  101.368130010   -0.661916190
  101.471847283   -0.604436193
  101.575564556   -0.723515089
  102.027657668   -0.436903211
  102.131374941   -0.436903211
  102.811494582   -1.090440707
  102.991138168   -0.803670714
  103.094855441   -0.911935430
  103.369265552   -0.637405609
  103.472982825   -0.709733580
  103.576700098   -0.832187437
  103.851110209   -0.596797464
  103.954827482   -0.652065574
  104.058544755   -0.750821286
  104.332954866   -0.596797464
  104.436672139   -0.627893685
  104.540389412   -0.686497568
  104.720032998   -0.652065574
  104.823750271   -0.686497568
  105.446053909   -0.487140899
  106.229102147   -0.709733580
  106.332819420   -0.750821286
  106.955123058   -0.624092363
  107.058840331   -0.608502341
  107.855507821   -0.803670714
  107.959225094   -0.832187437
  108.581528732   -0.758362785
  108.685246005   -0.717660577
  108.788963278   -0.749920667
  109.337783499   -0.911935430
  110.106971382   -0.758362785
  110.210688655   -0.813476198
  110.314405928   -0.825977849
  110.418123201   -0.776382336
  111.049010743   -1.090440707
  111.671314380   -0.624092363
  112.045272326   -0.717660577
  112.148989599   -0.825977849
  112.252706872   -0.736332779
  112.356424145   -0.645602984
  112.460141418   -0.522202113
  113.008961640   -0.956767916
  113.112678913   -0.860680597
  113.216396186   -0.956767916
  113.691688440   -0.363668632
  113.871332026   -0.691511243
  113.975049299   -0.487855979
  114.154692885   -0.709755063
  114.258410158   -0.766196971
  114.532820269   -0.629874683
  114.636537542   -0.690739910
  114.740254815   -0.750659686
  114.919898402   -0.690739910
  115.023615675   -0.751354448
  115.203259261   -0.709755063
  115.306976534   -0.750659686
  115.410693807   -0.766196971
  116.136714717   -0.676165331
  116.784428879   -0.487855979
  117.495478679   -0.766157393
  117.599195952   -0.768643249
  118.279315593   -0.363668632
  119.089373391   -0.766157393
  119.193090663   -0.835511492
  119.296807936   -0.779013056
  119.400525209   -0.691447163
  120.048239371   -1.109106825
  120.151956644   -0.993350683
  120.255673917   -0.993350683
  120.359391190   -0.726996299
  120.539034777   -1.109106825
  120.813444887   -0.582871630
  120.917162160   -0.486146139
  121.096805747   -0.777674865
  121.200523020   -0.833460343
  121.380166606   -0.755226946
  121.483883879   -0.853134212
  121.663527465   -0.777674865
  121.767244738   -0.853134212
  121.870962011   -0.833460343
  121.974679284   -0.486146139
  122.757727523   -0.791193616
  122.861444796   -0.801799289
  123.609360688   -0.913979919
  123.713077961   -0.958633388
  123.816795234   -0.947154675
  123.920512506   -0.812683784
  124.100156093   -0.958633388
  124.203873366   -0.812683784
  124.383516952   -0.913979919
    0.000000000    1.873686819
    0.103717273    2.243943076
    0.283360859    1.158287238
    0.387078132    1.799249886
    0.490795405    1.796476862
    0.722714278    0.356735653
    0.826431551    1.064442623
    0.930148824    1.147741997
    1.033866097    1.062449706
    1.345017916    0.219646357
    1.448735189    0.265294195
    1.552452462    0.375850536
    1.656169735    0.376485079
    1.759887007    0.282408528
    2.161582278    0.256312466
    2.265299551    0.293162283
    2.369016824    0.085754114
    2.472734097   -0.105033114
    2.576451370    0.087334465
    2.680168643    0.293999038
    3.177579210    0.244263993
    3.281296483    0.345827282
    3.385013756    0.122305922
    3.488731029   -0.165993031
    3.592448302   -0.165458739
    3.696165575    0.122889417
    3.799882848    0.346674422
    4.395693220    0.037537040
    4.499410493    0.386927176
    4.603127766    0.108461958
    4.706845039   -0.202954434
    4.810562312   -0.337359747
    4.914279585   -0.202820297
    5.017996858    0.108665619
    5.121714131    0.387583373
    5.817470749    0.089981444
    5.921188022    0.030031563
    6.024905295   -0.121651062
    6.128622568   -0.325879201
    6.232339841   -0.429053179
    6.336057114   -0.429340258
    6.439774387   -0.326555748
    6.543491659   -0.122464799
    6.647208932    0.029934883
    7.430257171    0.030031563
    7.533974444   -0.249598766
    7.637691717   -0.549320535
    7.741408990   -0.536740352
    7.845126263   -0.534921690
    7.948843536   -0.538144033
    8.052560809   -0.551903744
    8.156278082   -0.248841504
    8.259995355    0.030323616
    9.146156123    0.386927176
    9.249873396   -0.121651062
    9.353590669   -0.549320535
    9.457307942   -0.618816514
    9.561025215   -0.625063133
    9.664742488   -0.626556303
    9.768459761   -0.622541068
    9.872177034   -0.552327283
    9.975894307   -0.122775700
   10.079611580    0.387592242
   11.069011305    0.345827282
   11.172728578    0.108461958
   11.276445851   -0.325879201
   11.380163124   -0.536740352
   11.483880397   -0.625063133
   11.587597670   -0.694444236
   11.691314943   -0.627314671
   11.795032216   -0.538511359
   11.898749489   -0.326757153
   12.002466762    0.108570940
   12.106184035    0.346587349
   13.198913311    0.293162283
   13.302630584    0.122305922
   13.406347857   -0.202954434
   13.510065130   -0.429053179
   13.613782403   -0.534921690
   13.717499675   -0.626556303
   13.821216948   -0.627314671
   13.924934221   -0.535754141
   14.028651494   -0.429401853
   14.132368767   -0.202831031
   14.236086040    0.122812644
   14.339803313    0.293949497
   15.361299986    0.265294195
   15.465017259    0.085754114
   16.586891096   -0.165993031
   16.690608369   -0.337359747
   16.794325642   -0.429340258
   16.898042915   -0.538144033
   17.001760188   -0.622541068
   17.105477461   -0.538511359
   17.209194734   -0.429401853
   17.312912007   -0.337054221
   17.416629280   -0.165305104
   17.520346553    0.087297895
   17.624063826    0.282188784
   18.779010498    1.064442623
   18.882727771    0.375850536
   18.986445044   -0.105033114
   19.090162317   -0.165458739
   19.193879590   -0.202820297
   19.297596863   -0.326555748
   20.094264353   -0.551903744
   20.197981626   -0.552327283
   20.301698899   -0.326757153
   20.405416172   -0.202831031
   20.509133445   -0.165305104
   20.612850718   -0.103122566
   20.716567991    0.376395922
   20.820285264    1.061500854
   22.119858969    1.799249886
   22.223576242    1.147741997
   22.327293515    0.376485079
   22.431010788    0.087334465
   22.534728061    0.122889417
   22.638445334    0.108665619
   22.742162606   -0.122464799
   22.845879879   -0.248841504
   22.949597152   -0.122775700
   23.053314425    0.108570940
   23.157031698    0.122812644
   23.530989644    0.087297895
   23.634706917    0.376395922
   23.738424190    1.146493217
   23.842141463    1.792121424
   23.945858736    2.222872421
   25.348919998    1.157854852
   25.528563584   -0.304684333
   25.632280857    0.331436281
   25.839715403    1.622992283
   26.213673349   -0.259244017
   26.317390622   -0.024932000
   26.524825168    1.033157019
   26.628542441    1.031152955
   27.030237712   -0.238194979
   27.133954985   -0.003718778
   27.341389531    0.291349200
   27.445106804    0.406310975
   27.548824076    0.291611405
   28.000917188   -0.291976794
   28.104634461   -0.023748293
   28.312069007    0.011862613
   28.415786280   -0.194951021
   28.519503553   -0.187680143
   28.623220826    0.013320437
   29.141807190   -0.444520817
   29.245524463   -0.163358858
   29.452959009    0.075584177
   29.556676282   -0.217577895
   29.660393555   -0.380830050
   29.764110828   -0.217020673
   29.867828101    0.075745834
   30.463638473   -0.562806831
   30.567355746   -0.433867593
   30.774790292    0.125601895
   30.878507565   -0.216421619
   30.982224838   -0.417501357
   31.085942111   -0.417880116
   31.189659384   -0.217364270
   31.293376657    0.123216480
   31.924264198   -0.433867593
   32.131698744   -0.398446476
   32.235416017   -0.401026049
   32.339133290   -0.476210997
   32.442850563   -0.499630966
   32.546567836   -0.477443291
   32.650285109   -0.403374533
   32.754002382   -0.398547904
   33.480023293   -0.163358858
   33.687457838   -0.398446476
   33.791175111   -0.625806929
   33.894892384   -0.612216717
   33.998609657   -0.592097785
   34.102326930   -0.592807116
   34.206044203   -0.614334771
   34.309761476   -0.627367863
   34.413478749   -0.397867825
   35.236709082   -0.023748293
   35.444143628    0.125601895
   35.547860901   -0.401026049
   35.651578174   -0.612216717
   35.755295447   -0.682210413
   35.859012719   -0.702747159
   35.962729992   -0.683885305
   36.066447265   -0.613964433
   36.170164538   -0.402488967
   36.273881811    0.125714709
   37.195741098   -0.003718778
   37.403175644    0.075584177
   37.506892917   -0.216421619
   37.610610189   -0.476210997
   37.714327462   -0.592097785
   37.818044735   -0.702747159
   37.921762008   -0.703109508
   38.025479281   -0.592612573
   38.129196554   -0.476652379
   38.232913827   -0.216665388
   38.336631100    0.075898630
   39.146688898   -0.024932000
   40.315523203    0.011862613
   40.419240476   -0.217577895
   40.522957749   -0.417501357
   40.626675022   -0.499630966
   40.730392295   -0.592807116
   40.834109568   -0.683885305
   40.937826841   -0.592612573
   41.041544114   -0.499164632
   41.145261387   -0.416840175
   41.248978660   -0.216783421
   41.352695933    0.013168697
   42.303280441    0.331436281
   42.510714987    0.291349200
   42.614432260   -0.194951021
   42.718149533   -0.380830050
   42.821866806   -0.417880116
   43.618534296   -0.477443291
   43.722251569   -0.614334771
   43.825968842   -0.613964433
   43.929686115   -0.476652379
   44.033403388   -0.416840175
   44.137120661   -0.378639502
   44.240837934   -0.185896667
   44.344555207    0.290667508
   45.447084941    1.157854852
   45.654519487    1.033157019
   45.758236760    0.406310975
   45.861954033   -0.187680143
   45.965671306   -0.217020673
   46.069388579   -0.217364270
   46.173105852   -0.403374533
   46.276823125   -0.627367863
   46.380540398   -0.402488967
   46.484257671   -0.216665388
   46.858215617   -0.216783421
   46.961932889   -0.185896667
   47.065650162    0.404845615
   47.169367435    1.024610185
   47.273084708    1.589099922
   48.478170521    0.359268298
   48.657814107   -0.258686044
   48.761531380   -0.023697058
   49.035941491   -0.598816895
   49.139658764   -0.422371504
   49.243376037   -0.203733707
   49.554527856    0.828549896
   50.132001192   -0.555250023
   50.235718465   -0.444746835
   50.339435738   -0.272153828
   50.650587557    0.304743193
   50.754304830    0.304292768
   51.350115202   -0.545009160
   51.453832475   -0.485970637
   51.557549748   -0.342799352
   51.868701566   -0.315310892
   51.972418839   -0.117290177
   52.076136112   -0.310973720
   52.707023654   -0.548729077
   52.810740927   -0.548726542
   52.914458200   -0.479507029
   53.225610019   -0.391806445
   53.329327292   -0.560918195
   53.433044565   -0.557103576
   53.536761838   -0.391783966
   54.132572210   -0.548726542
   54.236289483   -0.578690977
   54.547441301   -0.329860129
   54.651158574   -0.580074976
   54.754875847   -0.652556122
   54.858593120   -0.581468936
   54.962310393   -0.336330787
   55.626424977   -0.485970637
   55.730142250   -0.479507029
   56.041294069   -0.579664381
   56.145011342   -0.571817518
   56.248728615   -0.612049295
   56.352445888   -0.613098499
   56.456163161   -0.575654363
   56.559880434   -0.583598860
   57.300569916   -0.444746835
   57.404287188   -0.342799352
   57.715439007   -0.579664381
   57.819156280   -0.675972488
   57.922873553   -0.673818639
   58.026590826   -0.664134097
   58.130308099   -0.674520542
   58.234025372   -0.676797322
   58.337742645   -0.581226697
   59.160972978   -0.422371504
   59.264690251   -0.272153828
   59.575842070   -0.329860129
   59.679559342   -0.571817518
   59.783276615   -0.673818639
   59.886993888   -0.768252397
   59.990711161   -0.766884224
   60.094428434   -0.672555260
   60.198145707   -0.571788687
   60.301862980   -0.330250926
   60.965977564   -0.258686044
   61.069694837   -0.203733707
   62.091191510   -0.391806445
   62.194908783   -0.580074976
   62.298626056   -0.612049295
   62.402343329   -0.664134097
   62.506060602   -0.766884224
   62.609777875   -0.662089668
   62.713495148   -0.610428354
   62.817212421   -0.579691583
   62.920929694   -0.391452797
   63.690117577   -0.023697058
   64.001269395   -0.315310892
   64.104986668   -0.560918195
   64.901654158   -0.652556122
   65.005371431   -0.613098499
   65.109088704   -0.674520542
   65.212805977   -0.672555260
   65.316523250   -0.610428354
   65.420240523   -0.648778109
   65.523957796   -0.555105451
   65.627675069   -0.312418833
   66.549534356    0.359268298
   66.860686174    0.304743193
   66.964403447   -0.117290177
   67.068120720   -0.557103576
   67.171837993   -0.581468936
   67.275555266   -0.575654363
   67.379272539   -0.676797322
   67.482989812   -0.571788687
   67.856947758   -0.579691583
   67.960665031   -0.555105451
   68.064382304   -0.119586834
   68.168099577    0.298652094
   68.271816850    0.793863572
   69.293313523    0.220656548
   69.472957109   -0.237832541
   69.576674382   -0.003144644
   69.851084493   -0.556144892
   69.954801766   -0.444705672
   70.058519039   -0.271875292
   70.432476984   -0.552289480
   70.536194257   -0.561358978
   70.639911530   -0.520715811
   70.743628803   -0.423715067
   71.158497895    0.174044545
   71.941546134   -0.538552313
   72.045263407   -0.547559582
   72.148980680   -0.547415517
   72.252697953   -0.502843594
   72.667567045   -0.218983471
   72.771284318   -0.215821562
   73.467040936   -0.547559582
   73.570758209   -0.564463384
   73.674475482   -0.574175236
   74.089344573   -0.677377740
   74.193061846   -0.460187241
   74.296779119   -0.673549501
   75.022800030   -0.561358978
   75.126517303   -0.547415517
   75.230234576   -0.574175236
   75.645103668   -0.861325326
   75.748820941   -0.773952135
   75.852538214   -0.773546826
   75.956255487   -0.864693472
   76.725443369   -0.556144892
   76.829160642   -0.520715811
   76.932877915   -0.502843594
   77.347747007   -0.821091877
   77.451464280   -0.896029336
   77.555181553   -0.921991074
   77.658898826   -0.903995246
   77.762616099   -0.828081989
   78.503305580   -0.444705672
   78.607022853   -0.423715067
   79.021891945   -0.821091877
   79.125609218   -0.900466742
   79.229326491   -0.958728121
   79.333043764   -0.964761314
   79.436761037   -0.916091941
   79.540478310   -0.828747346
   80.099012918   -0.237832541
   81.220886755   -0.271875292
   81.635755847   -0.861325326
   81.739473120   -0.896029336
   81.843190393   -0.958728121
   81.946907666   -0.874484235
   82.050624939   -0.971463652
   82.154342212   -0.907994923
   82.258059485   -0.870729841
   82.880363123   -0.003144644
   83.858829919   -0.677377740
   83.962547192   -0.773952135
   84.066264465   -0.921991074
   84.169981738   -0.964761314
   84.273699010   -0.971463652
   84.377416283   -0.922453371
   84.481133556   -0.776157148
   84.584850829   -0.677520545
   85.354038712    0.220656548
   85.768907804   -0.218983471
   85.872625077   -0.460187241
   85.976342350   -0.773546826
   86.080059623   -0.903995246
   86.183776896   -0.916091941
   86.557734841   -0.907994923
   86.661452114   -0.776157148
   86.765169387   -0.464807844
   86.868886660   -0.223721111
   86.972603933    0.138724535
   87.331891106    0.332064528
   88.218051875    0.256981729
   88.397695461   -0.292099743
   88.501412734   -0.023328682
   88.775822845   -0.548867488
   88.879540118   -0.487116420
   88.983257391   -0.342884229
   89.357215336   -0.544053722
   89.460932609   -0.552089895
   89.564649882   -0.549299489
   89.668367155   -0.503456701
   89.942777266   -0.554622364
   90.046494539   -0.573173071
   90.150211812   -0.570953591
   90.668798177   -0.248773585
   91.451846416   -0.552089895
   91.555563689   -0.573173071
   91.659280962   -0.613751388
   92.177867326   -0.504491271
   92.281584599   -0.494359477
   93.078252089   -0.548867488
   93.181969362   -0.549299489
   93.285686635   -0.570953591
   93.804273000   -0.691762068
   93.907990273   -0.622842878
   94.011707546   -0.701161609
   94.737728457   -0.487116420
   94.841445729   -0.503456701
   95.360032094   -0.737951564
   95.463749367   -0.697645102
   95.567466640   -0.721664405
   95.671183913   -0.769532700
   96.440371796   -0.292099743
   96.544089069   -0.342884229
   97.062675434   -0.737951564
   97.166392706   -0.769518106
   97.270109979   -0.797125217
   97.373827252   -0.800388427
   97.477544525   -0.769306159
   98.016475284   -0.023328682
   98.878015659   -0.691762068
   98.981732932   -0.697645102
   99.085450205   -0.797125217
   99.189167478   -0.791491197
   99.292884751   -0.717293315
   99.396602024   -0.700367019
  100.060716608    0.256981729
  100.579302973   -0.504491271
  100.683020246   -0.622842878
  100.786737519   -0.721664405
  101.160695464   -0.800388427
  101.264412737   -0.717293315
  101.368130010   -0.612545149
  101.471847283   -0.504386263
  101.575564556   -0.289058699
  102.027657668   -0.023430527
  102.131374941   -0.023430527
  102.811494582    0.244789250
  102.991138168   -0.446712482
  103.094855441   -0.163569417
  103.369265552   -0.555854517
  103.472982825   -0.553745177
  103.576700098   -0.481264783
  103.851110209   -0.553769536
  103.954827482   -0.570420760
  104.058544755   -0.577432986
  104.332954866   -0.553769536
  104.436672139   -0.576861122
  104.540389412   -0.617378016
  104.720032998   -0.570420760
  104.823750271   -0.617378016
  105.446053909   -0.419028376
  106.229102147   -0.553745177
  106.332819420   -0.577432986
  106.955123058   -0.533993780
  107.058840331   -0.572289737
  107.855507821   -0.446712482
  107.959225094   -0.481264783
  108.581528732   -0.690970659
  108.685246005   -0.599930816
  108.788963278   -0.716485059
  109.337783499   -0.163569417
  110.106971382   -0.690970659
  110.210688655   -0.639572380
  110.314405928   -0.645601656
  110.418123201   -0.694822957
  111.049010743    0.244789250
  111.671314380   -0.533993780
  112.045272326   -0.599930816
  112.148989599   -0.645601656
  112.252706872   -0.592912115
  112.356424145   -0.538005943
  112.460141418   -0.386927911
  113.008961640   -0.003179934
  113.112678913   -0.203416990
  113.216396186   -0.003179934
  113.691688440    0.037139254
  113.871332026   -0.570901368
  113.975049299   -0.435364668
  114.154692885   -0.554120125
  114.258410158   -0.584322058
  114.532820269   -0.563721152
  114.636537542   -0.550863171
  114.740254815   -0.578215862
  114.919898402   -0.550863171
  115.023615675   -0.573057247
  115.203259261   -0.554120125
  115.306976534   -0.578215862
  115.410693807   -0.584322058
  116.136714717   -0.450333845
  116.784428879   -0.435364668
  117.495478679   -0.518826139
  117.599195952   -0.526916165
  118.279315593    0.037139254
  119.089373391   -0.518826139
  119.193090663   -0.493266523
  119.296807936   -0.522206838
  119.400525209   -0.452104765
  120.048239371   -0.023440114
  120.151956644   -0.271908628
  120.255673917   -0.271908628
  120.359391190   -0.422172323
  120.539034777   -0.023440114
  120.813444887    0.089765128
  120.917162160   -0.437371038
  121.096805747   -0.487531670
  121.200523020   -0.481844847
  121.380166606   -0.521721860
  121.483883879   -0.504284057
  121.663527465   -0.487531670
  121.767244738   -0.504284057
  121.870962011   -0.481844847
  121.974679284   -0.437371038
  122.757727523   -0.432110620
  122.861444796   -0.440926410
  123.609360688   -0.163851953
  123.713077961   -0.343194306
  123.816795234   -0.423976415
  123.920512506   -0.444850742
  124.100156093   -0.343194306
  124.203873366   -0.444850742
  124.383516952   -0.163851953
    0.000000000    2.254160228
    0.103717273    2.258785494
    0.283360859    1.856192408
    0.387078132    1.894803501
    0.490795405    1.898034222
    0.722714278    1.259855818
    0.826431551    1.296997528
    0.930148824    1.645799886
    1.033866097    1.299537361
    1.345017916    0.770246856
    1.448735189    0.734501878
    1.552452462    1.172009218
    1.656169735    1.172601633
    1.759887007    0.736159796
    2.161582278    0.664410302
    2.265299551    0.515944257
    2.369016824    0.733114538
    2.472734097    0.999202781
    2.576451370    0.733689671
    2.680168643    0.516565009
    3.177579210    0.888095723
    3.281296483    0.689481811
    3.385013756    0.651771815
    3.488731029    0.797286016
    3.592448302    0.797335770
    3.696165575    0.651851745
    3.799882848    0.689065222
    4.395693220    1.153823457
    4.499410493    1.006739113
    4.603127766    0.883281321
    4.706845039    0.832417489
    4.810562312    0.832729022
    4.914279585    0.832412124
    5.017996858    0.882852228
    5.121714131    1.002972326
    5.817470749    0.947354306
    5.921188022    0.409267534
    6.024905295    0.886759172
    6.128622568    1.048659177
    6.232339841    0.968222764
    6.336057114    0.968472925
    6.439774387    1.048940884
    6.543491659    0.887533998
    6.647208932    0.412001445
    7.430257171    0.409267534
    7.533974444    0.679180485
    7.637691717    1.047366066
    7.741408990    1.164413166
    7.845126263    1.130878049
    7.948843536    1.165739735
    8.052560809    1.048520771
    8.156278082    0.680294217
    8.259995355    0.410276839
    9.146156123    1.006739113
    9.249873396    0.886759172
    9.353590669    1.047366066
    9.457307942    1.218813896
    9.561025215    1.281912702
    9.664742488    1.283874488
    9.768459761    1.221518441
    9.872177034    1.048308046
    9.975894307    0.886330864
   10.079611580    1.003156922
   11.069011305    0.689481811
   11.172728578    0.883281321
   11.276445851    1.048659177
   11.380163124    1.164413166
   11.483880397    1.281912702
   11.587597670    1.338464650
   11.691314943    1.291725948
   11.795032216    1.168645460
   11.898749489    1.049718817
   12.002466762    0.882955113
   12.106184035    0.689086379
   13.198913311    0.515944257
   13.302630584    0.651771815
   13.406347857    0.832417489
   13.510065130    0.968222764
   13.613782403    1.130878049
   13.717499675    1.283874488
   13.821216948    1.291725948
   13.924934221    1.133494708
   14.028651494    0.969319817
   14.132368767    0.832571455
   14.236086040    0.651831850
   14.339803313    0.516527960
   15.361299986    0.734501878
   15.465017259    0.733114538
   16.586891096    0.797286016
   16.690608369    0.832729022
   16.794325642    0.968472925
   16.898042915    1.165739735
   17.001760188    1.221518441
   17.105477461    1.168645460
   17.209194734    0.969319817
   17.312912007    0.832964667
   17.416629280    0.797366411
   17.520346553    0.733720409
   17.624063826    0.736278282
   18.779010498    1.296997528
   18.882727771    1.172009218
   18.986445044    0.999202781
   19.090162317    0.797335770
   19.193879590    0.832412124
   19.297596863    1.048940884
   20.094264353    1.048520771
   20.197981626    1.048308046
   20.301698899    1.049718817
   20.405416172    0.832571455
   20.509133445    0.797366411
   20.612850718    0.999439120
   20.716567991    1.172997155
   20.820285264    1.300473357
   22.119858969    1.894803501
   22.223576242    1.645799886
   22.327293515    1.172601633
   22.431010788    0.733689671
   22.534728061    0.651851745
   22.638445334    0.882852228
   22.742162606    0.887533998
   22.845879879    0.680294217
   22.949597152    0.886330864
   23.053314425    0.882955113
   23.157031698    0.651831850
   23.530989644    0.733720409
   23.634706917    1.172997155
   23.738424190    1.647443250
   23.842141463    1.902933384
   23.945858736    2.293433129
   25.348919998    1.857112597
   25.528563584    1.774945594
   25.632280857    1.700817619
   25.839715403    1.625935343
   26.213673349    1.365425913
   26.317390622    1.271272721
   26.524825168    1.145404146
   26.628542441    1.147659031
   27.030237712    1.127104922
   27.133954985    0.927997259
   27.341389531    0.665787197
   27.445106804    0.875887245
   27.548824076    0.667249698
   28.000917188    1.149502292
   28.104634461    0.908357537
   28.312069007    0.491644422
   28.415786280    0.578624544
   28.519503553    0.578868066
   28.623220826    0.492156412
   29.141807190    1.286531219
   29.245524463    1.105548609
   29.452959009    0.676841887
   29.556676282    0.553373083
   29.660393555    0.527752200
   29.764110828    0.552865796
   29.867828101    0.675877671
   30.463638473    1.353259215
   30.567355746    1.272385900
   30.774790292    0.428843946
   30.878507565    0.658525125
   30.982224838    0.638169248
   31.085942111    0.636671621
   31.189659384    0.654417392
   31.293376657    0.430479503
   31.924264198    1.272385900
   32.131698744    0.153427078
   32.235416017    0.245689208
   32.339133290    0.450419258
   32.442850563    0.527148893
   32.546567836    0.450919523
   32.650285109    0.247330089
   32.754002382    0.155808050
   33.480023293    1.105548609
   33.687457838    0.153427078
   33.791175111    0.165518717
   33.894892384    0.301089445
   33.998609657    0.403253592
   34.102326930    0.403450463
   34.206044203    0.301666235
   34.309761476    0.166253286
   34.413478749    0.153763219
   35.236709082    0.908357537
   35.444143628    0.428843946
   35.547860901    0.245689208
   35.651578174    0.301089445
   35.755295447    0.375826473
   35.859012719    0.409986155
   35.962729992    0.375981240
   36.066447265    0.301221101
   36.170164538    0.245398766
   36.273881811    0.426572323
   37.195741098    0.927997259
   37.403175644    0.676841887
   37.506892917    0.658525125
   37.610610189    0.450419258
   37.714327462    0.403253592
   37.818044735    0.409986155
   37.921762008    0.410004563
   38.025479281    0.403184572
   38.129196554    0.449686813
   38.232913827    0.652636038
   38.336631100    0.675837076
   39.146688898    1.271272721
   40.315523203    0.491644422
   40.419240476    0.553373083
   40.522957749    0.638169248
   40.626675022    0.527148893
   40.730392295    0.403450463
   40.834109568    0.375981240
   40.937826841    0.403184572
   41.041544114    0.526260590
   41.145261387    0.635931905
   41.248978660    0.552838317
   41.352695933    0.492162670
   42.303280441    1.700817619
   42.510714987    0.665787197
   42.614432260    0.578624544
   42.718149533    0.527752200
   42.821866806    0.636671621
   43.618534296    0.450919523
   43.722251569    0.301666235
   43.825968842    0.301221101
   43.929686115    0.449686813
   44.033403388    0.635931905
   44.137120661    0.527583029
   44.240837934    0.579200323
   44.344555207    0.668073215
   45.447084941    1.857112597
   45.654519487    1.145404146
   45.758236760    0.875887245
   45.861954033    0.578868066
   45.965671306    0.552865796
   46.069388579    0.654417392
   46.173105852    0.247330089
   46.276823125    0.166253286
   46.380540398    0.245398766
   46.484257671    0.652636038
   46.858215617    0.552838317
   46.961932889    0.579200323
   47.065650162    0.877537523
   47.169367435    1.154310210
   47.273084708    1.661331154
   48.478170521    1.260670127
   48.657814107    1.365451891
   48.761531380    1.271487285
   49.035941491    1.464059887
   49.139658764    1.341599337
   49.243376037    1.168273882
   49.554527856    0.830758105
   50.132001192    1.423310493
   50.235718465    1.268342027
   50.339435738    1.045732762
   50.650587557    0.470480250
   50.754304830    0.471021548
   51.350115202    1.458498125
   51.453832475    1.320562937
   51.557549748    1.104314804
   51.868701566    0.342718337
   51.972418839    0.277893059
   52.076136112    0.341508024
   52.707023654    1.484335612
   52.810740927    1.400329143
   52.914458200    1.256362171
   53.225610019    0.403158310
   53.329327292    0.297290020
   53.433044565    0.289301999
   53.536761838    0.393610873
   54.132572210    1.400329143
   54.236289483    1.333907454
   54.547441301   -0.165578934
   54.651158574   -0.043025978
   54.754875847    0.008016747
   54.858593120   -0.043053971
   54.962310393   -0.160152039
   55.626424977    1.320562937
   55.730142250    1.256362171
   56.041294069   -0.294580417
   56.145011342   -0.352345929
   56.248728615   -0.270916614
   56.352445888   -0.270304987
   56.456163161   -0.349377513
   56.559880434   -0.291559063
   57.300569916    1.268342027
   57.404287188    1.104314804
   57.715439007   -0.294580417
   57.819156280   -0.409088565
   57.922873553   -0.390467425
   58.026590826   -0.366304467
   58.130308099   -0.389880995
   58.234025372   -0.408243650
   58.337742645   -0.294196452
   59.160972978    1.341599337
   59.264690251    1.045732762
   59.575842070   -0.165578934
   59.679559342   -0.352345929
   59.783276615   -0.390467425
   59.886993888   -0.370321717
   59.990711161   -0.370428659
   60.094428434   -0.390917575
   60.198145707   -0.353153696
   60.301862980   -0.167354020
   60.965977564    1.365451891
   61.069694837    1.168273882
   62.091191510    0.403158310
   62.194908783   -0.043025978
   62.298626056   -0.270916614
   62.402343329   -0.366304467
   62.506060602   -0.370428659
   62.609777875   -0.367201377
   62.713495148   -0.272232211
   62.817212421   -0.045245850
   62.920929694    0.392257475
   63.690117577    1.271487285
   64.001269395    0.342718337
   64.104986668    0.297290020
   64.901654158    0.008016747
   65.005371431   -0.270304987
   65.109088704   -0.389880995
   65.212805977   -0.390917575
   65.316523250   -0.272232211
   65.420240523    0.005690893
   65.523957796    0.287664349
   65.627675069    0.342267798
   66.549534356    1.260670127
   66.860686174    0.470480250
   66.964403447    0.277893059
   67.068120720    0.289301999
   67.171837993   -0.043053971
   67.275555266   -0.349377513
   67.379272539   -0.408243650
   67.482989812   -0.353153696
   67.856947758   -0.045245850
   67.960665031    0.287664349
   68.064382304    0.279146289
   68.168099577    0.476235307
   68.271816850    0.865614795
   69.293313523    0.770866826
   69.472957109    1.127095298
   69.576674382    0.928083660
   69.851084493    1.424440763
   69.954801766    1.268505552
   70.058519039    1.045730148
   70.432476984    1.567890329
   70.536194257    1.496366665
   70.639911530    1.348316714
   70.743628803    1.120686169
   71.158497895    0.178236101
   71.941546134    1.582739342
   72.045263407    1.533187649
   72.148980680    1.426042030
   72.252697953    1.237928010
   72.667567045    0.040303408
   72.771284318    0.033225738
   73.467040936    1.533187649
   73.570758209    1.469002744
   73.674475482    1.356380486
   74.089344573   -0.085650420
   74.193061846   -0.078672282
   74.296779119   -0.091058581
   75.022800030    1.496366665
   75.126517303    1.426042030
   75.230234576    1.356380486
   75.645103668   -0.404618361
   75.748820941   -0.345663721
   75.852538214   -0.346328835
   75.956255487   -0.403976829
   76.725443369    1.424440763
   76.829160642    1.348316714
   76.932877915    1.237928010
   77.347747007   -0.648651917
   77.451464280   -0.579664488
   77.555181553   -0.546384973
   77.658898826   -0.577320864
   77.762616099   -0.643582314
   78.503305580    1.268505552
   78.607022853    1.120686169
   79.021891945   -0.648651917
   79.125609218   -0.725446964
   79.229326491   -0.726106815
   79.333043764   -0.723410681
   79.436761037   -0.718161304
   79.540478310   -0.645417999
   80.099012918    1.127095298
   81.220886755    1.045730148
   81.635755847   -0.404618361
   81.739473120   -0.579664488
   81.843190393   -0.726106815
   81.946907666   -0.856603427
   82.050624939   -0.721913027
   82.154342212   -0.576949271
   82.258059485   -0.404760405
   82.880363123    0.928083660
   83.858829919   -0.085650420
   83.962547192   -0.345663721
   84.066264465   -0.546384973
   84.169981738   -0.723410681
   84.273699010   -0.721913027
   84.377416283   -0.544741095
   84.481133556   -0.345317638
   84.584850829   -0.090095734
   85.354038712    0.770866826
   85.768907804    0.040303408
   85.872625077   -0.078672282
   85.976342350   -0.346328835
   86.080059623   -0.577320864
   86.183776896   -0.718161304
   86.557734841   -0.576949271
   86.661452114   -0.345317638
   86.765169387   -0.082144586
   86.868886660    0.038529093
   86.972603933    0.211548368
   87.331891106    1.701186157
   88.218051875    0.664411790
   88.397695461    1.149911951
   88.501412734    0.908335286
   88.775822845    1.462059021
   88.879540118    1.321819157
   88.983257391    1.104668565
   89.357215336    1.587983219
   89.460932609    1.537239930
   89.564649882    1.427752792
   89.668367155    1.238599456
   89.942777266    1.569765402
   90.046494539    1.500332057
   90.150211812    1.358523585
   90.668798177   -0.232676164
   91.451846416    1.537239930
   91.555563689    1.500332057
   91.659280962    1.431982765
   92.177867326   -0.296871855
   92.281584599   -0.305475649
   93.078252089    1.462059021
   93.181969362    1.427752792
   93.285686635    1.358523585
   93.804273000   -0.504739787
   93.907990273   -0.467267351
   94.011707546   -0.500347472
   94.737728457    1.321819157
   94.841445729    1.238599456
   95.360032094   -0.694279813
   95.463749367   -0.637274465
   95.567466640   -0.620397622
   95.671183913   -0.666577179
   96.440371796    1.149911951
   96.544089069    1.104668565
   97.062675434   -0.694279813
   97.166392706   -0.714918207
   97.270109979   -0.741354061
   97.373827252   -0.686388220
   97.477544525   -0.664892707
   98.016475284    0.908335286
   98.878015659   -0.504739787
   98.981732932   -0.637274465
   99.085450205   -0.741354061
   99.189167478   -0.727525979
   99.292884751   -0.615050630
   99.396602024   -0.496632307
  100.060716608    0.664411790
  100.579302973   -0.296871855
  100.683020246   -0.467267351
  100.786737519   -0.620397622
  101.160695464   -0.686388220
  101.264412737   -0.615050630
  101.368130010   -0.458214260
  101.471847283   -0.295092447
  101.575564556   -0.201993570
  102.027657668    1.271540215
  102.131374941    1.271540215
  102.811494582    0.887825641
  102.991138168    1.288733580
  103.094855441    1.106114971
  103.369265552    1.490315689
  103.472982825    1.404591401
  103.576700098    1.258333167
  103.851110209    1.538925881
  103.954827482    1.474248751
  104.058544755    1.359429779
  104.332954866    1.538925881
  104.436672139    1.504052054
  104.540389412    1.435713588
  104.720032998    1.474248751
  104.823750271    1.435713588
  105.446053909   -0.380051142
  106.229102147    1.404591401
  106.332819420    1.359429779
  106.955123058   -0.497574416
  107.058840331   -0.474151640
  107.855507821    1.288733580
  107.959225094    1.258333167
  108.581528732   -0.549461390
  108.685246005   -0.534348723
  108.788963278   -0.534430791
  109.337783499    1.106114971
  110.106971382   -0.549461390
  110.210688655   -0.564834999
  110.314405928   -0.554351668
  110.418123201   -0.534200629
  111.049010743    0.887825641
  111.671314380   -0.497574416
  112.045272326   -0.534348723
  112.148989599   -0.554351668
  112.252706872   -0.526788358
  112.356424145   -0.473382811
  112.460141418   -0.374886599
  113.008961640    0.928082778
  113.112678913    1.168297836
  113.216396186    0.928082778
  113.691688440    1.153865119
  113.871332026    1.358493768
  113.975049299    1.275872548
  114.154692885    1.405041276
  114.258410158    1.338932374
  114.532820269    1.498941758
  114.636537542    1.429562837
  114.740254815    1.360590932
  114.919898402    1.429562837
  115.023615675    1.361146718
  115.203259261    1.405041276
  115.306976534    1.360590932
  115.410693807    1.338932374
  116.136714717   -0.438881730
  116.784428879    1.275872548
  117.495478679   -0.455443686
  117.599195952   -0.444278535
  118.279315593    1.153865119
  119.089373391   -0.455443686
  119.193090663   -0.471829088
  119.296807936   -0.442428981
  119.400525209   -0.418409332
  120.048239371    0.908390070
  120.151956644    1.045836473
  120.255673917    1.045836473
  120.359391190    1.341613990
  120.539034777    0.908390070
  120.813444887    0.949263542
  120.917162160    1.276126577
  121.096805747    1.322332860
  121.200523020    1.259040787
  121.380166606    1.349661367
  121.483883879    1.239904317
  121.663527465    1.322332860
  121.767244738    1.239904317
  121.870962011    1.259040787
  121.974679284    1.276126577
  122.757727523   -0.429919887
  122.861444796   -0.400486932
  123.609360688    1.106285777
  123.713077961    1.105069293
  123.816795234    1.121354868
  123.920512506    1.268749883
  124.100156093    1.105069293
  124.203873366    1.268749883
  124.383516952    1.106285777
    0.000000000    2.289102164
    0.103717273    2.342719745
    0.283360859    2.305735911
    0.387078132    2.338433328
    0.490795405    2.337979160
    0.722714278    2.354318316
    0.826431551    2.380296331
    0.930148824    2.235375372
    1.033866097    2.380036554
    1.345017916    2.406154366
    1.448735189    2.437876767
    1.552452462    2.216860520
    1.656169735    2.216744932
    1.759887007    2.437769787
    2.161582278    2.437920308
    2.265299551    2.500909220
    2.369016824    2.253624184
    2.472734097    2.022994667
    2.576451370    2.253730658
    2.680168643    2.501060420
    3.177579210    2.223915559
    3.281296483    2.403462836
    3.385013756    2.283262576
    3.488731029    1.947889395
    3.592448302    1.948275562
    3.696165575    2.285128918
    3.799882848    2.407657183
    4.395693220    1.268360616
    4.499410493    1.179690497
    4.603127766    1.628780625
    4.706845039    1.889110859
    4.810562312    1.761341739
    4.914279585    1.898649421
    5.017996858    1.631447360
    5.121714131    1.184259243
    5.817470749    1.266377360
    5.921188022    1.227081357
    6.024905295    1.151373614
    6.128622568    1.356384462
    6.232339841    1.585397995
    6.336057114    1.588352948
    6.439774387    1.359298476
    6.543491659    1.153749646
    6.647208932    1.229474495
    7.430257171    1.227081357
    7.533974444    1.258749281
    7.637691717    1.232342860
    7.741408990    1.315086977
    7.845126263    1.406535978
    7.948843536    1.316455613
    8.052560809    1.235794987
    8.156278082    1.263692049
    8.259995355    1.229584594
    9.146156123    1.179690497
    9.249873396    1.151373614
    9.353590669    1.232342860
    9.457307942    1.286456132
    9.561025215    1.343341111
    9.664742488    1.343009695
    9.768459761    1.287633784
    9.872177034    1.235108693
    9.975894307    1.153603430
   10.079611580    1.183257783
   11.069011305    2.403462836
   11.172728578    1.628780625
   11.276445851    1.356384462
   11.380163124    1.315086977
   11.483880397    1.343341111
   11.587597670    1.390060826
   11.691314943    1.333561439
   11.795032216    1.311553243
   11.898749489    1.356098331
   12.002466762    1.629423503
   12.106184035    2.404082948
   13.198913311    2.500909220
   13.302630584    2.283262576
   13.406347857    1.889110859
   13.510065130    1.585397995
   13.613782403    1.406535978
   13.717499675    1.343009695
   13.821216948    1.333561439
   13.924934221    1.401811666
   14.028651494    1.580100520
   14.132368767    1.886446953
   14.236086040    2.283186496
   14.339803313    2.500868079
   15.361299986    2.437876767
   15.465017259    2.253624184
   16.586891096    1.947889395
   16.690608369    1.761341739
   16.794325642    1.588352948
   16.898042915    1.316455613
   17.001760188    1.287633784
   17.105477461    1.311553243
   17.209194734    1.580100520
   17.312912007    1.759374250
   17.416629280    1.947657956
   17.520346553    2.253542079
   17.624063826    2.437738732
   18.779010498    2.380296331
   18.882727771    2.216860520
   18.986445044    2.022994667
   19.090162317    1.948275562
   19.193879590    1.898649421
   19.297596863    1.359298476
   20.094264353    1.235794987
   20.197981626    1.235108693
   20.301698899    1.356098331
   20.405416172    1.886446953
   20.509133445    1.947657956
   20.612850718    2.022865742
   20.716567991    2.216659065
   20.820285264    2.379980862
   22.119858969    2.338433328
   22.223576242    2.235375372
   22.327293515    2.216744932
   22.431010788    2.253730658
   22.534728061    2.285128918
   22.638445334    1.631447360
   22.742162606    1.153749646
   22.845879879    1.263692049
   22.949597152    1.153603430
   23.053314425    1.629423503
   23.157031698    2.283186496
   23.530989644    2.253542079
   23.634706917    2.216659065
   23.738424190    2.234919605
   23.842141463    2.337359025
   23.945858736    2.329108994
   25.348919998    2.305315697
   25.528563584    1.775101008
   25.632280857    2.131115182
   25.839715403    2.110266394
   26.213673349    1.842920796
   26.317390622    2.112139142
   26.524825168    2.063482238
   26.628542441    2.063340031
   27.030237712    1.869675477
   27.133954985    2.131023198
   27.341389531    2.113089180
   27.445106804    1.912095040
   27.548824076    2.113228165
   28.000917188    1.814052542
   28.104634461    2.094122895
   28.312069007    2.176832772
   28.415786280    1.880749809
   28.519503553    1.882640046
   28.623220826    2.184959043
   29.141807190    1.669093395
   29.245524463    1.913034855
   29.452959009    1.345999744
   29.556676282    1.341473821
   29.660393555    1.366601575
   29.764110828    1.344925693
   29.867828101    1.349452341
   30.463638473    1.572396349
   30.567355746    1.614338166
   30.774790292    0.990060777
   30.878507565    0.800390981
   30.982224838    0.813572029
   31.085942111    0.816392195
   31.189659384    0.807454735
   31.293376657    0.992927906
   31.924264198    1.614338166
   32.131698744    1.204817260
   32.235416017    1.073669990
   32.339133290    0.902959541
   32.442850563    0.821092001
   32.546567836    0.904620034
   32.650285109    1.076473852
   32.754002382    1.208825204
   33.480023293    1.913034855
   33.687457838    1.204817260
   33.791175111    1.200803424
   33.894892384    1.138376276
   33.998609657    1.062685594
   34.102326930    1.063532532
   34.206044203    1.141204329
   34.309761476    1.205658838
   34.413478749    1.208663639
   35.236709082    2.094122895
   35.444143628    0.990060777
   35.547860901    1.073669990
   35.651578174    1.138376276
   35.755295447    1.212305457
   35.859012719    1.236953782
   35.962729992    1.214639033
   36.066447265    1.141007909
   36.170164538    1.076163462
   36.273881811    0.992670214
   37.195741098    2.131023198
   37.403175644    1.345999744
   37.506892917    0.800390981
   37.610610189    0.902959541
   37.714327462    1.062685594
   37.818044735    1.236953782
   37.921762008    1.237687617
   38.025479281    1.063641751
   38.129196554    0.904546749
   38.232913827    0.806920766
   38.336631100    1.347339995
   39.146688898    2.112139142
   40.315523203    2.176832772
   40.419240476    1.341473821
   40.522957749    0.813572029
   40.626675022    0.821092001
   40.730392295    1.063532532
   40.834109568    1.214639033
   40.937826841    1.063641751
   41.041544114    0.821695121
   41.145261387    0.815699279
   41.248978660    1.342453204
   41.352695933    2.176905097
   42.303280441    2.131115182
   42.510714987    2.113089180
   42.614432260    1.880749809
   42.718149533    1.366601575
   42.821866806    0.816392195
   43.618534296    0.904620034
   43.722251569    1.141204329
   43.825968842    1.141007909
   43.929686115    0.904546749
   44.033403388    0.815699279
   44.137120661    1.365310391
   44.240837934    1.880283132
   44.344555207    2.112940850
   45.447084941    2.305315697
   45.654519487    2.063482238
   45.758236760    1.912095040
   45.861954033    1.882640046
   45.965671306    1.344925693
   46.069388579    0.807454735
   46.173105852    1.076473852
   46.276823125    1.205658838
   46.380540398    1.076163462
   46.484257671    0.806920766
   46.858215617    1.342453204
   46.961932889    1.880283132
   47.065650162    1.911822057
   47.169367435    2.063002841
   47.273084708    2.108569806
   48.478170521    2.354131019
   48.657814107    1.842914892
   48.761531380    2.112070927
   49.035941491    1.500297711
   49.139658764    1.671036875
   49.243376037    1.900679211
   49.554527856    1.707696513
   50.132001192    1.566200652
   50.235718465    1.662569545
   50.339435738    1.828858701
   50.650587557    1.610042744
   50.754304830    1.611456701
   51.350115202    1.590996397
   51.453832475    1.636600792
   51.557549748    1.761647952
   51.868701566    1.059352924
   51.972418839    0.999906908
   52.076136112    1.063225223
   52.707023654    1.592456665
   52.810740927    1.587653555
   52.914458200    1.637667685
   53.225610019    0.535370247
   53.329327292    0.411115635
   53.433044565    0.420261376
   53.536761838    0.547672571
   54.132572210    1.587653555
   54.236289483    1.555486083
   54.547441301    0.855332047
   54.651158574    0.588222952
   54.754875847    0.441724092
   54.858593120    0.590845162
   54.962310393    0.858283332
   55.626424977    1.636600792
   55.730142250    1.637667685
   56.041294069    1.104562988
   56.145011342    0.920319429
   56.248728615    0.754285382
   56.352445888    0.755080630
   56.456163161    0.922702150
   56.559880434    1.108664769
   57.300569916    1.662569545
   57.404287188    1.761647952
   57.715439007    1.104562988
   57.819156280    1.105032190
   57.922873553    1.044313937
   58.026590826    1.002410185
   58.130308099    1.045896029
   58.234025372    1.108381826
   58.337742645    1.108002001
   59.160972978    1.671036875
   59.264690251    1.828858701
   59.575842070    0.855332047
   59.679559342    0.920319429
   59.783276615    1.044313937
   59.886993888    1.173196504
   59.990711161    1.173858697
   60.094428434    1.045363954
   60.198145707    0.922018968
   60.301862980    0.857738638
   60.965977564    1.842914892
   61.069694837    1.900679211
   62.091191510    0.535370247
   62.194908783    0.588222952
   62.298626056    0.754285382
   62.402343329    1.002410185
   62.506060602    1.173858697
   62.609777875    1.002346912
   62.713495148    0.754995679
   62.817212421    0.590765080
   62.920929694    0.546921405
   63.690117577    2.112070927
   64.001269395    1.059352924
   64.104986668    0.411115635
   64.901654158    0.441724092
   65.005371431    0.755080630
   65.109088704    1.045896029
   65.212805977    1.045363954
   65.316523250    0.754995679
   65.420240523    0.443391413
   65.523957796    0.421441648
   65.627675069    1.061405413
   66.549534356    2.354131019
   66.860686174    1.610042744
   66.964403447    0.999906908
   67.068120720    0.420261376
   67.171837993    0.590845162
   67.275555266    0.922702150
   67.379272539    1.108381826
   67.482989812    0.922018968
   67.856947758    0.590765080
   67.960665031    0.421441648
   68.064382304    1.000463678
   68.168099577    1.609858856
   68.271816850    1.707094972
   69.293313523    2.406088984
   69.472957109    1.869696306
   69.576674382    2.131065026
   69.851084493    1.565235389
   69.954801766    1.662477529
   70.058519039    1.828932146
   70.432476984    1.587899581
   70.536194257    1.572679775
   70.639911530    1.601917315
   70.743628803    1.683091696
   71.158497895    0.906187840
   71.941546134    1.605288896
   72.045263407    1.593674496
   72.148980680    1.587765337
   72.252697953    1.620384185
   72.667567045    0.316906816
   72.771284318    0.322230666
   73.467040936    1.593674496
   73.570758209    1.574469959
   73.674475482    1.558528688
   74.089344573    0.254796400
   74.193061846    0.042403918
   74.296779119    0.260802183
   75.022800030    1.572679775
   75.126517303    1.587765337
   75.230234576    1.558528688
   75.645103668    0.648103695
   75.748820941    0.388584179
   75.852538214    0.390043054
   75.956255487    0.650628992
   76.725443369    1.565235389
   76.829160642    1.601917315
   76.932877915    1.620384185
   77.347747007    0.982313721
   77.451464280    0.795778825
   77.555181553    0.704346323
   77.658898826    0.796980344
   77.762616099    0.985061865
   78.503305580    1.662477529
   78.607022853    1.683091696
   79.021891945    0.982313721
   79.125609218    1.014191684
   79.229326491    0.994517196
   79.333043764    0.989104071
   79.436761037    1.007657901
   79.540478310    0.982818611
   80.099012918    1.869696306
   81.220886755    1.828932146
   81.635755847    0.648103695
   81.739473120    0.795778825
   81.843190393    0.994517196
   81.946907666    1.013767990
   82.050624939    0.978496550
   82.154342212    0.794000312
   82.258059485    0.649397542
   82.880363123    2.131065026
   83.858829919    0.254796400
   83.962547192    0.388584179
   84.066264465    0.704346323
   84.169981738    0.989104071
   84.273699010    0.978496550
   84.377416283    0.702067680
   84.481133556    0.389352522
   84.584850829    0.260510370
   85.354038712    2.406088984
   85.768907804    0.316906816
   85.872625077    0.042403918
   85.976342350    0.390043054
   86.080059623    0.796980344
   86.183776896    1.007657901
   86.557734841    0.794000312
   86.661452114    0.389352522
   86.765169387    0.049303242
   86.868886660    0.323632412
   86.972603933    0.908583483
   87.331891106    2.130909872
   88.218051875    2.438007092
   88.397695461    1.813878003
   88.501412734    2.094357125
   88.775822845    1.587912937
   88.879540118    1.635737979
   88.983257391    1.761669561
   89.357215336    1.600144197
   89.460932609    1.589867336
   89.564649882    1.586336761
   89.668367155    1.620010883
   89.942777266    1.586811372
   90.046494539    1.564720621
   90.150211812    1.561343467
   90.668798177   -0.054054590
   91.451846416    1.589867336
   91.555563689    1.564720621
   91.659280962    1.517212974
   92.177867326    0.016177508
   92.281584599    0.020289659
   93.078252089    1.587912937
   93.181969362    1.586336761
   93.285686635    1.561343467
   93.804273000    0.526046294
   93.907990273    0.374858017
   94.011707546    0.527350133
   94.737728457    1.635737979
   94.841445729    1.620010883
   95.360032094    0.658989689
   95.463749367    0.476332389
   95.567466640    0.475161471
   95.671183913    0.656486107
   96.440371796    1.813878003
   96.544089069    1.761669561
   97.062675434    0.658989689
   97.166392706    0.497173445
   97.270109979    0.466915276
   97.373827252    0.495165173
   97.477544525    0.654574888
   98.016475284    2.094357125
   98.878015659    0.526046294
   98.981732932    0.476332389
   99.085450205    0.466915276
   99.189167478    0.465908875
   99.292884751    0.472240025
   99.396602024    0.515006495
  100.060716608    2.438007092
  100.579302973    0.016177508
  100.683020246    0.374858017
  100.786737519    0.475161471
  101.160695464    0.495165173
  101.264412737    0.472240025
  101.368130010    0.358597804
  101.471847283    0.018030881
  101.575564556   -0.045107793
  102.027657668    2.112044404
  102.131374941    2.112044404
  102.811494582    2.225915706
  102.991138168    1.667727562
  103.094855441    1.913952383
  103.369265552    1.587124073
  103.472982825    1.584211411
  103.576700098    1.636684207
  103.851110209    1.588269644
  103.954827482    1.569763048
  104.058544755    1.556131784
  104.332954866    1.588269644
  104.436672139    1.561220315
  104.540389412    1.513750576
  104.720032998    1.569763048
  104.823750271    1.513750576
  105.446053909    0.165250835
  106.229102147    1.584211411
  106.332819420    1.556131784
  106.955123058    0.109198048
  107.058840331    0.107951008
  107.855507821    1.667727562
  107.959225094    1.636684207
  108.581528732    0.153582366
  108.685246005    0.038119626
  108.788963278    0.151441350
  109.337783499    1.913952383
  110.106971382    0.153582366
  110.210688655    0.048796679
  110.314405928    0.047414915
  110.418123201    0.150536642
  111.049010743    2.225915706
  111.671314380    0.109198048
  112.045272326    0.038119626
  112.148989599    0.047414915
  112.252706872    0.035590164
  112.356424145    0.103181541
  112.460141418    0.108528027
  113.008961640    2.131004640
  113.112678913    1.900643758
  113.216396186    2.131004640
  113.691688440    1.270098893
  113.871332026    1.568457758
  113.975049299    1.616086787
  114.154692885    1.583816029
  114.258410158    1.551747179
  114.532820269    1.570300740
  114.636537542    1.584768590
  114.740254815    1.555000860
  114.919898402    1.584768590
  115.023615675    1.559012793
  115.203259261    1.583816029
  115.306976534    1.555000860
  115.410693807    1.551747179
  116.136714717   -0.197284097
  116.784428879    1.616086787
  117.495478679   -0.208986187
  117.599195952   -0.211567171
  118.279315593    1.270098893
  119.089373391   -0.208986187
  119.193090663   -0.250058912
  119.296807936   -0.213831075
  119.400525209   -0.206310873
  120.048239371    2.094095948
  120.151956644    1.828743583
  120.255673917    1.828743583
  120.359391190    1.671023790
  120.539034777    2.094095948
  120.813444887    1.270506953
  120.917162160    1.614142492
  121.096805747    1.635327374
  121.200523020    1.635728868
  121.380166606    1.600853775
  121.483883879    1.618791994
  121.663527465    1.635327374
  121.767244738    1.618791994
  121.870962011    1.635728868
  121.974679284    1.614142492
  122.757727523   -0.377644025
  122.861444796   -0.396600520
  123.609360688    1.912804283
  123.713077961    1.761109530
  123.816795234    1.682490285
  123.920512506    1.662290893
  124.100156093    1.761109530
  124.203873366    1.662290893
  124.383516952    1.912804283
    0.000000000    8.707416124
    0.103717273    8.547579359
    0.283360859    7.622937765
    0.387078132    7.442748281
    0.490795405    7.443078278
    0.722714278    6.254737810
    0.826431551    6.216310614
    0.930148824    6.068262338
    1.033866097    6.216497354
    1.345017916    4.843967393
    1.448735189    4.957451750
    1.552452462    4.830328669
    1.656169735    4.830329373
    1.759887007    4.957501082
    2.161582278    3.478505522
    2.265299551    3.679085098
    2.369016824    3.703328479
    2.472734097    3.690035417
    2.576451370    3.703160320
    2.680168643    3.678906057
    3.177579210    2.384941057
    3.281296483    2.564526127
    3.385013756    2.634401753
    3.488731029    2.751950518
    3.592448302    2.751604993
    3.696165575    2.632550313
    3.799882848    2.560317435
    4.395693220    1.989857082
    4.499410493    2.606543012
    4.603127766    2.228041696
    4.706845039    1.974440344
    4.810562312    2.071499240
    4.914279585    1.965057542
    5.017996858    2.225652524
    5.121714131    2.591968689
    5.817470749    1.561145562
    5.921188022    1.732086043
    6.024905295    1.865346228
    6.128622568    1.769872010
    6.232339841    1.692315607
    6.336057114    1.689309072
    6.439774387    1.767152598
    6.543491659    1.862795324
    6.647208932    1.728972980
    7.430257171    1.732086043
    7.533974444    1.544374818
    7.637691717    1.570850236
    7.741408990    1.590365497
    7.845126263    1.595284279
    7.948843536    1.588157613
    8.052560809    1.567101709
    8.156278082    1.539350159
    8.259995355    1.729446377
    9.146156123    2.606543012
    9.249873396    1.865346228
    9.353590669    1.570850236
    9.457307942    1.512153031
    9.561025215    1.505387539
    9.664742488    1.504026688
    9.768459761    1.509005911
    9.872177034    1.568098308
    9.975894307    1.864155484
   10.079611580    2.601464422
   11.069011305    2.564526127
   11.172728578    2.228041696
   11.276445851    1.769872010
   11.380163124    1.590365497
   11.483880397    1.505387539
   11.587597670    1.437634927
   11.691314943    1.505863112
   11.795032216    1.590494444
   11.898749489    1.769854643
   12.002466762    2.227993400
   12.106184035    2.564157363
   13.198913311    3.679085098
   13.302630584    2.634401753
   13.406347857    1.974440344
   13.510065130    1.692315607
   13.613782403    1.595284279
   13.717499675    1.504026688
   13.821216948    1.505863112
   13.924934221    1.597991871
   14.028651494    1.697183291
   14.132368767    1.977417835
   14.236086040    2.634774973
   14.339803313    3.679257200
   15.361299986    4.957451750
   15.465017259    3.703328479
   16.586891096    2.751950518
   16.690608369    2.071499240
   16.794325642    1.689309072
   16.898042915    1.588157613
   17.001760188    1.509005911
   17.105477461    1.590494444
   17.209194734    1.697183291
   17.312912007    2.073635175
   17.416629280    2.752489085
   17.520346553    3.703587904
   17.624063826    4.957690301
   18.779010498    6.216310614
   18.882727771    4.830328669
   18.986445044    3.690035417
   19.090162317    2.751604993
   19.193879590    1.965057542
   19.297596863    1.767152598
   20.094264353    1.567101709
   20.197981626    1.568098308
   20.301698899    1.769854643
   20.405416172    1.977417835
   20.509133445    2.752489085
   20.612850718    3.690387116
   20.716567991    4.830597830
   20.820285264    6.216742477
   22.119858969    7.442748281
   22.223576242    6.068262338
   22.327293515    4.830329373
   22.431010788    3.703160320
   22.534728061    2.632550313
   22.638445334    2.225652524
   22.742162606    1.862795324
   22.845879879    1.539350159
   22.949597152    1.864155484
   23.053314425    2.227993400
   23.157031698    2.634774973
   23.530989644    3.703587904
   23.634706917    4.830597830
   23.738424190    6.068593655
   23.842141463    7.443748202
   23.945858736    8.553151204
   25.348919998    7.625102458
   25.528563584    7.270754693
   25.632280857    6.655665028
   25.839715403    5.839373354
   26.213673349    5.919456695
   26.317390622    5.452484241
   26.524825168    4.451239683
   26.628542441    4.451226876
   27.030237712    4.668765441
   27.133954985    4.257613382
   27.341389531    3.299132121
   27.445106804    3.157586567
   27.548824076    3.298872074
   28.000917188    3.634006297
   28.104634461    3.141522896
   28.312069007    2.302472353
   28.415786280    2.160030331
   28.519503553    2.158200912
   28.623220826    2.294332877
   29.141807190    2.933048628
   29.245524463    2.233304956
   29.452959009    2.258272241
   29.556676282    1.916140682
   29.660393555    1.730386072
   29.764110828    1.913307254
   29.867828101    2.255231929
   30.463638473    2.684043860
   30.567355746    1.728166395
   30.774790292    2.181960565
   30.878507565    1.895058233
   30.982224838    1.698122661
   31.085942111    1.697008283
   31.189659384    1.892141444
   31.293376657    2.172606059
   31.924264198    1.728166395
   32.131698744    1.614155994
   32.235416017    1.675479914
   32.339133290    1.643304936
   32.442850563    1.625240174
   32.546567836    1.641621414
   32.650285109    1.671946884
   32.754002382    1.609475930
   33.480023293    2.233304956
   33.687457838    1.614155994
   33.791175111    1.498529087
   33.894892384    1.508488411
   33.998609657    1.531896396
   34.102326930    1.531079997
   34.206044203    1.505683582
   34.309761476    1.493735995
   34.413478749    1.610663291
   35.236709082    3.141522896
   35.444143628    2.181960565
   35.547860901    1.675479914
   35.651578174    1.508488411
   35.755295447    1.434279841
   35.859012719    1.411143295
   35.962729992    1.432222441
   36.066447265    1.506456532
   36.170164538    1.674005969
   36.273881811    2.180829289
   37.195741098    4.257613382
   37.403175644    2.258272241
   37.506892917    1.895058233
   37.610610189    1.643304936
   37.714327462    1.531896396
   37.818044735    1.411143295
   37.921762008    1.410628656
   38.025479281    1.531656479
   38.129196554    1.643289460
   38.232913827    1.895066210
   38.336631100    2.258318776
   39.146688898    5.452484241
   40.315523203    2.302472353
   40.419240476    1.916140682
   40.522957749    1.698122661
   40.626675022    1.625240174
   40.730392295    1.531079997
   40.834109568    1.432222441
   40.937826841    1.531656479
   41.041544114    1.626187622
   41.145261387    1.698944077
   41.248978660    1.916402215
   41.352695933    2.302852752
   42.303280441    6.655665028
   42.510714987    3.299132121
   42.614432260    2.160030331
   42.718149533    1.730386072
   42.821866806    1.697008283
   43.618534296    1.641621414
   43.722251569    1.505683582
   43.825968842    1.506456532
   43.929686115    1.643289460
   44.033403388    1.698944077
   44.137120661    1.732524975
   44.240837934    2.161060281
   44.344555207    3.299492783
   45.447084941    7.625102458
   45.654519487    4.451239683
   45.758236760    3.157586567
   45.861954033    2.158200912
   45.965671306    1.913307254
   46.069388579    1.892141444
   46.173105852    1.671946884
   46.276823125    1.493735995
   46.380540398    1.674005969
   46.484257671    1.895066210
   46.858215617    1.916402215
   46.961932889    2.161060281
   47.065650162    3.158102546
   47.169367435    4.451566137
   47.273084708    5.839709714
   48.478170521    6.255160731
   48.657814107    5.919623999
   48.761531380    5.452546350
   49.035941491    6.409174782
   49.139658764    5.427961630
   49.243376037    4.479991393
   49.554527856    2.970625390
   50.132001192    5.507220201
   50.235718465    4.584306021
   50.339435738    3.589679307
   50.650587557    1.872222810
   50.754304830    1.870910059
   51.350115202    4.921929698
   51.453832475    3.890392989
   51.557549748    2.840853068
   51.868701566    1.661362898
   51.972418839    1.452585062
   52.076136112    1.658634205
   52.707023654    4.719721683
   52.810740927    3.505769549
   52.914458200    2.330459656
   53.225610019    1.739230215
   53.329327292    1.463045328
   53.433044565    1.461629760
   53.536761838    1.735847606
   54.132572210    3.505769549
   54.236289483    2.150686240
   54.547441301    1.807726696
   54.651158574    1.532952888
   54.754875847    1.447714975
   54.858593120    1.530246971
   54.962310393    1.781833856
   55.626424977    3.890392989
   55.730142250    2.330459656
   56.041294069    1.521920132
   56.145011342    1.548257084
   56.248728615    1.502233488
   56.352445888    1.500821673
   56.456163161    1.542143502
   56.559880434    1.515801359
   57.300569916    4.584306021
   57.404287188    2.840853068
   57.715439007    1.521920132
   57.819156280    1.436086781
   57.922873553    1.438488503
   58.026590826    1.450400669
   58.130308099    1.436071627
   58.234025372    1.431603975
   58.337742645    1.518260939
   59.160972978    5.427961630
   59.264690251    3.589679307
   59.575842070    1.807726696
   59.679559342    1.548257084
   59.783276615    1.438488503
   59.886993888    1.331271566
   59.990711161    1.330870046
   60.094428434    1.438348216
   60.198145707    1.548008026
   60.301862980    1.806849634
   60.965977564    5.919623999
   61.069694837    4.479991393
   62.091191510    1.739230215
   62.194908783    1.532952888
   62.298626056    1.502233488
   62.402343329    1.450400669
   62.506060602    1.330870046
   62.609777875    1.452369440
   62.713495148    1.504081740
   62.817212421    1.533596776
   62.920929694    1.739354976
   63.690117577    5.452546350
   64.001269395    1.661362898
   64.104986668    1.463045328
   64.901654158    1.447714975
   65.005371431    1.500821673
   65.109088704    1.436071627
   65.212805977    1.438348216
   65.316523250    1.504081740
   65.420240523    1.449371413
   65.523957796    1.463622752
   65.627675069    1.661326496
   66.549534356    6.255160731
   66.860686174    1.872222810
   66.964403447    1.452585062
   67.068120720    1.461629760
   67.171837993    1.530246971
   67.275555266    1.542143502
   67.379272539    1.431603975
   67.482989812    1.548008026
   67.856947758    1.533596776
   67.960665031    1.463622752
   68.064382304    1.453639510
   68.168099577    1.873152456
   68.271816850    2.971179986
   69.293313523    4.844102947
   69.472957109    4.668853132
   69.576674382    4.257615309
   69.851084493    5.507249482
   69.954801766    4.584319557
   70.058519039    3.589639817
   70.432476984    7.161282820
   70.536194257    5.632546682
   70.639911530    4.221866469
   70.743628803    3.033395847
   71.158497895    1.194074943
   71.941546134    7.002650679
   72.045263407    5.438823498
   72.148980680    3.916779299
   72.252697953    2.635753909
   72.667567045    1.080096621
   72.771284318    1.079022645
   73.467040936    5.438823498
   73.570758209    3.803834544
   73.674475482    2.429608130
   74.089344573    1.130189877
   74.193061846    0.945894998
   74.296779119    1.128251140
   75.022800030    5.632546682
   75.126517303    3.916779299
   75.230234576    2.429608130
   75.645103668    1.203956327
   75.748820941    0.981169602
   75.852538214    0.980158568
   75.956255487    1.201123212
   76.725443369    5.507249482
   76.829160642    4.221866469
   76.932877915    2.635753909
   77.347747007    1.250225489
   77.451464280    1.041605426
   77.555181553    0.985462289
   77.658898826    1.040258354
   77.762616099    1.246030983
   78.503305580    4.584319557
   78.607022853    3.033395847
   79.021891945    1.250225489
   79.125609218    1.074655660
   79.229326491    1.026435401
   79.333043764    1.032406164
   79.436761037    1.082957044
   79.540478310    1.251668571
   80.099012918    4.668853132
   81.220886755    3.589639817
   81.635755847    1.203956327
   81.739473120    1.041605426
   81.843190393    1.026435401
   81.946907666    1.190324895
   82.050624939    1.044825303
   82.154342212    1.045119792
   82.258059485    1.204871710
   82.880363123    4.257615309
   83.858829919    1.130189877
   83.962547192    0.981169602
   84.066264465    0.985462289
   84.169981738    1.032406164
   84.273699010    1.044825303
   84.377416283    0.989331221
   84.481133556    0.982665601
   84.584850829    1.130568709
   85.354038712    4.844102947
   85.768907804    1.080096621
   85.872625077    0.945894998
   85.976342350    0.980158568
   86.080059623    1.040258354
   86.183776896    1.082957044
   86.557734841    1.045119792
   86.661452114    0.982665601
   86.765169387    0.947000373
   86.868886660    1.080149690
   86.972603933    1.193834188
   87.331891106    6.656042278
   88.218051875    3.478511819
   88.397695461    3.634034321
   88.501412734    3.141353250
   88.775822845    4.921918772
   88.879540118    3.890365568
   88.983257391    2.840683562
   89.357215336    7.002625928
   89.460932609    5.438817968
   89.564649882    3.916762337
   89.668367155    2.635673948
   89.942777266    5.509472201
   90.046494539    3.883508712
   90.150211812    2.522949377
   90.668798177    0.652441936
   91.451846416    5.438817968
   91.555563689    3.883508712
   91.659280962    2.488209772
   92.177867326    0.554405236
   92.281584599    0.553513068
   93.078252089    4.921918772
   93.181969362    3.916762337
   93.285686635    2.522949377
   93.804273000    0.609150238
   93.907990273    0.447820991
   94.011707546    0.607727390
   94.737728457    3.890365568
   94.841445729    2.635673948
   95.360032094    0.915975182
   95.463749367    0.790633910
   95.567466640    0.791551100
   95.671183913    0.918642457
   96.440371796    3.634034321
   96.544089069    2.840683562
   97.062675434    0.915975182
   97.166392706    1.024046465
   97.270109979    1.056095219
   97.373827252    1.026980102
   97.477544525    0.921459366
   98.016475284    3.141353250
   98.878015659    0.609150238
   98.981732932    0.790633910
   99.085450205    1.056095219
   99.189167478    1.058155873
   99.292884751    0.795123227
   99.396602024    0.620937418
  100.060716608    3.478511819
  100.579302973    0.554405236
  100.683020246    0.447820991
  100.786737519    0.791551100
  101.160695464    1.026980102
  101.264412737    0.795123227
  101.368130010    0.464208218
  101.471847283    0.556241676
  101.575564556    0.652959743
  102.027657668    5.452713960
  102.131374941    5.452713960
  102.811494582    2.383066139
  102.991138168    2.932917726
  103.094855441    2.232143817
  103.369265552    4.719688393
  103.472982825    3.505686456
  103.576700098    2.330084346
  103.851110209    5.438824002
  103.954827482    3.803818665
  104.058544755    2.429496642
  104.332954866    5.438824002
  104.436672139    3.883519792
  104.540389412    2.488222864
  104.720032998    3.803818665
  104.823750271    2.488222864
  105.446053909    0.167957761
  106.229102147    3.505686456
  106.332819420    2.429496642
  106.955123058    0.608093775
  107.058840331    0.608449465
  107.855507821    2.932917726
  107.959225094    2.330084346
  108.581528732    0.962997237
  108.685246005    0.919955539
  108.788963278    0.964158514
  109.337783499    2.232143817
  110.106971382    0.962997237
  110.210688655    1.118020010
  110.314405928    1.119514690
  110.418123201    0.965334737
  111.049010743    2.383066139
  111.671314380    0.608093775
  112.045272326    0.919955539
  112.148989599    1.119514690
  112.252706872    0.921654359
  112.356424145    0.611862083
  112.460141418    0.219561641
  113.008961640    4.257788994
  113.112678913    4.480192323
  113.216396186    4.257788994
  113.691688440    1.988358492
  113.871332026    2.683763837
  113.975049299    1.723839619
  114.154692885    3.505715718
  114.258410158    2.150346117
  114.532820269    5.632566820
  114.636537542    3.916809867
  114.740254815    2.429661296
  114.919898402    3.916809867
  115.023615675    2.523115737
  115.203259261    3.505715718
  115.306976534    2.429661296
  115.410693807    2.150346117
  116.136714717    0.858706858
  116.784428879    1.723839619
  117.495478679    1.103822020
  117.599195952    1.104175467
  118.279315593    1.988358492
  119.089373391    1.103822020
  119.193090663    1.243132264
  119.296807936    1.105077493
  119.400525209    0.860325877
  120.048239371    3.141692694
  120.151956644    3.589914147
  120.255673917    3.589914147
  120.359391190    5.428081107
  120.539034777    3.141692694
  120.813444887    1.556188612
  120.917162160    1.725589934
  121.096805747    3.890434563
  121.200523020    2.330563678
  121.380166606    4.221947295
  121.483883879    2.636024285
  121.663527465    3.890434563
  121.767244738    2.636024285
  121.870962011    2.330563678
  121.974679284    1.725589934
  122.757727523    1.235286047
  122.861444796    1.236122305
  123.609360688    2.233266301
  123.713077961    2.841115036
  123.816795234    3.033718962
  123.920512506    4.584405785
  124.100156093    2.841115036
  124.203873366    4.584405785
  124.383516952    2.233266301
    0.000000000    8.799040664
    0.103717273    9.187727691
    0.283360859    8.377206788
    0.387078132    8.330811201
    0.490795405    8.329407611
    0.722714278    7.325220120
    0.826431551    7.248859247
    0.930148824    7.089516400
    1.033866097    7.248415766
    1.345017916    6.024498742
    1.448735189    6.114066887
    1.552452462    6.005474044
    1.656169735    6.005452206
    1.759887007    6.113972547
    2.161582278    4.764094663
    2.265299551    4.936047344
    2.369016824    5.020943242
    2.472734097    5.039611710
    2.576451370    5.020986758
    2.680168643    4.936086721
    3.177579210    3.658538674
    3.281296483    3.756595119
    3.385013756    4.076685069
    3.488731029    4.269363249
    3.592448302    4.269416657
    3.696165575    4.076851699
    3.799882848    3.756826286
    4.395693220    3.026778680
    4.499410493    2.639110646
    4.603127766    3.238404280
    4.706845039    3.630784533
    4.810562312    3.761000473
    4.914279585    3.630931697
    5.017996858    3.238858019
    5.121714131    2.652751830
    5.817470749    2.909612619
    5.921188022    2.631153812
    6.024905295    2.799079530
    6.128622568    3.178294199
    6.232339841    3.409003376
    6.336057114    3.409067706
    6.439774387    3.178530437
    6.543491659    2.799659373
    6.647208932    2.631825220
    7.430257171    2.631153812
    7.533974444    2.723854539
    7.637691717    2.977577051
    7.741408990    3.210082072
    7.845126263    3.299276310
    7.948843536    3.210185393
    8.052560809    2.977816710
    8.156278082    2.724252053
    8.259995355    2.631668419
    9.146156123    2.639110646
    9.249873396    2.799079530
    9.353590669    2.977577051
    9.457307942    3.151085737
    9.561025215    3.262655737
    9.664742488    3.262682495
    9.768459761    3.151162949
    9.872177034    2.977692519
    9.975894307    2.799241850
   10.079611580    2.643826471
   11.069011305    3.756595119
   11.172728578    3.238404280
   11.276445851    3.178294199
   11.380163124    3.210082072
   11.483880397    3.262655737
   11.587597670    3.288199740
   11.691314943    3.262648050
   11.795032216    3.210042097
   11.898749489    3.178204005
   12.002466762    3.238277132
   12.106184035    3.756514485
   13.198913311    4.936047344
   13.302630584    4.076685069
   13.406347857    3.630784533
   13.510065130    3.409003376
   13.613782403    3.299276310
   13.717499675    3.262682495
   13.821216948    3.262648050
   13.924934221    3.299164866
   14.028651494    3.408827279
   14.132368767    3.630596067
   14.236086040    4.076534776
   14.339803313    4.935940038
   15.361299986    6.114066887
   15.465017259    5.020943242
   16.586891096    4.269363249
   16.690608369    3.761000473
   16.794325642    3.409067706
   16.898042915    3.210185393
   17.001760188    3.151162949
   17.105477461    3.210042097
   17.209194734    3.408827279
   17.312912007    3.760757387
   17.416629280    4.269166144
   17.520346553    5.020778603
   17.624063826    6.113834081
   18.779010498    7.248859247
   18.882727771    6.005474044
   18.986445044    5.039611710
   19.090162317    4.269416657
   19.193879590    3.630931697
   19.297596863    3.178530437
   20.094264353    2.977816710
   20.197981626    2.977692519
   20.301698899    3.178204005
   20.405416172    3.630596067
   20.509133445    4.269166144
   20.612850718    5.039411655
   20.716567991    6.005241286
   20.820285264    7.248138006
   22.119858969    8.330811201
   22.223576242    7.089516400
   22.327293515    6.005452206
   22.431010788    5.020986758
   22.534728061    4.076851699
   22.638445334    3.238858019
   22.742162606    2.799659373
   22.845879879    2.724252053
   22.949597152    2.799241850
   23.053314425    3.238277132
   23.157031698    4.076534776
   23.530989644    5.020778603
   23.634706917    6.005241286
   23.738424190    7.089117114
   23.842141463    8.328015814
   23.945858736    9.110099459
   25.348919998    8.358170592
   25.528563584    7.319648863
   25.632280857    7.741108440
   25.839715403    6.829685601
   26.213673349    7.173183570
   26.317390622    6.668641562
   26.524825168    5.590876201
   26.628542441    5.590876547
   27.030237712    6.015303797
   27.133954985    5.584597247
   27.341389531    4.610012906
   27.445106804    4.471689584
   27.548824076    4.610078650
   28.000917188    5.077773935
   28.104634461    4.583782673
   28.312069007    3.759715899
   28.415786280    3.666051324
   28.519503553    3.666162579
   28.623220826    3.759979536
   29.141807190    4.471921959
   29.245524463    3.826521483
   29.452959009    2.947709816
   29.556676282    3.026331675
   29.660393555    3.079003021
   29.764110828    3.026753230
   29.867828101    2.948763295
   30.463638473    4.267290817
   30.567355746    3.461689467
   30.774790292    2.313566872
   30.878507565    2.518211647
   30.982224838    2.675460610
   31.085942111    2.675694527
   31.189659384    2.519318763
   31.293376657    2.321126229
   31.924264198    3.461689467
   32.131698744    2.344006969
   32.235416017    2.297407089
   32.339133290    2.421100952
   32.442850563    2.482213585
   32.546567836    2.421550521
   32.650285109    2.298504729
   32.754002382    2.344992306
   33.480023293    3.826521483
   33.687457838    2.344006969
   33.791175111    2.269440502
   33.894892384    2.331345115
   33.998609657    2.403823644
   34.102326930    2.403952201
   34.206044203    2.331741519
   34.309761476    2.270031038
   34.413478749    2.344540174
   35.236709082    4.583782673
   35.444143628    2.313566872
   35.547860901    2.297407089
   35.651578174    2.331345115
   35.755295447    2.391870315
   35.859012719    2.422154265
   35.962729992    2.391952537
   36.066447265    2.331470837
   36.170164538    2.297549698
   36.273881811    2.314131927
   37.195741098    5.584597247
   37.403175644    2.947709816
   37.506892917    2.518211647
   37.610610189    2.421100952
   37.714327462    2.403823644
   37.818044735    2.422154265
   37.921762008    2.422113959
   38.025479281    2.403673190
   38.129196554    2.420829681
   38.232913827    2.517876500
   38.336631100    2.947420861
   39.146688898    6.668641562
   40.315523203    3.759715899
   40.419240476    3.026331675
   40.522957749    2.675460610
   40.626675022    2.482213585
   40.730392295    2.403952201
   40.834109568    2.391952537
   40.937826841    2.403673190
   41.041544114    2.481729809
   41.145261387    2.674999195
   41.248978660    3.025997930
   41.352695933    3.759499088
   42.303280441    7.741108440
   42.510714987    4.610012906
   42.614432260    3.666051324
   42.718149533    3.079003021
   42.821866806    2.675694527
   43.618534296    2.421550521
   43.722251569    2.331741519
   43.825968842    2.331470837
   43.929686115    2.420829681
   44.033403388    2.674999195
   44.137120661    3.078545191
   44.240837934    3.665758808
   44.344555207    4.609791875
   45.447084941    8.358170592
   45.654519487    5.590876201
   45.758236760    4.471689584
   45.861954033    3.666162579
   45.965671306    3.026753230
   46.069388579    2.519318763
   46.173105852    2.298504729
   46.276823125    2.270031038
   46.380540398    2.297549698
   46.484257671    2.517876500
   46.858215617    3.025997930
   46.961932889    3.665758808
   47.065650162    4.471414017
   47.169367435    5.590617674
   47.273084708    6.829314311
   48.478170521    7.323740170
   48.657814107    7.172467701
   48.761531380    6.668527186
   49.035941491    6.430414022
   49.139658764    6.775745675
   49.243376037    5.847692841
   49.554527856    4.270816033
   50.132001192    6.866295882
   50.235718465    6.011156645
   50.339435738    5.083543531
   50.650587557    3.379740268
   50.754304830    3.379804462
   51.350115202    6.316995947
   51.453832475    5.381256358
   51.557549748    4.442848240
   51.868701566    2.765960245
   51.972418839    2.723232797
   52.076136112    2.766332612
   52.707023654    6.128828189
   52.810740927    5.038526411
   52.914458200    4.023079656
   53.225610019    2.266031672
   53.329327292    2.296905753
   53.433044565    2.297247001
   53.536761838    2.267474048
   54.132572210    5.038526411
   54.236289483    3.882048178
   54.547441301    1.831849581
   54.651158574    1.954592274
   54.754875847    2.002195748
   54.858593120    1.955880455
   54.962310393    1.855535429
   55.626424977    5.381256358
   55.730142250    4.023079656
   56.041294069    1.846625466
   56.145011342    1.710652670
   56.248728615    1.761990011
   56.352445888    1.762816980
   56.456163161    1.714800639
   56.559880434    1.849128073
   57.300569916    6.011156645
   57.404287188    4.442848240
   57.715439007    1.846625466
   57.819156280    1.682616428
   57.922873553    1.658602770
   58.026590826    1.668417487
   58.130308099    1.659705612
   58.234025372    1.684271443
   58.337742645    1.847702336
   59.160972978    6.775745675
   59.264690251    5.083543531
   59.575842070    1.831849581
   59.679559342    1.710652670
   59.783276615    1.658602770
   59.886993888    1.670416641
   59.990711161    1.670302972
   60.094428434    1.658163344
   60.198145707    1.710157866
   60.301862980    1.831961146
   60.965977564    7.172467701
   61.069694837    5.847692841
   62.091191510    2.266031672
   62.194908783    1.954592274
   62.298626056    1.761990011
   62.402343329    1.668417487
   62.506060602    1.670302972
   62.609777875    1.666858011
   62.713495148    1.760333558
   62.817212421    1.953731245
   62.920929694    2.265480933
   63.690117577    6.668527186
   64.001269395    2.765960245
   64.104986668    2.296905753
   64.901654158    2.002195748
   65.005371431    1.762816980
   65.109088704    1.659705612
   65.212805977    1.658163344
   65.316523250    1.760333558
   65.420240523    2.001058520
   65.523957796    2.296289006
   65.627675069    2.765557809
   66.549534356    7.323740170
   66.860686174    3.379740268
   66.964403447    2.723232797
   67.068120720    2.297247001
   67.171837993    1.955880455
   67.275555266    1.714800639
   67.379272539    1.684271443
   67.482989812    1.710157866
   67.856947758    1.953731245
   67.960665031    2.296289006
   68.064382304    2.722713281
   68.168099577    3.379384398
   68.271816850    4.270509819
   69.293313523    6.024360978
   69.472957109    6.015241145
   69.576674382    5.584579782
   69.851084493    6.866217386
   69.954801766    6.011144044
   70.058519039    5.083551754
   70.432476984    7.188128466
   70.536194257    7.010542597
   70.639911530    5.730294052
   70.743628803    4.655075802
   71.158497895    2.640624725
   71.941546134    8.027092055
   72.045263407    6.837795361
   72.148980680    5.475719092
   72.252697953    4.343370848
   72.667567045    2.229867506
   72.771284318    2.229977829
   73.467040936    6.837795361
   73.570758209    5.380317949
   73.674475482    4.183312194
   74.089344573    1.940021477
   74.193061846    1.959123562
   74.296779119    1.940435820
   75.022800030    7.010542597
   75.126517303    5.475719092
   75.230234576    4.183312194
   75.645103668    1.682867820
   75.748820941    1.740373370
   75.852538214    1.740567434
   75.956255487    1.683821153
   76.725443369    6.866217386
   76.829160642    5.730294052
   76.932877915    4.343370848
   77.347747007    1.457269523
   77.451464280    1.524373391
   77.555181553    1.556539468
   77.658898826    1.524615888
   77.762616099    1.458964758
   78.503305580    6.011144044
   78.607022853    4.655075802
   79.021891945    1.457269523
   79.125609218    1.373947661
   79.229326491    1.370199205
   79.333043764    1.369634580
   79.436761037    1.372258671
   79.540478310    1.455778299
   80.099012918    6.015241145
   81.220886755    5.083551754
   81.635755847    1.682867820
   81.739473120    1.524373391
   81.843190393    1.370199205
   81.946907666    1.219498479
   82.050624939    1.367900375
   82.154342212    1.523018524
   82.258059485    1.681918242
   82.880363123    5.584579782
   83.858829919    1.940021477
   83.962547192    1.740373370
   84.066264465    1.556539468
   84.169981738    1.369634580
   84.273699010    1.367900375
   84.377416283    1.555273178
   84.481133556    1.739549376
   84.584850829    1.939393377
   85.354038712    6.024360978
   85.768907804    2.229867506
   85.872625077    1.959123562
   85.976342350    1.740567434
   86.080059623    1.524615888
   86.183776896    1.372258671
   86.557734841    1.523018524
   86.661452114    1.739549376
   86.765169387    1.958456345
   86.868886660    2.229347220
   86.972603933    2.640155271
   87.331891106    7.740345332
   88.218051875    4.764066637
   88.397695461    5.077762693
   88.501412734    4.583812193
   88.775822845    6.316992601
   88.879540118    5.381268431
   88.983257391    4.442884452
   89.357215336    8.027853318
   89.460932609    6.837791541
   89.564649882    5.475725133
   89.668367155    4.343390082
   89.942777266    6.926449125
   90.046494539    5.482936446
   90.150211812    4.289758497
   90.668798177    1.969666630
   91.451846416    6.837791541
   91.555563689    5.482936446
   91.659280962    4.274650178
   92.177867326    1.786864713
   92.281584599    1.786908371
   93.078252089    6.316992601
   93.181969362    5.475725133
   93.285686635    4.289758497
   93.804273000    1.601226411
   93.907990273    1.633435280
   94.011707546    1.601270304
   94.737728457    5.381268431
   94.841445729    4.343390082
   95.360032094    1.404028808
   95.463749367    1.458968178
   95.567466640    1.458833142
   95.671183913    1.403424187
   96.440371796    5.077762693
   96.544089069    4.442884452
   97.062675434    1.404028808
   97.166392706    1.318159633
   97.270109979    1.295721876
   97.373827252    1.316658465
   97.477544525    1.402559058
   98.016475284    4.583812193
   98.878015659    1.601226411
   98.981732932    1.458968178
   99.085450205    1.295721876
   99.189167478    1.294450758
   99.292884751    1.457979532
   99.396602024    1.600438445
  100.060716608    4.764066637
  100.579302973    1.786864713
  100.683020246    1.633435280
  100.786737519    1.458833142
  101.160695464    1.316658465
  101.264412737    1.457979532
  101.368130010    1.632752915
  101.471847283    1.786282361
  101.575564556    1.969131801
  102.027657668    6.668377461
  102.131374941    6.668377461
  102.811494582    3.658604979
  102.991138168    4.471980296
  103.094855441    3.826628483
  103.369265552    6.128839653
  103.472982825    5.038565933
  103.576700098    4.023155327
  103.851110209    6.837785961
  103.954827482    5.380324007
  104.058544755    4.183343644
  104.332954866    6.837785961
  104.436672139    5.482931394
  104.540389412    4.274653115
  104.720032998    5.380324007
  104.823750271    4.274653115
  105.446053909    1.665116966
  106.229102147    5.038565933
  106.332819420    4.183343644
  106.955123058    1.526224220
  107.058840331    1.526194466
  107.855507821    4.471980296
  107.959225094    4.023155327
  108.581528732    1.362557145
  108.685246005    1.396770258
  108.788963278    1.362049255
  109.337783499    3.826628483
  110.106971382    1.362557145
  110.210688655    1.274948609
  110.314405928    1.273810074
  110.418123201    1.361425638
  111.049010743    3.658604979
  111.671314380    1.526224220
  112.045272326    1.396770258
  112.148989599    1.273810074
  112.252706872    1.395987562
  112.356424145    1.525545442
  112.460141418    1.664544857
  113.008961640    5.584481366
  113.112678913    5.847556661
  113.216396186    5.584481366
  113.691688440    3.027094555
  113.871332026    4.267395098
  113.975049299    3.461882062
  114.154692885    5.038555345
  114.258410158    3.882127789
  114.532820269    7.010514582
  114.636537542    5.475703828
  114.740254815    4.183318113
  114.919898402    5.475703828
  115.023615675    4.289734042
  115.203259261    5.038555345
  115.306976534    4.183318113
  115.410693807    3.882127789
  116.136714717    1.440436582
  116.784428879    3.461882062
  117.495478679    1.332394407
  117.599195952    1.332154927
  118.279315593    3.027094555
  119.089373391    1.332394407
  119.193090663    1.248290645
  119.296807936    1.331504965
  119.400525209    1.439772759
  120.048239371    4.583706945
  120.151956644    5.083427382
  120.255673917    5.083427382
  120.359391190    6.775623112
  120.539034777    4.583706945
  120.813444887    2.909997581
  120.917162160    3.461841245
  121.096805747    5.381237285
  121.200523020    4.023083310
  121.380166606    5.730249298
  121.483883879    4.343315338
  121.663527465    5.381237285
  121.767244738    4.343315338
  121.870962011    4.023083310
  121.974679284    3.461841245
  122.757727523    1.302969408
  122.861444796    1.302207291
  123.609360688    3.826525711
  123.713077961    4.442768870
  123.816795234    4.654968378
  123.920512506    6.011091012
  124.100156093    4.442768870
  124.203873366    6.011091012
  124.383516952    3.826525711
    0.000000000    9.099224471
    0.103717273    9.259537837
    0.283360859    8.565942737
    0.387078132    9.211316567
    0.490795405    9.213990913
    0.722714278    7.864290149
    0.826431551    8.693094312
    0.930148824    9.935222952
    1.033866097    8.693625559
    1.345017916    7.501251869
    1.448735189    8.142592816
    1.552452462    9.543048843
    1.656169735    9.543134698
    1.759887007    8.142662278
    2.161582278    7.285512891
    2.265299551    7.746601292
    2.369016824    8.954159103
    2.472734097   10.438475810
    2.576451370    8.954182429
    2.680168643    7.746591294
    3.177579210    7.173893036
    3.281296483    7.509864421
    3.385013756    8.485862847
    3.488731029    9.987454130
    3.592448302    9.987481846
    3.696165575    8.485875542
    3.799882848    7.509864370
    4.395693220    7.124893886
    4.499410493    7.387729551
    4.603127766    8.185002097
    4.706845039    9.488805850
    4.810562312   10.954081256
    4.914279585    9.488830504
    5.017996858    8.185021379
    5.121714131    7.387746402
    5.817470749    7.111194092
    5.921188022    7.337919085
    6.024905295    8.025773307
    6.128622568    9.167263320
    6.232339841   10.699304672
    6.336057114   10.699336017
    6.439774387    9.167289814
    6.543491659    8.025798672
    6.647208932    7.337943609
    7.430257171    7.337919085
    7.533974444    7.977477759
    7.637691717    9.015349362
    7.741408990   10.428800971
    7.845126263   11.902487414
    7.948843536   10.428832133
    8.052560809    9.015375848
    8.156278082    7.977502159
    8.259995355    7.337939881
    9.146156123    7.387729551
    9.249873396    8.025773307
    9.353590669    9.015349362
    9.457307942   10.338760890
    9.561025215   11.953877228
    9.664742488   11.953940730
    9.768459761   10.338790696
    9.872177034    9.015369759
    9.975894307    8.025786954
   10.079611580    7.387733713
   11.069011305    7.509864421
   11.172728578    8.185002097
   11.276445851    9.167263320
   11.380163124   10.428800971
   11.483880397   11.953877228
   11.587597670   13.464083442
   11.691314943   11.953987145
   11.795032216   10.428821272
   11.898749489    9.167266340
   12.002466762    8.184992361
   12.106184035    7.509836867
   13.198913311    7.746601292
   13.302630584    8.485862847
   13.406347857    9.488805850
   13.510065130   10.699304672
   13.613782403   11.902487414
   13.717499675   11.953940730
   13.821216948   11.953987145
   13.924934221   11.902644034
   14.028651494   10.699259155
   14.132368767    9.488760861
   14.236086040    8.485809972
   14.339803313    7.746531588
   15.361299986    8.142592816
   15.465017259    8.954159103
   16.586891096    9.987454130
   16.690608369   10.954081256
   16.794325642   10.699336017
   16.898042915   10.428832133
   17.001760188   10.338790696
   17.105477461   10.428821272
   17.209194734   10.699259155
   17.312912007   10.953184480
   17.416629280    9.987182328
   17.520346553    8.954002556
   17.624063826    8.142509684
   18.779010498    8.693094312
   18.882727771    9.543048843
   18.986445044   10.438475810
   19.090162317    9.987481846
   19.193879590    9.488830504
   19.297596863    9.167289814
   20.094264353    9.015375848
   20.197981626    9.015369759
   20.301698899    9.167266340
   20.405416172    9.488760861
   20.509133445    9.987182328
   20.612850718   10.435027284
   20.716567991    9.542283488
   20.820285264    8.693068877
   22.119858969    9.211316567
   22.223576242    9.935222952
   22.327293515    9.543134698
   22.431010788    8.954182429
   22.534728061    8.485875542
   22.638445334    8.185021379
   22.742162606    8.025798672
   22.845879879    7.977502159
   22.949597152    8.025786954
   23.053314425    8.184992361
   23.157031698    8.485809972
   23.530989644    8.954002556
   23.634706917    9.542283488
   23.738424190    9.917020821
   23.842141463    9.209587381
   23.945858736    9.344955942
   25.348919998    8.584995829
   25.528563584    8.432231333
   25.632280857    8.702866912
   25.839715403   10.496697231
   26.213673349    7.464618137
   26.317390622    8.297656853
   26.524825168   10.823486679
   26.628542441   10.823571395
   27.030237712    7.339089670
   27.133954985    7.851507962
   27.341389531   10.395498554
   27.445106804   11.873326156
   27.548824076   10.395531897
   28.000917188    7.238685963
   28.104634461    7.578688295
   28.312069007    9.817319792
   28.415786280   11.462021099
   28.519503553   11.462048780
   28.623220826    9.817340872
   29.141807190    7.191745177
   29.245524463    7.438643904
   29.452959009    9.347148759
   29.556676282   10.866510323
   29.660393555   12.499639752
   29.764110828   10.866534148
   29.867828101    9.347169535
   30.463638473    7.179378829
   30.567355746    7.382575418
   30.774790292    9.043218379
   30.878507565   10.406234891
   30.982224838   12.066109298
   31.085942111   12.066137383
   31.189659384   10.406259189
   31.293376657    9.043243207
   31.924264198    7.382575418
   32.131698744    8.898465448
   32.235416017   10.131211399
   32.339133290   11.659209638
   32.442850563   13.194777435
   32.546567836   11.659236867
   32.650285109   10.131235227
   32.754002382    8.898489489
   33.480023293    7.438643904
   33.687457838    8.898465448
   33.791175111   10.041065004
   33.894892384   11.455124306
   33.998609657   13.101200881
   34.102326930   13.101244355
   34.206044203   11.455149399
   34.309761476   10.041084250
   34.413478749    8.898483344
   35.236709082    7.578688295
   35.444143628    9.043218379
   35.547860901   10.131211399
   35.651578174   11.455124306
   35.755295447   13.009905530
   35.859012719   14.472056204
   35.962729992   13.009957259
   36.066447265   11.455143235
   36.170164538   10.131221040
   36.273881811    9.043221912
   37.195741098    7.851507962
   37.403175644    9.347148759
   37.506892917   10.406234891
   37.610610189   11.659209638
   37.714327462   13.101200881
   37.818044735   14.472056204
   37.921762008   14.472752964
   38.025479281   13.101263681
   38.129196554   11.659206104
   38.232913827   10.406218853
   38.336631100    9.347120105
   39.146688898    8.297656853
   40.315523203    9.817319792
   40.419240476   10.866510323
   40.522957749   12.066109298
   40.626675022   13.194777435
   40.730392295   13.101244355
   40.834109568   13.009957259
   40.937826841   13.101263681
   41.041544114   13.194577993
   41.145261387   12.065971246
   41.248978660   10.866413193
   41.352695933    9.817214250
   42.303280441    8.702866912
   42.510714987   10.395498554
   42.614432260   11.462021099
   42.718149533   12.499639752
   42.821866806   12.066137383
   43.618534296   11.659236867
   43.722251569   11.455149399
   43.825968842   11.455143235
   43.929686115   11.659206104
   44.033403388   12.065971246
   44.137120661   12.496672195
   44.240837934   11.461439825
   44.344555207   10.395057020
   45.447084941    8.584995829
   45.654519487   10.823486679
   45.758236760   11.873326156
   45.861954033   11.462048780
   45.965671306   10.866534148
   46.069388579   10.406259189
   46.173105852   10.131235227
   46.276823125   10.041084250
   46.380540398   10.131221040
   46.484257671   10.406218853
   46.858215617   10.866413193
   46.961932889   11.461439825
   47.065650162   11.852933880
   47.169367435   10.819308309
   47.273084708   10.420563869
   48.478170521    7.865482887
   48.657814107    7.465156956
   48.761531380    8.297777464
   49.035941491    7.726922303
   49.139658764    7.592225163
   49.243376037    8.957042255
   49.554527856   12.634649659
   50.132001192    7.151627041
   50.235718465    7.701341890
   50.339435738    8.717757943
   50.650587557   13.020852460
   50.754304830   13.020856869
   51.350115202    7.397655677
   51.453832475    7.636998690
   51.557549748    8.396387428
   51.868701566   12.493335386
   51.972418839   14.168434103
   52.076136112   12.493354826
   52.707023654    7.438856613
   52.810740927    7.593343348
   52.914458200    8.218355638
   53.225610019   11.917874303
   53.329327292   13.665680372
   53.433044565   13.665704516
   53.536761838   11.917897800
   54.132572210    7.593343348
   54.236289483    8.164118533
   54.547441301   11.507919525
   54.651158574   13.130624829
   54.754875847   14.719847372
   54.858593120   13.130650192
   54.962310393   11.507942442
   55.626424977    7.636998690
   55.730142250    8.218355638
   56.041294069   11.301708947
   56.145011342   12.797129311
   56.248728615   14.480558342
   56.352445888   14.480593864
   56.456163161   12.797152798
   56.559880434   11.301728761
   57.300569916    7.701341890
   57.404287188    8.396387428
   57.715439007   11.301708947
   57.819156280   12.685526370
   57.922873553   14.269539086
   58.026590826   15.688154062
   58.130308099   14.269574647
   58.234025372   12.685544751
   58.337742645   11.301721546
   59.160972978    7.592225163
   59.264690251    8.717757943
   59.575842070   11.507919525
   59.679559342   12.797129311
   59.783276615   14.269539086
   59.886993888   15.850402797
   59.990711161   15.850572910
   60.094428434   14.269572327
   60.198145707   12.797135751
   60.301862980   11.507915574
   60.965977564    7.465156956
   61.069694837    8.957042255
   62.091191510   11.917874303
   62.194908783   13.130624829
   62.298626056   14.480558342
   62.402343329   15.688154062
   62.506060602   15.850572910
   62.609777875   15.688484183
   62.713495148   14.480559097
   62.817212421   13.130589840
   62.920929694   11.917822576
   63.690117577    8.297777464
   64.001269395   12.493335386
   64.104986668   13.665680372
   64.901654158   14.719847372
   65.005371431   14.480593864
   65.109088704   14.269574647
   65.212805977   14.269572327
   65.316523250   14.480559097
   65.420240523   14.719136241
   65.523957796   13.665397003
   65.627675069   12.493074347
   66.549534356    7.865482887
   66.860686174   13.020852460
   66.964403447   14.168434103
   67.068120720   13.665704516
   67.171837993   13.130650192
   67.275555266   12.797152798
   67.379272539   12.685544751
   67.482989812   12.797135751
   67.856947758   13.130589840
   67.960665031   13.665397003
   68.064382304   14.158273177
   68.168099577   13.018254972
   68.271816850   12.558549673
   69.293313523    7.501235110
   69.472957109    7.339061820
   69.576674382    7.851510947
   69.851084493    7.151683802
   69.954801766    7.701358667
   70.058519039    8.717780904
   70.432476984    8.435551949
   70.536194257    7.683691627
   70.639911530    8.505803505
   70.743628803    9.608184356
   71.158497895   15.359871740
   71.941546134    8.280094412
   72.045263407    8.165754491
   72.148980680    8.729517672
   72.252697953    9.582354340
   72.667567045   15.447669725
   72.771284318   15.447667771
   73.467040936    8.165754491
   73.570758209    8.713234139
   73.674475482    9.446896679
   74.089344573   14.823259440
   74.193061846   16.445524819
   74.296779119   14.823284844
   75.022800030    7.683691627
   75.126517303    8.729517672
   75.230234576    9.446896679
   75.645103668   14.354754126
   75.748820941   16.072571569
   75.852538214   16.072606125
   75.956255487   14.354779638
   76.725443369    7.151683802
   76.829160642    8.505803505
   76.932877915    9.582354340
   77.347747007   14.117507951
   77.451464280   15.727128523
   77.555181553   17.093366107
   77.658898826   15.727160729
   77.762616099   14.117529559
   78.503305580    7.701358667
   78.607022853    9.608184356
   79.021891945   14.117507951
   79.125609218   15.610013139
   79.229326491   17.186343179
   79.333043764   17.186412311
   79.436761037   15.610040075
   79.540478310   14.117521039
   80.099012918    7.339061820
   81.220886755    8.717780904
   81.635755847   14.354754126
   81.739473120   15.727128523
   81.843190393   17.186343179
   81.946907666   18.407245810
   82.050624939   17.186440576
   82.154342212   15.727141609
   82.258059485   14.354744608
   82.880363123    7.851510947
   83.858829919   14.823259440
   83.962547192   16.072571569
   84.066264465   17.093366107
   84.169981738   17.186412311
   84.273699010   17.186440576
   84.377416283   17.093421308
   84.481133556   16.072506847
   84.584850829   14.823160327
   85.354038712    7.501235110
   85.768907804   15.447669725
   85.872625077   16.445524819
   85.976342350   16.072606125
   86.080059623   15.727160729
   86.183776896   15.610040075
   86.557734841   15.727141609
   86.661452114   16.072506847
   86.765169387   16.444224311
   86.868886660   15.446702205
   86.972603933   15.286061161
   87.331891106    8.701263948
   88.218051875    7.285475778
   88.397695461    7.238681815
   88.501412734    7.578690743
   88.775822845    7.397688152
   88.879540118    7.637023978
   88.983257391    8.396412064
   89.357215336    8.279008111
   89.460932609    8.165773829
   89.564649882    8.729550535
   89.668367155    9.582387169
   89.942777266    9.638895281
   90.046494539   10.117139676
   90.150211812   10.869780490
   90.668798177   18.223574631
   91.451846416    8.165773829
   91.555563689   10.117139676
   91.659280962   11.043821778
   92.177867326   17.785804777
   92.281584599   17.785850621
   93.078252089    7.397688152
   93.181969362    8.729550535
   93.285686635   10.869780490
   93.804273000   17.338123189
   93.907990273   18.596124541
   94.011707546   17.338161976
   94.737728457    7.637023978
   94.841445729    9.582387169
   95.360032094   17.105680567
   95.463749367   18.626220858
   95.567466640   18.626267065
   95.671183913   17.105712400
   96.440371796    7.238681815
   96.544089069    8.396412064
   97.062675434   17.105680567
   97.166392706   18.569312032
   97.270109979   19.678361979
   97.373827252   18.569357894
   97.477544525   17.105702523
   98.016475284    7.578690743
   98.878015659   17.338123189
   98.981732932   18.626220858
   99.085450205   19.678361979
   99.189167478   19.678509657
   99.292884751   18.626253735
   99.396602024   17.338117784
  100.060716608    7.285475778
  100.579302973   17.785804777
  100.683020246   18.596124541
  100.786737519   18.626267065
  101.160695464   18.569357894
  101.264412737   18.626253735
  101.368130010   18.596050255
  101.471847283   17.785660633
  101.575564556   18.223818462
  102.027657668    8.297446357
  102.131374941    8.297446357
  102.811494582    7.173888849
  102.991138168    7.191763992
  103.094855441    7.438661805
  103.369265552    7.438894616
  103.472982825    7.593375667
  103.576700098    8.218384953
  103.851110209    8.165789855
  103.954827482    8.713275942
  104.058544755    9.446932822
  104.332954866    8.165789855
  104.436672139   10.117531182
  104.540389412   11.043953899
  104.720032998    8.713275942
  104.823750271   11.043953899
  105.446053909   19.607748880
  106.229102147    7.593375667
  106.332819420    9.446932822
  106.955123058   19.950366530
  107.058840331   19.950399983
  107.855507821    7.191763992
  107.959225094    8.218384953
  108.581528732   19.954255340
  108.685246005   20.822722563
  108.788963278   19.954293699
  109.337783499    7.438661805
  110.106971382   19.954255340
  110.210688655   21.159064367
  110.314405928   21.159110214
  110.418123201   19.954282404
  111.049010743    7.173888849
  111.671314380   19.950366530
  112.045272326   20.822722563
  112.148989599   21.159110214
  112.252706872   20.822727738
  112.356424145   19.950368305
  112.460141418   19.607752727
  113.008961640    7.851423390
  113.112678913    8.956350053
  113.216396186    7.851423390
  113.691688440    7.124910771
  113.871332026    7.179405196
  113.975049299    7.382601225
  114.154692885    7.593372119
  114.258410158    8.164147081
  114.532820269    7.683711241
  114.636537542    8.729562399
  114.740254815    9.446932918
  114.919898402    8.729562399
  115.023615675   10.870112897
  115.203259261    7.593372119
  115.306976534    9.446932918
  115.410693807    8.164147081
  116.136714717   21.407794042
  116.784428879    7.382601225
  117.495478679   22.084522265
  117.599195952   22.084534150
  118.279315593    7.124910771
  119.089373391   22.084522265
  119.193090663   22.895691294
  119.296807936   22.084528742
  119.400525209   21.407794143
  120.048239371    7.578657329
  120.151956644    8.717631469
  120.255673917    8.717631469
  120.359391190    7.592099107
  120.539034777    7.578657329
  120.813444887    7.111217876
  120.917162160    7.382597307
  121.096805747    7.637007531
  121.200523020    8.218372942
  121.380166606    8.505777428
  121.483883879    9.582369133
  121.663527465    7.637007531
  121.767244738    9.582369133
  121.870962011    8.218372942
  121.974679284    7.382597307
  122.757727523   23.141335925
  122.861444796   23.141335849
  123.609360688    7.438647859
  123.713077961    8.396373076
  123.816795234    9.607969435
  123.920512506    7.701298288
  124.100156093    8.396373076
  124.203873366    7.701298288
  124.383516952    7.438647859
    0.000000000    9.547002134
    0.103717273    9.382373023
    0.283360859    9.335474264
    0.387078132    9.866944564
    0.490795405    9.865227226
    0.722714278    9.001303772
    0.826431551    9.703488177
    0.930148824   10.139400281
    1.033866097    9.703285497
    1.345017916    8.786415845
    1.448735189    9.319027910
    1.552452462   10.595823300
    1.656169735   10.595747278
    1.759887007    9.319006699
    2.161582278    8.678275858
    2.265299551    9.055669195
    2.369016824   10.134423675
    2.472734097   10.919387212
    2.576451370   10.134401427
    2.680168643    9.055674179
    3.177579210    8.636561117
    3.281296483    8.912098068
    3.385013756    9.764785904
    3.488731029   11.146348933
    3.592448302   11.146305998
    3.696165575    9.764770775
    3.799882848    8.912093052
    4.395693220    8.626249029
    4.499410493    8.847229778
    4.603127766    9.534649039
    4.706845039   10.708070999
    4.810562312   11.547594419
    4.914279585   10.708044068
    5.017996858    9.534630108
    5.121714131    8.847213401
    5.817470749    8.624892379
    5.921188022    8.824341969
    6.024905295    9.417295496
    6.128622568   10.431024300
    6.232339841   11.840605896
    6.336057114   11.840557314
    6.439774387   10.430999008
    6.543491659    9.417273391
    6.647208932    8.824320724
    7.430257171    8.824341969
    7.533974444    9.382790605
    7.637691717   10.302682684
    7.741408990   11.591098562
    7.845126263   12.521140850
    7.948843536   11.591063527
    8.052560809   10.302658975
    8.156278082    9.382770222
    8.259995355    8.824323801
    9.146156123    8.847229778
    9.249873396    9.417295496
    9.353590669   10.302682684
    9.457307942   11.509592635
    9.561025215   13.013437664
    9.664742488   13.013271462
    9.768459761   11.509558339
    9.872177034   10.302665114
    9.975894307    9.417284452
   10.079611580    8.847224326
   11.069011305    8.912098068
   11.172728578    9.534649039
   11.276445851   10.431024300
   11.380163124   11.591098562
   11.483880397   13.013437664
   11.587597670   13.515233251
   11.691314943   13.013030796
   11.795032216   11.591071095
   11.898749489   10.431025753
   12.002466762    9.534660062
   12.106184035    8.912119034
   13.198913311    9.055669195
   13.302630584    9.764785904
   13.406347857   10.708070999
   13.510065130   11.840605896
   13.613782403   12.521140850
   13.717499675   13.013271462
   13.821216948   13.013030796
   13.924934221   12.520400467
   14.028651494   11.840759105
   14.132368767   10.708148808
   14.236086040    9.764850648
   14.339803313    9.055740165
   15.361299986    9.319027910
   15.465017259   10.134423675
   16.586891096   11.146348933
   16.690608369   11.547594419
   16.794325642   11.840557314
   16.898042915   11.591063527
   17.001760188   11.509558339
   17.105477461   11.591071095
   17.209194734   11.840759105
   17.312912007   11.550295584
   17.416629280   11.147287085
   17.520346553   10.134696868
   17.624063826    9.319224563
   18.779010498    9.703488177
   18.882727771   10.595823300
   18.986445044   10.919387212
   19.090162317   11.146305998
   19.193879590   10.708044068
   19.297596863   10.430999008
   20.094264353   10.302658975
   20.197981626   10.302665114
   20.301698899   10.431025753
   20.405416172   10.708148808
   20.509133445   11.147287085
   20.612850718   10.928091621
   20.716567991   10.599119989
   20.820285264    9.704606026
   22.119858969    9.866944564
   22.223576242   10.139400281
   22.327293515   10.595747278
   22.431010788   10.134401427
   22.534728061    9.764770775
   22.638445334    9.534630108
   22.742162606    9.417273391
   22.845879879    9.382770222
   22.949597152    9.417284452
   23.053314425    9.534660062
   23.157031698    9.764850648
   23.530989644   10.134696868
   23.634706917   10.599119989
   23.738424190   10.169745317
   23.842141463    9.906221616
   23.945858736    9.390393585
   25.348919998    9.335557578
   25.528563584    8.474038121
   25.632280857    9.444546400
   25.839715403   10.496969523
   26.213673349    8.717776790
   26.317390622    9.464773324
   26.524825168   11.569957918
   26.628542441   11.569854455
   27.030237712    8.682742468
   27.133954985    9.135621184
   27.341389531   11.476098105
   27.445106804   12.039708838
   27.548824076   11.476070671
   28.000917188    8.645735906
   28.104634461    8.950519526
   28.312069007   10.994302156
   28.415786280   12.546524878
   28.519503553   12.546512512
   28.623220826   10.994281485
   29.141807190    8.635794565
   29.245524463    8.866462991
   29.452959009   10.595419443
   29.556676282   12.014028791
   29.660393555   12.892157544
   29.764110828   12.014006022
   29.867828101   10.595398988
   30.463638473    8.635579962
   30.567355746    8.837287984
   30.774790292   10.340219376
   30.878507565   11.598838655
   30.982224838   13.159867797
   31.085942111   13.159832646
   31.189659384   11.598815074
   31.293376657   10.340196610
   31.924264198    8.837287984
   32.131698744   10.220282825
   32.235416017   11.352600290
   32.339133290   12.776796784
   32.442850563   13.763980206
   32.546567836   12.776766456
   32.650285109   11.352578020
   32.754002382   10.220262126
   33.480023293    8.866462991
   33.687457838   10.220282825
   33.791175111   11.272440306
   33.894892384   12.586867804
   33.998609657   14.132069132
   34.102326930   14.131974511
   34.206044203   12.586840113
   34.309761476   11.272423071
   34.413478749   10.220268327
   35.236709082    8.950519526
   35.444143628   10.340219376
   35.547860901   11.352600290
   35.651578174   12.586867804
   35.755295447   14.045285203
   35.859012719   15.076501361
   35.962729992   14.045184781
   36.066447265   12.586845798
   36.170164538   11.352593544
   36.273881811   10.340219181
   37.195741098    9.135621184
   37.403175644   10.595419443
   37.506892917   11.598838655
   37.610610189   12.776796784
   37.714327462   14.132069132
   37.818044735   15.076501361
   37.921762008   15.072524997
   38.025479281   14.131834549
   38.129196554   12.776805061
   38.232913827   11.598864571
   38.336631100   10.595457271
   39.146688898    9.464773324
   40.315523203   10.994302156
   40.419240476   12.014028791
   40.522957749   13.159867797
   40.626675022   13.763980206
   40.730392295   14.131974511
   40.834109568   14.045184781
   40.937826841   14.131834549
   41.041544114   13.764445593
   41.145261387   13.160296254
   41.248978660   12.014196622
   41.352695933   10.994463207
   42.303280441    9.444546400
   42.510714987   11.476098105
   42.614432260   12.546524878
   42.718149533   12.892157544
   42.821866806   13.159832646
   43.618534296   12.776766456
   43.722251569   12.586840113
   43.825968842   12.586845798
   43.929686115   12.776805061
   44.033403388   13.160296254
   44.137120661   12.898374012
   44.240837934   12.548671702
   44.344555207   11.477134119
   45.447084941    9.335557578
   45.654519487   11.569957918
   45.758236760   12.039708838
   45.861954033   12.546512512
   45.965671306   12.014006022
   46.069388579   11.598815074
   46.173105852   11.352578020
   46.276823125   11.272423071
   46.380540398   11.352593544
   46.484257671   11.598864571
   46.858215617   12.014196622
   46.961932889   12.548671702
   47.065650162   12.069458165
   47.169367435   11.605412081
   47.273084708   10.589773633
   48.478170521    9.001310196
   48.657814107    8.717962362
   48.761531380    9.464736589
   49.035941491    7.735531387
   49.139658764    8.847157498
   49.243376037    9.904102167
   49.554527856   12.634721797
   50.132001192    8.464258272
   50.235718465    8.994351109
   50.339435738    9.950265003
   50.650587557   13.963516656
   50.754304830   13.964102674
   51.350115202    8.735995439
   51.453832475    8.974204481
   51.557549748    9.682730796
   51.868701566   13.570619293
   51.972418839   14.404087694
   52.076136112   13.570615248
   52.707023654    8.786526416
   52.810740927    8.954898368
   52.914458200    9.541922331
   53.225610019   13.034883456
   53.329327292   14.708383077
   53.433044565   14.708380942
   53.536761838   13.034862052
   54.132572210    8.954898368
   54.236289483    9.500678063
   54.547441301   12.652938641
   54.651158574   14.194236791
   54.754875847   15.277533587
   54.858593120   14.194210374
   54.962310393   12.652916332
   55.626424977    8.974204481
   55.730142250    9.541922331
   56.041294069   12.461777775
   56.145011342   13.875885607
   56.248728615   15.471081296
   56.352445888   15.471013916
   56.456163161   13.875859840
   56.559880434   12.461758712
   57.300569916    8.994351109
   57.404287188    9.682730796
   57.715439007   12.461777775
   57.819156280   13.769861877
   57.922873553   15.267126619
   58.026590826   16.456394570
   58.130308099   15.267070429
   58.234025372   13.769841214
   58.337742645   12.461766591
   59.160972978    8.847157498
   59.264690251    9.950265003
   59.575842070   12.652938641
   59.679559342   13.875885607
   59.783276615   15.267126619
   59.886993888   16.747895720
   59.990711161   16.746930458
   60.094428434   15.267064126
   60.198145707   13.875878760
   60.301862980   12.652947453
   60.965977564    8.717962362
   61.069694837    9.904102167
   62.091191510   13.034883456
   62.194908783   14.194236791
   62.298626056   15.471081296
   62.402343329   16.456394570
   62.506060602   16.746930458
   62.609777875   16.451597127
   62.713495148   15.471034323
   62.817212421   14.194292974
   62.920929694   13.034962111
   63.690117577    9.464736589
   64.001269395   13.570619293
   64.104986668   14.708383077
   64.901654158   15.277533587
   65.005371431   15.471013916
   65.109088704   15.267070429
   65.212805977   15.267064126
   65.316523250   15.471034323
   65.420240523   15.279702443
   65.523957796   14.709211804
   65.627675069   13.571140820
   66.549534356    9.001310196
   66.860686174   13.963516656
   66.964403447   14.404087694
   67.068120720   14.708380942
   67.171837993   14.194210374
   67.275555266   13.875859840
   67.379272539   13.769841214
   67.482989812   13.875878760
   67.856947758   14.194292974
   67.960665031   14.709211804
   68.064382304   14.420426172
   68.168099577   14.026181873
   68.271816850   12.725024996
   69.293313523    8.786470737
   69.472957109    8.682781069
   69.576674382    9.135618944
   69.851084493    8.464261387
   69.954801766    8.994327297
   70.058519039    9.950221470
   70.432476984    8.452499763
   70.536194257    8.933945485
   70.639911530    9.712171224
   70.743628803   10.488487246
   71.158497895   15.360013845
   71.941546134    9.256624798
   72.045263407    9.399723662
   72.148980680    9.942904232
   72.252697953   10.764277904
   72.667567045   16.438430467
   72.771284318   16.438739826
   73.467040936    9.399723662
   73.570758209    9.931202473
   73.674475482   10.642549975
   74.089344573   15.825955789
   74.193061846   17.031171833
   74.296779119   15.825934717
   75.022800030    8.933945485
   75.126517303    9.942904232
   75.230234576   10.642549975
   75.645103668   15.368945346
   75.748820941   17.009423878
   75.852538214   17.009368865
   75.956255487   15.368916367
   76.725443369    8.464261387
   76.829160642    9.712171224
   76.932877915   10.764277904
   77.347747007   15.139083467
   77.451464280   16.671175351
   77.555181553   17.939114214
   77.658898826   16.671129257
   77.762616099   15.139057994
   78.503305580    8.994327297
   78.607022853   10.488487246
   79.021891945   15.139083467
   79.125609218   16.557325723
   79.229326491   18.038009253
   79.333043764   18.037815784
   79.436761037   16.557285530
   79.540478310   15.139067337
   80.099012918    8.682781069
   81.220886755    9.950221470
   81.635755847   15.368945346
   81.739473120   16.671175351
   81.843190393   18.038009253
   81.946907666   18.446074047
   82.050624939   18.037679025
   82.154342212   16.671147586
   82.258059485   15.368957944
   82.880363123    9.135618944
   83.858829919   15.825955789
   83.962547192   17.009423878
   84.066264465   17.939114214
   84.169981738   18.037815784
   84.273699010   18.037679025
   84.377416283   17.936928214
   84.481133556   17.009539760
   84.584850829   15.826119106
   85.354038712    8.786470737
   85.768907804   16.438430467
   85.872625077   17.031171833
   85.976342350   17.009368865
   86.080059623   16.671129257
   86.183776896   16.557285530
   86.557734841   16.671147586
   86.661452114   17.009539760
   86.765169387   17.035941173
   86.868886660   16.443003870
   86.972603933   15.446396201
   87.331891106    9.456237533
   88.218051875    8.678301037
   88.397695461    8.645736037
   88.501412734    8.950512359
   88.775822845    8.735978830
   88.879540118    8.974182430
   88.983257391    9.682704460
   89.357215336    9.257837361
   89.460932609    9.399739398
   89.564649882    9.942873288
   89.668367155   10.764231277
   89.942777266    9.683362157
   90.046494539   10.779044453
   90.150211812   11.541455879
   90.668798177   18.467078667
   91.451846416    9.399739398
   91.555563689   10.779044453
   91.659280962   12.122677681
   92.177867326   18.639954704
   92.281584599   18.639879747
   93.078252089    8.735978830
   93.181969362    9.942873288
   93.285686635   11.541455879
   93.804273000   18.207926740
   93.907990273   19.359855839
   94.011707546   18.207870177
   94.737728457    8.974182430
   94.841445729   10.764231277
   95.360032094   17.983327895
   95.463749367   19.403863075
   95.567466640   19.403774186
   95.671183913   17.983282657
   96.440371796    8.645736037
   96.544089069    9.682704460
   97.062675434   17.983327895
   97.166392706   19.358477891
   97.270109979   20.368780045
   97.373827252   19.358391474
   97.477544525   17.983293441
   98.016475284    8.950512359
   98.878015659   18.207926740
   98.981732932   19.403863075
   99.085450205   20.368780045
   99.189167478   20.366105141
   99.292884751   19.403765695
   99.396602024   18.207923362
  100.060716608    8.678301037
  100.579302973   18.639954704
  100.683020246   19.359855839
  100.786737519   19.403774186
  101.160695464   19.358391474
  101.264412737   19.403765695
  101.368130010   19.359971786
  101.471847283   18.640201880
  101.575564556   18.399169019
  102.027657668    9.465761108
  102.131374941    9.465761108
  102.811494582    8.636559860
  102.991138168    8.635776998
  103.094855441    8.866445585
  103.369265552    8.786505291
  103.472982825    8.954872885
  103.576700098    9.541896170
  103.851110209    9.399637413
  103.954827482    9.931152577
  104.058544755   10.642509660
  104.332954866    9.399637413
  104.436672139   10.777131711
  104.540389412   12.122004133
  104.720032998    9.931152577
  104.823750271   12.122004133
  105.446053909   20.249132200
  106.229102147    8.954872885
  106.332819420   10.642509660
  106.955123058   20.604698401
  107.058840331   20.604649136
  107.855507821    8.635776998
  107.959225094    9.541896170
  108.581528732   20.649581660
  108.685246005   21.414346529
  108.788963278   20.649522572
  109.337783499    8.866445585
  110.106971382   20.649581660
  110.210688655   21.761420403
  110.314405928   21.761258763
  110.418123201   20.649534672
  111.049010743    8.636559860
  111.671314380   20.604698401
  112.045272326   21.414346529
  112.148989599   21.761258763
  112.252706872   21.414311412
  112.356424145   20.604683660
  112.460141418   20.249120646
  113.008961640    9.135747121
  113.112678913    9.909600092
  113.216396186    9.135747121
  113.691688440    8.626232765
  113.871332026    8.635557009
  113.975049299    8.837265619
  114.154692885    8.954875249
  114.258410158    9.500653548
  114.532820269    8.933813909
  114.636537542    9.942781744
  114.740254815   10.642501093
  114.919898402    9.942781744
  115.023615675   11.539905158
  115.203259261    8.954875249
  115.306976534   10.642501093
  115.410693807    9.500653548
  116.136714717   21.914212804
  116.784428879    8.837265619
  117.495478679   22.582006065
  117.599195952   22.581987212
  118.279315593    8.626232765
  119.089373391   22.582006065
  119.193090663   22.900289504
  119.296807936   22.581991510
  119.400525209   21.914211463
  120.048239371    8.950548411
  120.151956644    9.950674011
  120.255673917    9.950674011
  120.359391190    8.847936393
  120.539034777    8.950548411
  120.813444887    8.624871210
  120.917162160    8.837268918
  121.096805747    8.974199506
  121.200523020    9.541907911
  121.380166606    9.712920264
  121.483883879   10.764239124
  121.663527465    8.974199506
  121.767244738   10.764239124
  121.870962011    9.541907911
  121.974679284    8.837268918
  122.757727523   23.505114941
  122.861444796   23.504812652
  123.609360688    8.866458295
  123.713077961    9.682757313
  123.816795234   10.489722230
  123.920512506    8.994464935
  124.100156093    9.682757313
  124.203873366    8.994464935
  124.383516952    8.866458295
    0.000000000    9.621946781
    0.103717273   10.006412504
    0.283360859    9.797115238
    0.387078132   10.088175445
    0.490795405   10.087723848
    0.722714278   10.986064283
    0.826431551   11.027851289
    0.930148824   10.868662615
    1.033866097   11.027614406
    1.345017916   12.394699168
    1.448735189   12.487190711
    1.552452462   11.252527423
    1.656169735   11.252463755
    1.759887007   12.487095459
    2.161582278   13.880013054
    2.265299551   14.169973892
    2.369016824   12.636808149
    2.472734097   11.558382640
    2.576451370   12.636762400
    2.680168643   14.169901911
    3.177579210   15.293335384
    3.281296483   15.986193907
    3.385013756   14.104002338
    3.488731029   11.985069795
    3.592448302   11.985060353
    3.696165575   14.103955244
    3.799882848   15.985990533
    4.395693220   16.417307943
    4.499410493   17.255325596
    4.603127766   15.504236813
    4.706845039   13.319963161
    4.810562312   12.108115513
    4.914279585   13.319934831
    5.017996858   15.504162979
    5.121714131   17.254142073
    5.817470749   16.885860111
    5.921188022   17.272600435
    6.024905295   16.618414543
    6.128622568   14.731374401
    6.232339841   12.689132467
    6.336057114   12.689126650
    6.439774387   14.731324874
    6.543491659   16.618260294
    6.647208932   17.272327411
    7.430257171   17.272600435
    7.533974444   17.084508619
    7.637691717   16.085852248
    7.741408990   14.217437039
    7.845126263   12.985540908
    7.948843536   14.217388069
    8.052560809   16.085684525
    8.156278082   17.084257822
    8.259995355   17.272336445
    9.146156123   17.255325596
    9.249873396   16.618414543
    9.353590669   16.085852248
    9.457307942   15.484614664
    9.561025215   13.921786806
    9.664742488   13.921843525
    9.768459761   15.484305567
    9.872177034   16.085696987
    9.975894307   16.618276491
   10.079611580   17.254248894
   11.069011305   15.986193907
   11.172728578   15.504236813
   11.276445851   14.731374401
   11.380163124   14.217437039
   11.483880397   13.921786806
   11.587597670   14.422742872
   11.691314943   13.922212418
   11.795032216   14.217417629
   11.898749489   14.731326611
   12.002466762   15.504165924
   12.106184035   15.986004435
   13.198913311   14.169973892
   13.302630584   14.104002338
   13.406347857   13.319963161
   13.510065130   12.689132467
   13.613782403   12.985540908
   13.717499675   13.921843525
   13.821216948   13.922212418
   13.924934221   12.986441180
   14.028651494   12.688971374
   14.132368767   13.319865320
   14.236086040   14.103909523
   14.339803313   14.169862213
   15.361299986   12.487190711
   15.465017259   12.636808149
   16.586891096   11.985069795
   16.690608369   12.108115513
   16.794325642   12.689126650
   16.898042915   14.217388069
   17.001760188   15.484305567
   17.105477461   14.217417629
   17.209194734   12.688971374
   17.312912007   12.105244832
   17.416629280   11.984119530
   17.520346553   12.636505968
   17.624063826   12.486926044
   18.779010498   11.027851289
   18.882727771   11.252527423
   18.986445044   11.558382640
   19.090162317   11.985060353
   19.193879590   13.319934831
   19.297596863   14.731324874
   20.094264353   16.085684525
   20.197981626   16.085696987
   20.301698899   14.731326611
   20.405416172   13.319865320
   20.509133445   11.984119530
   20.612850718   11.548782695
   20.716567991   11.249124477
   20.820285264   11.026431902
   22.119858969   10.088175445
   22.223576242   10.868662615
   22.327293515   11.252463755
   22.431010788   12.636762400
   22.534728061   14.103955244
   22.638445334   15.504162979
   22.742162606   16.618260294
   22.845879879   17.084257822
   22.949597152   16.618276491
   23.053314425   15.504165924
   23.157031698   14.103909523
   23.530989644   12.636505968
   23.634706917   11.249124477
   23.738424190   10.835999013
   23.842141463   10.047215796
   23.945858736    9.916643374
   25.348919998    9.793994584
   25.528563584    9.043528885
   25.632280857    9.757504215
   25.839715403   11.361350256
   26.213673349    9.493131317
   26.317390622   10.319455469
   26.524825168   11.812136687
   26.628542441   11.812083758
   27.030237712   10.578934377
   27.133954985   11.568295503
   27.341389531   13.031508759
   27.445106804   12.902932622
   27.548824076   13.031444872
   28.000917188   11.933684933
   28.104634461   12.924173215
   28.312069007   14.694471166
   28.415786280   13.315790851
   28.519503553   13.315724557
   28.623220826   14.694395673
   29.141807190   13.486534162
   29.245524463   14.343677769
   29.452959009   16.506588906
   29.556676282   14.729912377
   29.660393555   13.606291540
   29.764110828   14.729859706
   29.867828101   16.506292332
   30.463638473   14.841153327
   30.567355746   15.713558086
   30.774790292   17.613720572
   30.878507565   16.094321832
   30.982224838   14.058462804
   31.085942111   14.058439999
   31.189659384   16.094248924
   31.293376657   17.612895121
   31.924264198   15.713558086
   32.131698744   17.679237442
   32.235416017   17.197560697
   32.339133290   15.457880461
   32.442850563   14.246434217
   32.546567836   15.457844042
   32.650285109   17.197432733
   32.754002382   17.679010436
   33.480023293   14.343677769
   33.687457838   17.679237442
   33.791175111   17.666869437
   33.894892384   16.793361786
   33.998609657   15.077002416
   34.102326930   15.077035511
   34.206044203   16.793253920
   34.309761476   17.666689232
   34.413478749   17.679036284
   35.236709082   12.924173215
   35.444143628   17.613720572
   35.547860901   17.197560697
   35.651578174   16.793361786
   35.755295447   16.251695948
   35.859012719   15.416543410
   35.962729992   16.251694420
   36.066447265   16.793281887
   36.170164538   17.197466808
   36.273881811   17.613134165
   37.195741098   11.568295503
   37.403175644   16.506588906
   37.506892917   16.094321832
   37.610610189   15.457880461
   37.714327462   15.077002416
   37.818044735   15.416543410
   37.921762008   15.421212908
   38.025479281   15.077271759
   38.129196554   15.457854540
   38.232913827   16.094256081
   38.336631100   16.506371923
   39.146688898   10.319455469
   40.315523203   14.694471166
   40.419240476   14.729912377
   40.522957749   14.058462804
   40.626675022   14.246434217
   40.730392295   15.077035511
   40.834109568   16.251694420
   40.937826841   15.077271759
   41.041544114   14.246120971
   41.145261387   14.058041768
   41.248978660   14.729720893
   41.352695933   14.694245815
   42.303280441    9.757504215
   42.510714987   13.031508759
   42.614432260   13.315790851
   42.718149533   13.606291540
   42.821866806   14.058439999
   43.618534296   15.457844042
   43.722251569   16.793253920
   43.825968842   16.793281887
   43.929686115   15.457854540
   44.033403388   14.058041768
   44.137120661   13.599076290
   44.240837934   13.313604615
   44.344555207   13.030380781
   45.447084941    9.793994584
   45.654519487   11.812136687
   45.758236760   12.902932622
   45.861954033   13.315724557
   45.965671306   14.729859706
   46.069388579   16.094248924
   46.173105852   17.197432733
   46.276823125   17.666689232
   46.380540398   17.197466808
   46.484257671   16.094256081
   46.858215617   14.729720893
   46.961932889   13.313604615
   47.065650162   12.867081590
   47.169367435   11.776321052
   47.273084708   11.269721853
   48.478170521   10.985746788
   48.657814107    9.492892913
   48.761531380   10.319366154
   49.035941491    8.922456671
   49.139658764    9.207786267
   49.243376037   10.153810715
   49.554527856   13.599387929
   50.132001192    9.328827769
   50.235718465    9.884891165
   50.339435738   10.785910092
   50.650587557   14.109831402
   50.754304830   14.109124879
   51.350115202   10.612857581
   51.453832475   11.226011096
   51.557549748   12.127349622
   51.868701566   15.661079003
   51.972418839   15.220498867
   52.076136112   15.660942172
   52.707023654   12.181298202
   52.810740927   12.908826642
   52.914458200   13.674754040
   53.225610019   17.462991956
   53.329327292   15.663518693
   53.433044565   15.663430523
   53.536761838   17.462325328
   54.132572210   12.908826642
   54.236289483   15.004964281
   54.547441301   18.306629143
   54.651158574   16.983770531
   54.754875847   15.730318874
   54.858593120   16.983706706
   54.962310393   18.306127552
   55.626424977   11.226011096
   55.730142250   13.674754040
   56.041294069   18.468410632
   56.145011342   18.096777469
   56.248728615   16.472940745
   56.352445888   16.472955300
   56.456163161   18.096692895
   56.559880434   18.468254160
   57.300569916    9.884891165
   57.404287188   12.127349622
   57.715439007   18.468410632
   57.819156280   18.592577163
   57.922873553   17.777817944
   58.026590826   16.604190725
   58.130308099   17.777807953
   58.234025372   18.592487517
   58.337742645   18.468294958
   59.160972978    9.207786267
   59.264690251   10.785910092
   59.575842070   18.306629143
   59.679559342   18.096777469
   59.783276615   17.777817944
   59.886993888   17.257676439
   59.990711161   17.258811663
   60.094428434   17.777874933
   60.198145707   18.096747452
   60.301862980   18.306410925
   60.965977564    9.492892913
   61.069694837   10.153810715
   62.091191510   17.462991956
   62.194908783   16.983770531
   62.298626056   16.472940745
   62.402343329   16.604190725
   62.506060602   17.258811663
   62.609777875   16.609266204
   62.713495148   16.473035782
   62.817212421   16.983715994
   62.920929694   17.462717755
   63.690117577   10.319366154
   64.001269395   15.661079003
   64.104986668   15.663518693
   64.901654158   15.730318874
   65.005371431   16.472955300
   65.109088704   17.777807953
   65.212805977   17.777874933
   65.316523250   16.473035782
   65.420240523   15.728309328
   65.523957796   15.662715192
   65.627675069   15.660471570
   66.549534356   10.985746788
   66.860686174   14.109831402
   66.964403447   15.220498867
   67.068120720   15.663430523
   67.171837993   16.983706706
   67.275555266   18.096692895
   67.379272539   18.592487517
   67.482989812   18.096747452
   67.856947758   16.983715994
   67.960665031   15.662715192
   68.064382304   15.201317725
   68.168099577   14.047041375
   68.271816850   13.510679419
   69.293313523   12.394601935
   69.472957109   10.578884756
   69.576674382   11.568257601
   69.851084493    9.328808835
   69.954801766    9.884884646
   70.058519039   10.785914126
   70.432476984    9.075598325
   70.536194257    9.244267856
   70.639911530    9.745351576
   70.743628803   10.801694859
   71.158497895   16.374822829
   71.941546134    9.511545077
   72.045263407   10.242676773
   72.148980680   10.800062911
   72.252697953   11.602410880
   72.667567045   16.959410575
   72.771284318   16.958781976
   73.467040936   10.242676773
   73.570758209   12.329165692
   73.674475482   13.253228522
   74.089344573   18.723160239
   74.193061846   17.399819272
   74.296779119   18.716956496
   75.022800030    9.244267856
   75.126517303   10.800062911
   75.230234576   13.253228522
   75.645103668   19.289490356
   75.748820941   18.119846014
   75.852538214   18.119823933
   75.956255487   19.289182135
   76.725443369    9.328808835
   76.829160642    9.745351576
   76.932877915   11.602410880
   77.347747007   19.587085355
   77.451464280   19.245545921
   77.555181553   18.043725621
   77.658898826   19.245518915
   77.762616099   19.587001499
   78.503305580    9.884884646
   78.607022853   10.801694859
   79.021891945   19.587085355
   79.125609218   19.781775825
   79.229326491   18.982526402
   79.333043764   18.982712132
   79.436761037   19.781780179
   79.540478310   19.587056802
   80.099012918   10.578884756
   81.220886755   10.785914126
   81.635755847   19.289490356
   81.739473120   19.245545921
   81.843190393   18.982526402
   81.946907666   19.163415190
   82.050624939   18.982961980
   82.154342212   19.245601112
   82.258059485   19.289487249
   82.880363123   11.568257601
   83.858829919   18.723160239
   83.962547192   18.119846014
   84.066264465   18.043725621
   84.169981738   18.982712132
   84.273699010   18.982961980
   84.377416283   18.046090985
   84.481133556   18.119800549
   84.584850829   18.722851372
   85.354038712   12.394601935
   85.768907804   16.959410575
   85.872625077   17.399819272
   85.976342350   18.119823933
   86.080059623   19.245518915
   86.183776896   19.781780179
   86.557734841   19.245601112
   86.661452114   18.119800549
   86.765169387   17.395383323
   86.868886660   16.954662921
   86.972603933   16.290013241
   87.331891106    9.745831777
   88.218051875   13.879955311
   88.397695461   11.933650967
   88.501412734   12.924139125
   88.775822845   10.612808414
   88.879540118   11.225976812
   88.983257391   12.127324016
   89.357215336    9.510555125
   89.460932609   10.242548033
   89.564649882   10.800014309
   89.668367155   11.602395909
   89.942777266   10.770034843
   90.046494539   11.242417900
   90.150211812   11.977053450
   90.668798177   18.467198096
   91.451846416   10.242548033
   91.555563689   11.242417900
   91.659280962   12.770749705
   92.177867326   19.813293328
   92.281584599   19.811911463
   93.078252089   10.612808414
   93.181969362   10.800014309
   93.285686635   11.977053450
   93.804273000   20.508303335
   93.907990273   19.845383953
   94.011707546   20.508102681
   94.737728457   11.225976812
   94.841445729   11.602395909
   95.360032094   20.934344786
   95.463749367   20.607704269
   95.567466640   20.607740888
   95.671183913   20.934324454
   96.440371796   11.933650967
   96.544089069   12.127324016
   97.062675434   20.934344786
   97.166392706   21.079226236
   97.270109979   20.472257563
   97.373827252   21.079320139
   97.477544525   20.934392870
   98.016475284   12.924139125
   98.878015659   20.508303335
   98.981732932   20.607704269
   99.085450205   20.472257563
   99.189167478   20.475059532
   99.292884751   20.607871619
   99.396602024   20.508418326
  100.060716608   13.879955311
  100.579302973   19.813293328
  100.683020246   19.845383953
  100.786737519   20.607740888
  101.160695464   21.079320139
  101.264412737   20.607871619
  101.368130010   19.845400220
  101.471847283   19.812314123
  101.575564556   18.545570415
  102.027657668   10.318435067
  102.131374941   10.318435067
  102.811494582   15.293262608
  102.991138168   13.486463387
  103.094855441   14.343624117
  103.369265552   12.180466560
  103.472982825   12.908662733
  103.576700098   13.674686427
  103.851110209   10.242704587
  103.954827482   12.328525166
  104.058544755   13.253099302
  104.332954866   10.242704587
  104.436672139   11.244843594
  104.540389412   12.771342235
  104.720032998   12.328525166
  104.823750271   12.771342235
  105.446053909   21.589668008
  106.229102147   12.908662733
  106.332819420   13.253099302
  106.955123058   22.058090811
  107.058840331   22.057855007
  107.855507821   13.486463387
  107.959225094   13.674686427
  108.581528732   22.303554281
  108.685246005   22.248358544
  108.788963278   22.303567275
  109.337783499   14.343624117
  110.106971382   22.303554281
  110.210688655   22.209949577
  110.314405928   22.210120987
  110.418123201   22.303630552
  111.049010743   15.293262608
  111.671314380   22.058090811
  112.045272326   22.248358544
  112.148989599   22.210120987
  112.252706872   22.248457167
  112.356424145   22.058076609
  112.460141418   21.540767184
  113.008961640   11.568166337
  113.112678913   10.148315693
  113.216396186   11.568166337
  113.691688440   16.417149355
  113.871332026   14.840569012
  113.975049299   15.713360721
  114.154692885   12.908670557
  114.258410158   15.004457550
  114.532820269    9.244409762
  114.636537542   10.800146785
  114.740254815   13.253143102
  114.919898402   10.800146785
  115.023615675   11.978799618
  115.203259261   12.908670557
  115.306976534   13.253143102
  115.410693807   15.004457550
  116.136714717   23.431500462
  116.784428879   15.713360721
  117.495478679   23.273964313
  117.599195952   23.273967401
  118.279315593   16.417149355
  119.089373391   23.273964313
  119.193090663   23.345297085
  119.296807936   23.273985437
  119.400525209   23.419689309
  120.048239371   12.924123438
  120.151956644   10.785502319
  120.255673917   10.785502319
  120.359391190    9.207071942
  120.539034777   12.924123438
  120.813444887   16.885578798
  120.917162160   15.713363860
  121.096805747   11.225976908
  121.200523020   13.674692762
  121.380166606    9.744622343
  121.483883879   11.602427389
  121.663527465   11.225976908
  121.767244738   11.602427389
  121.870962011   13.674692762
  121.974679284   15.713363860
  122.757727523   23.505122890
  122.861444796   23.505417815
  123.609360688   14.343624292
  123.713077961   12.127297783
  123.816795234   10.800470310
  123.920512506    9.884780479
  124.100156093   12.127297783
  124.203873366    9.884780479
  124.383516952   14.343624292
    0.000000000    9.917723985
    0.103717273   10.010401045
    0.283360859   10.667860400
    0.387078132   10.698677015
    0.490795405   10.699246482
    0.722714278   11.922881238
    0.826431551   11.894855504
    0.930148824   11.043784689
    1.033866097   11.895025349
    1.345017916   13.357530770
    1.448735189   13.403757984
    1.552452462   12.202742304
    1.656169735   12.202806407
    1.759887007   13.403839207
    2.161582278   14.823810690
    2.265299551   15.108517229
    2.369016824   13.611581533
    2.472734097   11.939171886
    2.576451370   13.611625980
    2.680168643   15.108593518
    3.177579210   16.146008870
    3.281296483   16.923755836
    3.385013756   15.054960847
    3.488731029   13.009731083
    3.592448302   13.009755537
    3.696165575   15.055012683
    3.799882848   16.924858199
    4.395693220   17.079448698
    4.499410493   17.767855260
    4.603127766   16.358941241
    4.706845039   14.288318065
    4.810562312   12.574635124
    4.914279585   14.288351057
    5.017996858   16.359041675
    5.121714131   17.781366189
    5.817470749   17.408668140
    5.921188022   17.755622441
    6.024905295   17.282434922
    6.128622568   15.600813401
    6.232339841   13.679855006
    6.336057114   13.679880725
    6.439774387   15.600875536
    6.543491659   17.282677113
    6.647208932   17.756037270
    7.430257171   17.755622441
    7.533974444   17.613369029
    7.637691717   16.802263801
    7.741408990   15.118360602
    7.845126263   13.512697544
    7.948843536   15.118438089
    8.052560809   16.802560300
    8.156278082   17.613765412
    8.259995355   17.756025569
    9.146156123   17.767855260
    9.249873396   17.282434922
    9.353590669   16.802263801
    9.457307942   16.258893211
    9.561025215   14.850017674
    9.664742488   14.850174411
    9.768459761   16.260087217
    9.872177034   16.802548435
    9.975894307   17.282655196
   10.079611580   17.780145119
   11.069011305   16.923755836
   11.172728578   16.358941241
   11.276445851   15.600813401
   11.380163124   15.118360602
   11.483880397   14.850017674
   11.587597670   14.478187002
   11.691314943   14.850003142
   11.795032216   15.118415946
   11.898749489   15.600870444
   12.002466762   16.359030798
   12.106184035   16.924700244
   13.198913311   15.108517229
   13.302630584   15.054960847
   13.406347857   14.288318065
   13.510065130   13.679855006
   13.613782403   13.512697544
   13.717499675   14.850174411
   13.821216948   14.850003142
   13.924934221   13.512390167
   14.028651494   13.679913719
   14.132368767   14.288385294
   14.236086040   15.055040192
   14.339803313   15.108619780
   15.361299986   13.403757984
   15.465017259   13.611581533
   16.586891096   13.009731083
   16.690608369   12.574635124
   16.794325642   13.679880725
   16.898042915   15.118438089
   17.001760188   16.260087217
   17.105477461   15.118415946
   17.209194734   13.679913719
   17.312912007   12.575703021
   17.416629280   13.010015474
   17.520346553   13.611767407
   17.624063826   13.403944057
   18.779010498   11.894855504
   18.882727771   12.202742304
   18.986445044   11.939171886
   19.090162317   13.009755537
   19.193879590   14.288351057
   19.297596863   15.600875536
   20.094264353   16.802560300
   20.197981626   16.802548435
   20.301698899   15.600870444
   20.405416172   14.288385294
   20.509133445   13.010015474
   20.612850718   11.943520398
   20.716567991   12.203638769
   20.820285264   11.895498734
   22.119858969   10.698677015
   22.223576242   11.043784689
   22.327293515   12.202806407
   22.431010788   13.611625980
   22.534728061   15.055012683
   22.638445334   16.359041675
   22.742162606   17.282677113
   22.845879879   17.613765412
   22.949597152   17.282655196
   23.053314425   16.359030798
   23.157031698   15.055040192
   23.530989644   13.611767407
   23.634706917   12.203638769
   23.738424190   11.064404270
   23.842141463   10.703892693
   23.945858736   10.078787170
   25.348919998   10.668724043
   25.528563584   10.116882580
   25.632280857   10.441465805
   25.839715403   11.361480241
   26.213673349   10.582513600
   26.317390622   11.344630771
   26.524825168   12.507278806
   26.628542441   12.507352099
   27.030237712   11.629789090
   27.133954985   12.583080278
   27.341389531   13.975380039
   27.445106804   13.019545378
   27.548824076   13.975437055
   28.000917188   12.914159951
   28.104634461   13.883889444
   28.312069007   15.656257986
   28.415786280   14.310617805
   28.519503553   14.310668571
   28.623220826   15.656346302
   29.141807190   14.376709816
   29.245524463   15.206633408
   29.452959009   17.452892200
   29.556676282   15.691319466
   29.660393555   13.891393596
   29.764110828   15.691376734
   29.867828101   17.461064714
   30.463638473   15.601071173
   30.567355746   16.423903455
   30.774790292   18.175465390
   30.878507565   16.949311778
   30.982224838   15.027327238
   31.085942111   15.027358923
   31.189659384   16.949410331
   31.293376657   18.180131173
   31.924264198   16.423903455
   32.131698744   18.172438595
   32.235416017   17.866673625
   32.339133290   16.330803609
   32.442850563   14.727888222
   32.546567836   16.330853349
   32.650285109   17.866868749
   32.754002382   18.172772810
   33.480023293   15.206633408
   33.687457838   18.172438595
   33.791175111   18.211576918
   33.894892384   17.518431790
   33.998609657   15.976213117
   34.102326930   15.976245813
   34.206044203   17.518630098
   34.309761476   18.211855998
   34.413478749   18.172739712
   35.236709082   13.883889444
   35.444143628   18.175465390
   35.547860901   17.866673625
   35.651578174   17.518431790
   35.755295447   17.033661430
   35.859012719   15.985470986
   35.962729992   17.034017869
   36.066447265   17.518601861
   36.170164538   17.866823486
   36.273881811   18.178938601
   37.195741098   12.583080278
   37.403175644   17.452892200
   37.506892917   16.949311778
   37.610610189   16.330803609
   37.714327462   15.976213117
   37.818044735   15.985470986
   37.921762008   15.984071784
   38.025479281   15.976135597
   38.129196554   16.330835971
   38.232913827   16.949384335
   38.336631100   17.457052873
   39.146688898   11.344630771
   40.315523203   15.656257986
   40.419240476   15.691319466
   40.522957749   15.027327238
   40.626675022   14.727888222
   40.730392295   15.976245813
   40.834109568   17.034017869
   40.937826841   15.976135597
   41.041544114   14.727940249
   41.145261387   15.027461913
   41.248978660   15.691444776
   41.352695933   15.656432006
   42.303280441   10.441465805
   42.510714987   13.975380039
   42.614432260   14.310617805
   42.718149533   13.891393596
   42.821866806   15.027358923
   43.618534296   16.330853349
   43.722251569   17.518630098
   43.825968842   17.518601861
   43.929686115   16.330835971
   44.033403388   15.027461913
   44.137120661   13.895364516
   44.240837934   14.311246252
   44.344555207   13.975920121
   45.447084941   10.668724043
   45.654519487   12.507278806
   45.758236760   13.019545378
   45.861954033   14.310668571
   45.965671306   15.691376734
   46.069388579   16.949410331
   46.173105852   17.866868749
   46.276823125   18.211855998
   46.380540398   17.866823486
   46.484257671   16.949384335
   46.858215617   15.691444776
   46.961932889   14.311246252
   47.065650162   13.046051917
   47.169367435   12.511834814
   47.273084708   11.436503035
   48.478170521   11.923073589
   48.657814107   10.582588950
   48.761531380   11.344691506
   49.035941491   10.077974266
   49.139658764   10.332098321
   49.243376037   10.978817575
   49.554527856   13.599441877
   50.132001192   10.444204941
   50.235718465   10.969615525
   50.339435738   11.839033960
   50.650587557   15.011617859
   50.754304830   15.011731582
   51.350115202   11.646540285
   51.453832475   12.234184585
   51.557549748   13.112976455
   51.868701566   16.650595302
   51.972418839   15.393673937
   52.076136112   16.650762383
   52.707023654   12.819609465
   52.810740927   13.833832544
   52.914458200   14.568998843
   53.225610019   18.045566875
   53.329327292   16.616764298
   53.433044565   16.616836694
   53.536761838   18.047978741
   54.132572210   13.833832544
   54.236289483   15.769406315
   54.547441301   18.885546190
   54.651158574   17.828126044
   54.754875847   16.213165546
   54.858593120   17.828213133
   54.962310393   18.887009715
   55.626424977   12.234184585
   55.730142250   14.568998843
   56.041294069   18.977459583
   56.145011342   18.772063838
   56.248728615   17.336973888
   56.352445888   17.336997246
   56.456163161   18.772196093
   56.559880434   18.977686449
   57.300569916   10.969615525
   57.404287188   13.112976455
   57.715439007   18.977459583
   57.819156280   19.156610378
   57.922873553   18.507759315
   58.026590826   17.336590887
   58.130308099   18.507837138
   58.234025372   19.156761585
   58.337742645   18.977634861
   59.160972978   10.332098321
   59.264690251   11.839033960
   59.575842070   18.885546190
   59.679559342   18.772063838
   59.783276615   18.507759315
   59.886993888   18.035964177
   59.990711161   18.035664518
   60.094428434   18.507774974
   60.198145707   18.772125741
   60.301862980   18.886264034
   60.965977564   10.582588950
   61.069694837   10.978817575
   62.091191510   18.045566875
   62.194908783   17.828126044
   62.298626056   17.336973888
   62.402343329   17.336590887
   62.506060602   18.035664518
   62.609777875   17.335989052
   62.713495148   17.336931690
   62.817212421   17.828167836
   62.920929694   18.046093919
   63.690117577   11.344691506
   64.001269395   16.650595302
   64.104986668   16.616764298
   64.901654158   16.213165546
   65.005371431   17.336997246
   65.109088704   18.507837138
   65.212805977   18.507774974
   65.316523250   17.336931690
   65.420240523   16.213721057
   65.523957796   16.617031347
   65.627675069   16.650956508
   66.549534356   11.923073589
   66.860686174   15.011617859
   66.964403447   15.393673937
   67.068120720   16.616836694
   67.171837993   17.828213133
   67.275555266   18.772196093
   67.379272539   19.156761585
   67.482989812   18.772125741
   67.856947758   17.828167836
   67.960665031   16.617031347
   68.064382304   15.406705580
   68.168099577   15.014357565
   68.271816850   13.673940923
   69.293313523   13.357608858
   69.472957109   11.629824316
   69.576674382   12.583115287
   69.851084493   10.444220766
   69.954801766   10.969631783
   70.058519039   11.839050376
   70.432476984   10.200320185
   70.536194257   10.360118363
   70.639911530   10.818420951
   70.743628803   11.549025883
   71.158497895   16.375030536
   71.941546134   10.521947189
   72.045263407   11.303288612
   72.148980680   11.833939574
   72.252697953   12.614828507
   72.667567045   17.956087765
   72.771284318   17.956811785
   73.467040936   11.303288612
   73.570758209   13.008390751
   73.674475482   14.181977808
   74.089344573   18.812192237
   74.193061846   17.952840499
   74.296779119   18.819798574
   75.022800030   10.360118363
   75.126517303   11.833939574
   75.230234576   14.181977808
   75.645103668   19.879933305
   75.748820941   18.942523673
   75.852538214   18.942584203
   75.956255487   19.880668574
   76.725443369   10.444220766
   76.829160642   10.818420951
   76.932877915   12.614828507
   77.347747007   20.109621374
   77.451464280   19.923214269
   77.555181553   18.869175741
   77.658898826   19.923283326
   77.762616099   20.109753738
   78.503305580   10.969631783
   78.607022853   11.549025883
   79.021891945   20.109621374
   79.125609218   20.359001790
   79.229326491   19.702835697
   79.333043764   19.702790331
   79.436761037   20.359040444
   79.540478310   20.109684263
   80.099012918   11.629824316
   81.220886755   11.839050376
   81.635755847   19.879933305
   81.739473120   19.923214269
   81.843190393   19.702835697
   81.946907666   19.201496578
   82.050624939   19.702643384
   82.154342212   19.923184450
   82.258059485   19.880026867
   82.880363123   12.583115287
   83.858829919   18.812192237
   83.962547192   18.942523673
   84.066264465   18.869175741
   84.169981738   19.702790331
   84.273699010   19.702643384
   84.377416283   18.868940128
   84.481133556   18.942520306
   84.584850829   18.812282489
   85.354038712   13.357608858
   85.768907804   17.956087765
   85.872625077   17.952840499
   85.976342350   18.942584203
   86.080059623   19.923283326
   86.183776896   20.359040444
   86.557734841   19.923184450
   86.661452114   18.942520306
   86.765169387   17.953840997
   86.868886660   17.958137801
   86.972603933   16.447161170
   87.331891106   10.443452391
   88.218051875   14.823868738
   88.397695461   12.914195711
   88.501412734   13.883925659
   88.775822845   11.646608545
   88.879540118   12.234226045
   88.983257391   13.113007934
   89.357215336   10.523575356
   89.460932609   11.303536272
   89.564649882   11.834007393
   89.668367155   12.614863637
   89.942777266   10.817667362
   90.046494539   11.818990520
   90.150211812   12.555242048
   90.668798177   19.009313030
   91.451846416   11.303536272
   91.555563689   11.818990520
   91.659280962   13.580116613
   92.177867326   20.146690452
   92.281584599   20.150560451
   93.078252089   11.646608545
   93.181969362   11.834007393
   93.285686635   12.555242048
   93.804273000   21.109926065
   93.907990273   20.649616089
   94.011707546   21.110485362
   94.737728457   12.234226045
   94.841445729   12.614863637
   95.360032094   21.456724931
   95.463749367   21.279512061
   95.567466640   21.279532920
   95.671183913   21.456786549
   96.440371796   12.914195711
   96.544089069   13.113007934
   97.062675434   21.456724931
   97.166392706   21.648918726
   97.270109979   21.134833095
   97.373827252   21.648874170
   97.477544525   21.456700891
   98.016475284   13.883925659
   98.878015659   21.109926065
   98.981732932   21.279512061
   99.085450205   21.134833095
   99.189167478   21.134556642
   99.292884751   21.279407026
   99.396602024   21.109828326
  100.060716608   14.823868738
  100.579302973   20.146690452
  100.683020246   20.649616089
  100.786737519   21.279532920
  101.160695464   21.648874170
  101.264412737   21.279407026
  101.368130010   20.649552255
  101.471847283   20.149209045
  101.575564556   19.009859842
  102.027657668   11.344941677
  102.131374941   11.344941677
  102.811494582   16.146106117
  102.991138168   14.376809850
  103.094855441   15.206699982
  103.369265552   12.823393556
  103.472982825   13.834199585
  103.576700098   14.569094742
  103.851110209   11.303461774
  103.954827482   13.012062702
  104.058544755   14.182290169
  104.332954866   11.303461774
  104.436672139   11.818101590
  104.540389412   13.582969853
  104.720032998   13.012062702
  104.823750271   13.582969853
  105.446053909   21.591444799
  106.229102147   13.834199585
  106.332819420   14.182290169
  106.955123058   22.695212314
  107.058840331   22.697192937
  107.855507821   14.376809850
  107.959225094   14.569094742
  108.581528732   22.798590317
  108.685246005   22.851803162
  108.788963278   22.798616263
  109.337783499   15.206699982
  110.106971382   22.798590317
  110.210688655   22.733180076
  110.314405928   22.733125240
  110.418123201   22.798535042
  111.049010743   16.146106117
  111.671314380   22.695212314
  112.045272326   22.851803162
  112.148989599   22.733125240
  112.252706872   22.851728952
  112.356424145   22.696004955
  112.460141418   21.648292116
  113.008961640   12.583161711
  113.112678913   10.979508355
  113.216396186   12.583161711
  113.691688440   17.079702690
  113.871332026   15.604018792
  113.975049299   16.424258222
  114.154692885   13.834195247
  114.258410158   15.771694070
  114.532820269   10.360104953
  114.636537542   11.833960817
  114.740254815   14.182261807
  114.919898402   11.833960817
  115.023615675   12.554735060
  115.203259261   13.834195247
  115.306976534   14.182261807
  115.410693807   15.771694070
  116.136714717   23.431590104
  116.784428879   16.424258222
  117.495478679   23.631312080
  117.599195952   23.631390714
  118.279315593   17.079702690
  119.089373391   23.631312080
  119.193090663   23.349635046
  119.296807936   23.631338067
  119.400525209   23.443885988
  120.048239371   13.883934829
  120.151956644   11.839157238
  120.255673917   11.839157238
  120.359391190   10.332183836
  120.539034777   13.883934829
  120.813444887   17.409118959
  120.917162160   16.424255523
  121.096805747   12.234224706
  121.200523020   14.569089858
  121.380166606   10.818431645
  121.483883879   12.614846467
  121.663527465   12.234224706
  121.767244738   12.614846467
  121.870962011   14.569089858
  121.974679284   16.424255523
  122.757727523   23.543209156
  122.861444796   23.543217321
  123.609360688   15.206698906
  123.713077961   13.113019490
  123.816795234   11.549232177
  123.920512506   10.969656743
  124.100156093   13.113019490
  124.203873366   10.969656743
  124.383516952   15.206698906
    0.000000000   16.893700091
    0.103717273   16.258502034
    0.283360859   17.379717945
    0.387078132   16.562666534
    0.490795405   16.562661922
    0.722714278   17.749895574
    0.826431551   16.903549891
    0.930148824   17.117976111
    1.033866097   16.903538648
    1.345017916   18.045447912
    1.448735189   17.077257948
    1.552452462   17.774272913
    1.656169735   17.774260541
    1.759887007   17.077254718
    2.161582278   18.328776132
    2.265299551   17.169909373
    2.369016824   18.152514046
    2.472734097   19.531070806
    2.576451370   18.152505523
    2.680168643   17.169899448
    3.177579210   18.599004311
    3.281296483   17.225986934
    3.385013756   18.493838850
    3.488731029   20.390025061
    3.592448302   20.390011712
    3.696165575   18.493818929
    3.799882848   17.224909088
    4.395693220   18.781430788
    4.499410493   17.855264908
    4.603127766   18.827387447
    4.706845039   20.467024717
    4.810562312   21.927126642
    4.914279585   20.467004584
    5.017996858   18.827310624
    5.121714131   17.842554911
    5.817470749   18.821361015
    5.921188022   19.216384459
    6.024905295   19.065241507
    6.128622568   19.689563836
    6.232339841   20.344357820
    6.336057114   20.344344776
    6.439774387   19.689513500
    6.543491659   19.065051009
    6.647208932   19.216124756
    7.430257171   19.216384459
    7.533974444   19.127815016
    7.637691717   18.427745789
    7.741408990   18.297952131
    7.845126263   18.314116481
    7.948843536   18.297884031
    8.052560809   18.427492923
    8.156278082   19.127542447
    8.259995355   19.216124632
    9.146156123   17.855264908
    9.249873396   19.065241507
    9.353590669   18.427745789
    9.457307942   16.823777265
    9.561025215   16.202397421
    9.664742488   16.202205849
    9.768459761   16.822633433
    9.872177034   18.427478909
    9.975894307   19.065046509
   10.079611580   17.843676837
   11.069011305   17.225986934
   11.172728578   18.827387447
   11.276445851   19.689563836
   11.380163124   18.297952131
   11.483880397   16.202397421
   11.587597670   14.773042628
   11.691314943   16.202160205
   11.795032216   18.297853135
   11.898749489   19.689491802
   12.002466762   18.827305052
   12.106184035   17.225072365
   13.198913311   17.169909373
   13.302630584   18.493838850
   13.406347857   20.467024717
   13.510065130   20.344357820
   13.613782403   18.314116481
   13.717499675   16.202205849
   13.821216948   16.202160205
   13.924934221   18.314066419
   14.028651494   20.344305856
   14.132368767   20.466969457
   14.236086040   18.493808362
   14.339803313   17.169902546
   15.361299986   17.077257948
   15.465017259   18.152514046
   16.586891096   20.390025061
   16.690608369   21.927126642
   16.794325642   20.344344776
   16.898042915   18.297884031
   17.001760188   16.822633433
   17.105477461   18.297853135
   17.209194734   20.344305856
   17.312912007   21.926857413
   17.416629280   20.389923634
   17.520346553   18.152487108
   17.624063826   17.077253459
   18.779010498   16.903549891
   18.882727771   17.774272913
   18.986445044   19.531070806
   19.090162317   20.390011712
   19.193879590   20.467004584
   19.297596863   19.689513500
   20.094264353   18.427492923
   20.197981626   18.427478909
   20.301698899   19.689491802
   20.405416172   20.466969457
   20.509133445   20.389923634
   20.612850718   19.530854134
   20.716567991   17.774224622
   20.820285264   16.903534777
   22.119858969   16.562666534
   22.223576242   17.117976111
   22.327293515   17.774260541
   22.431010788   18.152505523
   22.534728061   18.493818929
   22.638445334   18.827310624
   22.742162606   19.065051009
   22.845879879   19.127542447
   22.949597152   19.065046509
   23.053314425   18.827305052
   23.157031698   18.493808362
   23.530989644   18.152487108
   23.634706917   17.774224622
   23.738424190   17.117934760
   23.842141463   16.562649828
   23.945858736   16.258484612
   25.348919998   17.379682735
   25.528563584   20.974231622
   25.632280857   18.803009298
   25.839715403   16.400653365
   26.213673349   21.866115292
   26.317390622   19.639313519
   26.524825168   16.820546842
   26.628542441   16.820545771
   27.030237712   21.462971147
   27.133954985   20.070433995
   27.341389531   17.180458338
   27.445106804   17.633242158
   27.548824076   17.180464573
   28.000917188   19.628147833
   28.104634461   20.029305295
   28.312069007   17.366420329
   28.415786280   18.450733759
   28.519503553   18.450734329
   28.623220826   17.366406879
   29.141807190   17.506791671
   29.245524463   19.202855315
   29.452959009   17.518893914
   29.556676282   18.979249102
   29.660393555   20.766540637
   29.764110828   18.979230382
   29.867828101   17.510702928
   30.463638473   15.937656637
   30.567355746   17.927552090
   30.774790292   18.361753144
   30.878507565   19.495852913
   30.982224838   21.328913042
   31.085942111   21.328893203
   31.189659384   19.495779618
   31.293376657   18.357626153
   31.924264198   17.927552090
   32.131698744   19.848013219
   32.235416017   19.888741400
   32.339133290   20.636233552
   32.442850563   21.136110981
   32.546567836   20.636190162
   32.650285109   19.888584559
   32.754002382   19.847800568
   33.480023293   19.202855315
   33.687457838   19.848013219
   33.791175111   20.008440897
   33.894892384   19.375895661
   33.998609657   19.243431640
   34.102326930   19.243388241
   34.206044203   19.375708318
   34.309761476   20.008228261
   34.413478749   19.847798189
   35.236709082   20.029305295
   35.444143628   18.361753144
   35.547860901   19.888741400
   35.651578174   19.375895661
   35.755295447   17.869581090
   35.859012719   17.344807059
   35.962729992   17.869110727
   36.066447265   19.375689713
   36.170164538   19.888575682
   36.273881811   18.358598958
   37.195741098   20.070433995
   37.403175644   17.518893914
   37.506892917   19.495852913
   37.610610189   20.636233552
   37.714327462   19.243431640
   37.818044735   17.344807059
   37.921762008   17.344749055
   38.025479281   19.243343712
   38.129196554   20.636150481
   38.232913827   19.495768986
   38.336631100   17.514756692
   39.146688898   19.639313519
   40.315523203   17.366420329
   40.419240476   18.979249102
   40.522957749   21.328913042
   40.626675022   21.136110981
   40.730392295   19.243388241
   40.834109568   17.869110727
   40.937826841   19.243343712
   41.041544114   21.136040860
   41.145261387   21.328775600
   41.248978660   18.979203501
   41.352695933   17.366423957
   42.303280441   18.803009298
   42.510714987   17.180458338
   42.614432260   18.450733759
   42.718149533   20.766540637
   42.821866806   21.328893203
   43.618534296   20.636190162
   43.722251569   19.375708318
   43.825968842   19.375689713
   43.929686115   20.636150481
   44.033403388   21.328775600
   44.137120661   20.765866227
   44.240837934   18.450672358
   44.344555207   17.180459165
   45.447084941   17.379682735
   45.654519487   16.820546842
   45.758236760   17.633242158
   45.861954033   18.450734329
   45.965671306   18.979230382
   46.069388579   19.495779618
   46.173105852   19.888584559
   46.276823125   20.008228261
   46.380540398   19.888575682
   46.484257671   19.495768986
   46.858215617   18.979203501
   46.961932889   18.450672358
   47.065650162   17.633166885
   47.169367435   16.820532096
   47.273084708   16.400640942
   48.478170521   17.749869644
   48.657814107   21.866028929
   48.761531380   19.639283371
   49.035941491   20.013990903
   49.139658764   22.495473453
   49.243376037   21.809409878
   49.554527856   16.721111895
   50.132001192   17.290744237
   50.235718465   19.958261153
   50.339435738   21.630389121
   50.650587557   17.309672396
   50.754304830   17.309710178
   51.350115202   14.768368133
   51.453832475   17.407458038
   51.557549748   19.812723881
   51.868701566   17.737520853
   51.972418839   18.636664978
   52.076136112   17.737487241
   52.707023654   13.166436786
   52.810740927   15.116021760
   52.914458200   17.708134567
   53.225610019   18.449686118
   53.329327292   19.742979020
   53.433044565   19.742954119
   53.536761838   18.446687346
   54.132572210   15.116021760
   54.236289483   16.165398673
   54.547441301   19.356306547
   54.651158574   20.547698729
   54.754875847   22.507486045
   54.858593120   20.547624952
   54.962310393   19.355145414
   55.626424977   17.407458038
   55.730142250   17.708134567
   56.041294069   21.028669208
   56.145011342   21.166572438
   56.248728615   21.988686904
   56.352445888   21.988651542
   56.456163161   21.166446552
   56.559880434   21.028502018
   57.300569916   19.958261153
   57.404287188   19.812723881
   57.715439007   21.028669208
   57.819156280   21.363584785
   57.922873553   20.695878735
   58.026590826   20.541966567
   58.130308099   20.695756269
   58.234025372   21.363418902
   58.337742645   21.028495323
   59.160972978   22.495473453
   59.264690251   21.630389121
   59.575842070   19.356306547
   59.679559342   21.166572438
   59.783276615   20.695878735
   59.886993888   19.334701037
   59.990711161   19.334593971
   60.094428434   20.695737765
   60.198145707   21.166431209
   60.301862980   19.355624127
   60.965977564   21.866028929
   61.069694837   21.809409878
   62.091191510   18.449686118
   62.194908783   20.547698729
   62.298626056   21.988686904
   62.402343329   20.541966567
   62.506060602   19.334593971
   62.609777875   20.541907227
   62.713495148   21.988566723
   62.817212421   20.547602070
   62.920929694   18.449124659
   63.690117577   19.639283371
   64.001269395   17.737520853
   64.104986668   19.742979020
   64.901654158   22.507486045
   65.005371431   21.988651542
   65.109088704   20.695756269
   65.212805977   20.695737765
   65.316523250   21.988566723
   65.420240523   22.499153020
   65.523957796   19.742869850
   65.627675069   17.737552525
   66.549534356   17.749869644
   66.860686174   17.309672396
   66.964403447   18.636664978
   67.068120720   19.742954119
   67.171837993   20.547624952
   67.275555266   21.166446552
   67.379272539   21.363418902
   67.482989812   21.166431209
   67.856947758   20.547602070
   67.960665031   19.742869850
   68.064382304   18.636475720
   68.168099577   17.309679659
   68.271816850   16.721111700
   69.293313523   18.045431869
   69.472957109   21.462938419
   69.576674382   20.070412403
   69.851084493   17.290733912
   69.954801766   19.958252247
   70.058519039   21.630372281
   70.432476984   12.185423188
   70.536194257   14.668256804
   70.639911530   17.393414959
   70.743628803   20.104120549
   71.158497895   17.289762969
   71.941546134   10.653006048
   72.045263407   12.330831025
   72.148980680   14.918880417
   72.252697953   17.711085642
   72.667567045   18.204991655
   72.771284318   18.204689937
   73.467040936   12.330831025
   73.570758209   13.313431597
   73.674475482   15.480425814
   74.089344573   19.501034610
   74.193061846   20.386587029
   74.296779119   19.497601708
   75.022800030   14.668256804
   75.126517303   14.918880417
   75.230234576   15.480425814
   75.645103668   20.631783195
   75.748820941   21.804546834
   75.852538214   21.804454191
   75.956255487   20.631189701
   76.725443369   17.290733912
   76.829160642   17.393414959
   76.932877915   17.711085642
   77.347747007   22.561286431
   77.451464280   22.713676900
   77.555181553   23.650481615
   77.658898826   22.713569968
   77.762616099   22.561148432
   78.503305580   19.958252247
   78.607022853   20.104120549
   79.021891945   22.561286431
   79.125609218   23.058211887
   79.229326491   22.357948475
   79.333043764   22.357889846
   79.436761037   23.058070521
   79.540478310   22.561126060
   80.099012918   21.462938419
   81.220886755   21.630372281
   81.635755847   20.631783195
   81.739473120   22.713676900
   81.843190393   22.357948475
   81.946907666   21.490813955
   82.050624939   22.357863966
   82.154342212   22.713523658
   82.258059485   20.631542632
   82.880363123   20.070412403
   83.858829919   19.501034610
   83.962547192   21.804546834
   84.066264465   23.650481615
   84.169981738   22.357889846
   84.273699010   22.357863966
   84.377416283   23.649714446
   84.481133556   21.804359414
   84.584850829   19.500975205
   85.354038712   18.045431869
   85.768907804   18.204991655
   85.872625077   20.386587029
   85.976342350   21.804454191
   86.080059623   22.713569968
   86.183776896   23.058070521
   86.557734841   22.713523658
   86.661452114   21.804359414
   86.765169387   20.386206542
   86.868886660   18.204153362
   86.972603933   17.289843073
   87.331891106   18.802886424
   88.218051875   18.328752368
   88.397695461   19.628119260
   88.501412734   20.029280017
   88.775822845   14.768308829
   88.879540118   17.407429242
   88.983257391   19.812703330
   89.357215336   10.651381374
   89.460932609   12.330615075
   89.564649882   14.918837073
   89.668367155   17.711067174
   89.942777266   10.841465049
   90.046494539   12.656021586
   90.150211812   15.376700158
   90.668798177   19.469574274
   91.451846416   12.330615075
   91.555563689   12.656021586
   91.659280962   13.752849805
   92.177867326   20.534688193
   92.281584599   20.531148179
   93.078252089   14.768308829
   93.181969362   14.918837073
   93.285686635   15.376700158
   93.804273000   21.923023726
   93.907990273   22.627621058
   94.011707546   21.922484102
   94.737728457   17.407429242
   94.841445729   17.711067174
   95.360032094   23.716565806
   95.463749367   23.831705186
   95.567466640   23.831641660
   95.671183913   23.716488787
   96.440371796   19.628119260
   96.544089069   19.812703330
   97.062675434   23.716565806
   97.166392706   24.438125101
   97.270109979   24.489551939
   97.373827252   24.438128661
   97.477544525   23.716471887
   98.016475284   20.029280017
   98.878015659   21.923023726
   98.981732932   23.831705186
   99.085450205   24.489551939
   99.189167478   24.489202576
   99.292884751   23.831575721
   99.396602024   21.922846963
  100.060716608   18.328752368
  100.579302973   20.534688193
  100.683020246   22.627621058
  100.786737519   23.831641660
  101.160695464   24.438128661
  101.264412737   23.831575721
  101.368130010   22.627388249
  101.471847283   20.532128657
  101.575564556   19.390638577
  102.027657668   19.639237311
  102.131374941   19.639237311
  102.811494582   18.598924139
  102.991138168   17.506700123
  103.094855441   19.202798300
  103.369265552   13.162647608
  103.472982825   15.115674473
  103.576700098   17.708052097
  103.851110209   12.330607060
  103.954827482   13.309704772
  104.058544755   15.480126546
  104.332954866   12.330607060
  104.436672139   12.655931105
  104.540389412   13.749547028
  104.720032998   13.309704772
  104.823750271   13.749547028
  105.446053909   22.325212186
  106.229102147   15.115674473
  106.332819420   15.480126546
  106.955123058   22.904116175
  107.058840331   22.902036631
  107.855507821   17.506700123
  107.959225094   17.708052097
  108.581528732   23.807082313
  108.685246005   23.837368637
  108.788963278   23.807046224
  109.337783499   19.202798300
  110.106971382   23.807082313
  110.210688655   24.028906696
  110.314405928   24.028906556
  110.418123201   23.807064318
  111.049010743   18.598924139
  111.671314380   22.904116175
  112.045272326   23.837368637
  112.148989599   24.028906556
  112.252706872   23.837357255
  112.356424145   22.903108005
  112.460141418   22.298296611
  113.008961640   20.070395228
  113.112678913   21.808772421
  113.216396186   20.070395228
  113.691688440   18.781224360
  113.871332026   15.934895235
  113.975049299   17.927253763
  114.154692885   15.115663785
  114.258410158   16.163261161
  114.532820269   14.668241493
  114.636537542   14.918812474
  114.740254815   15.480095482
  114.919898402   14.918812474
  115.023615675   15.376630758
  115.203259261   15.115663785
  115.306976534   15.480095482
  115.410693807   16.163261161
  116.136714717   23.968213070
  116.784428879   17.927253763
  117.495478679   23.710384277
  117.599195952   23.710299113
  118.279315593   18.781224360
  119.089373391   23.710384277
  119.193090663   23.683829885
  119.296807936   23.710340383
  119.400525209   23.957953400
  120.048239371   20.029270583
  120.151956644   21.630312620
  120.255673917   21.630312620
  120.359391190   22.495406854
  120.539034777   20.029270583
  120.813444887   18.821058207
  120.917162160   17.927249073
  121.096805747   17.407420833
  121.200523020   17.708036251
  121.380166606   17.393396110
  121.483883879   17.711040512
  121.663527465   17.407420833
  121.767244738   17.711040512
  121.870962011   17.708036251
  121.974679284   17.927249073
  122.757727523   23.898408674
  122.861444796   23.898110383
  123.609360688   19.202791503
  123.713077961   19.812685614
  123.816795234   20.104091341
  123.920512506   19.958242897
  124.100156093   19.812685614
  124.203873366   19.958242897
  124.383516952   19.202791503
    0.000000000   16.900017461
    0.103717273   16.621363915
    0.283360859   18.374832380
    0.387078132   17.569868086
    0.490795405   17.569804337
    0.722714278   18.673982273
    0.826431551   17.915091319
    0.930148824   18.137524782
    1.033866097   17.915101936
    1.345017916   18.883876667
    1.448735189   18.001222843
    1.552452462   18.700735259
    1.656169735   18.700747924
    1.759887007   18.001226289
    2.161582278   19.078876446
    2.265299551   17.984558423
    2.369016824   18.989539497
    2.472734097   20.363120182
    2.576451370   18.989548074
    2.680168643   17.984561501
    3.177579210   19.309330879
    3.281296483   17.911056217
    3.385013756   19.247350483
    3.488731029   21.142732562
    3.592448302   21.142745578
    3.696165575   19.247366305
    3.799882848   17.911235393
    4.395693220   19.579274491
    4.499410493   18.730968927
    4.603127766   19.548753138
    4.706845039   21.176240386
    4.810562312   22.656243584
    4.914279585   21.176259228
    5.017996858   19.548804256
    5.121714131   18.731352428
    5.817470749   19.724815758
    5.921188022   20.124590713
    6.024905295   19.878163822
    6.128622568   20.432498522
    6.232339841   21.118105673
    6.336057114   21.118116817
    6.439774387   20.432537218
    6.543491659   19.878266617
    6.647208932   20.124708764
    7.430257171   20.124590713
    7.533974444   20.045129770
    7.637691717   19.298589957
    7.741408990   19.134175961
    7.845126263   19.156028147
    7.948843536   19.134221110
    8.052560809   19.298714548
    8.156278082   20.045256723
    8.259995355   20.124711925
    9.146156123   18.730968927
    9.249873396   19.878163822
    9.353590669   19.298589957
    9.457307942   17.767894729
    9.561025215   17.115451620
    9.664742488   17.115533226
    9.768459761   17.768160377
    9.872177034   19.298727986
    9.975894307   19.878277339
   10.079611580   18.731344863
   11.069011305   17.911056217
   11.172728578   19.548753138
   11.276445851   20.432498522
   11.380163124   19.134175961
   11.483880397   17.115451620
   11.587597670   15.745403284
   11.691314943   17.115575905
   11.795032216   19.134248456
   11.898749489   20.432560199
   12.002466762   19.548816042
   12.106184035   17.911214226
   13.198913311   17.984558423
   13.302630584   19.247350483
   13.406347857   21.176240386
   13.510065130   21.118105673
   13.613782403   19.156028147
   13.717499675   17.115533226
   13.821216948   17.115575905
   13.924934221   19.156070432
   14.028651494   21.118157671
   14.132368767   21.176302885
   14.236086040   19.247380299
   14.339803313   17.984560894
   15.361299986   18.001222843
   15.465017259   18.989539497
   16.586891096   21.142732562
   16.690608369   22.656243584
   16.794325642   21.118116817
   16.898042915   19.134221110
   17.001760188   17.768160377
   17.105477461   19.134248456
   17.209194734   21.118157671
   17.312912007   22.657288458
   17.416629280   21.142909678
   17.520346553   18.989571290
   17.624063826   18.001227200
   18.779010498   17.915091319
   18.882727771   18.700735259
   18.986445044   20.363120182
   19.090162317   21.142745578
   19.193879590   21.176259228
   19.297596863   20.432537218
   20.094264353   19.298714548
   20.197981626   19.298727986
   20.301698899   20.432560199
   20.405416172   21.176302885
   20.509133445   21.142909678
   20.612850718   20.364751515
   20.716567991   18.700818311
   20.820285264   17.915104718
   22.119858969   17.569868086
   22.223576242   18.137524782
   22.327293515   18.700747924
   22.431010788   18.989548074
   22.534728061   19.247366305
   22.638445334   19.548804256
   22.742162606   19.878266617
   22.845879879   20.045256723
   22.949597152   19.878277339
   23.053314425   19.548816042
   23.157031698   19.247380299
   23.530989644   18.989571290
   23.634706917   18.700818311
   23.738424190   18.137796785
   23.842141463   17.569812908
   23.945858736   16.621385777
   25.348919998   18.375025466
   25.528563584   20.994537309
   25.632280857   19.629983391
   25.839715403   17.497758789
   26.213673349   22.591568673
   26.317390622   20.454361299
   26.524825168   17.845164145
   26.628542441   17.845162809
   27.030237712   22.187294358
   27.133954985   20.819563653
   27.341389531   18.098362406
   27.445106804   18.580145523
   27.548824076   18.098356052
   28.000917188   20.384596717
   28.104634461   20.729290369
   28.312069007   18.174970336
   28.415786280   19.288709680
   28.519503553   19.288706928
   28.623220826   18.174970163
   29.141807190   18.316017084
   29.245524463   19.927022580
   29.452959009   18.192281347
   29.556676282   19.743791252
   29.660393555   21.390986995
   29.764110828   19.743805619
   29.867828101   18.192597174
   30.463638473   16.849085877
   30.567355746   18.774409555
   30.774790292   19.301447667
   30.878507565   20.245830425
   30.982224838   22.054409824
   31.085942111   22.054431731
   31.189659384   20.245879408
   31.293376657   19.301735272
   31.924264198   18.774409555
   32.131698744   20.783371862
   32.235416017   20.736590154
   32.339133290   21.411473731
   32.442850563   21.930233903
   32.546567836   21.411507969
   32.650285109   20.736680535
   32.754002382   20.783477460
   33.480023293   19.927022580
   33.687457838   20.783371862
   33.791175111   20.959857692
   33.894892384   20.282740900
   33.998609657   20.108942900
   34.102326930   20.108972165
   34.206044203   20.282842013
   34.309761476   20.959972630
   34.413478749   20.783488818
   35.236709082   20.729290369
   35.444143628   19.301447667
   35.547860901   20.736590154
   35.651578174   20.282740900
   35.755295447   18.841516708
   35.859012719   18.298155100
   35.962729992   18.841681868
   36.066447265   20.282862338
   36.170164538   20.736703040
   36.273881811   19.301716888
   37.195741098   20.819563653
   37.403175644   18.192281347
   37.506892917   20.245830425
   37.610610189   21.411473731
   37.714327462   20.108942900
   37.818044735   18.298155100
   37.921762008   18.298222888
   38.025479281   20.109012761
   38.129196554   21.411554265
   38.232913827   20.245905781
   38.336631100   18.192468842
   39.146688898   20.454361299
   40.315523203   18.174970336
   40.419240476   19.743791252
   40.522957749   22.054409824
   40.626675022   21.930233903
   40.730392295   20.108972165
   40.834109568   18.841681868
   40.937826841   20.109012761
   41.041544114   21.930316173
   41.145261387   22.054644259
   41.248978660   19.743845747
   41.352695933   18.174965328
   42.303280441   19.629983391
   42.510714987   18.098362406
   42.614432260   19.288709680
   42.718149533   21.390986995
   42.821866806   22.054431731
   43.618534296   21.411507969
   43.722251569   20.282842013
   43.825968842   20.282862338
   43.929686115   21.411554265
   44.033403388   22.054644259
   44.137120661   21.397127502
   44.240837934   19.288816707
   44.344555207   18.098359578
   45.447084941   18.375025466
   45.654519487   17.845164145
   45.758236760   18.580145523
   45.861954033   19.288706928
   45.965671306   19.743805619
   46.069388579   20.245879408
   46.173105852   20.736680535
   46.276823125   20.959972630
   46.380540398   20.736703040
   46.484257671   20.245905781
   46.858215617   19.743845747
   46.961932889   19.288816707
   47.065650162   18.580540779
   47.169367435   17.845172819
   47.273084708   17.497770800
   48.478170521   18.674012672
   48.657814107   22.591731182
   48.761531380   20.454399677
   49.035941491   20.843775440
   49.139658764   23.286704434
   49.243376037   22.389333460
   49.554527856   17.745439164
   50.132001192   18.150378108
   50.235718465   20.766000485
   50.339435738   22.356623187
   50.650587557   18.230984991
   50.754304830   18.230914824
   51.350115202   15.668234188
   51.453832475   18.243974507
   51.557549748   20.573559166
   51.868701566   18.536081605
   51.972418839   19.497805446
   52.076136112   18.536070349
   52.707023654   13.763982486
   52.810740927   16.002422338
   52.914458200   18.524649725
   53.225610019   18.735702476
   53.329327292   20.526439901
   53.433044565   20.526466643
   53.536761838   18.736956532
   54.132572210   16.002422338
   54.236289483   17.086734488
   54.547441301   20.325888052
   54.651158574   21.327297120
   54.754875847   22.611035063
   54.858593120   21.327352389
   54.962310393   20.326089020
   55.626424977   18.243974507
   55.730142250   18.524649725
   56.041294069   22.001376830
   56.145011342   22.043132556
   56.248728615   22.805063647
   56.352445888   22.805094458
   56.456163161   22.043214526
   56.559880434   22.001475116
   57.300569916   20.766000485
   57.404287188   20.573559166
   57.715439007   22.001376830
   57.819156280   22.353465380
   57.922873553   21.640661548
   58.026590826   21.454289889
   58.130308099   21.640738345
   58.234025372   22.353576870
   58.337742645   22.001498944
   59.160972978   23.286704434
   59.264690251   22.356623187
   59.575842070   20.325888052
   59.679559342   22.043132556
   59.783276615   21.640661548
   59.886993888   20.347863750
   59.990711161   20.347931111
   60.094428434   21.640763176
   60.198145707   22.043256573
   60.301862980   20.326076885
   60.965977564   22.591731182
   61.069694837   22.389333460
   62.091191510   18.735702476
   62.194908783   21.327297120
   62.298626056   22.805063647
   62.402343329   21.454289889
   62.506060602   20.347931111
   62.609777875   21.454346213
   62.713495148   22.805229478
   62.817212421   21.327412383
   62.920929694   18.735997012
   63.690117577   20.454399677
   64.001269395   18.536081605
   64.104986668   20.526439901
   64.901654158   22.611035063
   65.005371431   22.805094458
   65.109088704   21.640738345
   65.212805977   21.640763176
   65.316523250   22.805229478
   65.420240523   22.622355317
   65.523957796   20.526638841
   65.627675069   18.536050633
   66.549534356   18.674012672
   66.860686174   18.230984991
   66.964403447   19.497805446
   67.068120720   20.526466643
   67.171837993   21.327352389
   67.275555266   22.043214526
   67.379272539   22.353576870
   67.482989812   22.043256573
   67.856947758   21.327412383
   67.960665031   20.526638841
   68.064382304   19.499314851
   68.168099577   18.230930452
   68.271816850   17.745442498
   69.293313523   18.883893486
   69.472957109   22.187333154
   69.576674382   20.819586561
   69.851084493   18.150386589
   69.954801766   20.766008751
   70.058519039   22.356642058
   70.432476984   13.151861910
   70.536194257   15.577294020
   70.639911530   18.246029955
   70.743628803   20.898812802
   71.158497895   18.207836042
   71.941546134   11.497831582
   72.045263407   13.289908242
   72.148980680   15.817458424
   72.252697953   18.548321330
   72.667567045   19.001397371
   72.771284318   19.001280768
   73.467040936   13.289908242
   73.570758209   13.957959626
   73.674475482   16.375874548
   74.089344573   19.713213878
   74.193061846   21.196168054
   74.296779119   19.715250177
   75.022800030   15.577294020
   75.126517303   15.817458424
   75.230234576   16.375874548
   75.645103668   21.595420400
   75.748820941   22.578679582
   75.852538214   22.578776945
   75.956255487   21.595594502
   76.725443369   18.150386589
   76.829160642   18.246029955
   76.932877915   18.548321330
   77.347747007   23.531479955
   77.451464280   23.555777345
   77.555181553   24.217670897
   77.658898826   23.555858591
   77.762616099   23.531574654
   78.503305580   20.766008751
   78.607022853   20.898812802
   79.021891945   23.531479955
   79.125609218   24.078222900
   79.229326491   23.348849444
   79.333043764   23.348895088
   79.436761037   24.078347938
   79.540478310   23.531632463
   80.099012918   22.187333154
   81.220886755   22.356642058
   81.635755847   21.595420400
   81.739473120   23.555777345
   81.843190393   23.348849444
   81.946907666   22.551839275
   82.050624939   23.348935352
   82.154342212   23.555977384
   82.258059485   21.595592370
   82.880363123   20.819586561
   83.858829919   19.713213878
   83.962547192   22.578679582
   84.066264465   24.217670897
   84.169981738   23.348895088
   84.273699010   23.348935352
   84.377416283   24.221410845
   84.481133556   22.579025877
   84.584850829   19.713470741
   85.354038712   18.883893486
   85.768907804   19.001397371
   85.872625077   21.196168054
   85.976342350   22.578776945
   86.080059623   23.555858591
   86.183776896   24.078347938
   86.557734841   23.555977384
   86.661452114   22.579025877
   86.765169387   21.198778393
   86.868886660   19.001339448
   86.972603933   18.207812317
   87.331891106   19.632585294
   88.218051875   19.078897075
   88.397695461   20.384622112
   88.501412734   20.729314235
   88.775822845   15.668271819
   88.879540118   18.243996488
   88.983257391   20.573576906
   89.357215336   11.497955286
   89.460932609   13.289978562
   89.564649882   15.817484460
   89.668367155   18.548334999
   89.942777266   11.789644901
   90.046494539   13.610378525
   90.150211812   16.273938890
   90.668798177   19.471843771
   91.451846416   13.289978562
   91.555563689   13.610378525
   91.659280962   14.543880974
   92.177867326   21.103553813
   92.281584599   21.104770748
   93.078252089   15.668271819
   93.181969362   15.817484460
   93.285686635   16.273938890
   93.804273000   22.803793203
   93.907990273   23.342645618
   94.011707546   22.804006212
   94.737728457   18.243996488
   94.841445729   18.548334999
   95.360032094   24.451554514
   95.463749367   24.424599558
   95.567466640   24.424647607
   95.671183913   24.451600625
   96.440371796   20.384622112
   96.544089069   20.573576906
   97.062675434   24.451554514
   97.166392706   24.913406226
   97.270109979   24.582829029
   97.373827252   24.913354895
   97.477544525   24.451639370
   98.016475284   20.729314235
   98.878015659   22.803793203
   98.981732932   24.424599558
   99.085450205   24.582829029
   99.189167478   24.583230934
   99.292884751   24.424784517
   99.396602024   22.804008650
  100.060716608   19.078897075
  100.579302973   21.103553813
  100.683020246   23.342645618
  100.786737519   24.424647607
  101.160695464   24.913354895
  101.264412737   24.424784517
  101.368130010   23.343216233
  101.471847283   21.104722010
  101.575564556   19.538245441
  102.027657668   20.454498964
  102.131374941   20.454498964
  102.811494582   19.309386913
  102.991138168   18.316078784
  103.094855441   19.927066788
  103.369265552   13.764816449
  103.472982825   16.002565926
  103.576700098   18.524704473
  103.851110209   13.289992012
  103.954827482   13.958668877
  104.058544755   16.375997931
  104.332954866   13.289992012
  104.436672139   13.610455309
  104.540389412   14.544280658
  104.720032998   13.958668877
  104.823750271   14.544280658
  105.446053909   22.459825792
  106.229102147   16.002565926
  106.332819420   16.375997931
  106.955123058   23.610933446
  107.058840331   23.611320355
  107.855507821   18.316078784
  107.959225094   18.524704473
  108.581528732   24.342389571
  108.685246005   24.305695871
  108.788963278   24.342409024
  109.337783499   19.927066788
  110.106971382   24.342389571
  110.210688655   24.435296976
  110.314405928   24.435297128
  110.418123201   24.342405995
  111.049010743   19.309386913
  111.671314380   23.610933446
  112.045272326   24.305695871
  112.148989599   24.435297128
  112.252706872   24.305710622
  112.356424145   23.611186352
  112.460141418   22.449035915
  113.008961640   20.819609814
  113.112678913   22.394535499
  113.216396186   20.819609814
  113.691688440   19.579385808
  113.871332026   16.849483395
  113.975049299   18.774550186
  114.154692885   16.002573775
  114.258410158   17.087091353
  114.532820269   15.577305448
  114.636537542   15.817503803
  114.740254815   16.376022211
  114.919898402   15.817503803
  115.023615675   16.273988855
  115.203259261   16.002573775
  115.306976534   16.376022211
  115.410693807   17.087091353
  116.136714717   23.968311822
  116.784428879   18.774550186
  117.495478679   24.071053180
  117.599195952   24.071063700
  118.279315593   19.579385808
  119.089373391   24.071053180
  119.193090663   24.066462025
  119.296807936   24.071058510
  119.400525209   23.978067479
  120.048239371   20.729324983
  120.151956644   22.356740213
  120.255673917   22.356740213
  120.359391190   23.286869395
  120.539034777   20.729324983
  120.813444887   19.724948850
  120.917162160   18.774554376
  121.096805747   18.244003806
  121.200523020   18.524718269
  121.380166606   18.246045908
  121.483883879   18.548358039
  121.663527465   18.244003806
  121.767244738   18.548358039
  121.870962011   18.524718269
  121.974679284   18.774554376
  122.757727523   23.898409502
  122.861444796   23.898707090
  123.609360688   19.927073755
  123.713077961   20.573594664
  123.816795234   20.898842101
  123.920512506   20.766018088
  124.100156093   20.573594664
  124.203873366   20.766018088
  124.383516952   19.927073755
    0.000000000   17.952645519
    0.103717273   17.392270616
    0.283360859   18.482965077
    0.387078132   17.649037571
    0.490795405   17.649126543
    0.722714278   20.595610276
    0.826431551   19.235005902
    0.930148824   18.279012565
    1.033866097   19.235046379
    1.345017916   23.057590216
    1.448735189   21.483217545
    1.552452462   19.799886096
    1.656169735   19.799914798
    1.759887007   21.483263457
    2.161582278   25.777372165
    2.265299551   24.097390561
    2.369016824   22.166278912
    2.472734097   20.587548484
    2.576451370   22.166312149
    2.680168643   24.097433622
    3.177579210   27.168860132
    3.281296483   26.910180224
    3.385013756   24.857342016
    3.488731029   22.627465444
    3.592448302   22.627487995
    3.696165575   24.857373264
    3.799882848   26.910225027
    4.395693220   26.088473161
    4.499410493   27.321072419
    4.603127766   26.727615041
    4.706845039   24.728217242
    4.810562312   23.097845902
    4.914279585   24.728228371
    5.017996858   26.727623746
    5.121714131   27.321060700
    5.817470749   25.705735755
    5.921188022   25.619296655
    6.024905295   26.015412594
    6.128622568   25.686276982
    6.232339841   25.176813623
    6.336057114   25.176815340
    6.439774387   25.686278376
    6.543491659   26.015409586
    6.647208932   25.619290851
    7.430257171   25.619296655
    7.533974444   25.650672369
    7.637691717   26.357243129
    7.741408990   26.810744439
    7.845126263   26.967506679
    7.948843536   26.810744180
    8.052560809   26.357241814
    8.156278082   25.650668920
    8.259995355   25.619292207
    9.146156123   27.321072419
    9.249873396   26.015412594
    9.353590669   26.357243129
    9.457307942   27.550891328
    9.561025215   28.293380278
    9.664742488   28.293380181
    9.768459761   27.550890842
    9.872177034   26.357241499
    9.975894307   26.015407715
   10.079611580   27.321050358
   11.069011305   26.910180224
   11.172728578   26.727615041
   11.276445851   25.686276982
   11.380163124   26.810744439
   11.483880397   28.293380278
   11.587597670   28.907527660
   11.691314943   28.293379518
   11.795032216   26.810740297
   11.898749489   25.686267991
   12.002466762   26.727596004
   12.106184035   26.910198719
   13.198913311   24.097390561
   13.302630584   24.857342016
   13.406347857   24.728217242
   13.510065130   25.176813623
   13.613782403   26.967506679
   13.717499675   28.293380181
   13.821216948   28.293379518
   13.924934221   26.967500009
   14.028651494   25.176791360
   14.132368767   24.728183001
   14.236086040   24.857338729
   14.339803313   24.097415002
   15.361299986   21.483217545
   15.465017259   22.166278912
   16.586891096   22.627465444
   16.690608369   23.097845902
   16.794325642   25.176815340
   16.898042915   26.810744180
   17.001760188   27.550890842
   17.105477461   26.810740297
   17.209194734   25.176791360
   17.312912007   23.096824685
   17.416629280   22.627315370
   17.520346553   22.166269113
   17.624063826   21.483244361
   18.779010498   19.235005902
   18.882727771   19.799886096
   18.986445044   20.587548484
   19.090162317   22.627487995
   19.193879590   24.728228371
   19.297596863   25.686278376
   20.094264353   26.357241814
   20.197981626   26.357241499
   20.301698899   25.686267991
   20.405416172   24.728183001
   20.509133445   22.627315370
   20.612850718   20.585925701
   20.716567991   19.799834948
   20.820285264   19.235033365
   22.119858969   17.649037571
   22.223576242   18.279012565
   22.327293515   19.799914798
   22.431010788   22.166312149
   22.534728061   24.857373264
   22.638445334   26.727623746
   22.742162606   26.015409586
   22.845879879   25.650668920
   22.949597152   26.015407715
   23.053314425   26.727596004
   23.157031698   24.857338729
   23.530989644   22.166269113
   23.634706917   19.799834948
   23.738424190   18.278770610
   23.842141463   17.649136640
   23.945858736   17.392286615
   25.348919998   18.482835224
   25.528563584   21.742928502
   25.632280857   19.693371849
   25.839715403   17.661884907
   26.213673349   23.478345917
   26.317390622   21.666815693
   26.524825168   18.305805964
   26.628542441   18.305821725
   27.030237712   25.122198833
   27.133954985   24.170102463
   27.341389531   20.157400655
   27.445106804   18.817570860
   27.548824076   20.157425199
   28.000917188   26.015956764
   28.104634461   25.874168357
   28.312069007   22.777037991
   28.415786280   20.679155854
   28.519503553   20.679174678
   28.623220826   22.777060207
   29.141807190   27.233416232
   29.245524463   26.010104833
   29.452959009   25.682357030
   29.556676282   23.392287612
   29.660393555   21.549842968
   29.764110828   23.392300475
   29.867828101   25.682375837
   30.463638473   27.907653281
   30.567355746   26.493086547
   30.774790292   27.334698588
   30.878507565   25.798565270
   30.982224838   23.552228774
   31.085942111   23.552233050
   31.189659384   25.798572974
   31.293376657   27.334686513
   31.924264198   26.493086547
   32.131698744   25.530189606
   32.235416017   25.801147631
   32.339133290   25.181041845
   32.442850563   24.704579935
   32.546567836   25.181047060
   32.650285109   25.801146150
   32.754002382   25.530181811
   33.480023293   26.010104833
   33.687457838   25.530189606
   33.791175111   25.485490493
   33.894892384   26.084271640
   33.998609657   26.366449991
   34.102326930   26.366450481
   34.206044203   26.084271293
   34.309761476   25.485487779
   34.413478749   25.530185945
   35.236709082   25.874168357
   35.444143628   27.334698588
   35.547860901   25.801147631
   35.651578174   26.084271640
   35.755295447   27.036342484
   35.859012719   27.381019064
   35.962729992   27.036342323
   36.066447265   26.084269795
   36.170164538   25.801136902
   36.273881811   27.334582203
   37.195741098   24.170102463
   37.403175644   25.682357030
   37.506892917   25.798565270
   37.610610189   25.181041845
   37.714327462   26.366449991
   37.818044735   27.381019064
   37.921762008   27.381018742
   38.025479281   26.366444808
   38.129196554   25.181018125
   38.232913827   25.798520493
   38.336631100   25.682329458
   39.146688898   21.666815693
   40.315523203   22.777037991
   40.419240476   23.392287612
   40.522957749   23.552228774
   40.626675022   24.704579935
   40.730392295   26.366450481
   40.834109568   27.036342323
   40.937826841   26.366444808
   41.041544114   24.704527973
   41.145261387   23.552022167
   41.248978660   23.392234438
   41.352695933   22.777017662
   42.303280441   19.693371849
   42.510714987   20.157400655
   42.614432260   20.679155854
   42.718149533   21.549842968
   42.821866806   23.552233050
   43.618534296   25.181047060
   43.722251569   26.084271293
   43.825968842   26.084269795
   43.929686115   25.181018125
   44.033403388   23.552022167
   44.137120661   21.543613497
   44.240837934   20.679041813
   44.344555207   20.157385068
   45.447084941   18.482835224
   45.654519487   18.305805964
   45.758236760   18.817570860
   45.861954033   20.679174678
   45.965671306   23.392300475
   46.069388579   25.798572974
   46.173105852   25.801146150
   46.276823125   25.485487779
   46.380540398   25.801136902
   46.484257671   25.798520493
   46.858215617   23.392234438
   46.961932889   20.679041813
   47.065650162   18.817180838
   47.169367435   18.305809579
   47.273084708   17.661894753
   48.478170521   20.595648841
   48.657814107   23.478384280
   48.761531380   21.666850319
   49.035941491   27.048280041
   49.139658764   24.332850705
   49.243376037   22.546431238
   49.554527856   17.980994885
   50.132001192   28.745854770
   50.235718465   26.194739023
   50.339435738   24.120973496
   50.650587557   18.871180456
   50.754304830   18.871227459
   51.350115202   30.344592935
   51.453832475   27.881881480
   51.557549748   25.740732004
   51.868701566   21.318099980
   51.972418839   19.671280648
   52.076136112   21.318108490
   52.707023654   31.172149040
   52.810740927   29.182778741
   52.914458200   27.119651495
   53.225610019   24.337194800
   53.329327292   22.093120897
   53.433044565   22.093115835
   53.536761838   24.337201693
   54.132572210   29.182778741
   54.236289483   27.826977555
   54.547441301   27.214114162
   54.651158574   24.846719517
   54.754875847   23.225088994
   54.858593120   24.846725455
   54.962310393   27.214111716
   55.626424977   27.881881480
   55.730142250   27.119651495
   56.041294069   25.383059632
   56.145011342   25.493928831
   56.248728615   24.646584921
   56.352445888   24.646595889
   56.456163161   25.493932034
   56.559880434   25.383047521
   57.300569916   26.194739023
   57.404287188   25.740732004
   57.715439007   25.383059632
   57.819156280   25.213215581
   57.922873553   25.676422046
   58.026590826   25.808820420
   58.130308099   25.676423007
   58.234025372   25.213214797
   58.337742645   25.383053181
   59.160972978   24.332850705
   59.264690251   24.120973496
   59.575842070   27.214114162
   59.679559342   25.493928831
   59.783276615   25.676422046
   59.886993888   26.288848861
   59.990711161   26.288848892
   60.094428434   25.676418561
   60.198145707   25.493895891
   60.301862980   27.211755964
   60.965977564   23.478384280
   61.069694837   22.546431238
   62.091191510   24.337194800
   62.194908783   24.846719517
   62.298626056   24.646584921
   62.402343329   25.808820420
   62.506060602   26.288848892
   62.609777875   25.808812907
   62.713495148   24.646473940
   62.817212421   24.846621763
   62.920929694   24.337133262
   63.690117577   21.666850319
   64.001269395   21.318099980
   64.104986668   22.093120897
   64.901654158   23.225088994
   65.005371431   24.646595889
   65.109088704   25.676423007
   65.212805977   25.676418561
   65.316523250   24.646473940
   65.420240523   23.216490674
   65.523957796   22.092899545
   65.627675069   21.318034906
   66.549534356   20.595648841
   66.860686174   18.871180456
   66.964403447   19.671280648
   67.068120720   22.093115835
   67.171837993   24.846725455
   67.275555266   25.493932034
   67.379272539   25.213214797
   67.482989812   25.493895891
   67.856947758   24.846621763
   67.960665031   22.092899545
   68.064382304   19.669734733
   68.168099577   18.871192670
   68.271816850   17.981001478
   69.293313523   23.057638187
   69.472957109   25.122272710
   69.576674382   24.170165226
   69.851084493   28.745845836
   69.954801766   26.194737309
   70.058519039   24.120989258
   70.432476984   34.099901530
   70.536194257   31.080992026
   70.639911530   28.245481472
   70.743628803   25.589982658
   71.158497895   18.563973661
   71.941546134   35.225547146
   72.045263407   32.711033137
   72.148980680   30.056158124
   72.252697953   27.506758309
   72.667567045   20.145462430
   72.771284318   20.145477770
   73.467040936   32.711033137
   73.570758209   30.943131268
   73.674475482   28.898331758
   74.089344573   23.189409178
   74.193061846   21.443484037
   74.296779119   23.189396988
   75.022800030   31.080992026
   75.126517303   30.056158124
   75.230234576   28.898331758
   75.645103668   26.365538751
   75.748820941   24.120888648
   75.852538214   24.120868420
   75.956255487   26.365547516
   76.725443369   28.745845836
   76.829160642   28.245481472
   76.932877915   27.506758309
   77.347747007   25.284571789
   77.451464280   25.245952205
   77.555181553   24.540943491
   77.658898826   25.245963961
   77.762616099   25.284540223
   78.503305580   26.194737309
   78.607022853   25.589982658
   79.021891945   25.284571789
   79.125609218   24.848289455
   79.229326491   25.158639319
   79.333043764   25.158641133
   79.436761037   24.848296364
   79.540478310   25.284526057
   80.099012918   25.122272710
   81.220886755   24.120989258
   81.635755847   26.365538751
   81.739473120   25.245952205
   81.843190393   25.158639319
   81.946907666   25.425681299
   82.050624939   25.158625549
   82.154342212   25.245820824
   82.258059485   26.365161277
   82.880363123   24.170165226
   83.858829919   23.189409178
   83.962547192   24.120888648
   84.066264465   24.540943491
   84.169981738   25.158641133
   84.273699010   25.158625549
   84.377416283   24.535825024
   84.481133556   24.120565539
   84.584850829   23.189273022
   85.354038712   23.057638187
   85.768907804   20.145462430
   85.872625077   21.443484037
   85.976342350   24.120868420
   86.080059623   25.245963961
   86.183776896   24.848296364
   86.557734841   25.245820824
   86.661452114   24.120565539
   86.765169387   21.440793865
   86.868886660   20.145363517
   86.972603933   18.564082868
   87.331891106   19.690826774
   88.218051875   25.777435181
   88.397695461   26.015953693
   88.501412734   25.874199695
   88.775822845   30.344590109
   88.879540118   27.881878455
   88.983257391   25.740732462
   89.357215336   35.225548304
   89.460932609   32.711032968
   89.564649882   30.056157186
   89.668367155   27.506757481
   89.942777266   34.124156836
   90.046494539   31.782321498
   90.150211812   29.323560442
   90.668798177   19.950993903
   91.451846416   32.711032968
   91.555563689   31.782321498
   91.659280962   30.182990675
   92.177867326   22.378195604
   92.281584599   22.378019654
   93.078252089   30.344590109
   93.181969362   30.056157186
   93.285686635   29.323560442
   93.804273000   25.655827420
   93.907990273   24.126381908
   94.011707546   25.655823670
   94.737728457   27.881878455
   94.841445729   27.506757481
   95.360032094   25.890830541
   95.463749367   25.741327580
   95.567466640   25.741300476
   95.671183913   25.890579773
   96.440371796   26.015953693
   96.544089069   25.740732462
   97.062675434   25.890830541
   97.166392706   24.995840860
   97.270109979   24.987089551
   97.373827252   24.995730181
   97.477544525   25.890301030
   98.016475284   25.874199695
   98.878015659   25.655827420
   98.981732932   25.741327580
   99.085450205   24.987089551
   99.189167478   24.986969852
   99.292884751   25.741102040
   99.396602024   25.655645746
  100.060716608   25.777435181
  100.579302973   22.378195604
  100.683020246   24.126381908
  100.786737519   25.741300476
  101.160695464   24.995730181
  101.264412737   25.741102040
  101.368130010   24.125923779
  101.471847283   22.377759831
  101.575564556   19.952900545
  102.027657668   21.666747694
  102.131374941   21.666747694
  102.811494582   27.168865871
  102.991138168   27.233413953
  103.094855441   26.010103828
  103.369265552   31.172148981
  103.472982825   29.182777819
  103.576700098   27.119650171
  103.851110209   32.711032292
  103.954827482   30.943131213
  104.058544755   28.898331277
  104.332954866   32.711032292
  104.436672139   31.782321035
  104.540389412   30.182990656
  104.720032998   30.943131213
  104.823750271   30.182990656
  105.446053909   22.476333383
  106.229102147   29.182777819
  106.332819420   28.898331277
  106.955123058   25.121043900
  107.058840331   25.121007210
  107.855507821   27.233413953
  107.959225094   27.119650171
  108.581528732   27.737746187
  108.685246005   27.083862187
  108.788963278   27.704759684
  109.337783499   26.010103828
  110.106971382   27.737746187
  110.210688655   27.228585199
  110.314405928   27.228517052
  110.418123201   27.734481758
  111.049010743   27.168865871
  111.671314380   25.121043900
  112.045272326   27.083862187
  112.148989599   27.228517052
  112.252706872   27.086341976
  112.356424145   25.121117653
  112.460141418   22.508037335
  113.008961640   24.170128733
  113.112678913   22.541301709
  113.216396186   24.170128733
  113.691688440   26.088469698
  113.871332026   27.907652480
  113.975049299   26.493084867
  114.154692885   29.182777527
  114.258410158   27.826976806
  114.532820269   31.080985854
  114.636537542   30.056154790
  114.740254815   28.898330577
  114.919898402   30.056154790
  115.023615675   29.323558443
  115.203259261   29.182777527
  115.306976534   28.898330577
  115.410693807   27.826976806
  116.136714717   25.667484781
  116.784428879   26.493084867
  117.495478679   28.004425306
  117.599195952   28.004483056
  118.279315593   26.088469698
  119.089373391   28.004425306
  119.193090663   29.815771981
  119.296807936   28.005680638
  119.400525209   25.667865004
  120.048239371   25.874183181
  120.151956644   24.120891040
  120.255673917   24.120891040
  120.359391190   24.332668592
  120.539034777   25.874183181
  120.813444887   25.705732148
  120.917162160   26.493084840
  121.096805747   27.881875556
  121.200523020   27.119648261
  121.380166606   28.245471709
  121.483883879   27.506751115
  121.663527465   27.881875556
  121.767244738   27.506751115
  121.870962011   27.119648261
  121.974679284   26.493084840
  122.757727523   29.672177745
  122.861444796   29.673402452
  123.609360688   26.010101123
  123.713077961   25.740721469
  123.816795234   25.589962714
  123.920512506   26.194725324
  124.100156093   25.740721469
  124.203873366   26.194725324
  124.383516952   26.010101123
    0.000000000   17.958279129
    0.103717273   17.712444725
    0.283360859   19.400460673
    0.387078132   18.559018229
    0.490795405   18.558995154
    0.722714278   21.384805506
    0.826431551   20.100387045
    0.930148824   19.192670142
    1.033866097   20.100339031
    1.345017916   23.744669089
    1.448735189   22.236522587
    1.552452462   20.622506952
    1.656169735   20.622475327
    1.759887007   22.236467888
    2.161582278   26.390510426
    2.265299551   24.762821183
    2.369016824   22.900610237
    2.472734097   21.350712793
    2.576451370   22.900573352
    2.680168643   24.762769988
    3.177579210   28.003303184
    3.281296483   27.519223645
    3.385013756   25.529665771
    3.488731029   23.347329146
    3.592448302   23.347305557
    3.696165575   25.529629206
    3.799882848   27.519166934
    4.395693220   26.927628658
    4.499410493   28.163675700
    4.603127766   27.496180220
    4.706845039   25.447337109
    4.810562312   23.784379688
    4.914279585   25.447323818
    5.017996858   27.496163318
    5.121714131   28.163688458
    5.817470749   26.531757076
    5.921188022   26.486099714
    6.024905295   26.838359184
    6.128622568   26.424287029
    6.232339841   25.812298110
    6.336057114   25.812296236
    6.439774387   26.424285530
    6.543491659   26.838363059
    6.647208932   26.486109436
    7.430257171   26.486099714
    7.533974444   26.458651571
    7.637691717   27.045800317
    7.741408990   27.391923446
    7.845126263   27.497897831
    7.948843536   27.391923627
    8.052560809   27.045802038
    8.156278082   26.458657395
    8.259995355   26.486106415
    9.146156123   28.163675700
    9.249873396   26.838359184
    9.353590669   27.045800317
    9.457307942   28.089005524
    9.561025215   28.741985160
    9.664742488   28.741985160
    9.768459761   28.089005914
    9.872177034   27.045802109
    9.975894307   26.838363610
   10.079611580   28.163712020
   11.069011305   27.519223645
   11.172728578   27.496180220
   11.276445851   26.424287029
   11.380163124   27.391923446
   11.483880397   28.741985160
   11.587597670   29.298336432
   11.691314943   28.741985786
   11.795032216   27.391927542
   11.898749489   26.424294706
   12.002466762   27.496198609
   12.106184035   27.519194416
   13.198913311   24.762821183
   13.302630584   25.529665771
   13.406347857   25.447337109
   13.510065130   25.812298110
   13.613782403   27.497897831
   13.717499675   28.741985160
   13.821216948   28.741985786
   13.924934221   27.497904628
   14.028651494   25.812316980
   14.132368767   25.447359057
   14.236086040   25.529659062
   14.339803313   24.762785873
   15.361299986   22.236522587
   15.465017259   22.900610237
   16.586891096   23.347329146
   16.690608369   23.784379688
   16.794325642   25.812296236
   16.898042915   27.391923627
   17.001760188   28.089005914
   17.105477461   27.391927542
   17.209194734   25.812316980
   17.312912007   23.784622157
   17.416629280   23.347397471
   17.520346553   22.900606067
   17.624063826   22.236483456
   18.779010498   20.100387045
   18.882727771   20.622506952
   18.986445044   21.350712793
   19.090162317   23.347305557
   19.193879590   25.447323818
   19.297596863   26.424285530
   20.094264353   27.045802038
   20.197981626   27.045802109
   20.301698899   26.424294706
   20.405416172   25.447359057
   20.509133445   23.347397471
   20.612850718   21.350913008
   20.716567991   20.622512475
   20.820285264   20.100348991
   22.119858969   18.559018229
   22.223576242   19.192670142
   22.327293515   20.622475327
   22.431010788   22.900573352
   22.534728061   25.529629206
   22.638445334   27.496163318
   22.742162606   26.838363059
   22.845879879   26.458657395
   22.949597152   26.838363610
   23.053314425   27.496198609
   23.157031698   25.529659062
   23.530989644   22.900606067
   23.634706917   20.622512475
   23.738424190   19.192674063
   23.842141463   18.558987601
   23.945858736   17.712425972
   25.348919998   19.400423899
   25.528563584   21.762987828
   25.632280857   20.470564272
   25.839715403   18.613669840
   26.213673349   24.151128324
   26.317390622   22.409802355
   26.524825168   19.186433900
   26.628542441   19.186420432
   27.030237712   25.880637042
   27.133954985   24.841070174
   27.341389531   20.957441733
   27.445106804   19.632772111
   27.548824076   20.957417269
   28.000917188   26.718834289
   28.104634461   26.641500052
   28.312069007   23.502611209
   28.415786280   21.446984153
   28.519503553   21.446967197
   28.623220826   23.502587249
   29.141807190   27.885304722
   29.245524463   26.787979171
   29.452959009   26.357586614
   29.556676282   24.110551835
   29.660393555   22.124286690
   29.764110828   24.110537332
   29.867828101   26.357565672
   30.463638473   28.522877864
   30.567355746   27.219823324
   30.774790292   28.148761700
   30.878507565   26.526458539
   30.982224838   24.266531982
   31.085942111   24.266524041
   31.189659384   26.526449474
   31.293376657   28.148811636
   31.924264198   27.219823324
   32.131698744   26.366235581
   32.235416017   26.581260516
   32.339133290   25.865507085
   32.442850563   25.319206672
   32.546567836   25.865501562
   32.650285109   26.581263329
   32.754002382   26.366249869
   33.480023293   26.787979171
   33.687457838   26.366235581
   33.791175111   26.240609806
   33.894892384   26.702515974
   33.998609657   26.885109186
   34.102326930   26.885108598
   34.206044203   26.702516573
   34.309761476   26.240614685
   34.413478749   26.366239994
   35.236709082   26.641500052
   35.444143628   28.148761700
   35.547860901   26.581260516
   35.651578174   26.702515974
   35.755295447   27.500651146
   35.859012719   27.789794465
   35.962729992   27.500651237
   36.066447265   26.702517732
   36.170164538   26.581270673
   36.273881811   28.153639510
   37.195741098   24.841070174
   37.403175644   26.357586614
   37.506892917   26.526458539
   37.610610189   25.865507085
   37.714327462   26.885109186
   37.818044735   27.789794465
   37.921762008   27.789794719
   38.025479281   26.885113753
   38.129196554   25.865524558
   38.232913827   26.526501490
   38.336631100   26.357609843
   39.146688898   22.409802355
   40.315523203   23.502611209
   40.419240476   24.110551835
   40.522957749   24.266531982
   40.626675022   25.319206672
   40.730392295   26.885108598
   40.834109568   27.500651237
   40.937826841   26.885113753
   41.041544114   25.319243423
   41.145261387   24.266637479
   41.248978660   24.110589395
   41.352695933   23.502622941
   42.303280441   20.470564272
   42.510714987   20.957441733
   42.614432260   21.446984153
   42.718149533   22.124286690
   42.821866806   24.266524041
   43.618534296   25.865501562
   43.722251569   26.702516573
   43.825968842   26.702517732
   43.929686115   25.865524558
   44.033403388   24.266637479
   44.137120661   22.125043576
   44.240837934   21.447041386
   44.344555207   20.957449222
   45.447084941   19.400423899
   45.654519487   19.186433900
   45.758236760   19.632772111
   45.861954033   21.446967197
   45.965671306   24.110537332
   46.069388579   26.526449474
   46.173105852   26.581263329
   46.276823125   26.240614685
   46.380540398   26.581270673
   46.484257671   26.526501490
   46.858215617   24.110589395
   46.961932889   21.447041386
   47.065650162   19.632827702
   47.169367435   19.186429226
   47.273084708   18.613660633
   48.478170521   21.384746990
   48.657814107   24.150887255
   48.761531380   22.409751247
   49.035941491   27.064899958
   49.139658764   24.980331020
   49.243376037   23.114677633
   49.554527856   18.819844680
   50.132001192   29.300790972
   50.235718465   26.811199631
   50.339435738   24.817956821
   50.650587557   19.665555156
   50.754304830   19.665542766
   51.350115202   30.863430482
   51.453832475   28.467424040
   51.557549748   26.415844179
   51.868701566   22.077364140
   51.972418839   20.417863772
   52.076136112   22.077354717
   52.707023654   31.658182795
   52.810740927   29.725337323
   52.914458200   27.751455045
   53.225610019   25.054435529
   53.329327292   22.838752388
   53.433044565   22.838749483
   53.536761838   25.054426387
   54.132572210   29.725337323
   54.236289483   28.421712596
   54.547441301   27.370185671
   54.651158574   25.573549362
   54.754875847   23.375438370
   54.858593120   25.573539430
   54.962310393   27.370201029
   55.626424977   28.467424040
   55.730142250   27.751455045
   56.041294069   26.164582413
   56.145011342   26.222152768
   56.248728615   25.278292566
   56.352445888   25.278279877
   56.456163161   26.222150476
   56.559880434   26.164605262
   57.300569916   26.811199631
   57.404287188   26.415844179
   57.715439007   26.164582413
   57.819156280   25.885933344
   57.922873553   26.206762679
   58.026590826   26.275841093
   58.130308099   26.206761623
   58.234025372   25.885935769
   58.337742645   26.164589931
   59.160972978   24.980331020
   59.264690251   24.817956821
   59.575842070   27.370185671
   59.679559342   26.222152768
   59.783276615   26.206762679
   59.886993888   26.695209799
   59.990711161   26.695209754
   60.094428434   26.206765348
   60.198145707   26.222184517
   60.301862980   27.373702469
   60.965977564   24.150887255
   61.069694837   23.114677633
   62.091191510   25.054435529
   62.194908783   25.573549362
   62.298626056   25.278292566
   62.402343329   26.275841093
   62.506060602   26.695209754
   62.609777875   26.275846944
   62.713495148   25.278354099
   62.817212421   25.573625203
   62.920929694   25.054485634
   63.690117577   22.409751247
   64.001269395   22.077364140
   64.104986668   22.838752388
   64.901654158   23.375438370
   65.005371431   25.278279877
   65.109088704   26.206761623
   65.212805977   26.206765348
   65.316523250   25.278354099
   65.420240523   23.381046527
   65.523957796   22.838874831
   65.627675069   22.077412354
   66.549534356   21.384746990
   66.860686174   19.665555156
   66.964403447   20.417863772
   67.068120720   22.838749483
   67.171837993   25.573539430
   67.275555266   26.222150476
   67.379272539   25.885935769
   67.482989812   26.222184517
   67.856947758   25.573625203
   67.960665031   22.838874831
   68.064382304   20.418059716
   68.168099577   19.665570106
   68.271816850   18.819839824
   69.293313523   23.744604887
   69.472957109   25.880125776
   69.576674382   24.840981932
   69.851084493   29.300806735
   69.954801766   26.811199239
   70.058519039   24.817933476
   70.432476984   34.106778559
   70.536194257   31.590471916
   70.639911530   28.794385216
   70.743628803   26.199343703
   71.158497895   19.298470698
   71.941546134   35.661886471
   72.045263407   33.172571812
   72.148980680   30.556241474
   72.252697953   28.063828968
   72.667567045   20.904516086
   72.771284318   20.904516256
   73.467040936   33.172571812
   73.570758209   31.406008597
   73.674475482   29.402786485
   74.089344573   23.935754151
   74.193061846   22.196256161
   74.296779119   23.935756069
   75.022800030   31.590471916
   75.126517303   30.556241474
   75.230234576   29.402786485
   75.645103668   27.094874307
   75.748820941   24.874601952
   75.852538214   24.874598359
   75.956255487   27.094938306
   76.725443369   29.300806735
   76.829160642   28.794385216
   76.932877915   28.063828968
   77.347747007   26.031053575
   77.451464280   25.965551715
   77.555181553   24.790914696
   77.658898826   25.965541513
   77.762616099   26.031113585
   78.503305580   26.811199239
   78.607022853   26.199343703
   79.021891945   26.031053575
   79.125609218   25.421248698
   79.229326491   25.608834496
   79.333043764   25.608832039
   79.436761037   25.421246626
   79.540478310   26.031141147
   80.099012918   25.880125776
   81.220886755   24.817933476
   81.635755847   27.094874307
   81.739473120   25.965551715
   81.843190393   25.608834496
   81.946907666   25.810837562
   82.050624939   25.608842816
   82.154342212   25.965664901
   82.258059485   27.096386183
   82.880363123   24.840981932
   83.858829919   23.935754151
   83.962547192   24.874601952
   84.066264465   24.790914696
   84.169981738   25.608832039
   84.273699010   25.608842816
   84.377416283   24.793068345
   84.481133556   24.874768538
   84.584850829   23.935849170
   85.354038712   23.744604887
   85.768907804   20.904516086
   85.872625077   22.196256161
   85.976342350   24.874598359
   86.080059623   25.965541513
   86.183776896   25.421246626
   86.557734841   25.965664901
   86.661452114   24.874768538
   86.765169387   22.196683922
   86.868886660   20.904602344
   86.972603933   19.298410522
   87.331891106   20.470622201
   88.218051875   26.390416733
   88.397695461   26.718835989
   88.501412734   26.641422609
   88.775822845   30.863433426
   88.879540118   28.467427075
   88.983257391   26.415842996
   89.357215336   35.661884399
   89.460932609   33.172571576
   89.564649882   30.556242261
   89.668367155   28.063829703
   89.942777266   34.525341403
   90.046494539   32.205918359
   90.150211812   29.791210074
   90.668798177   20.625301430
   91.451846416   33.172571576
   91.555563689   32.205918359
   91.659280962   30.597672196
   92.177867326   23.137452303
   92.281584599   23.137492136
   93.078252089   30.863433426
   93.181969362   30.556242261
   93.285686635   29.791210074
   93.804273000   26.369921461
   93.907990273   24.902494099
   94.011707546   26.369931144
   94.737728457   28.467427075
   94.841445729   28.063829703
   95.360032094   26.814331765
   95.463749367   26.658655988
   95.567466640   26.658767819
   95.671183913   26.814916089
   96.440371796   26.718835989
   96.544089069   26.415842996
   97.062675434   26.814331765
   97.166392706   26.039523750
   97.270109979   25.542509546
   97.373827252   26.039742304
   97.477544525   26.815850906
   98.016475284   26.641422609
   98.878015659   26.369921461
   98.981732932   26.658655988
   99.085450205   25.542509546
   99.189167478   25.542585771
   99.292884751   26.658801192
   99.396602024   26.370167365
  100.060716608   26.390416733
  100.579302973   23.137452303
  100.683020246   24.902494099
  100.786737519   26.658767819
  101.160695464   26.039742304
  101.264412737   26.658801192
  101.368130010   24.902622201
  101.471847283   23.137639505
  101.575564556   20.624675979
  102.027657668   22.409795581
  102.131374941   22.409795581
  102.811494582   28.003254130
  102.991138168   27.885306990
  103.094855441   26.787979741
  103.369265552   31.658182407
  103.472982825   29.725337983
  103.576700098   27.751456282
  103.851110209   33.172572342
  103.954827482   31.406008309
  104.058544755   29.402786745
  104.332954866   33.172572342
  104.436672139   32.205918714
  104.540389412   30.597672073
  104.720032998   31.406008309
  104.823750271   30.597672073
  105.446053909   23.013609038
  106.229102147   29.725337983
  106.332819420   29.402786745
  106.955123058   25.794049307
  107.058840331   25.794055992
  107.855507821   27.885306990
  107.959225094   27.751456282
  108.581528732   27.810027048
  108.685246005   27.662402202
  108.788963278   27.857277551
  109.337783499   26.787979741
  110.106971382   27.810027048
  110.210688655   28.300331115
  110.314405928   28.299603161
  110.418123201   27.810822433
  111.049010743   28.003254130
  111.671314380   25.794049307
  112.045272326   27.662402202
  112.148989599   28.299603161
  112.252706872   27.641045077
  112.356424145   25.793928539
  112.460141418   23.011673881
  113.008961640   24.841008834
  113.112678913   23.115233267
  113.216396186   24.841008834
  113.691688440   26.927632234
  113.871332026   28.522878551
  113.975049299   27.219825384
  114.154692885   29.725338325
  114.258410158   28.421713251
  114.532820269   31.590483219
  114.636537542   30.556245128
  114.740254815   29.402787503
  114.919898402   30.556245128
  115.023615675   29.791212119
  115.203259261   29.725338325
  115.306976534   29.402787503
  115.410693807   28.421713251
  116.136714717   26.360955042
  116.784428879   27.219825384
  117.495478679   28.685046008
  117.599195952   28.684725790
  118.279315593   26.927632234
  119.089373391   28.685046008
  119.193090663   29.898555752
  119.296807936   28.682536570
  119.400525209   26.360462272
  120.048239371   26.641437908
  120.151956644   24.817991056
  120.255673917   24.817991056
  120.359391190   24.980376595
  120.539034777   26.641437908
  120.813444887   26.531763041
  120.917162160   27.219825318
  121.096805747   28.467430751
  121.200523020   27.751458371
  121.380166606   28.794398491
  121.483883879   28.063836977
  121.663527465   28.467430751
  121.767244738   28.063836977
  121.870962011   27.751458371
  121.974679284   27.219825318
  122.757727523   30.331544742
  122.861444796   30.329606539
  123.609360688   26.787982243
  123.713077961   26.415854081
  123.816795234   26.199363735
  123.920512506   26.811215084
  124.100156093   26.415854081
  124.203873366   26.811215084
  124.383516952   26.787982243
    0.000000000   21.011653754
    0.103717273   20.547199664
    0.283360859   22.467728069
    0.387078132   21.682648335
    0.490795405   21.682654813
    0.722714278   24.760162261
    0.826431551   23.784327026
    0.930148824   23.477298848
    1.033866097   23.784344594
    1.345017916   27.307473239
    1.448735189   26.495240472
    1.552452462   25.941440687
    1.656169735   25.941446106
    1.759887007   26.495258019
    2.161582278   28.316197623
    2.265299551   29.275071047
    2.369016824   28.495345234
    2.472734097   28.179374184
    2.576451370   28.495343774
    2.680168643   29.275052663
    3.177579210   28.652995151
    3.281296483   29.684118597
    3.385013756   29.080733884
    3.488731029   28.617935433
    3.592448302   28.617933086
    3.696165575   29.080720244
    3.799882848   29.683916727
    4.395693220   29.945252388
    4.499410493   29.149408760
    4.603127766   28.665061758
    4.706845039   28.280304374
    4.810562312   28.151466654
    4.914279585   28.280306894
    5.017996858   28.665079810
    5.121714131   29.149453029
    5.817470749   29.316717867
    5.921188022   28.718559956
    6.024905295   29.703900295
    6.128622568   30.082096945
    6.232339841   29.480136785
    6.336057114   29.480139591
    6.439774387   30.082107199
    6.543491659   29.703898387
    6.647208932   28.718549095
    7.430257171   28.718559956
    7.533974444   29.191056875
    7.637691717   30.945586718
    7.741408990   31.988998703
    7.845126263   31.628241230
    7.948843536   31.989010545
    8.052560809   30.945578248
    8.156278082   29.191045424
    8.259995355   28.718550225
    9.146156123   29.149408760
    9.249873396   29.703900295
    9.353590669   30.945586718
    9.457307942   32.725934857
    9.561025215   34.184937314
    9.664742488   34.184959016
    9.768459761   32.725906973
    9.872177034   30.945554570
    9.975894307   29.703882656
   10.079611580   29.149419393
   11.069011305   29.684118597
   11.172728578   28.665061758
   11.276445851   30.082096945
   11.380163124   31.988998703
   11.483880397   34.184937314
   11.587597670   35.600729644
   11.691314943   34.184802209
   11.795032216   31.988953067
   11.898749489   30.082086196
   12.002466762   28.665065182
   12.106184035   29.683945772
   13.198913311   29.275071047
   13.302630584   29.080733884
   13.406347857   28.280304374
   13.510065130   29.480136785
   13.613782403   31.628241230
   13.717499675   34.184959016
   13.821216948   34.184802209
   13.924934221   31.628228092
   14.028651494   29.480131566
   14.132368767   28.280308296
   14.236086040   29.080733869
   14.339803313   29.275075180
   15.361299986   26.495240472
   15.465017259   28.495345234
   16.586891096   28.617935433
   16.690608369   28.151466654
   16.794325642   29.480139591
   16.898042915   31.989010545
   17.001760188   32.725906973
   17.105477461   31.988953067
   17.209194734   29.480131566
   17.312912007   28.151467955
   17.416629280   28.617943826
   17.520346553   28.495368349
   17.624063826   26.495272659
   18.779010498   23.784327026
   18.882727771   25.941440687
   18.986445044   28.179374184
   19.090162317   28.617933086
   19.193879590   28.280306894
   19.297596863   30.082107199
   20.094264353   30.945578248
   20.197981626   30.945554570
   20.301698899   30.082086196
   20.405416172   28.280308296
   20.509133445   28.617943826
   20.612850718   28.179398826
   20.716567991   25.941468772
   20.820285264   23.784358445
   22.119858969   21.682648335
   22.223576242   23.477298848
   22.327293515   25.941446106
   22.431010788   28.495343774
   22.534728061   29.080720244
   22.638445334   28.665079810
   22.742162606   29.703898387
   22.845879879   29.191045424
   22.949597152   29.703882656
   23.053314425   28.665065182
   23.157031698   29.080733869
   23.530989644   28.495368349
   23.634706917   25.941468772
   23.738424190   23.477321064
   23.842141463   21.682664868
   23.945858736   20.547202911
   25.348919998   22.467746284
   25.528563584   25.018947437
   25.632280857   24.117096010
   25.839715403   23.269839676
   26.213673349   25.222651555
   26.317390622   26.132494362
   26.524825168   25.672150097
   26.628542441   25.672151380
   27.030237712   26.204935784
   27.133954985   27.045105722
   27.341389531   28.476891437
   27.445106804   28.348232923
   27.548824076   28.476889878
   28.000917188   29.105724672
   28.104634461   27.586741815
   28.312069007   31.155748043
   28.415786280   30.825809975
   28.519503553   30.825789623
   28.623220826   31.155567290
   29.141807190   31.963749301
   29.245524463   30.246212857
   29.452959009   29.765860802
   29.556676282   29.913827162
   29.660393555   29.786197007
   29.764110828   29.913811215
   29.867828101   29.765815071
   30.463638473   32.917975114
   30.567355746   31.121810829
   30.774790292   28.186834056
   30.878507565   28.614079580
   30.982224838   28.585858809
   31.085942111   28.585857350
   31.189659384   28.614075547
   31.293376657   28.186812983
   31.924264198   31.121810829
   32.131698744   28.416661789
   32.235416017   29.322148106
   32.339133290   29.687271947
   32.442850563   29.384201533
   32.546567836   29.687276058
   32.650285109   29.322155531
   32.754002382   28.416653157
   33.480023293   30.246212857
   33.687457838   28.416661789
   33.791175111   28.945408198
   33.894892384   30.893422286
   33.998609657   31.665582457
   34.102326930   31.665588628
   34.206044203   30.893428953
   34.309761476   28.945403131
   34.413478749   28.416655252
   35.236709082   27.586741815
   35.444143628   28.186834056
   35.547860901   29.322148106
   35.651578174   30.893422286
   35.755295447   33.003174391
   35.859012719   34.164526851
   35.962729992   33.003119282
   36.066447265   30.893379084
   36.170164538   29.322123348
   36.273881811   28.181960779
   37.195741098   27.045105722
   37.403175644   29.765860802
   37.506892917   28.614079580
   37.610610189   29.687271947
   37.714327462   31.665582457
   37.818044735   34.164526851
   37.921762008   34.164268219
   38.025479281   31.665532403
   38.129196554   29.687260931
   38.232913827   28.614064044
   38.336631100   29.765803279
   39.146688898   26.132494362
   40.315523203   31.155748043
   40.419240476   29.913827162
   40.522957749   28.585858809
   40.626675022   29.384201533
   40.730392295   31.665588628
   40.834109568   33.003119282
   40.937826841   31.665532403
   41.041544114   29.384196923
   41.145261387   28.585856408
   41.248978660   29.913812601
   41.352695933   31.155694233
   42.303280441   24.117096010
   42.510714987   28.476891437
   42.614432260   30.825809975
   42.718149533   29.786197007
   42.821866806   28.585857350
   43.618534296   29.687276058
   43.722251569   30.893428953
   43.825968842   30.893379084
   43.929686115   29.687260931
   44.033403388   28.585856408
   44.137120661   29.786195773
   44.240837934   30.825840214
   44.344555207   28.476918773
   45.447084941   22.467746284
   45.654519487   25.672150097
   45.758236760   28.348232923
   45.861954033   30.825789623
   45.965671306   29.913811215
   46.069388579   28.614075547
   46.173105852   29.322155531
   46.276823125   28.945403131
   46.380540398   29.322123348
   46.484257671   28.614064044
   46.858215617   29.913812601
   46.961932889   30.825840214
   47.065650162   28.348261551
   47.169367435   25.672176261
   47.273084708   23.269861202
   48.478170521   24.760194697
   48.657814107   25.222834852
   48.761531380   26.132510593
   49.035941491   27.633674897
   49.139658764   25.704192972
   49.243376037   26.674387484
   49.554527856   28.276639519
   50.132001192   29.962722571
   50.235718465   28.169277580
   50.339435738   27.160647925
   50.650587557   31.190918233
   50.754304830   31.190911393
   51.350115202   32.958803930
   51.453832475   31.024187273
   51.557549748   29.271763877
   51.868701566   32.626865277
   51.972418839   32.705260657
   52.076136112   32.626420659
   52.707023654   35.083969953
   52.810740927   33.701423318
   52.914458200   31.995243765
   53.225610019   29.886991403
   53.329327292   30.237973818
   53.433044565   30.237965982
   53.536761838   29.886967413
   54.132572210   33.701423318
   54.236289483   32.766018459
   54.547441301   27.944410509
   54.651158574   28.446459066
   54.754875847   28.480532661
   54.858593120   28.446451031
   54.962310393   27.944365579
   55.626424977   31.024187273
   55.730142250   31.995243765
   56.041294069   28.046417254
   56.145011342   29.040650017
   56.248728615   28.993946969
   56.352445888   28.993948008
   56.456163161   29.040697297
   56.559880434   28.046421700
   57.300569916   28.169277580
   57.404287188   29.271763877
   57.715439007   28.046417254
   57.819156280   28.821358017
   57.922873553   31.057569668
   58.026590826   30.999664972
   58.130308099   31.057828362
   58.234025372   28.821370270
   58.337742645   28.046410785
   59.160972978   25.704192972
   59.264690251   27.160647925
   59.575842070   27.944410509
   59.679559342   29.040650017
   59.783276615   31.057569668
   59.886993888   33.007170798
   59.990711161   33.007001304
   60.094428434   31.057446903
   60.198145707   29.040637502
   60.301862980   27.941716324
   60.965977564   25.222834852
   61.069694837   26.674387484
   62.091191510   29.886991403
   62.194908783   28.446459066
   62.298626056   28.993946969
   62.402343329   30.999664972
   62.506060602   33.007001304
   62.609777875   30.999642638
   62.713495148   28.993958130
   62.817212421   28.446440733
   62.920929694   29.886906773
   63.690117577   26.132510593
   64.001269395   32.626865277
   64.104986668   30.237973818
   64.901654158   28.480532661
   65.005371431   28.993948008
   65.109088704   31.057828362
   65.212805977   31.057446903
   65.316523250   28.993958130
   65.420240523   28.480529850
   65.523957796   30.237935403
   65.627675069   32.626374682
   66.549534356   24.760194697
   66.860686174   31.190918233
   66.964403447   32.705260657
   67.068120720   30.237965982
   67.171837993   28.446451031
   67.275555266   29.040697297
   67.379272539   28.821370270
   67.482989812   29.040637502
   67.856947758   28.446440733
   67.960665031   30.237935403
   68.064382304   32.705289313
   68.168099577   31.190963637
   68.271816850   28.276668640
   69.293313523   27.307502147
   69.472957109   26.205491511
   69.576674382   27.045144809
   69.851084493   29.962717601
   69.954801766   28.169286884
   70.058519039   27.160659915
   70.432476984   34.591919532
   70.536194257   32.298643970
   70.639911530   30.512099383
   70.743628803   28.889009386
   71.158497895   34.229197955
   71.941546134   37.178023855
   72.045263407   35.122061242
   72.148980680   33.207601362
   72.252697953   31.338610091
   72.667567045   32.604205903
   72.771284318   32.604130661
   73.467040936   35.122061242
   73.570758209   35.176116257
   73.674475482   33.896838502
   74.089344573   29.984483335
   74.193061846   30.212611880
   74.296779119   29.984448882
   75.022800030   32.298643970
   75.126517303   33.207601362
   75.230234576   33.896838502
   75.645103668   27.496574983
   75.748820941   28.173316085
   75.852538214   28.173304435
   75.956255487   27.496407163
   76.725443369   29.962717601
   76.829160642   30.512099383
   76.932877915   31.338610091
   77.347747007   27.815691125
   77.451464280   28.519868812
   77.555181553   28.166786415
   77.658898826   28.519960287
   77.762616099   27.815757872
   78.503305580   28.169286884
   78.607022853   28.889009386
   79.021891945   27.815691125
   79.125609218   28.971327922
   79.229326491   30.195751140
   79.333043764   30.195806631
   79.436761037   28.971471159
   79.540478310   27.815637549
   80.099012918   26.205491511
   81.220886755   27.160659915
   81.635755847   27.496574983
   81.739473120   28.519868812
   81.843190393   30.195751140
   81.946907666   32.017820761
   82.050624939   30.195858839
   82.154342212   28.520033165
   82.258059485   27.495057039
   82.880363123   27.045144809
   83.858829919   29.984483335
   83.962547192   28.173316085
   84.066264465   28.166786415
   84.169981738   30.195806631
   84.273699010   30.195858839
   84.377416283   28.166858082
   84.481133556   28.173266519
   84.584850829   29.984086981
   85.354038712   27.307502147
   85.768907804   32.604205903
   85.872625077   30.212611880
   85.976342350   28.173304435
   86.080059623   28.519960287
   86.183776896   28.971471159
   86.557734841   28.520033165
   86.661452114   28.173266519
   86.765169387   30.212410678
   86.868886660   32.602012302
   86.972603933   34.230167223
   87.331891106   24.117116071
   88.218051875   28.316231054
   88.397695461   29.105737608
   88.501412734   27.586822883
   88.775822845   32.958806468
   88.879540118   31.024193431
   88.983257391   29.271772722
   89.357215336   37.178017170
   89.460932609   35.122060865
   89.564649882   33.207603854
   89.668367155   31.338613989
   89.942777266   36.922795494
   90.046494539   35.492349358
   90.150211812   33.739355225
   90.668798177   31.646692744
   91.451846416   35.122060865
   91.555563689   35.492349358
   91.659280962   35.404929176
   92.177867326   29.859933325
   92.281584599   29.859809310
   93.078252089   32.958806468
   93.181969362   33.207603854
   93.285686635   33.739355225
   93.804273000   27.843995015
   93.907990273   28.057232559
   94.011707546   27.843696210
   94.737728457   31.024193431
   94.841445729   31.338613989
   95.360032094   27.885839570
   95.463749367   27.565061485
   95.567466640   27.564937229
   95.671183913   27.886624856
   96.440371796   29.105737608
   96.544089069   29.271772722
   97.062675434   27.885839570
   97.166392706   29.111581314
   97.270109979   29.483703340
   97.373827252   29.113133337
   97.477544525   27.885283363
   98.016475284   27.586822883
   98.878015659   27.843995015
   98.981732932   27.565061485
   99.085450205   29.483703340
   99.189167478   29.483880498
   99.292884751   27.565592216
   99.396602024   27.843079094
  100.060716608   28.316231054
  100.579302973   29.859933325
  100.683020246   28.057232559
  100.786737519   27.564937229
  101.160695464   29.113133337
  101.264412737   27.565592216
  101.368130010   28.056868895
  101.471847283   29.854738388
  101.575564556   31.605352356
  102.027657668   26.132527622
  102.131374941   26.132527622
  102.811494582   28.653088627
  102.991138168   31.963745235
  103.094855441   30.246227891
  103.369265552   35.083947804
  103.472982825   33.701407814
  103.576700098   31.995251223
  103.851110209   35.122062194
  103.954827482   35.176095667
  104.058544755   33.896838653
  104.332954866   35.122062194
  104.436672139   35.492351859
  104.540389412   35.404915981
  104.720032998   35.176095667
  104.823750271   35.404915981
  105.446053909   29.346382549
  106.229102147   33.701407814
  106.332819420   33.896838653
  106.955123058   28.534120835
  107.058840331   28.533278997
  107.855507821   31.963745235
  107.959225094   31.995251223
  108.581528732   28.377610909
  108.685246005   27.759339573
  108.788963278   28.333406361
  109.337783499   30.246227891
  110.106971382   28.377610909
  110.210688655   28.941032265
  110.314405928   28.943216971
  110.418123201   28.359404802
  111.049010743   28.653088627
  111.671314380   28.534120835
  112.045272326   27.759339573
  112.148989599   28.943216971
  112.252706872   27.777787016
  112.356424145   28.517279278
  112.460141418   29.289080751
  113.008961640   27.045158417
  113.112678913   26.674413809
  113.216396186   27.045158417
  113.691688440   29.945244216
  113.871332026   32.917858055
  113.975049299   31.121788401
  114.154692885   33.701394513
  114.258410158   32.765967776
  114.532820269   32.298638474
  114.636537542   33.207600985
  114.740254815   33.896788923
  114.919898402   33.207600985
  115.023615675   33.739345608
  115.203259261   33.701394513
  115.306976534   33.896788923
  115.410693807   32.765967776
  116.136714717   29.438370855
  116.784428879   31.121788401
  117.495478679   29.854548258
  117.599195952   29.854279893
  118.279315593   29.945244216
  119.089373391   29.854548258
  119.193090663   29.989273128
  119.296807936   29.827622423
  119.400525209   29.346163585
  120.048239371   27.586827637
  120.151956644   27.160667952
  120.255673917   27.160667952
  120.359391190   25.704270457
  120.539034777   27.586827637
  120.813444887   29.316704350
  120.917162160   31.121778311
  121.096805747   31.024189920
  121.200523020   31.995221249
  121.380166606   30.512093861
  121.483883879   31.338606329
  121.663527465   31.024189920
  121.767244738   31.338606329
  121.870962011   31.995221249
  121.974679284   31.121778311
  122.757727523   31.843756140
  122.861444796   31.733023074
  123.609360688   30.246218068
  123.713077961   29.271766466
  123.816795234   28.889004528
  123.920512506   28.169280560
  124.100156093   29.271766466
  124.203873366   28.169280560
  124.383516952   30.246218068
    0.000000000   22.096252325
    0.103717273   21.639835512
    0.283360859   23.526647249
    0.387078132   22.749068673
    0.490795405   22.749065088
    0.722714278   25.780496319
    0.826431551   24.812820196
    0.930148824   24.500463196
    1.033866097   24.812810326
    1.345017916   28.261436456
    1.448735189   27.485226289
    1.552452462   26.917150732
    1.656169735   26.917147908
    1.759887007   27.485217560
    2.161582278   29.151375159
    2.265299551   30.199982888
    2.369016824   29.397495726
    2.472734097   29.065182915
    2.576451370   29.397504186
    2.680168643   30.200039819
    3.177579210   29.221597464
    3.281296483   30.401833941
    3.385013756   29.864245292
    3.488731029   29.379924352
    3.592448302   29.379928511
    3.696165575   29.864270426
    3.799882848   30.404381013
    4.395693220   30.778308224
    4.499410493   29.905482572
    4.603127766   29.328735410
    4.706845039   28.987664998
    4.810562312   28.869221288
    4.914279585   28.987663499
    5.017996858   29.328722962
    5.121714131   29.905268933
    5.817470749   30.174909743
    5.921188022   29.575924688
    6.024905295   30.507627287
    6.128622568   30.707849896
    6.232339841   30.142380407
    6.336057114   30.142377416
    6.439774387   30.707838659
    6.543491659   30.507627450
    6.647208932   29.575932195
    7.430257171   29.575924688
    7.533974444   30.042158708
    7.637691717   31.758120399
    7.741408990   32.609760878
    7.845126263   32.262271594
    7.948843536   32.609745897
    8.052560809   31.758129436
    8.156278082   30.042169292
    8.259995355   29.575932215
    9.146156123   29.905482572
    9.249873396   30.507627287
    9.353590669   31.758120399
    9.457307942   33.524051776
    9.561025215   34.806735125
    9.664742488   34.806652323
    9.768459761   33.524103180
    9.872177034   31.758183660
    9.975894307   30.507660188
   10.079611580   29.905289220
   11.069011305   30.401833941
   11.172728578   29.328735410
   11.276445851   30.707849896
   11.380163124   32.609760878
   11.483880397   34.806735125
   11.587597670   35.601341524
   11.691314943   34.807639535
   11.795032216   32.609852273
   11.898749489   30.707864973
   12.002466762   29.328726978
   12.106184035   30.404054986
   13.198913311   30.199982888
   13.302630584   29.864245292
   13.406347857   28.987664998
   13.510065130   30.142380407
   13.613782403   32.262271594
   13.717499675   34.806652323
   13.821216948   34.807639535
   13.924934221   32.262287324
   14.028651494   30.142384039
   14.132368767   28.987661631
   14.236086040   29.864254620
   14.339803313   30.200010054
   15.361299986   27.485226289
   15.465017259   29.397495726
   16.586891096   29.379924352
   16.690608369   28.869221288
   16.794325642   30.142377416
   16.898042915   32.609745897
   17.001760188   33.524103180
   17.105477461   32.609852273
   17.209194734   30.142384039
   17.312912007   28.869219892
   17.416629280   29.379918158
   17.520346553   29.397478841
   17.624063826   27.485204216
   18.779010498   24.812820196
   18.882727771   26.917150732
   18.986445044   29.065182915
   19.090162317   29.379928511
   19.193879590   28.987663499
   19.297596863   30.707838659
   20.094264353   31.758129436
   20.197981626   31.758183660
   20.301698899   30.707864973
   20.405416172   28.987661631
   20.509133445   29.379918158
   20.612850718   29.065160049
   20.716567991   26.917127689
   20.820285264   24.812798351
   22.119858969   22.749068673
   22.223576242   24.500463196
   22.327293515   26.917147908
   22.431010788   29.397504186
   22.534728061   29.864270426
   22.638445334   29.328722962
   22.742162606   30.507627450
   22.845879879   30.042169292
   22.949597152   30.507660188
   23.053314425   29.328726978
   23.157031698   29.864254620
   23.530989644   29.397478841
   23.634706917   26.917127689
   23.738424190   24.500444892
   23.842141463   22.749056590
   23.945858736   21.639832780
   25.348919998   23.526636627
   25.528563584   25.985426789
   25.632280857   25.138646688
   25.839715403   24.290376534
   26.213673349   26.063954707
   26.317390622   27.070940795
   26.524825168   26.647411740
   26.628542441   26.647411107
   27.030237712   26.808927217
   27.133954985   27.854205241
   27.341389531   29.411483531
   27.445106804   29.280739400
   27.548824076   29.411487714
   28.000917188   29.668044902
   28.104634461   28.218031516
   28.312069007   32.007756710
   28.415786280   31.665306386
   28.519503553   31.665347549
   28.623220826   32.008807310
   29.141807190   32.519149300
   29.245524463   30.813529317
   29.452959009   30.563860194
   29.556676282   30.671909966
   29.660393555   30.534454442
   29.764110828   30.671931030
   29.867828101   30.563955507
   30.463638473   33.622625461
   30.567355746   31.944784378
   30.774790292   28.908293690
   30.878507565   29.345684378
   30.982224838   29.321485176
   31.085942111   29.321486771
   31.189659384   29.345689046
   31.293376657   28.908275731
   31.924264198   31.944784378
   32.131698744   29.260250466
   32.235416017   30.108102062
   32.339133290   30.360552922
   32.442850563   30.076076898
   32.546567836   30.360549001
   32.650285109   30.108087553
   32.754002382   29.260252155
   33.480023293   30.813529317
   33.687457838   29.260250466
   33.791175111   29.792528283
   33.894892384   31.720075031
   33.998609657   32.312886855
   34.102326930   32.312877649
   34.206044203   31.720047203
   34.309761476   29.792529681
   34.413478749   29.260253625
   35.236709082   28.218031516
   35.444143628   28.908293690
   35.547860901   30.108102062
   35.651578174   31.720075031
   35.755295447   33.843982294
   35.859012719   34.763830928
   35.962729992   33.844331969
   36.066447265   31.720190609
   36.170164538   30.108136711
   36.273881811   28.908399365
   37.195741098   27.854205241
   37.403175644   30.563860194
   37.506892917   29.345684378
   37.610610189   30.360552922
   37.714327462   32.312886855
   37.818044735   34.763830928
   37.921762008   34.769611589
   38.025479281   32.312990627
   38.129196554   30.360567248
   38.232913827   29.345694359
   38.336631100   30.564003987
   39.146688898   27.070940795
   40.315523203   32.007756710
   40.419240476   30.671909966
   40.522957749   29.321485176
   40.626675022   30.076076898
   40.730392295   32.312877649
   40.834109568   33.844331969
   40.937826841   32.312990627
   41.041544114   30.076081200
   41.145261387   29.321487860
   41.248978660   30.671930562
   41.352695933   32.008235810
   42.303280441   25.138646688
   42.510714987   29.411483531
   42.614432260   31.665306386
   42.718149533   30.534454442
   42.821866806   29.321486771
   43.618534296   30.360549001
   43.722251569   31.720047203
   43.825968842   31.720190609
   43.929686115   30.360567248
   44.033403388   29.321487860
   44.137120661   30.534455978
   44.240837934   31.665268482
   44.344555207   29.411458467
   45.447084941   23.526636627
   45.654519487   26.647411740
   45.758236760   29.280739400
   45.861954033   31.665347549
   45.965671306   30.671931030
   46.069388579   29.345689046
   46.173105852   30.108087553
   46.276823125   29.792529681
   46.380540398   30.108136711
   46.484257671   29.345694359
   46.858215617   30.671930562
   46.961932889   31.665268482
   47.065650162   29.280711389
   47.169367435   26.647388292
   47.273084708   24.290357645
   48.478170521   25.780477451
   48.657814107   26.063897293
   48.761531380   27.070932523
   49.035941491   27.650354668
   49.139658764   26.348958894
   49.243376037   27.459504033
   49.554527856   29.213012389
   50.132001192   30.509223215
   50.235718465   28.753040606
   50.339435738   27.837653621
   50.650587557   32.094024699
   50.754304830   32.094037340
   51.350115202   33.499584634
   51.453832475   31.579051651
   51.557549748   29.872866424
   51.868701566   33.265587333
   51.972418839   33.434591300
   52.076136112   33.270007186
   52.707023654   35.677340437
   52.810740927   34.274266138
   52.914458200   32.573193615
   53.225610019   30.649766121
   53.329327292   30.969217931
   53.433044565   30.969226954
   53.536761838   30.649794740
   54.132572210   34.274266138
   54.236289483   33.546189236
   54.547441301   28.151968239
   54.651158574   29.175863225
   54.754875847   29.204084002
   54.858593120   29.175874185
   54.962310393   28.151999697
   55.626424977   31.579051651
   55.730142250   32.573193615
   56.041294069   28.883582773
   56.145011342   29.808553266
   56.248728615   29.671867300
   56.352445888   29.671867403
   56.456163161   29.808392911
   56.559880434   28.883559216
   57.300569916   28.753040606
   57.404287188   29.872866424
   57.715439007   28.883582773
   57.819156280   29.679575386
   57.922873553   31.339119867
   58.026590826   31.647585116
   58.130308099   31.338586038
   58.234025372   29.679541369
   58.337742645   28.883572568
   59.160972978   26.348958894
   59.264690251   27.837653621
   59.575842070   28.151968239
   59.679559342   29.808553266
   59.783276615   31.339119867
   59.886993888   33.411233442
   59.990711161   33.411939319
   60.094428434   31.339386858
   60.198145707   29.808450025
   60.301862980   28.153487729
   60.965977564   26.063897293
   61.069694837   27.459504033
   62.091191510   30.649766121
   62.194908783   29.175863225
   62.298626056   29.671867300
   62.402343329   31.647585116
   62.506060602   33.411939319
   62.609777875   31.647640118
   62.713495148   29.671852335
   62.817212421   29.175882827
   62.920929694   30.649975420
   63.690117577   27.070932523
   64.001269395   33.265587333
   64.104986668   30.969217931
   64.901654158   29.204084002
   65.005371431   29.671867403
   65.109088704   31.338586038
   65.212805977   31.339386858
   65.316523250   29.671852335
   65.420240523   29.204089846
   65.523957796   30.969278599
   65.627675069   33.271959960
   66.549534356   25.780477451
   66.860686174   32.094024699
   66.964403447   33.434591300
   67.068120720   30.969226954
   67.171837993   29.175874185
   67.275555266   29.808392911
   67.379272539   29.679541369
   67.482989812   29.808450025
   67.856947758   29.175882827
   67.960665031   30.969278599
   68.064382304   33.434501303
   68.168099577   32.093970905
   68.271816850   29.212983730
   69.293313523   28.261423078
   69.472957109   26.808800980
   69.576674382   27.854189697
   69.851084493   30.509221039
   69.954801766   28.753032734
   70.058519039   27.837646306
   70.432476984   34.598480431
   70.536194257   32.829243071
   70.639911530   31.078613211
   70.743628803   29.516359385
   71.158497895   35.055943246
   71.941546134   37.461055867
   72.045263407   35.665915580
   72.148980680   33.765707397
   72.252697953   31.933214719
   72.667567045   32.973033470
   72.771284318   32.973143414
   73.467040936   35.665915580
   73.570758209   35.784805884
   73.674475482   34.499536842
   74.089344573   30.700354159
   74.193061846   30.907898898
   74.296779119   30.700465194
   75.022800030   32.829243071
   75.126517303   33.765707397
   75.230234576   34.499536842
   75.645103668   28.245323811
   75.748820941   28.878160585
   75.852538214   28.878179377
   75.956255487   28.245444101
   76.725443369   30.509221039
   76.829160642   31.078613211
   76.932877915   31.933214719
   77.347747007   28.659501970
   77.451464280   29.177497810
   77.555181553   28.818931055
   77.658898826   29.177113531
   77.762616099   28.659309630
   78.503305580   28.753032734
   78.607022853   29.516359385
   79.021891945   28.659501970
   79.125609218   29.857041670
   79.229326491   30.823837830
   79.333043764   30.823660673
   79.436761037   29.855960578
   79.540478310   28.659392242
   80.099012918   26.808800980
   81.220886755   27.837646306
   81.635755847   28.245323811
   81.739473120   29.177497810
   81.843190393   30.823837830
   81.946907666   32.083012655
   82.050624939   30.823557554
   82.154342212   29.176557203
   82.258059485   28.245703529
   82.880363123   27.854189697
   83.858829919   30.700354159
   83.962547192   28.878160585
   84.066264465   28.818931055
   84.169981738   30.823660673
   84.273699010   30.823557554
   84.377416283   28.818844876
   84.481133556   28.878255600
   84.584850829   30.703105375
   85.354038712   28.261423078
   85.768907804   32.973033470
   85.872625077   30.907898898
   85.976342350   28.878179377
   86.080059623   29.177113531
   86.183776896   29.855960578
   86.557734841   29.176557203
   86.661452114   28.878255600
   86.765169387   30.908383219
   86.868886660   32.980681529
   86.972603933   35.016794215
   87.331891106   25.138632698
   88.218051875   29.151375062
   88.397695461   29.668031689
   88.501412734   28.217994271
   88.775822845   33.499581737
   88.879540118   31.579044909
   88.983257391   29.872857373
   89.357215336   37.461056347
   89.460932609   35.665917403
   89.564649882   33.765705047
   89.668367155   31.933210597
   89.942777266   36.928134596
   90.046494539   36.062576196
   90.150211812   34.326779469
   90.668798177   31.646731409
   91.451846416   35.665917403
   91.555563689   36.062576196
   91.659280962   36.050597677
   92.177867326   30.130971938
   92.281584599   30.131220395
   93.078252089   33.499581737
   93.181969362   33.765705047
   93.285686635   34.326779469
   93.804273000   28.612401192
   93.907990273   28.790982658
   94.011707546   28.613801766
   94.737728457   31.579044909
   94.841445729   31.933210597
   95.360032094   28.642769281
   95.463749367   28.187609428
   95.567466640   28.187639616
   95.671183913   28.626730293
   96.440371796   29.668031689
   96.544089069   29.872857373
   97.062675434   28.642769281
   97.166392706   29.468917050
   97.270109979   30.120112410
   97.373827252   29.464048094
   97.477544525   28.627298339
   98.016475284   28.217994271
   98.878015659   28.612401192
   98.981732932   28.187609428
   99.085450205   30.120112410
   99.189167478   30.119879910
   99.292884751   28.187133847
   99.396602024   28.618582027
  100.060716608   29.151375062
  100.579302973   30.130971938
  100.683020246   28.790982658
  100.786737519   28.187639616
  101.160695464   29.464048094
  101.264412737   28.187133847
  101.368130010   28.792058772
  101.471847283   30.143360019
  101.575564556   31.694158256
  102.027657668   27.070918849
  102.131374941   27.070918849
  102.811494582   29.221539966
  102.991138168   32.519162754
  103.094855441   30.813512732
  103.369265552   35.677393985
  103.472982825   34.274308538
  103.576700098   32.573188879
  103.851110209   35.665915262
  103.954827482   35.784858799
  104.058544755   34.499551270
  104.332954866   35.665915262
  104.436672139   36.062575407
  104.540389412   36.050633197
  104.720032998   35.784858799
  104.823750271   36.050633197
  105.446053909   29.346433353
  106.229102147   34.274308538
  106.332819420   34.499551270
  106.955123058   28.766293616
  107.058840331   28.767583148
  107.855507821   32.519162754
  107.959225094   32.573188879
  108.581528732   28.469157187
  108.685246005   28.724245999
  108.788963278   28.499303496
  109.337783499   30.813512732
  110.106971382   28.469157187
  110.210688655   29.585237740
  110.314405928   29.583925999
  110.418123201   28.508936051
  111.049010743   29.221539966
  111.671314380   28.766293616
  112.045272326   28.724245999
  112.148989599   29.583925999
  112.252706872   28.726776549
  112.356424145   28.797616858
  112.460141418   29.414616261
  113.008961640   27.854178325
  113.112678913   27.459485161
  113.216396186   27.854178325
  113.691688440   30.778317439
  113.871332026   33.624290233
  113.975049299   31.944830270
  114.154692885   34.274334312
  114.258410158   33.546376120
  114.532820269   32.829243152
  114.636537542   33.765707339
  114.740254815   34.499667482
  114.919898402   33.765707339
  115.023615675   34.326793022
  115.203259261   34.274334312
  115.306976534   34.499667482
  115.410693807   33.546376120
  116.136714717   29.438712135
  116.784428879   31.944830270
  117.495478679   30.089772569
  117.599195952   30.091670568
  118.279315593   30.778317439
  119.089373391   30.089772569
  119.193090663   30.592893387
  119.296807936   30.138772114
  119.400525209   29.551836128
  120.048239371   28.217988556
  120.151956644   27.837638668
  120.255673917   27.837638668
  120.359391190   26.348918698
  120.539034777   28.217988556
  120.813444887   30.174923333
  120.917162160   31.944860974
  121.096805747   31.579047502
  121.200523020   32.573237392
  121.380166606   31.078614664
  121.483883879   31.933217284
  121.663527465   31.579047502
  121.767244738   31.933217284
  121.870962011   32.573237392
  121.974679284   31.944860974
  122.757727523   31.845727402
  122.861444796   31.876843708
  123.609360688   30.813524767
  123.713077961   29.872861915
  123.816795234   29.516361100
  123.920512506   28.753034217
  124.100156093   29.872861915
  124.203873366   28.753034217
  124.383516952   30.813524767
    0.000000000   36.987018348
    0.103717273   37.073775945
    0.283360859   36.448964004
    0.387078132   36.952926320
    0.490795405   36.952926007
    0.722714278   34.948718499
    0.826431551   36.264451930
    0.930148824   36.536539592
    1.033866097   36.264448871
    1.345017916   33.040792536
    1.448735189   34.573608274
    1.552452462   35.074466838
    1.656169735   35.074463851
    1.759887007   34.573597785
    2.161582278   32.462740724
    2.265299551   32.215741451
    2.369016824   33.126863144
    2.472734097   33.256237466
    2.576451370   33.126850083
    2.680168643   32.215669138
    3.177579210   31.462188562
    3.281296483   30.505712605
    3.385013756   32.864247237
    3.488731029   33.683519168
    3.592448302   33.683514488
    3.696165575   32.864212478
    3.799882848   30.503245582
    4.395693220   31.413464171
    4.499410493   30.231189094
    4.603127766   31.659974236
    4.706845039   34.796260200
    4.810562312   36.339858333
    4.914279585   34.796177883
    5.017996858   31.659963591
    5.121714131   30.231399041
    5.817470749   32.889648822
    5.921188022   32.430758643
    6.024905295   31.538261827
    6.128622568   32.699441771
    6.232339841   35.543933669
    6.336057114   35.543901817
    6.439774387   32.699422804
    6.543491659   31.538270603
    6.647208932   32.430776056
    7.430257171   32.430758643
    7.533974444   33.190385602
    7.637691717   33.070367043
    7.741408990   33.768386502
    7.845126263   35.559560015
    7.948843536   33.768365037
    8.052560809   33.070376702
    8.156278082   33.190403297
    8.259995355   32.430774022
    9.146156123   30.231189094
    9.249873396   31.538261827
    9.353590669   33.070367043
    9.457307942   34.778136164
    9.561025215   35.011612102
    9.664742488   35.011650192
    9.768459761   34.778097054
    9.872177034   33.070307670
    9.975894307   31.538237188
   10.079611580   30.231402941
   11.069011305   30.505712605
   11.172728578   31.659974236
   11.276445851   32.699441771
   11.380163124   33.768386502
   11.483880397   35.011612102
   11.587597670   36.249835556
   11.691314943   35.010729543
   11.795032216   33.768296787
   11.898749489   32.699418904
   12.002466762   31.659969643
   12.106184035   30.503554444
   13.198913311   32.215741451
   13.302630584   32.864247237
   13.406347857   34.796260200
   13.510065130   35.543933669
   13.613782403   35.559560015
   13.717499675   35.011650192
   13.821216948   35.010729543
   13.924934221   35.559552184
   14.028651494   35.543937895
   14.132368767   34.796273427
   14.236086040   32.864245706
   14.339803313   32.215683600
   15.361299986   34.573608274
   15.465017259   33.126863144
   16.586891096   33.683519168
   16.690608369   36.339858333
   16.794325642   35.543901817
   16.898042915   33.768365037
   17.001760188   34.778097054
   17.105477461   33.768296787
   17.209194734   35.543937895
   17.312912007   36.340072924
   17.416629280   33.683540806
   17.520346553   33.126856134
   17.624063826   34.573594874
   18.779010498   36.264451930
   18.882727771   35.074466838
   18.986445044   33.256237466
   19.090162317   33.683514488
   19.193879590   34.796177883
   19.297596863   32.699422804
   20.094264353   33.070376702
   20.197981626   33.070307670
   20.301698899   32.699418904
   20.405416172   34.796273427
   20.509133445   33.683540806
   20.612850718   33.256240619
   20.716567991   35.074461083
   20.820285264   36.264447855
   22.119858969   36.952926320
   22.223576242   36.536539592
   22.327293515   35.074463851
   22.431010788   33.126850083
   22.534728061   32.864212478
   22.638445334   31.659963591
   22.742162606   31.538270603
   22.845879879   33.190403297
   22.949597152   31.538237188
   23.053314425   31.659969643
   23.157031698   32.864245706
   23.530989644   33.126856134
   23.634706917   35.074461083
   23.738424190   36.536538127
   23.842141463   36.952925806
   23.945858736   37.073775885
   25.348919998   36.448962992
   25.528563584   33.126010766
   25.632280857   34.941927379
   25.839715403   36.998997306
   26.213673349   33.028592123
   26.317390622   33.153706191
   26.524825168   36.579266788
   26.628542441   36.579264691
   27.030237712   35.175198893
   27.133954985   33.126155009
   27.341389531   34.871773969
   27.445106804   35.403506020
   27.548824076   34.871759313
   28.000917188   35.950099809
   28.104634461   34.580603594
   28.312069007   32.386283431
   28.415786280   33.420821571
   28.519503553   33.420779300
   28.623220826   32.385193062
   29.141807190   33.881913481
   29.245524463   32.695405144
   29.452959009   31.292979200
   29.556676282   33.739910732
   29.660393555   35.127456326
   29.764110828   33.739903835
   29.867828101   31.292926057
   30.463638473   33.733594523
   30.567355746   32.779055935
   30.774790292   30.607574614
   30.878507565   31.745820725
   30.982224838   34.336802658
   31.085942111   34.336793491
   31.189659384   31.745816390
   31.293376657   30.607573535
   31.924264198   32.779055935
   32.131698744   32.625203406
   32.235416017   31.302619243
   32.339133290   32.433719317
   32.442850563   34.158300652
   32.546567836   32.433709786
   32.650285109   31.302627943
   32.754002382   32.625222084
   33.480023293   32.695405144
   33.687457838   32.625203406
   33.791175111   33.915354965
   33.894892384   32.628010587
   33.998609657   33.460954361
   34.102326930   33.460948211
   34.206044203   32.628049485
   34.309761476   33.915592447
   34.413478749   32.625214611
   35.236709082   34.580603594
   35.444143628   30.607574614
   35.547860901   31.302619243
   35.651578174   32.628010587
   35.755295447   34.115037275
   35.859012719   34.816340097
   35.962729992   34.114679152
   36.066447265   32.627876898
   36.170164538   31.302589168
   36.273881811   30.607575251
   37.195741098   33.126155009
   37.403175644   31.292979200
   37.506892917   31.745820725
   37.610610189   32.433719317
   37.714327462   33.460954361
   37.818044735   34.816340097
   37.921762008   34.810682128
   38.025479281   33.460860474
   38.129196554   32.433702673
   38.232913827   31.745815138
   38.336631100   31.292858595
   39.146688898   33.153706191
   40.315523203   32.386283431
   40.419240476   33.739910732
   40.522957749   34.336802658
   40.626675022   34.158300652
   40.730392295   33.460948211
   40.834109568   34.114679152
   40.937826841   33.460860474
   41.041544114   34.158304874
   41.145261387   34.336825346
   41.248978660   33.739974822
   41.352695933   32.385725195
   42.303280441   34.941927379
   42.510714987   34.871773969
   42.614432260   33.420821571
   42.718149533   35.127456326
   42.821866806   34.336793491
   43.618534296   32.433709786
   43.722251569   32.628049485
   43.825968842   32.627876898
   43.929686115   32.433702673
   44.033403388   34.336825346
   44.137120661   35.127761536
   44.240837934   33.420840574
   44.344555207   34.871745985
   45.447084941   36.448962992
   45.654519487   36.579266788
   45.758236760   35.403506020
   45.861954033   33.420779300
   45.965671306   33.739903835
   46.069388579   31.745816390
   46.173105852   31.302627943
   46.276823125   33.915592447
   46.380540398   31.302589168
   46.484257671   31.745815138
   46.858215617   33.739974822
   46.961932889   33.420840574
   47.065650162   35.403494133
   47.169367435   36.579261670
   47.273084708   36.998996837
   48.478170521   34.948714383
   48.657814107   33.028593500
   48.761531380   33.153704796
   49.035941491   38.078590926
   49.139658764   35.088494429
   49.243376037   33.163222480
   49.554527856   36.995800538
   50.132001192   39.973869313
   50.235718465   38.168365702
   50.339435738   35.452900309
   50.650587557   35.416171315
   50.754304830   35.416121024
   51.350115202   37.767197451
   51.453832475   36.929887615
   51.557549748   35.916044687
   51.868701566   33.385938820
   51.972418839   34.562530585
   52.076136112   33.381896605
   52.707023654   36.719483921
   52.810740927   35.236675775
   52.914458200   33.889539113
   53.225610019   31.479407451
   53.329327292   33.374762926
   53.433044565   33.374773929
   53.536761838   31.479425269
   54.132572210   35.236675775
   54.236289483   34.026051574
   54.547441301   30.267508830
   54.651158574   31.363648352
   54.754875847   32.834593065
   54.858593120   31.363646765
   54.962310393   30.267508829
   55.626424977   36.929887615
   55.730142250   33.889539113
   56.041294069   31.840881594
   56.145011342   30.322282387
   56.248728615   31.879137659
   56.352445888   31.879134213
   56.456163161   30.322425748
   56.559880434   31.840907327
   57.300569916   38.168365702
   57.404287188   35.916044687
   57.715439007   31.840881594
   57.819156280   32.007252156
   57.922873553   31.909829091
   58.026590826   32.815964415
   58.130308099   31.911187833
   58.234025372   32.007294860
   58.337742645   31.840901238
   59.160972978   35.088494429
   59.264690251   35.452900309
   59.575842070   30.267508830
   59.679559342   30.322282387
   59.783276615   31.909829091
   59.886993888   33.641077729
   59.990711161   33.640451742
   60.094428434   31.908886631
   60.198145707   30.322422071
   60.301862980   30.267520351
   60.965977564   33.028593500
   61.069694837   33.163222480
   62.091191510   31.479407451
   62.194908783   31.363648352
   62.298626056   31.879137659
   62.402343329   32.815964415
   62.506060602   33.640451742
   62.609777875   32.815898977
   62.713495148   31.879125565
   62.817212421   31.363624938
   62.920929694   31.479215672
   63.690117577   33.153704796
   64.001269395   33.385938820
   64.104986668   33.374762926
   64.901654158   32.834593065
   65.005371431   31.879134213
   65.109088704   31.911187833
   65.212805977   31.908886631
   65.316523250   31.879125565
   65.420240523   32.834576108
   65.523957796   33.374724569
   65.627675069   33.379687807
   66.549534356   34.948714383
   66.860686174   35.416171315
   66.964403447   34.562530585
   67.068120720   33.374773929
   67.171837993   31.363646765
   67.275555266   30.322425748
   67.379272539   32.007294860
   67.482989812   30.322422071
   67.856947758   31.363624938
   67.960665031   33.374724569
   68.064382304   34.563148280
   68.168099577   35.416000431
   68.271816850   36.995799697
   69.293313523   33.040784324
   69.472957109   35.175190493
   69.576674382   33.126153423
   69.851084493   39.973773323
   69.954801766   38.168239403
   70.058519039   35.452885146
   70.432476984   40.022413129
   70.536194257   40.064451226
   70.639911530   39.597034272
   70.743628803   38.417716101
   71.158497895   35.090175053
   71.941546134   37.754031784
   72.045263407   38.052186248
   72.148980680   37.503977871
   72.252697953   36.677689734
   72.667567045   33.294920538
   72.771284318   33.294972840
   73.467040936   38.052186248
   73.570758209   36.754747734
   73.674475482   35.262469716
   74.089344573   30.945511307
   74.193061846   31.954835204
   74.296779119   30.945445185
   75.022800030   40.064451226
   75.126517303   37.503977871
   75.230234576   35.262469716
   75.645103668   29.481208057
   75.748820941   30.673571886
   75.852538214   30.673563353
   75.956255487   29.481171661
   76.725443369   39.973773323
   76.829160642   39.597034272
   76.932877915   36.677689734
   77.347747007   30.145067661
   77.451464280   29.529007913
   77.555181553   30.949635719
   77.658898826   29.529341512
   77.762616099   30.145256063
   78.503305580   38.168239403
   78.607022853   38.417716101
   79.021891945   30.145067661
   79.125609218   30.228719425
   79.229326491   31.290053697
   79.333043764   31.290187358
   79.436761037   30.229920481
   79.540478310   30.145271110
   80.099012918   35.175190493
   81.220886755   35.452885146
   81.635755847   29.481208057
   81.739473120   29.529007913
   81.843190393   31.290053697
   81.946907666   32.716759586
   82.050624939   31.290209960
   82.154342212   29.529829061
   82.258059485   29.481166814
   82.880363123   33.126153423
   83.858829919   30.945511307
   83.962547192   30.673571886
   84.066264465   30.949635719
   84.169981738   31.290187358
   84.273699010   31.290209960
   84.377416283   30.949602619
   84.481133556   30.673427063
   84.584850829   30.942720808
   85.354038712   33.040784324
   85.768907804   33.294920538
   85.872625077   31.954835204
   85.976342350   30.673563353
   86.080059623   29.529341512
   86.183776896   30.229920481
   86.557734841   29.529829061
   86.661452114   30.673427063
   86.765169387   31.954305668
   86.868886660   33.286977839
   86.972603933   35.129163242
   87.331891106   34.941926223
   88.218051875   32.462722193
   88.397695461   35.950025359
   88.501412734   34.580504027
   88.775822845   37.767174618
   88.879540118   36.929849035
   88.983257391   35.915967728
   89.357215336   37.754052561
   89.460932609   38.052158835
   89.564649882   37.503954568
   89.668367155   36.677654975
   89.942777266   37.478445772
   90.046494539   36.723322113
   90.150211812   36.435683385
   90.668798177   32.307508914
   91.451846416   38.052158835
   91.555563689   36.723322113
   91.659280962   36.156863705
   92.177867326   30.565072719
   92.281584599   30.564873171
   93.078252089   37.767174618
   93.181969362   37.503954568
   93.285686635   36.435683385
   93.804273000   28.839117244
   93.907990273   29.758348155
   94.011707546   28.837889370
   94.737728457   36.929849035
   94.841445729   36.677654975
   95.360032094   28.753609482
   95.463749367   29.608330968
   95.567466640   29.608340863
   95.671183913   28.770535213
   96.440371796   35.950025359
   96.544089069   35.915967728
   97.062675434   28.753609482
   97.166392706   29.733478532
   97.270109979   30.904607671
   97.373827252   29.737053777
   97.477544525   28.770829398
   98.016475284   34.580504027
   98.878015659   28.839117244
   98.981732932   29.608330968
   99.085450205   30.904607671
   99.189167478   30.904575654
   99.292884751   29.608104122
   99.396602024   28.832844670
  100.060716608   32.462722193
  100.579302973   30.565072719
  100.683020246   29.758348155
  100.786737519   29.608340863
  101.160695464   29.737053777
  101.264412737   29.608104122
  101.368130010   29.757085405
  101.471847283   30.552014018
  101.575564556   32.259432038
  102.027657668   33.153705287
  102.131374941   33.153705287
  102.811494582   31.462184876
  102.991138168   33.881873376
  103.094855441   32.695384243
  103.369265552   36.719413421
  103.472982825   35.236609471
  103.576700098   33.889505824
  103.851110209   38.052094098
  103.954827482   36.754675551
  104.058544755   35.262413562
  104.332954866   38.052094098
  104.436672139   36.723278922
  104.540389412   36.156866885
  104.720032998   36.754675551
  104.823750271   36.156866885
  105.446053909   30.106411013
  106.229102147   35.236609471
  106.332819420   35.262413562
  106.955123058   29.439004139
  107.058840331   29.437951879
  107.855507821   33.881873376
  107.959225094   33.889505824
  108.581528732   28.907573120
  108.685246005   29.873518268
  108.788963278   28.907415159
  109.337783499   32.695384243
  110.106971382   28.907573120
  110.210688655   30.023833055
  110.314405928   30.023353841
  110.418123201   28.881565254
  111.049010743   31.462184876
  111.671314380   29.439004139
  112.045272326   29.873518268
  112.148989599   30.023353841
  112.252706872   29.870200784
  112.356424145   29.404662600
  112.460141418   30.035634035
  113.008961640   33.126159269
  113.112678913   33.163228540
  113.216396186   33.126159269
  113.691688440   31.413476980
  113.871332026   33.731853362
  113.975049299   32.779029724
  114.154692885   35.236593058
  114.258410158   34.025865481
  114.532820269   40.062874719
  114.636537542   37.503949115
  114.740254815   35.262328822
  114.919898402   37.503949115
  115.023615675   36.435651261
  115.203259261   35.236593058
  115.306976534   35.262328822
  115.410693807   34.025865481
  116.136714717   30.483176219
  116.784428879   32.779029724
  117.495478679   30.858931443
  117.599195952   30.855678238
  118.279315593   31.413476980
  119.089373391   30.858931443
  119.193090663   30.645318033
  119.296807936   30.820529043
  119.400525209   30.369344874
  120.048239371   34.580542247
  120.151956644   35.452905752
  120.255673917   35.452905752
  120.359391190   35.088496899
  120.539034777   34.580542247
  120.813444887   32.889661789
  120.917162160   32.778992971
  121.096805747   36.929855876
  121.200523020   33.889481537
  121.380166606   39.596978637
  121.483883879   36.677668194
  121.663527465   36.929855876
  121.767244738   36.677668194
  121.870962011   33.889481537
  121.974679284   32.778992971
  122.757727523   31.876959169
  122.861444796   31.987182210
  123.609360688   32.695383765
  123.713077961   35.916004785
  123.816795234   38.418223942
  123.920512506   38.168269705
  124.100156093   35.916004785
  124.203873366   38.168269705
  124.383516952   32.695383765
    0.000000000   37.783030316
    0.103717273   37.866468469
    0.283360859   37.247774718
    0.387078132   37.752997788
    0.490795405   37.752998096
    0.722714278   35.746911108
    0.826431551   37.066971371
    0.930148824   37.340178238
    1.033866097   37.066974823
    1.345017916   33.877110440
    1.448735189   35.369565776
    1.552452462   35.871359123
    1.656169735   35.871362098
    1.759887007   35.369577069
    2.161582278   33.345484247
    2.265299551   33.015244672
    2.369016824   33.961081007
    2.472734097   34.099957595
    2.576451370   33.961089658
    2.680168643   33.015284861
    3.177579210   32.262531197
    3.281296483   31.210013998
    3.385013756   33.718327003
    3.488731029   34.627910785
    3.592448302   34.627916491
    3.696165575   33.718374963
    3.799882848   31.210148290
    4.395693220   31.971544727
    4.499410493   30.867968963
    4.603127766   32.431958729
    4.706845039   35.535566775
    4.810562312   37.265311566
    4.914279585   35.535774451
    5.017996858   32.431974391
    5.121714131   30.867925494
    5.817470749   33.463425065
    5.921188022   33.001238577
    6.024905295   32.137975937
    6.128622568   33.463226649
    6.232339841   36.252279117
    6.336057114   36.252326637
    6.439774387   33.463250959
    6.543491659   32.137967269
    6.647208932   33.001217529
    7.430257171   33.001238577
    7.533974444   33.776609077
    7.637691717   33.674738547
    7.741408990   34.533750665
    7.845126263   36.259150403
    7.948843536   34.533781605
    8.052560809   33.674728378
    8.156278082   33.776584270
    8.259995355   33.001219337
    9.146156123   30.867968963
    9.249873396   32.137975937
    9.353590669   33.674738547
    9.457307942   35.416345084
    9.561025215   35.741095495
    9.664742488   35.741128796
    9.768459761   35.416390866
    9.872177034   33.674764116
    9.975894307   32.137982584
   10.079611580   30.867920227
   11.069011305   31.210013998
   11.172728578   32.431958729
   11.276445851   33.463226649
   11.380163124   34.533750665
   11.483880397   35.741095495
   11.587597670   36.251906831
   11.691314943   35.741211187
   11.795032216   34.533793849
   11.898749489   33.463244001
   12.002466762   32.431965717
   12.106184035   31.210132543
   13.198913311   33.015244672
   13.302630584   33.718327003
   13.406347857   35.535566775
   13.510065130   36.252279117
   13.613782403   36.259150403
   13.717499675   35.741128796
   13.821216948   35.741211187
   13.924934221   36.259153116
   14.028651494   36.252267177
   14.132368767   35.535527020
   14.236086040   33.718318262
   14.339803313   33.015279563
   15.361299986   35.369565776
   15.465017259   33.961081007
   16.586891096   34.627910785
   16.690608369   37.265311566
   16.794325642   36.252326637
   16.898042915   34.533781605
   17.001760188   35.416390866
   17.105477461   34.533793849
   17.209194734   36.252267177
   17.312912007   37.260959506
   17.416629280   34.627883261
   17.520346553   33.961086992
   17.624063826   35.369583101
   18.779010498   37.066971371
   18.882727771   35.871359123
   18.986445044   34.099957595
   19.090162317   34.627916491
   19.193879590   35.535774451
   19.297596863   33.463250959
   20.094264353   33.674728378
   20.197981626   33.674764116
   20.301698899   33.463244001
   20.405416172   35.535527020
   20.509133445   34.627883261
   20.612850718   34.099955223
   20.716567991   35.871366063
   20.820285264   37.066976245
   22.119858969   37.752997788
   22.223576242   37.340178238
   22.327293515   35.871362098
   22.431010788   33.961089658
   22.534728061   33.718374963
   22.638445334   32.431974391
   22.742162606   32.137967269
   22.845879879   33.776584270
   22.949597152   32.137982584
   23.053314425   32.431965717
   23.157031698   33.718318262
   23.530989644   33.961086992
   23.634706917   35.871366063
   23.738424190   37.340179866
   23.842141463   37.752998262
   23.945858736   37.866468511
   25.348919998   37.247775785
   25.528563584   33.981125439
   25.632280857   35.740521086
   25.839715403   37.809646494
   26.213673349   33.998684391
   26.317390622   34.004284116
   26.524825168   37.393045724
   26.628542441   37.393048043
   27.030237712   36.178410869
   27.133954985   34.085232549
   27.341389531   35.662645907
   27.445106804   36.193164700
   27.548824076   35.662659161
   28.000917188   36.695520443
   28.104634461   35.385226640
   28.312069007   33.169368600
   28.415786280   34.256461001
   28.519503553   34.256479096
   28.623220826   33.169584068
   29.141807190   34.661447154
   29.245524463   33.477852504
   29.452959009   32.032320313
   29.556676282   34.478877146
   29.660393555   36.031768044
   29.764110828   34.478878666
   29.867828101   32.032325396
   30.463638473   34.207359363
   30.567355746   33.354754073
   30.774790292   31.296167692
   30.878507565   32.487546358
   30.982224838   35.034539487
   31.085942111   35.034553304
   31.189659384   32.487551772
   31.293376657   31.296169149
   31.924264198   33.354754073
   32.131698744   33.219359753
   32.235416017   31.945934219
   32.339133290   33.186446711
   32.442850563   34.869492546
   32.546567836   33.186458137
   32.650285109   31.945931405
   32.754002382   33.219336355
   33.480023293   33.477852504
   33.687457838   33.219359753
   33.791175111   34.314388964
   33.894892384   33.249175416
   33.998609657   34.250193514
   34.102326930   34.250205362
   34.206044203   33.249159766
   34.309761476   34.313321060
   34.413478749   33.219343055
   35.236709082   35.385226640
   35.444143628   31.296167692
   35.547860901   31.945934219
   35.651578174   33.249175416
   35.755295447   34.717056197
   35.859012719   35.605920518
   35.962729992   34.717132592
   36.066447265   33.249233246
   36.170164538   31.945949241
   36.273881811   31.296167566
   37.195741098   34.085232549
   37.403175644   32.032320313
   37.506892917   32.487546358
   37.610610189   33.186446711
   37.714327462   34.250193514
   37.818044735   35.605920518
   37.921762008   35.606068566
   38.025479281   34.250230472
   38.129196554   33.186456333
   38.232913827   32.487548890
   38.336631100   32.032349724
   39.146688898   34.004284116
   40.315523203   33.169368600
   40.419240476   34.478877146
   40.522957749   35.034539487
   40.626675022   34.869492546
   40.730392295   34.250205362
   40.834109568   34.717132592
   40.937826841   34.250230472
   41.041544114   34.869480857
   41.145261387   35.034497423
   41.248978660   34.478677199
   41.352695933   33.169500301
   42.303280441   35.740521086
   42.510714987   35.662645907
   42.614432260   34.256461001
   42.718149533   36.031768044
   42.821866806   35.034553304
   43.618534296   33.186458137
   43.722251569   33.249159766
   43.825968842   33.249233246
   43.929686115   33.186456333
   44.033403388   35.034497423
   44.137120661   36.027593972
   44.240837934   34.256448233
   44.344555207   35.662693174
   45.447084941   37.247775785
   45.654519487   37.393045724
   45.758236760   36.193164700
   45.861954033   34.256479096
   45.965671306   34.478878666
   46.069388579   32.487551772
   46.173105852   31.945931405
   46.276823125   34.313321060
   46.380540398   31.945949241
   46.484257671   32.487548890
   46.858215617   34.478677199
   46.961932889   34.256448233
   47.065650162   36.193184144
   47.169367435   37.393052681
   47.273084708   37.809646850
   48.478170521   35.746915520
   48.657814107   33.998683149
   48.761531380   34.004285192
   49.035941491   39.088981235
   49.139658764   36.104323507
   49.243376037   34.128436026
   49.554527856   37.838589579
   50.132001192   40.674866684
   50.235718465   39.147608346
   50.339435738   36.438138634
   50.650587557   36.177227648
   50.754304830   36.177268107
   51.350115202   38.484750679
   51.453832475   37.659193412
   51.557549748   36.651526263
   51.868701566   34.000965351
   51.972418839   35.364091018
   52.076136112   34.000825450
   52.707023654   37.466399932
   52.810740927   36.003618066
   52.914458200   34.661583850
   53.225610019   32.190003300
   53.329327292   34.053304738
   53.433044565   34.053290409
   53.536761838   32.189980068
   54.132572210   36.003618066
   54.236289483   34.650059898
   54.547441301   30.971418581
   54.651158574   32.084915127
   54.754875847   33.524366635
   54.858593120   32.084914750
   54.962310393   30.971417962
   55.626424977   37.659193412
   55.730142250   34.661583850
   56.041294069   32.446019120
   56.145011342   30.996497823
   56.248728615   32.644719191
   56.352445888   32.644722334
   56.456163161   30.996466339
   56.559880434   32.445999843
   57.300569916   39.147608346
   57.404287188   36.651526263
   57.715439007   32.446019120
   57.819156280   32.602011869
   57.922873553   31.983340280
   58.026590826   33.667925560
   58.130308099   31.982257241
   58.234025372   32.601984741
   58.337742645   32.446005212
   59.160972978   36.104323507
   59.264690251   36.438138634
   59.575842070   30.971418581
   59.679559342   30.996497823
   59.783276615   31.983340280
   59.886993888   34.311186563
   59.990711161   34.311278198
   60.094428434   31.984134443
   60.198145707   30.996460582
   60.301862980   30.971411773
   60.965977564   33.998683149
   61.069694837   34.128436026
   62.091191510   32.190003300
   62.194908783   32.084915127
   62.298626056   32.644719191
   62.402343329   33.667925560
   62.506060602   34.311278198
   62.609777875   33.667952934
   62.713495148   32.644730515
   62.817212421   32.084930155
   62.920929694   32.190063855
   63.690117577   34.004285192
   64.001269395   34.000965351
   64.104986668   34.053304738
   64.901654158   33.524366635
   65.005371431   32.644722334
   65.109088704   31.982257241
   65.212805977   31.984134443
   65.316523250   32.644730515
   65.420240523   33.524375445
   65.523957796   34.053303181
   65.627675069   34.001077616
   66.549534356   35.746915520
   66.860686174   36.177227648
   66.964403447   35.364091018
   67.068120720   34.053290409
   67.171837993   32.084914750
   67.275555266   30.996466339
   67.379272539   32.601984741
   67.482989812   30.996460582
   67.856947758   32.084930155
   67.960665031   34.053303181
   68.064382304   35.355768287
   68.168099577   36.177970271
   68.271816850   37.838589544
   69.293313523   33.877116884
   69.472957109   36.178432669
   69.576674382   34.085235596
   69.851084493   40.675101694
   69.954801766   39.149170630
   70.058519039   36.438172683
   70.432476984   40.037322852
   70.536194257   40.112935911
   70.639911530   39.969319173
   70.743628803   38.629319386
   71.158497895   35.150322233
   71.941546134   37.870225741
   72.045263407   38.502184692
   72.148980680   38.181756763
   72.252697953   37.377928582
   72.667567045   33.636952477
   72.771284318   33.636861144
   73.467040936   38.502184692
   73.570758209   37.264799658
   73.674475482   36.004641239
   74.089344573   31.630487090
   74.193061846   32.618942231
   74.296779119   31.630476577
   75.022800030   40.112935911
   75.126517303   38.181756763
   75.230234576   36.004641239
   75.645103668   30.189405358
   75.748820941   31.394442413
   75.852538214   31.394445032
   75.956255487   30.189412810
   76.725443369   40.675101694
   76.829160642   39.969319173
   76.932877915   37.377928582
   77.347747007   30.739507734
   77.451464280   30.330450045
   77.555181553   31.766338731
   77.658898826   30.330405558
   77.762616099   30.739415973
   78.503305580   39.149170630
   78.607022853   38.629319386
   79.021891945   30.739507734
   79.125609218   30.822612101
   79.229326491   32.182085879
   79.333043764   32.182071773
   79.436761037   30.822331343
   79.540478310   30.739402704
   80.099012918   36.178432669
   81.220886755   36.438172683
   81.635755847   30.189405358
   81.739473120   30.330450045
   81.843190393   32.182085879
   81.946907666   32.775116490
   82.050624939   32.182094202
   82.154342212   30.330365439
   82.258059485   30.189424911
   82.880363123   34.085235596
   83.858829919   31.630487090
   83.962547192   31.394442413
   84.066264465   31.766338731
   84.169981738   32.182071773
   84.273699010   32.182094202
   84.377416283   31.766377982
   84.481133556   31.394535760
   84.584850829   31.630918177
   85.354038712   33.877116884
   85.768907804   33.636952477
   85.872625077   32.618942231
   85.976342350   31.394445032
   86.080059623   30.330405558
   86.183776896   30.822331343
   86.557734841   30.330365439
   86.661452114   31.394535760
   86.765169387   32.619183980
   86.868886660   33.639417572
   86.972603933   35.155295385
   87.331891106   35.740522307
   88.218051875   33.345507453
   88.397695461   36.695655975
   88.501412734   35.385548875
   88.775822845   38.484779526
   88.879540118   37.659245516
   88.983257391   36.651662400
   89.357215336   37.870226100
   89.460932609   38.502311546
   89.564649882   38.181788751
   89.668367155   37.377975666
   89.942777266   37.483515718
   90.046494539   37.333089474
   90.150211812   37.086778275
   90.668798177   32.307542260
   91.451846416   38.502311546
   91.555563689   37.333089474
   91.659280962   36.732258126
   92.177867326   30.827133024
   92.281584599   30.827208286
   93.078252089   38.484779526
   93.181969362   38.181788751
   93.285686635   37.086778275
   93.804273000   29.582199807
   93.907990273   30.526813811
   94.011707546   29.582305762
   94.737728457   37.659245516
   94.841445729   37.377975666
   95.360032094   29.238152551
   95.463749367   30.502498410
   95.567466640   30.502498372
   95.671183913   29.236150278
   96.440371796   36.695655975
   96.544089069   36.651662400
   97.062675434   29.238152551
   97.166392706   30.396811949
   97.270109979   31.745564053
   97.373827252   30.396484641
   97.477544525   29.235967912
   98.016475284   35.385548875
   98.878015659   29.582199807
   98.981732932   30.502498410
   99.085450205   31.745564053
   99.189167478   31.745641091
   99.292884751   30.502696300
   99.396602024   29.583095560
  100.060716608   33.345507453
  100.579302973   30.827133024
  100.683020246   30.526813811
  100.786737519   30.502498372
  101.160695464   30.396484641
  101.264412737   30.502696300
  101.368130010   30.527361021
  101.471847283   30.832994083
  101.575564556   32.349526371
  102.027657668   34.004284765
  102.131374941   34.004284765
  102.811494582   32.262543253
  102.991138168   34.661480580
  103.094855441   33.477879195
  103.369265552   37.466440615
  103.472982825   36.003660858
  103.576700098   34.661619379
  103.851110209   38.502741957
  103.954827482   37.264801887
  104.058544755   36.004694766
  104.332954866   38.502741957
  104.436672139   37.333215148
  104.540389412   36.732253163
  104.720032998   37.264801887
  104.823750271   36.732253163
  105.446053909   30.106445501
  106.229102147   36.003660858
  106.332819420   36.004694766
  106.955123058   29.655022006
  107.058840331   29.655620014
  107.855507821   34.661480580
  107.959225094   34.661619379
  108.581528732   29.418185709
  108.685246005   30.843227007
  108.788963278   29.418135865
  109.337783499   33.477879195
  110.106971382   29.418185709
  110.210688655   30.880101135
  110.314405928   30.880499412
  110.418123201   29.425089309
  111.049010743   32.262543253
  111.671314380   29.655022006
  112.045272326   30.843227007
  112.148989599   30.880499412
  112.252706872   30.844441575
  112.356424145   29.674916812
  112.460141418   30.166336883
  113.008961640   34.085228835
  113.112678913   34.128429731
  113.216396186   34.085228835
  113.691688440   31.971528977
  113.871332026   34.207553349
  113.975049299   33.354756182
  114.154692885   36.003663330
  114.258410158   34.650110881
  114.532820269   40.114768944
  114.636537542   38.181802620
  114.740254815   36.004702646
  114.919898402   38.181802620
  115.023615675   37.086825685
  115.203259261   36.003663330
  115.306976534   36.004702646
  115.410693807   34.650110881
  116.136714717   30.483320628
  116.784428879   33.354756182
  117.495478679   31.214406891
  117.599195952   31.216299919
  118.279315593   31.971528977
  119.089373391   31.214406891
  119.193090663   31.025978119
  119.296807936   31.231964634
  119.400525209   30.576359222
  120.048239371   35.385430314
  120.151956644   36.438139719
  120.255673917   36.438139719
  120.359391190   36.104321565
  120.539034777   35.385430314
  120.813444887   33.463407178
  120.917162160   33.354771847
  121.096805747   37.659235017
  121.200523020   34.661621696
  121.380166606   39.969322428
  121.483883879   37.377953957
  121.663527465   37.659235017
  121.767244738   37.377953957
  121.870962011   34.661621696
  121.974679284   33.354771847
  122.757727523   32.302767027
  122.861444796   32.302803998
  123.609360688   33.477875355
  123.713077961   36.651593815
  123.816795234   38.628460060
  123.920512506   39.148818460
  124.100156093   36.651593815
  124.203873366   39.148818460
  124.383516952   33.477875355
    0.000000000   44.747684218
    0.103717273   46.826720647
    0.283360859   42.160024476
    0.387078132   44.199400199
    0.490795405   44.199296909
    0.722714278   39.719133079
    0.826431551   40.787012079
    0.930148824   41.987082322
    1.033866097   40.787005069
    1.345017916   37.160548285
    1.448735189   37.607288418
    1.552452462   39.718474248
    1.656169735   39.718476013
    1.759887007   37.607286156
    2.161582278   35.184697952
    2.265299551   35.225516744
    2.369016824   37.109413461
    2.472734097   40.008414108
    2.576451370   37.109415602
    2.680168643   35.225518173
    3.177579210   36.509784537
    3.281296483   35.231814562
    3.385013756   35.139447916
    3.488731029   37.535205037
    3.592448302   37.535199227
    3.696165575   35.139408695
    3.799882848   35.231809198
    4.395693220   38.908061829
    4.499410493   37.467058147
    4.603127766   36.687399873
    4.706845039   36.450916950
    4.810562312   37.363728208
    4.914279585   36.450731655
    5.017996858   36.687387169
    5.121714131   37.467060337
    5.817470749   39.939240382
    5.921188022   38.495602606
    6.024905295   37.858104003
    6.128622568   38.181522073
    6.232339841   38.792203340
    6.336057114   38.792234749
    6.439774387   38.181508117
    6.543491659   37.858101597
    6.647208932   38.495606991
    7.430257171   38.495602606
    7.533974444   37.062310711
    7.637691717   36.835275441
    7.741408990   38.089032012
    7.845126263   38.514214443
    7.948843536   38.089025158
    8.052560809   36.835270574
    8.156278082   37.062322831
    8.259995355   38.495611744
    9.146156123   37.467058147
    9.249873396   37.858104003
    9.353590669   36.835275441
    9.457307942   35.699154141
    9.561025215   37.196370827
    9.664742488   37.196333740
    9.768459761   35.699106809
    9.872177034   36.835286089
    9.975894307   37.858114782
   10.079611580   37.467068777
   11.069011305   35.231814562
   11.172728578   36.687399873
   11.276445851   38.181522073
   11.380163124   38.089032012
   11.483880397   37.196370827
   11.587597670   37.325770712
   11.691314943   37.196357139
   11.795032216   38.089050309
   11.898749489   38.181537877
   12.002466762   36.687409684
   12.106184035   35.231819423
   13.198913311   35.225516744
   13.302630584   35.139447916
   13.406347857   36.450916950
   13.510065130   38.792203340
   13.613782403   38.514214443
   13.717499675   37.196333740
   13.821216948   37.196357139
   13.924934221   38.514221568
   14.028651494   38.792302315
   14.132368767   36.450970978
   14.236086040   35.139461934
   14.339803313   35.225517111
   15.361299986   37.607288418
   15.465017259   37.109413461
   16.586891096   37.535205037
   16.690608369   37.363728208
   16.794325642   38.792234749
   16.898042915   38.089025158
   17.001760188   35.699106809
   17.105477461   38.089050309
   17.209194734   38.792302315
   17.312912007   37.368225313
   17.416629280   37.535215166
   17.520346553   37.109408017
   17.624063826   37.607274445
   18.779010498   40.787012079
   18.882727771   39.718474248
   18.986445044   40.008414108
   19.090162317   37.535199227
   19.193879590   36.450731655
   19.297596863   38.181508117
   20.094264353   36.835270574
   20.197981626   36.835286089
   20.301698899   38.181537877
   20.405416172   36.450970978
   20.509133445   37.535215166
   20.612850718   40.008076097
   20.716567991   39.718446309
   20.820285264   40.786980187
   22.119858969   44.199400199
   22.223576242   41.987082322
   22.327293515   39.718476013
   22.431010788   37.109415602
   22.534728061   35.139408695
   22.638445334   36.687387169
   22.742162606   37.858101597
   22.845879879   37.062322831
   22.949597152   37.858114782
   23.053314425   36.687409684
   23.157031698   35.139461934
   23.530989644   37.109408017
   23.634706917   39.718446309
   23.738424190   41.986966873
   23.842141463   44.199050250
   23.945858736   46.783533363
   25.348919998   42.160008927
   25.528563584   40.993088820
   25.632280857   40.980394839
   25.839715403   43.461119171
   26.213673349   40.587312931
   26.317390622   39.925109866
   26.524825168   40.540220488
   26.628542441   40.540222523
   27.030237712   38.495159714
   27.133954985   37.682047814
   27.341389531   37.385494327
   27.445106804   39.465364359
   27.548824076   37.385502947
   28.000917188   38.353043353
   28.104634461   36.088985708
   28.312069007   35.020508459
   28.415786280   36.790462444
   28.519503553   36.790479400
   28.623220826   35.020525738
   29.141807190   41.017623578
   29.245524463   38.504713507
   29.452959009   35.755897138
   29.556676282   35.434936052
   29.660393555   36.177200187
   29.764110828   35.434925134
   29.867828101   35.755888157
   30.463638473   39.237265265
   30.567355746   39.134254815
   30.774790292   37.314878572
   30.878507565   37.469731682
   30.982224838   37.797851577
   31.085942111   37.797832745
   31.189659384   37.469718379
   31.293376657   37.314875856
   31.924264198   39.134254815
   32.131698744   36.136169834
   32.235416017   36.887589848
   32.339133290   38.368884073
   32.442850563   38.832387176
   32.546567836   38.368883214
   32.650285109   36.887585744
   32.754002382   36.136177463
   33.480023293   38.504713507
   33.687457838   36.136169834
   33.791175111   34.521310693
   33.894892384   35.857298285
   33.998609657   37.954618194
   34.102326930   37.954597052
   34.206044203   35.857287232
   34.309761476   34.522336575
   34.413478749   36.136187507
   35.236709082   36.088985708
   35.444143628   37.314878572
   35.547860901   36.887589848
   35.651578174   35.857298285
   35.755295447   35.504423313
   35.859012719   37.181454881
   35.962729992   35.504389487
   36.066447265   35.857310421
   36.170164538   36.887603068
   36.273881811   37.314896321
   37.195741098   37.682047814
   37.403175644   35.755897138
   37.506892917   37.469731682
   37.610610189   38.368884073
   37.714327462   37.954618194
   37.818044735   37.181454881
   37.921762008   37.181118534
   38.025479281   37.954618168
   38.129196554   38.368911965
   38.232913827   37.469755843
   38.336631100   35.755921137
   39.146688898   39.925109866
   40.315523203   35.020508459
   40.419240476   35.434936052
   40.522957749   37.797851577
   40.626675022   38.832387176
   40.730392295   37.954597052
   40.834109568   35.504389487
   40.937826841   37.954618168
   41.041544114   38.832398442
   41.145261387   37.797925154
   41.248978660   35.435149172
   41.352695933   35.020524565
   42.303280441   40.980394839
   42.510714987   37.385494327
   42.614432260   36.790462444
   42.718149533   36.177200187
   42.821866806   37.797832745
   43.618534296   38.368883214
   43.722251569   35.857287232
   43.825968842   35.857310421
   43.929686115   38.368911965
   44.033403388   37.797925154
   44.137120661   36.181540821
   44.240837934   36.790456587
   44.344555207   37.385437275
   45.447084941   42.160008927
   45.654519487   40.540220488
   45.758236760   39.465364359
   45.861954033   36.790479400
   45.965671306   35.434925134
   46.069388579   37.469718379
   46.173105852   36.887585744
   46.276823125   34.522336575
   46.380540398   36.887603068
   46.484257671   37.469755843
   46.858215617   35.435149172
   46.961932889   36.790456587
   47.065650162   39.460313989
   47.169367435   40.539905908
   47.273084708   43.421996225
   48.478170521   39.719128292
   48.657814107   40.587312300
   48.761531380   39.925109866
   49.035941491   41.689103279
   49.139658764   41.156185677
   49.243376037   40.526227075
   49.554527856   39.183560309
   50.132001192   41.543898163
   50.235718465   39.355213956
   50.339435738   38.455902379
   50.650587557   36.659180047
   50.754304830   36.659224390
   51.350115202   40.229848125
   51.453832475   40.991578922
   51.557549748   38.408464268
   51.868701566   35.014145465
   51.972418839   35.457489711
   52.076136112   35.014423215
   52.707023654   38.099218133
   52.810740927   38.924986097
   52.914458200   39.225467885
   53.225610019   37.342384709
   53.329327292   37.436000220
   53.433044565   37.435955482
   53.536761838   37.342364310
   54.132572210   38.924986097
   54.236289483   37.742929601
   54.547441301   37.712043078
   54.651158574   38.967968475
   54.754875847   38.889472444
   54.858593120   38.967937199
   54.962310393   37.712036362
   55.626424977   40.991578922
   55.730142250   39.225467885
   56.041294069   35.270941176
   56.145011342   36.941981592
   56.248728615   38.873624786
   56.352445888   38.873620264
   56.456163161   36.941978900
   56.559880434   35.270941478
   57.300569916   39.355213956
   57.404287188   38.408464268
   57.715439007   35.270941176
   57.819156280   34.725130240
   57.922873553   36.004348401
   58.026590826   37.430210349
   58.130308099   36.004340885
   58.234025372   34.725132057
   58.337742645   35.270952147
   59.160972978   41.156185677
   59.264690251   38.455902379
   59.575842070   37.712043078
   59.679559342   36.941981592
   59.783276615   36.004348401
   59.886993888   35.340579707
   59.990711161   35.340564590
   60.094428434   36.004352867
   60.198145707   36.941991203
   60.301862980   37.712058651
   60.965977564   40.587312300
   61.069694837   40.526227075
   62.091191510   37.342384709
   62.194908783   38.967968475
   62.298626056   38.873624786
   62.402343329   37.430210349
   62.506060602   35.340564590
   62.609777875   37.430342979
   62.713495148   38.873623769
   62.817212421   38.967997732
   62.920929694   37.342420697
   63.690117577   39.925109866
   64.001269395   35.014145465
   64.104986668   37.436000220
   64.901654158   38.889472444
   65.005371431   38.873620264
   65.109088704   36.004340885
   65.212805977   36.004352867
   65.316523250   38.873623769
   65.420240523   38.889478030
   65.523957796   37.436071950
   65.627675069   35.014564125
   66.549534356   39.719128292
   66.860686174   36.659180047
   66.964403447   35.457489711
   67.068120720   37.435955482
   67.171837993   38.967937199
   67.275555266   36.941978900
   67.379272539   34.725132057
   67.482989812   36.941991203
   67.856947758   38.967997732
   67.960665031   37.436071950
   68.064382304   35.465951413
   68.168099577   36.658339773
   68.271816850   39.147305664
   69.293313523   37.160545942
   69.472957109   38.495123024
   69.576674382   37.682039566
   69.851084493   41.543699282
   69.954801766   39.353545654
   70.058519039   38.455853429
   70.432476984   40.306009852
   70.536194257   40.659190434
   70.639911530   40.212869093
   70.743628803   39.270512864
   71.158497895   35.744421655
   71.941546134   38.726743353
   72.045263407   38.654204655
   72.148980680   39.073539951
   72.252697953   39.440122955
   72.667567045   37.381787553
   72.771284318   37.381583935
   73.467040936   38.654204655
   73.570758209   37.490545450
   73.674475482   37.655728099
   74.089344573   39.540231087
   74.193061846   38.359647604
   74.296779119   39.539458217
   75.022800030   40.659190434
   75.126517303   39.073539951
   75.230234576   37.655728099
   75.645103668   38.476552755
   75.748820941   39.086964515
   75.852538214   39.086957352
   75.956255487   38.476547369
   76.725443369   41.543699282
   76.829160642   40.212869093
   76.932877915   39.440122955
   77.347747007   35.603736088
   77.451464280   37.138980520
   77.555181553   38.286451625
   77.658898826   37.138979695
   77.762616099   35.603735260
   78.503305580   39.353545654
   78.607022853   39.270512864
   79.021891945   35.603736088
   79.125609218   35.144404585
   79.229326491   35.617525704
   79.333043764   35.617522003
   79.436761037   35.144403888
   79.540478310   35.603739844
   80.099012918   38.495123024
   81.220886755   38.455853429
   81.635755847   38.476552755
   81.739473120   37.138980520
   81.843190393   35.617525704
   81.946907666   35.434370719
   82.050624939   35.617526049
   82.154342212   37.138983501
   82.258059485   38.476561930
   82.880363123   37.682039566
   83.858829919   39.540231087
   83.962547192   39.086964515
   84.066264465   38.286451625
   84.169981738   35.617522003
   84.273699010   35.617526049
   84.377416283   38.286851216
   84.481133556   39.086963048
   84.584850829   39.540176672
   85.354038712   37.160545942
   85.768907804   37.381787553
   85.872625077   38.359647604
   85.976342350   39.086957352
   86.080059623   37.138979695
   86.183776896   35.144403888
   86.557734841   37.138983501
   86.661452114   39.086963048
   86.765169387   38.359653655
   86.868886660   37.381879782
   86.972603933   35.704496774
   87.331891106   40.980388388
   88.218051875   35.184677986
   88.397695461   38.352940727
   88.501412734   36.088685072
   88.775822845   40.229851205
   88.879540118   40.991644684
   88.983257391   38.408361923
   89.357215336   38.726688491
   89.460932609   38.654078053
   89.564649882   39.073537953
   89.668367155   39.440168556
   89.942777266   37.785857971
   90.046494539   37.779035905
   90.150211812   38.121239299
   90.668798177   37.566734941
   91.451846416   38.654078053
   91.555563689   37.779035905
   91.659280962   36.940145929
   92.177867326   38.342206988
   92.281584599   38.342202334
   93.078252089   40.229851205
   93.181969362   39.073537953
   93.285686635   38.121239299
   93.804273000   38.482537917
   93.907990273   38.535765698
   94.011707546   38.482538903
   94.737728457   40.991644684
   94.841445729   39.440168556
   95.360032094   35.587513708
   95.463749367   36.396001515
   95.567466640   36.396001808
   95.671183913   35.587513922
   96.440371796   38.352940727
   96.544089069   38.408361923
   97.062675434   35.587513708
   97.166392706   34.735661876
   97.270109979   34.906965768
   97.373827252   34.735661344
   97.477544525   35.587514786
   98.016475284   36.088685072
   98.878015659   38.482537917
   98.981732932   36.396001515
   99.085450205   34.906965768
   99.189167478   34.906961923
   99.292884751   36.396000443
   99.396602024   38.482537078
  100.060716608   35.184677986
  100.579302973   38.342206988
  100.683020246   38.535765698
  100.786737519   36.396001808
  101.160695464   34.735661344
  101.264412737   36.396000443
  101.368130010   38.535762488
  101.471847283   38.342202078
  101.575564556   37.566732984
  102.027657668   39.925106953
  102.131374941   39.925106953
  102.811494582   36.509780817
  102.991138168   41.018621583
  103.094855441   38.504700494
  103.369265552   38.099218936
  103.472982825   38.924984521
  103.576700098   39.225463121
  103.851110209   38.653659279
  103.954827482   37.490584333
  104.058544755   37.655707369
  104.332954866   38.653659279
  104.436672139   37.778925855
  104.540389412   36.940089063
  104.720032998   37.490584333
  104.823750271   36.940089063
  105.446053909   38.128034890
  106.229102147   38.924984521
  106.332819420   37.655707369
  106.955123058   37.078185146
  107.058840331   37.078185625
  107.855507821   41.018621583
  107.959225094   39.225463121
  108.581528732   34.723788363
  108.685246005   34.969771919
  108.788963278   34.723788520
  109.337783499   38.504700494
  110.106971382   34.723788363
  110.210688655   34.130492322
  110.314405928   34.130485461
  110.418123201   34.723789210
  111.049010743   36.509780817
  111.671314380   37.078185146
  112.045272326   34.969771919
  112.148989599   34.130485461
  112.252706872   34.969767411
  112.356424145   37.078174979
  112.460141418   38.128028836
  113.008961640   37.682041767
  113.112678913   40.526227514
  113.216396186   37.682041767
  113.691688440   38.908064275
  113.871332026   39.237265833
  113.975049299   39.134254220
  114.154692885   38.924989947
  114.258410158   37.742926507
  114.532820269   40.658514892
  114.636537542   39.073523237
  114.740254815   37.655733157
  114.919898402   39.073523237
  115.023615675   38.121210688
  115.203259261   38.924989947
  115.306976534   37.655733157
  115.410693807   37.742926507
  116.136714717   35.078612557
  116.784428879   39.134254220
  117.495478679   33.440818768
  117.599195952   33.440826798
  118.279315593   38.908064275
  119.089373391   33.440818768
  119.193090663   34.301837067
  119.296807936   33.440782491
  119.400525209   35.078607516
  120.048239371   36.088798402
  120.151956644   38.455881071
  120.255673917   38.455881071
  120.359391190   41.156185337
  120.539034777   36.088798402
  120.813444887   39.939244176
  120.917162160   39.134260242
  121.096805747   40.991649197
  121.200523020   39.225480684
  121.380166606   40.213008438
  121.483883879   39.440177940
  121.663527465   40.991649197
  121.767244738   39.440177940
  121.870962011   39.225480684
  121.974679284   39.134260242
  122.757727523   32.991078464
  122.861444796   32.846066871
  123.609360688   38.504712775
  123.713077961   38.408430855
  123.816795234   39.272178543
  123.920512506   39.353915167
  124.100156093   38.408430855
  124.203873366   39.353915167
  124.383516952   38.504712775
    0.000000000   45.498557780
    0.103717273   46.830689534
    0.283360859   42.903059966
    0.387078132   44.933446656
    0.490795405   44.934274335
    0.722714278   40.467400932
    0.826431551   41.509427068
    0.930148824   42.721335733
    1.033866097   41.509441739
    1.345017916   37.918533650
    1.448735189   38.345985657
    1.552452462   40.461711666
    1.656169735   40.461711887
    1.759887007   38.345986719
    2.161582278   36.032262366
    2.265299551   36.031144133
    2.369016824   37.856684091
    2.472734097   40.259047475
    2.576451370   37.856682744
    2.680168643   36.031143373
    3.177579210   37.471358435
    3.281296483   36.169449658
    3.385013756   35.989766726
    3.488731029   38.255571806
    3.592448302   38.255576685
    3.696165575   35.989786126
    3.799882848   36.169453410
    4.395693220   39.837330443
    4.499410493   38.389459525
    4.603127766   37.611399901
    4.706845039   37.379328583
    4.810562312   38.016831558
    4.914279585   37.379389817
    5.017996858   37.611409976
    5.121714131   38.389458340
    5.817470749   40.379297640
    5.921188022   39.234657017
    6.024905295   38.619751582
    6.128622568   38.982139203
    6.232339841   39.634120595
    6.336057114   39.633755806
    6.439774387   38.982147476
    6.543491659   38.619754179
    6.647208932   39.234654817
    7.430257171   39.234657017
    7.533974444   37.681851871
    7.637691717   37.446985880
    7.741408990   38.716987637
    7.845126263   39.266889719
    7.948843536   38.716985321
    8.052560809   37.446990095
    8.156278082   37.681844826
    8.259995355   39.234650171
    9.146156123   38.389459525
    9.249873396   38.619751582
    9.353590669   37.446985880
    9.457307942   36.266951755
    9.561025215   37.858006833
    9.664742488   37.858050915
    9.768459761   36.266969680
    9.872177034   37.446977268
    9.975894307   38.619741829
   10.079611580   38.389449918
   11.069011305   36.169449658
   11.172728578   37.611399901
   11.276445851   38.982139203
   11.380163124   38.716987637
   11.483880397   37.858006833
   11.587597670   38.016144001
   11.691314943   37.858028199
   11.795032216   38.716966118
   11.898749489   38.982121315
   12.002466762   37.611389811
   12.106184035   36.169444337
   13.198913311   36.031144133
   13.302630584   35.989766726
   13.406347857   37.379328583
   13.510065130   39.634120595
   13.613782403   39.266889719
   13.717499675   37.858050915
   13.821216948   37.858028199
   13.924934221   39.266860904
   14.028651494   39.633721983
   14.132368767   37.379300462
   14.236086040   35.989758676
   14.339803313   36.031143514
   15.361299986   38.345985657
   15.465017259   37.856684091
   16.586891096   38.255571806
   16.690608369   38.016831558
   16.794325642   39.633755806
   16.898042915   38.716985321
   17.001760188   36.266969680
   17.105477461   38.716966118
   17.209194734   39.633721983
   17.312912007   38.016471482
   17.416629280   38.255568174
   17.520346553   37.856689873
   17.624063826   38.345996396
   18.779010498   41.509427068
   18.882727771   40.461711666
   18.986445044   40.259047475
   19.090162317   38.255576685
   19.193879590   37.379389817
   19.297596863   38.982147476
   20.094264353   37.446990095
   20.197981626   37.446977268
   20.301698899   38.982121315
   20.405416172   37.379300462
   20.509133445   38.255568174
   20.612850718   40.259708570
   20.716567991   40.461758009
   20.820285264   41.509479340
   22.119858969   44.933446656
   22.223576242   42.721335733
   22.327293515   40.461711887
   22.431010788   37.856682744
   22.534728061   35.989786126
   22.638445334   37.611409976
   22.742162606   38.619754179
   22.845879879   37.681844826
   22.949597152   38.619741829
   23.053314425   37.611389811
   23.157031698   35.989758676
   23.530989644   37.856689873
   23.634706917   40.461758009
   23.738424190   42.721622933
   23.842141463   44.935605172
   23.945858736   46.884464957
   25.348919998   42.903089616
   25.528563584   41.806216158
   25.632280857   41.759055725
   25.839715403   43.461222475
   26.213673349   41.382249347
   26.317390622   40.701076221
   26.524825168   41.237430828
   26.628542441   41.237461329
   27.030237712   39.246234586
   27.133954985   38.437245169
   27.341389531   38.102685367
   27.445106804   39.560470715
   27.548824076   38.102677047
   28.000917188   39.340500228
   28.104634461   37.023245235
   28.312069007   35.818273915
   28.415786280   37.496382008
   28.519503553   37.496370416
   28.623220826   35.818263630
   29.141807190   41.109647196
   29.245524463   39.435127088
   29.452959009   36.666146725
   29.556676282   36.325893105
   29.660393555   36.834552517
   29.764110828   36.325907484
   29.867828101   36.666156592
   30.463638473   39.633329768
   30.567355746   39.730344032
   30.774790292   38.117669482
   30.878507565   38.307925941
   30.982224838   38.671831459
   31.085942111   38.671852167
   31.189659384   38.307939941
   31.293376657   38.117672657
   31.924264198   39.730344032
   32.131698744   36.776859142
   32.235416017   37.551551581
   32.339133290   39.066061453
   32.442850563   39.637639886
   32.546567836   39.066053173
   32.650285109   37.551554988
   32.754002382   36.776855951
   33.480023293   39.435127088
   33.687457838   36.776859142
   33.791175111   34.917044670
   33.894892384   36.472124819
   33.998609657   38.595732183
   34.102326930   38.595791678
   34.206044203   36.472133003
   34.309761476   34.916849190
   34.413478749   36.776846697
   35.236709082   37.023245235
   35.444143628   38.117669482
   35.547860901   37.551551581
   35.651578174   36.472124819
   35.755295447   36.136390826
   35.859012719   37.311994619
   35.962729992   36.136414958
   36.066447265   36.472114688
   36.170164538   37.551539380
   36.273881811   38.117652753
   37.195741098   38.437245169
   37.403175644   36.666146725
   37.506892917   38.307925941
   37.610610189   39.066061453
   37.714327462   38.595732183
   37.818044735   37.311994619
   37.921762008   37.312604561
   38.025479281   38.595746027
   38.129196554   39.066026948
   38.232913827   38.307903140
   38.336631100   36.666126282
   39.146688898   40.701076221
   40.315523203   35.818273915
   40.419240476   36.325893105
   40.522957749   38.671831459
   40.626675022   39.637639886
   40.730392295   38.595791678
   40.834109568   36.136414958
   40.937826841   38.595746027
   41.041544114   39.635862402
   41.145261387   38.671761559
   41.248978660   36.325809962
   41.352695933   35.818261256
   42.303280441   41.759055725
   42.510714987   38.102685367
   42.614432260   37.496382008
   42.718149533   36.834552517
   42.821866806   38.671852167
   43.618534296   39.066053173
   43.722251569   36.472133003
   43.825968842   36.472114688
   43.929686115   39.066026948
   44.033403388   38.671761559
   44.137120661   36.834082403
   44.240837934   37.496396796
   44.344555207   38.102730932
   45.447084941   42.903089616
   45.654519487   41.237430828
   45.758236760   39.560470715
   45.861954033   37.496370416
   45.965671306   36.325907484
   46.069388579   38.307939941
   46.173105852   37.551554988
   46.276823125   34.916849190
   46.380540398   37.551539380
   46.484257671   38.307903140
   46.858215617   36.325809962
   46.961932889   37.496396796
   47.065650162   39.567137776
   47.169367435   41.238551491
   47.273084708   43.505321114
   48.478170521   40.467407773
   48.657814107   41.382250364
   48.761531380   40.701077203
   49.035941491   42.531285514
   49.139658764   41.976580071
   49.243376037   41.341881938
   49.554527856   39.183584780
   50.132001192   42.465212832
   50.235718465   40.094818575
   50.339435738   39.186255030
   50.650587557   37.336186255
   50.754304830   37.336149685
   51.350115202   40.714774980
   51.453832475   41.686684722
   51.557549748   39.354766012
   51.868701566   35.871769651
   51.972418839   36.028484843
   52.076136112   35.871705502
   52.707023654   38.506469439
   52.810740927   39.380959578
   52.914458200   39.847347136
   53.225610019   38.200780458
   53.329327292   38.311297759
   53.433044565   38.311424776
   53.536761838   38.200812507
   54.132572210   39.380959578
   54.236289483   38.245582309
   54.547441301   38.409763322
   54.651158574   39.715446236
   54.754875847   39.755528438
   54.858593120   39.715516999
   54.962310393   38.409770461
   55.626424977   41.686684722
   55.730142250   39.847347136
   56.041294069   35.884038432
   56.145011342   37.561388628
   56.248728615   39.323525529
   56.352445888   39.323561938
   56.456163161   37.561390517
   56.559880434   35.884038921
   57.300569916   40.094818575
   57.404287188   39.354766012
   57.715439007   35.884038432
   57.819156280   35.337849920
   57.922873553   36.601158984
   58.026590826   37.717753334
   58.130308099   36.601165482
   58.234025372   35.337848437
   58.337742645   35.884029199
   59.160972978   41.976580071
   59.264690251   39.186255030
   59.575842070   38.409763322
   59.679559342   37.561388628
   59.783276615   36.601158984
   59.886993888   35.923903785
   59.990711161   35.923919689
   60.094428434   36.601155920
   60.198145707   37.561379657
   60.301862980   38.409748680
   60.965977564   41.382250364
   61.069694837   41.341881938
   62.091191510   38.200780458
   62.194908783   39.715446236
   62.298626056   39.323525529
   62.402343329   37.717753334
   62.506060602   35.923919689
   62.609777875   37.717403408
   62.713495148   39.323570779
   62.817212421   39.715409021
   62.920929694   38.200748864
   63.690117577   40.701077203
   64.001269395   35.871769651
   64.104986668   38.311297759
   64.901654158   39.755528438
   65.005371431   39.323561938
   65.109088704   36.601165482
   65.212805977   36.601155920
   65.316523250   39.323570779
   65.420240523   39.755480536
   65.523957796   38.311244229
   65.627675069   35.871609285
   66.549534356   40.467407773
   66.860686174   37.336186255
   66.964403447   36.028484843
   67.068120720   38.311424776
   67.171837993   39.715516999
   67.275555266   37.561390517
   67.379272539   35.337848437
   67.482989812   37.561379657
   67.856947758   39.715409021
   67.960665031   38.311244229
   68.064382304   36.027795212
   68.168099577   37.336536454
   68.271816850   39.224249214
   69.293313523   37.918536025
   69.472957109   39.246259232
   69.576674382   38.437252035
   69.851084493   42.465130745
   69.954801766   40.095050242
   70.058519039   39.186285683
   70.432476984   40.633288124
   70.536194257   40.808987841
   70.639911530   40.697523388
   70.743628803   39.374482706
   71.158497895   35.745900508
   71.941546134   39.429494164
   72.045263407   39.115056625
   72.148980680   39.680937928
   72.252697953   40.102710372
   72.667567045   38.092003308
   72.771284318   38.093906301
   73.467040936   39.115056625
   73.570758209   37.745724033
   73.674475482   38.215726585
   74.089344573   39.831427328
   74.193061846   39.252231690
   74.296779119   39.832970165
   75.022800030   40.808987841
   75.126517303   39.680937928
   75.230234576   38.215726585
   75.645103668   39.091046007
   75.748820941   39.965056734
   75.852538214   39.965067187
   75.956255487   39.091052375
   76.725443369   42.465130745
   76.829160642   40.697523388
   76.932877915   40.102710372
   77.347747007   36.202372956
   77.451464280   37.698685370
   77.555181553   38.335331918
   77.658898826   37.698685958
   77.762616099   36.202373263
   78.503305580   40.095050242
   78.607022853   39.374482706
   79.021891945   36.202372956
   79.125609218   35.730207775
   79.229326491   36.169268099
   79.333043764   36.169272817
   79.436761037   35.730207969
   79.540478310   36.202369224
   80.099012918   39.246259232
   81.220886755   39.186285683
   81.635755847   39.091046007
   81.739473120   37.698685370
   81.843190393   36.169268099
   81.946907666   35.444049733
   82.050624939   36.169269535
   82.154342212   37.698683051
   82.258059485   39.091037491
   82.880363123   38.437252035
   83.858829919   39.831427328
   83.962547192   39.965056734
   84.066264465   38.335331918
   84.169981738   36.169272817
   84.273699010   36.169269535
   84.377416283   38.334879048
   84.481133556   39.965056818
   84.584850829   39.831554269
   85.354038712   37.918536025
   85.768907804   38.092003308
   85.872625077   39.252231690
   85.976342350   39.965067187
   86.080059623   37.698685958
   86.183776896   35.730207969
   86.557734841   37.698683051
   86.661452114   39.965056818
   86.765169387   39.252210548
   86.868886660   38.092001194
   86.972603933   35.780042873
   87.331891106   41.759066691
   88.218051875   36.032273151
   88.397695461   39.340543479
   88.501412734   37.023324814
   88.775822845   40.714768007
   88.879540118   41.686197813
   88.983257391   39.354806453
   89.357215336   39.429573491
   89.460932609   39.115084949
   89.564649882   39.680932774
   89.668367155   40.102608232
   89.942777266   38.464215438
   90.046494539   38.455331902
   90.150211812   38.830410080
   90.668798177   38.490558240
   91.451846416   39.115084949
   91.555563689   38.455331902
   91.659280962   37.648694680
   92.177867326   39.265920395
   92.281584599   39.265927014
   93.078252089   40.714768007
   93.181969362   39.680932774
   93.285686635   38.830410080
   93.804273000   38.973521593
   93.907990273   39.269161486
   94.011707546   38.973520787
   94.737728457   41.686197813
   94.841445729   40.102608232
   95.360032094   36.131751236
   95.463749367   36.875462284
   95.567466640   36.875462680
   95.671183913   36.131750907
   96.440371796   39.340543479
   96.544089069   39.354806453
   97.062675434   36.131751236
   97.166392706   35.283019184
   97.270109979   35.533304136
   97.373827252   35.283019994
   97.477544525   36.131750189
   98.016475284   37.023324814
   98.878015659   38.973521593
   98.981732932   36.875462284
   99.085450205   35.533304136
   99.189167478   35.533307842
   99.292884751   36.875465547
   99.396602024   38.973528892
  100.060716608   36.032273151
  100.579302973   39.265920395
  100.683020246   39.269161486
  100.786737519   36.875462680
  101.160695464   35.283019994
  101.264412737   36.875465547
  101.368130010   39.269286182
  101.471847283   39.265924771
  101.575564556   38.490559566
  102.027657668   40.701081144
  102.131374941   40.701081144
  102.811494582   37.471359779
  102.991138168   41.108253084
  103.094855441   39.435136056
  103.369265552   38.506469657
  103.472982825   39.380959751
  103.576700098   39.847342730
  103.851110209   39.115138546
  103.954827482   37.745725283
  104.058544755   38.215737951
  104.332954866   39.115138546
  104.436672139   38.455358488
  104.540389412   37.648735089
  104.720032998   37.745725283
  104.823750271   37.648735089
  105.446053909   39.087308084
  106.229102147   39.380959751
  106.332819420   38.215737951
  106.955123058   37.483597210
  107.058840331   37.483597623
  107.855507821   41.108253084
  107.959225094   39.847342730
  108.581528732   35.210599863
  108.685246005   35.428833500
  108.788963278   35.210600311
  109.337783499   39.435136056
  110.106971382   35.210599863
  110.210688655   34.773463286
  110.314405928   34.773466489
  110.418123201   35.210600159
  111.049010743   37.471359779
  111.671314380   37.483597210
  112.045272326   35.428833500
  112.148989599   34.773466489
  112.252706872   35.428840705
  112.356424145   37.483616215
  112.460141418   39.087334170
  113.008961640   38.437250763
  113.112678913   41.341875684
  113.216396186   38.437250763
  113.691688440   39.837328127
  113.871332026   39.633330145
  113.975049299   39.730343363
  114.154692885   39.380955843
  114.258410158   38.245585105
  114.532820269   40.809407068
  114.636537542   39.680938728
  114.740254815   38.215721976
  114.919898402   39.680938728
  115.023615675   38.830418035
  115.203259261   39.380955843
  115.306976534   38.215721976
  115.410693807   38.245585105
  116.136714717   35.467365057
  116.784428879   39.730343363
  117.495478679   33.940096744
  117.599195952   33.940071328
  118.279315593   39.837328127
  119.089373391   33.940096744
  119.193090663   34.360588380
  119.296807936   33.940131294
  119.400525209   35.467372307
  120.048239371   37.023291648
  120.151956644   39.186270367
  120.255673917   39.186270367
  120.359391190   41.976586482
  120.539034777   37.023291648
  120.813444887   40.379299398
  120.917162160   39.730338105
  121.096805747   41.686281760
  121.200523020   39.847328980
  121.380166606   40.697435338
  121.483883879   40.102607016
  121.663527465   41.686281760
  121.767244738   40.102607016
  121.870962011   39.847328980
  121.974679284   39.730338105
  122.757727523   32.993732325
  122.861444796   33.107184310
  123.609360688   39.435124848
  123.713077961   39.354768948
  123.816795234   39.373154091
  123.920512506   40.095008820
  124.100156093   39.354768948
  124.203873366   40.095008820
  124.383516952   39.435124848
    0.000000000   47.197377951
    0.103717273   47.250381496
    0.283360859   45.403212267
    0.387078132   45.275222762
    0.490795405   45.274183885
    0.722714278   44.204630336
    0.826431551   43.947720978
    0.930148824   43.772682077
    1.033866097   43.947671623
    1.345017916   44.613991521
    1.448735189   43.903485765
    1.552452462   42.537319704
    1.656169735   42.537301878
    1.759887007   43.903470332
    2.161582278   46.014475715
    2.265299551   44.949845055
    2.369016824   42.927759884
    2.472734097   40.813035481
    2.576451370   42.927750674
    2.680168643   44.949834410
    3.177579210   45.536785362
    3.281296483   46.477343020
    3.385013756   44.056861066
    3.488731029   41.046546396
    3.592448302   41.046542171
    3.696165575   44.056853789
    3.799882848   46.477333274
    4.395693220   42.107326610
    4.499410493   44.103656986
    4.603127766   44.555458300
    4.706845039   42.026563569
    4.810562312   39.689593776
    4.914279585   42.026562646
    5.017996858   44.555457343
    5.121714131   44.103659457
    5.817470749   40.746985064
    5.921188022   42.025075444
    6.024905295   43.252376953
    6.128622568   42.332013757
    6.232339841   39.983957132
    6.336057114   39.984343910
    6.439774387   42.332019556
    6.543491659   43.252376214
    6.647208932   42.025077522
    7.430257171   42.025075444
    7.533974444   43.275117569
    7.637691717   43.040463148
    7.741408990   41.152198126
    7.845126263   40.425248782
    7.948843536   41.152210141
    8.052560809   43.040460079
    8.156278082   43.275113441
    8.259995355   42.025075627
    9.146156123   44.103656986
    9.249873396   43.252376953
    9.353590669   43.040463148
    9.457307942   41.721966192
    9.561025215   40.064793984
    9.664742488   40.064904331
    9.768459761   41.721984229
    9.872177034   43.040463421
    9.975894307   43.252374562
   10.079611580   44.103655514
   11.069011305   46.477343020
   11.172728578   44.555458300
   11.276445851   42.332013757
   11.380163124   41.152198126
   11.483880397   40.064793984
   11.587597670   39.214521761
   11.691314943   40.064961097
   11.795032216   41.152223840
   11.898749489   42.332018916
   12.002466762   44.555451324
   12.106184035   46.477323636
   13.198913311   44.949845055
   13.302630584   44.056861066
   13.406347857   42.026563569
   13.510065130   39.983957132
   13.613782403   40.425248782
   13.717499675   40.064904331
   13.821216948   40.064961097
   13.924934221   40.425353919
   14.028651494   39.984329705
   14.132368767   42.026564580
   14.236086040   44.056852437
   14.339803313   44.949832088
   15.361299986   43.903485765
   15.465017259   42.927759884
   16.586891096   41.046546396
   16.690608369   39.689593776
   16.794325642   39.984343910
   16.898042915   41.152210141
   17.001760188   41.721984229
   17.105477461   41.152223840
   17.209194734   39.984329705
   17.312912007   39.689594458
   17.416629280   41.046541771
   17.520346553   42.927746032
   17.624063826   43.903464841
   18.779010498   43.947720978
   18.882727771   42.537319704
   18.986445044   40.813035481
   19.090162317   41.046542171
   19.193879590   42.026562646
   19.297596863   42.332019556
   20.094264353   43.040460079
   20.197981626   43.040463421
   20.301698899   42.332018916
   20.405416172   42.026564580
   20.509133445   41.046541771
   20.612850718   40.811864633
   20.716567991   42.537256466
   20.820285264   43.947636496
   22.119858969   45.275222762
   22.223576242   43.772682077
   22.327293515   42.537301878
   22.431010788   42.927750674
   22.534728061   44.056853789
   22.638445334   44.555457343
   22.742162606   43.252376214
   22.845879879   43.275113441
   22.949597152   43.252374562
   23.053314425   44.555451324
   23.157031698   44.056852437
   23.530989644   42.927746032
   23.634706917   42.537256466
   23.738424190   43.772364113
   23.842141463   45.272873545
   23.945858736   47.236094205
   25.348919998   45.403123505
   25.528563584   45.731353335
   25.632280857   44.614669191
   25.839715403   44.170265756
   26.213673349   44.044137405
   26.317390622   43.442788575
   26.524825168   41.784715216
   26.628542441   41.784645022
   27.030237712   44.502944365
   27.133954985   43.959052002
   27.341389531   41.599144682
   27.445106804   40.136248387
   27.548824076   41.599132359
   28.000917188   44.042826659
   28.104634461   44.813346057
   28.312069007   42.563655437
   28.415786280   40.198952965
   28.519503553   40.198941515
   28.623220826   42.563644220
   29.141807190   41.461831808
   29.245524463   43.085107984
   29.452959009   43.936455570
   29.556676282   41.396887530
   29.660393555   39.333159063
   29.764110828   41.396874806
   29.867828101   43.936444707
   30.463638473   42.290703704
   30.567355746   41.765114689
   30.774790292   44.601464820
   30.878507565   42.535360697
   30.982224838   39.837671050
   31.085942111   39.837663307
   31.189659384   42.535352684
   31.293376657   44.601380706
   31.924264198   41.765114689
   32.131698744   44.998416920
   32.235416017   43.501253496
   32.339133290   40.745338978
   32.442850563   39.646414773
   32.546567836   40.745352132
   32.650285109   43.501239037
   32.754002382   44.998381596
   33.480023293   43.085107984
   33.687457838   44.998416920
   33.791175111   44.099284652
   33.894892384   41.652330679
   33.998609657   39.211821921
   34.102326930   39.211801318
   34.206044203   41.652339568
   34.309761476   44.099277503
   34.413478749   44.998396871
   35.236709082   44.813346057
   35.444143628   44.601464820
   35.547860901   43.501253496
   35.651578174   41.652330679
   35.755295447   39.270651000
   35.859012719   37.941657330
   35.962729992   39.270718135
   36.066447265   41.652347477
   36.170164538   43.501252028
   36.273881811   44.601408269
   37.195741098   43.959052002
   37.403175644   43.936455570
   37.506892917   42.535360697
   37.610610189   40.745338978
   37.714327462   39.211821921
   37.818044735   37.941657330
   37.921762008   37.940010767
   38.025479281   39.211866957
   38.129196554   40.745363310
   38.232913827   42.535357907
   38.336631100   43.936443370
   39.146688898   43.442788575
   40.315523203   42.563655437
   40.419240476   41.396887530
   40.522957749   39.837671050
   40.626675022   39.646414773
   40.730392295   39.211801318
   40.834109568   39.270718135
   40.937826841   39.211866957
   41.041544114   39.648243083
   41.145261387   39.837694947
   41.248978660   41.396881204
   41.352695933   42.563642810
   42.303280441   44.614669191
   42.510714987   41.599144682
   42.614432260   40.198952965
   42.718149533   39.333159063
   42.821866806   39.837663307
   43.618534296   40.745352132
   43.722251569   41.652339568
   43.825968842   41.652347477
   43.929686115   40.745363310
   44.033403388   39.837694947
   44.137120661   39.333154326
   44.240837934   40.198930363
   44.344555207   41.599108554
   45.447084941   45.403123505
   45.654519487   41.784715216
   45.758236760   40.136248387
   45.861954033   40.198941515
   45.965671306   41.396874806
   46.069388579   42.535352684
   46.173105852   43.501239037
   46.276823125   44.099277503
   46.380540398   43.501252028
   46.484257671   42.535357907
   46.858215617   41.396881204
   46.961932889   40.198930363
   47.065650162   40.132365105
   47.169367435   41.783579145
   47.273084708   44.126263247
   48.478170521   44.204600562
   48.657814107   44.044122095
   48.761531380   43.442776044
   49.035941491   43.331772246
   49.139658764   42.616828033
   49.243376037   41.418143786
   49.554527856   39.856094816
   50.132001192   42.726115255
   50.235718465   42.490309390
   50.339435738   41.802219577
   50.650587557   38.804260061
   50.754304830   38.804242274
   51.350115202   43.172746884
   51.453832475   41.996921124
   51.557549748   42.165287647
   51.868701566   39.999754179
   51.972418839   38.458720349
   52.076136112   39.999729097
   52.707023654   43.470904246
   52.810740927   43.834710510
   52.914458200   42.225650973
   53.225610019   41.477423569
   53.329327292   39.331007110
   53.433044565   39.330881672
   53.536761838   41.477389637
   54.132572210   43.834710510
   54.236289483   43.110164364
   54.547441301   43.005151172
   54.651158574   40.550668268
   54.754875847   39.818621281
   54.858593120   40.550610768
   54.962310393   43.005113634
   55.626424977   41.996921124
   55.730142250   42.225650973
   56.041294069   44.150263106
   56.145011342   41.809492586
   56.248728615   39.540261992
   56.352445888   39.540219268
   56.456163161   41.809486942
   56.559880434   44.150255613
   57.300569916   42.490309390
   57.404287188   42.165287647
   57.715439007   44.150263106
   57.819156280   42.430185697
   57.922873553   39.639492271
   58.026590826   37.968641893
   58.130308099   39.639513913
   58.234025372   42.430191649
   58.337742645   44.150257962
   59.160972978   42.616828033
   59.264690251   41.802219577
   59.575842070   43.005151172
   59.679559342   41.809492586
   59.783276615   39.639492271
   59.886993888   37.013604993
   59.990711161   37.013632233
   60.094428434   39.639521043
   60.198145707   41.809496483
   60.301862980   43.005131831
   60.965977564   44.044122095
   61.069694837   41.418143786
   62.091191510   41.477423569
   62.194908783   40.550668268
   62.298626056   39.540261992
   62.402343329   37.968641893
   62.506060602   37.013632233
   62.609777875   37.968902204
   62.713495148   39.540238102
   62.817212421   40.550680703
   62.920929694   41.477412155
   63.690117577   43.442776044
   64.001269395   39.999754179
   64.104986668   39.331007110
   64.901654158   39.818621281
   65.005371431   39.540219268
   65.109088704   39.639513913
   65.212805977   39.639521043
   65.316523250   39.540238102
   65.420240523   39.818704331
   65.523957796   39.330998495
   65.627675069   39.999740366
   66.549534356   44.204600562
   66.860686174   38.804260061
   66.964403447   38.458720349
   67.068120720   39.330881672
   67.171837993   40.550610768
   67.275555266   41.809486942
   67.379272539   42.430191649
   67.482989812   41.809496483
   67.856947758   40.550680703
   67.960665031   39.330998495
   68.064382304   38.458706475
   68.168099577   38.804120602
   68.271816850   39.815596778
   69.293313523   44.613977156
   69.472957109   44.502936072
   69.576674382   43.959044893
   69.851084493   42.726873376
   69.954801766   42.490325308
   70.058519039   41.802221767
   70.432476984   40.648139724
   70.536194257   42.732443979
   70.639911530   41.609819886
   70.743628803   39.920895290
   71.158497895   37.170736523
   71.941546134   40.239793272
   72.045263407   42.303970247
   72.148980680   44.551445133
   72.252697953   41.302464306
   72.667567045   38.262784638
   72.771284318   38.260898611
   73.467040936   42.303970247
   73.570758209   44.572123177
   73.674475482   42.857616872
   74.089344573   40.403749884
   74.193061846   40.307448693
   74.296779119   40.402115464
   75.022800030   42.732443979
   75.126517303   44.551445133
   75.230234576   42.857616872
   75.645103668   41.066843262
   75.748820941   40.419672807
   75.852538214   40.419668085
   75.956255487   41.066826127
   76.725443369   42.726873376
   76.829160642   41.609819886
   76.932877915   41.302464306
   77.347747007   42.363856294
   77.451464280   40.050718131
   77.555181553   38.774155655
   77.658898826   40.050714562
   77.762616099   42.363852150
   78.503305580   42.490325308
   78.607022853   39.920895290
   79.021891945   42.363856294
   79.125609218   40.619160622
   79.229326491   37.874130528
   79.333043764   37.874133400
   79.436761037   40.619165271
   79.540478310   42.363851102
   80.099012918   44.502936072
   81.220886755   41.802221767
   81.635755847   41.066843262
   81.739473120   40.050718131
   81.843190393   37.874130528
   81.946907666   36.236843237
   82.050624939   37.874141709
   82.154342212   40.050718929
   82.258059485   41.066831195
   82.880363123   43.959044893
   83.858829919   40.403749884
   83.962547192   40.419672807
   84.066264465   38.774155655
   84.169981738   37.874133400
   84.273699010   37.874141709
   84.377416283   38.774231347
   84.481133556   40.419684653
   84.584850829   40.403677796
   85.354038712   44.613977156
   85.768907804   38.262784638
   85.872625077   40.307448693
   85.976342350   40.419668085
   86.080059623   40.050714562
   86.183776896   40.619165271
   86.557734841   40.050718929
   86.661452114   40.419684653
   86.765169387   40.307516793
   86.868886660   38.262707941
   86.972603933   37.170735838
   87.331891106   44.614635733
   88.218051875   46.014463118
   88.397695461   44.042836297
   88.501412734   44.813344351
   88.775822845   43.172728737
   88.879540118   41.997393980
   88.983257391   42.165305885
   89.357215336   40.240048633
   89.460932609   42.303978052
   89.564649882   44.550826364
   89.668367155   41.302522715
   89.942777266   41.968553900
   90.046494539   43.924191714
   90.150211812   42.496975015
   90.668798177   40.511435571
   91.451846416   42.303978052
   91.555563689   43.924191714
   91.659280962   42.305539601
   92.177867326   41.740982798
   92.281584599   41.740988334
   93.078252089   43.172728737
   93.181969362   44.550826364
   93.285686635   42.496975015
   93.804273000   39.635274945
   93.907990273   39.459942001
   94.011707546   39.635265258
   94.737728457   41.997393980
   94.841445729   41.302522715
   95.360032094   40.913012163
   95.463749367   38.690920101
   95.567466640   38.690914190
   95.671183913   40.913009068
   96.440371796   44.042836297
   96.544089069   42.165305885
   97.062675434   40.913012163
   97.166392706   38.855496082
   97.270109979   36.677473583
   97.373827252   38.855492707
   97.477544525   40.913000608
   98.016475284   44.813344351
   98.878015659   39.635274945
   98.981732932   38.690920101
   99.085450205   36.677473583
   99.189167478   36.677499001
   99.292884751   38.690921199
   99.396602024   39.635253747
  100.060716608   46.014463118
  100.579302973   41.740982798
  100.683020246   39.459942001
  100.786737519   38.690914190
  101.160695464   38.855492707
  101.264412737   38.690921199
  101.368130010   39.459739021
  101.471847283   41.740991170
  101.575564556   40.511481876
  102.027657668   43.442769035
  102.131374941   43.442769035
  102.811494582   45.536784637
  102.991138168   41.462293351
  103.094855441   43.085114828
  103.369265552   43.470904097
  103.472982825   43.834696078
  103.576700098   42.225657128
  103.851110209   42.303983137
  103.954827482   44.572164104
  104.058544755   42.857632085
  104.332954866   42.303983137
  104.436672139   43.924752739
  104.540389412   42.306090258
  104.720032998   44.572164104
  104.823750271   42.306090258
  105.446053909   39.780073483
  106.229102147   43.834696078
  106.332819420   42.857632085
  106.955123058   38.808337915
  107.058840331   38.808323067
  107.855507821   41.462293351
  107.959225094   42.225657128
  108.581528732   39.796783992
  108.685246005   37.763778428
  108.788963278   39.796358420
  109.337783499   43.085114828
  110.106971382   39.796783992
  110.210688655   36.789723599
  110.314405928   36.789760230
  110.418123201   39.795218063
  111.049010743   45.536784637
  111.671314380   38.808337915
  112.045272326   37.763778428
  112.148989599   36.789760230
  112.252706872   37.763826912
  112.356424145   38.808313541
  112.460141418   39.780025569
  113.008961640   43.959042578
  113.112678913   41.418144089
  113.216396186   43.959042578
  113.691688440   42.107333086
  113.871332026   42.290695109
  113.975049299   41.765117258
  114.154692885   43.834693621
  114.258410158   43.110152770
  114.532820269   42.732469061
  114.636537542   44.550818486
  114.740254815   42.857639897
  114.919898402   44.550818486
  115.023615675   42.497202003
  115.203259261   43.834693621
  115.306976534   42.857639897
  115.410693807   43.110152770
  116.136714717   37.770946876
  116.784428879   41.765117258
  117.495478679   36.633750107
  117.599195952   36.633785436
  118.279315593   42.107333086
  119.089373391   36.633750107
  119.193090663   35.147008804
  119.296807936   36.633919056
  119.400525209   37.771057587
  120.048239371   44.813339916
  120.151956644   41.802218191
  120.255673917   41.802218191
  120.359391190   42.616807829
  120.539034777   44.813339916
  120.813444887   40.746982314
  120.917162160   41.765115017
  121.096805747   41.997284949
  121.200523020   42.225654878
  121.380166606   41.609820595
  121.483883879   41.302538683
  121.663527465   41.997284949
  121.767244738   41.302538683
  121.870962011   42.225654878
  121.974679284   41.765115017
  122.757727523   34.112553391
  122.861444796   34.115826366
  123.609360688   43.085110111
  123.713077961   42.165297968
  123.816795234   39.920908479
  123.920512506   42.490298754
  124.100156093   42.165297968
  124.203873366   42.490298754
  124.383516952   43.085110111
    0.000000000   47.250558478
    0.103717273   47.616263334
    0.283360859   46.133736576
    0.387078132   46.010165706
    0.490795405   46.010522298
    0.722714278   44.947234610
    0.826431551   44.682036722
    0.930148824   44.475135992
    1.033866097   44.682081936
    1.345017916   45.404393056
    1.448735189   44.671691383
    1.552452462   43.253854058
    1.656169735   43.253870606
    1.759887007   44.671707321
    2.161582278   46.853648873
    2.265299551   45.759658934
    2.369016824   43.689605074
    2.472734097   40.928697730
    2.576451370   43.689614077
    2.680168643   45.759669583
    3.177579210   45.985205104
    3.281296483   47.309559993
    3.385013756   44.834563850
    3.488731029   41.816558855
    3.592448302   41.816562078
    3.696165575   44.834570354
    3.799882848   47.309571376
    4.395693220   42.506656028
    4.499410493   44.536348404
    4.603127766   45.178361124
    4.706845039   42.775028339
    4.810562312   40.506459198
    4.914279585   42.775028159
    5.017996858   45.178362755
    5.121714131   44.536346529
    5.817470749   40.843675858
    5.921188022   42.569672426
    6.024905295   43.858713643
    6.128622568   43.059452679
    6.232339841   40.802022742
    6.336057114   40.801954535
    6.439774387   43.059451527
    6.543491659   43.858717708
    6.647208932   42.569671969
    7.430257171   42.569672426
    7.533974444   43.964077672
    7.637691717   43.851314266
    7.741408990   42.040565298
    7.845126263   41.311652750
    7.948843536   42.040550817
    8.052560809   43.851321959
    8.156278082   43.964084449
    8.259995355   42.569673904
    9.146156123   44.536348404
    9.249873396   43.858713643
    9.353590669   43.851314266
    9.457307942   42.599006019
    9.561025215   40.930763489
    9.664742488   40.929824681
    9.768459761   42.598962266
    9.872177034   43.851316776
    9.975894307   43.858719059
   10.079611580   44.536351508
   11.069011305   47.309559993
   11.172728578   45.178361124
   11.276445851   43.059452679
   11.380163124   42.040565298
   11.483880397   40.930763489
   11.587597670   39.286858881
   11.691314943   40.929565714
   11.795032216   42.040530231
   11.898749489   43.059451796
   12.002466762   45.178373952
   12.106184035   47.309621549
   13.198913311   45.759658934
   13.302630584   44.834563850
   13.406347857   42.775028339
   13.510065130   40.802022742
   13.613782403   41.311652750
   13.717499675   40.929824681
   13.821216948   40.929565714
   13.924934221   41.311473873
   14.028651494   40.801956748
   14.132368767   42.775028395
   14.236086040   44.834572851
   14.339803313   45.759672338
   15.361299986   44.671691383
   15.465017259   43.689605074
   16.586891096   41.816558855
   16.690608369   40.506459198
   16.794325642   40.801954535
   16.898042915   42.040550817
   17.001760188   42.598962266
   17.105477461   42.040530231
   17.209194734   40.801956748
   17.312912007   40.506458879
   17.416629280   41.816562872
   17.520346553   43.689618486
   17.624063826   44.671712266
   18.779010498   44.682036722
   18.882727771   43.253854058
   18.986445044   40.928697730
   19.090162317   41.816562078
   19.193879590   42.775028159
   19.297596863   43.059451527
   20.094264353   43.851321959
   20.197981626   43.851316776
   20.301698899   43.059451796
   20.405416172   42.775028395
   20.509133445   41.816562872
   20.612850718   40.929545543
   20.716567991   43.253898854
   20.820285264   44.682103877
   22.119858969   46.010165706
   22.223576242   44.475135992
   22.327293515   43.253870606
   22.431010788   43.689614077
   22.534728061   44.834570354
   22.638445334   45.178362755
   22.742162606   43.858717708
   22.845879879   43.964084449
   22.949597152   43.858719059
   23.053314425   45.178373952
   23.157031698   44.834572851
   23.530989644   43.689618486
   23.634706917   43.253898854
   23.738424190   44.475283230
   23.842141463   46.010727143
   23.945858736   47.582698602
   25.348919998   46.133830568
   25.528563584   45.763729610
   25.632280857   45.310228866
   25.839715403   44.170393914
   26.213673349   44.743369446
   26.317390622   44.157389466
   26.524825168   42.483596794
   26.628542441   42.483636191
   27.030237712   45.271601933
   27.133954985   44.721846710
   27.341389531   42.342645104
   27.445106804   40.323582924
   27.548824076   42.342657486
   28.000917188   44.549801885
   28.104634461   45.512603386
   28.312069007   43.343604553
   28.415786280   40.975923848
   28.519503553   40.975933552
   28.623220826   43.343614827
   29.141807190   42.037067624
   29.245524463   43.586247284
   29.452959009   44.731057535
   29.556676282   42.184909162
   29.660393555   40.163079725
   29.764110828   42.184918705
   29.867828101   44.731067645
   30.463638473   43.176456707
   30.567355746   42.492862448
   30.774790292   45.198507734
   30.878507565   43.304656817
   30.982224838   40.649512512
   31.085942111   40.649513768
   31.189659384   43.304666779
   31.293376657   45.199993503
   31.924264198   42.492862448
   32.131698744   45.693234060
   32.235416017   44.292555108
   32.339133290   41.589712526
   32.442850563   40.488929911
   32.546567836   41.589708757
   32.650285109   44.292587543
   32.754002382   45.693341495
   33.480023293   43.586247284
   33.687457838   45.693234060
   33.791175111   44.894194466
   33.894892384   42.494310447
   33.998609657   40.066002957
   34.102326930   40.065904633
   34.206044203   42.494289954
   34.309761476   44.894204710
   34.413478749   45.693290148
   35.236709082   45.512603386
   35.444143628   45.198507734
   35.547860901   44.292555108
   35.651578174   42.494310447
   35.755295447   40.141521726
   35.859012719   38.031633049
   35.962729992   40.141270066
   36.066447265   42.494274319
   36.170164538   44.292561103
   36.273881811   45.199476150
   37.195741098   44.721846710
   37.403175644   44.731057535
   37.506892917   43.304656817
   37.610610189   41.589712526
   37.714327462   40.066002957
   37.818044735   38.031633049
   37.921762008   38.032707441
   38.025479281   40.065835970
   38.129196554   41.589691767
   38.232913827   43.304662331
   38.336631100   44.731074083
   39.146688898   44.157389466
   40.315523203   43.343604553
   40.419240476   42.184909162
   40.522957749   40.649512512
   40.626675022   40.488929911
   40.730392295   40.065904633
   40.834109568   40.141270066
   40.937826841   40.065835970
   41.041544114   40.488861538
   41.145261387   40.649502782
   41.248978660   42.184915540
   41.352695933   43.343617329
   42.303280441   45.310228866
   42.510714987   42.342645104
   42.614432260   40.975923848
   42.718149533   40.163079725
   42.821866806   40.649513768
   43.618534296   41.589708757
   43.722251569   42.494289954
   43.825968842   42.494274319
   43.929686115   41.589691767
   44.033403388   40.649502782
   44.137120661   40.163082446
   44.240837934   40.975939965
   44.344555207   42.342674386
   45.447084941   46.133830568
   45.654519487   42.483596794
   45.758236760   40.323582924
   45.861954033   40.975933552
   45.965671306   42.184918705
   46.069388579   43.304666779
   46.173105852   44.292587543
   46.276823125   44.894204710
   46.380540398   44.292561103
   46.484257671   43.304662331
   46.858215617   42.184915540
   46.961932889   40.975939965
   47.065650162   40.325842653
   47.169367435   42.483924631
   47.273084708   44.209369471
   48.478170521   44.947264555
   48.657814107   44.743388600
   48.761531380   44.157401806
   49.035941491   43.351193655
   49.139658764   43.253790819
   49.243376037   42.077990828
   49.554527856   39.856114120
   50.132001192   43.100551343
   50.235718465   43.181938668
   50.339435738   42.540561652
   50.650587557   39.567088632
   50.754304830   39.567102829
   51.350115202   43.860689287
   51.453832475   42.801586302
   51.557549748   42.845073698
   51.868701566   40.800254417
   51.972418839   39.292976720
   52.076136112   40.800272451
   52.707023654   44.146025540
   52.810740927   44.660945208
   52.914458200   43.061214709
   53.225610019   42.289851871
   53.329327292   40.167621896
   53.433044565   40.167666596
   53.536761838   42.289875081
   54.132572210   44.660945208
   54.236289483   43.982400267
   54.547441301   43.811437392
   54.651158574   41.390879924
   54.754875847   40.638983711
   54.858593120   41.390901706
   54.962310393   43.811530670
   55.626424977   42.801586302
   55.730142250   43.061214709
   56.041294069   44.931984126
   56.145011342   42.645962910
   56.248728615   40.140812953
   56.352445888   40.140819930
   56.456163161   42.645973606
   56.559880434   44.931998286
   57.300569916   43.181938668
   57.404287188   42.845073698
   57.715439007   44.931984126
   57.819156280   43.256728478
   57.922873553   40.500019195
   58.026590826   38.581912853
   58.130308099   40.499954145
   58.234025372   43.256713692
   58.337742645   44.931992488
   59.160972978   43.253790819
   59.264690251   42.540561652
   59.575842070   43.811437392
   59.679559342   42.645962910
   59.783276615   40.500019195
   59.886993888   37.886248052
   59.990711161   37.886176347
   60.094428434   40.499938582
   60.198145707   42.645953990
   60.301862980   43.811478087
   60.965977564   44.743388600
   61.069694837   42.077990828
   62.091191510   42.289851871
   62.194908783   41.390879924
   62.298626056   40.140812953
   62.402343329   38.581912853
   62.506060602   37.886176347
   62.609777875   38.581864855
   62.713495148   40.140777576
   62.817212421   41.390876996
   62.920929694   42.289864004
   63.690117577   44.157401806
   64.001269395   40.800254417
   64.104986668   40.167621896
   64.901654158   40.638983711
   65.005371431   40.140819930
   65.109088704   40.499954145
   65.212805977   40.499938582
   65.316523250   40.140777576
   65.420240523   40.638942364
   65.523957796   40.167627856
   65.627675069   40.800266465
   66.549534356   44.947264555
   66.860686174   39.567088632
   66.964403447   39.292976720
   67.068120720   40.167666596
   67.171837993   41.390901706
   67.275555266   42.645973606
   67.379272539   43.256713692
   67.482989812   42.645953990
   67.856947758   41.390876996
   67.960665031   40.167627856
   68.064382304   39.292984279
   68.168099577   39.567154993
   68.271816850   39.892201543
   69.293313523   45.404407980
   69.472957109   45.271608943
   69.576674382   44.721853490
   69.851084493   43.098399727
   69.954801766   43.181922106
   70.058519039   42.540558976
   70.432476984   41.035618149
   70.536194257   43.363575376
   70.639911530   42.610362255
   70.743628803   40.733581415
   71.158497895   38.053608676
   71.941546134   40.418453403
   72.045263407   42.952279057
   72.148980680   44.766789119
   72.252697953   42.262849406
   72.667567045   38.962994377
   72.771284318   38.963184466
   73.467040936   42.952279057
   73.570758209   45.235196928
   73.674475482   43.784241167
   74.089344573   40.639856610
   74.193061846   41.165996064
   74.296779119   40.640717024
   75.022800030   43.363575376
   75.126517303   44.766789119
   75.230234576   43.784241167
   75.645103668   41.919472764
   75.748820941   41.006686970
   75.852538214   41.006693281
   75.956255487   41.919497714
   76.725443369   43.098399727
   76.829160642   42.610362255
   76.932877915   42.262849406
   77.347747007   43.194681309
   77.451464280   40.920844416
   77.555181553   39.218665758
   77.658898826   40.920848619
   77.762616099   43.194688684
   78.503305580   43.181922106
   78.607022853   40.733581415
   79.021891945   43.194681309
   79.125609218   41.489069427
   79.229326491   38.757870009
   79.333043764   38.757861978
   79.436761037   41.489052238
   79.540478310   43.194688459
   80.099012918   45.271608943
   81.220886755   42.540558976
   81.635755847   41.919472764
   81.739473120   40.920844416
   81.843190393   38.757870009
   81.946907666   36.250879789
   82.050624939   38.757854477
   82.154342212   40.920839767
   82.258059485   41.919489220
   82.880363123   44.721853490
   83.858829919   40.639856610
   83.962547192   41.006686970
   84.066264465   39.218665758
   84.169981738   38.757861978
   84.273699010   38.757854477
   84.377416283   39.218644077
   84.481133556   41.006676944
   84.584850829   40.639853846
   85.354038712   45.404407980
   85.768907804   38.962994377
   85.872625077   41.165996064
   85.976342350   41.006693281
   86.080059623   40.920848619
   86.183776896   41.489052238
   86.557734841   40.920839767
   86.661452114   41.006676944
   86.765169387   41.165937516
   86.868886660   38.963001751
   86.972603933   38.053609348
   87.331891106   45.310263120
   88.218051875   46.853663105
   88.397695461   44.549789623
   88.501412734   45.512603789
   88.775822845   43.860717103
   88.879540118   42.801528612
   88.983257391   42.845059568
   89.357215336   40.417878828
   89.460932609   42.952236218
   89.564649882   44.767972736
   89.668367155   42.262837987
   89.942777266   41.980553891
   90.046494539   44.082157816
   90.150211812   43.121677529
   90.668798177   41.415861952
   91.451846416   42.952236218
   91.555563689   44.082157816
   91.659280962   42.726122457
   92.177867326   42.001432827
   92.281584599   42.001443659
   93.078252089   43.860717103
   93.181969362   44.767972736
   93.285686635   43.121677529
   93.804273000   40.544814592
   93.907990273   39.689955289
   94.011707546   40.544829018
   94.737728457   42.801528612
   94.841445729   42.262837987
   95.360032094   41.800264151
   95.463749367   39.591380528
   95.567466640   39.591389133
   95.671183913   41.800268970
   96.440371796   44.549789623
   96.544089069   42.845059568
   97.062675434   41.800264151
   97.166392706   39.756124120
   97.270109979   37.564385145
   97.373827252   39.756135678
   97.477544525   41.800285952
   98.016475284   45.512603789
   98.878015659   40.544814592
   98.981732932   39.591380528
   99.085450205   37.564385145
   99.189167478   37.564362572
   99.292884751   39.591379300
   99.396602024   40.544833714
  100.060716608   46.853663105
  100.579302973   42.001432827
  100.683020246   39.689955289
  100.786737519   39.591389133
  101.160695464   39.756135678
  101.264412737   39.591379300
  101.368130010   39.690034820
  101.471847283   42.001457218
  101.575564556   41.415818975
  102.027657668   44.157408242
  102.131374941   44.157408242
  102.811494582   45.985207335
  102.991138168   42.037002124
  103.094855441   43.586241737
  103.369265552   44.146024548
  103.472982825   44.660964640
  103.576700098   43.061217294
  103.851110209   42.952223264
  103.954827482   45.235007177
  104.058544755   43.784186118
  104.332954866   42.952223264
  104.436672139   44.081193417
  104.540389412   42.724376472
  104.720032998   45.235007177
  104.823750271   42.724376472
  105.446053909   40.154280392
  106.229102147   44.660964640
  106.332819420   43.784186118
  106.955123058   39.742015567
  107.058840331   39.743007129
  107.855507821   42.037002124
  107.959225094   43.061217294
  108.581528732   39.832718454
  108.685246005   38.651588133
  108.788963278   39.833133677
  109.337783499   43.586241737
  110.106971382   39.832718454
  110.210688655   37.673654788
  110.314405928   37.673626802
  110.418123201   39.834425128
  111.049010743   45.985207335
  111.671314380   39.742015567
  112.045272326   38.651588133
  112.148989599   37.673626802
  112.252706872   38.651532319
  112.356424145   39.742415839
  112.460141418   40.154307616
  113.008961640   44.721856254
  113.112678913   42.077996714
  113.216396186   44.721856254
  113.691688440   42.506651476
  113.871332026   43.176466365
  113.975049299   42.492863286
  114.154692885   44.660969674
  114.258410158   43.982415861
  114.532820269   43.363539951
  114.636537542   44.767970297
  114.740254815   43.784176116
  114.919898402   44.767970297
  115.023615675   43.120399790
  115.203259261   44.660969674
  115.306976534   43.784176116
  115.410693807   43.982415861
  116.136714717   38.590026116
  116.784428879   42.492863286
  117.495478679   37.494723359
  117.599195952   37.494702558
  118.279315593   42.506651476
  119.089373391   37.494723359
  119.193090663   35.215417691
  119.296807936   37.494570447
  119.400525209   38.589908692
  120.048239371   45.512610989
  120.151956644   42.540562991
  120.255673917   42.540562991
  120.359391190   43.253804779
  120.539034777   45.512610989
  120.813444887   40.843676444
  120.917162160   42.492865243
  121.096805747   42.801553485
  121.200523020   43.061219130
  121.380166606   42.610363065
  121.483883879   42.262820660
  121.663527465   42.801553485
  121.767244738   42.262820660
  121.870962011   43.061219130
  121.974679284   42.492865243
  122.757727523   35.006892247
  122.861444796   35.005243803
  123.609360688   43.586247638
  123.713077961   42.845068333
  123.816795234   40.733583152
  123.920512506   43.181943079
  124.100156093   42.845068333
  124.203873366   43.181943079
  124.383516952   43.586247638
    0.000000000   47.982805286
    0.103717273   47.626040884
    0.283360859   48.336222642
    0.387078132   47.908495720
    0.490795405   47.908429589
    0.722714278   49.774024212
    0.826431551   49.364357597
    0.930148824   47.956206955
    1.033866097   49.364346484
    1.345017916   49.965210423
    1.448735189   51.040622663
    1.552452462   49.055317861
    1.656169735   49.055315024
    1.759887007   51.040606035
    2.161582278   48.636517208
    2.265299551   50.520577664
    2.369016824   50.096777808
    2.472734097   49.755111807
    2.576451370   50.096774350
    2.680168643   50.520571028
    3.177579210   47.872212711
    3.281296483   47.735218757
    3.385013756   48.806442499
    3.488731029   49.861195662
    3.592448302   49.861189943
    3.696165575   48.806440637
    3.799882848   47.735216764
    4.395693220   48.485881604
    4.499410493   47.578465187
    4.603127766   46.687611910
    4.706845039   47.263730187
    4.810562312   47.583010456
    4.914279585   47.263724837
    5.017996858   46.687602633
    5.121714131   47.578460746
    5.817470749   48.281974354
    5.921188022   47.695037238
    6.024905295   47.123743833
    6.128622568   46.038229614
    6.232339841   44.922845315
    6.336057114   44.922841465
    6.439774387   46.038215563
    6.543491659   47.123736193
    6.647208932   47.695037742
    7.430257171   47.695037238
    7.533974444   47.507605862
    7.637691717   46.836165723
    7.741408990   44.065609639
    7.845126263   42.192974557
    7.948843536   44.065627197
    8.052560809   46.836151446
    8.156278082   47.507606208
    8.259995355   47.695037582
    9.146156123   47.578465187
    9.249873396   47.123743833
    9.353590669   46.836165723
    9.457307942   44.252103642
    9.561025215   41.272611471
    9.664742488   41.273641126
    9.768459761   44.252164069
    9.872177034   46.836155586
    9.975894307   47.123736279
   10.079611580   47.578459043
   11.069011305   47.735218757
   11.172728578   46.687611910
   11.276445851   46.038229614
   11.380163124   44.065609639
   11.483880397   41.272611471
   11.587597670   40.022456102
   11.691314943   41.273908033
   11.795032216   44.065644063
   11.898749489   46.038217346
   12.002466762   46.687592964
   12.106184035   47.735152219
   13.198913311   50.520577664
   13.302630584   48.806442499
   13.406347857   47.263730187
   13.510065130   44.922845315
   13.613782403   42.192974557
   13.717499675   41.273641126
   13.821216948   41.273908033
   13.924934221   42.193140257
   14.028651494   44.922843400
   14.132368767   47.263720353
   14.236086040   48.806432938
   14.339803313   50.520552730
   15.361299986   51.040622663
   15.465017259   50.096777808
   16.586891096   49.861195662
   16.690608369   47.583010456
   16.794325642   44.922841465
   16.898042915   44.065627197
   17.001760188   44.252164069
   17.105477461   44.065644063
   17.209194734   44.922843400
   17.312912007   47.583001201
   17.416629280   49.861151204
   17.520346553   50.096762271
   17.624063826   51.040601806
   18.779010498   49.364357597
   18.882727771   49.055317861
   18.986445044   49.755111807
   19.090162317   49.861189943
   19.193879590   47.263724837
   19.297596863   46.038215563
   20.094264353   46.836151446
   20.197981626   46.836155586
   20.301698899   46.038217346
   20.405416172   47.263720353
   20.509133445   49.861151204
   20.612850718   49.755098705
   20.716567991   49.055310103
   20.820285264   49.364345866
   22.119858969   47.908495720
   22.223576242   47.956206955
   22.327293515   49.055315024
   22.431010788   50.096774350
   22.534728061   48.806440637
   22.638445334   46.687602633
   22.742162606   47.123736193
   22.845879879   47.507606208
   22.949597152   47.123736279
   23.053314425   46.687592964
   23.157031698   48.806432938
   23.530989644   50.096762271
   23.634706917   49.055310103
   23.738424190   47.956205232
   23.842141463   47.908477109
   23.945858736   47.666311235
   25.348919998   48.336186446
   25.528563584   46.407129736
   25.632280857   48.124358484
   25.839715403   46.247967675
   26.213673349   46.618208093
   26.317390622   48.957710848
   26.524825168   46.622916791
   26.628542441   46.622912003
   27.030237712   46.274075974
   27.133954985   48.918182609
   27.341389531   47.628005691
   27.445106804   46.551256965
   27.548824076   47.628004518
   28.000917188   45.830521413
   28.104634461   47.435858246
   28.312069007   47.975915951
   28.415786280   47.152021436
   28.519503553   47.152022803
   28.623220826   47.975917496
   29.141807190   47.429792997
   29.245524463   47.628323511
   29.452959009   46.337753177
   29.556676282   46.916076816
   29.660393555   47.513212836
   29.764110828   46.916076877
   29.867828101   46.337753333
   30.463638473   48.438919182
   30.567355746   48.577355501
   30.774790292   45.270901133
   30.878507565   45.400628654
   30.982224838   45.410388798
   31.085942111   45.410385680
   31.189659384   45.400614631
   31.293376657   45.269438100
   31.924264198   48.577355501
   32.131698744   46.093657810
   32.235416017   45.964312516
   32.339133290   43.900271191
   32.442850563   42.364622977
   32.546567836   43.900268048
   32.650285109   45.964271203
   32.754002382   46.093577740
   33.480023293   47.628323511
   33.687457838   46.093657810
   33.791175111   47.331559668
   33.894892384   44.079674971
   33.998609657   41.006471748
   34.102326930   41.006610936
   34.206044203   44.079706969
   34.309761476   47.331519025
   34.413478749   46.093619939
   35.236709082   47.435858246
   35.444143628   45.270901133
   35.547860901   45.964312516
   35.651578174   44.079674971
   35.755295447   40.922991002
   35.859012719   38.498618612
   35.962729992   40.923289775
   36.066447265   44.079724181
   36.170164538   45.964307069
   36.273881811   45.269949960
   37.195741098   48.918182609
   37.403175644   46.337753177
   37.506892917   45.400628654
   37.610610189   43.900271191
   37.714327462   41.006471748
   37.818044735   38.498618612
   37.921762008   38.499047075
   38.025479281   41.006672646
   38.129196554   43.900287917
   38.232913827   45.400620678
   38.336631100   46.337742706
   39.146688898   48.957710848
   40.315523203   47.975915951
   40.419240476   46.916076816
   40.522957749   45.410388798
   40.626675022   42.364622977
   40.730392295   41.006610936
   40.834109568   40.923289775
   40.937826841   41.006672646
   41.041544114   42.364651679
   41.145261387   45.410381561
   41.248978660   46.916069667
   41.352695933   47.975910066
   42.303280441   48.124358484
   42.510714987   47.628005691
   42.614432260   47.152021436
   42.718149533   47.513212836
   42.821866806   45.410385680
   43.618534296   43.900268048
   43.722251569   44.079706969
   43.825968842   44.079724181
   43.929686115   43.900287917
   44.033403388   45.410381561
   44.137120661   47.513177956
   44.240837934   47.152017677
   44.344555207   47.628000292
   45.447084941   48.336186446
   45.654519487   46.622916791
   45.758236760   46.551256965
   45.861954033   47.152022803
   45.965671306   46.916076877
   46.069388579   45.400614631
   46.173105852   45.964271203
   46.276823125   47.331519025
   46.380540398   45.964307069
   46.484257671   45.400620678
   46.858215617   46.916069667
   46.961932889   47.152017677
   47.065650162   46.551255647
   47.169367435   46.622918868
   47.273084708   46.248084742
   48.478170521   49.774016854
   48.657814107   46.618200245
   48.761531380   48.957707726
   49.035941491   43.940551492
   49.139658764   46.192129247
   49.243376037   49.303203277
   49.554527856   44.974859896
   50.132001192   43.286249802
   50.235718465   45.882783138
   50.339435738   48.851015869
   50.650587557   44.996622179
   50.754304830   44.996622329
   51.350115202   45.521824757
   51.453832475   45.413795485
   51.557549748   46.823622555
   51.868701566   45.390348763
   51.972418839   44.774604303
   52.076136112   45.390351836
   52.707023654   46.269085720
   52.810740927   46.157687225
   52.914458200   46.666967674
   53.225610019   44.871543949
   53.329327292   44.995499552
   53.433044565   44.995502595
   53.536761838   44.871547967
   54.132572210   46.157687225
   54.236289483   47.642919810
   54.547441301   44.858892063
   54.651158574   44.120813906
   54.754875847   43.290520665
   54.858593120   44.120818701
   54.962310393   44.858810375
   55.626424977   45.413795485
   55.730142250   46.666967674
   56.041294069   46.825101845
   56.145011342   44.482851383
   56.248728615   41.629593727
   56.352445888   41.629608197
   56.456163161   44.482865182
   56.559880434   46.825064350
   57.300569916   45.882783138
   57.404287188   46.823622555
   57.715439007   46.825101845
   57.819156280   44.599527088
   57.922873553   41.514875864
   58.026590826   39.595220353
   58.130308099   41.514956790
   58.234025372   44.599557811
   58.337742645   46.825265740
   59.160972978   46.192129247
   59.264690251   48.851015869
   59.575842070   44.858892063
   59.679559342   44.482851383
   59.783276615   41.514875864
   59.886993888   39.057858246
   59.990711161   39.057936321
   60.094428434   41.514975782
   60.198145707   44.482895711
   60.301862980   44.858891805
   60.965977564   46.618200245
   61.069694837   49.303203277
   62.091191510   44.871543949
   62.194908783   44.120813906
   62.298626056   41.629593727
   62.402343329   39.595220353
   62.506060602   39.057936321
   62.609777875   39.595250422
   62.713495148   41.629642533
   62.817212421   44.120835243
   62.920929694   44.871546135
   63.690117577   48.957707726
   64.001269395   45.390348763
   64.104986668   44.995499552
   64.901654158   43.290520665
   65.005371431   41.629608197
   65.109088704   41.514956790
   65.212805977   41.514975782
   65.316523250   41.629642533
   65.420240523   43.290524692
   65.523957796   44.995497769
   65.627675069   45.390347045
   66.549534356   49.774016854
   66.860686174   44.996622179
   66.964403447   44.774604303
   67.068120720   44.995502595
   67.171837993   44.120818701
   67.275555266   44.482865182
   67.379272539   44.599557811
   67.482989812   44.482895711
   67.856947758   44.120835243
   67.960665031   44.995497769
   68.064382304   44.774603099
   68.168099577   44.996622274
   68.271816850   44.974868019
   69.293313523   49.965208630
   69.472957109   46.274079678
   69.576674382   48.918179357
   69.851084493   43.287952007
   69.954801766   45.882784580
   70.058519039   48.851007882
   70.432476984   41.062259368
   70.536194257   44.282681692
   70.639911530   45.850715875
   70.743628803   47.206944958
   71.158497895   43.698764040
   71.941546134   40.918505438
   72.045263407   43.386473534
   72.148980680   45.366564490
   72.252697953   45.128897716
   72.667567045   43.439650173
   72.771284318   43.439654094
   73.467040936   43.386473534
   73.570758209   45.586474672
   73.674475482   44.935342538
   74.089344573   43.415252013
   74.193061846   43.142560587
   74.296779119   43.415277692
   75.022800030   44.282681692
   75.126517303   45.366564490
   75.230234576   44.935342538
   75.645103668   44.525937673
   75.748820941   42.700884912
   75.852538214   42.700957644
   75.956255487   44.527464413
   76.725443369   43.287952007
   76.829160642   45.850715875
   76.932877915   45.128897716
   77.347747007   44.853895555
   77.451464280   42.693420697
   77.555181553   41.223286591
   77.658898826   42.693438416
   77.762616099   44.854103987
   78.503305580   45.882784580
   78.607022853   47.206944958
   79.021891945   44.853895555
   79.125609218   42.430544306
   79.229326491   40.353209855
   79.333043764   40.353218794
   79.436761037   42.430572058
   79.540478310   44.854103686
   80.099012918   46.274079678
   81.220886755   48.851007882
   81.635755847   44.525937673
   81.739473120   42.693420697
   81.843190393   40.353209855
   81.946907666   39.455351969
   82.050624939   40.353222608
   82.154342212   42.693453077
   82.258059485   44.527527386
   82.880363123   48.918179357
   83.858829919   43.415252013
   83.962547192   42.700884912
   84.066264465   41.223286591
   84.169981738   40.353218794
   84.273699010   40.353222608
   84.377416283   41.223298978
   84.481133556   42.700975533
   84.584850829   43.415282928
   85.354038712   49.965208630
   85.768907804   43.439650173
   85.872625077   43.142560587
   85.976342350   42.700957644
   86.080059623   42.693438416
   86.183776896   42.430572058
   86.557734841   42.693453077
   86.661452114   42.700975533
   86.765169387   43.142576940
   86.868886660   43.439653511
   86.972603933   43.698765339
   87.331891106   48.124344985
   88.218051875   48.636513218
   88.397695461   45.830522154
   88.501412734   47.435852923
   88.775822845   45.521930196
   88.879540118   45.413779873
   88.983257391   46.823613313
   89.357215336   40.922033016
   89.460932609   43.386532494
   89.564649882   45.365141708
   89.668367155   45.128890882
   89.942777266   42.549129694
   90.046494539   44.507541210
   90.150211812   43.399305551
   90.668798177   42.313861680
   91.451846416   43.386532494
   91.555563689   44.507541210
   91.659280962   43.151950360
   92.177867326   42.308722560
   92.281584599   42.308731564
   93.078252089   45.521930196
   93.181969362   45.365141708
   93.285686635   43.399305551
   93.804273000   42.094645880
   93.907990273   41.540339442
   94.011707546   42.094647500
   94.737728457   45.413779873
   94.841445729   45.128890882
   95.360032094   42.745215761
   95.463749367   41.961979369
   95.567466640   41.961953713
   95.671183913   42.745231084
   96.440371796   45.830522154
   96.544089069   46.823613313
   97.062675434   42.745215761
   97.166392706   41.450743865
   97.270109979   40.619509878
   97.373827252   41.450713845
   97.477544525   42.745218200
   98.016475284   47.435852923
   98.878015659   42.094645880
   98.981732932   41.961979369
   99.085450205   40.619509878
   99.189167478   40.619508465
   99.292884751   41.961974973
   99.396602024   42.094653244
  100.060716608   48.636513218
  100.579302973   42.308722560
  100.683020246   41.540339442
  100.786737519   41.961953713
  101.160695464   41.450713845
  101.264412737   41.961974973
  101.368130010   41.540348924
  101.471847283   42.308733989
  101.575564556   42.313863294
  102.027657668   48.957704728
  102.131374941   48.957704728
  102.811494582   47.872196133
  102.991138168   47.429767599
  103.094855441   47.628310669
  103.369265552   46.269245870
  103.472982825   46.157659110
  103.576700098   46.666954211
  103.851110209   43.386540396
  103.954827482   45.586873658
  104.058544755   44.935421032
  104.332954866   43.386540396
  104.436672139   44.508297154
  104.540389412   43.154094832
  104.720032998   45.586873658
  104.823750271   43.154094832
  105.446053909   40.413615239
  106.229102147   46.157659110
  106.332819420   44.935421032
  106.955123058   39.769220271
  107.058840331   39.768218065
  107.855507821   47.429767599
  107.959225094   46.666954211
  108.581528732   40.655238673
  108.685246005   40.207080469
  108.788963278   40.655192612
  109.337783499   47.628310669
  110.106971382   40.655238673
  110.210688655   41.082721637
  110.314405928   41.083094562
  110.418123201   40.654660200
  111.049010743   47.872196133
  111.671314380   39.769220271
  112.045272326   40.207080469
  112.148989599   41.083094562
  112.252706872   40.207114006
  112.356424145   39.768864731
  112.460141418   40.413641149
  113.008961640   48.918179339
  113.112678913   49.303200132
  113.216396186   48.918179339
  113.691688440   48.485882632
  113.871332026   48.438704526
  113.975049299   48.577338365
  114.154692885   46.157658876
  114.258410158   47.643313445
  114.532820269   44.282651188
  114.636537542   45.365061717
  114.740254815   44.935423388
  114.919898402   45.365061717
  115.023615675   43.400786621
  115.203259261   46.157658876
  115.306976534   44.935423388
  115.410693807   47.643313445
  116.136714717   38.680881283
  116.784428879   48.577338365
  117.495478679   39.206245437
  117.599195952   39.206246747
  118.279315593   48.485882632
  119.089373391   39.206245437
  119.193090663   40.043777695
  119.296807936   39.206245380
  119.400525209   38.680876213
  120.048239371   47.435849694
  120.151956644   48.851010673
  120.255673917   48.851010673
  120.359391190   46.192132489
  120.539034777   47.435849694
  120.813444887   48.281975433
  120.917162160   48.577338266
  121.096805747   45.413786038
  121.200523020   46.666954803
  121.380166606   45.850755478
  121.483883879   45.128892130
  121.663527465   45.413786038
  121.767244738   45.128892130
  121.870962011   46.666954803
  121.974679284   48.577338266
  122.757727523   39.033152379
  122.861444796   39.033250699
  123.609360688   47.628310760
  123.713077961   46.823613340
  123.816795234   47.206942353
  123.920512506   45.882791911
  124.100156093   46.823613340
  124.203873366   45.882791911
  124.383516952   47.628310760
    0.000000000   48.036270494
    0.103717273   48.060104320
    0.283360859   49.111722727
    0.387078132   48.710207359
    0.490795405   48.710231193
    0.722714278   50.501493918
    0.826431551   50.161993127
    0.930148824   48.743177563
    1.033866097   50.162000506
    1.345017916   50.632715306
    1.448735189   51.791826291
    1.552452462   49.823977933
    1.656169735   49.823980398
    1.759887007   51.793566718
    2.161582278   49.235947504
    2.265299551   50.908781466
    2.369016824   50.814902602
    2.472734097   50.506817533
    2.576451370   50.814908200
    2.680168643   50.908799373
    3.177579210   48.763339094
    3.281296483   48.196539312
    3.385013756   49.407458914
    3.488731029   50.543909150
    3.592448302   50.543914379
    3.696165575   49.407460253
    3.799882848   48.196539698
    4.395693220   49.196396210
    4.499410493   48.346713112
    4.603127766   47.364993934
    4.706845039   47.880243690
    4.810562312   48.200510973
    4.914279585   47.880249169
    5.017996858   47.365002461
    5.121714131   48.346718583
    5.817470749   48.996733043
    5.921188022   48.422529253
    6.024905295   47.857060441
    6.128622568   46.723025789
    6.232339841   45.533079027
    6.336057114   45.533082237
    6.439774387   46.723037060
    6.543491659   47.857067682
    6.647208932   48.422530513
    7.430257171   48.422529253
    7.533974444   48.208645538
    7.637691717   47.568101170
    7.741408990   44.742263602
    7.845126263   42.803400117
    7.948843536   44.742251331
    8.052560809   47.568112929
    8.156278082   48.208646418
    8.259995355   48.422530424
    9.146156123   48.346713112
    9.249873396   47.857060441
    9.353590669   47.568101170
    9.457307942   44.950986331
    9.561025215   41.966029374
    9.664742488   41.965810926
    9.768459761   44.950950642
    9.872177034   47.568109622
    9.975894307   47.857067022
   10.079611580   48.346719127
   11.069011305   48.196539312
   11.172728578   47.364993934
   11.276445851   46.723025789
   11.380163124   44.742263602
   11.483880397   41.966029374
   11.587597670   40.093914473
   11.691314943   41.965753284
   11.795032216   44.742241757
   11.898749489   46.723036137
   12.002466762   47.365008039
   12.106184035   48.196565793
   13.198913311   50.908781466
   13.302630584   49.407458914
   13.406347857   47.880243690
   13.510065130   45.533079027
   13.613782403   42.803400117
   13.717499675   41.965810926
   13.821216948   41.965753284
   13.924934221   42.803331458
   14.028651494   45.533081618
   14.132368767   47.880254816
   14.236086040   49.407471995
   14.339803313   50.908862201
   15.361299986   51.791826291
   15.465017259   50.814902602
   16.586891096   50.543909150
   16.690608369   48.200510973
   16.794325642   45.533082237
   16.898042915   44.742251331
   17.001760188   44.950950642
   17.105477461   44.742241757
   17.209194734   45.533081618
   17.312912007   48.200523188
   17.416629280   50.544073644
   17.520346553   50.814931804
   17.624063826   51.793666374
   18.779010498   50.161993127
   18.882727771   49.823977933
   18.986445044   50.506817533
   19.090162317   50.543914379
   19.193879590   47.880249169
   19.297596863   46.723037060
   20.094264353   47.568112929
   20.197981626   47.568109622
   20.301698899   46.723036137
   20.405416172   47.880254816
   20.509133445   50.544073644
   20.612850718   50.506836239
   20.716567991   49.823985362
   20.820285264   50.162000695
   22.119858969   48.710207359
   22.223576242   48.743177563
   22.327293515   49.823980398
   22.431010788   50.814908200
   22.534728061   49.407460253
   22.638445334   47.365002461
   22.742162606   47.857067682
   22.845879879   48.208646418
   22.949597152   47.857067022
   23.053314425   47.365008039
   23.157031698   49.407471995
   23.530989644   50.814931804
   23.634706917   49.823985362
   23.738424190   48.743177824
   23.842141463   48.710204684
   23.945858736   48.057097669
   25.348919998   49.111739307
   25.528563584   46.438626088
   25.632280857   48.855805354
   25.839715403   47.034965683
   26.213673349   47.255407991
   26.317390622   49.645682561
   26.524825168   47.391524393
   26.628542441   47.391527202
   27.030237712   46.861204344
   27.133954985   49.572453647
   27.341389531   48.366841967
   27.445106804   47.305671307
   27.548824076   48.366842580
   28.000917188   46.628222420
   28.104634461   48.084292555
   28.312069007   48.655061318
   28.415786280   47.882412082
   28.519503553   47.882410500
   28.623220826   48.655058988
   29.141807190   48.255171511
   29.245524463   48.416800223
   29.452959009   46.915527306
   29.556676282   47.579116192
   29.660393555   48.249026073
   29.764110828   47.579115242
   29.867828101   46.915526067
   30.463638473   49.279798286
   30.567355746   49.302249468
   30.774790292   46.049305369
   30.878507565   46.043870288
   30.982224838   45.994295019
   31.085942111   45.994296864
   31.189659384   46.043879368
   31.293376657   46.049367786
   31.924264198   49.302249468
   32.131698744   46.840949873
   32.235416017   46.676879247
   32.339133290   44.542579947
   32.442850563   42.925155708
   32.546567836   44.542579880
   32.650285109   46.676905140
   32.754002382   46.840966325
   33.480023293   48.416800223
   33.687457838   46.840949873
   33.791175111   47.984556933
   33.894892384   44.763426799
   33.998609657   41.680911743
   34.102326930   41.680850353
   34.206044203   44.763405771
   34.309761476   47.984493428
   34.413478749   46.840957593
   35.236709082   48.084292555
   35.444143628   46.049305369
   35.547860901   46.676879247
   35.651578174   44.763426799
   35.755295447   41.598779447
   35.859012719   39.253049717
   35.962729992   41.598661674
   36.066447265   44.763396117
   36.170164538   46.676877809
   36.273881811   46.049345470
   37.195741098   49.572453647
   37.403175644   46.915527306
   37.506892917   46.043870288
   37.610610189   44.542579947
   37.714327462   41.680911743
   37.818044735   39.253049717
   37.921762008   39.252907523
   38.025479281   41.680821208
   38.129196554   44.542567173
   38.232913827   46.043875832
   38.336631100   46.915534026
   39.146688898   49.645682561
   40.315523203   48.655061318
   40.419240476   47.579116192
   40.522957749   45.994295019
   40.626675022   42.925155708
   40.730392295   41.680850353
   40.834109568   41.598661674
   40.937826841   41.680821208
   41.041544114   42.925139223
   41.145261387   45.994304568
   41.248978660   47.579126478
   41.352695933   48.655068294
   42.303280441   48.855805354
   42.510714987   48.366841967
   42.614432260   47.882412082
   42.718149533   48.249026073
   42.821866806   45.994296864
   43.618534296   44.542579880
   43.722251569   44.763405771
   43.825968842   44.763396117
   43.929686115   44.542567173
   44.033403388   45.994304568
   44.137120661   48.249226256
   44.240837934   47.882417476
   44.344555207   48.366847369
   45.447084941   49.111739307
   45.654519487   47.391524393
   45.758236760   47.305671307
   45.861954033   47.882410500
   45.965671306   47.579115242
   46.069388579   46.043879368
   46.173105852   46.676905140
   46.276823125   47.984493428
   46.380540398   46.676877809
   46.484257671   46.043875832
   46.858215617   47.579126478
   46.961932889   47.882417476
   47.065650162   47.305673405
   47.169367435   47.391522679
   47.273084708   47.034899647
   48.478170521   50.501499266
   48.657814107   47.255411816
   48.761531380   49.645685521
   49.035941491   43.959936907
   49.139658764   46.829677165
   49.243376037   49.978814979
   49.554527856   45.748685927
   50.132001192   43.909387269
   50.235718465   46.518161597
   50.339435738   49.495452393
   50.650587557   45.751643048
   50.754304830   45.751642735
   51.350115202   46.369337110
   51.453832475   46.140559165
   51.557549748   47.465514785
   51.868701566   46.116197471
   51.972418839   45.520588531
   52.076136112   46.116194125
   52.707023654   46.770810560
   52.810740927   46.991887370
   52.914458200   47.375447071
   53.225610019   45.541643340
   53.329327292   45.728355768
   53.433044565   45.728348805
   53.536761838   45.541635523
   54.132572210   46.991887370
   54.236289483   47.673209407
   54.547441301   45.596955251
   54.651158574   44.753336686
   54.754875847   43.809510100
   54.858593120   44.753305392
   54.962310393   45.596970360
   55.626424977   46.140559165
   55.730142250   47.375447071
   56.041294069   47.578865743
   56.145011342   45.129806410
   56.248728615   42.292311964
   56.352445888   42.292300042
   56.456163161   45.129771981
   56.559880434   47.578628951
   57.300569916   46.518161597
   57.404287188   47.465514785
   57.715439007   47.578865743
   57.819156280   45.256673798
   57.922873553   42.197626921
   58.026590826   40.353164290
   58.130308099   42.197588470
   58.234025372   45.256644444
   58.337742645   47.578025664
   59.160972978   46.829677165
   59.264690251   49.495452393
   59.575842070   45.596955251
   59.679559342   45.129806410
   59.783276615   42.197626921
   59.886993888   39.781384695
   59.990711161   39.781347696
   60.094428434   42.197578266
   60.198145707   45.129751718
   60.301862980   45.596916253
   60.965977564   47.255411816
   61.069694837   49.978814979
   62.091191510   45.541643340
   62.194908783   44.753336686
   62.298626056   42.292311964
   62.402343329   40.353164290
   62.506060602   39.781347696
   62.609777875   40.353142947
   62.713495148   42.292278851
   62.817212421   44.753295856
   62.920929694   45.541636600
   63.690117577   49.645685521
   64.001269395   46.116197471
   64.104986668   45.728355768
   64.901654158   43.809510100
   65.005371431   42.292300042
   65.109088704   42.197588470
   65.212805977   42.197578266
   65.316523250   42.292278851
   65.420240523   43.809510412
   65.523957796   45.728361470
   65.627675069   46.116200244
   66.549534356   50.501499266
   66.860686174   45.751643048
   66.964403447   45.520588531
   67.068120720   45.728348805
   67.171837993   44.753305392
   67.275555266   45.129771981
   67.379272539   45.256644444
   67.482989812   45.129751718
   67.856947758   44.753295856
   67.960665031   45.728361470
   68.064382304   45.520591516
   68.168099577   45.751644286
   68.271816850   45.748680771
   69.293313523   50.632717881
   69.472957109   46.861201346
   69.576674382   49.572458005
   69.851084493   43.909220196
   69.954801766   46.518161988
   70.058519039   49.495469674
   70.432476984   41.482575699
   70.536194257   44.740217873
   70.639911530   46.487633600
   70.743628803   47.812216165
   71.158497895   44.460912547
   71.941546134   40.945996287
   72.045263407   43.892337227
   72.148980680   45.522076937
   72.252697953   45.754444509
   72.667567045   44.190463424
   72.771284318   44.190460079
   73.467040936   43.892337227
   73.570758209   46.095053924
   73.674475482   45.618682811
   74.089344573   44.189807131
   74.193061846   43.915309817
   74.296779119   44.189734854
   75.022800030   44.740217873
   75.126517303   45.522076937
   75.230234576   45.618682811
   75.645103668   44.808202231
   75.748820941   43.326266122
   75.852538214   43.326032772
   75.956255487   44.804212038
   76.725443369   43.909220196
   76.829160642   46.487633600
   76.932877915   45.754444509
   77.347747007   45.389942569
   77.451464280   43.357380188
   77.555181553   41.991471650
   77.658898826   43.357350330
   77.762616099   45.389466999
   78.503305580   46.518161988
   78.607022853   47.812216165
   79.021891945   45.389942569
   79.125609218   43.104775380
   79.229326491   41.107789888
   79.333043764   41.107785059
   79.436761037   43.104758313
   79.540478310   45.389471519
   80.099012918   46.861201346
   81.220886755   49.495469674
   81.635755847   44.808202231
   81.739473120   43.357380188
   81.843190393   41.107789888
   81.946907666   40.228868474
   82.050624939   41.107781496
   82.154342212   43.357341315
   82.258059485   44.804190085
   82.880363123   49.572458005
   83.858829919   44.189807131
   83.962547192   43.326266122
   84.066264465   41.991471650
   84.169981738   41.107785059
   84.273699010   41.107781496
   84.377416283   41.991458974
   84.481133556   43.326022116
   84.584850829   44.189726914
   85.354038712   50.632717881
   85.768907804   44.190463424
   85.872625077   43.915309817
   85.976342350   43.326032772
   86.080059623   43.357350330
   86.183776896   43.104758313
   86.557734841   43.357341315
   86.661452114   43.326022116
   86.765169387   43.915299405
   86.868886660   44.190462273
   86.972603933   44.460913077
   87.331891106   48.855813682
   88.218051875   49.235950630
   88.397695461   46.628223811
   88.501412734   48.084299502
   88.775822845   46.366922960
   88.879540118   46.140567964
   88.983257391   47.465524393
   89.357215336   40.942749373
   89.460932609   43.892309436
   89.564649882   45.522441917
   89.668367155   45.754448625
   89.942777266   42.561105963
   90.046494539   44.737690438
   90.150211812   43.783166044
   90.668798177   43.038703925
   91.451846416   43.892309436
   91.555563689   44.737690438
   91.659280962   43.440982734
   92.177867326   42.692911966
   92.281584599   42.692837555
   93.078252089   46.366922960
   93.181969362   45.522441917
   93.285686635   43.783166044
   93.804273000   42.835777059
   93.907990273   42.308633676
   94.011707546   42.835760135
   94.737728457   46.140567964
   94.841445729   45.754448625
   95.360032094   43.444997127
   95.463749367   42.708003067
   95.567466640   42.708326384
   95.671183913   43.444590403
   96.440371796   46.628223811
   96.544089069   47.465524393
   97.062675434   43.444997127
   97.166392706   42.223755940
   97.270109979   41.439158194
   97.373827252   42.223795312
   97.477544525   43.444625232
   98.016475284   48.084299502
   98.878015659   42.835777059
   98.981732932   42.708003067
   99.085450205   41.439158194
   99.189167478   41.439159539
   99.292884751   42.708060297
   99.396602024   42.835755605
  100.060716608   49.235950630
  100.579302973   42.692911966
  100.683020246   42.308633676
  100.786737519   42.708326384
  101.160695464   42.223795312
  101.264412737   42.708060297
  101.368130010   42.308627228
  101.471847283   42.692826969
  101.575564556   43.038703559
  102.027657668   49.645688648
  102.131374941   49.645688648
  102.811494582   48.763356933
  102.991138168   48.255220623
  103.094855441   48.416816972
  103.369265552   46.770458053
  103.472982825   46.991929883
  103.576700098   47.375457410
  103.851110209   43.892310129
  103.954827482   46.092035870
  104.058544755   45.618641078
  104.332954866   43.892310129
  104.436672139   44.737341016
  104.540389412   43.440029692
  104.720032998   46.092035870
  104.823750271   43.440029692
  105.446053909   41.206541189
  106.229102147   46.991929883
  106.332819420   45.618641078
  106.955123058   40.548623573
  107.058840331   40.548652220
  107.855507821   48.255220623
  107.959225094   47.375457410
  108.581528732   40.774141930
  108.685246005   41.118361237
  108.788963278   40.774234822
  109.337783499   48.416816972
  110.106971382   40.774141930
  110.210688655   41.214329620
  110.314405928   41.213731202
  110.418123201   40.774586219
  111.049010743   48.763356933
  111.671314380   40.548623573
  112.045272326   41.118361237
  112.148989599   41.213731202
  112.252706872   41.118263744
  112.356424145   40.548590257
  112.460141418   41.206514943
  113.008961640   49.572457867
  113.112678913   49.978820149
  113.216396186   49.572457867
  113.691688440   49.196397018
  113.871332026   49.281286517
  113.975049299   49.302299016
  114.154692885   46.991926530
  114.258410158   47.672753294
  114.532820269   44.740284922
  114.636537542   45.522721155
  114.740254815   45.618640881
  114.919898402   45.522721155
  115.023615675   43.782736796
  115.203259261   46.991926530
  115.306976534   45.618640881
  115.410693807   47.672753294
  116.136714717   39.665885933
  116.784428879   49.302299016
  117.495478679   40.187272226
  117.599195952   40.187263385
  118.279315593   49.196397018
  119.089373391   40.187272226
  119.193090663   40.049082642
  119.296807936   40.187243286
  119.400525209   39.665886519
  120.048239371   48.084299482
  120.151956644   49.495460549
  120.255673917   49.495460549
  120.359391190   46.829673801
  120.539034777   48.084299482
  120.813444887   48.996733744
  120.917162160   49.302297836
  121.096805747   46.140559458
  121.200523020   47.375451072
  121.380166606   46.487468490
  121.483883879   45.754447702
  121.663527465   46.140559458
  121.767244738   45.754447702
  121.870962011   47.375451072
  121.974679284   49.302297836
  122.757727523   39.715968034
  122.861444796   39.698762572
  123.609360688   48.416812961
  123.713077961   47.465521333
  123.816795234   47.812215410
  123.920512506   46.518153316
  124.100156093   47.465521333
  124.203873366   46.518153316
  124.383516952   48.416812961
    0.000000000   55.161823221
    0.103717273   55.569623226
    0.283360859   54.136130489
    0.387078132   54.678691676
    0.490795405   54.678689602
    0.722714278   53.248828333
    0.826431551   53.272897893
    0.930148824   54.063214009
    1.033866097   53.272894344
    1.345017916   53.023337329
    1.448735189   51.807932230
    1.552452462   52.872244524
    1.656169735   52.872242023
    1.759887007   51.806187115
    2.161582278   51.128226545
    2.265299551   51.253889020
    2.369016824   51.696490830
    2.472734097   52.274936246
    2.576451370   51.696484588
    2.680168643   51.253871816
    3.177579210   49.164754342
    3.281296483   49.641684388
    3.385013756   50.741797547
    3.488731029   50.925146973
    3.592448302   50.925155819
    3.696165575   50.741797552
    3.799882848   49.641680439
    4.395693220   49.712014248
    4.499410493   49.636946974
    4.603127766   50.223877221
    4.706845039   50.629386372
    4.810562312   50.550375897
    4.914279585   50.629391893
    5.017996858   50.223870405
    5.121714131   49.636925089
    5.817470749   50.402169971
    5.921188022   50.394752534
    6.024905295   49.901006633
    6.128622568   50.330229669
    6.232339841   51.064800961
    6.336057114   51.064808728
    6.439774387   50.330231829
    6.543491659   49.900976942
    6.647208932   50.394701790
    7.430257171   50.394752534
    7.533974444   49.565969168
    7.637691717   48.863343366
    7.741408990   50.231171223
    7.845126263   50.853219623
    7.948843536   50.231172265
    8.052560809   48.863341785
    8.156278082   49.565933925
    8.259995355   50.394706375
    9.146156123   49.636946974
    9.249873396   49.901006633
    9.353590669   48.863343366
    9.457307942   49.668324855
    9.561025215   50.575198402
    9.664742488   50.575198576
    9.768459761   49.668324830
    9.872177034   48.863339627
    9.975894307   49.900977614
   10.079611580   49.636924044
   11.069011305   49.641684388
   11.172728578   50.223877221
   11.276445851   50.330229669
   11.380163124   50.231171223
   11.483880397   50.575198402
   11.587597670   51.531340877
   11.691314943   50.575198573
   11.795032216   50.231171430
   11.898749489   50.330226166
   12.002466762   50.223863092
   12.106184035   49.641676537
   13.198913311   51.253889020
   13.302630584   50.741797547
   13.406347857   50.629386372
   13.510065130   51.064800961
   13.613782403   50.853219623
   13.717499675   50.575198576
   13.821216948   50.575198573
   13.924934221   50.853219611
   14.028651494   51.064807823
   14.132368767   50.629383370
   14.236086040   50.741785182
   14.339803313   51.253793478
   15.361299986   51.807932230
   15.465017259   51.696490830
   16.586891096   50.925146973
   16.690608369   50.550375897
   16.794325642   51.064808728
   16.898042915   50.231172265
   17.001760188   49.668324830
   17.105477461   50.231171430
   17.209194734   51.064807823
   17.312912007   50.550372861
   17.416629280   50.924994088
   17.520346553   51.696465934
   17.624063826   51.806090701
   18.779010498   53.272897893
   18.882727771   52.872244524
   18.986445044   52.274936246
   19.090162317   50.925155819
   19.193879590   50.629391893
   19.297596863   50.330231829
   20.094264353   48.863341785
   20.197981626   48.863339627
   20.301698899   50.330226166
   20.405416172   50.629383370
   20.509133445   50.924994088
   20.612850718   52.274916376
   20.716567991   52.872240368
   20.820285264   53.272894529
   22.119858969   54.678691676
   22.223576242   54.063214009
   22.327293515   52.872242023
   22.431010788   51.696484588
   22.534728061   50.741797552
   22.638445334   50.223870405
   22.742162606   49.900976942
   22.845879879   49.565933925
   22.949597152   49.900977614
   23.053314425   50.223863092
   23.157031698   50.741785182
   23.530989644   51.696465934
   23.634706917   52.872240368
   23.738424190   54.063211159
   23.842141463   54.678686384
   23.945858736   55.569821353
   25.348919998   54.136131901
   25.528563584   54.947284969
   25.632280857   53.741193388
   25.839715403   56.151951682
   26.213673349   54.189012107
   26.317390622   53.262899304
   26.524825168   54.937076749
   26.628542441   54.937065481
   27.030237712   52.354000762
   27.133954985   52.200816467
   27.341389531   53.397452521
   27.445106804   54.252799816
   27.548824076   53.397436786
   28.000917188   50.983996400
   28.104634461   50.566451951
   28.312069007   52.025837534
   28.415786280   51.746767469
   28.519503553   51.746767068
   28.623220826   52.025778335
   29.141807190   50.079561330
   29.245524463   50.055854460
   29.452959009   50.917336585
   29.556676282   49.621782036
   29.660393555   48.557483373
   29.764110828   49.621787676
   29.867828101   50.917330786
   30.463638473   49.582127648
   30.567355746   49.734117151
   30.774790292   50.125561248
   30.878507565   49.296253797
   30.982224838   48.254576662
   31.085942111   48.254583281
   31.189659384   49.296263039
   31.293376657   50.125541676
   31.924264198   49.734117151
   32.131698744   49.686537818
   32.235416017   48.861969562
   32.339133290   49.347947984
   32.442850563   49.546861830
   32.546567836   49.347953142
   32.650285109   48.861974728
   32.754002382   49.686487863
   33.480023293   50.055854460
   33.687457838   49.686537818
   33.791175111   48.081645740
   33.894892384   50.682674607
   33.998609657   51.878785652
   34.102326930   51.878742653
   34.206044203   50.682643133
   34.309761476   48.081799855
   34.413478749   49.686461033
   35.236709082   50.566451951
   35.444143628   50.125561248
   35.547860901   48.861969562
   35.651578174   50.682674607
   35.755295447   52.421629895
   35.859012719   52.588892529
   35.962729992   52.421583404
   36.066447265   50.682654214
   36.170164538   48.861947995
   36.273881811   50.125490148
   37.195741098   52.200816467
   37.403175644   50.917336585
   37.506892917   49.296253797
   37.610610189   49.347947984
   37.714327462   51.878785652
   37.818044735   52.588892529
   37.921762008   52.588876295
   38.025479281   51.878794149
   38.129196554   49.347952487
   38.232913827   49.296227991
   38.336631100   50.917158089
   39.146688898   53.262899304
   40.315523203   52.025837534
   40.419240476   49.621782036
   40.522957749   48.254576662
   40.626675022   49.546861830
   40.730392295   51.878742653
   40.834109568   52.421583404
   40.937826841   51.878794149
   41.041544114   49.546869985
   41.145261387   48.254574326
   41.248978660   49.621760789
   41.352695933   52.025297174
   42.303280441   53.741193388
   42.510714987   53.397452521
   42.614432260   51.746767469
   42.718149533   48.557483373
   42.821866806   48.254583281
   43.618534296   49.347953142
   43.722251569   50.682643133
   43.825968842   50.682654214
   43.929686115   49.347952487
   44.033403388   48.254574326
   44.137120661   48.557272747
   44.240837934   51.746738528
   44.344555207   53.397376680
   45.447084941   54.136131901
   45.654519487   54.937076749
   45.758236760   54.252799816
   45.861954033   51.746767068
   45.965671306   49.621787676
   46.069388579   49.296263039
   46.173105852   48.861974728
   46.276823125   48.081799855
   46.380540398   48.861947995
   46.484257671   49.296227991
   46.858215617   49.621760789
   46.961932889   51.746738528
   47.065650162   54.250709618
   47.169367435   54.936984285
   47.273084708   56.141059635
   48.478170521   53.248820957
   48.657814107   54.188892458
   48.761531380   53.262884151
   49.035941491   49.676723332
   49.139658764   52.125813671
   49.243376037   52.552416084
   49.554527856   55.015295925
   50.132001192   47.148570847
   50.235718465   49.682464039
   50.339435738   50.352082625
   50.650587557   53.039293115
   50.754304830   53.039292191
   51.350115202   46.532307614
   51.453832475   48.835259395
   51.557549748   49.838123857
   51.868701566   49.922032222
   51.972418839   50.049058328
   52.076136112   49.922034279
   52.707023654   47.546164013
   52.810740927   48.463831170
   52.914458200   48.926199101
   53.225610019   48.152871780
   53.329327292   46.844374003
   53.433044565   46.844386598
   53.536761838   48.152890266
   54.132572210   48.463831170
   54.236289483   48.321126149
   54.547441301   48.170334774
   54.651158574   46.351700871
   54.754875847   45.907544923
   54.858593120   46.351755673
   54.962310393   48.170385891
   55.626424977   48.835259395
   55.730142250   48.926199101
   56.041294069   48.130392421
   56.145011342   47.596300003
   56.248728615   47.699967899
   56.352445888   47.699962634
   56.456163161   47.596304274
   56.559880434   48.130974580
   57.300569916   49.682464039
   57.404287188   49.838123857
   57.715439007   48.130392421
   57.819156280   48.594993329
   57.922873553   49.434387355
   58.026590826   49.589571616
   58.130308099   49.434219626
   58.234025372   48.594514773
   58.337742645   48.129046652
   59.160972978   52.125813671
   59.264690251   50.352082625
   59.575842070   48.170334774
   59.679559342   47.596300003
   59.783276615   49.434387355
   59.886993888   50.657550452
   59.990711161   50.657239451
   60.094428434   49.434252298
   60.198145707   47.596308947
   60.301862980   48.170221599
   60.965977564   54.188892458
   61.069694837   52.552416084
   62.091191510   48.152871780
   62.194908783   46.351700871
   62.298626056   47.699967899
   62.402343329   49.589571616
   62.506060602   50.657239451
   62.609777875   49.589556703
   62.713495148   47.699976661
   62.817212421   46.351739459
   62.920929694   48.152860536
   63.690117577   53.262884151
   64.001269395   49.922032222
   64.104986668   46.844374003
   64.901654158   45.907544923
   65.005371431   47.699962634
   65.109088704   49.434219626
   65.212805977   49.434252298
   65.316523250   47.699976661
   65.420240523   45.907550066
   65.523957796   46.844369082
   65.627675069   49.922017921
   66.549534356   53.248820957
   66.860686174   53.039293115
   66.964403447   50.049058328
   67.068120720   46.844386598
   67.171837993   46.351755673
   67.275555266   47.596304274
   67.379272539   48.594514773
   67.482989812   47.596308947
   67.856947758   46.351739459
   67.960665031   46.844369082
   68.064382304   50.049048623
   68.168099577   53.039178395
   68.271816850   55.003453418
   69.293313523   53.023313499
   69.472957109   52.353949339
   69.576674382   52.200805212
   69.851084493   47.148577200
   69.954801766   49.682463928
   70.058519039   50.352066780
   70.432476984   49.674705954
   70.536194257   45.507342212
   70.639911530   46.771576775
   70.743628803   49.236996469
   71.158497895   51.669591031
   71.941546134   52.882812215
   72.045263407   48.731129830
   72.148980680   45.909526839
   72.252697953   48.472562244
   72.667567045   47.857805231
   72.771284318   47.857807169
   73.467040936   48.731129830
   73.570758209   46.169301956
   73.674475482   47.523771915
   74.089344573   45.053107031
   74.193061846   44.563602139
   74.296779119   45.053215814
   75.022800030   45.507342212
   75.126517303   45.909526839
   75.230234576   47.523771915
   75.645103668   45.112977396
   75.748820941   43.929008820
   75.852538214   43.929202946
   75.956255487   45.115905682
   76.725443369   47.148577200
   76.829160642   46.771576775
   76.932877915   48.472562244
   77.347747007   46.169972432
   77.451464280   45.385660903
   77.555181553   45.321084530
   77.658898826   45.385625993
   77.762616099   46.168907807
   78.503305580   49.682463928
   78.607022853   49.236996469
   79.021891945   46.169972432
   79.125609218   46.289544508
   79.229326491   46.729624083
   79.333043764   46.729553775
   79.436761037   46.289177035
   79.540478310   46.169243086
   80.099012918   52.353949339
   81.220886755   50.352066780
   81.635755847   45.112977396
   81.739473120   45.385660903
   81.843190393   46.729624083
   81.946907666   47.880457835
   82.050624939   46.729544768
   82.154342212   45.385654331
   82.258059485   45.115879136
   82.880363123   52.200805212
   83.858829919   45.053107031
   83.962547192   43.929008820
   84.066264465   45.321084530
   84.169981738   46.729553775
   84.273699010   46.729544768
   84.377416283   45.321091292
   84.481133556   43.929221070
   84.584850829   45.053211391
   85.354038712   53.023313499
   85.768907804   47.857805231
   85.872625077   44.563602139
   85.976342350   43.929202946
   86.080059623   45.385625993
   86.183776896   46.289177035
   86.557734841   45.385654331
   86.661452114   43.929221070
   86.765169387   44.563605815
   86.868886660   47.857803231
   86.972603933   51.669591083
   87.331891106   53.741189200
   88.218051875   51.128226815
   88.397695461   50.983956792
   88.501412734   50.566449819
   88.775822845   46.535403563
   88.879540118   48.835261971
   88.983257391   49.838121906
   89.357215336   52.881738030
   89.460932609   48.731070919
   89.564649882   45.910225409
   89.668367155   48.472565237
   89.942777266   50.766867357
   90.046494539   46.993684268
   90.150211812   47.943309332
   90.668798177   45.366827324
   91.451846416   48.731070919
   91.555563689   46.993684268
   91.659280962   48.214987947
   92.177867326   43.426796701
   92.281584599   43.426851992
   93.078252089   46.535403563
   93.181969362   45.910225409
   93.285686635   47.943309332
   93.804273000   44.147435307
   93.907990273   43.709530364
   94.011707546   44.147374367
   94.737728457   48.835261971
   94.841445729   48.472565237
   95.360032094   43.622575366
   95.463749367   42.802123420
   95.567466640   42.801783315
   95.671183913   43.622770966
   96.440371796   50.983956792
   96.544089069   49.838121906
   97.062675434   43.622575366
   97.166392706   43.456335598
   97.270109979   43.976829862
   97.373827252   43.456218339
   97.477544525   43.622831966
   98.016475284   50.566449819
   98.878015659   44.147435307
   98.981732932   42.802123420
   99.085450205   43.976829862
   99.189167478   43.976791771
   99.292884751   42.802046894
   99.396602024   44.147457560
  100.060716608   51.128226815
  100.579302973   43.426796701
  100.683020246   43.709530364
  100.786737519   42.801783315
  101.160695464   43.456218339
  101.264412737   42.802046894
  101.368130010   43.709556616
  101.471847283   43.426894336
  101.575564556   45.366826731
  102.027657668   53.262860257
  102.131374941   53.262860257
  102.811494582   49.164755062
  102.991138168   50.079490922
  103.094855441   50.055825433
  103.369265552   47.546301620
  103.472982825   48.463806698
  103.576700098   48.926196284
  103.851110209   48.731056985
  103.954827482   46.172184936
  104.058544755   47.523774819
  104.332954866   48.731056985
  104.436672139   46.993668653
  104.540389412   48.214987821
  104.720032998   46.172184936
  104.823750271   48.214987821
  105.446053909   46.228535853
  106.229102147   48.463806698
  106.332819420   47.523774819
  106.955123058   44.041658747
  107.058840331   44.041524982
  107.855507821   50.079490922
  107.959225094   48.926196284
  108.581528732   42.438555779
  108.685246005   42.003881030
  108.788963278   42.438588249
  109.337783499   50.055825433
  110.106971382   42.438555779
  110.210688655   41.965438484
  110.314405928   41.966139294
  110.418123201   42.438375734
  111.049010743   49.164755062
  111.671314380   44.041658747
  112.045272326   42.003881030
  112.148989599   41.966139294
  112.252706872   42.003883999
  112.356424145   44.041207766
  112.460141418   46.210096618
  113.008961640   52.200798434
  113.112678913   52.552311881
  113.216396186   52.200798434
  113.691688440   49.711966142
  113.871332026   49.580621495
  113.975049299   49.733974984
  114.154692885   48.463807471
  114.258410158   48.321378617
  114.532820269   45.507312971
  114.636537542   45.909967231
  114.740254815   47.523775655
  114.919898402   45.909967231
  115.023615675   47.943308944
  115.203259261   48.463807471
  115.306976534   47.523775655
  115.410693807   48.321378617
  116.136714717   42.840438855
  116.784428879   49.733974984
  117.495478679   41.271985851
  117.599195952   41.267261103
  118.279315593   49.711966142
  119.089373391   41.271985851
  119.193090663   40.375933378
  119.296807936   41.252809976
  119.400525209   42.815934593
  120.048239371   50.566453180
  120.151956644   50.352073679
  120.255673917   50.352073679
  120.359391190   52.125806573
  120.539034777   50.566453180
  120.813444887   50.402097394
  120.917162160   49.733992410
  121.096805747   48.835264899
  121.200523020   48.926208441
  121.380166606   46.771729338
  121.483883879   48.472568902
  121.663527465   48.835264899
  121.767244738   48.472568902
  121.870962011   48.926208441
  121.974679284   49.733992410
  122.757727523   39.716592837
  122.861444796   39.733822986
  123.609360688   50.055846238
  123.713077961   49.838129168
  123.816795234   49.237006758
  123.920512506   49.682462158
  124.100156093   49.838129168
  124.203873366   49.682462158
  124.383516952   50.055846238
    0.000000000   55.163145830
    0.103717273   55.595717340
    0.283360859   54.815527875
    0.387078132   55.290296914
    0.490795405   55.290301864
    0.722714278   54.018566548
    0.826431551   53.936815367
    0.930148824   54.739333542
    1.033866097   53.936820268
    1.345017916   53.827079544
    1.448735189   52.506639119
    1.552452462   53.591158802
    1.656169735   53.591162310
    1.759887007   52.506662026
    2.161582278   51.675783890
    2.265299551   51.539096257
    2.369016824   52.449410842
    2.472734097   53.028537876
    2.576451370   52.449418456
    2.680168643   51.539102648
    3.177579210   49.851047159
    3.281296483   50.420504601
    3.385013756   51.527111706
    3.488731029   51.667933233
    3.592448302   51.667918230
    3.696165575   51.527111809
    3.799882848   50.420510802
    4.395693220   50.673778404
    4.499410493   50.549548239
    4.603127766   51.062534094
    4.706845039   51.416923848
    4.810562312   51.312514525
    4.914279585   51.416915216
    5.017996858   51.062548042
    5.121714131   50.549587941
    5.817470749   51.383631126
    5.921188022   51.406300626
    6.024905295   50.797198614
    6.128622568   51.055799671
    6.232339841   51.775654923
    6.336057114   51.775536680
    6.439774387   51.055788550
    6.543491659   50.797260439
    6.647208932   51.406397636
    7.430257171   51.406300626
    7.533974444   50.470421572
    7.637691717   49.504626120
    7.741408990   50.798361422
    7.845126263   51.415643596
    7.948843536   50.798359880
    8.052560809   49.504625783
    8.156278082   50.470469381
    8.259995355   51.406381448
    9.146156123   50.549548239
    9.249873396   50.797198614
    9.353590669   49.504626120
    9.457307942   50.235574117
    9.561025215   51.160869639
    9.664742488   51.160869728
    9.768459761   50.235574275
    9.872177034   49.504628614
    9.975894307   50.797244751
   10.079611580   50.549587809
   11.069011305   50.420504601
   11.172728578   51.062534094
   11.276445851   51.055799671
   11.380163124   50.798361422
   11.483880397   51.160869639
   11.587597670   51.532300573
   11.691314943   51.160869573
   11.795032216   50.798360414
   11.898749489   51.055787324
   12.002466762   51.062560375
   12.106184035   50.420515202
   13.198913311   51.539096257
   13.302630584   51.527111706
   13.406347857   51.416923848
   13.510065130   51.775654923
   13.613782403   51.415643596
   13.717499675   51.160869728
   13.821216948   51.160869573
   13.924934221   51.415643087
   14.028651494   51.775543836
   14.132368767   51.416927672
   14.236086040   51.527128075
   14.339803313   51.539138278
   15.361299986   52.506639119
   15.465017259   52.449410842
   16.586891096   51.667933233
   16.690608369   51.312514525
   16.794325642   51.775536680
   16.898042915   50.798359880
   17.001760188   50.235574275
   17.105477461   50.798360414
   17.209194734   51.775543836
   17.312912007   51.312514440
   17.416629280   51.667985096
   17.520346553   52.449433475
   17.624063826   52.506663053
   18.779010498   53.936815367
   18.882727771   53.591158802
   18.986445044   53.028537876
   19.090162317   51.667918230
   19.193879590   51.416915216
   19.297596863   51.055788550
   20.094264353   49.504625783
   20.197981626   49.504628614
   20.301698899   51.055787324
   20.405416172   51.416927672
   20.509133445   51.667985096
   20.612850718   53.028691376
   20.716567991   53.591167154
   20.820285264   53.936822178
   22.119858969   55.290296914
   22.223576242   54.739333542
   22.327293515   53.591162310
   22.431010788   52.449418456
   22.534728061   51.527111809
   22.638445334   51.062548042
   22.742162606   50.797260439
   22.845879879   50.470469381
   22.949597152   50.797244751
   23.053314425   51.062560375
   23.157031698   51.527128075
   23.530989644   52.449433475
   23.634706917   53.591167154
   23.738424190   54.739341126
   23.842141463   55.290319498
   23.945858736   55.590975692
   25.348919998   54.815518792
   25.528563584   54.969309561
   25.632280857   54.496113680
   25.839715403   56.151956195
   26.213673349   54.739840089
   26.317390622   54.061585277
   26.524825168   55.559666494
   26.628542441   55.559737568
   27.030237712   52.706958681
   27.133954985   52.936947820
   27.341389531   54.130453522
   27.445106804   54.299305903
   27.548824076   54.130675306
   28.000917188   51.245965943
   28.104634461   51.256273085
   28.312069007   52.235398231
   28.415786280   52.448925656
   28.519503553   52.448927741
   28.623220826   52.235495863
   29.141807190   50.662031631
   29.245524463   50.798737168
   29.452959009   51.658663371
   29.556676282   50.294303759
   29.660393555   49.169243665
   29.764110828   50.294298829
   29.867828101   51.658674848
   30.463638473   50.449424211
   30.567355746   50.591493711
   30.774790292   51.054881186
   30.878507565   50.049849238
   30.982224838   49.017460858
   31.085942111   49.017455402
   31.189659384   50.049840043
   31.293376657   51.054909541
   31.924264198   50.591493711
   32.131698744   50.666872878
   32.235416017   49.652229639
   32.339133290   50.170284685
   32.442850563   50.391553292
   32.546567836   50.170285883
   32.650285109   49.652221769
   32.754002382   50.666954146
   33.480023293   50.798737168
   33.687457838   50.666872878
   33.791175111   48.723842363
   33.894892384   51.472181145
   33.998609657   52.779662571
   34.102326930   52.780822161
   34.206044203   51.472290753
   34.309761476   48.723791528
   34.413478749   50.667062924
   35.236709082   51.256273085
   35.444143628   51.054881186
   35.547860901   49.652229639
   35.651578174   51.472181145
   35.755295447   53.104739167
   35.859012719   53.284811477
   35.962729992   53.105099065
   36.066447265   51.472258760
   36.170164538   49.652280806
   36.273881811   51.055077258
   37.195741098   52.936947820
   37.403175644   51.658663371
   37.506892917   50.049849238
   37.610610189   50.170284685
   37.714327462   52.779662571
   37.818044735   53.284811477
   37.921762008   53.285112143
   38.025479281   52.778943427
   38.129196554   50.170284588
   38.232913827   50.049902829
   38.336631100   51.661005420
   39.146688898   54.061585277
   40.315523203   52.235398231
   40.419240476   50.294303759
   40.522957749   49.017460858
   40.626675022   50.391553292
   40.730392295   52.780822161
   40.834109568   53.105099065
   40.937826841   52.778943427
   41.041544114   50.391541032
   41.145261387   49.017462127
   41.248978660   50.294332400
   41.352695933   52.236327471
   42.303280441   54.496113680
   42.510714987   54.130453522
   42.614432260   52.448925656
   42.718149533   49.169243665
   42.821866806   49.017455402
   43.618534296   50.170285883
   43.722251569   51.472290753
   43.825968842   51.472258760
   43.929686115   50.170284588
   44.033403388   49.017462127
   44.137120661   49.169290956
   44.240837934   52.448991818
   44.344555207   54.131691580
   45.447084941   54.815518792
   45.654519487   55.559666494
   45.758236760   54.299305903
   45.861954033   52.448927741
   45.965671306   50.294298829
   46.069388579   50.049840043
   46.173105852   49.652221769
   46.276823125   48.723791528
   46.380540398   49.652280806
   46.484257671   50.049902829
   46.858215617   50.294332400
   46.961932889   52.448991818
   47.065650162   54.301649133
   47.169367435   55.560377171
   47.273084708   56.163165713
   48.478170521   54.018731640
   48.657814107   54.740301326
   48.761531380   54.061659712
   49.035941491   50.137632898
   49.139658764   52.729938027
   49.243376037   53.299998506
   49.554527856   55.015297256
   50.132001192   47.611449635
   50.235718465   50.229130351
   50.339435738   51.038293316
   50.650587557   53.614001882
   50.754304830   53.614010706
   51.350115202   46.863782327
   51.453832475   49.426263831
   51.557549748   50.546759401
   51.868701566   50.501102200
   51.972418839   50.641637132
   52.076136112   50.501101580
   52.707023654   48.553794051
   52.810740927   49.123743781
   52.914458200   49.627456098
   53.225610019   48.742554490
   53.329327292   47.397053097
   53.433044565   47.397045408
   53.536761838   48.742541163
   54.132572210   49.123743781
   54.236289483   48.412966966
   54.547441301   48.811688439
   54.651158574   47.110367913
   54.754875847   46.730672385
   54.858593120   47.110338843
   54.962310393   48.811703539
   55.626424977   49.426263831
   55.730142250   49.627456098
   56.041294069   48.359151712
   56.145011342   48.504636826
   56.248728615   48.603623681
   56.352445888   48.603642838
   56.456163161   48.504784901
   56.559880434   48.359583767
   57.300569916   50.229130351
   57.404287188   50.546759401
   57.715439007   48.359151712
   57.819156280   49.168501199
   57.922873553   50.332267137
   58.026590826   50.466397626
   58.130308099   50.333505037
   58.234025372   49.170942770
   58.337742645   48.363981963
   59.160972978   52.729938027
   59.264690251   51.038293316
   59.575842070   48.811688439
   59.679559342   48.504636826
   59.783276615   50.332267137
   59.886993888   51.176133424
   59.990711161   51.177564247
   60.094428434   50.333287782
   60.198145707   48.504743259
   60.301862980   48.812256899
   60.965977564   54.740301326
   61.069694837   53.299998506
   62.091191510   48.742554490
   62.194908783   47.110367913
   62.298626056   48.603623681
   62.402343329   50.466397626
   62.506060602   51.177564247
   62.609777875   50.466450802
   62.713495148   48.603617563
   62.817212421   47.110352134
   62.920929694   48.742587104
   63.690117577   54.061659712
   64.001269395   50.501102200
   64.104986668   47.397053097
   64.901654158   46.730672385
   65.005371431   48.603642838
   65.109088704   50.333505037
   65.212805977   50.333287782
   65.316523250   48.603617563
   65.420240523   46.730665917
   65.523957796   47.397056826
   65.627675069   50.501126264
   66.549534356   54.018731640
   66.860686174   53.614001882
   66.964403447   50.641637132
   67.068120720   47.397045408
   67.171837993   47.110338843
   67.275555266   48.504784901
   67.379272539   49.170942770
   67.482989812   48.504743259
   67.856947758   47.110352134
   67.960665031   47.397056826
   68.064382304   50.641649706
   68.168099577   53.614780831
   68.271816850   55.027455278
   69.293313523   53.827194752
   69.472957109   52.707137203
   69.576674382   52.936962042
   69.851084493   47.611444056
   69.954801766   50.229130618
   70.058519039   51.038300252
   70.432476984   50.660058347
   70.536194257   46.516718777
   70.639911530   47.284002513
   70.743628803   49.879999323
   71.158497895   52.080690985
   71.941546134   53.675650702
   72.045263407   49.687649471
   72.148980680   46.472206173
   72.252697953   49.079464606
   72.667567045   48.322451456
   72.771284318   48.322450467
   73.467040936   49.687649471
   73.570758209   47.002397727
   73.674475482   48.123694689
   74.089344573   45.550744418
   74.193061846   45.019454629
   74.296779119   45.550689173
   75.022800030   46.516718777
   75.126517303   46.472206173
   75.230234576   48.123694689
   75.645103668   45.693506153
   75.748820941   44.845230803
   75.852538214   44.845199034
   75.956255487   45.693086986
   76.725443369   47.611444056
   76.829160642   47.284002513
   76.932877915   49.079464606
   77.347747007   46.720653005
   77.451464280   46.311831640
   77.555181553   46.227212619
   77.658898826   46.311975762
   77.762616099   46.726011101
   78.503305580   50.229130618
   78.607022853   49.879999323
   79.021891945   46.720653005
   79.125609218   47.134382781
   79.229326491   47.599826460
   79.333043764   47.600092483
   79.436761037   47.143872510
   79.540478310   46.724771427
   80.099012918   52.707137203
   81.220886755   51.038300252
   81.635755847   45.693506153
   81.739473120   46.311831640
   81.843190393   47.599826460
   81.946907666   47.917385287
   82.050624939   47.600130121
   82.154342212   46.311905150
   82.258059485   45.693050768
   82.880363123   52.936962042
   83.858829919   45.550744418
   83.962547192   44.845230803
   84.066264465   46.227212619
   84.169981738   47.600092483
   84.273699010   47.600130121
   84.377416283   46.227208151
   84.481133556   44.845170951
   84.584850829   45.550695511
   85.354038712   53.827194752
   85.768907804   48.322451456
   85.872625077   45.019454629
   85.976342350   44.845199034
   86.080059623   46.311975762
   86.183776896   47.143872510
   86.557734841   46.311905150
   86.661452114   44.845170951
   86.765169387   45.019452823
   86.868886660   48.322454364
   86.972603933   52.080690041
   87.331891106   54.496126507
   88.218051875   51.675784932
   88.397695461   51.246049831
   88.501412734   51.256276295
   88.775822845   46.862993860
   88.879540118   49.426263963
   88.983257391   50.546760854
   89.357215336   53.687694623
   89.460932609   49.687787993
   89.564649882   46.472001706
   89.668367155   49.079461680
   89.942777266   50.832123510
   90.046494539   47.824371233
   90.150211812   48.535976847
   90.668798177   45.749028375
   91.451846416   49.687787993
   91.555563689   47.824371233
   91.659280962   48.840741210
   92.177867326   44.209274871
   92.281584599   44.209274575
   93.078252089   46.862993860
   93.181969362   46.472001706
   93.285686635   48.535976847
   93.804273000   44.979516458
   93.907990273   44.620854302
   94.011707546   44.979736996
   94.737728457   49.426263963
   94.841445729   49.079461680
   95.360032094   44.463612036
   95.463749367   43.736765583
   95.567466640   43.736836473
   95.671183913   44.464781522
   96.440371796   51.246049831
   96.544089069   50.546760854
   97.062675434   44.463612036
   97.166392706   44.342487442
   97.270109979   44.853793769
   97.373827252   44.342879808
   97.477544525   44.464402788
   98.016475284   51.256276295
   98.878015659   44.979516458
   98.981732932   43.736765583
   99.085450205   44.853793769
   99.189167478   44.853989289
   99.292884751   43.736816384
   99.396602024   44.979550763
  100.060716608   51.675784932
  100.579302973   44.209274871
  100.683020246   44.620854302
  100.786737519   43.736836473
  101.160695464   44.342879808
  101.264412737   43.736816384
  101.368130010   44.620819691
  101.471847283   44.209213125
  101.575564556   45.749028837
  102.027657668   54.061777823
  102.131374941   54.061777823
  102.811494582   49.851047848
  102.991138168   50.662033304
  103.094855441   50.799654828
  103.369265552   48.554004455
  103.472982825   49.123753793
  103.576700098   49.627459040
  103.851110209   49.687820243
  103.954827482   47.002294009
  104.058544755   48.123692325
  104.332954866   49.687820243
  104.436672139   47.824398813
  104.540389412   48.840741258
  104.720032998   47.002294009
  104.823750271   48.840741258
  105.446053909   46.230790941
  106.229102147   49.123753793
  106.332819420   48.123692325
  106.955123058   44.590564885
  107.058840331   44.591304387
  107.855507821   50.662033304
  107.959225094   49.627459040
  108.581528732   43.149668184
  108.685246005   42.898727272
  108.788963278   43.149723775
  109.337783499   50.799654828
  110.106971382   43.149668184
  110.210688655   42.135792874
  110.314405928   42.135556517
  110.418123201   43.153381966
  111.049010743   49.851047848
  111.671314380   44.590564885
  112.045272326   42.898727272
  112.148989599   42.135556517
  112.252706872   42.899095074
  112.356424145   44.592689764
  112.460141418   46.252499519
  113.008961640   52.936976749
  113.112678913   53.300833520
  113.216396186   52.936976749
  113.691688440   50.673895523
  113.871332026   50.449614597
  113.975049299   50.592285617
  114.154692885   49.123748099
  114.258410158   48.412772900
  114.532820269   46.516723680
  114.636537542   46.472069364
  114.740254815   48.123691548
  114.919898402   46.472069364
  115.023615675   48.535976794
  115.203259261   49.123748099
  115.306976534   48.123691548
  115.410693807   48.412772900
  116.136714717   42.840505675
  116.784428879   50.592285617
  117.495478679   41.276368306
  117.599195952   41.281176121
  118.279315593   50.673895523
  119.089373391   41.276368306
  119.193090663   41.018605512
  119.296807936   41.296624463
  119.400525209   42.866421752
  120.048239371   51.256272211
  120.151956644   51.038301198
  120.255673917   51.038301198
  120.359391190   52.729946221
  120.539034777   51.256272211
  120.813444887   51.383792872
  120.917162160   50.592114507
  121.096805747   49.426258992
  121.200523020   49.627449878
  121.380166606   47.283973939
  121.483883879   49.079457986
  121.663527465   49.426258992
  121.767244738   49.079457986
  121.870962011   49.627449878
  121.974679284   50.592114507
  122.757727523   40.031933191
  122.861444796   40.032632103
  123.609360688   50.799102757
  123.713077961   50.546753879
  123.816795234   49.879991306
  123.920512506   50.229132419
  124.100156093   50.546753879
  124.203873366   50.229132419
  124.383516952   50.799102757
    0.000000000   55.780410804
    0.103717273   55.595939308
    0.283360859   55.107665786
    0.387078132   55.636186985
    0.490795405   55.636186058
    0.722714278   54.111124718
    0.826431551   54.817703757
    0.930148824   55.900947308
    1.033866097   54.817702685
    1.345017916   54.199577022
    1.448735189   54.165090851
    1.552452462   54.963337749
    1.656169735   54.963335904
    1.759887007   54.165088012
    2.161582278   52.130781172
    2.265299551   53.667378358
    2.369016824   53.721345520
    2.472734097   53.244228587
    2.576451370   53.721343147
    2.680168643   53.667386346
    3.177579210   51.610260666
    3.281296483   52.116987172
    3.385013756   53.235829593
    3.488731029   52.645292389
    3.592448302   52.645305894
    3.696165575   53.235836386
    3.799882848   52.116989533
    4.395693220   51.753906050
    4.499410493   52.114563239
    4.603127766   52.296533417
    4.706845039   53.157096621
    4.810562312   53.248434543
    4.914279585   53.157100456
    5.017996858   52.296525432
    5.121714131   52.114535000
    5.817470749   52.846033442
    5.921188022   53.228922524
    6.024905295   52.034692860
    6.128622568   51.564384119
    6.232339841   51.857825830
    6.336057114   51.857945760
    6.439774387   51.564406830
    6.543491659   52.034657098
    6.647208932   53.228864722
    7.430257171   53.228922524
    7.533974444   53.069917776
    7.637691717   52.161802383
    7.741408990   52.580137268
    7.845126263   53.050588553
    7.948843536   52.580141027
    8.052560809   52.161822870
    8.156278082   53.070150250
    8.259995355   53.228910343
    9.146156123   52.114563239
    9.249873396   52.034692860
    9.353590669   52.161802383
    9.457307942   53.732837741
    9.561025215   53.006606619
    9.664742488   53.006605329
    9.768459761   53.732772005
    9.872177034   52.161827974
    9.975894307   52.034705881
   10.079611580   52.114544281
   11.069011305   52.116987172
   11.172728578   52.296533417
   11.276445851   51.564384119
   11.380163124   52.580137268
   11.483880397   53.006606619
   11.587597670   52.144814436
   11.691314943   53.006605411
   11.795032216   52.580149567
   11.898749489   51.564427494
   12.002466762   52.296522823
   12.106184035   52.116987022
   13.198913311   53.667378358
   13.302630584   53.235829593
   13.406347857   53.157096621
   13.510065130   51.857825830
   13.613782403   53.050588553
   13.717499675   53.006605329
   13.821216948   53.006605411
   13.924934221   53.050602107
   14.028651494   51.857944448
   14.132368767   53.157084655
   14.236086040   53.235812241
   14.339803313   53.667384397
   15.361299986   54.165090851
   15.465017259   53.721345520
   16.586891096   52.645292389
   16.690608369   53.248434543
   16.794325642   51.857945760
   16.898042915   52.580141027
   17.001760188   53.732772005
   17.105477461   52.580149567
   17.209194734   51.857944448
   17.312912007   53.248442258
   17.416629280   52.645264991
   17.520346553   53.721328026
   17.624063826   54.165088454
   18.779010498   54.817703757
   18.882727771   54.963337749
   18.986445044   53.244228587
   19.090162317   52.645305894
   19.193879590   53.157100456
   19.297596863   51.564406830
   20.094264353   52.161822870
   20.197981626   52.161827974
   20.301698899   51.564427494
   20.405416172   53.157084655
   20.509133445   52.645264991
   20.612850718   53.244065264
   20.716567991   54.963329848
   20.820285264   54.817700047
   22.119858969   55.636186985
   22.223576242   55.900947308
   22.327293515   54.963335904
   22.431010788   53.721343147
   22.534728061   53.235836386
   22.638445334   52.296525432
   22.742162606   52.034657098
   22.845879879   53.070150250
   22.949597152   52.034705881
   23.053314425   52.296522823
   23.157031698   53.235812241
   23.530989644   53.721328026
   23.634706917   54.963329848
   23.738424190   55.900939223
   23.842141463   55.636164976
   23.945858736   55.600545490
   25.348919998   55.107674817
   25.528563584   55.851721265
   25.632280857   55.314841517
   25.839715403   56.970975385
   26.213673349   55.096836037
   26.317390622   54.477628273
   26.524825168   55.740840821
   26.628542441   55.740776616
   27.030237712   52.906310138
   27.133954985   54.222267694
   27.341389531   54.223372381
   27.445106804   55.114207950
   27.548824076   54.223155797
   28.000917188   51.578279487
   28.104634461   52.303400581
   28.312069007   52.875173363
   28.415786280   53.311720437
   28.519503553   53.311717758
   28.623220826   52.874797110
   29.141807190   50.942222719
   29.245524463   50.851335070
   29.452959009   51.801093902
   29.556676282   52.384910162
   29.660393555   53.335758258
   29.764110828   52.384908805
   29.867828101   51.801097660
   30.463638473   50.646843247
   30.567355746   50.861672332
   30.774790292   52.132820987
   30.878507565   51.736315426
   30.982224838   53.011650320
   31.085942111   53.011646849
   31.189659384   51.736311813
   31.293376657   52.132891896
   31.924264198   50.861672332
   32.131698744   51.463911256
   32.235416017   51.570019221
   32.339133290   52.389837267
   32.442850563   52.917337349
   32.546567836   52.389818046
   32.650285109   51.570020725
   32.754002382   51.463948726
   33.480023293   50.851335070
   33.687457838   51.463911256
   33.791175111   51.289537668
   33.894892384   52.247644396
   33.998609657   52.826643785
   34.102326930   52.825520461
   34.206044203   52.247464721
   34.309761476   51.289527043
   34.413478749   51.463816263
   35.236709082   52.303400581
   35.444143628   52.132820987
   35.547860901   51.570019221
   35.651578174   52.247644396
   35.755295447   53.250032746
   35.859012719   53.368592681
   35.962729992   53.249566596
   36.066447265   52.247524444
   36.170164538   51.569969919
   36.273881811   52.132661742
   37.195741098   54.222267694
   37.403175644   51.801093902
   37.506892917   51.736315426
   37.610610189   52.389837267
   37.714327462   52.826643785
   37.818044735   53.368592681
   37.921762008   53.368289850
   38.025479281   52.827423779
   38.129196554   52.389822674
   38.232913827   51.736257340
   38.336631100   51.798612740
   39.146688898   54.477628273
   40.315523203   52.875173363
   40.419240476   52.384910162
   40.522957749   53.011650320
   40.626675022   52.917337349
   40.730392295   52.825520461
   40.834109568   53.249566596
   40.937826841   52.827423779
   41.041544114   52.917339801
   41.145261387   53.011643922
   41.248978660   52.384886905
   41.352695933   52.871199828
   42.303280441   55.314841517
   42.510714987   54.223372381
   42.614432260   53.311720437
   42.718149533   53.335758258
   42.821866806   53.011646849
   43.618534296   52.389818046
   43.722251569   52.247464721
   43.825968842   52.247524444
   43.929686115   52.389822674
   44.033403388   53.011643922
   44.137120661   53.335753268
   44.240837934   53.311666369
   44.344555207   54.222139141
   45.447084941   55.107674817
   45.654519487   55.740840821
   45.758236760   55.114207950
   45.861954033   53.311717758
   45.965671306   52.384908805
   46.069388579   51.736311813
   46.173105852   51.570020725
   46.276823125   51.289527043
   46.380540398   51.569969919
   46.484257671   51.736257340
   46.858215617   52.384886905
   46.961932889   53.311666369
   47.065650162   55.110794987
   47.169367435   55.740149189
   47.273084708   56.959183650
   48.478170521   54.110953678
   48.657814107   55.096371171
   48.761531380   54.477555464
   49.035941491   53.839111726
   49.139658764   54.505291553
   49.243376037   53.493340645
   49.554527856   55.946179523
   50.132001192   52.496525653
   50.235718465   52.762342092
   50.339435738   53.938094470
   50.650587557   53.778837312
   50.754304830   53.778828567
   51.350115202   51.192971641
   51.453832475   51.382745507
   51.557549748   52.161787190
   51.868701566   52.046954348
   51.972418839   52.645252634
   52.076136112   52.046952213
   52.707023654   50.257917074
   52.810740927   50.622874636
   52.914458200   51.771916423
   53.225610019   50.584002104
   53.329327292   51.508108871
   53.433044565   51.508103624
   53.536761838   50.583993442
   54.132572210   50.622874636
   54.236289483   52.267817497
   54.547441301   49.303058213
   54.651158574   50.350793033
   54.754875847   51.726908458
   54.858593120   50.350774002
   54.962310393   49.302964253
   55.626424977   51.382745507
   55.730142250   51.771916423
   56.041294069   48.817544170
   56.145011342   49.502061568
   56.248728615   51.397917943
   56.352445888   51.397862536
   56.456163161   49.501813227
   56.559880434   48.816310309
   57.300569916   52.762342092
   57.404287188   52.161787190
   57.715439007   48.817544170
   57.819156280   49.561035278
   57.922873553   50.676880017
   58.026590826   51.747438141
   58.130308099   50.675558611
   58.234025372   49.558012839
   58.337742645   48.813600634
   59.160972978   54.505291553
   59.264690251   53.938094470
   59.575842070   49.303058213
   59.679559342   49.502061568
   59.783276615   50.676880017
   59.886993888   51.491638542
   59.990711161   51.490129700
   60.094428434   50.675783628
   60.198145707   49.501878643
   60.301862980   49.302501932
   60.965977564   55.096371171
   61.069694837   53.493340645
   62.091191510   50.584002104
   62.194908783   50.350793033
   62.298626056   51.397917943
   62.402343329   51.747438141
   62.506060602   51.490129700
   62.609777875   51.747356064
   62.713495148   51.397883863
   62.817212421   50.350773745
   62.920929694   50.583963403
   63.690117577   54.477555464
   64.001269395   52.046954348
   64.104986668   51.508108871
   64.901654158   51.726908458
   65.005371431   51.397862536
   65.109088704   50.675558611
   65.212805977   50.675783628
   65.316523250   51.397883863
   65.420240523   51.726866376
   65.523957796   51.508094942
   65.627675069   52.046933588
   66.549534356   54.110953678
   66.860686174   53.778837312
   66.964403447   52.645252634
   67.068120720   51.508103624
   67.171837993   50.350774002
   67.275555266   49.501813227
   67.379272539   49.558012839
   67.482989812   49.501878643
   67.856947758   50.350773745
   67.960665031   51.508094942
   68.064382304   52.645235931
   68.168099577   53.778114585
   68.271816850   55.933753636
   69.293313523   54.199470688
   69.472957109   52.906155285
   69.576674382   54.222254566
   69.851084493   52.496503254
   69.954801766   52.762332113
   70.058519039   53.938099708
   70.432476984   54.826343767
   70.536194257   52.433460559
   70.639911530   51.718369445
   70.743628803   52.990917154
   71.158497895   52.407615325
   71.941546134   53.866026513
   72.045263407   51.469181795
   72.148980680   50.344083605
   72.252697953   52.763950452
   72.667567045   50.869682409
   72.771284318   50.869676849
   73.467040936   51.469181795
   73.570758209   49.562869409
   73.674475482   51.899773308
   74.089344573   49.338013883
   74.193061846   50.092829820
   74.296779119   49.337996019
   75.022800030   52.433460559
   75.126517303   50.344083605
   75.230234576   51.899773308
   75.645103668   47.876263875
   75.748820941   49.030665497
   75.852538214   49.030621723
   75.956255487   47.876129834
   76.725443369   52.496503254
   76.829160642   51.718369445
   76.932877915   52.763950452
   77.347747007   47.148599986
   77.451464280   47.922954001
   77.555181553   49.211103833
   77.658898826   47.922745849
   77.762616099   47.142902349
   78.503305580   52.762332113
   78.607022853   52.990917154
   79.021891945   47.148599986
   79.125609218   47.226285991
   79.229326491   48.355579816
   79.333043764   48.355283071
   79.436761037   47.216622767
   79.540478310   47.144170158
   80.099012918   52.906155285
   81.220886755   53.938099708
   81.635755847   47.876263875
   81.739473120   47.922954001
   81.843190393   48.355579816
   81.946907666   48.716520885
   82.050624939   48.355238107
   82.154342212   47.922826972
   82.258059485   47.876187030
   82.880363123   54.222254566
   83.858829919   49.338013883
   83.962547192   49.030665497
   84.066264465   49.211103833
   84.169981738   48.355283071
   84.273699010   48.355238107
   84.377416283   49.211084392
   84.481133556   49.030633553
   84.584850829   49.337991663
   85.354038712   54.199470688
   85.768907804   50.869682409
   85.872625077   50.092829820
   85.976342350   49.030621723
   86.080059623   47.922745849
   86.183776896   47.216622767
   86.557734841   47.922826972
   86.661452114   49.030633553
   86.765169387   50.092570535
   86.868886660   50.869619999
   86.972603933   52.395231084
   87.331891106   55.314826729
   88.218051875   52.130777967
   88.397695461   51.578205479
   88.501412734   52.303390542
   88.775822845   51.192918451
   88.879540118   51.382726007
   88.983257391   52.161786859
   89.357215336   53.853560181
   89.460932609   51.469018930
   89.564649882   50.344069148
   89.668367155   52.763943048
   89.942777266   51.645137066
   90.046494539   48.978546217
   90.150211812   50.940751062
   90.668798177   49.359820523
   91.451846416   51.469018930
   91.555563689   48.978546217
   91.659280962   50.002059535
   92.177867326   47.828123261
   92.281584599   47.828052435
   93.078252089   51.192918451
   93.181969362   50.344069148
   93.285686635   50.940751062
   93.804273000   46.290987596
   93.907990273   47.108768349
   94.011707546   46.290697998
   94.737728457   51.382726007
   94.841445729   52.763943048
   95.360032094   45.002379307
   95.463749367   45.952491499
   95.567466640   45.952407780
   95.671183913   45.001094642
   96.440371796   51.578205479
   96.544089069   52.161786859
   97.062675434   45.002379307
   97.166392706   45.053719906
   97.270109979   45.390862912
   97.373827252   45.053282615
   97.477544525   45.001461659
   98.016475284   52.303390542
   98.878015659   46.290987596
   98.981732932   45.952491499
   99.085450205   45.390862912
   99.189167478   45.390648242
   99.292884751   45.952415615
   99.396602024   46.290876614
  100.060716608   52.130777967
  100.579302973   47.828123261
  100.683020246   47.108768349
  100.786737519   45.952407780
  101.160695464   45.053282615
  101.264412737   45.952415615
  101.368130010   47.108770054
  101.471847283   47.828018688
  101.575564556   49.344688906
  102.027657668   54.477436263
  102.131374941   54.477436263
  102.811494582   51.610253285
  102.991138168   50.942268897
  103.094855441   50.850401858
  103.369265552   50.257598671
  103.472982825   50.622841889
  103.576700098   51.771917778
  103.851110209   51.468973629
  103.954827482   49.562825306
  104.058544755   51.899770868
  104.332954866   51.468973629
  104.436672139   48.978514186
  104.540389412   50.002058369
  104.720032998   49.562825306
  104.823750271   50.002058369
  105.446053909   46.529976548
  106.229102147   50.622841889
  106.332819420   51.899770868
  106.955123058   44.916792199
  107.058840331   44.915951825
  107.855507821   50.942268897
  107.959225094   51.771917778
  108.581528732   43.239921443
  108.685246005   43.547596665
  108.788963278   43.239698955
  109.337783499   50.850401858
  110.106971382   43.239921443
  110.210688655   42.578801808
  110.314405928   42.578476914
  110.418123201   43.236163494
  111.049010743   51.610253285
  111.671314380   44.916792199
  112.045272326   43.547596665
  112.148989599   42.578476914
  112.252706872   43.547195720
  112.356424145   44.914663758
  112.460141418   46.525339733
  113.008961640   54.222226577
  113.112678913   53.492527703
  113.216396186   54.222226577
  113.691688440   51.753796435
  113.871332026   50.646887966
  113.975049299   50.860883243
  114.154692885   50.622853840
  114.258410158   52.267823642
  114.532820269   52.433434564
  114.636537542   50.344068320
  114.740254815   51.899770967
  114.919898402   50.344068320
  115.023615675   50.940750059
  115.203259261   50.622853840
  115.306976534   51.899770967
  115.410693807   52.267823642
  116.136714717   43.784590905
  116.784428879   50.860883243
  117.495478679   42.208384124
  117.599195952   42.207217480
  118.279315593   51.753796435
  119.089373391   42.208384124
  119.193090663   41.022249757
  119.296807936   42.197452309
  119.400525209   43.758603015
  120.048239371   52.303389069
  120.151956644   53.938064877
  120.255673917   53.938064877
  120.359391190   54.505220939
  120.539034777   52.303389069
  120.813444887   52.845886645
  120.917162160   50.861069217
  121.096805747   51.382732181
  121.200523020   51.771921660
  121.380166606   51.718361986
  121.483883879   52.763943607
  121.663527465   51.382732181
  121.767244738   52.763943607
  121.870962011   51.771921660
  121.974679284   50.861069217
  122.757727523   40.709271810
  122.861444796   40.690395909
  123.609360688   50.850954446
  123.713077961   52.161784803
  123.816795234   52.990918655
  123.920512506   52.762327543
  124.100156093   52.161784803
  124.203873366   52.762327543
  124.383516952   50.850954446
    0.000000000   55.782034127
    0.103717273   56.112388358
    0.283360859   55.835763644
    0.387078132   56.331820872
    0.490795405   56.331818891
    0.722714278   54.886001779
    0.826431551   55.590712122
    0.930148824   56.727883358
    1.033866097   55.590711263
    1.345017916   54.973222690
    1.448735189   55.006146527
    1.552452462   55.828175337
    1.656169735   55.828175212
    1.759887007   55.006146392
    2.161582278   52.955150697
    2.265299551   54.295368482
    2.369016824   54.510753214
    2.472734097   54.029448525
    2.576451370   54.510752177
    2.680168643   54.295351339
    3.177579210   52.450104234
    3.281296483   52.903419511
    3.385013756   53.973705116
    3.488731029   53.391606287
    3.592448302   53.391600100
    3.696165575   53.973696442
    3.799882848   52.903413704
    4.395693220   52.593464681
    4.499410493   52.943206149
    4.603127766   53.074228112
    4.706845039   53.765843878
    4.810562312   53.825221902
    4.914279585   53.765846362
    5.017996858   53.074220685
    5.121714131   52.943212985
    5.817470749   53.748809846
    5.921188022   54.060764531
    6.024905295   52.827527628
    6.128622568   52.319562583
    6.232339841   52.543858259
    6.336057114   52.543848710
    6.439774387   52.319544475
    6.543491659   52.827509982
    6.647208932   54.060729826
    7.430257171   54.060764531
    7.533974444   53.670641420
    7.637691717   53.038297864
    7.741408990   53.470012237
    7.845126263   53.940105951
    7.948843536   53.470017356
    8.052560809   53.038272389
    8.156278082   53.669418421
    8.259995355   54.060701450
    9.146156123   52.943206149
    9.249873396   52.827527628
    9.353590669   53.038297864
    9.457307942   54.250245251
    9.561025215   53.644916854
    9.664742488   53.644917687
    9.768459761   54.250519512
    9.872177034   53.038268853
    9.975894307   52.827482954
   10.079611580   52.943206957
   11.069011305   52.903419511
   11.172728578   53.074228112
   11.276445851   52.319562583
   11.380163124   53.470012237
   11.483880397   53.644916854
   11.587597670   52.145930355
   11.691314943   53.644917283
   11.795032216   53.470001382
   11.898749489   52.319532169
   12.002466762   53.074224358
   12.106184035   52.903414572
   13.198913311   54.295368482
   13.302630584   53.973705116
   13.406347857   53.765843878
   13.510065130   52.543858259
   13.613782403   53.940105951
   13.717499675   53.644917687
   13.821216948   53.644917283
   13.924934221   53.940091397
   14.028651494   52.543840790
   14.132368767   53.765911135
   14.236086040   53.973726328
   14.339803313   54.295350922
   15.361299986   55.006146527
   15.465017259   54.510753214
   16.586891096   53.391606287
   16.690608369   53.825221902
   16.794325642   52.543848710
   16.898042915   53.470017356
   17.001760188   54.250519512
   17.105477461   53.470001382
   17.209194734   52.543840790
   17.312912007   53.825208078
   17.416629280   53.391617443
   17.520346553   54.510761132
   17.624063826   55.006147642
   18.779010498   55.590712122
   18.882727771   55.828175337
   18.986445044   54.029448525
   19.090162317   53.391600100
   19.193879590   53.765846362
   19.297596863   52.319544475
   20.094264353   53.038272389
   20.197981626   53.038268853
   20.301698899   52.319532169
   20.405416172   53.765911135
   20.509133445   53.391617443
   20.612850718   54.029474579
   20.716567991   55.828180332
   20.820285264   55.590714086
   22.119858969   56.331820872
   22.223576242   56.727883358
   22.327293515   55.828175212
   22.431010788   54.510752177
   22.534728061   53.973696442
   22.638445334   53.074220685
   22.742162606   52.827509982
   22.845879879   53.669418421
   22.949597152   52.827482954
   23.053314425   53.074224358
   23.157031698   53.973726328
   23.530989644   54.510761132
   23.634706917   55.828180332
   23.738424190   56.727890953
   23.842141463   56.331831433
   23.945858736   56.112479656
   25.348919998   55.835762895
   25.528563584   55.874472194
   25.632280857   56.170205038
   25.839715403   56.970975399
   26.213673349   55.528714348
   26.317390622   55.348077948
   26.524825168   56.443337432
   26.628542441   56.443341229
   27.030237712   53.585904051
   27.133954985   54.967837143
   27.341389531   54.946095307
   27.445106804   55.143641248
   27.548824076   54.946106116
   28.000917188   52.107733792
   28.104634461   53.096420470
   28.312069007   52.909920983
   28.415786280   54.182415509
   28.519503553   54.182417288
   28.623220826   52.910260722
   29.141807190   51.313279748
   29.245524463   51.666035795
   29.452959009   52.342082456
   29.556676282   53.242324533
   29.660393555   54.226572778
   29.764110828   53.242326859
   29.867828101   52.342073184
   30.463638473   51.325866280
   30.567355746   51.690995727
   30.774790292   52.814393228
   30.878507565   52.557748537
   30.982224838   53.835635095
   31.085942111   53.835638486
   31.189659384   52.557753203
   31.293376657   52.813978050
   31.924264198   51.690995727
   32.131698744   52.019858402
   32.235416017   52.343253569
   32.339133290   53.144055113
   32.442850563   53.596742269
   32.546567836   53.144081549
   32.650285109   52.343257221
   32.754002382   52.019731027
   33.480023293   51.666035795
   33.687457838   52.019858402
   33.791175111   52.050979074
   33.894892384   52.672631515
   33.998609657   53.441273624
   34.102326930   53.441377190
   34.206044203   52.673073680
   34.309761476   52.051010506
   34.413478749   52.019789581
   35.236709082   53.096420470
   35.444143628   52.814393228
   35.547860901   52.343253569
   35.651578174   52.672631515
   35.755295447   53.986202201
   35.859012719   54.060457976
   35.962729992   53.987579338
   36.066447265   52.672936118
   36.170164538   52.343243027
   36.273881811   52.814092932
   37.195741098   54.967837143
   37.403175644   52.342082456
   37.506892917   52.557748537
   37.610610189   53.144055113
   37.714327462   53.441273624
   37.818044735   54.060457976
   37.921762008   54.060476444
   38.025479281   53.441259182
   38.129196554   53.144071029
   38.232913827   52.557779170
   38.336631100   52.342400996
   39.146688898   55.348077948
   40.315523203   52.909920983
   40.419240476   53.242324533
   40.522957749   53.835635095
   40.626675022   53.596742269
   40.730392295   53.441377190
   40.834109568   53.987579338
   40.937826841   53.441259182
   41.041544114   53.596748430
   41.145261387   53.835644469
   41.248978660   53.242339771
   41.352695933   52.913506715
   42.303280441   56.170205038
   42.510714987   54.946095307
   42.614432260   54.182415509
   42.718149533   54.226572778
   42.821866806   53.835638486
   43.618534296   53.144081549
   43.722251569   52.673073680
   43.825968842   52.672936118
   43.929686115   53.144071029
   44.033403388   53.835644469
   44.137120661   54.226580197
   44.240837934   54.182433665
   44.344555207   54.946168615
   45.447084941   55.835762895
   45.654519487   56.443337432
   45.758236760   55.143641248
   45.861954033   54.182417288
   45.965671306   53.242326859
   46.069388579   52.557753203
   46.173105852   52.343257221
   46.276823125   52.051010506
   46.380540398   52.343243027
   46.484257671   52.557779170
   46.858215617   53.242339771
   46.961932889   54.182433665
   47.065650162   55.146803888
   47.169367435   56.443414552
   47.273084708   56.982447997
   48.478170521   54.886014496
   48.657814107   55.528842899
   48.761531380   55.348090232
   49.035941491   53.856335656
   49.139658764   55.052828142
   49.243376037   54.292310677
   49.554527856   55.946181052
   50.132001192   53.328736675
   50.235718465   53.557715008
   50.339435738   54.563844622
   50.650587557   54.530982707
   50.754304830   54.530983782
   51.350115202   52.035927818
   51.453832475   52.149600645
   51.557549748   52.877024599
   51.868701566   52.951190356
   51.972418839   53.548196189
   52.076136112   52.951191502
   52.707023654   51.100845521
   52.810740927   51.316894893
   52.914458200   52.558747128
   53.225610019   51.488280295
   53.329327292   52.380151323
   53.433044565   52.380155423
   53.536761838   51.488286947
   54.132572210   51.316894893
   54.236289483   53.085553883
   54.547441301   50.221325672
   54.651158574   51.199065277
   54.754875847   52.539455954
   54.858593120   51.199079235
   54.962310393   50.221362725
   55.626424977   52.149600645
   55.730142250   52.558747128
   56.041294069   49.309833077
   56.145011342   50.328034783
   56.248728615   52.187138757
   56.352445888   52.187174521
   56.456163161   50.328143736
   56.559880434   49.310320040
   57.300569916   53.557715008
   57.404287188   52.877024599
   57.715439007   49.309833077
   57.819156280   49.982173953
   57.922873553   51.476942966
   58.026590826   52.514171059
   58.130308099   51.477189756
   58.234025372   49.983238021
   58.337742645   49.310965264
   59.160972978   55.052828142
   59.264690251   54.563844622
   59.575842070   50.221325672
   59.679559342   50.328034783
   59.783276615   51.476942966
   59.886993888   51.960640234
   59.990711161   51.961026822
   60.094428434   51.477148080
   60.198145707   50.328116436
   60.301862980   50.221445279
   60.965977564   55.528842899
   61.069694837   54.292310677
   62.091191510   51.488280295
   62.194908783   51.199065277
   62.298626056   52.187138757
   62.402343329   52.514171059
   62.506060602   51.961026822
   62.609777875   52.514205268
   62.713495148   52.187181836
   62.817212421   51.199084221
   62.920929694   51.488303304
   63.690117577   55.348090232
   64.001269395   52.951190356
   64.104986668   52.380151323
   64.901654158   52.539455954
   65.005371431   52.187174521
   65.109088704   51.477189756
   65.212805977   51.477148080
   65.316523250   52.187181836
   65.420240523   52.539764575
   65.523957796   52.380176786
   65.627675069   52.951204265
   66.549534356   54.886014496
   66.860686174   54.530982707
   66.964403447   53.548196189
   67.068120720   52.380155423
   67.171837993   51.199079235
   67.275555266   50.328143736
   67.379272539   49.983238021
   67.482989812   50.328116436
   67.856947758   51.199084221
   67.960665031   52.380176786
   68.064382304   53.548240855
   68.168099577   54.531045301
   68.271816850   55.958295351
   69.293313523   54.973235413
   69.472957109   53.585936758
   69.576674382   54.967942820
   69.851084493   53.328765223
   69.954801766   53.557725924
   70.058519039   54.563833517
   70.432476984   54.851186102
   70.536194257   53.247527814
   70.639911530   52.501187909
   70.743628803   53.670956645
   71.158497895   52.407618123
   71.941546134   54.555608689
   72.045263407   52.305491560
   72.148980680   51.123251696
   72.252697953   53.231302385
   72.667567045   51.764491141
   72.771284318   51.764499474
   73.467040936   52.305491560
   73.570758209   50.337147934
   73.674475482   52.544110894
   74.089344573   50.231448851
   74.193061846   50.546060761
   74.296779119   50.231461965
   75.022800030   53.247527814
   75.126517303   51.123251696
   75.230234576   52.544110894
   75.645103668   48.781472224
   75.748820941   49.872104553
   75.852538214   49.872138203
   75.956255487   48.781548233
   76.725443369   53.328765223
   76.829160642   52.501187909
   76.932877915   53.231302385
   77.347747007   47.658650611
   77.451464280   48.764046748
   77.555181553   50.014488112
   77.658898826   48.764152574
   77.762616099   47.660315252
   78.503305580   53.557725924
   78.607022853   53.670956645
   79.021891945   47.658650611
   79.125609218   47.991027961
   79.229326491   49.170456345
   79.333043764   49.170554787
   79.436761037   47.991566956
   79.540478310   47.659948771
   80.099012918   53.585936758
   81.220886755   54.563833517
   81.635755847   48.781472224
   81.739473120   48.764046748
   81.843190393   49.170456345
   81.946907666   48.753530077
   82.050624939   49.170569714
   82.154342212   48.764111887
   82.258059485   48.781519169
   82.880363123   54.967942820
   83.858829919   50.231448851
   83.962547192   49.872104553
   84.066264465   50.014488112
   84.169981738   49.170554787
   84.273699010   49.170569714
   84.377416283   50.014500349
   84.481133556   49.872157202
   84.584850829   50.231480141
   85.354038712   54.973235413
   85.768907804   51.764491141
   85.872625077   50.546060761
   85.976342350   49.872138203
   86.080059623   48.764152574
   86.183776896   47.991566956
   86.557734841   48.764111887
   86.661452114   49.872157202
   86.765169387   50.546930232
   86.868886660   51.765183466
   86.972603933   52.420348491
   87.331891106   56.170210932
   88.218051875   52.955153241
   88.397695461   52.107765355
   88.501412734   53.096430560
   88.775822845   52.035969275
   88.879540118   52.149616133
   88.983257391   52.877023441
   89.357215336   54.557073844
   89.460932609   52.305575570
   89.564649882   51.123263460
   89.668367155   53.231342470
   89.942777266   51.707807517
   90.046494539   49.770479492
   90.150211812   51.605409272
   90.668798177   49.359833997
   91.451846416   52.305575570
   91.555563689   49.770479492
   91.659280962   50.651894124
   92.177867326   48.715955530
   92.281584599   48.716114726
   93.078252089   52.035969275
   93.181969362   51.123263460
   93.285686635   51.605409272
   93.804273000   47.194714828
   93.907990273   47.964990178
   94.011707546   47.194850969
   94.737728457   52.149616133
   94.841445729   53.231342470
   95.360032094   45.930317124
   95.463749367   46.812531490
   95.567466640   46.812581388
   95.671183913   45.930622781
   96.440371796   52.107765355
   96.544089069   52.877023441
   97.062675434   45.930317124
   97.166392706   45.916668860
   97.270109979   46.251242037
   97.373827252   45.916810687
   97.477544525   45.930542401
   98.016475284   53.096430560
   98.878015659   47.194714828
   98.981732932   46.812531490
   99.085450205   46.251242037
   99.189167478   46.251298208
   99.292884751   46.812574625
   99.396602024   47.194773934
  100.060716608   52.955153241
  100.579302973   48.715955530
  100.683020246   47.964990178
  100.786737519   46.812581388
  101.160695464   45.916810687
  101.264412737   46.812574625
  101.368130010   47.964986677
  101.471847283   48.716716158
  101.575564556   49.375505371
  102.027657668   55.348115324
  102.131374941   55.348115324
  102.811494582   52.450108378
  102.991138168   51.313277274
  103.094855441   51.666075579
  103.369265552   51.101003588
  103.472982825   51.316921050
  103.576700098   52.558743184
  103.851110209   52.305600481
  103.954827482   50.337178366
  104.058544755   52.544114165
  104.332954866   52.305600481
  104.436672139   49.770495484
  104.540389412   50.651895139
  104.720032998   50.337178366
  104.823750271   50.651895139
  105.446053909   47.126263824
  106.229102147   51.316921050
  106.332819420   52.544114165
  106.955123058   45.510628382
  107.058840331   45.510858511
  107.855507821   51.313277274
  107.959225094   52.558743184
  108.581528732   44.099566510
  108.685246005   44.458916216
  108.788963278   44.099662637
  109.337783499   51.666075579
  110.106971382   44.099566510
  110.210688655   43.492465155
  110.314405928   43.492548562
  110.418123201   44.099781505
  111.049010743   52.450108378
  111.671314380   45.510628382
  112.045272326   44.458916216
  112.148989599   43.492548562
  112.252706872   44.459017300
  112.356424145   45.511081023
  112.460141418   47.111790428
  113.008961640   54.968124492
  113.112678913   54.292391433
  113.216396186   54.968124492
  113.691688440   52.593503913
  113.871332026   51.325860707
  113.975049299   51.691099993
  114.154692885   51.316915231
  114.258410158   53.085545141
  114.532820269   53.247550893
  114.636537542   51.123265521
  114.740254815   52.544113887
  114.919898402   51.123265521
  115.023615675   51.605410394
  115.203259261   51.316915231
  115.306976534   52.544113887
  115.410693807   53.085545141
  116.136714717   43.784635756
  116.784428879   51.691099993
  117.495478679   42.244386420
  117.599195952   42.245472998
  118.279315593   52.593503913
  119.089373391   42.244386420
  119.193090663   41.341681788
  119.296807936   42.254276456
  119.400525209   43.809226901
  120.048239371   53.096437746
  120.151956644   54.563991071
  120.255673917   54.563991071
  120.359391190   55.053200488
  120.539034777   53.096437746
  120.813444887   53.748865287
  120.917162160   51.691070231
  121.096805747   52.149614079
  121.200523020   52.558743289
  121.380166606   52.501196615
  121.483883879   53.231333426
  121.663527465   52.149614079
  121.767244738   53.231333426
  121.870962011   52.558743289
  121.974679284   51.691070231
  122.757727523   40.709372164
  122.861444796   40.727431324
  123.609360688   51.666059252
  123.713077961   52.877031007
  123.816795234   53.670957618
  123.920512506   53.557734274
  124.100156093   52.877031007
  124.203873366   53.557734274
  124.383516952   51.666059252
    0.000000000   56.850430029
    0.103717273   56.187769439
    0.283360859   58.351125809
    0.387078132   57.642676566
    0.490795405   57.642673462
    0.722714278   59.869491866
    0.826431551   59.766876287
    0.930148824   58.640968333
    1.033866097   59.766873160
    1.345017916   55.350217295
    1.448735189   57.908068015
    1.552452462   59.802413093
    1.656169735   59.802411594
    1.759887007   57.908068930
    2.161582278   56.770839258
    2.265299551   55.299774657
    2.369016824   57.175489166
    2.472734097   58.376928305
    2.576451370   57.175489606
    2.680168643   55.299798534
    3.177579210   58.874220350
    3.281296483   56.784028435
    3.385013756   54.979017078
    3.488731029   55.785686689
    3.592448302   55.785685437
    3.696165575   54.979030946
    3.799882848   56.784056195
    4.395693220   57.385625930
    4.499410493   56.705192656
    4.603127766   54.898913522
    4.706845039   54.046028963
    4.810562312   54.665811640
    4.914279585   54.046027720
    5.017996858   54.898947332
    5.121714131   56.705234735
    5.817470749   55.120752076
    5.921188022   55.214159691
    6.024905295   54.713795583
    6.128622568   54.789685846
    6.232339841   55.576014536
    6.336057114   55.576011780
    6.439774387   54.789694904
    6.543491659   54.713848512
    6.647208932   55.214254466
    7.430257171   55.214159691
    7.533974444   53.979722739
    7.637691717   54.429635342
    7.741408990   54.709522548
    7.845126263   54.125550990
    7.948843536   54.709507460
    8.052560809   54.429636882
    8.156278082   53.981063588
    8.259995355   55.214225606
    9.146156123   56.705192656
    9.249873396   54.713795583
    9.353590669   54.429635342
    9.457307942   54.653723405
    9.561025215   55.767880805
    9.664742488   55.767878888
    9.768459761   54.653367875
    9.872177034   54.429629796
    9.975894307   54.713821927
   10.079611580   56.705220233
   11.069011305   56.784028435
   11.172728578   54.898913522
   11.276445851   54.789685846
   11.380163124   54.709522548
   11.483880397   55.767880805
   11.587597670   57.989550082
   11.691314943   55.767919113
   11.795032216   54.709516238
   11.898749489   54.789688670
   12.002466762   54.898922933
   12.106184035   56.784048397
   13.198913311   55.299774657
   13.302630584   54.979017078
   13.406347857   54.046028963
   13.510065130   55.576014536
   13.613782403   54.125550990
   13.717499675   55.767878888
   13.821216948   55.767919113
   13.924934221   54.125545152
   14.028651494   55.576016124
   14.132368767   54.045960786
   14.236086040   54.979002601
   14.339803313   55.299796509
   15.361299986   57.908068015
   15.465017259   57.175489166
   16.586891096   55.785686689
   16.690608369   54.665811640
   16.794325642   55.576011780
   16.898042915   54.709507460
   17.001760188   54.653367875
   17.105477461   54.709516238
   17.209194734   55.576016124
   17.312912007   54.665822248
   17.416629280   55.785683812
   17.520346553   57.175488189
   17.624063826   57.908068444
   18.779010498   59.766876287
   18.882727771   59.802413093
   18.986445044   58.376928305
   19.090162317   55.785685437
   19.193879590   54.046027720
   19.297596863   54.789694904
   20.094264353   54.429636882
   20.197981626   54.429629796
   20.301698899   54.789688670
   20.405416172   54.045960786
   20.509133445   55.785683812
   20.612850718   58.376927844
   20.716567991   59.802412465
   20.820285264   59.766873450
   22.119858969   57.642676566
   22.223576242   58.640968333
   22.327293515   59.802411594
   22.431010788   57.175489606
   22.534728061   54.979030946
   22.638445334   54.898947332
   22.742162606   54.713848512
   22.845879879   53.981063588
   22.949597152   54.713821927
   23.053314425   54.898922933
   23.157031698   54.979002601
   23.530989644   57.175488189
   23.634706917   59.802412465
   23.738424190   58.640963811
   23.842141463   57.642664506
   23.945858736   56.182587261
   25.348919998   58.351124761
   25.528563584   58.923859738
   25.632280857   58.769164290
   25.839715403   57.169002205
   26.213673349   56.689836937
   26.317390622   58.430062535
   26.524825168   59.160549033
   26.628542441   59.160548272
   27.030237712   56.402887630
   27.133954985   55.218053380
   27.341389531   60.072756307
   27.445106804   59.659867995
   27.548824076   60.072752446
   28.000917188   54.729766697
   28.104634461   56.364823546
   28.312069007   57.672032867
   28.415786280   58.281445606
   28.519503553   58.281447332
   28.623220826   57.672034313
   29.141807190   53.612712956
   29.245524463   57.394185691
   29.452959009   55.071038063
   29.556676282   56.409404761
   29.660393555   56.893806078
   29.764110828   56.409406089
   29.867828101   55.071043017
   30.463638473   53.199022759
   30.567355746   56.127454135
   30.774790292   53.111239011
   30.878507565   54.228824349
   30.982224838   55.371369976
   31.085942111   55.371369169
   31.189659384   54.228824312
   31.293376657   53.111644229
   31.924264198   56.127454135
   32.131698744   53.257414776
   32.235416017   52.850709290
   32.339133290   53.766746580
   32.442850563   54.969250556
   32.546567836   53.766719614
   32.650285109   52.850697802
   32.754002382   53.257486990
   33.480023293   57.394185691
   33.687457838   53.257414776
   33.791175111   52.808930866
   33.894892384   53.009114413
   33.998609657   53.879067240
   34.102326930   53.878909184
   34.206044203   53.008535661
   34.309761476   52.808882952
   34.413478749   53.257472445
   35.236709082   56.364823546
   35.444143628   53.111239011
   35.547860901   52.850709290
   35.651578174   53.009114413
   35.755295447   54.164872406
   35.859012719   56.162511536
   35.962729992   54.163538466
   36.066447265   53.008687627
   36.170164538   52.850753561
   36.273881811   53.111656212
   37.195741098   55.218053380
   37.403175644   55.071038063
   37.506892917   54.228824349
   37.610610189   53.766746580
   37.714327462   53.879067240
   37.818044735   56.162511536
   37.921762008   56.162587117
   38.025479281   53.878957365
   38.129196554   53.766733170
   38.232913827   54.228830423
   38.336631100   55.071042267
   39.146688898   58.430062535
   40.315523203   57.672032867
   40.419240476   56.409404761
   40.522957749   55.371369976
   40.626675022   54.969250556
   40.730392295   53.878909184
   40.834109568   54.163538466
   40.937826841   53.878957365
   41.041544114   54.969223839
   41.145261387   55.371363709
   41.248978660   56.409405990
   41.352695933   57.672033546
   42.303280441   58.769164290
   42.510714987   60.072756307
   42.614432260   58.281445606
   42.718149533   56.893806078
   42.821866806   55.371369169
   43.618534296   53.766719614
   43.722251569   53.008535661
   43.825968842   53.008687627
   43.929686115   53.766733170
   44.033403388   55.371363709
   44.137120661   56.893795295
   44.240837934   58.281445683
   44.344555207   60.072746801
   45.447084941   58.351124761
   45.654519487   59.160549033
   45.758236760   59.659867995
   45.861954033   58.281447332
   45.965671306   56.409406089
   46.069388579   54.228824312
   46.173105852   52.850697802
   46.276823125   52.808882952
   46.380540398   52.850753561
   46.484257671   54.228830423
   46.858215617   56.409405990
   46.961932889   58.281445683
   47.065650162   59.659861437
   47.169367435   59.160545696
   47.273084708   57.169008463
   48.478170521   59.869494548
   48.657814107   56.689828358
   48.761531380   58.430063371
   49.035941491   54.671036310
   49.139658764   55.273470618
   49.243376037   56.729247561
   49.554527856   58.534426687
   50.132001192   54.267692659
   50.235718465   54.434590086
   50.339435738   54.889150317
   50.650587557   56.179513798
   50.754304830   56.179513635
   51.350115202   54.112228596
   51.453832475   53.296296889
   51.557549748   55.059390442
   51.868701566   55.738753161
   51.972418839   54.407191459
   52.076136112   55.738754485
   52.707023654   53.984282903
   52.810740927   52.755385999
   52.914458200   54.380610790
   53.225610019   55.237571134
   53.329327292   53.998358219
   53.433044565   53.998362049
   53.536761838   55.237573740
   54.132572210   52.755385999
   54.236289483   54.069349331
   54.547441301   54.049384278
   54.651158574   53.977032843
   54.754875847   52.860230797
   54.858593120   53.977038074
   54.962310393   54.049385404
   55.626424977   53.296296889
   55.730142250   54.380610790
   56.041294069   53.156837746
   56.145011342   53.740717456
   56.248728615   53.209782805
   56.352445888   53.209802058
   56.456163161   53.740721630
   56.559880434   53.156836834
   57.300569916   54.434590086
   57.404287188   55.059390442
   57.715439007   53.156837746
   57.819156280   53.682827483
   57.922873553   54.771636866
   58.026590826   54.817154140
   58.130308099   54.771642301
   58.234025372   53.682828475
   58.337742645   53.156837249
   59.160972978   55.273470618
   59.264690251   54.889150317
   59.575842070   54.049384278
   59.679559342   53.740717456
   59.783276615   54.771636866
   59.886993888   57.693367153
   59.990711161   57.694066962
   60.094428434   54.771652472
   60.198145707   53.740718497
   60.301862980   54.049384170
   60.965977564   56.689828358
   61.069694837   56.729247561
   62.091191510   55.237571134
   62.194908783   53.977032843
   62.298626056   53.209782805
   62.402343329   54.817154140
   62.506060602   57.694066962
   62.609777875   54.817193449
   62.713495148   53.209772678
   62.817212421   53.977026802
   62.920929694   55.237569506
   63.690117577   58.430063371
   64.001269395   55.738753161
   64.104986668   53.998358219
   64.901654158   52.860230797
   65.005371431   53.209802058
   65.109088704   54.771642301
   65.212805977   54.771652472
   65.316523250   53.209772678
   65.420240523   52.859908078
   65.523957796   53.998333898
   65.627675069   55.738746437
   66.549534356   59.869494548
   66.860686174   56.179513798
   66.964403447   54.407191459
   67.068120720   53.998362049
   67.171837993   53.977038074
   67.275555266   53.740721630
   67.379272539   53.682828475
   67.482989812   53.740718497
   67.856947758   53.977026802
   67.960665031   53.998333898
   68.064382304   54.407138122
   68.168099577   56.179504307
   68.271816850   58.534426179
   69.293313523   55.350217559
   69.472957109   56.402888463
   69.576674382   55.217947508
   69.851084493   54.267689681
   69.954801766   54.434589180
   70.058519039   54.889153621
   70.432476984   55.590220287
   70.536194257   54.945142800
   70.639911530   54.193477841
   70.743628803   54.301997554
   71.158497895   53.316917345
   71.941546134   56.493917170
   72.045263407   55.879818069
   72.148980680   54.722176339
   72.252697953   53.436588108
   72.667567045   51.947014115
   72.771284318   51.947012390
   73.467040936   55.879818069
   73.570758209   55.700065456
   73.674475482   54.526648783
   74.089344573   52.255129227
   74.193061846   50.960709239
   74.296779119   52.255137660
   75.022800030   54.945142800
   75.126517303   54.722176339
   75.230234576   54.526648783
   75.645103668   53.182985408
   75.748820941   51.224254091
   75.852538214   51.224272671
   75.956255487   53.182997818
   76.725443369   54.267689681
   76.829160642   54.193477841
   76.932877915   53.436588108
   77.347747007   54.702163794
   77.451464280   53.759172852
   77.555181553   52.473368498
   77.658898826   53.759188719
   77.762616099   54.702168500
   78.503305580   54.434589180
   78.607022853   54.301997554
   79.021891945   54.702163794
   79.125609218   56.715959732
   79.229326491   55.922802323
   79.333043764   55.922825494
   79.436761037   56.716062485
   79.540478310   54.702171041
   80.099012918   56.402888463
   81.220886755   54.889153621
   81.635755847   53.182985408
   81.739473120   53.759172852
   81.843190393   55.922802323
   81.946907666   57.005570273
   82.050624939   55.922851283
   82.154342212   53.759196193
   82.258059485   53.182991756
   82.880363123   55.217947508
   83.858829919   52.255129227
   83.962547192   51.224254091
   84.066264465   52.473368498
   84.169981738   55.922825494
   84.273699010   55.922851283
   84.377416283   52.473397065
   84.481133556   51.224231190
   84.584850829   52.255108425
   85.354038712   55.350217559
   85.768907804   51.947014115
   85.872625077   50.960709239
   85.976342350   51.224272671
   86.080059623   53.759188719
   86.183776896   56.716062485
   86.557734841   53.759196193
   86.661452114   51.224231190
   86.765169387   50.959777066
   86.868886660   51.946309044
   86.972603933   53.304162241
   87.331891106   58.769169489
   88.218051875   56.770867351
   88.397695461   54.729767694
   88.501412734   56.364844994
   88.775822845   54.112231301
   88.879540118   53.296298741
   88.983257391   55.059389979
   89.357215336   56.493898284
   89.460932609   55.879815141
   89.564649882   54.722176464
   89.668367155   53.436551238
   89.942777266   56.321252200
   90.046494539   56.567297478
   90.150211812   55.455304596
   90.668798177   50.246979528
   91.451846416   55.879815141
   91.555563689   56.567297478
   91.659280962   57.299391682
   92.177867326   48.981028761
   92.281584599   48.980943428
   93.078252089   54.112231301
   93.181969362   54.722176464
   93.285686635   55.455304596
   93.804273000   51.288230672
   93.907990273   49.421794821
   94.011707546   51.288251060
   94.737728457   53.296298741
   94.841445729   53.436551238
   95.360032094   55.139779434
   95.463749367   52.796296139
   95.567466640   52.796307563
   95.671183913   55.139806909
   96.440371796   54.729767694
   96.544089069   55.059389979
   97.062675434   55.139779434
   97.166392706   55.237877423
   97.270109979   54.460942786
   97.373827252   55.237920901
   97.477544525   55.139819741
   98.016475284   56.364844994
   98.878015659   51.288230672
   98.981732932   52.796296139
   99.085450205   54.460942786
   99.189167478   54.460963133
   99.292884751   52.796330038
   99.396602024   51.288260362
  100.060716608   56.770867351
  100.579302973   48.981028761
  100.683020246   49.421794821
  100.786737519   52.796307563
  101.160695464   55.237920901
  101.264412737   52.796330038
  101.368130010   49.421834820
  101.471847283   48.980300868
  101.575564556   50.231347595
  102.027657668   58.430064416
  102.131374941   58.430064416
  102.811494582   58.878106129
  102.991138168   53.612716642
  103.094855441   57.394249803
  103.369265552   53.984286502
  103.472982825   52.755385130
  103.576700098   54.380611666
  103.851110209   55.879826061
  103.954827482   55.700063943
  104.058544755   54.526647260
  104.332954866   55.879826061
  104.436672139   56.567300201
  104.540389412   57.299402846
  104.720032998   55.700063943
  104.823750271   57.299402846
  105.446053909   47.130994985
  106.229102147   52.755385130
  106.332819420   54.526647260
  106.955123058   49.972437196
  107.058840331   49.972444129
  107.855507821   53.612716642
  107.959225094   54.380611666
  108.581528732   52.859722748
  108.685246005   51.583282207
  108.788963278   52.859740242
  109.337783499   57.394249803
  110.106971382   52.859722748
  110.210688655   52.399583961
  110.314405928   52.399596554
  110.418123201   52.859754132
  111.049010743   58.878106129
  111.671314380   49.972437196
  112.045272326   51.583282207
  112.148989599   52.399596554
  112.252706872   51.583307675
  112.356424145   49.972484812
  112.460141418   47.149499475
  113.008961640   55.217743849
  113.112678913   56.729247852
  113.216396186   55.217743849
  113.691688440   57.385673471
  113.871332026   53.199030751
  113.975049299   56.127459921
  114.154692885   52.755384531
  114.258410158   54.069354394
  114.532820269   54.945156116
  114.636537542   54.722181513
  114.740254815   54.526653203
  114.919898402   54.722181513
  115.023615675   55.455318309
  115.203259261   52.755384531
  115.306976534   54.526653203
  115.410693807   54.069354394
  116.136714717   50.140524777
  116.784428879   56.127459921
  117.495478679   50.896620200
  117.599195952   50.896624580
  118.279315593   57.385673471
  119.089373391   50.896620200
  119.193090663   50.737107062
  119.296807936   50.896635247
  119.400525209   50.140557137
  120.048239371   56.364828997
  120.151956644   54.889004546
  120.255673917   54.889004546
  120.359391190   55.273132282
  120.539034777   56.364828997
  120.813444887   55.120741329
  120.917162160   56.127457882
  121.096805747   53.296299067
  121.200523020   54.380611678
  121.380166606   54.193481831
  121.483883879   53.436566023
  121.663527465   53.296299067
  121.767244738   53.436566023
  121.870962011   54.380611678
  121.974679284   56.127457882
  122.757727523   50.270472792
  122.861444796   50.270476428
  123.609360688   57.394253735
  123.713077961   55.059385208
  123.816795234   54.301984015
  123.920512506   54.434589803
  124.100156093   55.059385208
  124.203873366   54.434589803
  124.383516952   57.394253735
    0.000000000   57.464374157
    0.103717273   56.187838713
    0.283360859   59.041087357
    0.387078132   58.300290331
    0.490795405   58.300294596
    0.722714278   60.232276399
    0.826431551   60.540633429
    0.930148824   59.331294181
    1.033866097   60.540639837
    1.345017916   55.930928939
    1.448735189   58.423293195
    1.552452462   60.583285237
    1.656169735   60.583290216
    1.759887007   58.423293706
    2.161582278   57.590155092
    2.265299551   56.106819515
    2.369016824   57.789747081
    2.472734097   59.093496162
    2.576451370   57.789747545
    2.680168643   56.106804519
    3.177579210   58.941980891
    3.281296483   57.498435805
    3.385013756   55.643761449
    3.488731029   56.472219745
    3.592448302   56.472221485
    3.696165575   55.643751105
    3.799882848   57.498406107
    4.395693220   58.122225563
    4.499410493   57.365222706
    4.603127766   55.548951260
    4.706845039   54.858786016
    4.810562312   55.540709523
    4.914279585   54.858785192
    5.017996858   55.548925599
    5.121714131   57.365175735
    5.817470749   55.844872172
    5.921188022   55.970315872
    6.024905295   55.440405381
    6.128622568   55.591478126
    6.232339841   56.361778993
    6.336057114   56.361791389
    6.439774387   55.591473087
    6.543491659   55.440370877
    6.647208932   55.970258049
    7.430257171   55.970315872
    7.533974444   54.377561153
    7.637691717   55.236894858
    7.741408990   55.420982301
    7.845126263   54.779354243
    7.948843536   55.420988102
    8.052560809   55.236897897
    8.156278082   54.377194561
    8.259995355   55.970281544
    9.146156123   57.365222706
    9.249873396   55.440405381
    9.353590669   55.236894858
    9.457307942   54.952968517
    9.561025215   56.688378463
    9.664742488   56.688385621
    9.768459761   54.953115544
    9.872177034   55.236903748
    9.975894307   55.440391781
   10.079611580   57.365190129
   11.069011305   57.498435805
   11.172728578   55.548951260
   11.276445851   55.591478126
   11.380163124   55.420982301
   11.483880397   56.688378463
   11.587597670   59.101808656
   11.691314943   56.688299596
   11.795032216   55.420984615
   11.898749489   55.591478700
   12.002466762   55.548943999
   12.106184035   57.498415542
   13.198913311   56.106819515
   13.302630584   55.643761449
   13.406347857   54.858786016
   13.510065130   56.361778993
   13.613782403   54.779354243
   13.717499675   56.688385621
   13.821216948   56.688299596
   13.924934221   54.779354596
   14.028651494   56.361772412
   14.132368767   54.858798533
   14.236086040   55.643765412
   14.339803313   56.106807325
   15.361299986   58.423293195
   15.465017259   57.789747081
   16.586891096   56.472219745
   16.690608369   55.540709523
   16.794325642   56.361791389
   16.898042915   55.420988102
   17.001760188   54.953115544
   17.105477461   55.420984615
   17.209194734   56.361772412
   17.312912007   55.540707116
   17.416629280   56.472221568
   17.520346553   57.789747232
   17.624063826   58.423292406
   18.779010498   60.540633429
   18.882727771   60.583285237
   18.986445044   59.093496162
   19.090162317   56.472221485
   19.193879590   54.858785192
   19.297596863   55.591473087
   20.094264353   55.236897897
   20.197981626   55.236903748
   20.301698899   55.591478700
   20.405416172   54.858798533
   20.509133445   56.472221568
   20.612850718   59.093496179
   20.716567991   60.583287221
   20.820285264   60.540638304
   22.119858969   58.300290331
   22.223576242   59.331294181
   22.327293515   60.583290216
   22.431010788   57.789747545
   22.534728061   55.643751105
   22.638445334   55.548925599
   22.742162606   55.440370877
   22.845879879   54.377194561
   22.949597152   55.440391781
   23.053314425   55.548943999
   23.157031698   55.643765412
   23.530989644   57.789747232
   23.634706917   60.583287221
   23.738424190   59.331297016
   23.842141463   58.300298725
   23.945858736   56.192867521
   25.348919998   59.041089445
   25.528563584   59.615376916
   25.632280857   59.478918746
   25.839715403   57.719406657
   26.213673349   57.363034737
   26.317390622   59.044537791
   26.524825168   59.830415881
   26.628542441   59.830417629
   27.030237712   56.992753088
   27.133954985   55.923257957
   27.341389531   60.435236883
   27.445106804   59.911468494
   27.548824076   60.435251133
   28.000917188   55.293346534
   28.104634461   57.024195953
   28.312069007   58.296573540
   28.415786280   58.971052433
   28.519503553   58.971038128
   28.623220826   58.296572806
   29.141807190   54.143405258
   29.245524463   57.922015794
   29.452959009   55.693264916
   29.556676282   57.032979913
   29.660393555   57.479574292
   29.764110828   57.032979667
   29.867828101   55.693261830
   30.463638473   53.708565939
   30.567355746   56.962985485
   30.774790292   53.779347226
   30.878507565   54.852016371
   30.982224838   56.033243320
   31.085942111   56.033243825
   31.189659384   54.852017152
   31.293376657   53.779276505
   31.924264198   56.962985485
   32.131698744   54.123571650
   32.235416017   53.554942465
   32.339133290   54.443975874
   32.442850563   55.690695080
   32.546567836   54.443989621
   32.650285109   53.554949296
   32.754002382   54.123551205
   33.480023293   57.922015794
   33.687457838   54.123571650
   33.791175111   53.607007878
   33.894892384   53.407039899
   33.998609657   54.596994354
   34.102326930   54.597052026
   34.206044203   53.407277134
   34.309761476   53.607034311
   34.413478749   54.123560224
   35.236709082   57.024195953
   35.444143628   53.779347226
   35.547860901   53.554942465
   35.651578174   53.407039899
   35.755295447   54.973383769
   35.859012719   56.967278294
   35.962729992   54.973479758
   36.066447265   53.407224446
   36.170164538   53.554931072
   36.273881811   53.779264448
   37.195741098   55.923257957
   37.403175644   55.693264916
   37.506892917   54.852016371
   37.610610189   54.443975874
   37.714327462   54.596994354
   37.818044735   56.967278294
   37.921762008   56.967124267
   38.025479281   54.597045562
   38.129196554   54.443984655
   38.232913827   54.852011429
   38.336631100   55.693260887
   39.146688898   59.044537791
   40.315523203   58.296573540
   40.419240476   57.032979913
   40.522957749   56.033243320
   40.626675022   55.690695080
   40.730392295   54.597052026
   40.834109568   54.973479758
   40.937826841   54.597045562
   41.041544114   55.690730566
   41.145261387   56.033249665
   41.248978660   57.032977690
   41.352695933   58.296571936
   42.303280441   59.478918746
   42.510714987   60.435236883
   42.614432260   58.971052433
   42.718149533   57.479574292
   42.821866806   56.033243825
   43.618534296   54.443989621
   43.722251569   53.407277134
   43.825968842   53.407224446
   43.929686115   54.443984655
   44.033403388   56.033249665
   44.137120661   57.479600359
   44.240837934   58.971034807
   44.344555207   60.435272207
   45.447084941   59.041089445
   45.654519487   59.830415881
   45.758236760   59.911468494
   45.861954033   58.971038128
   45.965671306   57.032979667
   46.069388579   54.852017152
   46.173105852   53.554949296
   46.276823125   53.607034311
   46.380540398   53.554931072
   46.484257671   54.852011429
   46.858215617   57.032977690
   46.961932889   58.971034807
   47.065650162   59.911484561
   47.169367435   59.830418876
   47.273084708   57.719404911
   48.478170521   60.232271389
   48.657814107   57.363032506
   48.761531380   59.044538435
   49.035941491   54.686624364
   49.139658764   55.920085472
   49.243376037   57.443132026
   49.554527856   59.015350660
   50.132001192   54.987511664
   50.235718465   55.116845502
   50.339435738   55.711350300
   50.650587557   56.807901523
   50.754304830   56.807901780
   51.350115202   54.774541353
   51.453832475   53.967299279
   51.557549748   55.676872088
   51.868701566   56.473344055
   51.972418839   55.139949976
   52.076136112   56.473344156
   52.707023654   54.635696224
   52.810740927   53.454586610
   52.914458200   54.989836440
   53.225610019   55.911180284
   53.329327292   54.753508408
   53.433044565   54.753506201
   53.536761838   55.911180145
   54.132572210   53.454586610
   54.236289483   54.679119575
   54.547441301   54.666736356
   54.651158574   54.665587954
   54.754875847   53.622338441
   54.858593120   54.665585695
   54.962310393   54.666736848
   55.626424977   53.967299279
   55.730142250   54.989836440
   56.041294069   53.781512515
   56.145011342   54.336324763
   56.248728615   53.913411875
   56.352445888   53.913399462
   56.456163161   54.336323228
   56.559880434   53.781513651
   57.300569916   55.116845502
   57.404287188   55.676872088
   57.715439007   53.781512515
   57.819156280   54.231729457
   57.922873553   55.389748440
   58.026590826   55.571902775
   58.130308099   55.389742980
   58.234025372   54.231729488
   58.337742645   53.781512424
   59.160972978   55.920085472
   59.264690251   55.711350300
   59.575842070   54.666736356
   59.679559342   54.336324763
   59.783276615   55.389748440
   59.886993888   58.287454880
   59.990711161   58.277595438
   60.094428434   55.389733964
   60.198145707   54.336324409
   60.301862980   54.666735802
   60.965977564   57.363032506
   61.069694837   57.443132026
   62.091191510   55.911180284
   62.194908783   54.665587954
   62.298626056   53.913411875
   62.402343329   55.571902775
   62.506060602   58.277595438
   62.609777875   55.571869492
   62.713495148   53.913411430
   62.817212421   54.665591850
   62.920929694   55.911181217
   63.690117577   59.044538435
   64.001269395   56.473344055
   64.104986668   54.753508408
   64.901654158   53.622338441
   65.005371431   53.913399462
   65.109088704   55.389742980
   65.212805977   55.389733964
   65.316523250   53.913411430
   65.420240523   53.622396520
   65.523957796   54.753521117
   65.627675069   56.473349354
   66.549534356   60.232271389
   66.860686174   56.807901523
   66.964403447   55.139949976
   67.068120720   54.753506201
   67.171837993   54.665585695
   67.275555266   54.336323228
   67.379272539   54.231729488
   67.482989812   54.336324409
   67.856947758   54.665591850
   67.960665031   54.753521117
   68.064382304   55.139973213
   68.168099577   56.807909155
   68.271816850   59.015350710
   69.293313523   55.930929369
   69.472957109   56.992751859
   69.576674382   55.923266844
   69.851084493   54.987509885
   69.954801766   55.116846168
   70.058519039   55.711355840
   70.432476984   55.612339553
   70.536194257   55.653142885
   70.639911530   54.894214353
   70.743628803   54.992828664
   71.158497895   53.316917967
   71.941546134   56.776000452
   72.045263407   56.589229901
   72.148980680   55.473777336
   72.252697953   54.006374079
   72.667567045   52.765071443
   72.771284318   52.765069982
   73.467040936   56.589229901
   73.570758209   56.445467593
   73.674475482   55.363839295
   74.089344573   53.031386104
   74.193061846   51.362887961
   74.296779119   53.031380368
   75.022800030   55.653142885
   75.126517303   55.473777336
   75.230234576   55.363839295
   75.645103668   53.889479494
   75.748820941   52.018443996
   75.852538214   52.018429184
   75.956255487   53.889471364
   76.725443369   54.987509885
   76.829160642   54.894214353
   76.932877915   54.006374079
   77.347747007   55.306855255
   77.451464280   54.523285562
   77.555181553   53.310354250
   77.658898826   54.523274257
   77.762616099   55.306853025
   78.503305580   55.116846168
   78.607022853   54.992828664
   79.021891945   55.306855255
   79.125609218   57.338699640
   79.229326491   56.798707057
   79.333043764   56.798672635
   79.436761037   57.338438127
   79.540478310   55.306849978
   80.099012918   56.992751859
   81.220886755   55.711355840
   81.635755847   53.889479494
   81.739473120   54.523285562
   81.843190393   56.798707057
   81.946907666   57.936082543
   82.050624939   56.798642580
   82.154342212   54.523266273
   82.258059485   53.889474772
   82.880363123   55.923266844
   83.858829919   53.031386104
   83.962547192   52.018443996
   84.066264465   53.310354250
   84.169981738   56.798672635
   84.273699010   56.798642580
   84.377416283   53.310330653
   84.481133556   52.018447824
   84.584850829   53.031396733
   85.354038712   55.930929369
   85.768907804   52.765071443
   85.872625077   51.362887961
   85.976342350   52.018429184
   86.080059623   54.523274257
   86.183776896   57.338438127
   86.557734841   54.523266273
   86.661452114   52.018447824
   86.765169387   51.363211200
   86.868886660   52.765146394
   86.972603933   53.329328789
   87.331891106   59.478915065
   88.218051875   57.590109562
   88.397695461   55.293344587
   88.501412734   57.024171155
   88.775822845   54.774541097
   88.879540118   53.967298890
   88.983257391   55.676872808
   89.357215336   56.776004280
   89.460932609   56.589241093
   89.564649882   55.473777063
   89.668367155   54.006378277
   89.942777266   57.479699249
   90.046494539   57.602158174
   90.150211812   56.330552516
   90.668798177   50.246987895
   91.451846416   56.589241093
   91.555563689   57.602158174
   91.659280962   58.410302197
   92.177867326   49.827775166
   92.281584599   49.827764357
   93.078252089   54.774541097
   93.181969362   55.473777063
   93.285686635   56.330552516
   93.804273000   52.120741022
   93.907990273   50.285669113
   94.011707546   52.120725083
   94.737728457   53.967298890
   94.841445729   54.006378277
   95.360032094   55.988121151
   95.463749367   53.671307297
   95.567466640   53.671297471
   95.671183913   55.988088659
   96.440371796   55.293344587
   96.544089069   55.676872808
   97.062675434   55.988121151
   97.166392706   56.121486732
   97.270109979   55.331110346
   97.373827252   56.121429198
   97.477544525   55.988074248
   98.016475284   57.024171155
   98.878015659   52.120741022
   98.981732932   53.671307297
   99.085450205   55.331110346
   99.189167478   55.331087870
   99.292884751   53.671275399
   99.396602024   52.120715969
  100.060716608   57.590109562
  100.579302973   49.827775166
  100.683020246   50.285669113
  100.786737519   53.671297471
  101.160695464   56.121429198
  101.264412737   53.671275399
  101.368130010   50.285638473
  101.471847283   49.827854006
  101.575564556   50.262081674
  102.027657668   59.044533703
  102.131374941   59.044533703
  102.811494582   58.937498468
  102.991138168   54.143399901
  103.094855441   57.919874767
  103.369265552   54.635695359
  103.472982825   53.454587283
  103.576700098   54.989835702
  103.851110209   56.589221677
  103.954827482   56.445511982
  104.058544755   55.363843872
  104.332954866   56.589221677
  104.436672139   57.602154346
  104.540389412   58.409414679
  104.720032998   56.445511982
  104.823750271   58.409414679
  105.446053909   47.383421874
  106.229102147   53.454587283
  106.332819420   55.363843872
  106.955123058   50.833967113
  107.058840331   50.833960742
  107.855507821   54.143399901
  107.959225094   54.989835702
  108.581528732   53.709582200
  108.685246005   52.417031422
  108.788963278   53.709564269
  109.337783499   57.919874767
  110.106971382   53.709582200
  110.210688655   53.209328073
  110.314405928   53.209314907
  110.418123201   53.709549786
  111.049010743   58.937498468
  111.671314380   50.833967113
  112.045272326   52.417031422
  112.148989599   53.209314907
  112.252706872   52.417006137
  112.356424145   50.833925862
  112.460141418   47.380760733
  113.008961640   55.923308469
  113.112678913   57.443133827
  113.216396186   55.923308469
  113.691688440   58.122140038
  113.871332026   53.708558170
  113.975049299   56.962968531
  114.154692885   53.454588269
  114.258410158   54.679116672
  114.532820269   55.653130848
  114.636537542   55.473773532
  114.740254815   55.363837230
  114.919898402   55.473773532
  115.023615675   56.330534289
  115.203259261   53.454588269
  115.306976534   55.363837230
  115.410693807   54.679116672
  116.136714717   50.944982985
  116.784428879   56.962968531
  117.495478679   51.664573903
  117.599195952   51.664569387
  118.279315593   58.122140038
  119.089373391   51.664573903
  119.193090663   51.482406552
  119.296807936   51.664558521
  119.400525209   50.944952093
  120.048239371   57.024182052
  120.151956644   55.711392113
  120.255673917   55.711392113
  120.359391190   55.920126340
  120.539034777   57.024182052
  120.813444887   55.844881199
  120.917162160   56.962957590
  121.096805747   53.967299500
  121.200523020   54.989835465
  121.380166606   54.894212346
  121.483883879   54.006373213
  121.663527465   53.967299500
  121.767244738   54.006373213
  121.870962011   54.989835465
  121.974679284   56.962957590
  122.757727523   50.993163561
  122.861444796   50.993159794
  123.609360688   57.919529994
  123.713077961   55.676880554
  123.816795234   54.992849311
  123.920512506   55.116845857
  124.100156093   55.676880554
  124.203873366   55.116845857
  124.383516952   57.919529994
    0.000000000   61.806285574
    0.103717273   60.603841061
    0.283360859   64.541595727
    0.387078132   62.547702988
    0.490795405   62.547702803
    0.722714278   60.669464884
    0.826431551   62.860797917
    0.930148824   64.614549859
    1.033866097   62.860799251
    1.345017916   59.825956572
    1.448735189   60.404496831
    1.552452462   61.544894082
    1.656169735   61.544891264
    1.759887007   60.404494772
    2.161582278   59.179357710
    2.265299551   59.817721682
    2.369016824   60.316398974
    2.472734097   61.556632175
    2.576451370   60.316398938
    2.680168643   59.817719252
    3.177579210   59.613934366
    3.281296483   59.036987335
    3.385013756   59.903653466
    3.488731029   59.675015255
    3.592448302   59.675014931
    3.696165575   59.903653359
    3.799882848   59.036985159
    4.395693220   59.251016837
    4.499410493   58.573495585
    4.603127766   59.455526659
    4.706845039   58.492444308
    4.810562312   57.535142954
    4.914279585   58.492443941
    5.017996858   59.455525894
    5.121714131   58.573493076
    5.817470749   59.654307381
    5.921188022   58.503722725
    6.024905295   59.710480885
    6.128622568   58.312560057
    6.232339841   56.444832553
    6.336057114   56.444820376
    6.439774387   58.312560857
    6.543491659   59.710483449
    6.647208932   58.503721178
    7.430257171   58.503722725
    7.533974444   60.279740753
    7.637691717   58.704717782
    7.741408990   57.435706364
    7.845126263   57.735634849
    7.948843536   57.435699685
    8.052560809   58.704718546
    8.156278082   60.279830070
    8.259995355   58.503721316
    9.146156123   58.573495585
    9.249873396   59.710480885
    9.353590669   58.704717782
    9.457307942   57.450782012
    9.561025215   58.076988973
    9.664742488   58.076984812
    9.768459761   57.450776316
    9.872177034   58.704719475
    9.975894307   59.710482681
   10.079611580   58.573490778
   11.069011305   59.036987335
   11.172728578   59.455526659
   11.276445851   58.312560057
   11.380163124   57.435706364
   11.483880397   58.076988973
   11.587597670   59.733989674
   11.691314943   58.077012626
   11.795032216   57.435700437
   11.898749489   58.312561468
   12.002466762   59.455525619
   12.106184035   59.036981460
   13.198913311   59.817721682
   13.302630584   59.903653466
   13.406347857   58.492444308
   13.510065130   56.444832553
   13.613782403   57.735634849
   13.717499675   58.076984812
   13.821216948   58.077012626
   13.924934221   57.735629999
   14.028651494   56.444841818
   14.132368767   58.492443746
   14.236086040   59.903653394
   14.339803313   59.817719033
   15.361299986   60.404496831
   15.465017259   60.316398974
   16.586891096   59.675015255
   16.690608369   57.535142954
   16.794325642   56.444820376
   16.898042915   57.435699685
   17.001760188   57.450776316
   17.105477461   57.435700437
   17.209194734   56.444841818
   17.312912007   57.535142494
   17.416629280   59.675014567
   17.520346553   60.316400281
   17.624063826   60.404495162
   18.779010498   62.860797917
   18.882727771   61.544894082
   18.986445044   61.556632175
   19.090162317   59.675014931
   19.193879590   58.492443941
   19.297596863   58.312560857
   20.094264353   58.704718546
   20.197981626   58.704719475
   20.301698899   58.312561468
   20.405416172   58.492443746
   20.509133445   59.675014567
   20.612850718   61.556631799
   20.716567991   61.544895370
   20.820285264   62.860800020
   22.119858969   62.547702988
   22.223576242   64.614549859
   22.327293515   61.544891264
   22.431010788   60.316398938
   22.534728061   59.903653359
   22.638445334   59.455525894
   22.742162606   59.710483449
   22.845879879   60.279830070
   22.949597152   59.710482681
   23.053314425   59.455525619
   23.157031698   59.903653394
   23.530989644   60.316400281
   23.634706917   61.544895370
   23.738424190   64.614559148
   23.842141463   62.547706889
   23.945858736   60.603842500
   25.348919998   64.541601499
   25.528563584   59.716685036
   25.632280857   63.077935864
   25.839715403   64.190437588
   26.213673349   58.664681550
   26.317390622   59.743027773
   26.524825168   62.433688882
   26.628542441   62.433689319
   27.030237712   57.426821490
   27.133954985   59.488927727
   27.341389531   60.779064462
   27.445106804   60.235409883
   27.548824076   60.779046025
   28.000917188   59.203860435
   28.104634461   58.773920515
   28.312069007   59.931145959
   28.415786280   59.053348845
   28.519503553   59.053363946
   28.623220826   59.931145038
   29.141807190   58.165344992
   29.245524463   57.938985278
   29.452959009   59.759362205
   29.556676282   58.945338724
   29.660393555   57.623866796
   29.764110828   58.945343636
   29.867828101   59.759361253
   30.463638473   56.376298951
   30.567355746   57.337927247
   30.774790292   60.079855436
   30.878507565   60.006188461
   30.982224838   57.458875204
   31.085942111   57.458883667
   31.189659384   60.006193621
   31.293376657   60.079854256
   31.924264198   57.337927247
   32.131698744   60.766775428
   32.235416017   61.112194788
   32.339133290   58.832642828
   32.442850563   57.026243761
   32.546567836   58.832653438
   32.650285109   61.112205052
   32.754002382   60.766771822
   33.480023293   57.938985278
   33.687457838   60.766775428
   33.791175111   60.208817221
   33.894892384   59.518900683
   33.998609657   58.190773260
   34.102326930   58.190786124
   34.206044203   59.518912157
   34.309761476   60.208818880
   34.413478749   60.766767387
   35.236709082   58.773920515
   35.444143628   60.079855436
   35.547860901   61.112194788
   35.651578174   59.518900683
   35.755295447   58.552702134
   35.859012719   58.467616195
   35.962729992   58.552721411
   36.066447265   59.518899791
   36.170164538   61.112196134
   36.273881811   60.079854155
   37.195741098   59.488927727
   37.403175644   59.759362205
   37.506892917   60.006188461
   37.610610189   58.832642828
   37.714327462   58.190773260
   37.818044735   58.467616195
   37.921762008   58.467595207
   38.025479281   58.190767978
   38.129196554   58.832645174
   38.232913827   60.006190149
   38.336631100   59.759361111
   39.146688898   59.743027773
   40.315523203   59.931145959
   40.419240476   58.945338724
   40.522957749   57.458875204
   40.626675022   57.026243761
   40.730392295   58.190786124
   40.834109568   58.552721411
   40.937826841   58.190767978
   41.041544114   57.026221678
   41.145261387   57.458872710
   41.248978660   58.945341185
   41.352695933   59.931143394
   42.303280441   63.077935864
   42.510714987   60.779064462
   42.614432260   59.053348845
   42.718149533   57.623866796
   42.821866806   57.458883667
   43.618534296   58.832653438
   43.722251569   59.518912157
   43.825968842   59.518899791
   43.929686115   58.832645174
   44.033403388   57.458872710
   44.137120661   57.623846624
   44.240837934   59.053367971
   44.344555207   60.779008571
   45.447084941   64.541601499
   45.654519487   62.433688882
   45.758236760   60.235409883
   45.861954033   59.053363946
   45.965671306   58.945343636
   46.069388579   60.006193621
   46.173105852   61.112205052
   46.276823125   60.208818880
   46.380540398   61.112196134
   46.484257671   60.006190149
   46.858215617   58.945341185
   46.961932889   59.053367971
   47.065650162   60.235393524
   47.169367435   62.433688645
   47.273084708   64.190447712
   48.478170521   60.669475597
   48.657814107   58.664694817
   48.761531380   59.743028248
   49.035941491   59.594890861
   49.139658764   57.284430776
   49.243376037   58.081739360
   49.554527856   60.212813012
   50.132001192   59.440013782
   50.235718465   57.971109265
   50.339435738   56.740042546
   50.650587557   61.640478382
   50.754304830   61.640478054
   51.350115202   58.045724135
   51.453832475   59.452351207
   51.557549748   57.088362704
   51.868701566   62.000866002
   51.972418839   61.947773819
   52.076136112   62.000833794
   52.707023654   56.702407726
   52.810740927   57.168536319
   52.914458200   57.550230910
   53.225610019   61.063569422
   53.329327292   60.968716329
   53.433044565   60.968719375
   53.536761838   61.063580101
   54.132572210   57.168536319
   54.236289483   56.452064180
   54.547441301   61.393688673
   54.651158574   60.433452655
   54.754875847   60.083436041
   54.858593120   60.433462288
   54.962310393   61.393709261
   55.626424977   59.452351207
   55.730142250   57.550230910
   56.041294069   60.517360400
   56.145011342   60.305003110
   56.248728615   59.683183245
   56.352445888   59.683191576
   56.456163161   60.305021234
   56.559880434   60.517369127
   57.300569916   57.971109265
   57.404287188   57.088362704
   57.715439007   60.517360400
   57.819156280   59.704343446
   57.922873553   59.118812696
   58.026590826   59.264947911
   58.130308099   59.118839742
   58.234025372   59.704354050
   58.337742645   60.517364759
   59.160972978   57.284430776
   59.264690251   56.740042546
   59.575842070   61.393688673
   59.679559342   60.305003110
   59.783276615   59.118812696
   59.886993888   58.357522106
   59.990711161   58.367009492
   60.094428434   59.118827232
   60.198145707   60.305012871
   60.301862980   61.393693901
   60.965977564   58.664694817
   61.069694837   58.081739360
   62.091191510   61.063569422
   62.194908783   60.433452655
   62.298626056   59.683183245
   62.402343329   59.264947911
   62.506060602   58.367009492
   62.609777875   59.264937679
   62.713495148   59.683185015
   62.817212421   60.433458643
   62.920929694   61.063569422
   63.690117577   59.743028248
   64.001269395   62.000866002
   64.104986668   60.968716329
   64.901654158   60.083436041
   65.005371431   59.683191576
   65.109088704   59.118839742
   65.212805977   59.118827232
   65.316523250   59.683185015
   65.420240523   60.083437909
   65.523957796   60.968718704
   65.627675069   62.000792628
   66.549534356   60.669475597
   66.860686174   61.640478382
   66.964403447   61.947773819
   67.068120720   60.968719375
   67.171837993   60.433462288
   67.275555266   60.305021234
   67.379272539   59.704354050
   67.482989812   60.305012871
   67.856947758   60.433458643
   67.960665031   60.968718704
   68.064382304   61.947772978
   68.168099577   61.640477604
   68.271816850   60.212812182
   69.293313523   59.825958855
   69.472957109   57.426848244
   69.576674382   59.488930608
   69.851084493   59.440462842
   69.954801766   57.971133736
   70.058519039   56.740044390
   70.432476984   57.447150248
   70.536194257   58.723146796
   70.639911530   59.475353770
   70.743628803   56.916851172
   71.158497895   64.438132402
   71.941546134   57.402302666
   72.045263407   57.015749102
   72.148980680   58.548567068
   72.252697953   58.611118664
   72.667567045   65.694617436
   72.771284318   65.694551165
   73.467040936   57.015749102
   73.570758209   56.813439002
   73.674475482   57.659481281
   74.089344573   63.536945627
   74.193061846   64.431189221
   74.296779119   63.536954934
   75.022800030   58.723146796
   75.126517303   58.548567068
   75.230234576   57.659481281
   75.645103668   61.714242644
   75.748820941   62.842691652
   75.852538214   62.842701503
   75.956255487   61.714263090
   76.725443369   59.440462842
   76.829160642   59.475353770
   76.932877915   58.611118664
   77.347747007   59.715885461
   77.451464280   60.795847210
   77.555181553   61.532486968
   77.658898826   60.795870583
   77.762616099   59.715905481
   78.503305580   57.971133736
   78.607022853   56.916851172
   79.021891945   59.715885461
   79.125609218   58.108215955
   79.229326491   59.687565392
   79.333043764   59.687624505
   79.436761037   58.108453764
   79.540478310   59.715894770
   80.099012918   57.426848244
   81.220886755   56.740044390
   81.635755847   61.714242644
   81.739473120   60.795847210
   81.843190393   59.687565392
   81.946907666   61.251550016
   82.050624939   59.687602730
   82.154342212   60.795854978
   82.258059485   61.714254403
   82.880363123   59.488930608
   83.858829919   63.536945627
   83.962547192   62.842691652
   84.066264465   61.532486968
   84.169981738   59.687624505
   84.273699010   59.687602730
   84.377416283   61.532481924
   84.481133556   62.842699523
   84.584850829   63.536950745
   85.354038712   59.825958855
   85.768907804   65.694617436
   85.872625077   64.431189221
   85.976342350   62.842701503
   86.080059623   60.795870583
   86.183776896   58.108453764
   86.557734841   60.795854978
   86.661452114   62.842699523
   86.765169387   64.431190221
   86.868886660   65.694534278
   86.972603933   64.438132018
   87.331891106   63.077936515
   88.218051875   59.179387546
   88.397695461   59.204076955
   88.501412734   58.773926089
   88.775822845   58.045790566
   88.879540118   59.452767861
   88.983257391   57.088376719
   89.357215336   57.402304767
   89.460932609   57.015749489
   89.564649882   58.548593707
   89.668367155   58.611120738
   89.942777266   59.026020942
   90.046494539   58.607790415
   90.150211812   58.936779446
   90.668798177   67.377073540
   91.451846416   57.015749489
   91.555563689   58.607790415
   91.659280962   58.449161279
   92.177867326   65.322957010
   92.281584599   65.322964972
   93.078252089   58.045790566
   93.181969362   58.548593707
   93.285686635   58.936779446
   93.804273000   62.761022004
   93.907990273   63.351151374
   94.011707546   62.761043481
   94.737728457   59.452767861
   94.841445729   58.611120738
   95.360032094   59.519199290
   95.463749367   61.196011036
   95.567466640   61.196023260
   95.671183913   59.519247100
   96.440371796   59.204076955
   96.544089069   57.088376719
   97.062675434   59.519199290
   97.166392706   59.558824274
   97.270109979   60.966762486
   97.373827252   59.558875602
   97.477544525   59.519229964
   98.016475284   58.773926089
   98.878015659   62.761022004
   98.981732932   61.196011036
   99.085450205   60.966762486
   99.189167478   60.966740301
   99.292884751   61.196006772
   99.396602024   62.761036802
  100.060716608   59.179387546
  100.579302973   65.322957010
  100.683020246   63.351151374
  100.786737519   61.196023260
  101.160695464   59.558875602
  101.264412737   61.196006772
  101.368130010   63.351161760
  101.471847283   65.322979066
  101.575564556   67.377094904
  102.027657668   59.743036901
  102.131374941   59.743036901
  102.811494582   59.618280506
  102.991138168   58.165403252
  103.094855441   57.941110527
  103.369265552   56.702402419
  103.472982825   57.168536622
  103.576700098   57.550244683
  103.851110209   57.015772102
  103.954827482   56.813386991
  104.058544755   57.659474550
  104.332954866   57.015772102
  104.436672139   58.607819592
  104.540389412   58.450061336
  104.720032998   56.813386991
  104.823750271   58.450061336
  105.446053909   63.812125624
  106.229102147   57.168536622
  106.332819420   57.659474550
  106.955123058   61.785457299
  107.058840331   61.785459903
  107.855507821   58.165403252
  107.959225094   57.550244683
  108.581528732   60.523435393
  108.685246005   60.954647780
  108.788963278   60.523447308
  109.337783499   57.941110527
  110.106971382   60.523435393
  110.210688655   61.405456739
  110.314405928   61.405493317
  110.418123201   60.523436048
  111.049010743   59.618280506
  111.671314380   61.785457299
  112.045272326   60.954647780
  112.148989599   61.405493317
  112.252706872   60.954645544
  112.356424145   61.785460191
  112.460141418   63.812142296
  113.008961640   59.488932559
  113.112678913   58.081734667
  113.216396186   59.488932559
  113.691688440   59.251170394
  113.871332026   56.376291195
  113.975049299   57.337947694
  114.154692885   57.168537987
  114.258410158   56.452055109
  114.532820269   58.723317634
  114.636537542   58.548617277
  114.740254815   57.659474544
  114.919898402   58.548617277
  115.023615675   58.936783690
  115.203259261   57.168537987
  115.306976534   57.659474544
  115.410693807   56.452055109
  116.136714717   60.972922333
  116.784428879   57.337947694
  117.495478679   61.349923848
  117.599195952   61.349950252
  118.279315593   59.251170394
  119.089373391   61.349923848
  119.193090663   62.389079395
  119.296807936   61.350011793
  119.400525209   60.972929578
  120.048239371   58.773925237
  120.151956644   56.740020238
  120.255673917   56.740020238
  120.359391190   57.284418241
  120.539034777   58.773925237
  120.813444887   59.654643069
  120.917162160   57.337964867
  121.096805747   59.452915114
  121.200523020   57.550249646
  121.380166606   59.475581462
  121.483883879   58.611134344
  121.663527465   59.452915114
  121.767244738   58.611134344
  121.870962011   57.550249646
  121.974679284   57.337964867
  122.757727523   62.009611450
  122.861444796   62.010660708
  123.609360688   57.941451418
  123.713077961   57.088365164
  123.816795234   56.916839714
  123.920512506   57.971136838
  124.100156093   57.088365164
  124.203873366   57.971136838
  124.383516952   57.941451418
    0.000000000   62.508494822
    0.103717273   61.282225177
    0.283360859   65.297790988
    0.387078132   63.265159274
    0.490795405   63.265158941
    0.722714278   60.790009029
    0.826431551   63.427662268
    0.930148824   65.330441191
    1.033866097   63.427661022
    1.345017916   60.633411235
    1.448735189   61.250932001
    1.552452462   62.032870356
    1.656169735   62.032871994
    1.759887007   61.250936450
    2.161582278   59.950203486
    2.265299551   60.652268434
    2.369016824   61.061157413
    2.472734097   62.342345679
    2.576451370   61.061156956
    2.680168643   60.652272001
    3.177579210   59.695380670
    3.281296483   59.827046040
    3.385013756   60.663462041
    3.488731029   60.414974335
    3.592448302   60.414973903
    3.696165575   60.663460700
    3.799882848   59.827048586
    4.395693220   59.932519724
    4.499410493   59.291449727
    4.603127766   60.157850581
    4.706845039   59.177045018
    4.810562312   58.240755994
    4.914279585   59.177044513
    5.017996858   60.157849641
    5.121714131   59.291451577
    5.817470749   60.145051025
    5.921188022   59.140481683
    6.024905295   60.356983132
    6.128622568   58.939033838
    6.232339841   57.202600061
    6.336057114   57.202603478
    6.439774387   58.939033234
    6.543491659   60.356976457
    6.647208932   59.140482065
    7.430257171   59.140481683
    7.533974444   60.516129472
    7.637691717   59.376862321
    7.741408990   58.278525513
    7.845126263   58.698228626
    7.948843536   58.278535725
    8.052560809   59.376862980
    8.156278082   60.515970185
    8.259995355   59.140481334
    9.146156123   59.291449727
    9.249873396   60.356983132
    9.353590669   59.376862321
    9.457307942   58.358574971
    9.561025215   59.126000208
    9.664742488   59.126005907
    9.768459761   58.358584316
    9.872177034   59.376859547
    9.975894307   60.356976806
   10.079611580   59.291451380
   11.069011305   59.827046040
   11.172728578   60.157850581
   11.276445851   58.939033838
   11.380163124   58.278525513
   11.483880397   59.126000208
   11.587597670   59.791262389
   11.691314943   59.126063489
   11.795032216   58.278542079
   11.898749489   58.939031845
   12.002466762   60.157849240
   12.106184035   59.827048778
   13.198913311   60.652268434
   13.302630584   60.663462041
   13.406347857   59.177045018
   13.510065130   57.202600061
   13.613782403   58.698228626
   13.717499675   59.126005907
   13.821216948   59.126063489
   13.924934221   58.698255290
   14.028651494   57.202601697
   14.132368767   59.177044036
   14.236086040   60.663460066
   14.339803313   60.652270589
   15.361299986   61.250932001
   15.465017259   61.061157413
   16.586891096   60.414974335
   16.690608369   58.240755994
   16.794325642   57.202603478
   16.898042915   58.278535725
   17.001760188   58.358584316
   17.105477461   58.278542079
   17.209194734   57.202601697
   17.312912007   58.240755592
   17.416629280   60.414973627
   17.520346553   61.061155289
   17.624063826   61.250935192
   18.779010498   63.427662268
   18.882727771   62.032870356
   18.986445044   62.342345679
   19.090162317   60.414973903
   19.193879590   59.177044513
   19.297596863   58.939033234
   20.094264353   59.376862980
   20.197981626   59.376859547
   20.301698899   58.939031845
   20.405416172   59.177044036
   20.509133445   60.414973627
   20.612850718   62.342345087
   20.716567991   62.032867374
   20.820285264   63.427658934
   22.119858969   63.265159274
   22.223576242   65.330441191
   22.327293515   62.032871994
   22.431010788   61.061156956
   22.534728061   60.663460700
   22.638445334   60.157849641
   22.742162606   60.356976457
   22.845879879   60.515970185
   22.949597152   60.356976806
   23.053314425   60.157849240
   23.157031698   60.663460066
   23.530989644   61.061155289
   23.634706917   62.032867374
   23.738424190   65.330428153
   23.842141463   63.265155478
   23.945858736   61.282223865
   25.348919998   65.297423105
   25.528563584   60.303499137
   25.632280857   63.317030318
   25.839715403   64.908042354
   26.213673349   59.251655085
   26.317390622   60.444055502
   26.524825168   62.987612419
   26.628542441   62.987611698
   27.030237712   58.329557997
   27.133954985   60.257935139
   27.341389531   60.968426083
   27.445106804   60.561668991
   27.548824076   60.968408009
   28.000917188   60.091344639
   28.104634461   59.520691666
   28.312069007   60.484884709
   28.415786280   59.668942525
   28.519503553   59.668939905
   28.623220826   60.484891966
   29.141807190   59.119807867
   29.245524463   58.749269495
   29.452959009   60.447814333
   29.556676282   59.671457855
   29.660393555   58.073763471
   29.764110828   59.671452084
   29.867828101   60.447813405
   30.463638473   57.340870100
   30.567355746   57.871764960
   30.774790292   60.748409981
   30.878507565   60.729609840
   30.982224838   58.188641249
   31.085942111   58.188633362
   31.189659384   60.729604030
   31.293376657   60.748409363
   31.924264198   57.871764960
   32.131698744   60.908295213
   32.235416017   61.954766325
   32.339133290   59.629704738
   32.442850563   57.836350184
   32.546567836   59.629694336
   32.650285109   61.954743219
   32.754002382   60.908300030
   33.480023293   58.749269495
   33.687457838   60.908295213
   33.791175111   61.187454271
   33.894892384   60.477189218
   33.998609657   59.106001209
   34.102326930   59.105991424
   34.206044203   60.477176834
   34.309761476   61.187452672
   34.413478749   60.908307559
   35.236709082   59.520691666
   35.444143628   60.748409981
   35.547860901   61.954766325
   35.651578174   60.477189218
   35.755295447   59.573109533
   35.859012719   59.507047796
   35.962729992   59.573146908
   36.066447265   60.477204758
   36.170164538   61.954800102
   36.273881811   60.748408980
   37.195741098   60.257935139
   37.403175644   60.447814333
   37.506892917   60.729609840
   37.610610189   59.629704738
   37.714327462   59.106001209
   37.818044735   59.507047796
   37.921762008   59.507863494
   38.025479281   59.106027538
   38.129196554   59.629704633
   38.232913827   60.729608259
   38.336631100   60.447812883
   39.146688898   60.444055502
   40.315523203   60.484884709
   40.419240476   59.671457855
   40.522957749   58.188641249
   40.626675022   57.836350184
   40.730392295   59.105991424
   40.834109568   59.573146908
   40.937826841   59.106027538
   41.041544114   57.836361610
   41.145261387   58.188641101
   41.248978660   59.671455034
   41.352695933   60.484906734
   42.303280441   63.317030318
   42.510714987   60.968426083
   42.614432260   59.668942525
   42.718149533   58.073763471
   42.821866806   58.188633362
   43.618534296   59.629694336
   43.722251569   60.477176834
   43.825968842   60.477204758
   43.929686115   59.629704633
   44.033403388   58.188641101
   44.137120661   58.073765188
   44.240837934   59.668939393
   44.344555207   60.968428044
   45.447084941   65.297423105
   45.654519487   62.987612419
   45.758236760   60.561668991
   45.861954033   59.668939905
   45.965671306   59.671452084
   46.069388579   60.729604030
   46.173105852   61.954743219
   46.276823125   61.187452672
   46.380540398   61.954800102
   46.484257671   60.729608259
   46.858215617   59.671455034
   46.961932889   59.668939393
   47.065650162   60.561674823
   47.169367435   62.987611815
   47.273084708   64.908032196
   48.478170521   60.790003560
   48.657814107   59.251568868
   48.761531380   60.444054735
   49.035941491   59.619177107
   49.139658764   57.966091818
   49.243376037   58.751245013
   49.554527856   60.777961813
   50.132001192   60.263021255
   50.235718465   58.838070349
   50.339435738   57.493399945
   50.650587557   62.234989067
   50.754304830   62.234988750
   51.350115202   59.150590380
   51.453832475   60.254147759
   51.557549748   57.961483559
   51.868701566   62.119116849
   51.972418839   62.550024387
   52.076136112   62.119162612
   52.707023654   57.801378485
   52.810740927   58.216858308
   52.914458200   58.458601903
   53.225610019   61.823508155
   53.329327292   61.609456537
   53.433044565   61.609452546
   53.536761838   61.823502666
   54.132572210   58.216858308
   54.236289483   57.397289358
   54.547441301   62.277993263
   54.651158574   61.176258922
   54.754875847   60.756908318
   54.858593120   61.176246989
   54.962310393   62.277969025
   55.626424977   60.254147759
   55.730142250   58.458601903
   56.041294069   61.486067778
   56.145011342   61.207845412
   56.248728615   60.449978703
   56.352445888   60.449968991
   56.456163161   61.207824830
   56.559880434   61.486059204
   57.300569916   58.838070349
   57.404287188   57.961483559
   57.715439007   61.486067778
   57.819156280   60.694161550
   57.922873553   60.065131639
   58.026590826   60.097276961
   58.130308099   60.065108731
   58.234025372   60.694153487
   58.337742645   61.486064933
   59.160972978   57.966091818
   59.264690251   57.493399945
   59.575842070   62.277993263
   59.679559342   61.207845412
   59.783276615   60.065131639
   59.886993888   59.301043935
   59.990711161   59.300745851
   60.094428434   60.065125936
   60.198145707   61.207837034
   60.301862980   62.278013918
   60.965977564   59.251568868
   61.069694837   58.751245013
   62.091191510   61.823508155
   62.194908783   61.176258922
   62.298626056   60.449978703
   62.402343329   60.097276961
   62.506060602   59.300745851
   62.609777875   60.097303717
   62.713495148   60.449978662
   62.817212421   61.176253599
   62.920929694   61.823546927
   63.690117577   60.444054735
   64.001269395   62.119116849
   64.104986668   61.609456537
   64.901654158   60.756908318
   65.005371431   60.449968991
   65.109088704   60.065108731
   65.212805977   60.065125936
   65.316523250   60.449978662
   65.420240523   60.756907215
   65.523957796   61.609454008
   65.627675069   62.119221420
   66.549534356   60.790003560
   66.860686174   62.234989067
   66.964403447   62.550024387
   67.068120720   61.609452546
   67.171837993   61.176246989
   67.275555266   61.207824830
   67.379272539   60.694153487
   67.482989812   61.207837034
   67.856947758   61.176253599
   67.960665031   61.609454008
   68.064382304   62.550024386
   68.168099577   62.234988346
   68.271816850   60.777961415
   69.293313523   60.633410736
   69.472957109   58.329497458
   69.576674382   60.257918545
   69.851084493   60.260190590
   69.954801766   58.838039001
   70.058519039   57.493394704
   70.432476984   58.664284268
   70.536194257   59.850109446
   70.639911530   60.399022967
   70.743628803   57.831633565
   71.158497895   65.027782821
   71.941546134   57.636260916
   72.045263407   58.120771240
   72.148980680   59.648650965
   72.252697953   59.594184840
   72.667567045   65.865481222
   72.771284318   65.865598260
   73.467040936   58.120771240
   73.570758209   57.914932451
   73.674475482   58.710880140
   74.089344573   64.185626762
   74.193061846   65.055724657
   74.296779119   64.185616614
   75.022800030   59.850109446
   75.126517303   59.648650965
   75.230234576   58.710880140
   75.645103668   62.462827973
   75.748820941   63.497745857
   75.852538214   63.497733538
   75.956255487   62.462802703
   76.725443369   60.260190590
   76.829160642   60.399022967
   76.932877915   59.594184840
   77.347747007   60.633649499
   77.451464280   61.545479309
   77.555181553   62.219369956
   77.658898826   61.545452660
   77.762616099   60.633630152
   78.503305580   58.838039001
   78.607022853   57.831633565
   79.021891945   60.633649499
   79.125609218   59.060454960
   79.229326491   60.425102880
   79.333043764   60.425058073
   79.436761037   59.060381884
   79.540478310   60.633643128
   80.099012918   58.329497458
   81.220886755   57.493394704
   81.635755847   62.462827973
   81.739473120   61.545479309
   81.843190393   60.425102880
   81.946907666   61.282349517
   82.050624939   60.425094259
   82.154342212   61.545473013
   82.258059485   62.462816053
   82.880363123   60.257918545
   83.858829919   64.185626762
   83.962547192   63.497745857
   84.066264465   62.219369956
   84.169981738   60.425058073
   84.273699010   60.425094259
   84.377416283   62.219379516
   84.481133556   63.497738291
   84.584850829   64.185625996
   85.354038712   60.633410736
   85.768907804   65.865481222
   85.872625077   65.055724657
   85.976342350   63.497733538
   86.080059623   61.545452660
   86.183776896   59.060381884
   86.557734841   61.545473013
   86.661452114   63.497738291
   86.765169387   65.055724737
   86.868886660   65.865625831
   86.972603933   65.027782431
   87.331891106   63.317028442
   88.218051875   59.950187489
   88.397695461   60.090493681
   88.501412734   59.520672929
   88.775822845   59.150389139
   88.879540118   60.250201359
   88.983257391   57.961468912
   89.357215336   57.636274116
   89.460932609   58.120746871
   89.564649882   59.648593889
   89.668367155   59.594184154
   89.942777266   59.047758860
   90.046494539   59.486835634
   90.150211812   60.035471721
   90.668798177   67.930724141
   91.451846416   58.120746871
   91.555563689   59.486835634
   91.659280962   59.301442290
   92.177867326   65.914606310
   92.281584599   65.914596656
   93.078252089   59.150389139
   93.181969362   59.648593889
   93.285686635   60.035471721
   93.804273000   63.415857792
   93.907990273   64.002853374
   94.011707546   63.415830128
   94.737728457   60.250201359
   94.841445729   59.594184154
   95.360032094   60.255713326
   95.463749367   61.918043996
   95.567466640   61.918031149
   95.671183913   60.255674157
   96.440371796   60.090493681
   96.544089069   57.961468912
   97.062675434   60.255713326
   97.166392706   60.335437215
   97.270109979   61.790943616
   97.373827252   60.335407868
   97.477544525   60.255696240
   98.016475284   59.520672929
   98.878015659   63.415857792
   98.981732932   61.918043996
   99.085450205   61.790943616
   99.189167478   61.790999668
   99.292884751   61.918056686
   99.396602024   63.415841823
  100.060716608   59.950187489
  100.579302973   65.914606310
  100.683020246   64.002853374
  100.786737519   61.918031149
  101.160695464   60.335407868
  101.264412737   61.918056686
  101.368130010   64.002845534
  101.471847283   65.914584000
  101.575564556   67.930701359
  102.027657668   60.444049510
  102.131374941   60.444049510
  102.811494582   59.691258297
  102.991138168   59.119667457
  103.094855441   58.749201782
  103.369265552   57.801385507
  103.472982825   58.216856076
  103.576700098   58.458584038
  103.851110209   58.120729835
  103.954827482   57.914940067
  104.058544755   58.710883596
  104.332954866   58.120729835
  104.436672139   59.486799477
  104.540389412   59.301427060
  104.720032998   57.914940067
  104.823750271   59.301427060
  105.446053909   64.479206304
  106.229102147   58.216856076
  106.332819420   58.710883596
  106.955123058   62.535231357
  107.058840331   62.535228353
  107.855507821   59.119667457
  107.959225094   58.458584038
  108.581528732   61.362325351
  108.685246005   61.814370140
  108.788963278   61.362316641
  109.337783499   58.749201782
  110.106971382   61.362325351
  110.210688655   62.352374900
  110.314405928   62.352203876
  110.418123201   61.362334832
  111.049010743   59.691258297
  111.671314380   62.535231357
  112.045272326   61.814370140
  112.148989599   62.352203876
  112.252706872   61.814380093
  112.356424145   62.535233878
  112.460141418   64.479191708
  113.008961640   60.257917843
  113.112678913   58.751246662
  113.216396186   60.257917843
  113.691688440   59.927313862
  113.871332026   57.340880668
  113.975049299   57.871754306
  114.154692885   58.216851497
  114.258410158   57.397299441
  114.532820269   59.849200745
  114.636537542   59.648543778
  114.740254815   58.710884074
  114.919898402   59.648543778
  115.023615675   60.035474579
  115.203259261   58.216851497
  115.306976534   58.710884074
  115.410693807   57.397299441
  116.136714717   61.845565294
  116.784428879   57.871754306
  117.495478679   62.332685545
  117.599195952   62.332557357
  118.279315593   59.927313862
  119.089373391   62.332685545
  119.193090663   62.431660383
  119.296807936   62.332420946
  119.400525209   61.845560268
  120.048239371   59.520673800
  120.151956644   57.493407258
  120.255673917   57.493407258
  120.359391190   57.966097401
  120.539034777   59.520673800
  120.813444887   60.143119080
  120.917162160   57.871747564
  121.096805747   60.248620977
  121.200523020   58.458568101
  121.380166606   60.397908106
  121.483883879   59.594154726
  121.663527465   60.248620977
  121.767244738   59.594154726
  121.870962011   58.458568101
  121.974679284   57.871747564
  122.757727523   62.726385027
  122.861444796   62.686864235
  123.609360688   58.749196066
  123.713077961   57.961472362
  123.816795234   57.831636010
  123.920512506   58.838024933
  124.100156093   57.961472362
  124.203873366   58.838024933
  124.383516952   58.749196066
    0.000000000   68.451844871
    0.103717273   69.307681580
    0.283360859   65.317095312
    0.387078132   67.686096679
    0.490795405   67.686096833
    0.722714278   65.375306920
    0.826431551   64.955491485
    0.930148824   65.928201118
    1.033866097   64.955491684
    1.345017916   63.853375049
    1.448735189   64.077742875
    1.552452462   63.730174990
    1.656169735   63.730174895
    1.759887007   64.077743170
    2.161582278   62.650060548
    2.265299551   62.804790922
    2.369016824   62.205928887
    2.472734097   62.374992898
    2.576451370   62.205928849
    2.680168643   62.804795111
    3.177579210   60.315047374
    3.281296483   62.139184438
    3.385013756   62.232278110
    3.488731029   62.077806237
    3.592448302   62.077814317
    3.696165575   62.232291420
    3.799882848   62.139211190
    4.395693220   59.974854731
    4.499410493   61.355193761
    4.603127766   62.769131788
    4.706845039   63.408184148
    4.810562312   62.084702314
    4.914279585   63.408257494
    5.017996858   62.769166316
    5.121714131   61.355225772
    5.817470749   60.366687929
    5.921188022   60.344430121
    6.024905295   61.539230634
    6.128622568   62.593299214
    6.232339841   62.522398605
    6.336057114   62.522418026
    6.439774387   62.593313901
    6.543491659   61.539247755
    6.647208932   60.344462641
    7.430257171   60.344430121
    7.533974444   61.183306889
    7.637691717   60.603846705
    7.741408990   61.513271275
    7.845126263   62.261866345
    7.948843536   61.513269479
    8.052560809   60.603845065
    8.156278082   61.187287736
    8.259995355   60.344467765
    9.146156123   61.355193761
    9.249873396   61.539230634
    9.353590669   60.603846705
    9.457307942   60.380736673
    9.561025215   61.350669904
    9.664742488   61.350636037
    9.768459761   60.380727121
    9.872177034   60.603851064
    9.975894307   61.539255341
   10.079611580   61.355234865
   11.069011305   62.139184438
   11.172728578   62.769131788
   11.276445851   62.593299214
   11.380163124   61.513271275
   11.483880397   61.350669904
   11.587597670   60.626052112
   11.691314943   61.350549198
   11.795032216   61.513261608
   11.898749489   62.593313352
   12.002466762   62.769170386
   12.106184035   62.139219910
   13.198913311   62.804790922
   13.302630584   62.232278110
   13.406347857   63.408184148
   13.510065130   62.522398605
   13.613782403   62.261866345
   13.717499675   61.350636037
   13.821216948   61.350549198
   13.924934221   62.261846166
   14.028651494   62.522412425
   14.132368767   63.408259031
   14.236086040   62.232293324
   14.339803313   62.804800650
   15.361299986   64.077742875
   15.465017259   62.205928887
   16.586891096   62.077806237
   16.690608369   62.084702314
   16.794325642   62.522418026
   16.898042915   61.513269479
   17.001760188   60.380727121
   17.105477461   61.513261608
   17.209194734   62.522412425
   17.312912007   62.084704536
   17.416629280   62.077816700
   17.520346553   62.205930000
   17.624063826   64.077746126
   18.779010498   64.955491485
   18.882727771   63.730174990
   18.986445044   62.374992898
   19.090162317   62.077814317
   19.193879590   63.408257494
   19.297596863   62.593313901
   20.094264353   60.603845065
   20.197981626   60.603851064
   20.301698899   62.593313352
   20.405416172   63.408259031
   20.509133445   62.077816700
   20.612850718   62.375005795
   20.716567991   63.730175148
   20.820285264   64.955495657
   22.119858969   67.686096679
   22.223576242   65.928201118
   22.327293515   63.730174895
   22.431010788   62.205928849
   22.534728061   62.232291420
   22.638445334   62.769166316
   22.742162606   61.539247755
   22.845879879   61.187287736
   22.949597152   61.539255341
   23.053314425   62.769170386
   23.157031698   62.232293324
   23.530989644   62.205930000
   23.634706917   63.730175148
   23.738424190   65.928200920
   23.842141463   67.686096299
   23.945858736   69.307682449
   25.348919998   65.317462184
   25.528563584   61.721910056
   25.632280857   63.714507688
   25.839715403   65.419281511
   26.213673349   59.407082882
   26.317390622   61.848391050
   26.524825168   64.887460159
   26.628542441   64.887468779
   27.030237712   59.583084810
   27.133954985   60.532354577
   27.341389531   60.987545067
   27.445106804   64.921075641
   27.548824076   60.987571285
   28.000917188   60.560873195
   28.104634461   60.554104949
   28.312069007   60.631846877
   28.415786280   62.902587174
   28.519503553   62.902590721
   28.623220826   60.631843021
   29.141807190   60.301257929
   29.245524463   60.636327809
   29.452959009   62.367604535
   29.556676282   62.355930945
   29.660393555   63.788931760
   29.764110828   62.355936724
   29.867828101   62.367623442
   30.463638473   60.602701272
   30.567355746   60.269018078
   30.774790292   63.320722717
   30.878507565   62.989381805
   30.982224838   63.231264586
   31.085942111   63.231268193
   31.189659384   62.989403750
   31.293376657   63.320770843
   31.924264198   60.269018078
   32.131698744   61.404167852
   32.235416017   62.184149910
   32.339133290   62.809920446
   32.442850563   62.404501322
   32.546567836   62.809928157
   32.650285109   62.184166880
   32.754002382   61.404164085
   33.480023293   60.636327809
   33.687457838   61.404167852
   33.791175111   63.051563672
   33.894892384   61.638325454
   33.998609657   61.521523024
   34.102326930   61.521524868
   34.206044203   61.638325371
   34.309761476   63.051564897
   34.413478749   61.404160934
   35.236709082   60.554104949
   35.444143628   63.320722717
   35.547860901   62.184149910
   35.651578174   61.638325454
   35.755295447   60.580497963
   35.859012719   60.008824583
   35.962729992   60.580407983
   36.066447265   61.638297600
   36.170164538   62.184111756
   36.273881811   63.320769519
   37.195741098   60.532354577
   37.403175644   62.367604535
   37.506892917   62.989381805
   37.610610189   62.809920446
   37.714327462   61.521523024
   37.818044735   60.008824583
   37.921762008   60.007841431
   38.025479281   61.521482911
   38.129196554   62.809922540
   38.232913827   62.989399604
   38.336631100   62.367622220
   39.146688898   61.848391050
   40.315523203   60.631846877
   40.419240476   62.355930945
   40.522957749   63.231264586
   40.626675022   62.404501322
   40.730392295   61.521524868
   40.834109568   60.580407983
   40.937826841   61.521482911
   41.041544114   62.404498463
   41.145261387   63.231268206
   41.248978660   62.355936172
   41.352695933   60.631826761
   42.303280441   63.714507688
   42.510714987   60.987545067
   42.614432260   62.902587174
   42.718149533   63.788931760
   42.821866806   63.231268193
   43.618534296   62.809928157
   43.722251569   61.638325371
   43.825968842   61.638297600
   43.929686115   62.809922540
   44.033403388   63.231268206
   44.137120661   63.788932684
   44.240837934   62.902590886
   44.344555207   60.987572776
   45.447084941   65.317462184
   45.654519487   64.887460159
   45.758236760   64.921075641
   45.861954033   62.902590721
   45.965671306   62.355936724
   46.069388579   62.989403750
   46.173105852   62.184166880
   46.276823125   63.051564897
   46.380540398   62.184111756
   46.484257671   62.989399604
   46.858215617   62.355936172
   46.961932889   62.902590886
   47.065650162   64.921080049
   47.169367435   64.887469271
   47.273084708   65.419281079
   48.478170521   65.375309971
   48.657814107   59.407170434
   48.761531380   61.848392591
   49.035941491   60.312214107
   49.139658764   61.172141136
   49.243376037   62.716795999
   49.554527856   67.726713094
   50.132001192   60.575037922
   50.235718465   61.572728848
   50.339435738   62.651083679
   50.650587557   64.903061577
   50.754304830   64.903060853
   51.350115202   60.360134943
   51.453832475   60.429491681
   51.557549748   62.837791431
   51.868701566   62.627584740
   51.972418839   66.612159089
   52.076136112   62.627539748
   52.707023654   60.868931617
   52.810740927   60.935445235
   52.914458200   60.682613068
   53.225610019   62.267210329
   53.329327292   65.460007121
   53.433044565   65.460009005
   53.536761838   62.267196254
   54.132572210   60.935445235
   54.236289483   60.594430234
   54.547441301   63.042085588
   54.651158574   65.065029680
   54.754875847   65.926767820
   54.858593120   65.065030963
   54.962310393   63.042079449
   55.626424977   60.429491681
   55.730142250   60.682613068
   56.041294069   64.333217174
   56.145011342   64.894639046
   56.248728615   64.835138667
   56.352445888   64.835135157
   56.456163161   64.894630720
   56.559880434   64.333215297
   57.300569916   61.572728848
   57.404287188   62.837791431
   57.715439007   64.333217174
   57.819156280   65.275626163
   57.922873553   63.630477852
   58.026590826   63.083460549
   58.130308099   63.630458495
   58.234025372   65.275614016
   58.337742645   64.333215208
   59.160972978   61.172141136
   59.264690251   62.651083679
   59.575842070   63.042085588
   59.679559342   64.894639046
   59.783276615   63.630477852
   59.886993888   61.502345377
   59.990711161   61.502245272
   60.094428434   63.630459754
   60.198145707   64.894639311
   60.301862980   63.042041643
   60.965977564   59.407170434
   61.069694837   62.716795999
   62.091191510   62.267210329
   62.194908783   65.065029680
   62.298626056   64.835138667
   62.402343329   63.083460549
   62.506060602   61.502245272
   62.609777875   63.083437607
   62.713495148   64.835145029
   62.817212421   65.065033271
   62.920929694   62.267157028
   63.690117577   61.848392591
   64.001269395   62.627584740
   64.104986668   65.460007121
   64.901654158   65.926767820
   65.005371431   64.835135157
   65.109088704   63.630458495
   65.212805977   63.630459754
   65.316523250   64.835145029
   65.420240523   65.926775705
   65.523957796   65.460010916
   65.627675069   62.627484871
   66.549534356   65.375309971
   66.860686174   64.903061577
   66.964403447   66.612159089
   67.068120720   65.460009005
   67.171837993   65.065030963
   67.275555266   64.894630720
   67.379272539   65.275614016
   67.482989812   64.894639311
   67.856947758   65.065033271
   67.960665031   65.460010916
   68.064382304   66.612163377
   68.168099577   64.903059381
   68.271816850   67.720538971
   69.293313523   63.853376311
   69.472957109   59.583125754
   69.576674382   60.532375013
   69.851084493   60.577642766
   69.954801766   61.572734222
   70.058519039   62.651120084
   70.432476984   59.770034420
   70.536194257   60.380770913
   70.639911530   60.900679859
   70.743628803   63.865745256
   71.158497895   68.494781628
   71.941546134   58.411725157
   72.045263407   60.803857289
   72.148980680   61.629381902
   72.252697953   61.982563805
   72.667567045   66.323036839
   72.771284318   66.322907021
   73.467040936   60.803857289
   73.570758209   62.472273149
   73.674475482   61.657712999
   74.089344573   65.971837597
   74.193061846   68.951638603
   74.296779119   65.971823786
   75.022800030   60.380770913
   75.126517303   61.629381902
   75.230234576   61.657712999
   75.645103668   66.636246151
   75.748820941   68.272176455
   75.852538214   68.272016810
   75.956255487   66.636166212
   76.725443369   60.577642766
   76.829160642   60.900679859
   76.932877915   61.982563805
   77.347747007   66.324738352
   77.451464280   65.987041717
   77.555181553   66.861492240
   77.658898826   65.987007353
   77.762616099   66.324691840
   78.503305580   61.572734222
   78.607022853   63.865745256
   79.021891945   66.324738352
   79.125609218   65.025920474
   79.229326491   64.290368663
   79.333043764   64.290335009
   79.436761037   65.025909432
   79.540478310   66.324736676
   80.099012918   59.583125754
   81.220886755   62.651120084
   81.635755847   66.636246151
   81.739473120   65.987041717
   81.843190393   64.290368663
   81.946907666   62.009321353
   82.050624939   64.290355919
   82.154342212   65.987060410
   82.258059485   66.636232590
   82.880363123   60.532375013
   83.858829919   65.971837597
   83.962547192   68.272176455
   84.066264465   66.861492240
   84.169981738   64.290335009
   84.273699010   64.290355919
   84.377416283   66.865151988
   84.481133556   68.272255037
   84.584850829   65.971823709
   85.354038712   63.853376311
   85.768907804   66.323036839
   85.872625077   68.951638603
   85.976342350   68.272016810
   86.080059623   65.987007353
   86.183776896   65.025909432
   86.557734841   65.987060410
   86.661452114   68.272255037
   86.765169387   68.951699045
   86.868886660   66.322884336
   86.972603933   68.494850982
   87.331891106   63.714509954
   88.218051875   62.650224726
   88.397695461   60.561604877
   88.501412734   60.554144361
   88.775822845   60.360341198
   88.879540118   60.433400046
   88.983257391   62.837979316
   89.357215336   58.411507407
   89.460932609   60.803773396
   89.564649882   61.629402760
   89.668367155   61.982560630
   89.942777266   59.740887078
   90.046494539   62.098442682
   90.150211812   63.520396579
   90.668798177   69.687599022
   91.451846416   60.803773396
   91.555563689   62.098442682
   91.659280962   63.133986647
   92.177867326   69.826021449
   92.281584599   69.825845353
   93.078252089   60.360341198
   93.181969362   61.629402760
   93.285686635   63.520396579
   93.804273000   67.110515533
   93.907990273   68.305305574
   94.011707546   67.110485600
   94.737728457   60.433400046
   94.841445729   61.982560630
   95.360032094   64.702414648
   95.463749367   65.424453959
   95.567466640   65.424452123
   95.671183913   64.702412541
   96.440371796   60.561604877
   96.544089069   62.837979316
   97.062675434   64.702414648
   97.166392706   63.849548548
   97.270109979   63.789623853
   97.373827252   63.849547330
   97.477544525   64.702418628
   98.016475284   60.554144361
   98.878015659   67.110515533
   98.981732932   65.424453959
   99.085450205   63.789623853
   99.189167478   63.789392570
   99.292884751   65.424336548
   99.396602024   67.110440670
  100.060716608   62.650224726
  100.579302973   69.826021449
  100.683020246   68.305305574
  100.786737519   65.424452123
  101.160695464   63.849547330
  101.264412737   65.424336548
  101.368130010   68.304780319
  101.471847283   69.825562628
  101.575564556   69.687598861
  102.027657668   61.848393337
  102.131374941   61.848393337
  102.811494582   60.315581181
  102.991138168   60.301408291
  103.094855441   60.636336528
  103.369265552   60.868924271
  103.472982825   60.935453980
  103.576700098   60.682620892
  103.851110209   60.803705570
  103.954827482   62.472225319
  104.058544755   61.657698257
  104.332954866   60.803705570
  104.436672139   62.098276062
  104.540389412   63.133851427
  104.720032998   62.472225319
  104.823750271   63.133851427
  105.446053909   70.016773088
  106.229102147   60.935453980
  106.332819420   61.657698257
  106.955123058   66.899439675
  107.058840331   66.899433845
  107.855507821   60.301408291
  107.959225094   60.682620892
  108.581528732   63.959296658
  108.685246005   65.081867148
  108.788963278   63.959310700
  109.337783499   60.636336528
  110.106971382   63.959296658
  110.210688655   63.117603900
  110.314405928   63.117779457
  110.418123201   63.959219940
  111.049010743   60.315581181
  111.671314380   66.899439675
  112.045272326   65.081867148
  112.148989599   63.117779457
  112.252706872   65.061397976
  112.356424145   66.898225651
  112.460141418   69.972662645
  113.008961640   60.532376375
  113.112678913   62.716952246
  113.216396186   60.532376375
  113.691688440   59.980196947
  113.871332026   60.602715473
  113.975049299   60.269058833
  114.154692885   60.935462014
  114.258410158   60.594433567
  114.532820269   60.381325796
  114.636537542   61.629424435
  114.740254815   61.657704925
  114.919898402   61.629424435
  115.023615675   63.520128733
  115.203259261   60.935462014
  115.306976534   61.657704925
  115.410693807   60.594433567
  116.136714717   65.468709510
  116.784428879   60.269058833
  117.495478679   63.403567967
  117.599195952   63.403869972
  118.279315593   59.980196947
  119.089373391   63.403567967
  119.193090663   63.084361544
  119.296807936   63.402703621
  119.400525209   65.426929067
  120.048239371   60.554149797
  120.151956644   62.651129974
  120.255673917   62.651129974
  120.359391190   61.172168001
  120.539034777   60.554149797
  120.813444887   60.368676704
  120.917162160   60.269061015
  121.096805747   60.435031086
  121.200523020   60.682647252
  121.380166606   60.901800430
  121.483883879   61.982625657
  121.663527465   60.435031086
  121.767244738   61.982625657
  121.870962011   60.682647252
  121.974679284   60.269061015
  122.757727523   62.731977381
  122.861444796   62.769860168
  123.609360688   60.636337344
  123.713077961   62.837984090
  123.816795234   63.866377170
  123.920512506   61.572745147
  124.100156093   62.837984090
  124.203873366   61.572745147
  124.383516952   60.636337344
    0.000000000   69.608512997
    0.103717273   69.806172273
    0.283360859   65.980893423
    0.387078132   68.609219865
    0.490795405   68.609218814
    0.722714278   65.900286765
    0.826431551   65.747697107
    0.930148824   66.465313003
    1.033866097   65.747696046
    1.345017916   64.624513892
    1.448735189   64.743905683
    1.552452462   64.477617886
    1.656169735   64.477618526
    1.759887007   64.743904462
    2.161582278   62.679570663
    2.265299551   63.410014057
    2.369016824   62.919741724
    2.472734097   62.844511242
    2.576451370   62.919741050
    2.680168643   63.410008258
    3.177579210   60.987358947
    3.281296483   62.798425289
    3.385013756   62.968517446
    3.488731029   62.715000166
    3.592448302   62.714987009
    3.696165575   62.968499806
    3.799882848   62.798395570
    4.395693220   60.671811169
    4.499410493   62.163509358
    4.603127766   63.453881281
    4.706845039   63.816304825
    4.810562312   62.758050072
    4.914279585   63.816189189
    5.017996858   63.453809562
    5.121714131   62.163482088
    5.817470749   60.902723998
    5.921188022   61.180634875
    6.024905295   62.480448437
    6.128622568   63.406159602
    6.232339841   63.259191102
    6.336057114   63.259160933
    6.439774387   63.405985657
    6.543491659   62.480154287
    6.647208932   61.180609769
    7.430257171   61.180634875
    7.533974444   61.196387271
    7.637691717   61.467288469
    7.741408990   62.408342996
    7.845126263   63.012647490
    7.948843536   62.408339700
    8.052560809   61.467289713
    8.156278082   61.192464253
    8.259995355   61.180604716
    9.146156123   62.163509358
    9.249873396   62.480448437
    9.353590669   61.467288469
    9.457307942   61.216652393
    9.561025215   62.164787503
    9.664742488   62.164814928
    9.768459761   61.216660071
    9.872177034   61.467285981
    9.975894307   62.479750963
   10.079611580   62.163473169
   11.069011305   62.798425289
   11.172728578   63.453881281
   11.276445851   63.406159602
   11.380163124   62.408342996
   11.483880397   62.164787503
   11.587597670   60.684660194
   11.691314943   62.164865385
   11.795032216   62.408344549
   11.898749489   63.405986935
   12.002466762   63.453795412
   12.106184035   62.798388190
   13.198913311   63.410014057
   13.302630584   62.968517446
   13.406347857   63.816304825
   13.510065130   63.259191102
   13.613782403   63.012647490
   13.717499675   62.164814928
   13.821216948   62.164865385
   13.924934221   63.012627239
   14.028651494   63.259162788
   14.132368767   63.816179189
   14.236086040   62.968498796
   14.339803313   63.410004331
   15.361299986   64.743905683
   15.465017259   62.919741724
   16.586891096   62.715000166
   16.690608369   62.758050072
   16.794325642   63.259160933
   16.898042915   62.408339700
   17.001760188   61.216660071
   17.105477461   62.408344549
   17.209194734   63.259162788
   17.312912007   62.758045553
   17.416629280   62.714984231
   17.520346553   62.919740550
   17.624063826   64.743902388
   18.779010498   65.747697107
   18.882727771   64.477617886
   18.986445044   62.844511242
   19.090162317   62.714987009
   19.193879590   63.816189189
   19.297596863   63.405985657
   20.094264353   61.467289713
   20.197981626   61.467285981
   20.301698899   63.405986935
   20.405416172   63.816179189
   20.509133445   62.714984231
   20.612850718   62.844481120
   20.716567991   64.477617889
   20.820285264   65.747692458
   22.119858969   68.609219865
   22.223576242   66.465313003
   22.327293515   64.477618526
   22.431010788   62.919741050
   22.534728061   62.968499806
   22.638445334   63.453809562
   22.742162606   62.480154287
   22.845879879   61.192464253
   22.949597152   62.479750963
   23.053314425   63.453795412
   23.157031698   62.968498796
   23.530989644   62.919740550
   23.634706917   64.477617889
   23.738424190   66.465299190
   23.842141463   68.609217937
   23.945858736   69.806130152
   25.348919998   65.980888649
   25.528563584   61.724308378
   25.632280857   63.927707253
   25.839715403   66.138434595
   26.213673349   60.108770609
   26.317390622   62.527814219
   26.524825168   65.463870146
   26.628542441   65.463860633
   27.030237712   60.306580707
   27.133954985   61.213798052
   27.341389531   61.633557047
   27.445106804   65.456800583
   27.548824076   61.633557794
   28.000917188   61.389390801
   28.104634461   61.313767191
   28.312069007   61.210260881
   28.415786280   63.521870536
   28.519503553   63.521864795
   28.623220826   61.210255814
   29.141807190   61.141075865
   29.245524463   61.419120875
   29.452959009   63.193390519
   29.556676282   63.048042489
   29.660393555   64.413649866
   29.764110828   63.048032334
   29.867828101   63.193365391
   30.463638473   61.424189293
   30.567355746   61.107709263
   30.774790292   64.275805897
   30.878507565   63.771805816
   30.982224838   63.882117367
   31.085942111   63.882111355
   31.189659384   63.771772712
   31.293376657   64.275726014
   31.924264198   61.107709263
   32.131698744   61.850040349
   32.235416017   62.937478544
   32.339133290   63.496883713
   32.442850563   63.071555202
   32.546567836   63.496873740
   32.650285109   62.937468465
   32.754002382   61.850041628
   33.480023293   61.419120875
   33.687457838   61.850040349
   33.791175111   63.513894756
   33.894892384   62.289747279
   33.998609657   62.223889401
   34.102326930   62.223887892
   34.206044203   62.289751058
   34.309761476   63.513885012
   34.413478749   61.850041365
   35.236709082   61.313767191
   35.444143628   64.275805897
   35.547860901   62.937478544
   35.651578174   62.289747279
   35.755295447   61.275295269
   35.859012719   60.746046168
   35.962729992   61.275343589
   36.066447265   62.289763613
   36.170164538   62.937476313
   36.273881811   64.275728355
   37.195741098   61.213798052
   37.403175644   63.193390519
   37.506892917   63.771805816
   37.610610189   63.496883713
   37.714327462   62.223889401
   37.818044735   60.746046168
   37.921762008   60.746313277
   38.025479281   62.223912413
   38.129196554   63.496877383
   38.232913827   63.771778260
   38.336631100   63.193369010
   39.146688898   62.527814219
   40.315523203   61.210260881
   40.419240476   63.048042489
   40.522957749   63.882117367
   40.626675022   63.071555202
   40.730392295   62.223887892
   40.834109568   61.275343589
   40.937826841   62.223912413
   41.041544114   63.071555825
   41.145261387   63.882111754
   41.248978660   63.048034312
   41.352695933   61.210260100
   42.303280441   63.927707253
   42.510714987   61.633557047
   42.614432260   63.521870536
   42.718149533   64.413649866
   42.821866806   63.882111355
   43.618534296   63.496873740
   43.722251569   62.289751058
   43.825968842   62.289763613
   43.929686115   63.496877383
   44.033403388   63.882111754
   44.137120661   64.413647968
   44.240837934   63.521864650
   44.344555207   61.633555687
   45.447084941   65.980888649
   45.654519487   65.463870146
   45.758236760   65.456800583
   45.861954033   63.521864795
   45.965671306   63.048032334
   46.069388579   63.771772712
   46.173105852   62.937468465
   46.276823125   63.513885012
   46.380540398   62.937476313
   46.484257671   63.771778260
   46.858215617   63.048034312
   46.961932889   63.521864650
   47.065650162   65.456781786
   47.169367435   65.463855810
   47.273084708   66.138434378
   48.478170521   65.900274436
   48.657814107   60.108762421
   48.761531380   62.527813534
   49.035941491   60.337505635
   49.139658764   61.817675506
   49.243376037   63.140539975
   49.554527856   67.726733999
   50.132001192   61.319872031
   50.235718465   62.340253578
   50.339435738   63.398322696
   50.650587557   65.474133604
   50.754304830   65.474136159
   51.350115202   61.218341060
   51.453832475   61.193628542
   51.557549748   63.357542453
   51.868701566   62.750301827
   51.972418839   67.186239481
   52.076136112   62.750330817
   52.707023654   61.720922972
   52.810740927   61.774759882
   52.914458200   61.562845265
   53.225610019   62.925103425
   53.329327292   66.106286585
   53.433044565   66.106280812
   53.536761838   62.925106992
   54.132572210   61.774759882
   54.236289483   61.437524899
   54.547441301   63.719129569
   54.651158574   65.735726151
   54.754875847   66.562529862
   54.858593120   65.735720794
   54.962310393   63.719133448
   55.626424977   61.193628542
   55.730142250   61.562845265
   56.041294069   64.988558286
   56.145011342   65.565430724
   56.248728615   65.474680472
   56.352445888   65.474687013
   56.456163161   65.565444201
   56.559880434   64.988559117
   57.300569916   62.340253578
   57.404287188   63.357542453
   57.715439007   64.988558286
   57.819156280   65.919103606
   57.922873553   64.280306083
   58.026590826   63.737764390
   58.130308099   64.280332587
   58.234025372   65.919121809
   58.337742645   64.988558884
   59.160972978   61.817675506
   59.264690251   63.398322696
   59.575842070   63.719129569
   59.679559342   65.565430724
   59.783276615   64.280306083
   59.886993888   62.175330602
   59.990711161   62.175406410
   60.094428434   64.280323372
   60.198145707   65.565427721
   60.301862980   63.719143552
   60.965977564   60.108762421
   61.069694837   63.140539975
   62.091191510   62.925103425
   62.194908783   65.735726151
   62.298626056   65.474680472
   62.402343329   63.737764390
   62.506060602   62.175406410
   62.609777875   63.737769431
   62.713495148   65.474669097
   62.817212421   65.735716461
   62.920929694   62.925115252
   63.690117577   62.527813534
   64.001269395   62.750301827
   64.104986668   66.106286585
   64.901654158   66.562529862
   65.005371431   65.474687013
   65.109088704   64.280332587
   65.212805977   64.280323372
   65.316523250   65.474669097
   65.420240523   66.562519024
   65.523957796   66.106279314
   65.627675069   62.750368548
   66.549534356   65.900274436
   66.860686174   65.474133604
   66.964403447   67.186239481
   67.068120720   66.106280812
   67.171837993   65.735720794
   67.275555266   65.565444201
   67.379272539   65.919121809
   67.482989812   65.565427722
   67.856947758   65.735716461
   67.960665031   66.106279314
   68.064382304   67.186100255
   68.168099577   65.474136047
   68.271816850   67.733074666
   69.293313523   64.624488798
   69.472957109   60.306565834
   69.576674382   61.213790681
   69.851084493   61.321479713
   69.954801766   62.340031084
   70.058519039   63.398247444
   70.432476984   59.814228987
   70.536194257   61.273592450
   70.639911530   62.005752046
   70.743628803   64.184966153
   71.158497895   69.074514674
   71.941546134   59.322142522
   72.045263407   61.661395039
   72.148980680   62.518838559
   72.252697953   62.931611558
   72.667567045   66.471730222
   72.771284318   66.471807495
   73.467040936   61.661395039
   73.570758209   63.328587502
   73.674475482   62.498490470
   74.089344573   66.661429066
   74.193061846   69.533252242
   74.296779119   66.661439818
   75.022800030   61.273592450
   75.126517303   62.518838559
   75.230234576   62.498490470
   75.645103668   67.389471475
   75.748820941   68.727361341
   75.852538214   68.727950733
   75.956255487   67.389721395
   76.725443369   61.321479713
   76.829160642   62.005752046
   76.932877915   62.931611558
   77.347747007   67.139869878
   77.451464280   66.849734602
   77.555181553   66.891334469
   77.658898826   66.849831589
   77.762616099   67.139976495
   78.503305580   62.340031084
   78.607022853   64.184966153
   79.021891945   67.139869878
   79.125609218   65.869697099
   79.229326491   65.095021473
   79.333043764   65.095108542
   79.436761037   65.869718729
   79.540478310   67.139887429
   80.099012918   60.306565834
   81.220886755   63.398247444
   81.635755847   67.389471475
   81.739473120   66.849734602
   81.843190393   65.095021473
   81.946907666   62.040432344
   82.050624939   65.095016069
   82.154342212   66.849714948
   82.258059485   67.389492224
   82.880363123   61.213790681
   83.858829919   66.661429066
   83.962547192   68.727361341
   84.066264465   66.891334469
   84.169981738   65.095108542
   84.273699010   65.095016069
   84.377416283   66.887464363
   84.481133556   68.727041014
   84.584850829   66.661436164
   85.354038712   64.624488798
   85.768907804   66.471730222
   85.872625077   69.533252242
   85.976342350   68.727950733
   86.080059623   66.849831589
   86.183776896   65.869718729
   86.557734841   66.849714948
   86.661452114   68.727041014
   86.765169387   69.532394846
   86.868886660   66.471820575
   86.972603933   69.063131512
   87.331891106   63.927704443
   88.218051875   62.679408696
   88.397695461   61.389294827
   88.501412734   61.313731360
   88.775822845   61.218295216
   88.879540118   61.193264801
   88.983257391   63.356803593
   89.357215336   59.324862504
   89.460932609   61.661840514
   89.564649882   62.518918447
   89.668367155   62.931611369
   89.942777266   59.763488945
   90.046494539   62.852639449
   90.150211812   64.338313559
   90.668798177   70.316093178
   91.451846416   61.661840514
   91.555563689   62.852639449
   91.659280962   64.029415415
   92.177867326   70.449419500
   92.281584599   70.450542281
   93.078252089   61.218295216
   93.181969362   62.518918447
   93.285686635   64.338313559
   93.804273000   68.092886450
   93.907990273   69.227445780
   94.011707546   68.093028317
   94.737728457   61.193264801
   94.841445729   62.931611369
   95.360032094   65.658219522
   95.463749367   66.451099631
   95.567466640   66.451140618
   95.671183913   65.658230606
   96.440371796   61.389294827
   96.544089069   63.356803593
   97.062675434   65.658219522
   97.166392706   64.824849846
   97.270109979   64.644654525
   97.373827252   64.824855271
   97.477544525   65.658221649
   98.016475284   61.313731360
   98.878015659   68.092886450
   98.981732932   66.451099631
   99.085450205   64.644654525
   99.189167478   64.648515577
   99.292884751   66.451577258
   99.396602024   68.093173001
  100.060716608   62.679408696
  100.579302973   70.449419500
  100.683020246   69.227445780
  100.786737519   66.451140618
  101.160695464   64.824855271
  101.264412737   66.451577258
  101.368130010   69.235358255
  101.471847283   70.452636540
  101.575564556   70.316092927
  102.027657668   62.527811895
  102.131374941   62.527811895
  102.811494582   60.987189317
  102.991138168   61.140997371
  103.094855441   61.419118809
  103.369265552   61.720939329
  103.472982825   61.774755923
  103.576700098   61.562844162
  103.851110209   61.662064200
  103.954827482   63.328692076
  104.058544755   62.498509414
  104.332954866   61.662064200
  104.436672139   62.852965305
  104.540389412   64.029709739
  104.720032998   63.328692076
  104.823750271   64.029709739
  105.446053909   70.016790584
  106.229102147   61.774755923
  106.332819420   62.498509414
  106.955123058   67.705740565
  107.058840331   67.705855505
  107.855507821   61.140997371
  107.959225094   61.562844162
  108.581528732   64.997672324
  108.685246005   65.119929068
  108.788963278   64.997664825
  109.337783499   61.419118809
  110.106971382   64.997672324
  110.210688655   64.148742027
  110.314405928   64.149383146
  110.418123201   64.997913828
  111.049010743   60.987189317
  111.671314380   67.705740565
  112.045272326   65.119929068
  112.148989599   64.149383146
  112.252706872   65.142797394
  112.356424145   67.714126369
  112.460141418   70.064909742
  113.008961640   61.213788511
  113.112678913   63.139960947
  113.216396186   61.213788511
  113.691688440   60.671549906
  113.871332026   61.424168074
  113.975049299   61.107620890
  114.154692885   61.774749434
  114.258410158   61.437520797
  114.532820269   61.291892872
  114.636537542   62.518961330
  114.740254815   62.498503840
  114.919898402   62.518961330
  115.023615675   64.348864104
  115.203259261   61.774749434
  115.306976534   62.498503840
  115.410693807   61.437520797
  116.136714717   65.468735435
  116.784428879   61.107620890
  117.495478679   64.053691772
  117.599195952   64.053546763
  118.279315593   60.671549906
  119.089373391   64.053691772
  119.193090663   63.456984391
  119.296807936   64.058489016
  119.400525209   65.513958648
  120.048239371   61.313726347
  120.151956644   63.398229694
  120.255673917   63.398229694
  120.359391190   61.816996350
  120.539034777   61.313726347
  120.813444887   60.902302497
  120.917162160   61.107618633
  121.096805747   61.193058941
  121.200523020   61.562825536
  121.380166606   62.005517435
  121.483883879   62.931555597
  121.663527465   61.193058941
  121.767244738   62.931555597
  121.870962011   61.562825536
  121.974679284   61.107618633
  122.757727523   63.081940029
  122.861444796   63.086082258
  123.609360688   61.419121509
  123.713077961   63.356806918
  123.816795234   64.183686492
  123.920512506   62.340047279
  124.100156093   63.356806918
  124.203873366   62.340047279
  124.383516952   61.419121509
    0.000000000   70.098423205
    0.103717273   69.806173165
    0.283360859   67.214924815
    0.387078132   68.691363946
    0.490795405   68.691367189
    0.722714278   66.216856412
    0.826431551   66.757506913
    0.930148824   66.630863639
    1.033866097   66.757508739
    1.345017916   64.667405780
    1.448735189   66.542871607
    1.552452462   65.723431544
    1.656169735   65.723420180
    1.759887007   66.542874686
    2.161582278   63.310928177
    2.265299551   65.773361308
    2.369016824   65.651047432
    2.472734097   63.656832772
    2.576451370   65.651043632
    2.680168643   65.773367682
    3.177579210   61.798399745
    3.281296483   65.390647051
    3.385013756   64.634407466
    3.488731029   64.684253691
    3.592448302   64.684264891
    3.696165575   64.634408444
    3.799882848   65.390662805
    4.395693220   61.310171179
    4.499410493   65.636758889
    4.603127766   64.151462579
    4.706845039   64.125566921
    4.810562312   66.509736245
    4.914279585   64.125649867
    5.017996858   64.151569651
    5.121714131   65.636750784
    5.817470749   61.162941344
    5.921188022   65.234798074
    6.024905295   62.521793275
    6.128622568   63.475287220
    6.232339841   65.277091990
    6.336057114   65.277152401
    6.439774387   63.475479324
    6.543491659   62.522087656
    6.647208932   65.234791986
    7.430257171   65.234798074
    7.533974444   61.858371560
    7.637691717   63.175502884
    7.741408990   64.441986522
    7.845126263   64.403883747
    7.948843536   64.441990358
    8.052560809   63.175505683
    8.156278082   61.858389260
    8.259995355   65.234792854
    9.146156123   65.636758889
    9.249873396   62.521793275
    9.353590669   63.175502884
    9.457307942   65.129775950
    9.561025215   65.165357554
    9.664742488   65.165354037
    9.768459761   65.129778260
    9.872177034   63.175506602
    9.975894307   62.522506308
   10.079611580   65.636753330
   11.069011305   65.390647051
   11.172728578   64.151462579
   11.276445851   63.475287220
   11.380163124   64.441986522
   11.483880397   65.165357554
   11.587597670   65.587475385
   11.691314943   65.165342056
   11.795032216   64.441986096
   11.898749489   63.475480100
   12.002466762   64.151589976
   12.106184035   65.390661695
   13.198913311   65.773361308
   13.302630584   64.634407466
   13.406347857   64.125566921
   13.510065130   65.277091990
   13.613782403   64.403883747
   13.717499675   65.165354037
   13.821216948   65.165342056
   13.924934221   64.403951885
   14.028651494   65.277175426
   14.132368767   64.125660665
   14.236086040   64.634410927
   14.339803313   65.773366997
   15.361299986   66.542871607
   15.465017259   65.651047432
   16.586891096   64.684253691
   16.690608369   66.509736245
   16.794325642   65.277152401
   16.898042915   64.441990358
   17.001760188   65.129778260
   17.105477461   64.441986096
   17.209194734   65.277175426
   17.312912007   66.509913347
   17.416629280   64.684269841
   17.520346553   65.651046418
   17.624063826   66.542874781
   18.779010498   66.757506913
   18.882727771   65.723431544
   18.986445044   63.656832772
   19.090162317   64.684264891
   19.193879590   64.125649867
   19.297596863   63.475479324
   20.094264353   63.175505683
   20.197981626   63.175506602
   20.301698899   63.475480100
   20.405416172   64.125660665
   20.509133445   64.684269841
   20.612850718   63.656863686
   20.716567991   65.723429115
   20.820285264   66.757508728
   22.119858969   68.691363946
   22.223576242   66.630863639
   22.327293515   65.723420180
   22.431010788   65.651043632
   22.534728061   64.634408444
   22.638445334   64.151569651
   22.742162606   62.522087656
   22.845879879   61.858389260
   22.949597152   62.522506308
   23.053314425   64.151589976
   23.157031698   64.634410927
   23.530989644   65.651046418
   23.634706917   65.723429115
   23.738424190   66.630912564
   23.842141463   68.691365292
   23.945858736   69.806212705
   25.348919998   67.214926106
   25.528563584   62.298334378
   25.632280857   65.461958618
   25.839715403   68.682334266
   26.213673349   62.710225655
   26.317390622   64.865316514
   26.524825168   67.253502012
   26.628542441   67.253465173
   27.030237712   64.041810407
   27.133954985   65.280235966
   27.341389531   68.682418221
   27.445106804   65.628712800
   27.548824076   68.682377111
   28.000917188   61.855684189
   28.104634461   63.273515596
   28.312069007   68.016166947
   28.415786280   66.829764909
   28.519503553   66.829764270
   28.623220826   68.016169813
   29.141807190   63.131635383
   29.245524463   61.525341095
   29.452959009   67.036834723
   29.556676282   66.534430944
   29.660393555   67.236455691
   29.764110828   66.534431327
   29.867828101   67.036849709
   30.463638473   65.213033035
   30.567355746   62.194619372
   30.774790292   66.627749028
   30.878507565   65.621805541
   30.982224838   67.155518924
   31.085942111   67.155548080
   31.189659384   65.621808089
   31.293376657   66.627810583
   31.924264198   62.194619372
   32.131698744   66.709369251
   32.235416017   64.599426486
   32.339133290   65.704927054
   32.442850563   67.502646218
   32.546567836   65.704935572
   32.650285109   64.599434545
   32.754002382   66.708366521
   33.480023293   61.525341095
   33.687457838   66.709369251
   33.791175111   63.689016938
   33.894892384   65.010613450
   33.998609657   65.738417801
   34.102326930   65.738418990
   34.206044203   65.010614638
   34.309761476   63.689024982
   34.413478749   66.709023955
   35.236709082   63.273515596
   35.444143628   66.627749028
   35.547860901   64.599426486
   35.651578174   65.010613450
   35.755295447   65.819387956
   35.859012719   65.773158525
   35.962729992   65.819388933
   36.066447265   65.010614043
   36.170164538   64.599435650
   36.273881811   66.627832900
   37.195741098   65.280235966
   37.403175644   67.036834723
   37.506892917   65.621805541
   37.610610189   65.704927054
   37.714327462   65.738417801
   37.818044735   65.773158525
   37.921762008   65.773181703
   38.025479281   65.738434179
   38.129196554   65.704936089
   38.232913827   65.621810544
   38.336631100   67.036854149
   39.146688898   64.865316514
   40.315523203   68.016166947
   40.419240476   66.534430944
   40.522957749   67.155518924
   40.626675022   67.502646218
   40.730392295   65.738418990
   40.834109568   65.819388933
   40.937826841   65.738434179
   41.041544114   67.502710629
   41.145261387   67.155548761
   41.248978660   66.534432514
   41.352695933   68.016171627
   42.303280441   65.461958618
   42.510714987   68.682418221
   42.614432260   66.829764909
   42.718149533   67.236455691
   42.821866806   67.155548080
   43.618534296   65.704935572
   43.722251569   65.010614638
   43.825968842   65.010614043
   43.929686115   65.704936089
   44.033403388   67.155548761
   44.137120661   67.236462941
   44.240837934   66.829766125
   44.344555207   68.682420100
   45.447084941   67.214926106
   45.654519487   67.253502012
   45.758236760   65.628712800
   45.861954033   66.829764270
   45.965671306   66.534431327
   46.069388579   65.621808089
   46.173105852   64.599434545
   46.276823125   63.689024982
   46.380540398   64.599435650
   46.484257671   65.621810544
   46.858215617   66.534432514
   46.961932889   66.829766125
   47.065650162   65.628728835
   47.169367435   67.253512725
   47.273084708   68.679955915
   48.478170521   66.216864239
   48.657814107   62.710229638
   48.761531380   64.865315562
   49.035941491   61.852360447
   49.139658764   61.887288832
   49.243376037   63.468266817
   49.554527856   68.227601433
   50.132001192   61.569647871
   50.235718465   62.528896996
   50.339435738   64.840972812
   50.650587557   69.051498709
   50.754304830   69.051495103
   51.350115202   63.648728006
   51.453832475   63.179433658
   51.557549748   63.648180079
   51.868701566   69.929991307
   51.972418839   67.218544590
   52.076136112   69.929995006
   52.707023654   65.848598033
   52.810740927   66.165792668
   52.914458200   64.121714487
   53.225610019   69.296660156
   53.329327292   68.619742971
   53.433044565   68.619746933
   53.536761838   69.296664918
   54.132572210   66.165792668
   54.236289483   65.156215130
   54.547441301   67.957005705
   54.651158574   68.080961094
   54.754875847   69.580230275
   54.858593120   68.080966577
   54.962310393   67.957020520
   55.626424977   63.179433658
   55.730142250   64.121714487
   56.041294069   67.301243633
   56.145011342   67.233299133
   56.248728615   68.037749498
   56.352445888   68.037789620
   56.456163161   67.233299375
   56.559880434   67.301225072
   57.300569916   62.528896996
   57.404287188   63.648180079
   57.715439007   67.301243633
   57.819156280   66.615684195
   57.922873553   67.219678841
   58.026590826   66.466782219
   58.130308099   67.219694974
   58.234025372   66.615684088
   58.337742645   67.301244614
   59.160972978   61.887288832
   59.264690251   64.840972812
   59.575842070   67.957005705
   59.679559342   67.233299133
   59.783276615   67.219678841
   59.886993888   66.339329431
   59.990711161   66.339355304
   60.094428434   67.219703811
   60.198145707   67.233305486
   60.301862980   67.957023124
   60.965977564   62.710229638
   61.069694837   63.468266817
   62.091191510   69.296660156
   62.194908783   68.080961094
   62.298626056   68.037749498
   62.402343329   66.466782219
   62.506060602   66.339355304
   62.609777875   66.466816860
   62.713495148   68.037821982
   62.817212421   68.080969900
   62.920929694   69.296665062
   63.690117577   64.865315562
   64.001269395   69.929991307
   64.104986668   68.619742971
   64.901654158   69.580230275
   65.005371431   68.037789620
   65.109088704   67.219694974
   65.212805977   67.219703811
   65.316523250   68.037821982
   65.420240523   69.580280016
   65.523957796   68.619747644
   65.627675069   69.929994795
   66.549534356   66.216864239
   66.860686174   69.051498709
   66.964403447   67.218544590
   67.068120720   68.619746933
   67.171837993   68.080966577
   67.275555266   67.233299375
   67.379272539   66.615684088
   67.482989812   67.233305486
   67.856947758   68.080969900
   67.960665031   68.619747644
   68.064382304   67.218683022
   68.168099577   69.051491913
   68.271816850   68.221257282
   69.293313523   64.667431712
   69.472957109   64.041827385
   69.576674382   65.280237721
   69.851084493   61.567447273
   69.954801766   62.529164581
   70.058519039   64.841051120
   70.432476984   60.552342652
   70.536194257   61.338262953
   70.639911530   62.734829871
   70.743628803   64.886310729
   71.158497895   69.080683803
   71.941546134   59.612378917
   72.045263407   62.418812203
   72.148980680   63.818063444
   72.252697953   64.936071561
   72.667567045   71.051522345
   72.771284318   71.051486099
   73.467040936   62.418812203
   73.570758209   65.227254996
   73.674475482   66.124454597
   74.089344573   70.470878797
   74.193061846   69.606014069
   74.296779119   70.470885000
   75.022800030   61.338262953
   75.126517303   63.818063444
   75.230234576   66.124454597
   75.645103668   67.914441316
   75.748820941   68.989580307
   75.852538214   68.989093976
   75.956255487   67.914243301
   76.725443369   61.567447273
   76.829160642   62.734829871
   76.932877915   64.936071561
   77.347747007   68.141618394
   77.451464280   68.049030679
   77.555181553   67.606482446
   77.658898826   68.048942938
   77.762616099   68.141543468
   78.503305580   62.529164581
   78.607022853   64.886310729
   79.021891945   68.141618394
   79.125609218   68.074306564
   79.229326491   65.882346936
   79.333043764   65.882277689
   79.436761037   68.074280990
   79.540478310   68.141597988
   80.099012918   64.041827385
   81.220886755   64.841051120
   81.635755847   67.914441316
   81.739473120   68.049030679
   81.843190393   65.882346936
   81.946907666   64.885671640
   82.050624939   65.882358017
   82.154342212   68.049028826
   82.258059485   67.914442966
   82.880363123   65.280237721
   83.858829919   70.470878797
   83.962547192   68.989580307
   84.066264465   67.606482446
   84.169981738   65.882277689
   84.273699010   65.882358017
   84.377416283   67.606849725
   84.481133556   68.989874897
   84.584850829   70.470886700
   85.354038712   64.667431712
   85.768907804   71.051522345
   85.872625077   69.606014069
   85.976342350   68.989093976
   86.080059623   68.048942938
   86.183776896   68.074280990
   86.557734841   68.049028826
   86.661452114   68.989874897
   86.765169387   69.606856120
   86.868886660   71.051489039
   86.972603933   69.091997513
   87.331891106   65.461956990
   88.218051875   63.310956626
   88.397695461   61.855715349
   88.501412734   63.273542746
   88.775822845   63.648658847
   88.879540118   63.179401710
   88.983257391   63.648883633
   89.357215336   59.609397053
   89.460932609   62.418299352
   89.564649882   63.817930938
   89.668367155   64.936096498
   89.942777266   61.821671011
   90.046494539   64.312292738
   90.150211812   64.396498572
   90.668798177   71.270875244
   91.451846416   62.418299352
   91.555563689   64.312292738
   91.659280962   64.870338721
   92.177867326   70.630773219
   92.281584599   70.629735485
   93.078252089   63.648658847
   93.181969362   63.817930938
   93.285686635   64.396498572
   93.804273000   68.985971009
   93.907990273   69.371555664
   94.011707546   68.985819733
   94.737728457   63.179401710
   94.841445729   64.936096498
   95.360032094   68.293867191
   95.463749367   67.178186934
   95.567466640   67.178131323
   95.671183913   68.293845295
   96.440371796   61.855715349
   96.544089069   63.648883633
   97.062675434   68.293867191
   97.166392706   66.474816613
   97.270109979   64.727465191
   97.373827252   66.474791317
   97.477544525   68.293839329
   98.016475284   63.273542746
   98.878015659   68.985971009
   98.981732932   67.178186934
   99.085450205   64.727465191
   99.189167478   64.723669099
   99.292884751   67.177685543
   99.396602024   68.985666027
  100.060716608   63.310956626
  100.579302973   70.630773219
  100.683020246   69.371555663
  100.786737519   67.178131323
  101.160695464   66.474791317
  101.264412737   67.177685543
  101.368130010   69.363546130
  101.471847283   70.627716997
  101.575564556   71.248793657
  102.027657668   64.865317137
  102.131374941   64.865317137
  102.811494582   61.798407928
  102.991138168   63.131662464
  103.094855441   61.525378455
  103.369265552   65.848555080
  103.472982825   66.165779611
  103.576700098   64.121721910
  103.851110209   62.418085877
  103.954827482   65.227132860
  104.058544755   66.124494618
  104.332954866   62.418085877
  104.436672139   64.312039795
  104.540389412   64.870114434
  104.720032998   65.227132860
  104.823750271   64.870114434
  105.446053909   71.081389049
  106.229102147   66.165779611
  106.332819420   66.124494618
  106.955123058   67.990463735
  107.058840331   67.990328324
  107.855507821   63.131662464
  107.959225094   64.121721910
  108.581528732   66.210278857
  108.685246005   66.159965218
  108.788963278   66.210255855
  109.337783499   61.525378455
  110.106971382   66.210278857
  110.210688655   64.415114297
  110.314405928   64.414309136
  110.418123201   66.210000823
  111.049010743   61.798407928
  111.671314380   67.990463735
  112.045272326   66.159965218
  112.148989599   64.414309136
  112.252706872   66.144715750
  112.356424145   67.982122280
  112.460141418   71.033299546
  113.008961640   65.280240014
  113.112678913   63.468954868
  113.216396186   65.280240014
  113.691688440   61.310179311
  113.871332026   65.213045494
  113.975049299   62.194708138
  114.154692885   66.165778063
  114.258410158   65.156218681
  114.532820269   61.319473425
  114.636537542   63.817860852
  114.740254815   66.124447250
  114.919898402   63.817860852
  115.023615675   64.385886818
  115.203259261   66.165778063
  115.306976534   66.124447250
  115.410693807   65.156218681
  116.136714717   66.595847439
  116.784428879   62.194708138
  117.495478679   64.495418942
  117.599195952   64.495267451
  118.279315593   61.310179311
  119.089373391   64.495418942
  119.193090663   63.496928343
  119.296807936   64.490431553
  119.400525209   66.549778139
  120.048239371   63.273546102
  120.151956644   64.841109234
  120.255673917   64.841109234
  120.359391190   61.887982872
  120.539034777   63.273546102
  120.813444887   61.162972496
  120.917162160   62.194713913
  121.096805747   63.179414968
  121.200523020   64.121728378
  121.380166606   62.734795145
  121.483883879   64.936081322
  121.663527465   63.179414968
  121.767244738   64.936081322
  121.870962011   64.121728378
  121.974679284   62.194713913
  122.757727523   63.835057508
  122.861444796   63.795143265
  123.609360688   61.525390974
  123.713077961   63.648887987
  123.816795234   64.894735748
  123.920512506   62.529150963
  124.100156093   63.648887987
  124.203873366   62.529150963
  124.383516952   61.525390974
    0.000000000   70.099061125
    0.103717273   70.552205617
    0.283360859   68.115207688
    0.387078132   69.449817077
    0.490795405   69.449818481
    0.722714278   66.681678225
    0.826431551   67.617553039
    0.930148824   66.686219610
    1.033866097   67.617554249
    1.345017916   65.322807813
    1.448735189   67.512212906
    1.552452462   66.240848979
    1.656169735   66.240867029
    1.759887007   67.512213493
    2.161582278   63.364754340
    2.265299551   66.752218421
    2.369016824   66.269049328
    2.472734097   64.298772395
    2.576451370   66.269058653
    2.680168643   66.752217864
    3.177579210   62.459997901
    3.281296483   66.338698446
    3.385013756   65.322071223
    3.488731029   65.385364919
    3.592448302   65.385355605
    3.696165575   65.322069629
    3.799882848   66.338695657
    4.395693220   61.913269253
    4.499410493   66.041598666
    4.603127766   64.997596740
    4.706845039   64.550154213
    4.810562312   66.982325401
    4.914279585   64.550076009
    5.017996858   64.997435307
    5.121714131   66.041636516
    5.817470749   61.728521585
    5.921188022   65.710046536
    6.024905295   63.093078606
    6.128622568   64.270336266
    6.232339841   66.146605306
    6.336057114   66.146334741
    6.439774387   64.270280886
    6.543491659   63.093062888
    6.647208932   65.710043769
    7.430257171   65.710046536
    7.533974444   62.389552127
    7.637691717   63.862513787
    7.741408990   65.139995660
    7.845126263   65.378976393
    7.948843536   65.139992723
    8.052560809   63.862508984
    8.156278082   62.389545616
    8.259995355   65.710042302
    9.146156123   66.041598666
    9.249873396   63.093078606
    9.353590669   63.862513787
    9.457307942   65.786249696
    9.561025215   65.902993551
    9.664742488   65.903010214
    9.768459761   65.786246331
    9.872177034   63.862508054
    9.975894307   63.093039630
   10.079611580   66.041619971
   11.069011305   66.338698446
   11.172728578   64.997596740
   11.276445851   64.270336266
   11.380163124   65.139995660
   11.483880397   65.902993551
   11.587597670   65.588232290
   11.691314943   65.903033427
   11.795032216   65.139995699
   11.898749489   64.270279468
   12.002466762   64.997424972
   12.106184035   66.338701583
   13.198913311   66.752218421
   13.302630584   65.322071223
   13.406347857   64.550154213
   13.510065130   66.146605306
   13.613782403   65.378976393
   13.717499675   65.903010214
   13.821216948   65.903033427
   13.924934221   65.378913736
   14.028651494   66.146251101
   14.132368767   64.550074321
   14.236086040   65.322066651
   14.339803313   66.752217971
   15.361299986   67.512212906
   15.465017259   66.269049328
   16.586891096   65.385364919
   16.690608369   66.982325401
   16.794325642   66.146334741
   16.898042915   65.139992723
   17.001760188   65.786246331
   17.105477461   65.139995699
   17.209194734   66.146251101
   17.312912007   66.981566302
   17.416629280   65.385351169
   17.520346553   66.269052141
   17.624063826   67.512212663
   18.779010498   67.617553039
   18.882727771   66.240848979
   18.986445044   64.298772395
   19.090162317   65.385355605
   19.193879590   64.550076009
   19.297596863   64.270280886
   20.094264353   63.862508984
   20.197981626   63.862508054
   20.301698899   64.270279468
   20.405416172   64.550074321
   20.509133445   65.385351169
   20.612850718   64.298758478
   20.716567991   66.240850246
   20.820285264   67.617553798
   22.119858969   69.449817077
   22.223576242   66.686219610
   22.327293515   66.240867029
   22.431010788   66.269058653
   22.534728061   65.322069629
   22.638445334   64.997435307
   22.742162606   63.093062888
   22.845879879   62.389545616
   22.949597152   63.093039630
   23.053314425   64.997424972
   23.157031698   65.322066651
   23.530989644   66.269052141
   23.634706917   66.240850246
   23.738424190   66.686193102
   23.842141463   69.449817808
   23.945858736   70.552207314
   25.348919998   68.115207842
   25.528563584   62.300384967
   25.632280857   66.114728718
   25.839715403   68.682340843
   26.213673349   63.360693146
   26.317390622   65.454140862
   26.524825168   68.047400957
   26.628542441   68.048101861
   27.030237712   64.848864079
   27.133954985   65.984968067
   27.341389531   69.499922688
   27.445106804   66.197127445
   27.548824076   69.501077813
   28.000917188   62.680322156
   28.104634461   64.041758576
   28.312069007   68.925395196
   28.415786280   67.458240220
   28.519503553   67.458245392
   28.623220826   68.925402570
   29.141807190   63.918865265
   29.245524463   62.365942089
   29.452959009   67.990652679
   29.556676282   67.223709332
   29.660393555   67.924458545
   29.764110828   67.223713377
   29.867828101   67.990664051
   30.463638473   66.016926261
   30.567355746   62.960000486
   30.774790292   67.303776457
   30.878507565   66.276883259
   30.982224838   67.895785040
   31.085942111   67.895732002
   31.189659384   66.276885707
   31.293376657   67.303957990
   31.924264198   62.960000486
   32.131698744   66.722606112
   32.235416017   65.219196487
   32.339133290   66.479529297
   32.442850563   68.597291053
   32.546567836   66.479513478
   32.650285109   65.219193079
   32.754002382   66.723658626
   33.480023293   62.365942089
   33.687457838   66.722606112
   33.791175111   64.099771049
   33.894892384   65.683522776
   33.998609657   66.646000593
   34.102326930   66.645999145
   34.206044203   65.683521929
   34.309761476   64.099772239
   34.413478749   66.722970372
   35.236709082   64.041758576
   35.444143628   67.303776457
   35.547860901   65.219196487
   35.651578174   65.683522776
   35.755295447   66.533566476
   35.859012719   66.646193663
   35.962729992   66.533566366
   36.066447265   65.683521986
   36.170164538   65.219191180
   36.273881811   67.303734817
   37.195741098   65.984968067
   37.403175644   67.990652679
   37.506892917   66.276883259
   37.610610189   66.479529297
   37.714327462   66.646000593
   37.818044735   66.646193663
   37.921762008   66.645984580
   38.025479281   66.645976267
   38.129196554   66.479512095
   38.232913827   66.276880212
   38.336631100   67.990641548
   39.146688898   65.454140862
   40.315523203   68.925395196
   40.419240476   67.223709332
   40.522957749   67.895785040
   40.626675022   68.597291053
   40.730392295   66.645999145
   40.834109568   66.533566366
   40.937826841   66.645976267
   41.041544114   68.596400592
   41.145261387   67.895730822
   41.248978660   67.223710836
   41.352695933   68.925395959
   42.303280441   66.114728718
   42.510714987   69.499922688
   42.614432260   67.458240220
   42.718149533   67.924458545
   42.821866806   67.895732002
   43.618534296   66.479513478
   43.722251569   65.683521929
   43.825968842   65.683521986
   43.929686115   66.479512095
   44.033403388   67.895730822
   44.137120661   67.924451022
   44.240837934   67.458241343
   44.344555207   69.499996713
   45.447084941   68.115207842
   45.654519487   68.047400957
   45.758236760   66.197127445
   45.861954033   67.458245392
   45.965671306   67.223713377
   46.069388579   66.276885707
   46.173105852   65.219193079
   46.276823125   64.099772239
   46.380540398   65.219191180
   46.484257671   66.276880212
   46.858215617   67.223710836
   46.961932889   67.458241343
   47.065650162   66.197119908
   47.169367435   68.047445251
   47.273084708   68.684732831
   48.478170521   66.681685343
   48.657814107   63.360687317
   48.761531380   65.454141357
   49.035941491   62.868640337
   49.139658764   62.716910616
   49.243376037   63.761612045
   49.554527856   68.227628118
   50.132001192   62.224975063
   50.235718465   63.466253814
   50.339435738   65.165137778
   50.650587557   69.581279860
   50.754304830   69.581277099
   51.350115202   64.479583044
   51.453832475   63.961658688
   51.557549748   64.254897054
   51.868701566   70.656604895
   51.972418839   67.795927075
   52.076136112   70.656608959
   52.707023654   66.708384059
   52.810740927   66.999500808
   52.914458200   64.904833030
   53.225610019   69.988775538
   53.329327292   69.278684378
   53.433044565   69.278686200
   53.536761838   69.988777102
   54.132572210   66.999500808
   54.236289483   65.904071803
   54.547441301   68.654340966
   54.651158574   68.766493127
   54.754875847   70.402580168
   54.858593120   68.766492582
   54.962310393   68.654334069
   55.626424977   63.961658688
   55.730142250   64.904833030
   56.041294069   67.969057794
   56.145011342   67.917534934
   56.248728615   69.138003917
   56.352445888   69.137227935
   56.456163161   67.917541860
   56.559880434   67.969110337
   57.300569916   63.466253814
   57.404287188   64.254897054
   57.715439007   67.969057794
   57.819156280   67.280630601
   57.922873553   68.106390058
   58.026590826   67.548438145
   58.130308099   68.105946720
   58.234025372   67.280630199
   58.337742645   67.969071943
   59.160972978   62.716910616
   59.264690251   65.165137778
   59.575842070   68.654340966
   59.679559342   67.917534934
   59.783276615   68.106390058
   59.886993888   67.393418238
   59.990711161   67.391850973
   60.094428434   68.105932449
   60.198145707   67.917531895
   60.301862980   68.654331380
   60.965977564   63.360687317
   61.069694837   63.761612045
   62.091191510   69.988775538
   62.194908783   68.766493127
   62.298626056   69.138003917
   62.402343329   67.548438145
   62.506060602   67.391850973
   62.609777875   67.548382628
   62.713495148   69.137047469
   62.817212421   68.766488328
   62.920929694   69.988777207
   63.690117577   65.454141357
   64.001269395   70.656604895
   64.104986668   69.278684378
   64.901654158   70.402580168
   65.005371431   69.137227935
   65.109088704   68.105946720
   65.212805977   68.105932449
   65.316523250   69.137047469
   65.420240523   70.402454855
   65.523957796   69.278684963
   65.627675069   70.656608925
   66.549534356   66.681685343
   66.860686174   69.581279860
   66.964403447   67.795927075
   67.068120720   69.278686200
   67.171837993   68.766492582
   67.275555266   67.917541860
   67.379272539   67.280630199
   67.482989812   67.917531895
   67.856947758   68.766488328
   67.960665031   69.278684963
   68.064382304   67.795923035
   68.168099577   69.581280638
   68.271816850   68.233780125
   69.293313523   65.322805759
   69.472957109   64.848847828
   69.576674382   65.984972311
   69.851084493   62.225342976
   69.954801766   63.466208041
   70.058519039   65.165125925
   70.432476984   60.597568381
   70.536194257   62.024246265
   70.639911530   63.441123292
   70.743628803   64.926464737
   71.158497895   69.094596305
   71.941546134   60.383023904
   72.045263407   63.248796269
   72.148980680   64.589881233
   72.252697953   65.611011401
   72.667567045   71.675904218
   72.771284318   71.676817010
   73.467040936   63.248796269
   73.570758209   66.089563275
   73.674475482   66.871199424
   74.089344573   71.137198372
   74.193061846   70.191938512
   74.296779119   71.137198348
   75.022800030   62.024246265
   75.126517303   64.589881233
   75.230234576   66.871199424
   75.645103668   68.748845713
   75.748820941   69.621233231
   75.852538214   69.621291202
   75.956255487   68.748879363
   76.725443369   62.225342976
   76.829160642   63.441123292
   76.932877915   65.611011401
   77.347747007   68.941202357
   77.451464280   68.994194014
   77.555181553   67.953815265
   77.658898826   68.994221264
   77.762616099   68.941223629
   78.503305580   63.466208041
   78.607022853   64.926464737
   79.021891945   68.941202357
   79.125609218   69.109295805
   79.229326491   66.935011416
   79.333043764   66.935026303
   79.436761037   69.109312833
   79.540478310   68.941208694
   80.099012918   64.848847828
   81.220886755   65.165125925
   81.635755847   68.748845713
   81.739473120   68.994194014
   81.843190393   66.935011416
   81.946907666   65.964855238
   82.050624939   66.935010237
   82.154342212   68.994199118
   82.258059485   68.748839630
   82.880363123   65.984972311
   83.858829919   71.137198372
   83.962547192   69.621233231
   84.066264465   67.953815265
   84.169981738   66.935026303
   84.273699010   66.935010237
   84.377416283   67.953655815
   84.481133556   69.621181507
   84.584850829   71.137196719
   85.354038712   65.322805759
   85.768907804   71.675904218
   85.872625077   70.191938512
   85.976342350   69.621291202
   86.080059623   68.994221264
   86.183776896   69.109312833
   86.557734841   68.994199118
   86.661452114   69.621181507
   86.765169387   70.191893916
   86.868886660   71.676757127
   86.972603933   69.095088589
   87.331891106   66.114731391
   88.218051875   63.364726025
   88.397695461   62.680287543
   88.501412734   64.041738569
   88.775822845   64.479625802
   88.879540118   63.961674127
   88.983257391   64.254709976
   89.357215336   60.383534741
   89.460932609   63.248964120
   89.564649882   64.589942847
   89.668367155   65.609958126
   89.942777266   62.797971761
   90.046494539   65.277592330
   90.150211812   65.194695411
   90.668798177   71.270895576
   91.451846416   63.248964120
   91.555563689   65.277592330
   91.659280962   65.642229158
   92.177867326   71.342853786
   92.281584599   71.342950381
   93.078252089   64.479625802
   93.181969362   64.589942847
   93.285686635   65.194695411
   93.804273000   69.984629503
   93.907990273   70.189891441
   94.011707546   69.984673921
   94.737728457   63.961674127
   94.841445729   65.609958126
   95.360032094   69.443854805
   95.463749367   68.247588783
   95.567466640   68.247605756
   95.671183913   69.443866561
   96.440371796   62.680287543
   96.544089069   64.254709976
   97.062675434   69.443854805
   97.166392706   67.584573577
   97.270109979   65.756358908
   97.373827252   67.584588822
   97.477544525   69.443874738
   98.016475284   64.041738569
   98.878015659   69.984629503
   98.981732932   68.247588783
   99.085450205   65.756358908
   99.189167478   65.756494754
   99.292884751   68.247724289
   99.396602024   69.984726025
  100.060716608   63.364726025
  100.579302973   71.342853786
  100.683020246   70.189891441
  100.786737519   68.247605756
  101.160695464   67.584588822
  101.264412737   68.247724289
  101.368130010   70.190512459
  101.471847283   71.343163636
  101.575564556   71.294362657
  102.027657668   65.454139764
  102.131374941   65.454139764
  102.811494582   62.459996282
  102.991138168   63.918848604
  103.094855441   62.365914965
  103.369265552   66.708420794
  103.472982825   66.999515066
  103.576700098   64.904817956
  103.851110209   63.249026855
  103.954827482   66.089634119
  104.058544755   66.871043168
  104.332954866   63.249026855
  104.436672139   65.277704256
  104.540389412   65.642280592
  104.720032998   66.089634119
  104.823750271   65.642280592
  105.446053909   71.081396920
  106.229102147   66.999515066
  106.332819420   66.871043168
  106.955123058   68.837158061
  107.058840331   68.837184426
  107.855507821   63.918848604
  107.959225094   64.904817956
  108.581528732   67.353747626
  108.685246005   66.241647431
  108.788963278   67.353762253
  109.337783499   62.365914965
  110.106971382   67.353747626
  110.210688655   65.523445346
  110.314405928   65.523569352
  110.418123201   67.353853549
  111.049010743   62.459996282
  111.671314380   68.837158061
  112.045272326   66.241647431
  112.148989599   65.523569352
  112.252706872   66.254491520
  112.356424145   68.838323382
  112.460141418   71.125476395
  113.008961640   65.984963681
  113.112678913   63.761347613
  113.216396186   65.984963681
  113.691688440   61.913267670
  113.871332026   66.016922450
  113.975049299   62.959960571
  114.154692885   66.999523647
  114.258410158   65.904067543
  114.532820269   62.024918382
  114.636537542   64.589978393
  114.740254815   66.871219069
  114.919898402   64.589978393
  115.023615675   65.195022013
  115.203259261   66.999523647
  115.306976534   66.871219069
  115.410693807   65.904067543
  116.136714717   66.595861381
  116.784428879   62.959960571
  117.495478679   65.174702865
  117.599195952   65.174799316
  118.279315593   61.913267670
  119.089373391   65.174702865
  119.193090663   64.189451492
  119.296807936   65.175934811
  119.400525209   66.638486829
  120.048239371   64.041736003
  120.151956644   65.165025506
  120.255673917   65.165025506
  120.359391190   62.716870025
  120.539034777   64.041736003
  120.813444887   61.728519314
  120.917162160   62.959955813
  121.096805747   63.961668692
  121.200523020   64.904814055
  121.380166606   63.441157766
  121.483883879   65.610709353
  121.663527465   63.961668692
  121.767244738   65.610709353
  121.870962011   64.904814055
  121.974679284   62.959955813
  122.757727523   63.836006188
  122.861444796   63.872366882
  123.609360688   62.365902514
  123.713077961   64.254700228
  123.816795234   64.919740644
  123.920512506   63.466202262
  124.100156093   64.254700228
  124.203873366   63.466202262
  124.383516952   62.365902514
    0.000000000   71.120819480
    0.103717273   71.038450435
    0.283360859   68.431830390
    0.387078132   69.863330513
    0.490795405   69.863327107
    0.722714278   67.745087228
    0.826431551   69.172216194
    0.930148824   67.040545518
    1.033866097   69.172208690
    1.345017916   67.949846161
    1.448735189   68.610361713
    1.552452462   67.392476757
    1.656169735   67.392464558
    1.759887007   68.610355980
    2.161582278   67.708650126
    2.265299551   67.410637123
    2.369016824   67.586498124
    2.472734097   67.687914444
    2.576451370   67.586495434
    2.680168643   67.410632202
    3.177579210   68.911635317
    3.281296483   66.375979764
    3.385013756   66.851657270
    3.488731029   67.557034626
    3.592448302   67.557046280
    3.696165575   66.851676319
    3.799882848   66.375973449
    4.395693220   68.795725813
    4.499410493   66.121522815
    4.603127766   66.201004860
    4.706845039   66.522070883
    4.810562312   67.223861836
    4.914279585   66.522148024
    5.017996858   66.201177174
    5.121714131   66.121494939
    5.817470749   67.899321364
    5.921188022   66.233181732
    6.024905295   68.865417373
    6.128622568   66.982035225
    6.232339841   66.571158542
    6.336057114   66.571439658
    6.439774387   66.982095079
    6.543491659   68.865431241
    6.647208932   66.233188368
    7.430257171   66.233181732
    7.533974444   69.566104207
    7.637691717   70.524590724
    7.741408990   68.066346326
    7.845126263   66.787436548
    7.948843536   68.066359171
    8.052560809   70.524601790
    8.156278082   69.566106740
    8.259995355   66.233189472
    9.146156123   66.121522815
    9.249873396   68.865417373
    9.353590669   70.524590724
    9.457307942   69.536407525
    9.561025215   66.555190929
    9.664742488   66.555180487
    9.768459761   69.536408996
    9.872177034   70.524602427
    9.975894307   68.865431358
   10.079611580   66.121509650
   11.069011305   66.375979764
   11.172728578   66.201004860
   11.276445851   66.982035225
   11.380163124   68.066346326
   11.483880397   66.555190929
   11.587597670   66.302447132
   11.691314943   66.555159412
   11.795032216   68.066358033
   11.898749489   66.982096946
   12.002466762   66.201174435
   12.106184035   66.375968565
   13.198913311   67.410637123
   13.302630584   66.851657270
   13.406347857   66.522070883
   13.510065130   66.571158542
   13.613782403   66.787436548
   13.717499675   66.555180487
   13.821216948   66.555159412
   13.924934221   66.787471437
   14.028651494   66.571519094
   14.132368767   66.522154763
   14.236086040   66.851679236
   14.339803313   67.410632325
   15.361299986   68.610361713
   15.465017259   67.586498124
   16.586891096   67.557034626
   16.690608369   67.223861836
   16.794325642   66.571439658
   16.898042915   68.066359171
   17.001760188   69.536408996
   17.105477461   68.066358033
   17.209194734   66.571519094
   17.312912007   67.224539493
   17.416629280   67.557049912
   17.520346553   67.586502838
   17.624063826   68.610356299
   18.779010498   69.172216194
   18.882727771   67.392476757
   18.986445044   67.687914444
   19.090162317   67.557046280
   19.193879590   66.522148024
   19.297596863   66.982095079
   20.094264353   70.524601790
   20.197981626   70.524602427
   20.301698899   66.982096946
   20.405416172   66.522154763
   20.509133445   67.557049912
   20.612850718   67.687914581
   20.716567991   67.392477880
   20.820285264   69.172208764
   22.119858969   69.863330513
   22.223576242   67.040545518
   22.327293515   67.392464558
   22.431010788   67.586495434
   22.534728061   66.851676319
   22.638445334   66.201177174
   22.742162606   68.865431241
   22.845879879   69.566106740
   22.949597152   68.865431358
   23.053314425   66.201174435
   23.157031698   66.851679236
   23.530989644   67.586502838
   23.634706917   67.392477880
   23.738424190   67.040534924
   23.842141463   69.863325099
   23.945858736   71.038445525
   25.348919998   68.431827544
   25.528563584   70.130074172
   25.632280857   67.514253207
   25.839715403   69.246503256
   26.213673349   68.916259056
   26.317390622   66.968428338
   26.524825168   68.182190108
   26.628542441   68.181420389
   27.030237712   68.365448701
   27.133954985   66.496280879
   27.341389531   69.598257847
   27.445106804   69.738197558
   27.548824076   69.596963495
   28.000917188   69.340142466
   28.104634461   67.175719523
   28.312069007   69.558543161
   28.415786280   70.244324412
   28.519503553   70.244324364
   28.623220826   69.558532348
   29.141807190   69.918048196
   29.245524463   68.594417409
   29.452959009   68.418960868
   29.556676282   70.089208392
   29.660393555   69.132666905
   29.764110828   70.089213104
   29.867828101   68.418930072
   30.463638473   69.098431509
   30.567355746   68.809527640
   30.774790292   67.449820588
   30.878507565   68.132231390
   30.982224838   69.424983851
   31.085942111   69.425031030
   31.189659384   68.132250972
   31.293376657   67.449579851
   31.924264198   68.809527640
   32.131698744   67.236675482
   32.235416017   69.003315196
   32.339133290   68.256666844
   32.442850563   68.750930324
   32.546567836   68.256691669
   32.650285109   69.003325344
   32.754002382   67.236550622
   33.480023293   68.594417409
   33.687457838   67.236675482
   33.791175111   71.040075307
   33.894892384   69.936629214
   33.998609657   68.336347501
   34.102326930   68.336355101
   34.206044203   69.936634530
   34.309761476   71.040077444
   34.413478749   67.236629030
   35.236709082   67.175719523
   35.444143628   67.449820588
   35.547860901   69.003315196
   35.651578174   69.936629214
   35.755295447   68.208140956
   35.859012719   66.808918843
   35.962729992   68.208143371
   36.066447265   69.936634919
   36.170164538   69.003329402
   36.273881811   67.449809352
   37.195741098   66.496280879
   37.403175644   68.418960868
   37.506892917   68.132231390
   37.610610189   68.256666844
   37.714327462   68.336347501
   37.818044735   66.808918843
   37.921762008   66.809119081
   38.025479281   68.336365649
   38.129196554   68.256696917
   38.232913827   68.132260883
   38.336631100   68.418956034
   39.146688898   66.968428338
   40.315523203   69.558543161
   40.419240476   70.089208392
   40.522957749   69.424983851
   40.626675022   68.750930324
   40.730392295   68.336355101
   40.834109568   68.208143371
   40.937826841   68.336365649
   41.041544114   68.751837269
   41.145261387   69.425036828
   41.248978660   70.089218924
   41.352695933   69.558539104
   42.303280441   67.514253207
   42.510714987   69.598257847
   42.614432260   70.244324412
   42.718149533   69.132666905
   42.821866806   69.425031030
   43.618534296   68.256691669
   43.722251569   69.936634530
   43.825968842   69.936634919
   43.929686115   68.256696917
   44.033403388   69.425036828
   44.137120661   69.132670495
   44.240837934   70.244327133
   44.344555207   69.598167144
   45.447084941   68.431827544
   45.654519487   68.182190108
   45.758236760   69.738197558
   45.861954033   70.244324364
   45.965671306   70.089213104
   46.069388579   68.132250972
   46.173105852   69.003325344
   46.276823125   71.040077444
   46.380540398   69.003329402
   46.484257671   68.132260883
   46.858215617   70.089218924
   46.961932889   70.244327133
   47.065650162   69.738207056
   47.169367435   68.182125825
   47.273084708   69.244306959
   48.478170521   67.745074178
   48.657814107   68.916259272
   48.761531380   66.968425958
   49.035941491   68.884719189
   49.139658764   68.183633184
   49.243376037   66.079109235
   49.554527856   69.299986263
   50.132001192   68.957891670
   50.235718465   67.866472521
   50.339435738   65.673498341
   50.650587557   70.410501566
   50.754304830   70.410504000
   51.350115202   70.277022002
   51.453832475   68.948275306
   51.557549748   65.980971513
   51.868701566   72.118665768
   51.972418839   72.063085561
   52.076136112   72.118662703
   52.707023654   70.471931304
   52.810740927   70.039538254
   52.914458200   68.601329152
   53.225610019   71.252493549
   53.329327292   72.259617217
   53.433044565   72.259619748
   53.536761838   71.252502108
   54.132572210   70.039538254
   54.236289483   69.839902502
   54.547441301   69.578161080
   54.651158574   70.110380070
   54.754875847   71.009693181
   54.858593120   70.110387030
   54.962310393   69.578167316
   55.626424977   68.948275306
   55.730142250   68.601329152
   56.041294069   69.017663585
   56.145011342   68.713673780
   56.248728615   69.300624231
   56.352445888   69.301451562
   56.456163161   68.713664655
   56.559880434   69.017617592
   57.300569916   67.866472521
   57.404287188   65.980971513
   57.715439007   69.017663585
   57.819156280   69.565634963
   57.922873553   68.198334076
   58.026590826   68.874580154
   58.130308099   68.198779972
   58.234025372   69.565631412
   58.337742645   69.017645759
   59.160972978   68.183633184
   59.264690251   65.673498341
   59.575842070   69.578161080
   59.679559342   68.713673780
   59.783276615   68.198334076
   59.886993888   67.433645513
   59.990711161   67.435227871
   60.094428434   68.198790191
   60.198145707   68.713682417
   60.301862980   69.578168979
   60.965977564   68.916259272
   61.069694837   66.079109235
   62.091191510   71.252493549
   62.194908783   70.110380070
   62.298626056   69.300624231
   62.402343329   68.874580154
   62.506060602   67.435227871
   62.609777875   68.874623112
   62.713495148   69.301615391
   62.817212421   70.110394802
   62.920929694   71.252505043
   63.690117577   66.968425958
   64.001269395   72.118665768
   64.104986668   72.259617218
   64.901654158   71.009693181
   65.005371431   69.301451562
   65.109088704   68.198779972
   65.212805977   68.198790191
   65.316523250   69.301615391
   65.420240523   71.009793653
   65.523957796   72.259620546
   65.627675069   72.118661763
   66.549534356   67.745074178
   66.860686174   70.410501566
   66.964403447   72.063085561
   67.068120720   72.259619748
   67.171837993   70.110387030
   67.275555266   68.713664655
   67.379272539   69.565631412
   67.482989812   68.713682417
   67.856947758   70.110394802
   67.960665031   72.259620546
   68.064382304   72.063086835
   68.168099577   70.410501983
   68.271816850   69.300019846
   69.293313523   67.949845302
   69.472957109   68.365451611
   69.576674382   66.496277598
   69.851084493   68.957892497
   69.954801766   67.866475530
   70.058519039   65.673480114
   70.432476984   69.549992448
   70.536194257   69.104581887
   70.639911530   67.644763445
   70.743628803   64.931823639
   71.158497895   69.670065789
   71.941546134   70.282358602
   72.045263407   70.071282317
   72.148980680   68.407486444
   72.252697953   65.656211818
   72.667567045   71.737774688
   72.771284318   71.736858633
   73.467040936   70.071282317
   73.570758209   69.431357142
   73.674475482   67.539673386
   74.089344573   72.911042082
   74.193061846   73.562675614
   74.296779119   72.911046097
   75.022800030   69.104581887
   75.126517303   68.407486444
   75.230234576   67.539673386
   75.645103668   71.641507336
   75.748820941   72.014157751
   75.852538214   72.014162172
   75.956255487   71.641508965
   76.725443369   68.957892497
   76.829160642   67.644763445
   76.932877915   65.656211818
   77.347747007   70.777818097
   77.451464280   70.800821193
   77.555181553   71.449490759
   77.658898826   70.800824112
   77.762616099   70.777801384
   78.503305580   67.866475530
   78.607022853   64.931823639
   79.021891945   70.777818097
   79.125609218   70.104245961
   79.229326491   70.126254210
   79.333043764   70.126256103
   79.436761037   70.104239804
   79.540478310   70.777809760
   80.099012918   68.365451611
   81.220886755   65.673480114
   81.635755847   71.641507336
   81.739473120   70.800821193
   81.843190393   70.126254210
   81.946907666   69.962507565
   82.050624939   70.126252825
   82.154342212   70.800818843
   82.258059485   71.641510426
   82.880363123   66.496277598
   83.858829919   72.911042082
   83.962547192   72.014157751
   84.066264465   71.449490759
   84.169981738   70.126256103
   84.273699010   70.126252825
   84.377416283   71.449491218
   84.481133556   72.014161988
   84.584850829   72.911048163
   85.354038712   67.949845302
   85.768907804   71.737774688
   85.872625077   73.562675614
   85.976342350   72.014162172
   86.080059623   70.800824112
   86.183776896   70.104239804
   86.557734841   70.800818843
   86.661452114   72.014161988
   86.765169387   73.562677524
   86.868886660   71.736915677
   86.972603933   69.658729000
   87.331891106   67.514252439
   88.218051875   67.708650125
   88.397695461   69.340146043
   88.501412734   67.175732979
   88.775822845   70.277021622
   88.879540118   68.948281941
   88.983257391   65.981053759
   89.357215336   70.282358220
   89.460932609   70.071282761
   89.564649882   68.407490153
   89.668367155   65.657288782
   89.942777266   70.267176445
   90.046494539   68.347685260
   90.150211812   65.488284001
   90.668798177   72.004865205
   91.451846416   70.071282761
   91.555563689   68.347685260
   91.659280962   67.005420513
   92.177867326   74.462162530
   92.281584599   74.462150335
   93.078252089   70.277021622
   93.181969362   68.407490153
   93.285686635   65.488284001
   93.804273000   74.154174332
   93.907990273   74.875244682
   94.011707546   74.154174828
   94.737728457   68.948281941
   94.841445729   65.657288782
   95.360032094   73.311101364
   95.463749367   73.791646051
   95.567466640   73.791645909
   95.671183913   73.311099293
   96.440371796   69.340146043
   96.544089069   65.981053759
   97.062675434   73.311101364
   97.166392706   73.220283080
   97.270109979   73.358535359
   97.373827252   73.220281643
   97.477544525   73.311094347
   98.016475284   67.175732979
   98.878015659   74.154174332
   98.981732932   73.791646051
   99.085450205   73.358535359
   99.189167478   73.358534202
   99.292884751   73.791641706
   99.396602024   74.154173396
  100.060716608   67.708650125
  100.579302973   74.462162530
  100.683020246   74.875244682
  100.786737519   73.791645909
  101.160695464   73.220281643
  101.264412737   73.791641706
  101.368130010   74.875244322
  101.471847283   74.462132435
  101.575564556   71.982097947
  102.027657668   66.968427575
  102.131374941   66.968427575
  102.811494582   68.911637149
  102.991138168   69.918046424
  103.094855441   68.594426814
  103.369265552   70.471918037
  103.472982825   70.039525976
  103.576700098   68.601352709
  103.851110209   70.071279109
  103.954827482   69.431343943
  104.058544755   67.539830097
  104.332954866   70.071279109
  104.436672139   68.347651629
  104.540389412   67.005425799
  104.720032998   69.431343943
  104.823750271   67.005425799
  105.446053909   75.776013225
  106.229102147   70.039525976
  106.332819420   67.539830097
  106.955123058   76.633820187
  107.058840331   76.633819460
  107.855507821   69.918046424
  107.959225094   68.601352709
  108.581528732   76.144518973
  108.685246005   77.066616405
  108.788963278   76.144518005
  109.337783499   68.594426814
  110.106971382   76.144518973
  110.210688655   77.107308021
  110.314405928   77.107306866
  110.418123201   76.144517070
  111.049010743   68.911637149
  111.671314380   76.633820187
  112.045272326   77.066616405
  112.148989599   77.107306866
  112.252706872   77.066614964
  112.356424145   76.633817318
  112.460141418   75.776013347
  113.008961640   66.496286820
  113.112678913   66.079108833
  113.216396186   66.496286820
  113.691688440   68.795727137
  113.871332026   69.098416365
  113.975049299   68.809531128
  114.154692885   70.039502896
  114.258410158   69.839907897
  114.532820269   69.104580976
  114.636537542   68.407470711
  114.740254815   67.539640081
  114.919898402   68.407470711
  115.023615675   65.488279643
  115.203259261   70.039502896
  115.306976534   67.539640081
  115.410693807   69.839907897
  116.136714717   78.721165811
  116.784428879   68.809531128
  117.495478679   79.830435269
  117.599195952   79.830434383
  118.279315593   68.795727137
  119.089373391   79.830435269
  119.193090663   81.143388789
  119.296807936   79.830433653
  119.400525209   78.721165137
  120.048239371   67.175729861
  120.151956644   65.673620893
  120.255673917   65.673620893
  120.359391190   68.183633180
  120.539034777   67.175729861
  120.813444887   67.899321331
  120.917162160   68.809530530
  121.096805747   68.948273348
  121.200523020   68.601345155
  121.380166606   67.644758764
  121.483883879   65.656528568
  121.663527465   68.948273348
  121.767244738   65.656528568
  121.870962011   68.601345155
  121.974679284   68.809530530
  122.757727523   81.990218550
  122.861444796   81.990218924
  123.609360688   68.594424818
  123.713077961   65.981044985
  123.816795234   64.930772568
  123.920512506   67.866473161
  124.100156093   65.981044985
  124.203873366   67.866473161
  124.383516952   68.594424818
    0.000000000   71.121476383
    0.103717273   71.038452206
    0.283360859   69.021215218
    0.387078132   70.691986269
    0.490795405   70.691983096
    0.722714278   68.233834528
    0.826431551   69.757928241
    0.930148824   67.291733219
    1.033866097   69.757926236
    1.345017916   68.657891611
    1.448735189   69.198210717
    1.552452462   68.252537996
    1.656169735   68.252543032
    1.759887007   69.198206931
    2.161582278   68.469922942
    2.265299551   67.950712940
    2.369016824   68.393095323
    2.472734097   68.394759077
    2.576451370   68.393094118
    2.680168643   67.950708085
    3.177579210   69.712674301
    3.281296483   66.881454377
    3.385013756   67.622959285
    3.488731029   68.354640989
    3.592448302   68.354632032
    3.696165575   67.622945759
    3.799882848   66.881449431
    4.395693220   69.583663503
    4.499410493   66.763701070
    4.603127766   66.964043241
    4.706845039   67.457830017
    4.810562312   67.946525415
    4.914279585   67.457790017
    5.017996858   66.963962498
    5.121714131   66.763700476
    5.817470749   68.633824847
    5.921188022   66.865319042
    6.024905295   69.636807484
    6.128622568   67.855568170
    6.232339841   67.481102737
    6.336057114   67.481041515
    6.439774387   67.855529640
    6.543491659   69.636793722
    6.647208932   66.865321109
    7.430257171   66.865319042
    7.533974444   70.335976949
    7.637691717   71.360107084
    7.741408990   69.002339612
    7.845126263   67.554617768
    7.948843536   69.002327743
    8.052560809   71.360095627
    8.156278082   70.335974270
    8.259995355   66.865320736
    9.146156123   66.763701070
    9.249873396   69.636807484
    9.353590669   71.360107084
    9.457307942   70.530800547
    9.561025215   67.413439154
    9.664742488   67.413435979
    9.768459761   70.530796768
    9.872177034   71.360097398
    9.975894307   69.636797261
   10.079611580   66.763700230
   11.069011305   66.881454377
   11.172728578   66.964043241
   11.276445851   67.855568170
   11.380163124   69.002339612
   11.483880397   67.413439154
   11.587597670   66.303344091
   11.691314943   67.413442770
   11.795032216   69.002329185
   11.898749489   67.855529411
   12.002466762   66.963967336
   12.106184035   66.881449587
   13.198913311   67.950712940
   13.302630584   67.622959285
   13.406347857   67.457830017
   13.510065130   67.481102737
   13.613782403   67.554617768
   13.717499675   67.413435979
   13.821216948   67.413442770
   13.924934221   67.554602561
   14.028651494   67.481024287
   14.132368767   67.457783315
   14.236086040   67.622943228
   14.339803313   67.950707973
   15.361299986   69.198210717
   15.465017259   68.393095323
   16.586891096   68.354640989
   16.690608369   67.946525415
   16.794325642   67.481041515
   16.898042915   69.002327743
   17.001760188   70.530796768
   17.105477461   69.002329185
   17.209194734   67.481024287
   17.312912007   67.946430857
   17.416629280   68.354628795
   17.520346553   68.393089249
   17.624063826   69.198205982
   18.779010498   69.757928241
   18.882727771   68.252537996
   18.986445044   68.394759077
   19.090162317   68.354632032
   19.193879590   67.457790017
   19.297596863   67.855529640
   20.094264353   71.360095627
   20.197981626   71.360097398
   20.301698899   67.855529411
   20.405416172   67.457783315
   20.509133445   68.354628795
   20.612850718   68.394758499
   20.716567991   68.252536174
   20.820285264   69.757923369
   22.119858969   70.691986269
   22.223576242   67.291733219
   22.327293515   68.252543032
   22.431010788   68.393094118
   22.534728061   67.622945759
   22.638445334   66.963962498
   22.742162606   69.636793722
   22.845879879   70.335974270
   22.949597152   69.636797261
   23.053314425   66.963967336
   23.157031698   67.622943228
   23.530989644   68.393089249
   23.634706917   68.252536174
   23.738424190   67.291733602
   23.842141463   70.691980921
   23.945858736   71.038453674
   25.348919998   69.021213903
   25.528563584   70.871928832
   25.632280857   68.345108174
   25.839715403   69.246506050
   26.213673349   69.668574776
   26.317390622   67.661745346
   26.524825168   68.672640945
   26.628542441   68.672742015
   27.030237712   69.133134281
   27.133954985   67.204124200
   27.341389531   69.997692693
   27.445106804   70.612100916
   27.548824076   69.997869701
   28.000917188   70.142813377
   28.104634461   67.952079418
   28.312069007   70.160845939
   28.415786280   71.052572949
   28.519503553   71.052570585
   28.623220826   70.160845041
   29.141807190   70.669554807
   29.245524463   69.383291205
   29.452959009   68.990449712
   29.556676282   71.010409723
   29.660393555   69.887797035
   29.764110828   71.010405847
   29.867828101   68.990454412
   30.463638473   69.804502234
   30.567355746   69.542270870
   30.774790292   67.987151624
   30.878507565   69.116285809
   30.982224838   70.476503983
   31.085942111   70.476483594
   31.189659384   69.116272403
   31.293376657   67.987177756
   31.924264198   69.542270870
   32.131698744   67.379222585
   32.235416017   69.928745852
   32.339133290   69.300386495
   32.442850563   69.553557900
   32.546567836   69.300371555
   32.650285109   69.928736591
   32.754002382   67.379297674
   33.480023293   69.383291205
   33.687457838   67.379222585
   33.791175111   71.867107201
   33.894892384   70.989640644
   33.998609657   69.282768574
   34.102326930   69.282760921
   34.206044203   70.989633070
   34.309761476   71.867103165
   34.413478749   67.379250287
   35.236709082   67.952079418
   35.444143628   67.987151624
   35.547860901   69.928745852
   35.651578174   70.989640644
   35.755295447   69.259341789
   35.859012719   67.677380958
   35.962729992   69.259336389
   36.066447265   70.989633385
   36.170164538   69.928734062
   36.273881811   67.987148957
   37.195741098   67.204124200
   37.403175644   68.990449712
   37.506892917   69.116285809
   37.610610189   69.300386495
   37.714327462   69.282768574
   37.818044735   67.677380958
   37.921762008   67.677365469
   38.025479281   69.282757549
   38.129196554   69.300367066
   38.232913827   69.116264371
   38.336631100   68.990446042
   39.146688898   67.661745346
   40.315523203   70.160845939
   40.419240476   71.010409723
   40.522957749   70.476503983
   40.626675022   69.553557900
   40.730392295   69.282760921
   40.834109568   69.259336389
   40.937826841   69.282757549
   41.041544114   69.553476193
   41.145261387   70.476477582
   41.248978660   71.010399850
   41.352695933   70.160842310
   42.303280441   68.345108174
   42.510714987   69.997692693
   42.614432260   71.052572949
   42.718149533   69.887797035
   42.821866806   70.476483594
   43.618534296   69.300371555
   43.722251569   70.989633070
   43.825968842   70.989633385
   43.929686115   69.300367066
   44.033403388   70.476477582
   44.137120661   69.887795649
   44.240837934   71.052569965
   44.344555207   69.997701134
   45.447084941   69.021213903
   45.654519487   68.672640945
   45.758236760   70.612100916
   45.861954033   71.052570585
   45.965671306   71.010405847
   46.069388579   69.116272403
   46.173105852   69.928736591
   46.276823125   71.867103165
   46.380540398   69.928734062
   46.484257671   69.116264371
   46.858215617   71.010399850
   46.961932889   71.052569965
   47.065650162   70.612092953
   47.169367435   68.672643860
   47.273084708   69.248675158
   48.478170521   68.233838154
   48.657814107   69.668575216
   48.761531380   67.661746617
   49.035941491   69.668558668
   49.139658764   68.927447820
   49.243376037   66.765835460
   49.554527856   69.864301618
   50.132001192   69.746449729
   50.235718465   68.623510604
   50.339435738   65.874979271
   50.650587557   71.087563592
   50.754304830   71.087568789
   51.350115202   71.083938784
   51.453832475   69.735027740
   51.557549748   66.738306069
   51.868701566   72.675588459
   51.972418839   72.868517904
   52.076136112   72.675588237
   52.707023654   71.305937564
   52.810740927   70.858025944
   52.914458200   69.380215238
   53.225610019   72.265783336
   53.329327292   73.118213160
   53.433044565   73.118209682
   53.536761838   72.265777903
   54.132572210   70.858025944
   54.236289483   70.638346274
   54.547441301   70.601881524
   54.651158574   71.190959263
   54.754875847   71.865647183
   54.858593120   71.190954563
   54.962310393   70.601878721
   55.626424977   69.735027740
   55.730142250   69.380215238
   56.041294069   69.661911897
   56.145011342   69.726949815
   56.248728615   70.113796431
   56.352445888   70.113704003
   56.456163161   69.726950461
   56.559880434   69.661924897
   57.300569916   68.623510604
   57.404287188   66.738306069
   57.715439007   69.661911897
   57.819156280   70.546142064
   57.922873553   69.135106871
   58.026590826   69.853535816
   58.130308099   69.135082745
   58.234025372   70.546139863
   58.337742645   69.661915186
   59.160972978   68.927447820
   59.264690251   65.874979271
   59.575842070   70.601881524
   59.679559342   69.726949815
   59.783276615   69.135106871
   59.886993888   68.290787356
   59.990711161   68.290744750
   60.094428434   69.135081761
   60.198145707   69.726942226
   60.301862980   70.601877180
   60.965977564   69.668575216
   61.069694837   66.765835460
   62.091191510   72.265783336
   62.194908783   71.190959263
   62.298626056   70.113796431
   62.402343329   69.853535816
   62.506060602   68.290744750
   62.609777875   69.853518437
   62.713495148   70.113694236
   62.817212421   71.190948426
   62.920929694   72.265773675
   63.690117577   67.661746617
   64.001269395   72.675588459
   64.104986668   73.118213160
   64.901654158   71.865647183
   65.005371431   70.113704003
   65.109088704   69.135082745
   65.212805977   69.135081761
   65.316523250   70.113694236
   65.420240523   71.865626935
   65.523957796   73.118210496
   65.627675069   72.675587053
   66.549534356   68.233838154
   66.860686174   71.087563592
   66.964403447   72.868517904
   67.068120720   73.118209682
   67.171837993   71.190954563
   67.275555266   69.726950461
   67.379272539   70.546139863
   67.482989812   69.726942226
   67.856947758   71.190948426
   67.960665031   73.118210496
   68.064382304   72.868519158
   68.168099577   71.087568002
   68.271816850   69.864286354
   69.293313523   68.657891356
   69.472957109   69.133133242
   69.576674382   67.204122179
   69.851084493   69.746449551
   69.954801766   68.623508949
   70.058519039   65.874969829
   70.432476984   70.335633994
   70.536194257   69.893810313
   70.639911530   68.416839823
   70.743628803   65.635035088
   71.158497895   69.670135148
   71.941546134   71.076892425
   72.045263407   70.874418858
   72.148980680   69.203129580
   72.252697953   66.422696154
   72.667567045   72.353511489
   72.771284318   72.353553808
   73.467040936   70.874418858
   73.570758209   70.199506575
   73.674475482   68.376297966
   74.089344573   73.991488322
   74.193061846   74.425346381
   74.296779119   73.991486453
   75.022800030   69.893810313
   75.126517303   69.203129580
   75.230234576   68.376297966
   75.645103668   72.584763072
   75.748820941   72.911907851
   75.852538214   72.911906650
   75.956255487   72.584764468
   76.725443369   69.746449551
   76.829160642   68.416839823
   76.932877915   66.422696154
   77.347747007   71.675877438
   77.451464280   71.618605945
   77.555181553   72.440253150
   77.658898826   71.618605174
   77.762616099   71.675886573
   78.503305580   68.623508949
   78.607022853   65.635035088
   79.021891945   71.675877438
   79.125609218   70.913669953
   79.229326491   71.007107497
   79.333043764   71.007106168
   79.436761037   70.913671796
   79.540478310   71.675881628
   80.099012918   69.133133242
   81.220886755   65.874969829
   81.635755847   72.584763072
   81.739473120   71.618605945
   81.843190393   71.007107497
   81.946907666   70.863780628
   82.050624939   71.007108180
   82.154342212   71.618607855
   82.258059485   72.584763759
   82.880363123   67.204122179
   83.858829919   73.991488322
   83.962547192   72.911907851
   84.066264465   72.440253150
   84.169981738   71.007106168
   84.273699010   71.007108180
   84.377416283   72.440253147
   84.481133556   72.911906474
   84.584850829   73.991484723
   85.354038712   68.657891356
   85.768907804   72.353511489
   85.872625077   74.425346381
   85.976342350   72.911906650
   86.080059623   71.618605174
   86.183776896   70.913671796
   86.557734841   71.618607855
   86.661452114   72.911906474
   86.765169387   74.425347078
   86.868886660   72.353551645
   86.972603933   69.680976595
   87.331891106   68.345107923
   88.218051875   68.469922754
   88.397695461   70.142812019
   88.501412734   67.952069627
   88.775822845   71.083939728
   88.879540118   69.735022807
   88.983257391   66.738259382
   89.357215336   71.076891975
   89.460932609   70.874418497
   89.564649882   69.203126882
   89.668367155   66.422649631
   89.942777266   71.055744826
   90.046494539   69.126667508
   90.150211812   66.192489287
   90.668798177   72.004873550
   91.451846416   70.874418497
   91.555563689   69.126667508
   91.659280962   67.698999546
   92.177867326   75.228354885
   92.281584599   75.228361758
   93.078252089   71.083939728
   93.181969362   69.203126882
   93.285686635   66.192489287
   93.804273000   75.002995916
   93.907990273   75.690052793
   94.011707546   75.002997685
   94.737728457   69.735022807
   94.841445729   66.422649631
   95.360032094   74.290978414
   95.463749367   74.676704187
   95.567466640   74.676703537
   95.671183913   74.290979672
   96.440371796   70.142812019
   96.544089069   66.738259382
   97.062675434   74.290978414
   97.166392706   74.096518605
   97.270109979   74.204374206
   97.373827252   74.096518859
   97.477544525   74.290983080
   98.016475284   67.952069627
   98.878015659   75.002995916
   98.981732932   74.676704187
   99.085450205   74.204374206
   99.189167478   74.204373905
   99.292884751   74.676706760
   99.396602024   75.002999340
  100.060716608   68.469922754
  100.579302973   75.228354885
  100.683020246   75.690052793
  100.786737519   74.676703537
  101.160695464   74.096518859
  101.264412737   74.676706760
  101.368130010   75.690055597
  101.471847283   75.228373290
  101.575564556   72.026256607
  102.027657668   67.661745323
  102.131374941   67.661745323
  102.811494582   69.712673060
  102.991138168   70.669555468
  103.094855441   69.383282107
  103.369265552   71.305944892
  103.472982825   70.858034353
  103.576700098   69.380196918
  103.851110209   70.874421473
  103.954827482   70.199515577
  104.058544755   68.376252575
  104.332954866   70.874421473
  104.436672139   69.126691232
  104.540389412   67.699000180
  104.720032998   70.199515577
  104.823750271   67.699000180
  105.446053909   76.480042341
  106.229102147   70.858034353
  106.332819420   68.376252575
  106.955123058   77.516255362
  107.058840331   77.516254275
  107.855507821   70.669555468
  107.959225094   69.380196918
  108.581528732   76.998941626
  108.685246005   77.860777352
  108.788963278   76.998940782
  109.337783499   69.383282107
  110.106971382   76.998941626
  110.210688655   77.867750202
  110.314405928   77.867749220
  110.418123201   76.998941677
  111.049010743   69.712673060
  111.671314380   77.516255362
  112.045272326   77.860777352
  112.148989599   77.867749220
  112.252706872   77.860777236
  112.356424145   77.516256372
  112.460141418   76.480042301
  113.008961640   67.204119432
  113.112678913   66.765835108
  113.216396186   67.204119432
  113.691688440   69.583661665
  113.871332026   69.804513332
  113.975049299   69.542266871
  114.154692885   70.858051686
  114.258410158   70.638340963
  114.532820269   69.893811405
  114.636537542   69.203142384
  114.740254815   68.376314011
  114.919898402   69.203142384
  115.023615675   66.192493980
  115.203259261   70.858051686
  115.306976534   68.376314011
  115.410693807   70.638340963
  116.136714717   79.459722839
  116.784428879   69.542266871
  117.495478679   80.496099226
  117.599195952   80.496098352
  118.279315593   69.583661665
  119.089373391   80.496099226
  119.193090663   81.708081933
  119.296807936   80.496098379
  119.400525209   79.459722599
  120.048239371   67.952073480
  120.151956644   65.874879177
  120.255673917   65.874879177
  120.359391190   68.927448276
  120.539034777   67.952073480
  120.813444887   68.633824314
  120.917162160   69.542268563
  121.096805747   69.735030919
  121.200523020   69.380205434
  121.380166606   68.416844471
  121.483883879   66.422680293
  121.663527465   69.735030919
  121.767244738   66.422680293
  121.870962011   69.380205434
  121.974679284   69.542268563
  122.757727523   82.818142987
  122.861444796   82.818143312
  123.609360688   69.383286977
  123.713077961   66.738267849
  123.816795234   65.635032836
  123.920512506   68.623511293
  124.100156093   66.738267849
  124.203873366   68.623511293
  124.383516952   69.383286977
