 -24.82298  0.000D+00  0.000D+00  0.000D+00  0.000D+00  0.000D+00  0.000D+00  0.000D+00  0.000D+00  0.000D+00
 -24.79160  0.000D+00  0.000D+00  0.000D+00  0.000D+00  0.000D+00  0.000D+00  0.000D+00  0.000D+00  0.000D+00
 -24.76021  0.000D+00  0.000D+00  0.000D+00  0.000D+00  0.000D+00  0.000D+00  0.000D+00  0.000D+00  0.000D+00
 -24.72883  0.000D+00  0.000D+00  0.000D+00  0.000D+00  0.000D+00  0.000D+00  0.000D+00  0.000D+00  0.000D+00
 -24.69745  0.000D+00  0.000D+00  0.000D+00  0.000D+00  0.000D+00  0.000D+00  0.000D+00  0.000D+00  0.000D+00
 -24.66606  0.000D+00  0.000D+00  0.000D+00  0.000D+00  0.000D+00  0.000D+00  0.000D+00  0.000D+00  0.000D+00
 -24.63468  0.000D+00  0.000D+00  0.000D+00  0.000D+00  0.000D+00  0.000D+00  0.000D+00  0.000D+00  0.000D+00
 -24.60329  0.000D+00  0.000D+00  0.000D+00  0.000D+00  0.000D+00  0.000D+00  0.000D+00  0.000D+00  0.000D+00
 -24.57191  0.000D+00  0.000D+00  0.000D+00  0.000D+00  0.000D+00  0.000D+00  0.000D+00  0.000D+00  0.000D+00
 -24.54052  0.000D+00  0.000D+00  0.000D+00  0.000D+00  0.000D+00  0.000D+00  0.000D+00  0.000D+00  0.000D+00
 -24.50914  0.000D+00  0.000D+00  0.000D+00  0.000D+00  0.000D+00  0.000D+00  0.000D+00  0.000D+00  0.000D+00
 -24.47775  0.000D+00  0.000D+00  0.000D+00  0.000D+00  0.000D+00  0.000D+00  0.000D+00  0.000D+00  0.000D+00
 -24.44637  0.000D+00  0.000D+00  0.000D+00  0.000D+00  0.000D+00  0.000D+00  0.000D+00  0.000D+00  0.000D+00
 -24.41498  0.000D+00  0.000D+00  0.000D+00  0.000D+00  0.000D+00  0.000D+00  0.000D+00  0.000D+00  0.000D+00
 -24.38360  0.000D+00  0.000D+00  0.000D+00  0.000D+00  0.000D+00  0.000D+00  0.000D+00  0.000D+00  0.000D+00
 -24.35221  0.000D+00  0.000D+00  0.000D+00  0.000D+00  0.000D+00  0.000D+00  0.000D+00  0.000D+00  0.000D+00
 -24.32083  0.000D+00  0.000D+00  0.000D+00  0.000D+00  0.000D+00  0.000D+00  0.000D+00  0.000D+00  0.000D+00
 -24.28945  0.000D+00  0.000D+00  0.000D+00  0.000D+00  0.000D+00  0.000D+00  0.000D+00  0.000D+00  0.000D+00
 -24.25806  0.000D+00  0.000D+00  0.000D+00  0.000D+00  0.000D+00  0.000D+00  0.000D+00  0.000D+00  0.000D+00
 -24.22668  0.000D+00  0.000D+00  0.000D+00  0.000D+00  0.000D+00  0.000D+00  0.000D+00  0.000D+00  0.000D+00
 -24.19529  0.000D+00  0.000D+00  0.000D+00  0.000D+00  0.000D+00  0.000D+00  0.000D+00  0.000D+00  0.000D+00
 -24.16391  0.000D+00  0.000D+00  0.000D+00  0.000D+00  0.000D+00  0.000D+00  0.000D+00  0.000D+00  0.000D+00
 -24.13252  0.000D+00  0.000D+00  0.000D+00  0.000D+00  0.000D+00  0.000D+00  0.000D+00  0.000D+00  0.000D+00
 -24.10114  0.000D+00  0.000D+00  0.000D+00  0.000D+00  0.000D+00  0.000D+00  0.000D+00  0.000D+00  0.000D+00
 -24.06975  0.000D+00  0.000D+00  0.000D+00  0.000D+00  0.000D+00  0.000D+00  0.000D+00  0.000D+00  0.000D+00
 -24.03837  0.000D+00  0.000D+00  0.000D+00  0.000D+00  0.000D+00  0.000D+00  0.000D+00  0.000D+00  0.000D+00
 -24.00698  0.000D+00  0.000D+00  0.000D+00  0.000D+00  0.000D+00  0.000D+00  0.000D+00  0.000D+00  0.000D+00
 -23.97560  0.000D+00  0.000D+00  0.000D+00  0.000D+00  0.000D+00  0.000D+00  0.000D+00  0.000D+00  0.000D+00
 -23.94421  0.000D+00  0.000D+00  0.000D+00  0.000D+00  0.000D+00  0.000D+00  0.000D+00  0.000D+00  0.000D+00
 -23.91283  0.000D+00  0.000D+00  0.000D+00  0.000D+00  0.000D+00  0.000D+00  0.000D+00  0.000D+00  0.000D+00
 -23.88145  0.000D+00  0.000D+00  0.000D+00  0.000D+00  0.000D+00  0.000D+00  0.000D+00  0.000D+00  0.000D+00
 -23.85006  0.000D+00  0.000D+00  0.000D+00  0.000D+00  0.000D+00  0.000D+00  0.000D+00  0.000D+00  0.000D+00
 -23.81868  0.000D+00  0.000D+00  0.000D+00  0.000D+00  0.000D+00  0.000D+00  0.000D+00  0.000D+00  0.000D+00
 -23.78729  0.000D+00  0.000D+00  0.000D+00  0.000D+00  0.000D+00  0.000D+00  0.000D+00  0.000D+00  0.000D+00
 -23.75591  0.000D+00  0.000D+00  0.000D+00  0.000D+00  0.000D+00  0.000D+00  0.000D+00  0.000D+00  0.000D+00
 -23.72452  0.000D+00  0.000D+00  0.000D+00  0.000D+00  0.000D+00  0.000D+00  0.000D+00  0.000D+00  0.000D+00
 -23.69314  0.000D+00  0.000D+00  0.000D+00  0.000D+00  0.000D+00  0.000D+00  0.000D+00  0.000D+00  0.000D+00
 -23.66175  0.000D+00  0.000D+00  0.000D+00  0.000D+00  0.000D+00  0.000D+00  0.000D+00  0.000D+00  0.000D+00
 -23.63037  0.000D+00  0.000D+00  0.000D+00  0.000D+00  0.000D+00  0.000D+00  0.000D+00  0.000D+00  0.000D+00
 -23.59898  0.000D+00  0.000D+00  0.000D+00  0.000D+00  0.000D+00  0.000D+00  0.000D+00  0.000D+00  0.000D+00
 -23.56760  0.000D+00  0.000D+00  0.000D+00  0.000D+00  0.000D+00  0.000D+00  0.000D+00  0.000D+00  0.000D+00
 -23.53621  0.000D+00  0.000D+00  0.000D+00  0.000D+00  0.000D+00  0.000D+00  0.000D+00  0.000D+00  0.000D+00
 -23.50483  0.000D+00  0.000D+00  0.000D+00  0.000D+00  0.000D+00  0.000D+00  0.000D+00  0.000D+00  0.000D+00
 -23.47345  0.000D+00  0.000D+00  0.000D+00  0.000D+00  0.000D+00  0.000D+00  0.000D+00  0.000D+00  0.000D+00
 -23.44206  0.000D+00  0.000D+00  0.000D+00  0.000D+00  0.000D+00  0.000D+00  0.000D+00  0.000D+00  0.000D+00
 -23.41068  0.000D+00  0.000D+00  0.000D+00  0.000D+00  0.000D+00  0.000D+00  0.000D+00  0.000D+00  0.000D+00
 -23.37929  0.000D+00  0.000D+00  0.000D+00  0.000D+00  0.000D+00  0.000D+00  0.000D+00  0.000D+00  0.000D+00
 -23.34791  0.000D+00  0.000D+00  0.000D+00  0.000D+00  0.000D+00  0.000D+00  0.000D+00  0.000D+00  0.000D+00
 -23.31652  0.000D+00  0.000D+00  0.000D+00  0.000D+00  0.000D+00  0.000D+00  0.000D+00  0.000D+00  0.000D+00
 -23.28514  0.000D+00  0.000D+00  0.000D+00  0.000D+00  0.000D+00  0.000D+00  0.000D+00  0.000D+00  0.000D+00
 -23.25375  0.000D+00  0.000D+00  0.000D+00  0.000D+00  0.000D+00  0.000D+00  0.000D+00  0.000D+00  0.000D+00
 -23.22237  0.000D+00  0.000D+00  0.000D+00  0.000D+00  0.000D+00  0.000D+00  0.000D+00  0.000D+00  0.000D+00
 -23.19098  0.000D+00  0.000D+00  0.000D+00  0.000D+00  0.000D+00  0.000D+00  0.000D+00  0.000D+00  0.000D+00
 -23.15960  0.000D+00  0.000D+00  0.000D+00  0.000D+00  0.000D+00  0.000D+00  0.000D+00  0.000D+00  0.000D+00
 -23.12821  0.000D+00  0.000D+00  0.000D+00  0.000D+00  0.000D+00  0.000D+00  0.000D+00  0.000D+00  0.000D+00
 -23.09683  0.000D+00  0.000D+00  0.000D+00  0.000D+00  0.000D+00  0.000D+00  0.000D+00  0.000D+00  0.000D+00
 -23.06545  0.000D+00  0.000D+00  0.000D+00  0.000D+00  0.000D+00  0.000D+00  0.000D+00  0.000D+00  0.000D+00
 -23.03406  0.000D+00  0.000D+00  0.000D+00  0.000D+00  0.000D+00  0.000D+00  0.000D+00  0.000D+00  0.000D+00
 -23.00268  0.000D+00  0.000D+00  0.000D+00  0.000D+00  0.000D+00  0.000D+00  0.000D+00  0.000D+00  0.000D+00
 -22.97129  0.000D+00  0.000D+00  0.000D+00  0.000D+00  0.000D+00  0.000D+00  0.000D+00  0.000D+00  0.000D+00
 -22.93991  0.000D+00  0.000D+00  0.000D+00  0.000D+00  0.000D+00  0.000D+00  0.000D+00  0.000D+00  0.000D+00
 -22.90852  0.000D+00  0.000D+00  0.000D+00  0.000D+00  0.000D+00  0.000D+00  0.000D+00  0.000D+00  0.000D+00
 -22.87714  0.000D+00  0.000D+00  0.000D+00  0.000D+00  0.000D+00  0.000D+00  0.000D+00  0.000D+00  0.000D+00
 -22.84575  0.000D+00  0.000D+00  0.000D+00  0.000D+00  0.000D+00  0.000D+00  0.000D+00  0.000D+00  0.000D+00
 -22.81437  0.000D+00  0.000D+00  0.000D+00  0.000D+00  0.000D+00  0.000D+00  0.000D+00  0.000D+00  0.000D+00
 -22.78298  0.000D+00  0.000D+00  0.000D+00  0.000D+00  0.000D+00  0.000D+00  0.000D+00  0.000D+00  0.000D+00
 -22.75160  0.000D+00  0.000D+00  0.000D+00  0.000D+00  0.000D+00  0.000D+00  0.000D+00  0.000D+00  0.000D+00
 -22.72021  0.000D+00  0.000D+00  0.000D+00  0.000D+00  0.000D+00  0.000D+00  0.000D+00  0.000D+00  0.000D+00
 -22.68883  0.000D+00  0.000D+00  0.000D+00  0.000D+00  0.000D+00  0.000D+00  0.000D+00  0.000D+00  0.000D+00
 -22.65745  0.000D+00  0.000D+00  0.000D+00  0.000D+00  0.000D+00  0.000D+00  0.000D+00  0.000D+00  0.000D+00
 -22.62606  0.000D+00  0.000D+00  0.000D+00  0.000D+00  0.000D+00  0.000D+00  0.000D+00  0.000D+00  0.000D+00
 -22.59468  0.000D+00  0.000D+00  0.000D+00  0.000D+00  0.000D+00  0.000D+00  0.000D+00  0.000D+00  0.000D+00
 -22.56329  0.000D+00  0.000D+00  0.000D+00  0.000D+00  0.000D+00  0.000D+00  0.000D+00  0.000D+00  0.000D+00
 -22.53191  0.000D+00  0.000D+00  0.000D+00  0.000D+00  0.000D+00  0.000D+00  0.000D+00  0.000D+00  0.000D+00
 -22.50052  0.000D+00  0.000D+00  0.000D+00  0.000D+00  0.000D+00  0.000D+00  0.000D+00  0.000D+00  0.000D+00
 -22.46914  0.000D+00  0.000D+00  0.000D+00  0.000D+00  0.000D+00  0.000D+00  0.000D+00  0.000D+00  0.000D+00
 -22.43775  0.000D+00  0.000D+00  0.000D+00  0.000D+00  0.000D+00  0.000D+00  0.000D+00  0.000D+00  0.000D+00
 -22.40637  0.000D+00  0.000D+00  0.000D+00  0.000D+00  0.000D+00  0.000D+00  0.000D+00  0.000D+00  0.000D+00
 -22.37498  0.000D+00  0.000D+00  0.000D+00  0.000D+00  0.000D+00  0.000D+00  0.000D+00  0.000D+00  0.000D+00
 -22.34360  0.000D+00  0.000D+00  0.000D+00  0.000D+00  0.000D+00  0.000D+00  0.000D+00  0.000D+00  0.000D+00
 -22.31221  0.000D+00  0.000D+00  0.000D+00  0.000D+00  0.000D+00  0.000D+00  0.000D+00  0.000D+00  0.000D+00
 -22.28083  0.000D+00  0.000D+00  0.000D+00  0.000D+00  0.000D+00  0.000D+00  0.000D+00  0.000D+00  0.000D+00
 -22.24945  0.000D+00  0.000D+00  0.000D+00  0.000D+00  0.000D+00  0.000D+00  0.000D+00  0.000D+00  0.000D+00
 -22.21806  0.000D+00  0.000D+00  0.000D+00  0.000D+00  0.000D+00  0.000D+00  0.000D+00  0.000D+00  0.000D+00
 -22.18668  0.000D+00  0.000D+00  0.000D+00  0.000D+00  0.000D+00  0.000D+00  0.000D+00  0.000D+00  0.000D+00
 -22.15529  0.000D+00  0.000D+00  0.000D+00  0.000D+00  0.000D+00  0.000D+00  0.000D+00  0.000D+00  0.000D+00
 -22.12391  0.000D+00  0.000D+00  0.000D+00  0.000D+00  0.000D+00  0.000D+00  0.000D+00  0.000D+00  0.000D+00
 -22.09252  0.000D+00  0.000D+00  0.000D+00  0.000D+00  0.000D+00  0.000D+00  0.000D+00  0.000D+00  0.000D+00
 -22.06114  0.000D+00  0.000D+00  0.000D+00  0.000D+00  0.000D+00  0.000D+00  0.000D+00  0.000D+00  0.000D+00
 -22.02975  0.000D+00  0.000D+00  0.000D+00  0.000D+00  0.000D+00  0.000D+00  0.000D+00  0.000D+00  0.000D+00
 -21.99837  0.000D+00  0.000D+00  0.000D+00  0.000D+00  0.000D+00  0.000D+00  0.000D+00  0.000D+00  0.000D+00
 -21.96698  0.000D+00  0.000D+00  0.000D+00  0.000D+00  0.000D+00  0.000D+00  0.000D+00  0.000D+00  0.000D+00
 -21.93560  0.000D+00  0.000D+00  0.000D+00  0.000D+00  0.000D+00  0.000D+00  0.000D+00  0.000D+00  0.000D+00
 -21.90421  0.000D+00  0.000D+00  0.000D+00  0.000D+00  0.000D+00  0.000D+00  0.000D+00  0.000D+00  0.000D+00
 -21.87283  0.000D+00  0.000D+00  0.000D+00  0.000D+00  0.000D+00  0.000D+00  0.000D+00  0.000D+00  0.000D+00
 -21.84145  0.000D+00  0.000D+00  0.000D+00  0.000D+00  0.000D+00  0.000D+00  0.000D+00  0.000D+00  0.000D+00
 -21.81006  0.000D+00  0.000D+00  0.000D+00  0.000D+00  0.000D+00  0.000D+00  0.000D+00  0.000D+00  0.000D+00
 -21.77868  0.000D+00  0.000D+00  0.000D+00  0.000D+00  0.000D+00  0.000D+00  0.000D+00  0.000D+00  0.000D+00
 -21.74729  0.000D+00  0.000D+00  0.000D+00  0.000D+00  0.000D+00  0.000D+00  0.000D+00  0.000D+00  0.000D+00
 -21.71591  0.000D+00  0.000D+00  0.000D+00  0.000D+00  0.000D+00  0.000D+00  0.000D+00  0.000D+00  0.000D+00
 -21.68452  0.000D+00  0.000D+00  0.000D+00  0.000D+00  0.000D+00  0.000D+00  0.000D+00  0.000D+00  0.000D+00
 -21.65314  0.000D+00  0.000D+00  0.000D+00  0.000D+00  0.000D+00  0.000D+00  0.000D+00  0.000D+00  0.000D+00
 -21.62175  0.000D+00  0.000D+00  0.000D+00  0.000D+00  0.000D+00  0.000D+00  0.000D+00  0.000D+00  0.000D+00
 -21.59037  0.000D+00  0.000D+00  0.000D+00  0.000D+00  0.000D+00  0.000D+00  0.000D+00  0.000D+00  0.000D+00
 -21.55898  0.000D+00  0.000D+00  0.000D+00  0.000D+00  0.000D+00  0.000D+00  0.000D+00  0.000D+00  0.000D+00
 -21.52760  0.000D+00  0.000D+00  0.000D+00  0.000D+00  0.000D+00  0.000D+00  0.000D+00  0.000D+00  0.000D+00
 -21.49621  0.000D+00  0.000D+00  0.000D+00  0.000D+00  0.000D+00  0.000D+00  0.000D+00  0.000D+00  0.000D+00
 -21.46483  0.000D+00  0.000D+00  0.000D+00  0.000D+00  0.000D+00  0.000D+00  0.000D+00  0.000D+00  0.000D+00
 -21.43345  0.000D+00  0.000D+00  0.000D+00  0.000D+00  0.000D+00  0.000D+00  0.000D+00  0.000D+00  0.000D+00
 -21.40206  0.000D+00  0.000D+00  0.000D+00  0.000D+00  0.000D+00  0.000D+00  0.000D+00  0.000D+00  0.000D+00
 -21.37068  0.000D+00  0.000D+00  0.000D+00  0.000D+00  0.000D+00  0.000D+00  0.000D+00  0.000D+00  0.000D+00
 -21.33929  0.000D+00  0.000D+00  0.000D+00  0.000D+00  0.000D+00  0.000D+00  0.000D+00  0.000D+00  0.000D+00
 -21.30791  0.000D+00  0.000D+00  0.000D+00  0.000D+00  0.000D+00  0.000D+00  0.000D+00  0.000D+00  0.000D+00
 -21.27652  0.000D+00  0.000D+00  0.000D+00  0.000D+00  0.000D+00  0.000D+00  0.000D+00  0.000D+00  0.000D+00
 -21.24514  0.000D+00  0.000D+00  0.000D+00  0.000D+00  0.000D+00  0.000D+00  0.000D+00  0.000D+00  0.000D+00
 -21.21375  0.000D+00  0.000D+00  0.000D+00  0.000D+00  0.000D+00  0.000D+00  0.000D+00  0.000D+00  0.000D+00
 -21.18237  0.000D+00  0.000D+00  0.000D+00  0.000D+00  0.000D+00  0.000D+00  0.000D+00  0.000D+00  0.000D+00
 -21.15098  0.000D+00  0.000D+00  0.000D+00  0.000D+00  0.000D+00  0.000D+00  0.000D+00  0.000D+00  0.000D+00
 -21.11960  0.000D+00  0.000D+00  0.000D+00  0.000D+00  0.000D+00  0.000D+00  0.000D+00  0.000D+00  0.000D+00
 -21.08821  0.000D+00  0.000D+00  0.000D+00  0.000D+00  0.000D+00  0.000D+00  0.000D+00  0.000D+00  0.000D+00
 -21.05683  0.000D+00  0.000D+00  0.000D+00  0.000D+00  0.000D+00  0.000D+00  0.000D+00  0.000D+00  0.000D+00
 -21.02545  0.000D+00  0.000D+00  0.000D+00  0.000D+00  0.000D+00  0.000D+00  0.000D+00  0.000D+00  0.000D+00
 -20.99406  0.000D+00  0.000D+00  0.000D+00  0.000D+00  0.000D+00  0.000D+00  0.000D+00  0.000D+00  0.000D+00
 -20.96268  0.000D+00  0.000D+00  0.000D+00  0.000D+00  0.000D+00  0.000D+00  0.000D+00  0.000D+00  0.000D+00
 -20.93129  0.000D+00  0.000D+00  0.000D+00  0.000D+00  0.000D+00  0.000D+00  0.000D+00  0.000D+00  0.000D+00
 -20.89991  0.000D+00  0.000D+00  0.000D+00  0.000D+00  0.000D+00  0.000D+00  0.000D+00  0.000D+00  0.000D+00
 -20.86852  0.000D+00  0.000D+00  0.000D+00  0.000D+00  0.000D+00  0.000D+00  0.000D+00  0.000D+00  0.000D+00
 -20.83714  0.000D+00  0.000D+00  0.000D+00  0.000D+00  0.000D+00  0.000D+00  0.000D+00  0.000D+00  0.000D+00
 -20.80575  0.000D+00  0.000D+00  0.000D+00  0.000D+00  0.000D+00  0.000D+00  0.000D+00  0.000D+00  0.000D+00
 -20.77437  0.000D+00  0.000D+00  0.000D+00  0.000D+00  0.000D+00  0.000D+00  0.000D+00  0.000D+00  0.000D+00
 -20.74298  0.000D+00  0.000D+00  0.000D+00  0.000D+00  0.000D+00  0.000D+00  0.000D+00  0.000D+00  0.000D+00
 -20.71160  0.000D+00  0.000D+00  0.000D+00  0.000D+00  0.000D+00  0.000D+00  0.000D+00  0.000D+00  0.000D+00
 -20.68021  0.000D+00  0.000D+00  0.000D+00  0.000D+00  0.000D+00  0.000D+00  0.000D+00  0.000D+00  0.000D+00
 -20.64883  0.000D+00  0.000D+00  0.000D+00  0.000D+00  0.000D+00  0.000D+00  0.000D+00  0.000D+00  0.000D+00
 -20.61745  0.000D+00  0.000D+00  0.000D+00  0.000D+00  0.000D+00  0.000D+00  0.000D+00  0.000D+00  0.000D+00
 -20.58606  0.000D+00  0.000D+00  0.000D+00  0.000D+00  0.000D+00  0.000D+00  0.000D+00  0.000D+00  0.000D+00
 -20.55468  0.000D+00  0.000D+00  0.000D+00  0.000D+00  0.000D+00  0.000D+00  0.000D+00  0.000D+00  0.000D+00
 -20.52329  0.000D+00  0.000D+00  0.000D+00  0.000D+00  0.000D+00  0.000D+00  0.000D+00  0.000D+00  0.000D+00
 -20.49191  0.000D+00  0.000D+00  0.000D+00  0.000D+00  0.000D+00  0.000D+00  0.000D+00  0.000D+00  0.000D+00
 -20.46052  0.000D+00  0.000D+00  0.000D+00  0.000D+00  0.000D+00  0.000D+00  0.000D+00  0.000D+00  0.000D+00
 -20.42914  0.000D+00  0.000D+00  0.000D+00  0.000D+00  0.000D+00  0.000D+00  0.000D+00  0.000D+00  0.000D+00
 -20.39775  0.000D+00  0.000D+00  0.000D+00  0.000D+00  0.000D+00  0.000D+00  0.000D+00  0.000D+00  0.000D+00
 -20.36637  0.000D+00  0.000D+00  0.000D+00  0.000D+00  0.000D+00  0.000D+00  0.000D+00  0.000D+00  0.000D+00
 -20.33498  0.000D+00  0.000D+00  0.000D+00  0.000D+00  0.000D+00  0.000D+00  0.000D+00  0.000D+00  0.000D+00
 -20.30360  0.000D+00  0.000D+00  0.000D+00  0.000D+00  0.000D+00  0.000D+00  0.000D+00  0.000D+00  0.000D+00
 -20.27221  0.000D+00  0.000D+00  0.000D+00  0.000D+00  0.000D+00  0.000D+00  0.000D+00  0.000D+00  0.000D+00
 -20.24083  0.000D+00  0.000D+00  0.000D+00  0.000D+00  0.000D+00  0.000D+00  0.000D+00  0.000D+00  0.000D+00
 -20.20945  0.000D+00  0.000D+00  0.000D+00  0.000D+00  0.000D+00  0.000D+00  0.000D+00  0.000D+00  0.000D+00
 -20.17806  0.000D+00  0.000D+00  0.000D+00  0.000D+00  0.000D+00  0.000D+00  0.000D+00  0.000D+00  0.000D+00
 -20.14668  0.000D+00  0.000D+00  0.000D+00  0.000D+00  0.000D+00  0.000D+00  0.000D+00  0.000D+00  0.000D+00
 -20.11529  0.000D+00  0.000D+00  0.000D+00  0.000D+00  0.000D+00  0.000D+00  0.000D+00  0.000D+00  0.000D+00
 -20.08391  0.000D+00  0.000D+00  0.000D+00  0.000D+00  0.000D+00  0.000D+00  0.000D+00  0.000D+00  0.000D+00
 -20.05252  0.000D+00  0.000D+00  0.000D+00  0.000D+00  0.000D+00  0.000D+00  0.000D+00  0.000D+00  0.000D+00
 -20.02114  0.000D+00  0.000D+00  0.000D+00  0.000D+00  0.000D+00  0.000D+00  0.000D+00  0.000D+00  0.000D+00
 -19.98975  0.000D+00  0.000D+00  0.000D+00  0.000D+00  0.000D+00  0.000D+00  0.000D+00  0.000D+00  0.000D+00
 -19.95837  0.000D+00  0.000D+00  0.000D+00  0.000D+00  0.000D+00  0.000D+00  0.000D+00  0.000D+00  0.000D+00
 -19.92698  0.000D+00  0.000D+00  0.000D+00  0.000D+00  0.000D+00  0.000D+00  0.000D+00  0.000D+00  0.000D+00
 -19.89560  0.000D+00  0.000D+00  0.000D+00  0.000D+00  0.000D+00  0.000D+00  0.000D+00  0.000D+00  0.000D+00
 -19.86421  0.000D+00  0.000D+00  0.000D+00  0.000D+00  0.000D+00  0.000D+00  0.000D+00  0.000D+00  0.000D+00
 -19.83283  0.000D+00  0.000D+00  0.000D+00  0.000D+00  0.000D+00  0.000D+00  0.000D+00  0.000D+00  0.000D+00
 -19.80145  0.000D+00  0.000D+00  0.000D+00  0.000D+00  0.000D+00  0.000D+00  0.000D+00  0.000D+00  0.000D+00
 -19.77006  0.000D+00  0.000D+00  0.000D+00  0.000D+00  0.000D+00  0.000D+00  0.000D+00  0.000D+00  0.000D+00
 -19.73868  0.000D+00  0.000D+00  0.000D+00  0.000D+00  0.000D+00  0.000D+00  0.000D+00  0.000D+00  0.000D+00
 -19.70729  0.000D+00  0.000D+00  0.000D+00  0.000D+00  0.000D+00  0.000D+00  0.000D+00  0.000D+00  0.000D+00
 -19.67591  0.000D+00  0.000D+00  0.000D+00  0.000D+00  0.000D+00  0.000D+00  0.000D+00  0.000D+00  0.000D+00
 -19.64452  0.000D+00  0.000D+00  0.000D+00  0.000D+00  0.000D+00  0.000D+00  0.000D+00  0.000D+00  0.000D+00
 -19.61314  0.000D+00  0.000D+00  0.000D+00  0.000D+00  0.000D+00  0.000D+00  0.000D+00  0.000D+00  0.000D+00
 -19.58175  0.000D+00  0.000D+00  0.000D+00  0.000D+00  0.000D+00  0.000D+00  0.000D+00  0.000D+00  0.000D+00
 -19.55037  0.000D+00  0.000D+00  0.000D+00  0.000D+00  0.000D+00  0.000D+00  0.000D+00  0.000D+00  0.000D+00
 -19.51898  0.000D+00  0.000D+00  0.000D+00  0.000D+00  0.000D+00  0.000D+00  0.000D+00  0.000D+00  0.000D+00
 -19.48760  0.000D+00  0.000D+00  0.000D+00  0.000D+00  0.000D+00  0.000D+00  0.000D+00  0.000D+00  0.000D+00
 -19.45621  0.000D+00  0.000D+00  0.000D+00  0.000D+00  0.000D+00  0.000D+00  0.000D+00  0.000D+00  0.000D+00
 -19.42483  0.000D+00  0.000D+00  0.000D+00  0.000D+00  0.000D+00  0.000D+00  0.000D+00  0.000D+00  0.000D+00
 -19.39345  0.000D+00  0.000D+00  0.000D+00  0.000D+00  0.000D+00  0.000D+00  0.000D+00  0.000D+00  0.000D+00
 -19.36206  0.000D+00  0.000D+00  0.000D+00  0.000D+00  0.000D+00  0.000D+00  0.000D+00  0.000D+00  0.000D+00
 -19.33068  0.000D+00  0.000D+00  0.000D+00  0.000D+00  0.000D+00  0.000D+00  0.000D+00  0.000D+00  0.000D+00
 -19.29929  0.000D+00  0.000D+00  0.000D+00  0.000D+00  0.000D+00  0.000D+00  0.000D+00  0.000D+00  0.000D+00
 -19.26791  0.000D+00  0.000D+00  0.000D+00  0.000D+00  0.000D+00  0.000D+00  0.000D+00  0.000D+00  0.000D+00
 -19.23652  0.000D+00  0.000D+00  0.000D+00  0.000D+00  0.000D+00  0.000D+00  0.000D+00  0.000D+00  0.000D+00
 -19.20514  0.000D+00  0.000D+00  0.000D+00  0.000D+00  0.000D+00  0.000D+00  0.000D+00  0.000D+00  0.000D+00
 -19.17375  0.000D+00  0.000D+00  0.000D+00  0.000D+00  0.000D+00  0.000D+00  0.000D+00  0.000D+00  0.000D+00
 -19.14237  0.000D+00  0.000D+00  0.000D+00  0.000D+00  0.000D+00  0.000D+00  0.000D+00  0.000D+00  0.000D+00
 -19.11098  0.000D+00  0.000D+00  0.000D+00  0.000D+00  0.000D+00  0.000D+00  0.000D+00  0.000D+00  0.000D+00
 -19.07960  0.000D+00  0.000D+00  0.000D+00  0.000D+00  0.000D+00  0.000D+00  0.000D+00  0.000D+00  0.000D+00
 -19.04821  0.000D+00  0.000D+00  0.000D+00  0.000D+00  0.000D+00  0.000D+00  0.000D+00  0.000D+00  0.000D+00
 -19.01683  0.000D+00  0.000D+00  0.000D+00  0.000D+00  0.000D+00  0.000D+00  0.000D+00  0.000D+00  0.000D+00
 -18.98545  0.000D+00  0.000D+00  0.000D+00  0.000D+00  0.000D+00  0.000D+00  0.000D+00  0.000D+00  0.000D+00
 -18.95406  0.000D+00  0.000D+00  0.000D+00  0.000D+00  0.000D+00  0.000D+00  0.000D+00  0.000D+00  0.000D+00
 -18.92268  0.000D+00  0.000D+00  0.000D+00  0.000D+00  0.000D+00  0.000D+00  0.000D+00  0.000D+00  0.000D+00
 -18.89129  0.000D+00  0.000D+00  0.000D+00  0.000D+00  0.000D+00  0.000D+00  0.000D+00  0.000D+00  0.000D+00
 -18.85991  0.000D+00  0.000D+00  0.000D+00  0.000D+00  0.000D+00  0.000D+00  0.000D+00  0.000D+00  0.000D+00
 -18.82852  0.000D+00  0.000D+00  0.000D+00  0.000D+00  0.000D+00  0.000D+00  0.000D+00  0.000D+00  0.000D+00
 -18.79714  0.000D+00  0.000D+00  0.000D+00  0.000D+00  0.000D+00  0.000D+00  0.000D+00  0.000D+00  0.000D+00
 -18.76575  0.000D+00  0.000D+00  0.000D+00  0.000D+00  0.000D+00  0.000D+00  0.000D+00  0.000D+00  0.000D+00
 -18.73437  0.000D+00  0.000D+00  0.000D+00  0.000D+00  0.000D+00  0.000D+00  0.000D+00  0.000D+00  0.000D+00
 -18.70298  0.000D+00  0.000D+00  0.000D+00  0.000D+00  0.000D+00  0.000D+00  0.000D+00  0.000D+00  0.000D+00
 -18.67160  0.000D+00  0.000D+00  0.000D+00  0.000D+00  0.000D+00  0.000D+00  0.000D+00  0.000D+00  0.000D+00
 -18.64021  0.000D+00  0.000D+00  0.000D+00  0.000D+00  0.000D+00  0.000D+00  0.000D+00  0.000D+00  0.000D+00
 -18.60883  0.000D+00  0.000D+00  0.000D+00  0.000D+00  0.000D+00  0.000D+00  0.000D+00  0.000D+00  0.000D+00
 -18.57745  0.000D+00  0.000D+00  0.000D+00  0.000D+00  0.000D+00  0.000D+00  0.000D+00  0.000D+00  0.000D+00
 -18.54606  0.000D+00  0.000D+00  0.000D+00  0.000D+00  0.000D+00  0.000D+00  0.000D+00  0.000D+00  0.000D+00
 -18.51468  0.000D+00  0.000D+00  0.000D+00  0.000D+00  0.000D+00  0.000D+00  0.000D+00  0.000D+00  0.000D+00
 -18.48329  0.000D+00  0.000D+00  0.000D+00  0.000D+00  0.000D+00  0.000D+00  0.000D+00  0.000D+00  0.000D+00
 -18.45191  0.000D+00  0.000D+00  0.000D+00  0.000D+00  0.000D+00  0.000D+00  0.000D+00  0.000D+00  0.000D+00
 -18.42052  0.000D+00  0.000D+00  0.000D+00  0.000D+00  0.000D+00  0.000D+00  0.000D+00  0.000D+00  0.000D+00
 -18.38914  0.000D+00  0.000D+00  0.000D+00  0.000D+00  0.000D+00  0.000D+00  0.000D+00  0.000D+00  0.000D+00
 -18.35775  0.000D+00  0.000D+00  0.000D+00  0.000D+00  0.000D+00  0.000D+00  0.000D+00  0.000D+00  0.000D+00
 -18.32637  0.000D+00  0.000D+00  0.000D+00  0.000D+00  0.000D+00  0.000D+00  0.000D+00  0.000D+00  0.000D+00
 -18.29498  0.000D+00  0.000D+00  0.000D+00  0.000D+00  0.000D+00  0.000D+00  0.000D+00  0.000D+00  0.000D+00
 -18.26360  0.000D+00  0.000D+00  0.000D+00  0.000D+00  0.000D+00  0.000D+00  0.000D+00  0.000D+00  0.000D+00
 -18.23221  0.000D+00  0.000D+00  0.000D+00  0.000D+00  0.000D+00  0.000D+00  0.000D+00  0.000D+00  0.000D+00
 -18.20083  0.000D+00  0.000D+00  0.000D+00  0.000D+00  0.000D+00  0.000D+00  0.000D+00  0.000D+00  0.000D+00
 -18.16945  0.000D+00  0.000D+00  0.000D+00  0.000D+00  0.000D+00  0.000D+00  0.000D+00  0.000D+00  0.000D+00
 -18.13806  0.000D+00  0.000D+00  0.000D+00  0.000D+00  0.000D+00  0.000D+00  0.000D+00  0.000D+00  0.000D+00
 -18.10668  0.000D+00  0.000D+00  0.000D+00  0.000D+00  0.000D+00  0.000D+00  0.000D+00  0.000D+00  0.000D+00
 -18.07529  0.000D+00  0.000D+00  0.000D+00  0.000D+00  0.000D+00  0.000D+00  0.000D+00  0.000D+00  0.000D+00
 -18.04391  0.000D+00  0.000D+00  0.000D+00  0.000D+00  0.000D+00  0.000D+00  0.000D+00  0.000D+00  0.000D+00
 -18.01252  0.000D+00  0.000D+00  0.000D+00  0.000D+00  0.000D+00  0.000D+00  0.000D+00  0.000D+00  0.000D+00
 -17.98114  0.000D+00  0.000D+00  0.000D+00  0.000D+00  0.000D+00  0.000D+00  0.000D+00  0.000D+00  0.000D+00
 -17.94975  0.000D+00  0.000D+00  0.000D+00  0.000D+00  0.000D+00  0.000D+00  0.000D+00  0.000D+00  0.000D+00
 -17.91837  0.000D+00  0.000D+00  0.000D+00  0.000D+00  0.000D+00  0.000D+00  0.000D+00  0.000D+00  0.000D+00
 -17.88698  0.000D+00  0.000D+00  0.000D+00  0.000D+00  0.000D+00  0.000D+00  0.000D+00  0.000D+00  0.000D+00
 -17.85560  0.000D+00  0.000D+00  0.000D+00  0.000D+00  0.000D+00  0.000D+00  0.000D+00  0.000D+00  0.000D+00
 -17.82421  0.000D+00  0.000D+00  0.000D+00  0.000D+00  0.000D+00  0.000D+00  0.000D+00  0.000D+00  0.000D+00
 -17.79283  0.000D+00  0.000D+00  0.000D+00  0.000D+00  0.000D+00  0.000D+00  0.000D+00  0.000D+00  0.000D+00
 -17.76145  0.000D+00  0.000D+00  0.000D+00  0.000D+00  0.000D+00  0.000D+00  0.000D+00  0.000D+00  0.000D+00
 -17.73006  0.000D+00  0.000D+00  0.000D+00  0.000D+00  0.000D+00  0.000D+00  0.000D+00  0.000D+00  0.000D+00
 -17.69868  0.000D+00  0.000D+00  0.000D+00  0.000D+00  0.000D+00  0.000D+00  0.000D+00  0.000D+00  0.000D+00
 -17.66729  0.000D+00  0.000D+00  0.000D+00  0.000D+00  0.000D+00  0.000D+00  0.000D+00  0.000D+00  0.000D+00
 -17.63591  0.000D+00  0.000D+00  0.000D+00  0.000D+00  0.000D+00  0.000D+00  0.000D+00  0.000D+00  0.000D+00
 -17.60452  0.000D+00  0.000D+00  0.000D+00  0.000D+00  0.000D+00  0.000D+00  0.000D+00  0.000D+00  0.000D+00
 -17.57314  0.000D+00  0.000D+00  0.000D+00  0.000D+00  0.000D+00  0.000D+00  0.000D+00  0.000D+00  0.000D+00
 -17.54175  0.000D+00  0.000D+00  0.000D+00  0.000D+00  0.000D+00  0.000D+00  0.000D+00  0.000D+00  0.000D+00
 -17.51037  0.000D+00  0.000D+00  0.000D+00  0.000D+00  0.000D+00  0.000D+00  0.000D+00  0.000D+00  0.000D+00
 -17.47898  0.000D+00  0.000D+00  0.000D+00  0.000D+00  0.000D+00  0.000D+00  0.000D+00  0.000D+00  0.000D+00
 -17.44760  0.000D+00  0.000D+00  0.000D+00  0.000D+00  0.000D+00  0.000D+00  0.000D+00  0.000D+00  0.000D+00
 -17.41621  0.000D+00  0.000D+00  0.000D+00  0.000D+00  0.000D+00  0.000D+00  0.000D+00  0.000D+00  0.000D+00
 -17.38483  0.000D+00  0.000D+00  0.000D+00  0.000D+00  0.000D+00  0.000D+00  0.000D+00  0.000D+00  0.000D+00
 -17.35345  0.000D+00  0.000D+00  0.000D+00  0.000D+00  0.000D+00  0.000D+00  0.000D+00  0.000D+00  0.000D+00
 -17.32206  0.000D+00  0.000D+00  0.000D+00  0.000D+00  0.000D+00  0.000D+00  0.000D+00  0.000D+00  0.000D+00
 -17.29068  0.000D+00  0.000D+00  0.000D+00  0.000D+00  0.000D+00  0.000D+00  0.000D+00  0.000D+00  0.000D+00
 -17.25929  0.000D+00  0.000D+00  0.000D+00  0.000D+00  0.000D+00  0.000D+00  0.000D+00  0.000D+00  0.000D+00
 -17.22791  0.000D+00  0.000D+00  0.000D+00  0.000D+00  0.000D+00  0.000D+00  0.000D+00  0.000D+00  0.000D+00
 -17.19652  0.000D+00  0.000D+00  0.000D+00  0.000D+00  0.000D+00  0.000D+00  0.000D+00  0.000D+00  0.000D+00
 -17.16514  0.000D+00  0.000D+00  0.000D+00  0.000D+00  0.000D+00  0.000D+00  0.000D+00  0.000D+00  0.000D+00
 -17.13375  0.000D+00  0.000D+00  0.000D+00  0.000D+00  0.000D+00  0.000D+00  0.000D+00  0.000D+00  0.000D+00
 -17.10237  0.000D+00  0.000D+00  0.000D+00  0.000D+00  0.000D+00  0.000D+00  0.000D+00  0.000D+00  0.000D+00
 -17.07098  0.000D+00  0.000D+00  0.000D+00  0.000D+00  0.000D+00  0.000D+00  0.000D+00  0.000D+00  0.000D+00
 -17.03960  0.000D+00  0.000D+00  0.000D+00  0.000D+00  0.000D+00  0.000D+00  0.000D+00  0.000D+00  0.000D+00
 -17.00821  0.000D+00  0.000D+00  0.000D+00  0.000D+00  0.000D+00  0.000D+00  0.000D+00  0.000D+00  0.000D+00
 -16.97683  0.000D+00  0.000D+00  0.000D+00  0.000D+00  0.000D+00  0.000D+00  0.000D+00  0.000D+00  0.000D+00
 -16.94545  0.000D+00  0.000D+00  0.000D+00  0.000D+00  0.000D+00  0.000D+00  0.000D+00  0.000D+00  0.000D+00
 -16.91406  0.000D+00  0.000D+00  0.000D+00  0.000D+00  0.000D+00  0.000D+00  0.000D+00  0.000D+00  0.000D+00
 -16.88268  0.000D+00  0.000D+00  0.000D+00  0.000D+00  0.000D+00  0.000D+00  0.000D+00  0.000D+00  0.000D+00
 -16.85129  0.000D+00  0.000D+00  0.000D+00  0.000D+00  0.000D+00  0.000D+00  0.000D+00  0.000D+00  0.000D+00
 -16.81991  0.000D+00  0.000D+00  0.000D+00  0.000D+00  0.000D+00  0.000D+00  0.000D+00  0.000D+00  0.000D+00
 -16.78852  0.000D+00  0.000D+00  0.000D+00  0.000D+00  0.000D+00  0.000D+00  0.000D+00  0.000D+00  0.000D+00
 -16.75714  0.000D+00  0.000D+00  0.000D+00  0.000D+00  0.000D+00  0.000D+00  0.000D+00  0.000D+00  0.000D+00
 -16.72575  0.000D+00  0.000D+00  0.000D+00  0.000D+00  0.000D+00  0.000D+00  0.000D+00  0.000D+00  0.000D+00
 -16.69437  0.000D+00  0.000D+00  0.000D+00  0.000D+00  0.000D+00  0.000D+00  0.000D+00  0.000D+00  0.000D+00
 -16.66298  0.000D+00  0.000D+00  0.000D+00  0.000D+00  0.000D+00  0.000D+00  0.000D+00  0.000D+00  0.000D+00
 -16.63160  0.000D+00  0.000D+00  0.000D+00  0.000D+00  0.000D+00  0.000D+00  0.000D+00  0.000D+00  0.000D+00
 -16.60021  0.000D+00  0.000D+00  0.000D+00  0.000D+00  0.000D+00  0.000D+00  0.000D+00  0.000D+00  0.000D+00
 -16.56883  0.000D+00  0.000D+00  0.000D+00  0.000D+00  0.000D+00  0.000D+00  0.000D+00  0.000D+00  0.000D+00
 -16.53745  0.000D+00  0.000D+00  0.000D+00  0.000D+00  0.000D+00  0.000D+00  0.000D+00  0.000D+00  0.000D+00
 -16.50606  0.000D+00  0.000D+00  0.000D+00  0.000D+00  0.000D+00  0.000D+00  0.000D+00  0.000D+00  0.000D+00
 -16.47468  0.000D+00  0.000D+00  0.000D+00  0.000D+00  0.000D+00  0.000D+00  0.000D+00  0.000D+00  0.000D+00
 -16.44329  0.000D+00  0.000D+00  0.000D+00  0.000D+00  0.000D+00  0.000D+00  0.000D+00  0.000D+00  0.000D+00
 -16.41191  0.000D+00  0.000D+00  0.000D+00  0.000D+00  0.000D+00  0.000D+00  0.000D+00  0.000D+00  0.000D+00
 -16.38052  0.000D+00  0.000D+00  0.000D+00  0.000D+00  0.000D+00  0.000D+00  0.000D+00  0.000D+00  0.000D+00
 -16.34914  0.000D+00  0.000D+00  0.000D+00  0.000D+00  0.000D+00  0.000D+00  0.000D+00  0.000D+00  0.000D+00
 -16.31775  0.000D+00  0.000D+00  0.000D+00  0.000D+00  0.000D+00  0.000D+00  0.000D+00  0.000D+00  0.000D+00
 -16.28637  0.000D+00  0.000D+00  0.000D+00  0.000D+00  0.000D+00  0.000D+00  0.000D+00  0.000D+00  0.000D+00
 -16.25498  0.000D+00  0.000D+00  0.000D+00  0.000D+00  0.000D+00  0.000D+00  0.000D+00  0.000D+00  0.000D+00
 -16.22360  0.000D+00  0.000D+00  0.000D+00  0.000D+00  0.000D+00  0.000D+00  0.000D+00  0.000D+00  0.000D+00
 -16.19221  0.000D+00  0.000D+00  0.000D+00  0.000D+00  0.000D+00  0.000D+00  0.000D+00  0.000D+00  0.000D+00
 -16.16083  0.000D+00  0.000D+00  0.000D+00  0.000D+00  0.000D+00  0.000D+00  0.000D+00  0.000D+00  0.000D+00
 -16.12945  0.000D+00  0.000D+00  0.000D+00  0.000D+00  0.000D+00  0.000D+00  0.000D+00  0.000D+00  0.000D+00
 -16.09806  0.000D+00  0.000D+00  0.000D+00  0.000D+00  0.000D+00  0.000D+00  0.000D+00  0.000D+00  0.000D+00
 -16.06668  0.000D+00  0.000D+00  0.000D+00  0.000D+00  0.000D+00  0.000D+00  0.000D+00  0.000D+00  0.000D+00
 -16.03529  0.000D+00  0.000D+00  0.000D+00  0.000D+00  0.000D+00  0.000D+00  0.000D+00  0.000D+00  0.000D+00
 -16.00391  0.000D+00  0.000D+00  0.000D+00  0.000D+00  0.000D+00  0.000D+00  0.000D+00  0.000D+00  0.000D+00
 -15.97252  0.000D+00  0.000D+00  0.000D+00  0.000D+00  0.000D+00  0.000D+00  0.000D+00  0.000D+00  0.000D+00
 -15.94114  0.000D+00  0.000D+00  0.000D+00  0.000D+00  0.000D+00  0.000D+00  0.000D+00  0.000D+00  0.000D+00
 -15.90975  0.000D+00  0.000D+00  0.000D+00  0.000D+00  0.000D+00  0.000D+00  0.000D+00  0.000D+00  0.000D+00
 -15.87837  0.000D+00  0.000D+00  0.000D+00  0.000D+00  0.000D+00  0.000D+00  0.000D+00  0.000D+00  0.000D+00
 -15.84698  0.000D+00  0.000D+00  0.000D+00  0.000D+00  0.000D+00  0.000D+00  0.000D+00  0.000D+00  0.000D+00
 -15.81560  0.000D+00  0.000D+00  0.000D+00  0.000D+00  0.000D+00  0.000D+00  0.000D+00  0.000D+00  0.000D+00
 -15.78421  0.000D+00  0.000D+00  0.000D+00  0.000D+00  0.000D+00  0.000D+00  0.000D+00  0.000D+00  0.000D+00
 -15.75283  0.000D+00  0.000D+00  0.000D+00  0.000D+00  0.000D+00  0.000D+00  0.000D+00  0.000D+00  0.000D+00
 -15.72145  0.000D+00  0.000D+00  0.000D+00  0.000D+00  0.000D+00  0.000D+00  0.000D+00  0.000D+00  0.000D+00
 -15.69006  0.000D+00  0.000D+00  0.000D+00  0.000D+00  0.000D+00  0.000D+00  0.000D+00  0.000D+00  0.000D+00
 -15.65868  0.000D+00  0.000D+00  0.000D+00  0.000D+00  0.000D+00  0.000D+00  0.000D+00  0.000D+00  0.000D+00
 -15.62729  0.000D+00  0.000D+00  0.000D+00  0.000D+00  0.000D+00  0.000D+00  0.000D+00  0.000D+00  0.000D+00
 -15.59591  0.000D+00  0.000D+00  0.000D+00  0.000D+00  0.000D+00  0.000D+00  0.000D+00  0.000D+00  0.000D+00
 -15.56452  0.000D+00  0.000D+00  0.000D+00  0.000D+00  0.000D+00  0.000D+00  0.000D+00  0.000D+00  0.000D+00
 -15.53314  0.000D+00  0.000D+00  0.000D+00  0.000D+00  0.000D+00  0.000D+00  0.000D+00  0.000D+00  0.000D+00
 -15.50175  0.000D+00  0.000D+00  0.000D+00  0.000D+00  0.000D+00  0.000D+00  0.000D+00  0.000D+00  0.000D+00
 -15.47037  0.000D+00  0.000D+00  0.000D+00  0.000D+00  0.000D+00  0.000D+00  0.000D+00  0.000D+00  0.000D+00
 -15.43898  0.000D+00  0.000D+00  0.000D+00  0.000D+00  0.000D+00  0.000D+00  0.000D+00  0.000D+00  0.000D+00
 -15.40760  0.000D+00  0.000D+00  0.000D+00  0.000D+00  0.000D+00  0.000D+00  0.000D+00  0.000D+00  0.000D+00
 -15.37621  0.000D+00  0.000D+00  0.000D+00  0.000D+00  0.000D+00  0.000D+00  0.000D+00  0.000D+00  0.000D+00
 -15.34483  0.000D+00  0.000D+00  0.000D+00  0.000D+00  0.000D+00  0.000D+00  0.000D+00  0.000D+00  0.000D+00
 -15.31345  0.000D+00  0.000D+00  0.000D+00  0.000D+00  0.000D+00  0.000D+00  0.000D+00  0.000D+00  0.000D+00
 -15.28206  0.000D+00  0.000D+00  0.000D+00  0.000D+00  0.000D+00  0.000D+00  0.000D+00  0.000D+00  0.000D+00
 -15.25068  0.000D+00  0.000D+00  0.000D+00  0.000D+00  0.000D+00  0.000D+00  0.000D+00  0.000D+00  0.000D+00
 -15.21929  0.000D+00  0.000D+00  0.000D+00  0.000D+00  0.000D+00  0.000D+00  0.000D+00  0.000D+00  0.000D+00
 -15.18791  0.000D+00  0.000D+00  0.000D+00  0.000D+00  0.000D+00  0.000D+00  0.000D+00  0.000D+00  0.000D+00
 -15.15652  0.000D+00  0.000D+00  0.000D+00  0.000D+00  0.000D+00  0.000D+00  0.000D+00  0.000D+00  0.000D+00
 -15.12514  0.000D+00  0.000D+00  0.000D+00  0.000D+00  0.000D+00  0.000D+00  0.000D+00  0.000D+00  0.000D+00
 -15.09375  0.000D+00  0.000D+00  0.000D+00  0.000D+00  0.000D+00  0.000D+00  0.000D+00  0.000D+00  0.000D+00
 -15.06237  0.000D+00  0.000D+00  0.000D+00  0.000D+00  0.000D+00  0.000D+00  0.000D+00  0.000D+00  0.000D+00
 -15.03098  0.000D+00  0.000D+00  0.000D+00  0.000D+00  0.000D+00  0.000D+00  0.000D+00  0.000D+00  0.000D+00
 -14.99960  0.000D+00  0.000D+00  0.000D+00  0.000D+00  0.000D+00  0.000D+00  0.000D+00  0.000D+00  0.000D+00
 -14.96821  0.000D+00  0.000D+00  0.000D+00  0.000D+00  0.000D+00  0.000D+00  0.000D+00  0.000D+00  0.000D+00
 -14.93683  0.000D+00  0.000D+00  0.000D+00  0.000D+00  0.000D+00  0.000D+00  0.000D+00  0.000D+00  0.000D+00
 -14.90545  0.000D+00  0.000D+00  0.000D+00  0.000D+00  0.000D+00  0.000D+00  0.000D+00  0.000D+00  0.000D+00
 -14.87406  0.000D+00  0.000D+00  0.000D+00  0.000D+00  0.000D+00  0.000D+00  0.000D+00  0.000D+00  0.000D+00
 -14.84268  0.000D+00  0.000D+00  0.000D+00  0.000D+00  0.000D+00  0.000D+00  0.000D+00  0.000D+00  0.000D+00
 -14.81129  0.000D+00  0.000D+00  0.000D+00  0.000D+00  0.000D+00  0.000D+00  0.000D+00  0.000D+00  0.000D+00
 -14.77991  0.000D+00  0.000D+00  0.000D+00  0.000D+00  0.000D+00  0.000D+00  0.000D+00  0.000D+00  0.000D+00
 -14.74852  0.000D+00  0.000D+00  0.000D+00  0.000D+00  0.000D+00  0.000D+00  0.000D+00  0.000D+00  0.000D+00
 -14.71714  0.000D+00  0.000D+00  0.000D+00  0.000D+00  0.000D+00  0.000D+00  0.000D+00  0.000D+00  0.000D+00
 -14.68575  0.000D+00  0.000D+00  0.000D+00  0.000D+00  0.000D+00  0.000D+00  0.000D+00  0.000D+00  0.000D+00
 -14.65437  0.000D+00  0.000D+00  0.000D+00  0.000D+00  0.000D+00  0.000D+00  0.000D+00  0.000D+00  0.000D+00
 -14.62298  0.000D+00  0.000D+00  0.000D+00  0.000D+00  0.000D+00  0.000D+00  0.000D+00  0.000D+00  0.000D+00
 -14.59160  0.000D+00  0.000D+00  0.000D+00  0.000D+00  0.000D+00  0.000D+00  0.000D+00  0.000D+00  0.000D+00
 -14.56021  0.000D+00  0.000D+00  0.000D+00  0.000D+00  0.000D+00  0.000D+00  0.000D+00  0.000D+00  0.000D+00
 -14.52883  0.000D+00  0.000D+00  0.000D+00  0.000D+00  0.000D+00  0.000D+00  0.000D+00  0.000D+00  0.000D+00
 -14.49745  0.000D+00  0.000D+00  0.000D+00  0.000D+00  0.000D+00  0.000D+00  0.000D+00  0.000D+00  0.000D+00
 -14.46606  0.000D+00  0.000D+00  0.000D+00  0.000D+00  0.000D+00  0.000D+00  0.000D+00  0.000D+00  0.000D+00
 -14.43468  0.000D+00  0.000D+00  0.000D+00  0.000D+00  0.000D+00  0.000D+00  0.000D+00  0.000D+00  0.000D+00
 -14.40329  0.000D+00  0.000D+00  0.000D+00  0.000D+00  0.000D+00  0.000D+00  0.000D+00  0.000D+00  0.000D+00
 -14.37191  0.000D+00  0.000D+00  0.000D+00  0.000D+00  0.000D+00  0.000D+00  0.000D+00  0.000D+00  0.000D+00
 -14.34052  0.000D+00  0.000D+00  0.000D+00  0.000D+00  0.000D+00  0.000D+00  0.000D+00  0.000D+00  0.000D+00
 -14.30914  0.000D+00  0.000D+00  0.000D+00  0.000D+00  0.000D+00  0.000D+00  0.000D+00  0.000D+00  0.000D+00
 -14.27775  0.000D+00  0.000D+00  0.000D+00  0.000D+00  0.000D+00  0.000D+00  0.000D+00  0.000D+00  0.000D+00
 -14.24637  0.000D+00  0.000D+00  0.000D+00  0.000D+00  0.000D+00  0.000D+00  0.000D+00  0.000D+00  0.000D+00
 -14.21498  0.000D+00  0.000D+00  0.000D+00  0.000D+00  0.000D+00  0.000D+00  0.000D+00  0.000D+00  0.000D+00
 -14.18360  0.000D+00  0.000D+00  0.000D+00  0.000D+00  0.000D+00  0.000D+00  0.000D+00  0.000D+00  0.000D+00
 -14.15221  0.000D+00  0.000D+00  0.000D+00  0.000D+00  0.000D+00  0.000D+00  0.000D+00  0.000D+00  0.000D+00
 -14.12083  0.000D+00  0.000D+00  0.000D+00  0.000D+00  0.000D+00  0.000D+00  0.000D+00  0.000D+00  0.000D+00
 -14.08945  0.000D+00  0.000D+00  0.000D+00  0.000D+00  0.000D+00  0.000D+00  0.000D+00  0.000D+00  0.000D+00
 -14.05806  0.000D+00  0.000D+00  0.000D+00  0.000D+00  0.000D+00  0.000D+00  0.000D+00  0.000D+00  0.000D+00
 -14.02668  0.000D+00  0.000D+00  0.000D+00  0.000D+00  0.000D+00  0.000D+00  0.000D+00  0.000D+00  0.000D+00
 -13.99529  0.000D+00  0.000D+00  0.000D+00  0.000D+00  0.000D+00  0.000D+00  0.000D+00  0.000D+00  0.000D+00
 -13.96391  0.000D+00  0.000D+00  0.000D+00  0.000D+00  0.000D+00  0.000D+00  0.000D+00  0.000D+00  0.000D+00
 -13.93252  0.000D+00  0.000D+00  0.000D+00  0.000D+00  0.000D+00  0.000D+00  0.000D+00  0.000D+00  0.000D+00
 -13.90114  0.000D+00  0.000D+00  0.000D+00  0.000D+00  0.000D+00  0.000D+00  0.000D+00  0.000D+00  0.000D+00
 -13.86975  0.000D+00  0.000D+00  0.000D+00  0.000D+00  0.000D+00  0.000D+00  0.000D+00  0.000D+00  0.000D+00
 -13.83837  0.000D+00  0.000D+00  0.000D+00  0.000D+00  0.000D+00  0.000D+00  0.000D+00  0.000D+00  0.000D+00
 -13.80698  0.000D+00  0.000D+00  0.000D+00  0.000D+00  0.000D+00  0.000D+00  0.000D+00  0.000D+00  0.000D+00
 -13.77560  0.000D+00  0.000D+00  0.000D+00  0.000D+00  0.000D+00  0.000D+00  0.000D+00  0.000D+00  0.000D+00
 -13.74421  0.000D+00  0.000D+00  0.000D+00  0.000D+00  0.000D+00  0.000D+00  0.000D+00  0.000D+00  0.000D+00
 -13.71283  0.000D+00  0.000D+00  0.000D+00  0.000D+00  0.000D+00  0.000D+00  0.000D+00  0.000D+00  0.000D+00
 -13.68145  0.000D+00  0.000D+00  0.000D+00  0.000D+00  0.000D+00  0.000D+00  0.000D+00  0.000D+00  0.000D+00
 -13.65006  0.000D+00  0.000D+00  0.000D+00  0.000D+00  0.000D+00  0.000D+00  0.000D+00  0.000D+00  0.000D+00
 -13.61868  0.000D+00  0.000D+00  0.000D+00  0.000D+00  0.000D+00  0.000D+00  0.000D+00  0.000D+00  0.000D+00
 -13.58729  0.000D+00  0.000D+00  0.000D+00  0.000D+00  0.000D+00  0.000D+00  0.000D+00  0.000D+00  0.000D+00
 -13.55591  0.000D+00  0.000D+00  0.000D+00  0.000D+00  0.000D+00  0.000D+00  0.000D+00  0.000D+00  0.000D+00
 -13.52452  0.000D+00  0.000D+00  0.000D+00  0.000D+00  0.000D+00  0.000D+00  0.000D+00  0.000D+00  0.000D+00
 -13.49314  0.000D+00  0.000D+00  0.000D+00  0.000D+00  0.000D+00  0.000D+00  0.000D+00  0.000D+00  0.000D+00
 -13.46175  0.000D+00  0.000D+00  0.000D+00  0.000D+00  0.000D+00  0.000D+00  0.000D+00  0.000D+00  0.000D+00
 -13.43037  0.000D+00  0.000D+00  0.000D+00  0.000D+00  0.000D+00  0.000D+00  0.000D+00  0.000D+00  0.000D+00
 -13.39898  0.000D+00  0.000D+00  0.000D+00  0.000D+00  0.000D+00  0.000D+00  0.000D+00  0.000D+00  0.000D+00
 -13.36760  0.000D+00  0.000D+00  0.000D+00  0.000D+00  0.000D+00  0.000D+00  0.000D+00  0.000D+00  0.000D+00
 -13.33621  0.000D+00  0.000D+00  0.000D+00  0.000D+00  0.000D+00  0.000D+00  0.000D+00  0.000D+00  0.000D+00
 -13.30483  0.000D+00  0.000D+00  0.000D+00  0.000D+00  0.000D+00  0.000D+00  0.000D+00  0.000D+00  0.000D+00
 -13.27345  0.000D+00  0.000D+00  0.000D+00  0.000D+00  0.000D+00  0.000D+00  0.000D+00  0.000D+00  0.000D+00
 -13.24206  0.000D+00  0.000D+00  0.000D+00  0.000D+00  0.000D+00  0.000D+00  0.000D+00  0.000D+00  0.000D+00
 -13.21068  0.000D+00  0.000D+00  0.000D+00  0.000D+00  0.000D+00  0.000D+00  0.000D+00  0.000D+00  0.000D+00
 -13.17929  0.000D+00  0.000D+00  0.000D+00  0.000D+00  0.000D+00  0.000D+00  0.000D+00  0.000D+00  0.000D+00
 -13.14791  0.000D+00  0.000D+00  0.000D+00  0.000D+00  0.000D+00  0.000D+00  0.000D+00  0.000D+00  0.000D+00
 -13.11652  0.000D+00  0.000D+00  0.000D+00  0.000D+00  0.000D+00  0.000D+00  0.000D+00  0.000D+00  0.000D+00
 -13.08514  0.000D+00  0.000D+00  0.000D+00  0.000D+00  0.000D+00  0.000D+00  0.000D+00  0.000D+00  0.000D+00
 -13.05375  0.000D+00  0.000D+00  0.000D+00  0.000D+00  0.000D+00  0.000D+00  0.000D+00  0.000D+00  0.000D+00
 -13.02237  0.000D+00  0.000D+00  0.000D+00  0.000D+00  0.000D+00  0.000D+00  0.000D+00  0.000D+00  0.000D+00
 -12.99098  0.000D+00  0.000D+00  0.000D+00  0.000D+00  0.000D+00  0.000D+00  0.000D+00  0.000D+00  0.000D+00
 -12.95960  0.000D+00  0.000D+00  0.000D+00  0.000D+00  0.000D+00  0.000D+00  0.000D+00  0.000D+00  0.000D+00
 -12.92821  0.000D+00  0.000D+00  0.000D+00  0.000D+00  0.000D+00  0.000D+00  0.000D+00  0.000D+00  0.000D+00
 -12.89683  0.000D+00  0.000D+00  0.000D+00  0.000D+00  0.000D+00  0.000D+00  0.000D+00  0.000D+00  0.000D+00
 -12.86545  0.000D+00  0.000D+00  0.000D+00  0.000D+00  0.000D+00  0.000D+00  0.000D+00  0.000D+00  0.000D+00
 -12.83406  0.000D+00  0.000D+00  0.000D+00  0.000D+00  0.000D+00  0.000D+00  0.000D+00  0.000D+00  0.000D+00
 -12.80268  0.000D+00  0.000D+00  0.000D+00  0.000D+00  0.000D+00  0.000D+00  0.000D+00  0.000D+00  0.000D+00
 -12.77129  0.000D+00  0.000D+00  0.000D+00  0.000D+00  0.000D+00  0.000D+00  0.000D+00  0.000D+00  0.000D+00
 -12.73991  0.000D+00  0.000D+00  0.000D+00  0.000D+00  0.000D+00  0.000D+00  0.000D+00  0.000D+00  0.000D+00
 -12.70852  0.000D+00  0.000D+00  0.000D+00  0.000D+00  0.000D+00  0.000D+00  0.000D+00  0.000D+00  0.000D+00
 -12.67714  0.000D+00  0.000D+00  0.000D+00  0.000D+00  0.000D+00  0.000D+00  0.000D+00  0.000D+00  0.000D+00
 -12.64575  0.000D+00  0.000D+00  0.000D+00  0.000D+00  0.000D+00  0.000D+00  0.000D+00  0.000D+00  0.000D+00
 -12.61437  0.000D+00  0.000D+00  0.000D+00  0.000D+00  0.000D+00  0.000D+00  0.000D+00  0.000D+00  0.000D+00
 -12.58298  0.000D+00  0.000D+00  0.000D+00  0.000D+00  0.000D+00  0.000D+00  0.000D+00  0.000D+00  0.000D+00
 -12.55160  0.000D+00  0.000D+00  0.000D+00  0.000D+00  0.000D+00  0.000D+00  0.000D+00  0.000D+00  0.000D+00
 -12.52021  0.000D+00  0.000D+00  0.000D+00  0.000D+00  0.000D+00  0.000D+00  0.000D+00  0.000D+00  0.000D+00
 -12.48883  0.000D+00  0.000D+00  0.000D+00  0.000D+00  0.000D+00  0.000D+00  0.000D+00  0.000D+00  0.000D+00
 -12.45745  0.000D+00  0.000D+00  0.000D+00  0.000D+00  0.000D+00  0.000D+00  0.000D+00  0.000D+00  0.000D+00
 -12.42606  0.000D+00  0.000D+00  0.000D+00  0.000D+00  0.000D+00  0.000D+00  0.000D+00  0.000D+00  0.000D+00
 -12.39468  0.000D+00  0.000D+00  0.000D+00  0.000D+00  0.000D+00  0.000D+00  0.000D+00  0.000D+00  0.000D+00
 -12.36329  0.000D+00  0.000D+00  0.000D+00  0.000D+00  0.000D+00  0.000D+00  0.000D+00  0.000D+00  0.000D+00
 -12.33191  0.000D+00  0.000D+00  0.000D+00  0.000D+00  0.000D+00  0.000D+00  0.000D+00  0.000D+00  0.000D+00
 -12.30052  0.000D+00  0.000D+00  0.000D+00  0.000D+00  0.000D+00  0.000D+00  0.000D+00  0.000D+00  0.000D+00
 -12.26914  0.000D+00  0.000D+00  0.000D+00  0.000D+00  0.000D+00  0.000D+00  0.000D+00  0.000D+00  0.000D+00
 -12.23775  0.000D+00  0.000D+00  0.000D+00  0.000D+00  0.000D+00  0.000D+00  0.000D+00  0.000D+00  0.000D+00
 -12.20637  0.000D+00  0.000D+00  0.000D+00  0.000D+00  0.000D+00  0.000D+00  0.000D+00  0.000D+00  0.000D+00
 -12.17498  0.000D+00  0.000D+00  0.000D+00  0.000D+00  0.000D+00  0.000D+00  0.000D+00  0.000D+00  0.000D+00
 -12.14360  0.000D+00  0.000D+00  0.000D+00  0.000D+00  0.000D+00  0.000D+00  0.000D+00  0.000D+00  0.000D+00
 -12.11221  0.000D+00  0.000D+00  0.000D+00  0.000D+00  0.000D+00  0.000D+00  0.000D+00  0.000D+00  0.000D+00
 -12.08083  0.000D+00  0.000D+00  0.000D+00  0.000D+00  0.000D+00  0.000D+00  0.000D+00  0.000D+00  0.000D+00
 -12.04945  0.000D+00  0.000D+00  0.000D+00  0.000D+00  0.000D+00  0.000D+00  0.000D+00  0.000D+00  0.000D+00
 -12.01806  0.000D+00  0.000D+00  0.000D+00  0.000D+00  0.000D+00  0.000D+00  0.000D+00  0.000D+00  0.000D+00
 -11.98668  0.000D+00  0.000D+00  0.000D+00  0.000D+00  0.000D+00  0.000D+00  0.000D+00  0.000D+00  0.000D+00
 -11.95529  0.000D+00  0.000D+00  0.000D+00  0.000D+00  0.000D+00  0.000D+00  0.000D+00  0.000D+00  0.000D+00
 -11.92391  0.000D+00  0.000D+00  0.000D+00  0.000D+00  0.000D+00  0.000D+00  0.000D+00  0.000D+00  0.000D+00
 -11.89252  0.000D+00  0.000D+00  0.000D+00  0.000D+00  0.000D+00  0.000D+00  0.000D+00  0.000D+00  0.000D+00
 -11.86114  0.000D+00  0.000D+00  0.000D+00  0.000D+00  0.000D+00  0.000D+00  0.000D+00  0.000D+00  0.000D+00
 -11.82975  0.000D+00  0.000D+00  0.000D+00  0.000D+00  0.000D+00  0.000D+00  0.000D+00  0.000D+00  0.000D+00
 -11.79837  0.000D+00  0.000D+00  0.000D+00  0.000D+00  0.000D+00  0.000D+00  0.000D+00  0.000D+00  0.000D+00
 -11.76698  0.000D+00  0.000D+00  0.000D+00  0.000D+00  0.000D+00  0.000D+00  0.000D+00  0.000D+00  0.000D+00
 -11.73560  0.000D+00  0.000D+00  0.000D+00  0.000D+00  0.000D+00  0.000D+00  0.000D+00  0.000D+00  0.000D+00
 -11.70421  0.000D+00  0.000D+00  0.000D+00  0.000D+00  0.000D+00  0.000D+00  0.000D+00  0.000D+00  0.000D+00
 -11.67283  0.000D+00  0.000D+00  0.000D+00  0.000D+00  0.000D+00  0.000D+00  0.000D+00  0.000D+00  0.000D+00
 -11.64145  0.000D+00  0.000D+00  0.000D+00  0.000D+00  0.000D+00  0.000D+00  0.000D+00  0.000D+00  0.000D+00
 -11.61006  0.000D+00  0.000D+00  0.000D+00  0.000D+00  0.000D+00  0.000D+00  0.000D+00  0.000D+00  0.000D+00
 -11.57868  0.000D+00  0.000D+00  0.000D+00  0.000D+00  0.000D+00  0.000D+00  0.000D+00  0.000D+00  0.000D+00
 -11.54729  0.000D+00  0.000D+00  0.000D+00  0.000D+00  0.000D+00  0.000D+00  0.000D+00  0.000D+00  0.000D+00
 -11.51591  0.000D+00  0.000D+00  0.000D+00  0.000D+00  0.000D+00  0.000D+00  0.000D+00  0.000D+00  0.000D+00
 -11.48452  0.000D+00  0.000D+00  0.000D+00  0.000D+00  0.000D+00  0.000D+00  0.000D+00  0.000D+00  0.000D+00
 -11.45314  0.000D+00  0.000D+00  0.000D+00  0.000D+00  0.000D+00  0.000D+00  0.000D+00  0.000D+00  0.000D+00
 -11.42175  0.000D+00  0.000D+00  0.000D+00  0.000D+00  0.000D+00  0.000D+00  0.000D+00  0.000D+00  0.000D+00
 -11.39037  0.477D-09  0.210D-09  0.000D+00  0.000D+00  0.268D-09  0.266D-09  0.196D-11  0.135D-13  0.474D-17
 -11.35898  0.725D-09  0.319D-09  0.000D+00  0.000D+00  0.406D-09  0.403D-09  0.298D-11  0.204D-13  0.719D-17
 -11.32760  0.109D-08  0.481D-09  0.000D+00  0.000D+00  0.613D-09  0.608D-09  0.449D-11  0.308D-13  0.108D-16
 -11.29621  0.164D-08  0.721D-09  0.000D+00  0.000D+00  0.919D-09  0.912D-09  0.673D-11  0.462D-13  0.163D-16
 -11.26483  0.244D-08  0.107D-08  0.000D+00  0.000D+00  0.137D-08  0.136D-08  0.100D-10  0.689D-13  0.242D-16
 -11.23345  0.426D-08  0.187D-08  0.000D+00  0.000D+00  0.239D-08  0.236D-08  0.226D-10  0.319D-12  0.373D-15
 -11.20206  0.630D-08  0.277D-08  0.000D+00  0.000D+00  0.353D-08  0.350D-08  0.336D-10  0.480D-12  0.564D-15
 -11.17068  0.928D-08  0.408D-08  0.000D+00  0.000D+00  0.520D-08  0.515D-08  0.498D-10  0.717D-12  0.849D-15
 -11.13929  0.136D-07  0.597D-08  0.000D+00  0.000D+00  0.760D-08  0.753D-08  0.732D-10  0.107D-11  0.127D-14
 -11.10791  0.197D-07  0.868D-08  0.000D+00  0.000D+00  0.111D-07  0.110D-07  0.107D-09  0.158D-11  0.189D-14
 -11.07652  0.305D-07  0.134D-07  0.000D+00  0.000D+00  0.171D-07  0.169D-07  0.194D-09  0.399D-11  0.360D-14
 -11.04514  0.439D-07  0.193D-07  0.000D+00  0.000D+00  0.246D-07  0.243D-07  0.284D-09  0.592D-11  0.534D-14
 -11.01375  0.630D-07  0.277D-07  0.000D+00  0.000D+00  0.353D-07  0.349D-07  0.412D-09  0.874D-11  0.786D-14
 -10.98237  0.899D-07  0.395D-07  0.000D+00  0.000D+00  0.504D-07  0.498D-07  0.595D-09  0.128D-10  0.115D-13
 -10.95098  0.128D-06  0.561D-07  0.000D+00  0.000D+00  0.715D-07  0.706D-07  0.856D-09  0.188D-10  0.167D-13
 -10.91960  0.180D-06  0.791D-07  0.000D+00  0.000D+00  0.101D-06  0.996D-07  0.122D-08  0.272D-10  0.242D-13
 -10.88821  0.252D-06  0.111D-06  0.000D+00  0.000D+00  0.141D-06  0.140D-06  0.174D-08  0.394D-10  0.349D-13
 -10.85683  0.352D-06  0.155D-06  0.000D+00  0.000D+00  0.197D-06  0.195D-06  0.246D-08  0.566D-10  0.499D-13
 -10.82545  0.489D-06  0.215D-06  0.000D+00  0.000D+00  0.274D-06  0.270D-06  0.346D-08  0.808D-10  0.710D-13
 -10.79406  0.675D-06  0.297D-06  0.000D+00  0.000D+00  0.378D-06  0.373D-06  0.484D-08  0.115D-09  0.100D-12
 -10.76268  0.928D-06  0.408D-06  0.000D+00  0.000D+00  0.520D-06  0.513D-06  0.682D-08  0.170D-09  0.159D-12
 -10.73129  0.127D-05  0.558D-06  0.000D+00  0.000D+00  0.709D-06  0.700D-06  0.946D-08  0.239D-09  0.225D-12
 -10.69991  0.172D-05  0.757D-06  0.000D+00  0.000D+00  0.963D-06  0.950D-06  0.130D-07  0.335D-09  0.316D-12
 -10.66852  0.232D-05  0.102D-05  0.000D+00  0.000D+00  0.130D-05  0.128D-05  0.179D-07  0.468D-09  0.442D-12
 -10.63714  0.312D-05  0.137D-05  0.000D+00  0.000D+00  0.175D-05  0.172D-05  0.244D-07  0.650D-09  0.615D-12
 -10.60575  0.417D-05  0.184D-05  0.000D+00  0.000D+00  0.233D-05  0.230D-05  0.332D-07  0.906D-09  0.868D-12
 -10.57437  0.554D-05  0.244D-05  0.000D+00  0.000D+00  0.310D-05  0.305D-05  0.449D-07  0.125D-08  0.120D-11
 -10.54298  0.731D-05  0.322D-05  0.000D+00  0.000D+00  0.409D-05  0.403D-05  0.603D-07  0.170D-08  0.165D-11
 -10.51160  0.961D-05  0.424D-05  0.000D+00  0.000D+00  0.538D-05  0.529D-05  0.806D-07  0.232D-08  0.225D-11
 -10.48021  0.126D-04  0.554D-05  0.000D+00  0.000D+00  0.703D-05  0.692D-05  0.107D-06  0.314D-08  0.307D-11
 -10.44883  0.163D-04  0.721D-05  0.000D+00  0.000D+00  0.914D-05  0.899D-05  0.142D-06  0.425D-08  0.417D-11
 -10.41745  0.211D-04  0.933D-05  0.000D+00  0.000D+00  0.118D-04  0.116D-04  0.187D-06  0.569D-08  0.563D-11
 -10.38606  0.272D-04  0.120D-04  0.000D+00  0.000D+00  0.152D-04  0.149D-04  0.245D-06  0.760D-08  0.756D-11
 -10.35468  0.348D-04  0.154D-04  0.000D+00  0.000D+00  0.194D-04  0.191D-04  0.320D-06  0.101D-07  0.101D-10
 -10.32329  0.443D-04  0.196D-04  0.000D+00  0.000D+00  0.247D-04  0.243D-04  0.414D-06  0.133D-07  0.135D-10
 -10.29191  0.562D-04  0.248D-04  0.000D+00  0.000D+00  0.313D-04  0.308D-04  0.535D-06  0.175D-07  0.179D-10
 -10.26052  0.708D-04  0.313D-04  0.000D+00  0.000D+00  0.395D-04  0.387D-04  0.687D-06  0.229D-07  0.237D-10
 -10.22914  0.887D-04  0.393D-04  0.000D+00  0.000D+00  0.494D-04  0.485D-04  0.878D-06  0.299D-07  0.311D-10
 -10.19775  0.111D-03  0.490D-04  0.000D+00  0.000D+00  0.616D-04  0.605D-04  0.112D-05  0.387D-07  0.408D-10
 -10.16637  0.137D-03  0.609D-04  0.000D+00  0.000D+00  0.764D-04  0.750D-04  0.141D-05  0.500D-07  0.534D-10
 -10.13498  0.170D-03  0.752D-04  0.000D+00  0.000D+00  0.943D-04  0.924D-04  0.178D-05  0.642D-07  0.695D-10
 -10.10360  0.208D-03  0.925D-04  0.000D+00  0.000D+00  0.116D-03  0.113D-03  0.223D-05  0.821D-07  0.900D-10
 -10.07221  0.255D-03  0.113D-03  0.000D+00  0.000D+00  0.141D-03  0.138D-03  0.278D-05  0.104D-06  0.116D-09
 -10.04083  0.310D-03  0.138D-03  0.000D+00  0.000D+00  0.172D-03  0.168D-03  0.345D-05  0.132D-06  0.149D-09
 -10.00945  0.375D-03  0.167D-03  0.000D+00  0.000D+00  0.208D-03  0.203D-03  0.427D-05  0.167D-06  0.191D-09
  -9.97806  0.451D-03  0.201D-03  0.000D+00  0.000D+00  0.250D-03  0.244D-03  0.525D-05  0.209D-06  0.244D-09
  -9.94668  0.541D-03  0.242D-03  0.000D+00  0.000D+00  0.299D-03  0.292D-03  0.642D-05  0.262D-06  0.310D-09
  -9.91529  0.645D-03  0.289D-03  0.000D+00  0.000D+00  0.356D-03  0.348D-03  0.782D-05  0.326D-06  0.393D-09
  -9.88391  0.766D-03  0.344D-03  0.000D+00  0.000D+00  0.422D-03  0.413D-03  0.949D-05  0.404D-06  0.495D-09
  -9.85252  0.905D-03  0.407D-03  0.000D+00  0.000D+00  0.498D-03  0.486D-03  0.115D-04  0.499D-06  0.622D-09
  -9.82114  0.107D-02  0.480D-03  0.000D+00  0.000D+00  0.585D-03  0.571D-03  0.138D-04  0.613D-06  0.779D-09
  -9.78975  0.125D-02  0.563D-03  0.000D+00  0.000D+00  0.684D-03  0.667D-03  0.165D-04  0.750D-06  0.971D-09
  -9.75837  0.145D-02  0.658D-03  0.000D+00  0.000D+00  0.795D-03  0.775D-03  0.196D-04  0.915D-06  0.121D-08
  -9.72698  0.169D-02  0.766D-03  0.000D+00  0.000D+00  0.921D-03  0.896D-03  0.233D-04  0.111D-05  0.149D-08
  -9.69560  0.195D-02  0.888D-03  0.000D+00  0.000D+00  0.106D-02  0.103D-02  0.275D-04  0.134D-05  0.184D-08
  -9.66421  0.224D-02  0.103D-02  0.000D+00  0.000D+00  0.122D-02  0.118D-02  0.323D-04  0.162D-05  0.226D-08
  -9.63283  0.257D-02  0.118D-02  0.000D+00  0.000D+00  0.139D-02  0.135D-02  0.379D-04  0.195D-05  0.276D-08
  -9.60145  0.293D-02  0.135D-02  0.000D+00  0.000D+00  0.158D-02  0.153D-02  0.442D-04  0.233D-05  0.336D-08
  -9.57006  0.333D-02  0.154D-02  0.000D+00  0.000D+00  0.179D-02  0.174D-02  0.513D-04  0.277D-05  0.408D-08
  -9.53868  0.377D-02  0.175D-02  0.000D+00  0.000D+00  0.202D-02  0.195D-02  0.594D-04  0.329D-05  0.494D-08
  -9.50729  0.425D-02  0.198D-02  0.000D+00  0.000D+00  0.226D-02  0.219D-02  0.685D-04  0.390D-05  0.595D-08
  -9.47591  0.477D-02  0.224D-02  0.000D+00  0.000D+00  0.253D-02  0.245D-02  0.786D-04  0.459D-05  0.714D-08
  -9.44452  0.533D-02  0.252D-02  0.000D+00  0.000D+00  0.282D-02  0.272D-02  0.900D-04  0.540D-05  0.854D-08
  -9.41314  0.594D-02  0.282D-02  0.000D+00  0.000D+00  0.312D-02  0.301D-02  0.103D-03  0.632D-05  0.102D-07
  -9.38175  0.660D-02  0.315D-02  0.000D+00  0.000D+00  0.345D-02  0.333D-02  0.116D-03  0.738D-05  0.121D-07
  -9.35037  0.730D-02  0.351D-02  0.000D+00  0.000D+00  0.380D-02  0.365D-02  0.132D-03  0.858D-05  0.143D-07
  -9.31898  0.806D-02  0.390D-02  0.000D+00  0.000D+00  0.416D-02  0.400D-02  0.149D-03  0.995D-05  0.169D-07
  -9.28760  0.886D-02  0.431D-02  0.000D+00  0.000D+00  0.454D-02  0.436D-02  0.167D-03  0.115D-04  0.198D-07
  -9.25621  0.970D-02  0.476D-02  0.000D+00  0.000D+00  0.494D-02  0.474D-02  0.187D-03  0.132D-04  0.232D-07
  -9.22483  0.106D-01  0.524D-02  0.000D+00  0.000D+00  0.536D-02  0.513D-02  0.209D-03  0.152D-04  0.271D-07
  -9.19345  0.115D-01  0.576D-02  0.000D+00  0.000D+00  0.579D-02  0.554D-02  0.233D-03  0.174D-04  0.315D-07
  -9.16206  0.125D-01  0.630D-02  0.000D+00  0.000D+00  0.624D-02  0.596D-02  0.258D-03  0.199D-04  0.365D-07
  -9.13068  0.136D-01  0.689D-02  0.000D+00  0.000D+00  0.669D-02  0.639D-02  0.285D-03  0.226D-04  0.422D-07
  -9.09929  0.147D-01  0.751D-02  0.000D+00  0.000D+00  0.716D-02  0.682D-02  0.315D-03  0.257D-04  0.487D-07
  -9.06791  0.158D-01  0.816D-02  0.000D+00  0.000D+00  0.764D-02  0.727D-02  0.346D-03  0.291D-04  0.560D-07
  -9.03652  0.170D-01  0.885D-02  0.000D+00  0.000D+00  0.813D-02  0.772D-02  0.380D-03  0.329D-04  0.642D-07
  -9.00514  0.182D-01  0.958D-02  0.000D+00  0.000D+00  0.863D-02  0.818D-02  0.415D-03  0.370D-04  0.735D-07
  -8.97375  0.195D-01  0.103D-01  0.000D+00  0.000D+00  0.913D-02  0.864D-02  0.453D-03  0.416D-04  0.839D-07
  -8.94237  0.208D-01  0.111D-01  0.000D+00  0.000D+00  0.964D-02  0.910D-02  0.493D-03  0.466D-04  0.955D-07
  -8.91098  0.221D-01  0.120D-01  0.000D+00  0.000D+00  0.101D-01  0.956D-02  0.535D-03  0.521D-04  0.108D-06
  -8.87960  0.235D-01  0.129D-01  0.000D+00  0.000D+00  0.107D-01  0.100D-01  0.579D-03  0.581D-04  0.123D-06
  -8.84821  0.249D-01  0.138D-01  0.000D+00  0.000D+00  0.112D-01  0.105D-01  0.625D-03  0.647D-04  0.139D-06
  -8.81683  0.264D-01  0.147D-01  0.000D+00  0.000D+00  0.117D-01  0.109D-01  0.674D-03  0.718D-04  0.157D-06
  -8.78545  0.279D-01  0.157D-01  0.000D+00  0.000D+00  0.122D-01  0.114D-01  0.724D-03  0.796D-04  0.176D-06
  -8.75406  0.294D-01  0.167D-01  0.000D+00  0.000D+00  0.127D-01  0.118D-01  0.777D-03  0.880D-04  0.198D-06
  -8.72268  0.309D-01  0.177D-01  0.000D+00  0.000D+00  0.132D-01  0.123D-01  0.832D-03  0.971D-04  0.222D-06
  -8.69129  0.325D-01  0.188D-01  0.000D+00  0.000D+00  0.137D-01  0.127D-01  0.889D-03  0.107D-03  0.249D-06
  -8.65991  0.341D-01  0.199D-01  0.000D+00  0.000D+00  0.142D-01  0.131D-01  0.949D-03  0.118D-03  0.278D-06
  -8.62852  0.357D-01  0.210D-01  0.000D+00  0.000D+00  0.147D-01  0.136D-01  0.101D-02  0.129D-03  0.310D-06
  -8.59714  0.373D-01  0.222D-01  0.000D+00  0.000D+00  0.152D-01  0.140D-01  0.107D-02  0.142D-03  0.344D-06
  -8.56575  0.390D-01  0.233D-01  0.000D+00  0.000D+00  0.157D-01  0.144D-01  0.114D-02  0.155D-03  0.382D-06
  -8.53437  0.406D-01  0.245D-01  0.000D+00  0.000D+00  0.161D-01  0.148D-01  0.121D-02  0.169D-03  0.424D-06
  -8.50298  0.423D-01  0.257D-01  0.000D+00  0.000D+00  0.166D-01  0.152D-01  0.128D-02  0.184D-03  0.469D-06
  -8.47160  0.440D-01  0.269D-01  0.000D+00  0.000D+00  0.171D-01  0.155D-01  0.135D-02  0.201D-03  0.517D-06
  -8.44021  0.457D-01  0.281D-01  0.000D+00  0.000D+00  0.175D-01  0.159D-01  0.142D-02  0.218D-03  0.570D-06
  -8.40883  0.473D-01  0.293D-01  0.000D+00  0.000D+00  0.180D-01  0.163D-01  0.150D-02  0.237D-03  0.626D-06
  -8.37745  0.490D-01  0.306D-01  0.000D+00  0.000D+00  0.185D-01  0.166D-01  0.158D-02  0.257D-03  0.687D-06
  -8.34606  0.507D-01  0.318D-01  0.000D+00  0.000D+00  0.189D-01  0.170D-01  0.166D-02  0.278D-03  0.752D-06
  -8.31468  0.524D-01  0.330D-01  0.000D+00  0.000D+00  0.194D-01  0.173D-01  0.174D-02  0.300D-03  0.821D-06
  -8.28329  0.541D-01  0.343D-01  0.000D+00  0.000D+00  0.198D-01  0.177D-01  0.183D-02  0.324D-03  0.896D-06
  -8.25191  0.557D-01  0.355D-01  0.000D+00  0.000D+00  0.203D-01  0.180D-01  0.191D-02  0.349D-03  0.975D-06
  -8.22052  0.574D-01  0.367D-01  0.000D+00  0.000D+00  0.207D-01  0.183D-01  0.200D-02  0.375D-03  0.106D-05
  -8.18914  0.590D-01  0.379D-01  0.000D+00  0.000D+00  0.211D-01  0.186D-01  0.209D-02  0.404D-03  0.115D-05
  -8.15775  0.606D-01  0.391D-01  0.000D+00  0.000D+00  0.216D-01  0.190D-01  0.218D-02  0.433D-03  0.124D-05
  -8.12637  0.622D-01  0.403D-01  0.000D+00  0.000D+00  0.220D-01  0.193D-01  0.227D-02  0.464D-03  0.135D-05
  -8.09498  0.638D-01  0.414D-01  0.000D+00  0.000D+00  0.224D-01  0.196D-01  0.236D-02  0.497D-03  0.145D-05
  -8.06360  0.654D-01  0.426D-01  0.000D+00  0.000D+00  0.228D-01  0.199D-01  0.246D-02  0.532D-03  0.157D-05
  -8.03221  0.670D-01  0.437D-01  0.000D+00  0.000D+00  0.233D-01  0.201D-01  0.255D-02  0.568D-03  0.169D-05
  -8.00083  0.685D-01  0.448D-01  0.000D+00  0.000D+00  0.237D-01  0.204D-01  0.265D-02  0.607D-03  0.182D-05
  -7.96945  0.700D-01  0.459D-01  0.000D+00  0.000D+00  0.241D-01  0.207D-01  0.275D-02  0.647D-03  0.195D-05
  -7.93806  0.715D-01  0.470D-01  0.000D+00  0.000D+00  0.245D-01  0.210D-01  0.285D-02  0.690D-03  0.210D-05
  -7.90668  0.730D-01  0.481D-01  0.000D+00  0.000D+00  0.249D-01  0.212D-01  0.295D-02  0.735D-03  0.226D-05
  -7.87529  0.744D-01  0.491D-01  0.000D+00  0.000D+00  0.253D-01  0.215D-01  0.305D-02  0.782D-03  0.242D-05
  -7.84391  0.759D-01  0.502D-01  0.000D+00  0.000D+00  0.257D-01  0.217D-01  0.315D-02  0.832D-03  0.260D-05
  -7.81252  0.773D-01  0.512D-01  0.000D+00  0.000D+00  0.261D-01  0.219D-01  0.326D-02  0.885D-03  0.279D-05
  -7.78114  0.788D-01  0.523D-01  0.000D+00  0.000D+00  0.265D-01  0.222D-01  0.337D-02  0.941D-03  0.299D-05
  -7.74975  0.802D-01  0.533D-01  0.000D+00  0.000D+00  0.269D-01  0.224D-01  0.348D-02  0.100D-02  0.320D-05
  -7.71837  0.816D-01  0.543D-01  0.000D+00  0.000D+00  0.273D-01  0.227D-01  0.359D-02  0.106D-02  0.343D-05
  -7.68698  0.831D-01  0.553D-01  0.000D+00  0.000D+00  0.277D-01  0.229D-01  0.370D-02  0.113D-02  0.367D-05
  -7.65560  0.845D-01  0.564D-01  0.000D+00  0.000D+00  0.281D-01  0.231D-01  0.382D-02  0.120D-02  0.393D-05
  -7.62421  0.859D-01  0.574D-01  0.000D+00  0.000D+00  0.286D-01  0.234D-01  0.394D-02  0.127D-02  0.420D-05
  -7.59283  0.874D-01  0.584D-01  0.000D+00  0.000D+00  0.290D-01  0.236D-01  0.406D-02  0.135D-02  0.449D-05
  -7.56145  0.889D-01  0.594D-01  0.000D+00  0.000D+00  0.295D-01  0.238D-01  0.419D-02  0.143D-02  0.480D-05
  -7.53006  0.904D-01  0.605D-01  0.000D+00  0.000D+00  0.299D-01  0.241D-01  0.432D-02  0.152D-02  0.512D-05
  -7.49868  0.919D-01  0.615D-01  0.000D+00  0.000D+00  0.304D-01  0.243D-01  0.445D-02  0.161D-02  0.546D-05
  -7.46729  0.934D-01  0.625D-01  0.000D+00  0.000D+00  0.309D-01  0.246D-01  0.458D-02  0.171D-02  0.582D-05
  -7.43591  0.950D-01  0.636D-01  0.000D+00  0.000D+00  0.314D-01  0.248D-01  0.472D-02  0.181D-02  0.620D-05
  -7.40452  0.965D-01  0.646D-01  0.000D+00  0.000D+00  0.319D-01  0.251D-01  0.486D-02  0.191D-02  0.660D-05
  -7.37314  0.981D-01  0.657D-01  0.000D+00  0.000D+00  0.324D-01  0.254D-01  0.501D-02  0.203D-02  0.701D-05
  -7.34175  0.997D-01  0.667D-01  0.000D+00  0.000D+00  0.330D-01  0.257D-01  0.515D-02  0.214D-02  0.745D-05
  -7.31037  0.101D+00  0.678D-01  0.000D+00  0.000D+00  0.335D-01  0.259D-01  0.530D-02  0.227D-02  0.790D-05
  -7.27898  0.103D+00  0.688D-01  0.000D+00  0.000D+00  0.341D-01  0.262D-01  0.546D-02  0.240D-02  0.837D-05
  -7.24760  0.105D+00  0.699D-01  0.000D+00  0.000D+00  0.347D-01  0.265D-01  0.561D-02  0.253D-02  0.887D-05
  -7.21621  0.106D+00  0.709D-01  0.000D+00  0.000D+00  0.352D-01  0.268D-01  0.576D-02  0.268D-02  0.938D-05
  -7.18483  0.108D+00  0.720D-01  0.000D+00  0.000D+00  0.358D-01  0.271D-01  0.592D-02  0.283D-02  0.992D-05
  -7.15345  0.109D+00  0.730D-01  0.000D+00  0.000D+00  0.364D-01  0.273D-01  0.608D-02  0.299D-02  0.105D-04
  -7.12206  0.111D+00  0.741D-01  0.000D+00  0.000D+00  0.370D-01  0.276D-01  0.624D-02  0.315D-02  0.111D-04
  -7.09068  0.113D+00  0.751D-01  0.000D+00  0.000D+00  0.376D-01  0.279D-01  0.640D-02  0.333D-02  0.117D-04
  -7.05929  0.114D+00  0.762D-01  0.000D+00  0.000D+00  0.383D-01  0.282D-01  0.657D-02  0.351D-02  0.123D-04
  -7.02791  0.116D+00  0.773D-01  0.000D+00  0.000D+00  0.389D-01  0.284D-01  0.673D-02  0.370D-02  0.130D-04
  -6.99652  0.118D+00  0.783D-01  0.000D+00  0.000D+00  0.395D-01  0.287D-01  0.690D-02  0.391D-02  0.137D-04
  -6.96514  0.120D+00  0.794D-01  0.000D+00  0.000D+00  0.402D-01  0.290D-01  0.707D-02  0.412D-02  0.145D-04
  -6.93375  0.121D+00  0.805D-01  0.000D+00  0.000D+00  0.408D-01  0.292D-01  0.724D-02  0.435D-02  0.153D-04
  -6.90237  0.123D+00  0.816D-01  0.000D+00  0.000D+00  0.415D-01  0.295D-01  0.741D-02  0.459D-02  0.161D-04
  -6.87098  0.125D+00  0.827D-01  0.000D+00  0.000D+00  0.422D-01  0.297D-01  0.759D-02  0.484D-02  0.170D-04
  -6.83960  0.127D+00  0.838D-01  0.000D+00  0.000D+00  0.429D-01  0.300D-01  0.776D-02  0.511D-02  0.179D-04
  -6.80821  0.129D+00  0.850D-01  0.000D+00  0.000D+00  0.436D-01  0.302D-01  0.795D-02  0.540D-02  0.189D-04
  -6.77683  0.131D+00  0.862D-01  0.000D+00  0.000D+00  0.443D-01  0.305D-01  0.813D-02  0.571D-02  0.200D-04
  -6.74545  0.132D+00  0.874D-01  0.000D+00  0.000D+00  0.451D-01  0.307D-01  0.832D-02  0.603D-02  0.211D-04
  -6.71406  0.135D+00  0.886D-01  0.000D+00  0.000D+00  0.459D-01  0.310D-01  0.852D-02  0.638D-02  0.222D-04
  -6.68268  0.137D+00  0.898D-01  0.000D+00  0.000D+00  0.468D-01  0.313D-01  0.871D-02  0.675D-02  0.234D-04
  -6.65129  0.139D+00  0.911D-01  0.000D+00  0.000D+00  0.476D-01  0.316D-01  0.892D-02  0.714D-02  0.247D-04
  -6.61991  0.141D+00  0.923D-01  0.000D+00  0.000D+00  0.486D-01  0.318D-01  0.912D-02  0.757D-02  0.261D-04
  -6.58852  0.143D+00  0.936D-01  0.000D+00  0.000D+00  0.495D-01  0.321D-01  0.933D-02  0.802D-02  0.275D-04
  -6.55714  0.145D+00  0.949D-01  0.000D+00  0.000D+00  0.505D-01  0.324D-01  0.955D-02  0.850D-02  0.290D-04
  -6.52575  0.148D+00  0.962D-01  0.000D+00  0.000D+00  0.516D-01  0.327D-01  0.977D-02  0.902D-02  0.306D-04
  -6.49437  0.150D+00  0.975D-01  0.000D+00  0.000D+00  0.527D-01  0.331D-01  0.999D-02  0.958D-02  0.323D-04
  -6.46298  0.153D+00  0.988D-01  0.000D+00  0.000D+00  0.538D-01  0.334D-01  0.102D-01  0.102D-01  0.340D-04
  -6.43160  0.155D+00  0.100D+00  0.000D+00  0.000D+00  0.550D-01  0.337D-01  0.104D-01  0.108D-01  0.358D-04
  -6.40021  0.158D+00  0.101D+00  0.000D+00  0.000D+00  0.563D-01  0.341D-01  0.107D-01  0.115D-01  0.378D-04
  -6.36883  0.160D+00  0.103D+00  0.000D+00  0.000D+00  0.576D-01  0.344D-01  0.109D-01  0.123D-01  0.398D-04
  -6.33745  0.163D+00  0.104D+00  0.000D+00  0.000D+00  0.591D-01  0.347D-01  0.111D-01  0.131D-01  0.419D-04
  -6.30606  0.166D+00  0.106D+00  0.000D+00  0.000D+00  0.606D-01  0.351D-01  0.114D-01  0.140D-01  0.442D-04
  -6.27468  0.169D+00  0.107D+00  0.000D+00  0.000D+00  0.622D-01  0.355D-01  0.116D-01  0.150D-01  0.466D-04
  -6.24329  0.172D+00  0.108D+00  0.000D+00  0.000D+00  0.638D-01  0.358D-01  0.119D-01  0.161D-01  0.491D-04
  -6.21191  0.175D+00  0.110D+00  0.000D+00  0.000D+00  0.656D-01  0.362D-01  0.121D-01  0.173D-01  0.519D-04
  -6.18052  0.179D+00  0.111D+00  0.000D+00  0.000D+00  0.676D-01  0.366D-01  0.124D-01  0.185D-01  0.548D-04
  -6.14914  0.183D+00  0.113D+00  0.000D+00  0.000D+00  0.696D-01  0.370D-01  0.126D-01  0.199D-01  0.579D-04
  -6.11775  0.186D+00  0.115D+00  0.000D+00  0.000D+00  0.719D-01  0.374D-01  0.129D-01  0.215D-01  0.612D-04
  -6.08637  0.190D+00  0.116D+00  0.000D+00  0.000D+00  0.742D-01  0.379D-01  0.132D-01  0.231D-01  0.648D-04
  -6.05498  0.195D+00  0.118D+00  0.000D+00  0.000D+00  0.768D-01  0.383D-01  0.134D-01  0.250D-01  0.687D-04
  -6.02360  0.199D+00  0.120D+00  0.000D+00  0.000D+00  0.796D-01  0.388D-01  0.137D-01  0.270D-01  0.729D-04
  -5.99221  0.204D+00  0.122D+00  0.000D+00  0.000D+00  0.826D-01  0.393D-01  0.140D-01  0.292D-01  0.774D-04
  -5.96083  0.210D+00  0.124D+00  0.000D+00  0.000D+00  0.858D-01  0.398D-01  0.143D-01  0.316D-01  0.823D-04
  -5.92945  0.215D+00  0.126D+00  0.000D+00  0.000D+00  0.893D-01  0.403D-01  0.146D-01  0.342D-01  0.876D-04
  -5.89806  0.221D+00  0.128D+00  0.000D+00  0.000D+00  0.930D-01  0.409D-01  0.149D-01  0.371D-01  0.934D-04
  -5.86668  0.228D+00  0.130D+00  0.000D+00  0.000D+00  0.971D-01  0.415D-01  0.153D-01  0.402D-01  0.996D-04
  -5.83529  0.234D+00  0.133D+00  0.000D+00  0.000D+00  0.101D+00  0.421D-01  0.156D-01  0.436D-01  0.106D-03
  -5.80391  0.242D+00  0.135D+00  0.000D+00  0.000D+00  0.106D+00  0.428D-01  0.160D-01  0.472D-01  0.114D-03
  -5.77252  0.249D+00  0.138D+00  0.000D+00  0.000D+00  0.111D+00  0.435D-01  0.163D-01  0.511D-01  0.121D-03
  -5.74114  0.257D+00  0.141D+00  0.000D+00  0.000D+00  0.116D+00  0.442D-01  0.167D-01  0.554D-01  0.130D-03
  -5.70975  0.266D+00  0.144D+00  0.000D+00  0.000D+00  0.122D+00  0.449D-01  0.171D-01  0.599D-01  0.139D-03
  -5.67837  0.275D+00  0.147D+00  0.000D+00  0.000D+00  0.128D+00  0.457D-01  0.175D-01  0.648D-01  0.149D-03
  -5.64698  0.284D+00  0.150D+00  0.000D+00  0.000D+00  0.134D+00  0.465D-01  0.179D-01  0.700D-01  0.159D-03
  -5.61560  0.294D+00  0.153D+00  0.000D+00  0.000D+00  0.141D+00  0.473D-01  0.183D-01  0.755D-01  0.171D-03
  -5.58421  0.304D+00  0.156D+00  0.000D+00  0.000D+00  0.148D+00  0.481D-01  0.187D-01  0.814D-01  0.183D-03
  -5.55283  0.315D+00  0.159D+00  0.000D+00  0.000D+00  0.156D+00  0.489D-01  0.192D-01  0.876D-01  0.196D-03
  -5.52145  0.326D+00  0.163D+00  0.000D+00  0.000D+00  0.164D+00  0.497D-01  0.196D-01  0.941D-01  0.210D-03
  -5.49006  0.338D+00  0.166D+00  0.000D+00  0.000D+00  0.172D+00  0.504D-01  0.200D-01  0.101D+00  0.225D-03
  -5.45868  0.350D+00  0.169D+00  0.000D+00  0.000D+00  0.180D+00  0.512D-01  0.205D-01  0.108D+00  0.241D-03
  -5.42729  0.362D+00  0.173D+00  0.000D+00  0.000D+00  0.189D+00  0.519D-01  0.210D-01  0.116D+00  0.258D-03
  -5.39591  0.375D+00  0.177D+00  0.000D+00  0.000D+00  0.198D+00  0.526D-01  0.214D-01  0.124D+00  0.276D-03
  -5.36452  0.388D+00  0.180D+00  0.000D+00  0.000D+00  0.207D+00  0.533D-01  0.219D-01  0.132D+00  0.295D-03
  -5.33314  0.401D+00  0.184D+00  0.000D+00  0.000D+00  0.217D+00  0.539D-01  0.224D-01  0.140D+00  0.316D-03
  -5.30175  0.415D+00  0.188D+00  0.000D+00  0.000D+00  0.227D+00  0.545D-01  0.229D-01  0.149D+00  0.337D-03
  -5.27037  0.428D+00  0.191D+00  0.000D+00  0.000D+00  0.237D+00  0.550D-01  0.234D-01  0.158D+00  0.360D-03
  -5.23898  0.443D+00  0.195D+00  0.000D+00  0.000D+00  0.247D+00  0.554D-01  0.239D-01  0.168D+00  0.385D-03
  -5.20760  0.457D+00  0.199D+00  0.000D+00  0.000D+00  0.258D+00  0.558D-01  0.244D-01  0.177D+00  0.410D-03
  -5.17621  0.472D+00  0.203D+00  0.000D+00  0.000D+00  0.269D+00  0.561D-01  0.249D-01  0.187D+00  0.437D-03
  -5.14483  0.486D+00  0.207D+00  0.000D+00  0.000D+00  0.280D+00  0.564D-01  0.254D-01  0.197D+00  0.465D-03
  -5.11345  0.501D+00  0.211D+00  0.000D+00  0.000D+00  0.291D+00  0.565D-01  0.259D-01  0.208D+00  0.495D-03
  -5.08206  0.517D+00  0.215D+00  0.000D+00  0.000D+00  0.302D+00  0.566D-01  0.264D-01  0.218D+00  0.526D-03
  -5.05068  0.532D+00  0.219D+00  0.000D+00  0.000D+00  0.313D+00  0.566D-01  0.269D-01  0.229D+00  0.558D-03
  -5.01929  0.547D+00  0.223D+00  0.000D+00  0.000D+00  0.324D+00  0.565D-01  0.274D-01  0.239D+00  0.591D-03
  -4.98791  0.562D+00  0.228D+00  0.000D+00  0.000D+00  0.335D+00  0.563D-01  0.279D-01  0.250D+00  0.626D-03
  -4.95652  0.578D+00  0.232D+00  0.000D+00  0.000D+00  0.346D+00  0.561D-01  0.283D-01  0.261D+00  0.661D-03
  -4.92514  0.593D+00  0.236D+00  0.000D+00  0.000D+00  0.357D+00  0.557D-01  0.288D-01  0.271D+00  0.698D-03
  -4.89375  0.608D+00  0.241D+00  0.000D+00  0.000D+00  0.367D+00  0.553D-01  0.293D-01  0.282D+00  0.735D-03
  -4.86237  0.623D+00  0.245D+00  0.000D+00  0.000D+00  0.378D+00  0.548D-01  0.297D-01  0.293D+00  0.773D-03
  -4.83098  0.638D+00  0.250D+00  0.000D+00  0.000D+00  0.388D+00  0.542D-01  0.302D-01  0.303D+00  0.812D-03
  -4.79960  0.652D+00  0.254D+00  0.000D+00  0.000D+00  0.398D+00  0.536D-01  0.306D-01  0.313D+00  0.851D-03
  -4.76821  0.667D+00  0.259D+00  0.000D+00  0.000D+00  0.408D+00  0.528D-01  0.310D-01  0.323D+00  0.891D-03
  -4.73683  0.681D+00  0.263D+00  0.000D+00  0.000D+00  0.417D+00  0.520D-01  0.313D-01  0.333D+00  0.931D-03
  -4.70545  0.694D+00  0.268D+00  0.000D+00  0.000D+00  0.426D+00  0.511D-01  0.317D-01  0.343D+00  0.971D-03
  -4.67406  0.707D+00  0.272D+00  0.000D+00  0.000D+00  0.435D+00  0.501D-01  0.319D-01  0.352D+00  0.101D-02
  -4.64268  0.720D+00  0.277D+00  0.000D+00  0.000D+00  0.443D+00  0.490D-01  0.322D-01  0.361D+00  0.105D-02
  -4.61129  0.732D+00  0.281D+00  0.000D+00  0.000D+00  0.451D+00  0.479D-01  0.324D-01  0.369D+00  0.109D-02
  -4.57991  0.744D+00  0.286D+00  0.000D+00  0.000D+00  0.458D+00  0.467D-01  0.326D-01  0.377D+00  0.113D-02
  -4.54852  0.755D+00  0.290D+00  0.000D+00  0.000D+00  0.465D+00  0.455D-01  0.328D-01  0.385D+00  0.116D-02
  -4.51714  0.766D+00  0.295D+00  0.000D+00  0.000D+00  0.471D+00  0.442D-01  0.329D-01  0.393D+00  0.120D-02
  -4.48575  0.777D+00  0.299D+00  0.000D+00  0.000D+00  0.477D+00  0.429D-01  0.330D-01  0.400D+00  0.124D-02
  -4.45437  0.787D+00  0.304D+00  0.000D+00  0.000D+00  0.483D+00  0.415D-01  0.331D-01  0.407D+00  0.127D-02
  -4.42298  0.797D+00  0.309D+00  0.000D+00  0.000D+00  0.488D+00  0.401D-01  0.331D-01  0.414D+00  0.131D-02
  -4.39160  0.807D+00  0.313D+00  0.000D+00  0.000D+00  0.494D+00  0.386D-01  0.331D-01  0.421D+00  0.134D-02
  -4.36021  0.817D+00  0.318D+00  0.000D+00  0.000D+00  0.499D+00  0.371D-01  0.331D-01  0.427D+00  0.138D-02
  -4.32883  0.827D+00  0.323D+00  0.000D+00  0.000D+00  0.504D+00  0.356D-01  0.330D-01  0.434D+00  0.141D-02
  -4.29745  0.838D+00  0.328D+00  0.000D+00  0.000D+00  0.509D+00  0.341D-01  0.330D-01  0.441D+00  0.145D-02
  -4.26606  0.848D+00  0.334D+00  0.000D+00  0.000D+00  0.515D+00  0.326D-01  0.329D-01  0.448D+00  0.148D-02
  -4.23468  0.860D+00  0.339D+00  0.000D+00  0.000D+00  0.520D+00  0.310D-01  0.329D-01  0.455D+00  0.152D-02
  -4.20329  0.871D+00  0.345D+00  0.000D+00  0.000D+00  0.526D+00  0.295D-01  0.329D-01  0.463D+00  0.155D-02
  -4.17191  0.884D+00  0.351D+00  0.000D+00  0.000D+00  0.533D+00  0.280D-01  0.328D-01  0.471D+00  0.159D-02
  -4.14052  0.898D+00  0.357D+00  0.000D+00  0.000D+00  0.540D+00  0.265D-01  0.329D-01  0.479D+00  0.163D-02
  -4.10914  0.912D+00  0.364D+00  0.000D+00  0.000D+00  0.548D+00  0.250D-01  0.329D-01  0.489D+00  0.167D-02
  -4.07775  0.928D+00  0.371D+00  0.000D+00  0.000D+00  0.557D+00  0.236D-01  0.330D-01  0.499D+00  0.171D-02
  -4.04637  0.944D+00  0.378D+00  0.000D+00  0.000D+00  0.566D+00  0.222D-01  0.331D-01  0.509D+00  0.175D-02
  -4.01498  0.962D+00  0.385D+00  0.000D+00  0.000D+00  0.577D+00  0.208D-01  0.333D-01  0.521D+00  0.180D-02
  -3.98360  0.981D+00  0.393D+00  0.000D+00  0.000D+00  0.588D+00  0.195D-01  0.335D-01  0.533D+00  0.185D-02
  -3.95221  0.100D+01  0.401D+00  0.000D+00  0.000D+00  0.600D+00  0.182D-01  0.338D-01  0.547D+00  0.190D-02
  -3.92083  0.102D+01  0.410D+00  0.000D+00  0.000D+00  0.614D+00  0.170D-01  0.342D-01  0.561D+00  0.196D-02
  -3.88945  0.105D+01  0.418D+00  0.000D+00  0.000D+00  0.628D+00  0.159D-01  0.346D-01  0.576D+00  0.202D-02
  -3.85806  0.107D+01  0.427D+00  0.000D+00  0.000D+00  0.643D+00  0.148D-01  0.351D-01  0.591D+00  0.208D-02
  -3.82668  0.110D+01  0.437D+00  0.000D+00  0.000D+00  0.659D+00  0.138D-01  0.356D-01  0.608D+00  0.215D-02
  -3.79529  0.112D+01  0.446D+00  0.000D+00  0.000D+00  0.676D+00  0.128D-01  0.362D-01  0.624D+00  0.222D-02
  -3.76391  0.115D+01  0.456D+00  0.000D+00  0.000D+00  0.693D+00  0.119D-01  0.369D-01  0.642D+00  0.230D-02
  -3.73252  0.118D+01  0.466D+00  0.000D+00  0.000D+00  0.711D+00  0.111D-01  0.376D-01  0.660D+00  0.238D-02
  -3.70114  0.120D+01  0.476D+00  0.000D+00  0.000D+00  0.729D+00  0.104D-01  0.384D-01  0.678D+00  0.246D-02
  -3.66975  0.123D+01  0.486D+00  0.000D+00  0.000D+00  0.748D+00  0.973D-02  0.392D-01  0.696D+00  0.254D-02
  -3.63837  0.126D+01  0.496D+00  0.000D+00  0.000D+00  0.766D+00  0.913D-02  0.401D-01  0.714D+00  0.263D-02
  -3.60698  0.129D+01  0.506D+00  0.000D+00  0.000D+00  0.785D+00  0.860D-02  0.410D-01  0.732D+00  0.272D-02
  -3.57560  0.132D+01  0.516D+00  0.000D+00  0.000D+00  0.803D+00  0.813D-02  0.420D-01  0.750D+00  0.282D-02
  -3.54421  0.135D+01  0.526D+00  0.000D+00  0.000D+00  0.821D+00  0.773D-02  0.430D-01  0.767D+00  0.291D-02
  -3.51283  0.137D+01  0.536D+00  0.000D+00  0.000D+00  0.839D+00  0.739D-02  0.440D-01  0.784D+00  0.301D-02
  -3.48145  0.140D+01  0.546D+00  0.000D+00  0.000D+00  0.855D+00  0.711D-02  0.450D-01  0.800D+00  0.311D-02
  -3.45006  0.143D+01  0.555D+00  0.000D+00  0.000D+00  0.872D+00  0.688D-02  0.461D-01  0.816D+00  0.321D-02
  -3.41868  0.145D+01  0.564D+00  0.000D+00  0.000D+00  0.887D+00  0.670D-02  0.471D-01  0.830D+00  0.331D-02
  -3.38729  0.147D+01  0.573D+00  0.000D+00  0.000D+00  0.901D+00  0.657D-02  0.481D-01  0.843D+00  0.341D-02
  -3.35591  0.150D+01  0.581D+00  0.000D+00  0.000D+00  0.915D+00  0.648D-02  0.492D-01  0.856D+00  0.350D-02
  -3.32452  0.152D+01  0.589D+00  0.000D+00  0.000D+00  0.927D+00  0.643D-02  0.502D-01  0.867D+00  0.360D-02
  -3.29314  0.153D+01  0.596D+00  0.000D+00  0.000D+00  0.938D+00  0.641D-02  0.512D-01  0.877D+00  0.370D-02
  -3.26175  0.155D+01  0.602D+00  0.000D+00  0.000D+00  0.948D+00  0.643D-02  0.522D-01  0.885D+00  0.379D-02
  -3.23037  0.156D+01  0.608D+00  0.000D+00  0.000D+00  0.956D+00  0.647D-02  0.531D-01  0.893D+00  0.388D-02
  -3.19898  0.158D+01  0.613D+00  0.000D+00  0.000D+00  0.963D+00  0.653D-02  0.540D-01  0.899D+00  0.397D-02
  -3.16760  0.159D+01  0.618D+00  0.000D+00  0.000D+00  0.969D+00  0.661D-02  0.549D-01  0.904D+00  0.405D-02
  -3.13621  0.159D+01  0.621D+00  0.000D+00  0.000D+00  0.974D+00  0.671D-02  0.557D-01  0.907D+00  0.413D-02
  -3.10483  0.160D+01  0.624D+00  0.000D+00  0.000D+00  0.977D+00  0.682D-02  0.564D-01  0.909D+00  0.420D-02
  -3.07345  0.160D+01  0.626D+00  0.000D+00  0.000D+00  0.979D+00  0.693D-02  0.571D-01  0.910D+00  0.427D-02
  -3.04206  0.161D+01  0.627D+00  0.000D+00  0.000D+00  0.979D+00  0.704D-02  0.576D-01  0.910D+00  0.433D-02
  -3.01068  0.161D+01  0.628D+00  0.000D+00  0.000D+00  0.978D+00  0.716D-02  0.581D-01  0.908D+00  0.438D-02
  -2.97929  0.160D+01  0.628D+00  0.000D+00  0.000D+00  0.975D+00  0.727D-02  0.586D-01  0.905D+00  0.443D-02
  -2.94791  0.160D+01  0.627D+00  0.000D+00  0.000D+00  0.971D+00  0.738D-02  0.589D-01  0.900D+00  0.447D-02
  -2.91652  0.159D+01  0.626D+00  0.000D+00  0.000D+00  0.966D+00  0.747D-02  0.591D-01  0.895D+00  0.450D-02
  -2.88514  0.158D+01  0.624D+00  0.000D+00  0.000D+00  0.959D+00  0.756D-02  0.593D-01  0.887D+00  0.453D-02
  -2.85375  0.157D+01  0.622D+00  0.000D+00  0.000D+00  0.950D+00  0.763D-02  0.593D-01  0.879D+00  0.454D-02
  -2.82237  0.156D+01  0.619D+00  0.000D+00  0.000D+00  0.941D+00  0.769D-02  0.592D-01  0.869D+00  0.455D-02
  -2.79098  0.155D+01  0.617D+00  0.000D+00  0.000D+00  0.930D+00  0.773D-02  0.590D-01  0.858D+00  0.455D-02
  -2.75960  0.153D+01  0.614D+00  0.000D+00  0.000D+00  0.917D+00  0.776D-02  0.587D-01  0.846D+00  0.454D-02
  -2.72821  0.152D+01  0.612D+00  0.000D+00  0.000D+00  0.903D+00  0.776D-02  0.583D-01  0.833D+00  0.452D-02
  -2.69683  0.150D+01  0.610D+00  0.000D+00  0.000D+00  0.888D+00  0.775D-02  0.578D-01  0.818D+00  0.449D-02
  -2.66545  0.148D+01  0.608D+00  0.000D+00  0.000D+00  0.872D+00  0.772D-02  0.572D-01  0.803D+00  0.445D-02
  -2.63406  0.146D+01  0.607D+00  0.000D+00  0.000D+00  0.855D+00  0.768D-02  0.565D-01  0.786D+00  0.441D-02
  -2.60268  0.144D+01  0.606D+00  0.000D+00  0.000D+00  0.837D+00  0.761D-02  0.558D-01  0.769D+00  0.436D-02
  -2.57129  0.142D+01  0.606D+00  0.000D+00  0.000D+00  0.818D+00  0.753D-02  0.549D-01  0.751D+00  0.430D-02
  -2.53991  0.141D+01  0.608D+00  0.000D+00  0.000D+00  0.798D+00  0.744D-02  0.539D-01  0.733D+00  0.424D-02
  -2.50852  0.139D+01  0.610D+00  0.000D+00  0.000D+00  0.778D+00  0.733D-02  0.529D-01  0.714D+00  0.417D-02
  -2.47714  0.137D+01  0.614D+00  0.000D+00  0.000D+00  0.757D+00  0.720D-02  0.518D-01  0.694D+00  0.410D-02
  -2.44575  0.136D+01  0.619D+00  0.000D+00  0.000D+00  0.737D+00  0.706D-02  0.507D-01  0.675D+00  0.402D-02
  -2.41437  0.134D+01  0.625D+00  0.000D+00  0.000D+00  0.716D+00  0.692D-02  0.495D-01  0.655D+00  0.395D-02
  -2.38298  0.133D+01  0.633D+00  0.000D+00  0.000D+00  0.695D+00  0.676D-02  0.483D-01  0.636D+00  0.387D-02
  -2.35160  0.132D+01  0.643D+00  0.000D+00  0.000D+00  0.675D+00  0.659D-02  0.471D-01  0.617D+00  0.379D-02
  -2.32021  0.131D+01  0.654D+00  0.000D+00  0.000D+00  0.655D+00  0.642D-02  0.458D-01  0.599D+00  0.372D-02
  -2.28883  0.130D+01  0.666D+00  0.000D+00  0.000D+00  0.636D+00  0.625D-02  0.445D-01  0.581D+00  0.364D-02
  -2.25745  0.130D+01  0.680D+00  0.000D+00  0.000D+00  0.618D+00  0.607D-02  0.432D-01  0.565D+00  0.357D-02
  -2.22606  0.130D+01  0.695D+00  0.000D+00  0.000D+00  0.601D+00  0.589D-02  0.419D-01  0.549D+00  0.351D-02
  -2.19468  0.130D+01  0.712D+00  0.000D+00  0.000D+00  0.585D+00  0.571D-02  0.407D-01  0.535D+00  0.345D-02
  -2.16329  0.130D+01  0.729D+00  0.000D+00  0.000D+00  0.571D+00  0.554D-02  0.394D-01  0.522D+00  0.339D-02
  -2.13191  0.131D+01  0.748D+00  0.000D+00  0.000D+00  0.558D+00  0.536D-02  0.382D-01  0.511D+00  0.335D-02
  -2.10052  0.131D+01  0.768D+00  0.000D+00  0.000D+00  0.547D+00  0.519D-02  0.370D-01  0.502D+00  0.331D-02
  -2.06914  0.133D+01  0.788D+00  0.000D+00  0.000D+00  0.538D+00  0.503D-02  0.358D-01  0.494D+00  0.328D-02
  -2.03775  0.134D+01  0.809D+00  0.000D+00  0.000D+00  0.531D+00  0.488D-02  0.347D-01  0.489D+00  0.326D-02
  -2.00637  0.136D+01  0.831D+00  0.000D+00  0.000D+00  0.527D+00  0.473D-02  0.336D-01  0.485D+00  0.324D-02
  -1.97498  0.138D+01  0.852D+00  0.000D+00  0.000D+00  0.524D+00  0.459D-02  0.325D-01  0.484D+00  0.324D-02
  -1.94360  0.140D+01  0.874D+00  0.000D+00  0.000D+00  0.524D+00  0.446D-02  0.315D-01  0.485D+00  0.324D-02
  -1.91221  0.142D+01  0.896D+00  0.000D+00  0.000D+00  0.526D+00  0.434D-02  0.305D-01  0.488D+00  0.326D-02
  -1.88083  0.145D+01  0.917D+00  0.000D+00  0.000D+00  0.530D+00  0.423D-02  0.296D-01  0.493D+00  0.328D-02
  -1.84945  0.147D+01  0.938D+00  0.000D+00  0.000D+00  0.537D+00  0.414D-02  0.287D-01  0.501D+00  0.332D-02
  -1.81806  0.150D+01  0.958D+00  0.000D+00  0.000D+00  0.546D+00  0.406D-02  0.278D-01  0.511D+00  0.336D-02
  -1.78668  0.153D+01  0.977D+00  0.000D+00  0.000D+00  0.557D+00  0.399D-02  0.270D-01  0.523D+00  0.340D-02
  -1.75529  0.157D+01  0.995D+00  0.000D+00  0.000D+00  0.571D+00  0.393D-02  0.262D-01  0.538D+00  0.346D-02
  -1.72391  0.160D+01  0.101D+01  0.000D+00  0.000D+00  0.587D+00  0.388D-02  0.255D-01  0.554D+00  0.352D-02
  -1.69252  0.163D+01  0.103D+01  0.000D+00  0.000D+00  0.606D+00  0.384D-02  0.248D-01  0.573D+00  0.359D-02
  -1.66114  0.167D+01  0.104D+01  0.000D+00  0.000D+00  0.626D+00  0.382D-02  0.242D-01  0.594D+00  0.366D-02
  -1.62975  0.170D+01  0.106D+01  0.000D+00  0.000D+00  0.649D+00  0.381D-02  0.236D-01  0.617D+00  0.374D-02
  -1.59837  0.174D+01  0.107D+01  0.000D+00  0.000D+00  0.673D+00  0.380D-02  0.230D-01  0.642D+00  0.382D-02
  -1.56698  0.178D+01  0.108D+01  0.000D+00  0.000D+00  0.699D+00  0.381D-02  0.225D-01  0.669D+00  0.389D-02
  -1.53560  0.181D+01  0.109D+01  0.000D+00  0.000D+00  0.727D+00  0.383D-02  0.219D-01  0.698D+00  0.397D-02
  -1.50421  0.185D+01  0.109D+01  0.000D+00  0.000D+00  0.757D+00  0.385D-02  0.214D-01  0.728D+00  0.405D-02
  -1.47283  0.189D+01  0.110D+01  0.000D+00  0.000D+00  0.788D+00  0.388D-02  0.210D-01  0.759D+00  0.413D-02
  -1.44145  0.192D+01  0.110D+01  0.000D+00  0.000D+00  0.820D+00  0.392D-02  0.205D-01  0.792D+00  0.421D-02
  -1.41006  0.196D+01  0.111D+01  0.000D+00  0.000D+00  0.854D+00  0.397D-02  0.201D-01  0.826D+00  0.428D-02
  -1.37868  0.199D+01  0.111D+01  0.000D+00  0.000D+00  0.888D+00  0.402D-02  0.197D-01  0.860D+00  0.434D-02
  -1.34729  0.203D+01  0.110D+01  0.000D+00  0.000D+00  0.923D+00  0.407D-02  0.193D-01  0.896D+00  0.440D-02
  -1.31591  0.206D+01  0.110D+01  0.000D+00  0.000D+00  0.959D+00  0.413D-02  0.189D-01  0.931D+00  0.446D-02
  -1.28452  0.209D+01  0.110D+01  0.000D+00  0.000D+00  0.995D+00  0.420D-02  0.186D-01  0.968D+00  0.451D-02
  -1.25314  0.212D+01  0.109D+01  0.000D+00  0.000D+00  0.103D+01  0.427D-02  0.182D-01  0.100D+01  0.455D-02
  -1.22175  0.215D+01  0.109D+01  0.000D+00  0.000D+00  0.107D+01  0.434D-02  0.179D-01  0.104D+01  0.458D-02
  -1.19037  0.218D+01  0.108D+01  0.000D+00  0.000D+00  0.110D+01  0.441D-02  0.176D-01  0.108D+01  0.460D-02
  -1.15898  0.220D+01  0.107D+01  0.000D+00  0.000D+00  0.114D+01  0.449D-02  0.173D-01  0.111D+01  0.462D-02
  -1.12760  0.223D+01  0.106D+01  0.000D+00  0.000D+00  0.117D+01  0.457D-02  0.170D-01  0.114D+01  0.462D-02
  -1.09621  0.225D+01  0.104D+01  0.000D+00  0.000D+00  0.120D+01  0.466D-02  0.168D-01  0.118D+01  0.462D-02
  -1.06483  0.226D+01  0.103D+01  0.000D+00  0.000D+00  0.123D+01  0.475D-02  0.165D-01  0.121D+01  0.461D-02
  -1.03345  0.228D+01  0.101D+01  0.000D+00  0.000D+00  0.126D+01  0.484D-02  0.163D-01  0.124D+01  0.459D-02
  -1.00206  0.229D+01  0.998D+00  0.000D+00  0.000D+00  0.129D+01  0.494D-02  0.160D-01  0.127D+01  0.456D-02
  -0.97068  0.230D+01  0.980D+00  0.000D+00  0.000D+00  0.132D+01  0.504D-02  0.158D-01  0.129D+01  0.452D-02
  -0.93929  0.230D+01  0.962D+00  0.000D+00  0.000D+00  0.134D+01  0.515D-02  0.156D-01  0.132D+01  0.447D-02
  -0.90791  0.230D+01  0.942D+00  0.000D+00  0.000D+00  0.136D+01  0.526D-02  0.155D-01  0.134D+01  0.442D-02
  -0.87652  0.230D+01  0.921D+00  0.000D+00  0.000D+00  0.138D+01  0.537D-02  0.153D-01  0.135D+01  0.436D-02
  -0.84514  0.229D+01  0.900D+00  0.000D+00  0.000D+00  0.139D+01  0.549D-02  0.152D-01  0.137D+01  0.430D-02
  -0.81375  0.228D+01  0.878D+00  0.000D+00  0.000D+00  0.140D+01  0.562D-02  0.150D-01  0.138D+01  0.422D-02
  -0.78237  0.227D+01  0.855D+00  0.000D+00  0.000D+00  0.141D+01  0.575D-02  0.149D-01  0.139D+01  0.415D-02
  -0.75098  0.225D+01  0.832D+00  0.000D+00  0.000D+00  0.142D+01  0.588D-02  0.148D-01  0.139D+01  0.407D-02
  -0.71960  0.223D+01  0.808D+00  0.000D+00  0.000D+00  0.142D+01  0.601D-02  0.148D-01  0.139D+01  0.398D-02
  -0.68821  0.220D+01  0.784D+00  0.000D+00  0.000D+00  0.142D+01  0.615D-02  0.147D-01  0.139D+01  0.389D-02
  -0.65683  0.217D+01  0.760D+00  0.000D+00  0.000D+00  0.141D+01  0.628D-02  0.147D-01  0.139D+01  0.380D-02
  -0.62545  0.214D+01  0.736D+00  0.000D+00  0.000D+00  0.140D+01  0.642D-02  0.146D-01  0.138D+01  0.370D-02
  -0.59406  0.210D+01  0.712D+00  0.000D+00  0.000D+00  0.139D+01  0.656D-02  0.146D-01  0.137D+01  0.361D-02
  -0.56268  0.206D+01  0.688D+00  0.000D+00  0.000D+00  0.138D+01  0.669D-02  0.146D-01  0.135D+01  0.351D-02
  -0.53129  0.202D+01  0.665D+00  0.000D+00  0.000D+00  0.136D+01  0.683D-02  0.146D-01  0.133D+01  0.341D-02
  -0.49991  0.198D+01  0.641D+00  0.000D+00  0.000D+00  0.134D+01  0.696D-02  0.146D-01  0.131D+01  0.331D-02
  -0.46852  0.193D+01  0.619D+00  0.000D+00  0.000D+00  0.131D+01  0.708D-02  0.147D-01  0.129D+01  0.321D-02
  -0.43714  0.188D+01  0.597D+00  0.000D+00  0.000D+00  0.129D+01  0.720D-02  0.147D-01  0.126D+01  0.311D-02
  -0.40575  0.184D+01  0.576D+00  0.000D+00  0.000D+00  0.126D+01  0.732D-02  0.148D-01  0.123D+01  0.301D-02
  -0.37437  0.178D+01  0.557D+00  0.000D+00  0.000D+00  0.123D+01  0.743D-02  0.148D-01  0.120D+01  0.291D-02
  -0.34298  0.173D+01  0.538D+00  0.000D+00  0.000D+00  0.120D+01  0.753D-02  0.149D-01  0.117D+01  0.282D-02
  -0.31160  0.168D+01  0.521D+00  0.000D+00  0.000D+00  0.116D+01  0.762D-02  0.149D-01  0.114D+01  0.272D-02
  -0.28021  0.163D+01  0.504D+00  0.000D+00  0.000D+00  0.113D+01  0.771D-02  0.150D-01  0.110D+01  0.262D-02
  -0.24883  0.158D+01  0.490D+00  0.000D+00  0.000D+00  0.109D+01  0.779D-02  0.151D-01  0.107D+01  0.253D-02
  -0.21745  0.153D+01  0.477D+00  0.000D+00  0.000D+00  0.105D+01  0.786D-02  0.151D-01  0.103D+01  0.243D-02
  -0.18606  0.148D+01  0.466D+00  0.000D+00  0.000D+00  0.102D+01  0.793D-02  0.152D-01  0.992D+00  0.234D-02
  -0.15468  0.144D+01  0.456D+00  0.000D+00  0.000D+00  0.979D+00  0.799D-02  0.152D-01  0.954D+00  0.225D-02
  -0.12329  0.139D+01  0.448D+00  0.000D+00  0.000D+00  0.942D+00  0.804D-02  0.153D-01  0.916D+00  0.216D-02
  -0.09191  0.135D+01  0.442D+00  0.000D+00  0.000D+00  0.904D+00  0.809D-02  0.153D-01  0.879D+00  0.207D-02
  -0.06052  0.131D+01  0.438D+00  0.000D+00  0.000D+00  0.867D+00  0.814D-02  0.154D-01  0.841D+00  0.199D-02
  -0.02914  0.127D+01  0.436D+00  0.000D+00  0.000D+00  0.830D+00  0.817D-02  0.154D-01  0.805D+00  0.190D-02
   0.00225  0.123D+01  0.436D+00  0.000D+00  0.000D+00  0.794D+00  0.821D-02  0.154D-01  0.768D+00  0.182D-02
   0.03363  0.120D+01  0.438D+00  0.000D+00  0.000D+00  0.758D+00  0.824D-02  0.155D-01  0.733D+00  0.174D-02
   0.06502  0.117D+01  0.442D+00  0.000D+00  0.000D+00  0.723D+00  0.827D-02  0.155D-01  0.698D+00  0.166D-02
   0.09640  0.114D+01  0.448D+00  0.000D+00  0.000D+00  0.689D+00  0.829D-02  0.155D-01  0.664D+00  0.159D-02
   0.12779  0.111D+01  0.455D+00  0.000D+00  0.000D+00  0.656D+00  0.831D-02  0.155D-01  0.631D+00  0.151D-02
   0.15917  0.109D+01  0.465D+00  0.000D+00  0.000D+00  0.624D+00  0.833D-02  0.156D-01  0.599D+00  0.144D-02
   0.19055  0.107D+01  0.476D+00  0.000D+00  0.000D+00  0.593D+00  0.835D-02  0.156D-01  0.568D+00  0.137D-02
   0.22194  0.105D+01  0.490D+00  0.000D+00  0.000D+00  0.563D+00  0.837D-02  0.156D-01  0.538D+00  0.131D-02
   0.25332  0.104D+01  0.505D+00  0.000D+00  0.000D+00  0.534D+00  0.838D-02  0.156D-01  0.509D+00  0.125D-02
   0.28471  0.103D+01  0.522D+00  0.000D+00  0.000D+00  0.506D+00  0.839D-02  0.157D-01  0.481D+00  0.119D-02
   0.31609  0.102D+01  0.541D+00  0.000D+00  0.000D+00  0.479D+00  0.841D-02  0.157D-01  0.454D+00  0.113D-02
   0.34748  0.101D+01  0.561D+00  0.000D+00  0.000D+00  0.454D+00  0.842D-02  0.157D-01  0.429D+00  0.108D-02
   0.37886  0.101D+01  0.582D+00  0.000D+00  0.000D+00  0.429D+00  0.843D-02  0.158D-01  0.404D+00  0.103D-02
   0.41025  0.101D+01  0.606D+00  0.000D+00  0.000D+00  0.406D+00  0.844D-02  0.159D-01  0.381D+00  0.978D-03
   0.44163  0.101D+01  0.630D+00  0.000D+00  0.000D+00  0.384D+00  0.844D-02  0.159D-01  0.358D+00  0.932D-03
   0.47302  0.102D+01  0.656D+00  0.000D+00  0.000D+00  0.363D+00  0.845D-02  0.160D-01  0.337D+00  0.890D-03
   0.50440  0.103D+01  0.683D+00  0.000D+00  0.000D+00  0.343D+00  0.847D-02  0.162D-01  0.317D+00  0.850D-03
   0.53579  0.104D+01  0.711D+00  0.000D+00  0.000D+00  0.324D+00  0.848D-02  0.163D-01  0.298D+00  0.814D-03
   0.56717  0.105D+01  0.740D+00  0.000D+00  0.000D+00  0.306D+00  0.849D-02  0.164D-01  0.281D+00  0.780D-03
   0.59855  0.106D+01  0.771D+00  0.000D+00  0.000D+00  0.290D+00  0.851D-02  0.166D-01  0.264D+00  0.749D-03
   0.62994  0.108D+01  0.801D+00  0.000D+00  0.000D+00  0.274D+00  0.853D-02  0.168D-01  0.248D+00  0.720D-03
   0.66132  0.109D+01  0.833D+00  0.000D+00  0.000D+00  0.260D+00  0.855D-02  0.170D-01  0.234D+00  0.694D-03
   0.69271  0.111D+01  0.865D+00  0.000D+00  0.000D+00  0.247D+00  0.858D-02  0.173D-01  0.220D+00  0.670D-03
   0.72409  0.113D+01  0.898D+00  0.000D+00  0.000D+00  0.235D+00  0.861D-02  0.175D-01  0.208D+00  0.649D-03
   0.75548  0.115D+01  0.931D+00  0.000D+00  0.000D+00  0.224D+00  0.865D-02  0.178D-01  0.197D+00  0.631D-03
   0.78686  0.118D+01  0.964D+00  0.000D+00  0.000D+00  0.214D+00  0.869D-02  0.181D-01  0.186D+00  0.614D-03
   0.81825  0.120D+01  0.998D+00  0.000D+00  0.000D+00  0.205D+00  0.874D-02  0.184D-01  0.177D+00  0.599D-03
   0.84963  0.123D+01  0.103D+01  0.000D+00  0.000D+00  0.196D+00  0.879D-02  0.187D-01  0.168D+00  0.586D-03
   0.88102  0.125D+01  0.106D+01  0.000D+00  0.000D+00  0.189D+00  0.884D-02  0.191D-01  0.161D+00  0.575D-03
   0.91240  0.128D+01  0.110D+01  0.000D+00  0.000D+00  0.183D+00  0.890D-02  0.194D-01  0.154D+00  0.566D-03
   0.94379  0.131D+01  0.113D+01  0.000D+00  0.000D+00  0.177D+00  0.896D-02  0.198D-01  0.147D+00  0.558D-03
   0.97517  0.133D+01  0.116D+01  0.000D+00  0.000D+00  0.172D+00  0.902D-02  0.202D-01  0.142D+00  0.551D-03
   1.00655  0.136D+01  0.119D+01  0.000D+00  0.000D+00  0.167D+00  0.908D-02  0.205D-01  0.137D+00  0.545D-03
   1.03794  0.138D+01  0.122D+01  0.000D+00  0.000D+00  0.163D+00  0.914D-02  0.209D-01  0.133D+00  0.541D-03
   1.06932  0.141D+01  0.125D+01  0.000D+00  0.000D+00  0.160D+00  0.919D-02  0.213D-01  0.129D+00  0.537D-03
   1.10071  0.143D+01  0.127D+01  0.000D+00  0.000D+00  0.157D+00  0.925D-02  0.216D-01  0.125D+00  0.534D-03
   1.13209  0.145D+01  0.130D+01  0.000D+00  0.000D+00  0.154D+00  0.929D-02  0.219D-01  0.122D+00  0.531D-03
   1.16348  0.147D+01  0.132D+01  0.000D+00  0.000D+00  0.151D+00  0.934D-02  0.223D-01  0.119D+00  0.529D-03
   1.19486  0.149D+01  0.134D+01  0.000D+00  0.000D+00  0.149D+00  0.937D-02  0.225D-01  0.117D+00  0.527D-03
   1.22625  0.151D+01  0.136D+01  0.000D+00  0.000D+00  0.147D+00  0.940D-02  0.228D-01  0.115D+00  0.525D-03
   1.25763  0.152D+01  0.137D+01  0.000D+00  0.000D+00  0.145D+00  0.942D-02  0.231D-01  0.112D+00  0.524D-03
   1.28902  0.153D+01  0.139D+01  0.000D+00  0.000D+00  0.144D+00  0.943D-02  0.233D-01  0.110D+00  0.522D-03
   1.32040  0.154D+01  0.140D+01  0.000D+00  0.000D+00  0.142D+00  0.943D-02  0.235D-01  0.108D+00  0.521D-03
   1.35179  0.154D+01  0.140D+01  0.000D+00  0.000D+00  0.140D+00  0.942D-02  0.237D-01  0.107D+00  0.519D-03
   1.38317  0.155D+01  0.141D+01  0.000D+00  0.000D+00  0.138D+00  0.940D-02  0.238D-01  0.105D+00  0.518D-03
   1.41455  0.155D+01  0.141D+01  0.000D+00  0.000D+00  0.137D+00  0.938D-02  0.240D-01  0.103D+00  0.517D-03
   1.44594  0.154D+01  0.141D+01  0.000D+00  0.000D+00  0.135D+00  0.934D-02  0.241D-01  0.101D+00  0.515D-03
   1.47732  0.154D+01  0.140D+01  0.000D+00  0.000D+00  0.133D+00  0.931D-02  0.242D-01  0.994D-01  0.514D-03
   1.50871  0.153D+01  0.140D+01  0.000D+00  0.000D+00  0.132D+00  0.926D-02  0.243D-01  0.976D-01  0.513D-03
   1.54009  0.152D+01  0.139D+01  0.000D+00  0.000D+00  0.130D+00  0.922D-02  0.243D-01  0.959D-01  0.512D-03
   1.57148  0.150D+01  0.137D+01  0.000D+00  0.000D+00  0.128D+00  0.917D-02  0.244D-01  0.941D-01  0.511D-03
   1.60286  0.148D+01  0.135D+01  0.000D+00  0.000D+00  0.127D+00  0.912D-02  0.245D-01  0.924D-01  0.511D-03
   1.63425  0.146D+01  0.134D+01  0.000D+00  0.000D+00  0.125D+00  0.907D-02  0.246D-01  0.907D-01  0.511D-03
   1.66563  0.144D+01  0.131D+01  0.000D+00  0.000D+00  0.123D+00  0.903D-02  0.247D-01  0.891D-01  0.511D-03
   1.69702  0.141D+01  0.129D+01  0.000D+00  0.000D+00  0.122D+00  0.899D-02  0.248D-01  0.876D-01  0.511D-03
   1.72840  0.138D+01  0.126D+01  0.000D+00  0.000D+00  0.120D+00  0.895D-02  0.249D-01  0.861D-01  0.512D-03
   1.75979  0.135D+01  0.124D+01  0.000D+00  0.000D+00  0.119D+00  0.892D-02  0.250D-01  0.847D-01  0.513D-03
   1.79117  0.132D+01  0.121D+01  0.000D+00  0.000D+00  0.118D+00  0.890D-02  0.252D-01  0.834D-01  0.514D-03
   1.82255  0.129D+01  0.117D+01  0.000D+00  0.000D+00  0.117D+00  0.888D-02  0.254D-01  0.822D-01  0.516D-03
   1.85394  0.126D+01  0.114D+01  0.000D+00  0.000D+00  0.116D+00  0.887D-02  0.256D-01  0.811D-01  0.518D-03
   1.88532  0.122D+01  0.111D+01  0.000D+00  0.000D+00  0.115D+00  0.886D-02  0.258D-01  0.802D-01  0.521D-03
   1.91671  0.119D+01  0.107D+01  0.000D+00  0.000D+00  0.115D+00  0.887D-02  0.261D-01  0.793D-01  0.523D-03
   1.94809  0.115D+01  0.104D+01  0.000D+00  0.000D+00  0.114D+00  0.887D-02  0.263D-01  0.786D-01  0.526D-03
   1.97948  0.112D+01  0.100D+01  0.000D+00  0.000D+00  0.114D+00  0.888D-02  0.266D-01  0.780D-01  0.529D-03
   2.01086  0.108D+01  0.969D+00  0.000D+00  0.000D+00  0.114D+00  0.890D-02  0.269D-01  0.775D-01  0.532D-03
   2.04225  0.105D+01  0.935D+00  0.000D+00  0.000D+00  0.114D+00  0.892D-02  0.272D-01  0.771D-01  0.535D-03
   2.07363  0.101D+01  0.900D+00  0.000D+00  0.000D+00  0.114D+00  0.894D-02  0.275D-01  0.767D-01  0.538D-03
   2.10502  0.980D+00  0.866D+00  0.000D+00  0.000D+00  0.114D+00  0.896D-02  0.278D-01  0.764D-01  0.540D-03
   2.13640  0.947D+00  0.833D+00  0.000D+00  0.000D+00  0.114D+00  0.898D-02  0.281D-01  0.762D-01  0.543D-03
   2.16779  0.914D+00  0.800D+00  0.000D+00  0.000D+00  0.114D+00  0.900D-02  0.284D-01  0.760D-01  0.545D-03
   2.19917  0.883D+00  0.769D+00  0.000D+00  0.000D+00  0.114D+00  0.901D-02  0.286D-01  0.758D-01  0.547D-03
   2.23055  0.852D+00  0.738D+00  0.000D+00  0.000D+00  0.114D+00  0.902D-02  0.289D-01  0.757D-01  0.549D-03
   2.26194  0.822D+00  0.707D+00  0.000D+00  0.000D+00  0.114D+00  0.903D-02  0.291D-01  0.755D-01  0.550D-03
   2.29332  0.792D+00  0.678D+00  0.000D+00  0.000D+00  0.114D+00  0.902D-02  0.293D-01  0.752D-01  0.550D-03
   2.32471  0.764D+00  0.650D+00  0.000D+00  0.000D+00  0.114D+00  0.902D-02  0.294D-01  0.750D-01  0.551D-03
   2.35609  0.737D+00  0.623D+00  0.000D+00  0.000D+00  0.114D+00  0.900D-02  0.296D-01  0.746D-01  0.551D-03
   2.38748  0.710D+00  0.597D+00  0.000D+00  0.000D+00  0.113D+00  0.897D-02  0.297D-01  0.742D-01  0.550D-03
   2.41886  0.685D+00  0.572D+00  0.000D+00  0.000D+00  0.113D+00  0.894D-02  0.297D-01  0.737D-01  0.549D-03
   2.45025  0.660D+00  0.547D+00  0.000D+00  0.000D+00  0.112D+00  0.889D-02  0.297D-01  0.732D-01  0.548D-03
   2.48163  0.636D+00  0.524D+00  0.000D+00  0.000D+00  0.112D+00  0.884D-02  0.297D-01  0.725D-01  0.547D-03
   2.51302  0.613D+00  0.502D+00  0.000D+00  0.000D+00  0.111D+00  0.878D-02  0.297D-01  0.718D-01  0.546D-03
   2.54440  0.591D+00  0.481D+00  0.000D+00  0.000D+00  0.110D+00  0.871D-02  0.296D-01  0.709D-01  0.544D-03
   2.57579  0.569D+00  0.461D+00  0.000D+00  0.000D+00  0.109D+00  0.863D-02  0.295D-01  0.700D-01  0.542D-03
   2.60717  0.549D+00  0.441D+00  0.000D+00  0.000D+00  0.107D+00  0.855D-02  0.293D-01  0.690D-01  0.541D-03
   2.63855  0.529D+00  0.423D+00  0.000D+00  0.000D+00  0.106D+00  0.846D-02  0.292D-01  0.679D-01  0.539D-03
   2.66994  0.510D+00  0.406D+00  0.000D+00  0.000D+00  0.105D+00  0.836D-02  0.290D-01  0.668D-01  0.538D-03
   2.70132  0.492D+00  0.389D+00  0.000D+00  0.000D+00  0.103D+00  0.826D-02  0.288D-01  0.656D-01  0.537D-03
   2.73271  0.475D+00  0.374D+00  0.000D+00  0.000D+00  0.102D+00  0.815D-02  0.286D-01  0.643D-01  0.536D-03
   2.76409  0.459D+00  0.359D+00  0.000D+00  0.000D+00  0.100D+00  0.804D-02  0.284D-01  0.630D-01  0.535D-03
   2.79548  0.444D+00  0.346D+00  0.000D+00  0.000D+00  0.983D-01  0.794D-02  0.282D-01  0.617D-01  0.535D-03
   2.82686  0.430D+00  0.333D+00  0.000D+00  0.000D+00  0.967D-01  0.783D-02  0.280D-01  0.604D-01  0.536D-03
   2.85825  0.416D+00  0.321D+00  0.000D+00  0.000D+00  0.951D-01  0.772D-02  0.278D-01  0.591D-01  0.537D-03
   2.88963  0.404D+00  0.310D+00  0.000D+00  0.000D+00  0.936D-01  0.761D-02  0.276D-01  0.578D-01  0.539D-03
   2.92102  0.392D+00  0.300D+00  0.000D+00  0.000D+00  0.921D-01  0.751D-02  0.275D-01  0.566D-01  0.541D-03
   2.95240  0.381D+00  0.291D+00  0.000D+00  0.000D+00  0.907D-01  0.741D-02  0.273D-01  0.554D-01  0.544D-03
   2.98379  0.371D+00  0.282D+00  0.000D+00  0.000D+00  0.894D-01  0.732D-02  0.272D-01  0.543D-01  0.547D-03
   3.01517  0.362D+00  0.274D+00  0.000D+00  0.000D+00  0.882D-01  0.723D-02  0.272D-01  0.532D-01  0.551D-03
   3.04655  0.354D+00  0.267D+00  0.000D+00  0.000D+00  0.871D-01  0.715D-02  0.272D-01  0.523D-01  0.555D-03
   3.07794  0.346D+00  0.260D+00  0.000D+00  0.000D+00  0.862D-01  0.708D-02  0.272D-01  0.514D-01  0.560D-03
   3.10932  0.340D+00  0.254D+00  0.000D+00  0.000D+00  0.854D-01  0.701D-02  0.272D-01  0.506D-01  0.566D-03
   3.14071  0.333D+00  0.249D+00  0.000D+00  0.000D+00  0.847D-01  0.695D-02  0.273D-01  0.499D-01  0.572D-03
   3.17209  0.328D+00  0.244D+00  0.000D+00  0.000D+00  0.842D-01  0.690D-02  0.274D-01  0.493D-01  0.578D-03
   3.20348  0.323D+00  0.239D+00  0.000D+00  0.000D+00  0.838D-01  0.686D-02  0.275D-01  0.488D-01  0.584D-03
   3.23486  0.319D+00  0.235D+00  0.000D+00  0.000D+00  0.835D-01  0.682D-02  0.277D-01  0.484D-01  0.591D-03
   3.26625  0.315D+00  0.231D+00  0.000D+00  0.000D+00  0.834D-01  0.679D-02  0.279D-01  0.481D-01  0.597D-03
   3.29763  0.311D+00  0.228D+00  0.000D+00  0.000D+00  0.833D-01  0.677D-02  0.281D-01  0.479D-01  0.604D-03
   3.32902  0.308D+00  0.224D+00  0.000D+00  0.000D+00  0.834D-01  0.675D-02  0.283D-01  0.477D-01  0.610D-03
   3.36040  0.305D+00  0.222D+00  0.000D+00  0.000D+00  0.835D-01  0.674D-02  0.285D-01  0.477D-01  0.616D-03
   3.39179  0.302D+00  0.219D+00  0.000D+00  0.000D+00  0.837D-01  0.673D-02  0.287D-01  0.476D-01  0.621D-03
   3.42317  0.300D+00  0.216D+00  0.000D+00  0.000D+00  0.839D-01  0.672D-02  0.290D-01  0.476D-01  0.627D-03
   3.45455  0.298D+00  0.214D+00  0.000D+00  0.000D+00  0.842D-01  0.672D-02  0.292D-01  0.477D-01  0.631D-03
   3.48594  0.296D+00  0.212D+00  0.000D+00  0.000D+00  0.844D-01  0.671D-02  0.293D-01  0.477D-01  0.635D-03
   3.51732  0.294D+00  0.209D+00  0.000D+00  0.000D+00  0.846D-01  0.670D-02  0.295D-01  0.478D-01  0.638D-03
   3.54871  0.292D+00  0.207D+00  0.000D+00  0.000D+00  0.848D-01  0.669D-02  0.296D-01  0.478D-01  0.641D-03
   3.58009  0.290D+00  0.206D+00  0.000D+00  0.000D+00  0.849D-01  0.667D-02  0.297D-01  0.478D-01  0.642D-03
   3.61148  0.289D+00  0.204D+00  0.000D+00  0.000D+00  0.849D-01  0.665D-02  0.298D-01  0.478D-01  0.643D-03
   3.64286  0.287D+00  0.202D+00  0.000D+00  0.000D+00  0.848D-01  0.662D-02  0.298D-01  0.477D-01  0.643D-03
   3.67425  0.285D+00  0.200D+00  0.000D+00  0.000D+00  0.846D-01  0.659D-02  0.298D-01  0.476D-01  0.642D-03
   3.70563  0.283D+00  0.199D+00  0.000D+00  0.000D+00  0.843D-01  0.655D-02  0.297D-01  0.474D-01  0.640D-03
   3.73702  0.281D+00  0.197D+00  0.000D+00  0.000D+00  0.839D-01  0.650D-02  0.296D-01  0.472D-01  0.638D-03
   3.76840  0.279D+00  0.196D+00  0.000D+00  0.000D+00  0.834D-01  0.645D-02  0.295D-01  0.469D-01  0.635D-03
   3.79979  0.277D+00  0.195D+00  0.000D+00  0.000D+00  0.828D-01  0.638D-02  0.293D-01  0.465D-01  0.632D-03
   3.83117  0.275D+00  0.193D+00  0.000D+00  0.000D+00  0.820D-01  0.631D-02  0.290D-01  0.460D-01  0.628D-03
   3.86255  0.273D+00  0.192D+00  0.000D+00  0.000D+00  0.811D-01  0.623D-02  0.288D-01  0.455D-01  0.624D-03
   3.89394  0.271D+00  0.191D+00  0.000D+00  0.000D+00  0.802D-01  0.615D-02  0.285D-01  0.449D-01  0.619D-03
   3.92532  0.269D+00  0.190D+00  0.000D+00  0.000D+00  0.791D-01  0.606D-02  0.282D-01  0.442D-01  0.615D-03
   3.95671  0.267D+00  0.189D+00  0.000D+00  0.000D+00  0.780D-01  0.597D-02  0.279D-01  0.435D-01  0.611D-03
   3.98809  0.264D+00  0.187D+00  0.000D+00  0.000D+00  0.768D-01  0.587D-02  0.276D-01  0.428D-01  0.607D-03
   4.01948  0.262D+00  0.186D+00  0.000D+00  0.000D+00  0.756D-01  0.577D-02  0.273D-01  0.420D-01  0.604D-03
   4.05086  0.260D+00  0.185D+00  0.000D+00  0.000D+00  0.744D-01  0.567D-02  0.269D-01  0.412D-01  0.602D-03
   4.08225  0.257D+00  0.184D+00  0.000D+00  0.000D+00  0.731D-01  0.557D-02  0.266D-01  0.403D-01  0.600D-03
   4.11363  0.255D+00  0.183D+00  0.000D+00  0.000D+00  0.719D-01  0.547D-02  0.263D-01  0.395D-01  0.599D-03
   4.14502  0.252D+00  0.182D+00  0.000D+00  0.000D+00  0.706D-01  0.537D-02  0.261D-01  0.386D-01  0.598D-03
   4.17640  0.250D+00  0.181D+00  0.000D+00  0.000D+00  0.694D-01  0.527D-02  0.258D-01  0.378D-01  0.599D-03
   4.20779  0.248D+00  0.179D+00  0.000D+00  0.000D+00  0.683D-01  0.517D-02  0.256D-01  0.370D-01  0.601D-03
   4.23917  0.245D+00  0.178D+00  0.000D+00  0.000D+00  0.672D-01  0.508D-02  0.254D-01  0.361D-01  0.603D-03
   4.27055  0.243D+00  0.177D+00  0.000D+00  0.000D+00  0.661D-01  0.499D-02  0.252D-01  0.354D-01  0.606D-03
   4.30194  0.240D+00  0.175D+00  0.000D+00  0.000D+00  0.651D-01  0.490D-02  0.250D-01  0.346D-01  0.611D-03
   4.33332  0.238D+00  0.174D+00  0.000D+00  0.000D+00  0.642D-01  0.482D-02  0.249D-01  0.339D-01  0.615D-03
   4.36471  0.236D+00  0.172D+00  0.000D+00  0.000D+00  0.633D-01  0.474D-02  0.248D-01  0.332D-01  0.621D-03
   4.39609  0.233D+00  0.171D+00  0.000D+00  0.000D+00  0.625D-01  0.466D-02  0.247D-01  0.325D-01  0.627D-03
   4.42748  0.231D+00  0.169D+00  0.000D+00  0.000D+00  0.617D-01  0.459D-02  0.246D-01  0.319D-01  0.633D-03
   4.45886  0.229D+00  0.168D+00  0.000D+00  0.000D+00  0.610D-01  0.452D-02  0.245D-01  0.313D-01  0.640D-03
   4.49025  0.226D+00  0.166D+00  0.000D+00  0.000D+00  0.603D-01  0.445D-02  0.245D-01  0.308D-01  0.646D-03
   4.52163  0.224D+00  0.164D+00  0.000D+00  0.000D+00  0.597D-01  0.438D-02  0.244D-01  0.302D-01  0.653D-03
   4.55302  0.222D+00  0.162D+00  0.000D+00  0.000D+00  0.590D-01  0.431D-02  0.244D-01  0.297D-01  0.659D-03
   4.58440  0.219D+00  0.161D+00  0.000D+00  0.000D+00  0.585D-01  0.425D-02  0.243D-01  0.292D-01  0.664D-03
   4.61579  0.217D+00  0.159D+00  0.000D+00  0.000D+00  0.579D-01  0.418D-02  0.242D-01  0.288D-01  0.670D-03
   4.64717  0.215D+00  0.157D+00  0.000D+00  0.000D+00  0.573D-01  0.411D-02  0.242D-01  0.283D-01  0.674D-03
   4.67855  0.213D+00  0.156D+00  0.000D+00  0.000D+00  0.567D-01  0.405D-02  0.241D-01  0.279D-01  0.678D-03
   4.70994  0.210D+00  0.154D+00  0.000D+00  0.000D+00  0.562D-01  0.398D-02  0.240D-01  0.275D-01  0.681D-03
   4.74132  0.208D+00  0.153D+00  0.000D+00  0.000D+00  0.556D-01  0.391D-02  0.239D-01  0.271D-01  0.683D-03
   4.77271  0.206D+00  0.151D+00  0.000D+00  0.000D+00  0.551D-01  0.384D-02  0.238D-01  0.268D-01  0.684D-03
   4.80409  0.204D+00  0.150D+00  0.000D+00  0.000D+00  0.545D-01  0.377D-02  0.236D-01  0.264D-01  0.685D-03
   4.83548  0.202D+00  0.148D+00  0.000D+00  0.000D+00  0.540D-01  0.370D-02  0.235D-01  0.261D-01  0.684D-03
   4.86686  0.201D+00  0.147D+00  0.000D+00  0.000D+00  0.534D-01  0.364D-02  0.233D-01  0.258D-01  0.683D-03
   4.89825  0.199D+00  0.146D+00  0.000D+00  0.000D+00  0.529D-01  0.357D-02  0.232D-01  0.254D-01  0.680D-03
   4.92963  0.197D+00  0.145D+00  0.000D+00  0.000D+00  0.523D-01  0.350D-02  0.230D-01  0.252D-01  0.678D-03
   4.96102  0.195D+00  0.144D+00  0.000D+00  0.000D+00  0.518D-01  0.343D-02  0.228D-01  0.249D-01  0.674D-03
   4.99240  0.194D+00  0.143D+00  0.000D+00  0.000D+00  0.513D-01  0.337D-02  0.226D-01  0.246D-01  0.670D-03
   5.02379  0.193D+00  0.142D+00  0.000D+00  0.000D+00  0.508D-01  0.331D-02  0.224D-01  0.244D-01  0.666D-03
   5.05517  0.191D+00  0.141D+00  0.000D+00  0.000D+00  0.503D-01  0.324D-02  0.222D-01  0.242D-01  0.661D-03
   5.08655  0.190D+00  0.140D+00  0.000D+00  0.000D+00  0.499D-01  0.319D-02  0.221D-01  0.240D-01  0.657D-03
   5.11794  0.189D+00  0.139D+00  0.000D+00  0.000D+00  0.494D-01  0.313D-02  0.219D-01  0.238D-01  0.652D-03
   5.14932  0.187D+00  0.138D+00  0.000D+00  0.000D+00  0.490D-01  0.307D-02  0.217D-01  0.236D-01  0.647D-03
   5.18071  0.186D+00  0.138D+00  0.000D+00  0.000D+00  0.486D-01  0.302D-02  0.215D-01  0.234D-01  0.643D-03
   5.21209  0.185D+00  0.137D+00  0.000D+00  0.000D+00  0.482D-01  0.297D-02  0.213D-01  0.233D-01  0.639D-03
   5.24348  0.184D+00  0.136D+00  0.000D+00  0.000D+00  0.478D-01  0.292D-02  0.212D-01  0.231D-01  0.635D-03
   5.27486  0.183D+00  0.135D+00  0.000D+00  0.000D+00  0.474D-01  0.288D-02  0.210D-01  0.229D-01  0.632D-03
   5.30625  0.182D+00  0.135D+00  0.000D+00  0.000D+00  0.470D-01  0.284D-02  0.208D-01  0.227D-01  0.629D-03
   5.33763  0.180D+00  0.134D+00  0.000D+00  0.000D+00  0.466D-01  0.280D-02  0.207D-01  0.226D-01  0.627D-03
   5.36902  0.179D+00  0.133D+00  0.000D+00  0.000D+00  0.462D-01  0.276D-02  0.205D-01  0.223D-01  0.625D-03
   5.40040  0.178D+00  0.132D+00  0.000D+00  0.000D+00  0.458D-01  0.272D-02  0.203D-01  0.221D-01  0.624D-03
   5.43179  0.176D+00  0.131D+00  0.000D+00  0.000D+00  0.453D-01  0.268D-02  0.201D-01  0.219D-01  0.623D-03
   5.46317  0.175D+00  0.130D+00  0.000D+00  0.000D+00  0.448D-01  0.264D-02  0.200D-01  0.216D-01  0.624D-03
   5.49455  0.173D+00  0.129D+00  0.000D+00  0.000D+00  0.443D-01  0.260D-02  0.198D-01  0.213D-01  0.624D-03
   5.52594  0.172D+00  0.128D+00  0.000D+00  0.000D+00  0.437D-01  0.257D-02  0.196D-01  0.209D-01  0.625D-03
   5.55732  0.170D+00  0.127D+00  0.000D+00  0.000D+00  0.431D-01  0.253D-02  0.194D-01  0.206D-01  0.627D-03
   5.58871  0.168D+00  0.126D+00  0.000D+00  0.000D+00  0.425D-01  0.250D-02  0.192D-01  0.202D-01  0.629D-03
   5.62009  0.166D+00  0.125D+00  0.000D+00  0.000D+00  0.418D-01  0.246D-02  0.190D-01  0.197D-01  0.632D-03
   5.65148  0.164D+00  0.123D+00  0.000D+00  0.000D+00  0.411D-01  0.242D-02  0.188D-01  0.193D-01  0.635D-03
   5.68286  0.162D+00  0.122D+00  0.000D+00  0.000D+00  0.404D-01  0.239D-02  0.185D-01  0.188D-01  0.638D-03
   5.71425  0.160D+00  0.120D+00  0.000D+00  0.000D+00  0.396D-01  0.235D-02  0.183D-01  0.183D-01  0.641D-03
   5.74563  0.158D+00  0.119D+00  0.000D+00  0.000D+00  0.388D-01  0.232D-02  0.180D-01  0.178D-01  0.644D-03
   5.77702  0.155D+00  0.117D+00  0.000D+00  0.000D+00  0.380D-01  0.228D-02  0.178D-01  0.173D-01  0.648D-03
   5.80840  0.153D+00  0.116D+00  0.000D+00  0.000D+00  0.372D-01  0.225D-02  0.175D-01  0.167D-01  0.651D-03
   5.83979  0.150D+00  0.114D+00  0.000D+00  0.000D+00  0.364D-01  0.222D-02  0.173D-01  0.162D-01  0.654D-03
   5.87117  0.148D+00  0.112D+00  0.000D+00  0.000D+00  0.356D-01  0.220D-02  0.170D-01  0.157D-01  0.657D-03
   5.90255  0.145D+00  0.110D+00  0.000D+00  0.000D+00  0.348D-01  0.218D-02  0.168D-01  0.152D-01  0.660D-03
   5.93394  0.142D+00  0.108D+00  0.000D+00  0.000D+00  0.340D-01  0.216D-02  0.165D-01  0.147D-01  0.662D-03
   5.96532  0.140D+00  0.107D+00  0.000D+00  0.000D+00  0.332D-01  0.215D-02  0.162D-01  0.142D-01  0.664D-03
   5.99671  0.137D+00  0.105D+00  0.000D+00  0.000D+00  0.325D-01  0.216D-02  0.160D-01  0.137D-01  0.664D-03
   6.02809  0.134D+00  0.103D+00  0.000D+00  0.000D+00  0.318D-01  0.217D-02  0.157D-01  0.133D-01  0.665D-03
   6.05948  0.132D+00  0.101D+00  0.000D+00  0.000D+00  0.312D-01  0.219D-02  0.154D-01  0.129D-01  0.664D-03
   6.09086  0.129D+00  0.988D-01  0.000D+00  0.000D+00  0.306D-01  0.223D-02  0.152D-01  0.125D-01  0.663D-03
   6.12225  0.127D+00  0.969D-01  0.000D+00  0.000D+00  0.300D-01  0.229D-02  0.149D-01  0.122D-01  0.662D-03
   6.15363  0.125D+00  0.951D-01  0.000D+00  0.000D+00  0.296D-01  0.236D-02  0.146D-01  0.119D-01  0.659D-03
   6.18502  0.123D+00  0.933D-01  0.000D+00  0.000D+00  0.292D-01  0.247D-02  0.144D-01  0.117D-01  0.657D-03
   6.21640  0.121D+00  0.916D-01  0.000D+00  0.000D+00  0.289D-01  0.260D-02  0.141D-01  0.115D-01  0.653D-03
   6.24779  0.119D+00  0.901D-01  0.000D+00  0.000D+00  0.287D-01  0.277D-02  0.139D-01  0.114D-01  0.650D-03
   6.27917  0.117D+00  0.886D-01  0.000D+00  0.000D+00  0.287D-01  0.297D-02  0.136D-01  0.114D-01  0.647D-03
   6.31055  0.116D+00  0.873D-01  0.000D+00  0.000D+00  0.287D-01  0.322D-02  0.134D-01  0.115D-01  0.643D-03
   6.34194  0.115D+00  0.861D-01  0.000D+00  0.000D+00  0.289D-01  0.352D-02  0.132D-01  0.116D-01  0.641D-03
   6.37332  0.114D+00  0.851D-01  0.000D+00  0.000D+00  0.293D-01  0.387D-02  0.129D-01  0.118D-01  0.639D-03
   6.40471  0.114D+00  0.843D-01  0.000D+00  0.000D+00  0.298D-01  0.428D-02  0.128D-01  0.121D-01  0.638D-03
   6.43609  0.114D+00  0.837D-01  0.000D+00  0.000D+00  0.305D-01  0.476D-02  0.126D-01  0.125D-01  0.639D-03
   6.46748  0.115D+00  0.832D-01  0.000D+00  0.000D+00  0.315D-01  0.531D-02  0.124D-01  0.131D-01  0.642D-03
   6.49886  0.116D+00  0.830D-01  0.000D+00  0.000D+00  0.326D-01  0.594D-02  0.123D-01  0.137D-01  0.648D-03
   6.53025  0.117D+00  0.829D-01  0.000D+00  0.000D+00  0.340D-01  0.665D-02  0.123D-01  0.145D-01  0.656D-03
   6.56163  0.119D+00  0.830D-01  0.000D+00  0.000D+00  0.357D-01  0.745D-02  0.122D-01  0.153D-01  0.667D-03
   6.59302  0.121D+00  0.833D-01  0.000D+00  0.000D+00  0.376D-01  0.834D-02  0.122D-01  0.164D-01  0.682D-03
   6.62440  0.124D+00  0.837D-01  0.000D+00  0.000D+00  0.399D-01  0.933D-02  0.123D-01  0.175D-01  0.700D-03
   6.65579  0.127D+00  0.843D-01  0.000D+00  0.000D+00  0.424D-01  0.104D-01  0.124D-01  0.188D-01  0.724D-03
   6.68717  0.130D+00  0.850D-01  0.000D+00  0.000D+00  0.452D-01  0.116D-01  0.126D-01  0.202D-01  0.751D-03
   6.71855  0.134D+00  0.859D-01  0.000D+00  0.000D+00  0.483D-01  0.129D-01  0.129D-01  0.218D-01  0.784D-03
   6.74994  0.139D+00  0.868D-01  0.000D+00  0.000D+00  0.518D-01  0.142D-01  0.132D-01  0.235D-01  0.822D-03
   6.78132  0.143D+00  0.878D-01  0.000D+00  0.000D+00  0.555D-01  0.157D-01  0.135D-01  0.254D-01  0.865D-03
   6.81271  0.148D+00  0.889D-01  0.000D+00  0.000D+00  0.595D-01  0.173D-01  0.140D-01  0.274D-01  0.914D-03
   6.84409  0.154D+00  0.899D-01  0.000D+00  0.000D+00  0.638D-01  0.189D-01  0.145D-01  0.294D-01  0.968D-03
   6.87548  0.159D+00  0.910D-01  0.000D+00  0.000D+00  0.684D-01  0.206D-01  0.151D-01  0.316D-01  0.103D-02
   6.90686  0.165D+00  0.921D-01  0.000D+00  0.000D+00  0.731D-01  0.224D-01  0.157D-01  0.339D-01  0.109D-02
   6.93825  0.171D+00  0.932D-01  0.000D+00  0.000D+00  0.781D-01  0.242D-01  0.164D-01  0.363D-01  0.116D-02
   6.96963  0.177D+00  0.942D-01  0.000D+00  0.000D+00  0.833D-01  0.261D-01  0.172D-01  0.387D-01  0.124D-02
   7.00102  0.184D+00  0.951D-01  0.000D+00  0.000D+00  0.885D-01  0.279D-01  0.180D-01  0.412D-01  0.131D-02
   7.03240  0.190D+00  0.959D-01  0.000D+00  0.000D+00  0.939D-01  0.298D-01  0.189D-01  0.437D-01  0.140D-02
   7.06379  0.196D+00  0.967D-01  0.000D+00  0.000D+00  0.993D-01  0.317D-01  0.198D-01  0.462D-01  0.148D-02
   7.09517  0.202D+00  0.973D-01  0.000D+00  0.000D+00  0.105D+00  0.336D-01  0.208D-01  0.487D-01  0.157D-02
   7.12655  0.208D+00  0.979D-01  0.000D+00  0.000D+00  0.110D+00  0.354D-01  0.218D-01  0.512D-01  0.166D-02
   7.15794  0.214D+00  0.983D-01  0.000D+00  0.000D+00  0.115D+00  0.372D-01  0.228D-01  0.536D-01  0.175D-02
   7.18932  0.219D+00  0.985D-01  0.000D+00  0.000D+00  0.120D+00  0.389D-01  0.238D-01  0.559D-01  0.184D-02
   7.22071  0.224D+00  0.987D-01  0.000D+00  0.000D+00  0.125D+00  0.405D-01  0.248D-01  0.581D-01  0.194D-02
   7.25209  0.229D+00  0.987D-01  0.000D+00  0.000D+00  0.130D+00  0.420D-01  0.258D-01  0.601D-01  0.203D-02
   7.28348  0.233D+00  0.987D-01  0.000D+00  0.000D+00  0.134D+00  0.434D-01  0.267D-01  0.620D-01  0.211D-02
   7.31486  0.237D+00  0.985D-01  0.000D+00  0.000D+00  0.138D+00  0.446D-01  0.277D-01  0.638D-01  0.220D-02
   7.34625  0.240D+00  0.982D-01  0.000D+00  0.000D+00  0.142D+00  0.458D-01  0.286D-01  0.654D-01  0.228D-02
   7.37763  0.243D+00  0.978D-01  0.000D+00  0.000D+00  0.145D+00  0.468D-01  0.294D-01  0.668D-01  0.236D-02
   7.40902  0.246D+00  0.973D-01  0.000D+00  0.000D+00  0.148D+00  0.476D-01  0.302D-01  0.680D-01  0.244D-02
   7.44040  0.248D+00  0.968D-01  0.000D+00  0.000D+00  0.151D+00  0.483D-01  0.310D-01  0.690D-01  0.251D-02
   7.47179  0.249D+00  0.963D-01  0.000D+00  0.000D+00  0.153D+00  0.489D-01  0.317D-01  0.698D-01  0.257D-02
   7.50317  0.250D+00  0.957D-01  0.000D+00  0.000D+00  0.155D+00  0.493D-01  0.323D-01  0.704D-01  0.264D-02
   7.53455  0.251D+00  0.951D-01  0.000D+00  0.000D+00  0.156D+00  0.496D-01  0.329D-01  0.709D-01  0.269D-02
   7.56594  0.252D+00  0.946D-01  0.000D+00  0.000D+00  0.157D+00  0.497D-01  0.333D-01  0.711D-01  0.274D-02
   7.59732  0.252D+00  0.941D-01  0.000D+00  0.000D+00  0.157D+00  0.497D-01  0.338D-01  0.712D-01  0.279D-02
   7.62871  0.251D+00  0.938D-01  0.000D+00  0.000D+00  0.158D+00  0.496D-01  0.341D-01  0.711D-01  0.283D-02
   7.66009  0.251D+00  0.935D-01  0.000D+00  0.000D+00  0.158D+00  0.494D-01  0.344D-01  0.708D-01  0.286D-02
   7.69148  0.251D+00  0.934D-01  0.000D+00  0.000D+00  0.157D+00  0.491D-01  0.347D-01  0.705D-01  0.290D-02
   7.72286  0.250D+00  0.935D-01  0.000D+00  0.000D+00  0.156D+00  0.487D-01  0.349D-01  0.699D-01  0.293D-02
   7.75425  0.249D+00  0.938D-01  0.000D+00  0.000D+00  0.156D+00  0.482D-01  0.350D-01  0.693D-01  0.295D-02
   7.78563  0.249D+00  0.943D-01  0.000D+00  0.000D+00  0.154D+00  0.477D-01  0.351D-01  0.686D-01  0.297D-02
   7.81702  0.248D+00  0.952D-01  0.000D+00  0.000D+00  0.153D+00  0.471D-01  0.352D-01  0.679D-01  0.299D-02
   7.84840  0.248D+00  0.963D-01  0.000D+00  0.000D+00  0.152D+00  0.465D-01  0.353D-01  0.670D-01  0.301D-02
   7.87979  0.248D+00  0.979D-01  0.000D+00  0.000D+00  0.150D+00  0.458D-01  0.353D-01  0.661D-01  0.303D-02
   7.91117  0.248D+00  0.997D-01  0.000D+00  0.000D+00  0.149D+00  0.451D-01  0.353D-01  0.652D-01  0.305D-02
   7.94255  0.249D+00  0.102D+00  0.000D+00  0.000D+00  0.147D+00  0.444D-01  0.354D-01  0.643D-01  0.307D-02
   7.97394  0.250D+00  0.105D+00  0.000D+00  0.000D+00  0.145D+00  0.437D-01  0.354D-01  0.633D-01  0.308D-02
   8.00532  0.252D+00  0.108D+00  0.000D+00  0.000D+00  0.144D+00  0.430D-01  0.354D-01  0.624D-01  0.310D-02
   8.03671  0.254D+00  0.111D+00  0.000D+00  0.000D+00  0.142D+00  0.423D-01  0.355D-01  0.614D-01  0.312D-02
   8.06809  0.256D+00  0.116D+00  0.000D+00  0.000D+00  0.141D+00  0.415D-01  0.355D-01  0.605D-01  0.314D-02
   8.09948  0.259D+00  0.120D+00  0.000D+00  0.000D+00  0.139D+00  0.408D-01  0.356D-01  0.596D-01  0.317D-02
   8.13086  0.263D+00  0.125D+00  0.000D+00  0.000D+00  0.138D+00  0.402D-01  0.357D-01  0.587D-01  0.319D-02
   8.16225  0.267D+00  0.130D+00  0.000D+00  0.000D+00  0.136D+00  0.395D-01  0.358D-01  0.578D-01  0.322D-02
   8.19363  0.271D+00  0.136D+00  0.000D+00  0.000D+00  0.135D+00  0.388D-01  0.359D-01  0.570D-01  0.325D-02
   8.22502  0.276D+00  0.143D+00  0.000D+00  0.000D+00  0.134D+00  0.382D-01  0.361D-01  0.562D-01  0.328D-02
   8.25640  0.282D+00  0.149D+00  0.000D+00  0.000D+00  0.133D+00  0.376D-01  0.363D-01  0.554D-01  0.332D-02
   8.28779  0.288D+00  0.156D+00  0.000D+00  0.000D+00  0.131D+00  0.370D-01  0.364D-01  0.546D-01  0.336D-02
   8.31917  0.294D+00  0.163D+00  0.000D+00  0.000D+00  0.130D+00  0.365D-01  0.366D-01  0.539D-01  0.340D-02
   8.35055  0.300D+00  0.171D+00  0.000D+00  0.000D+00  0.130D+00  0.360D-01  0.368D-01  0.532D-01  0.344D-02
   8.38194  0.307D+00  0.179D+00  0.000D+00  0.000D+00  0.129D+00  0.356D-01  0.371D-01  0.526D-01  0.349D-02
   8.41332  0.314D+00  0.186D+00  0.000D+00  0.000D+00  0.128D+00  0.351D-01  0.373D-01  0.519D-01  0.354D-02
   8.44471  0.321D+00  0.194D+00  0.000D+00  0.000D+00  0.127D+00  0.348D-01  0.375D-01  0.513D-01  0.359D-02
   8.47609  0.329D+00  0.202D+00  0.000D+00  0.000D+00  0.127D+00  0.344D-01  0.377D-01  0.508D-01  0.364D-02
   8.50748  0.336D+00  0.210D+00  0.000D+00  0.000D+00  0.126D+00  0.342D-01  0.379D-01  0.502D-01  0.370D-02
   8.53886  0.343D+00  0.218D+00  0.000D+00  0.000D+00  0.126D+00  0.339D-01  0.381D-01  0.497D-01  0.376D-02
   8.57025  0.350D+00  0.225D+00  0.000D+00  0.000D+00  0.125D+00  0.338D-01  0.383D-01  0.492D-01  0.382D-02
   8.60163  0.357D+00  0.233D+00  0.000D+00  0.000D+00  0.125D+00  0.337D-01  0.385D-01  0.488D-01  0.389D-02
   8.63302  0.364D+00  0.240D+00  0.000D+00  0.000D+00  0.125D+00  0.336D-01  0.387D-01  0.484D-01  0.396D-02
   8.66440  0.371D+00  0.246D+00  0.000D+00  0.000D+00  0.124D+00  0.336D-01  0.389D-01  0.480D-01  0.403D-02
   8.69579  0.377D+00  0.252D+00  0.000D+00  0.000D+00  0.124D+00  0.336D-01  0.390D-01  0.476D-01  0.410D-02
   8.72717  0.382D+00  0.258D+00  0.000D+00  0.000D+00  0.124D+00  0.337D-01  0.392D-01  0.473D-01  0.418D-02
   8.75855  0.388D+00  0.263D+00  0.000D+00  0.000D+00  0.124D+00  0.339D-01  0.393D-01  0.470D-01  0.426D-02
   8.78994  0.393D+00  0.268D+00  0.000D+00  0.000D+00  0.125D+00  0.340D-01  0.394D-01  0.467D-01  0.434D-02
   8.82132  0.397D+00  0.272D+00  0.000D+00  0.000D+00  0.125D+00  0.342D-01  0.396D-01  0.465D-01  0.443D-02
   8.85271  0.401D+00  0.276D+00  0.000D+00  0.000D+00  0.125D+00  0.345D-01  0.397D-01  0.462D-01  0.451D-02
   8.88409  0.404D+00  0.279D+00  0.000D+00  0.000D+00  0.125D+00  0.348D-01  0.398D-01  0.460D-01  0.460D-02
   8.91548  0.407D+00  0.282D+00  0.000D+00  0.000D+00  0.125D+00  0.350D-01  0.399D-01  0.458D-01  0.469D-02
   8.94686  0.410D+00  0.284D+00  0.000D+00  0.000D+00  0.126D+00  0.353D-01  0.400D-01  0.456D-01  0.478D-02
   8.97825  0.412D+00  0.286D+00  0.000D+00  0.000D+00  0.126D+00  0.356D-01  0.402D-01  0.455D-01  0.487D-02
   9.00963  0.413D+00  0.287D+00  0.000D+00  0.000D+00  0.127D+00  0.359D-01  0.403D-01  0.453D-01  0.496D-02
   9.04102  0.414D+00  0.287D+00  0.000D+00  0.000D+00  0.127D+00  0.362D-01  0.405D-01  0.452D-01  0.506D-02
   9.07240  0.415D+00  0.288D+00  0.000D+00  0.000D+00  0.127D+00  0.365D-01  0.406D-01  0.450D-01  0.515D-02
   9.10379  0.415D+00  0.288D+00  0.000D+00  0.000D+00  0.128D+00  0.367D-01  0.408D-01  0.449D-01  0.524D-02
   9.13517  0.415D+00  0.287D+00  0.000D+00  0.000D+00  0.128D+00  0.369D-01  0.410D-01  0.448D-01  0.533D-02
   9.16655  0.415D+00  0.287D+00  0.000D+00  0.000D+00  0.128D+00  0.371D-01  0.412D-01  0.446D-01  0.542D-02
   9.19794  0.415D+00  0.286D+00  0.000D+00  0.000D+00  0.129D+00  0.372D-01  0.415D-01  0.445D-01  0.550D-02
   9.22932  0.414D+00  0.285D+00  0.000D+00  0.000D+00  0.129D+00  0.374D-01  0.417D-01  0.444D-01  0.559D-02
   9.26071  0.413D+00  0.283D+00  0.000D+00  0.000D+00  0.129D+00  0.374D-01  0.420D-01  0.443D-01  0.567D-02
   9.29209  0.412D+00  0.282D+00  0.000D+00  0.000D+00  0.130D+00  0.375D-01  0.423D-01  0.441D-01  0.574D-02
   9.32348  0.410D+00  0.281D+00  0.000D+00  0.000D+00  0.130D+00  0.374D-01  0.425D-01  0.440D-01  0.582D-02
   9.35486  0.409D+00  0.279D+00  0.000D+00  0.000D+00  0.130D+00  0.374D-01  0.428D-01  0.439D-01  0.589D-02
   9.38625  0.408D+00  0.278D+00  0.000D+00  0.000D+00  0.130D+00  0.373D-01  0.431D-01  0.437D-01  0.596D-02
   9.41763  0.406D+00  0.276D+00  0.000D+00  0.000D+00  0.130D+00  0.372D-01  0.435D-01  0.436D-01  0.602D-02
   9.44902  0.405D+00  0.274D+00  0.000D+00  0.000D+00  0.130D+00  0.370D-01  0.438D-01  0.434D-01  0.608D-02
   9.48040  0.403D+00  0.273D+00  0.000D+00  0.000D+00  0.130D+00  0.368D-01  0.441D-01  0.433D-01  0.614D-02
   9.51179  0.401D+00  0.271D+00  0.000D+00  0.000D+00  0.130D+00  0.366D-01  0.444D-01  0.431D-01  0.620D-02
   9.54317  0.400D+00  0.270D+00  0.000D+00  0.000D+00  0.130D+00  0.364D-01  0.447D-01  0.430D-01  0.625D-02
   9.57455  0.398D+00  0.268D+00  0.000D+00  0.000D+00  0.130D+00  0.362D-01  0.450D-01  0.428D-01  0.630D-02
   9.60594  0.397D+00  0.267D+00  0.000D+00  0.000D+00  0.130D+00  0.360D-01  0.453D-01  0.427D-01  0.634D-02
   9.63732  0.395D+00  0.265D+00  0.000D+00  0.000D+00  0.130D+00  0.357D-01  0.456D-01  0.425D-01  0.639D-02
   9.66871  0.394D+00  0.264D+00  0.000D+00  0.000D+00  0.130D+00  0.355D-01  0.458D-01  0.424D-01  0.643D-02
   9.70009  0.393D+00  0.263D+00  0.000D+00  0.000D+00  0.130D+00  0.353D-01  0.461D-01  0.422D-01  0.647D-02
   9.73148  0.391D+00  0.261D+00  0.000D+00  0.000D+00  0.130D+00  0.351D-01  0.463D-01  0.421D-01  0.650D-02
   9.76286  0.390D+00  0.260D+00  0.000D+00  0.000D+00  0.130D+00  0.349D-01  0.466D-01  0.420D-01  0.654D-02
   9.79425  0.389D+00  0.259D+00  0.000D+00  0.000D+00  0.130D+00  0.347D-01  0.468D-01  0.419D-01  0.657D-02
   9.82563  0.388D+00  0.258D+00  0.000D+00  0.000D+00  0.130D+00  0.345D-01  0.470D-01  0.418D-01  0.661D-02
   9.85702  0.388D+00  0.258D+00  0.000D+00  0.000D+00  0.130D+00  0.344D-01  0.472D-01  0.417D-01  0.664D-02
   9.88840  0.387D+00  0.257D+00  0.000D+00  0.000D+00  0.130D+00  0.343D-01  0.473D-01  0.417D-01  0.668D-02
   9.91979  0.387D+00  0.257D+00  0.000D+00  0.000D+00  0.130D+00  0.342D-01  0.475D-01  0.416D-01  0.671D-02
   9.95117  0.387D+00  0.256D+00  0.000D+00  0.000D+00  0.130D+00  0.342D-01  0.476D-01  0.416D-01  0.675D-02
   9.98255  0.386D+00  0.256D+00  0.000D+00  0.000D+00  0.130D+00  0.341D-01  0.478D-01  0.416D-01  0.679D-02
  10.01394  0.387D+00  0.256D+00  0.000D+00  0.000D+00  0.130D+00  0.341D-01  0.479D-01  0.416D-01  0.682D-02
  10.04532  0.387D+00  0.256D+00  0.000D+00  0.000D+00  0.131D+00  0.342D-01  0.480D-01  0.416D-01  0.686D-02
  10.07671  0.387D+00  0.256D+00  0.000D+00  0.000D+00  0.131D+00  0.342D-01  0.481D-01  0.416D-01  0.690D-02
  10.10809  0.388D+00  0.257D+00  0.000D+00  0.000D+00  0.131D+00  0.342D-01  0.483D-01  0.417D-01  0.694D-02
  10.13948  0.389D+00  0.257D+00  0.000D+00  0.000D+00  0.131D+00  0.343D-01  0.484D-01  0.417D-01  0.698D-02
  10.17086  0.389D+00  0.258D+00  0.000D+00  0.000D+00  0.132D+00  0.344D-01  0.485D-01  0.417D-01  0.703D-02
  10.20225  0.390D+00  0.258D+00  0.000D+00  0.000D+00  0.132D+00  0.344D-01  0.485D-01  0.417D-01  0.707D-02
  10.23363  0.391D+00  0.259D+00  0.000D+00  0.000D+00  0.132D+00  0.345D-01  0.486D-01  0.417D-01  0.712D-02
  10.26502  0.392D+00  0.260D+00  0.000D+00  0.000D+00  0.132D+00  0.346D-01  0.487D-01  0.418D-01  0.716D-02
  10.29640  0.393D+00  0.261D+00  0.000D+00  0.000D+00  0.132D+00  0.346D-01  0.488D-01  0.417D-01  0.721D-02
  10.32779  0.394D+00  0.261D+00  0.000D+00  0.000D+00  0.133D+00  0.347D-01  0.489D-01  0.417D-01  0.725D-02
  10.35917  0.395D+00  0.262D+00  0.000D+00  0.000D+00  0.133D+00  0.347D-01  0.490D-01  0.417D-01  0.729D-02
  10.39055  0.396D+00  0.263D+00  0.000D+00  0.000D+00  0.133D+00  0.347D-01  0.491D-01  0.416D-01  0.734D-02
  10.42194  0.396D+00  0.264D+00  0.000D+00  0.000D+00  0.133D+00  0.346D-01  0.491D-01  0.415D-01  0.738D-02
  10.45332  0.397D+00  0.264D+00  0.000D+00  0.000D+00  0.133D+00  0.346D-01  0.492D-01  0.414D-01  0.742D-02
  10.48471  0.397D+00  0.265D+00  0.000D+00  0.000D+00  0.132D+00  0.345D-01  0.493D-01  0.413D-01  0.745D-02
  10.51609  0.397D+00  0.265D+00  0.000D+00  0.000D+00  0.132D+00  0.343D-01  0.493D-01  0.411D-01  0.749D-02
  10.54748  0.397D+00  0.265D+00  0.000D+00  0.000D+00  0.132D+00  0.342D-01  0.494D-01  0.410D-01  0.752D-02
  10.57886  0.397D+00  0.266D+00  0.000D+00  0.000D+00  0.132D+00  0.339D-01  0.494D-01  0.407D-01  0.754D-02
  10.61025  0.397D+00  0.266D+00  0.000D+00  0.000D+00  0.131D+00  0.337D-01  0.495D-01  0.405D-01  0.756D-02
  10.64163  0.396D+00  0.265D+00  0.000D+00  0.000D+00  0.131D+00  0.334D-01  0.495D-01  0.403D-01  0.758D-02
  10.67302  0.395D+00  0.265D+00  0.000D+00  0.000D+00  0.130D+00  0.331D-01  0.495D-01  0.400D-01  0.760D-02
  10.70440  0.394D+00  0.265D+00  0.000D+00  0.000D+00  0.130D+00  0.328D-01  0.495D-01  0.397D-01  0.760D-02
  10.73579  0.393D+00  0.264D+00  0.000D+00  0.000D+00  0.129D+00  0.324D-01  0.495D-01  0.394D-01  0.761D-02
  10.76717  0.392D+00  0.264D+00  0.000D+00  0.000D+00  0.128D+00  0.320D-01  0.495D-01  0.391D-01  0.761D-02
  10.79855  0.390D+00  0.263D+00  0.000D+00  0.000D+00  0.127D+00  0.316D-01  0.494D-01  0.388D-01  0.761D-02
  10.82994  0.389D+00  0.262D+00  0.000D+00  0.000D+00  0.127D+00  0.312D-01  0.494D-01  0.384D-01  0.760D-02
  10.86132  0.387D+00  0.261D+00  0.000D+00  0.000D+00  0.126D+00  0.307D-01  0.493D-01  0.381D-01  0.759D-02
  10.89271  0.386D+00  0.261D+00  0.000D+00  0.000D+00  0.125D+00  0.303D-01  0.492D-01  0.378D-01  0.758D-02
  10.92409  0.384D+00  0.260D+00  0.000D+00  0.000D+00  0.124D+00  0.299D-01  0.491D-01  0.375D-01  0.756D-02
  10.95548  0.382D+00  0.259D+00  0.000D+00  0.000D+00  0.123D+00  0.294D-01  0.491D-01  0.372D-01  0.754D-02
  10.98686  0.381D+00  0.258D+00  0.000D+00  0.000D+00  0.122D+00  0.290D-01  0.490D-01  0.369D-01  0.753D-02
  11.01825  0.380D+00  0.258D+00  0.000D+00  0.000D+00  0.122D+00  0.286D-01  0.489D-01  0.367D-01  0.751D-02
  11.04963  0.378D+00  0.257D+00  0.000D+00  0.000D+00  0.121D+00  0.282D-01  0.488D-01  0.364D-01  0.749D-02
  11.08102  0.377D+00  0.257D+00  0.000D+00  0.000D+00  0.120D+00  0.279D-01  0.486D-01  0.362D-01  0.748D-02
  11.11240  0.376D+00  0.257D+00  0.000D+00  0.000D+00  0.120D+00  0.276D-01  0.485D-01  0.360D-01  0.747D-02
  11.14379  0.376D+00  0.257D+00  0.000D+00  0.000D+00  0.119D+00  0.273D-01  0.484D-01  0.359D-01  0.745D-02
  11.17517  0.375D+00  0.257D+00  0.000D+00  0.000D+00  0.119D+00  0.270D-01  0.484D-01  0.357D-01  0.745D-02
  11.20655  0.375D+00  0.257D+00  0.000D+00  0.000D+00  0.118D+00  0.267D-01  0.483D-01  0.356D-01  0.744D-02
  11.23794  0.375D+00  0.257D+00  0.000D+00  0.000D+00  0.118D+00  0.265D-01  0.482D-01  0.356D-01  0.744D-02
  11.26932  0.375D+00  0.258D+00  0.000D+00  0.000D+00  0.117D+00  0.263D-01  0.481D-01  0.355D-01  0.744D-02
  11.30071  0.375D+00  0.258D+00  0.000D+00  0.000D+00  0.117D+00  0.262D-01  0.481D-01  0.355D-01  0.744D-02
  11.33209  0.376D+00  0.259D+00  0.000D+00  0.000D+00  0.117D+00  0.260D-01  0.480D-01  0.355D-01  0.745D-02
  11.36348  0.376D+00  0.259D+00  0.000D+00  0.000D+00  0.117D+00  0.259D-01  0.480D-01  0.355D-01  0.746D-02
  11.39486  0.377D+00  0.260D+00  0.000D+00  0.000D+00  0.117D+00  0.257D-01  0.480D-01  0.356D-01  0.747D-02
  11.42625  0.377D+00  0.260D+00  0.000D+00  0.000D+00  0.117D+00  0.256D-01  0.480D-01  0.356D-01  0.749D-02
  11.45763  0.378D+00  0.261D+00  0.000D+00  0.000D+00  0.117D+00  0.255D-01  0.480D-01  0.357D-01  0.751D-02
  11.48902  0.378D+00  0.262D+00  0.000D+00  0.000D+00  0.117D+00  0.254D-01  0.480D-01  0.357D-01  0.752D-02
  11.52040  0.379D+00  0.262D+00  0.000D+00  0.000D+00  0.117D+00  0.253D-01  0.480D-01  0.358D-01  0.755D-02
  11.55179  0.379D+00  0.262D+00  0.000D+00  0.000D+00  0.117D+00  0.252D-01  0.480D-01  0.358D-01  0.757D-02
  11.58317  0.379D+00  0.263D+00  0.000D+00  0.000D+00  0.117D+00  0.251D-01  0.480D-01  0.359D-01  0.759D-02
  11.61455  0.379D+00  0.263D+00  0.000D+00  0.000D+00  0.116D+00  0.249D-01  0.480D-01  0.359D-01  0.761D-02
  11.64594  0.379D+00  0.262D+00  0.000D+00  0.000D+00  0.116D+00  0.248D-01  0.481D-01  0.359D-01  0.764D-02
  11.67732  0.378D+00  0.262D+00  0.000D+00  0.000D+00  0.116D+00  0.246D-01  0.481D-01  0.359D-01  0.766D-02
  11.70871  0.378D+00  0.262D+00  0.000D+00  0.000D+00  0.116D+00  0.244D-01  0.481D-01  0.359D-01  0.769D-02
  11.74009  0.377D+00  0.261D+00  0.000D+00  0.000D+00  0.116D+00  0.243D-01  0.481D-01  0.358D-01  0.771D-02
  11.77148  0.376D+00  0.260D+00  0.000D+00  0.000D+00  0.116D+00  0.241D-01  0.481D-01  0.358D-01  0.773D-02
  11.80286  0.375D+00  0.259D+00  0.000D+00  0.000D+00  0.115D+00  0.239D-01  0.482D-01  0.357D-01  0.776D-02
  11.83425  0.373D+00  0.258D+00  0.000D+00  0.000D+00  0.115D+00  0.237D-01  0.482D-01  0.356D-01  0.779D-02
  11.86563  0.372D+00  0.257D+00  0.000D+00  0.000D+00  0.115D+00  0.235D-01  0.482D-01  0.355D-01  0.781D-02
  11.89702  0.370D+00  0.256D+00  0.000D+00  0.000D+00  0.115D+00  0.233D-01  0.482D-01  0.353D-01  0.784D-02
  11.92840  0.368D+00  0.254D+00  0.000D+00  0.000D+00  0.114D+00  0.231D-01  0.483D-01  0.352D-01  0.787D-02
  11.95979  0.367D+00  0.253D+00  0.000D+00  0.000D+00  0.114D+00  0.229D-01  0.483D-01  0.350D-01  0.790D-02
  11.99117  0.365D+00  0.251D+00  0.000D+00  0.000D+00  0.114D+00  0.227D-01  0.484D-01  0.349D-01  0.794D-02
  12.02255  0.363D+00  0.249D+00  0.000D+00  0.000D+00  0.114D+00  0.225D-01  0.485D-01  0.347D-01  0.798D-02
  12.05394  0.361D+00  0.248D+00  0.000D+00  0.000D+00  0.113D+00  0.224D-01  0.486D-01  0.345D-01  0.802D-02
  12.08532  0.360D+00  0.246D+00  0.000D+00  0.000D+00  0.113D+00  0.222D-01  0.487D-01  0.344D-01  0.807D-02
  12.11671  0.358D+00  0.245D+00  0.000D+00  0.000D+00  0.113D+00  0.221D-01  0.488D-01  0.342D-01  0.812D-02
  12.14809  0.357D+00  0.244D+00  0.000D+00  0.000D+00  0.113D+00  0.220D-01  0.490D-01  0.341D-01  0.818D-02
  12.17948  0.356D+00  0.243D+00  0.000D+00  0.000D+00  0.113D+00  0.219D-01  0.492D-01  0.340D-01  0.825D-02
  12.21086  0.355D+00  0.242D+00  0.000D+00  0.000D+00  0.113D+00  0.218D-01  0.494D-01  0.339D-01  0.832D-02
  12.24225  0.355D+00  0.241D+00  0.000D+00  0.000D+00  0.114D+00  0.218D-01  0.496D-01  0.338D-01  0.839D-02
  12.27363  0.354D+00  0.240D+00  0.000D+00  0.000D+00  0.114D+00  0.218D-01  0.499D-01  0.338D-01  0.848D-02
  12.30502  0.354D+00  0.240D+00  0.000D+00  0.000D+00  0.114D+00  0.218D-01  0.502D-01  0.337D-01  0.856D-02
  12.33640  0.355D+00  0.240D+00  0.000D+00  0.000D+00  0.115D+00  0.218D-01  0.505D-01  0.338D-01  0.866D-02
  12.36779  0.355D+00  0.240D+00  0.000D+00  0.000D+00  0.115D+00  0.219D-01  0.509D-01  0.338D-01  0.875D-02
  12.39917  0.356D+00  0.240D+00  0.000D+00  0.000D+00  0.116D+00  0.220D-01  0.512D-01  0.339D-01  0.886D-02
  12.43055  0.357D+00  0.240D+00  0.000D+00  0.000D+00  0.117D+00  0.220D-01  0.516D-01  0.340D-01  0.896D-02
  12.46194  0.358D+00  0.241D+00  0.000D+00  0.000D+00  0.117D+00  0.221D-01  0.520D-01  0.341D-01  0.907D-02
  12.49332  0.359D+00  0.241D+00  0.000D+00  0.000D+00  0.118D+00  0.222D-01  0.524D-01  0.342D-01  0.918D-02
  12.52471  0.361D+00  0.242D+00  0.000D+00  0.000D+00  0.119D+00  0.223D-01  0.527D-01  0.344D-01  0.929D-02
  12.55609  0.362D+00  0.243D+00  0.000D+00  0.000D+00  0.120D+00  0.225D-01  0.531D-01  0.346D-01  0.940D-02
  12.58748  0.364D+00  0.244D+00  0.000D+00  0.000D+00  0.120D+00  0.226D-01  0.535D-01  0.348D-01  0.951D-02
  12.61886  0.366D+00  0.245D+00  0.000D+00  0.000D+00  0.121D+00  0.226D-01  0.538D-01  0.350D-01  0.962D-02
  12.65025  0.367D+00  0.246D+00  0.000D+00  0.000D+00  0.122D+00  0.227D-01  0.541D-01  0.351D-01  0.971D-02
  12.68163  0.369D+00  0.246D+00  0.000D+00  0.000D+00  0.122D+00  0.228D-01  0.544D-01  0.353D-01  0.981D-02
  12.71302  0.370D+00  0.247D+00  0.000D+00  0.000D+00  0.123D+00  0.228D-01  0.546D-01  0.355D-01  0.989D-02
  12.74440  0.371D+00  0.248D+00  0.000D+00  0.000D+00  0.123D+00  0.229D-01  0.548D-01  0.356D-01  0.997D-02
  12.77579  0.372D+00  0.249D+00  0.000D+00  0.000D+00  0.124D+00  0.229D-01  0.549D-01  0.357D-01  0.100D-01
  12.80717  0.373D+00  0.249D+00  0.000D+00  0.000D+00  0.124D+00  0.228D-01  0.549D-01  0.358D-01  0.101D-01
  12.83855  0.373D+00  0.249D+00  0.000D+00  0.000D+00  0.124D+00  0.228D-01  0.549D-01  0.359D-01  0.101D-01
  12.86994  0.373D+00  0.250D+00  0.000D+00  0.000D+00  0.124D+00  0.227D-01  0.549D-01  0.359D-01  0.102D-01
  12.90132  0.373D+00  0.250D+00  0.000D+00  0.000D+00  0.123D+00  0.226D-01  0.547D-01  0.358D-01  0.102D-01
  12.93271  0.373D+00  0.250D+00  0.000D+00  0.000D+00  0.123D+00  0.224D-01  0.545D-01  0.357D-01  0.102D-01
  12.96409  0.372D+00  0.250D+00  0.000D+00  0.000D+00  0.122D+00  0.222D-01  0.542D-01  0.356D-01  0.102D-01
  12.99548  0.371D+00  0.249D+00  0.000D+00  0.000D+00  0.121D+00  0.220D-01  0.539D-01  0.354D-01  0.102D-01
  13.02686  0.370D+00  0.249D+00  0.000D+00  0.000D+00  0.121D+00  0.218D-01  0.535D-01  0.352D-01  0.101D-01
  13.05825  0.368D+00  0.249D+00  0.000D+00  0.000D+00  0.120D+00  0.215D-01  0.531D-01  0.349D-01  0.101D-01
  13.08963  0.366D+00  0.248D+00  0.000D+00  0.000D+00  0.118D+00  0.212D-01  0.525D-01  0.346D-01  0.100D-01
  13.12102  0.365D+00  0.248D+00  0.000D+00  0.000D+00  0.117D+00  0.209D-01  0.520D-01  0.342D-01  0.999D-02
  13.15240  0.363D+00  0.247D+00  0.000D+00  0.000D+00  0.116D+00  0.206D-01  0.514D-01  0.338D-01  0.992D-02
  13.18379  0.361D+00  0.246D+00  0.000D+00  0.000D+00  0.114D+00  0.202D-01  0.508D-01  0.334D-01  0.985D-02
  13.21517  0.358D+00  0.246D+00  0.000D+00  0.000D+00  0.113D+00  0.199D-01  0.501D-01  0.329D-01  0.977D-02
  13.24655  0.356D+00  0.245D+00  0.000D+00  0.000D+00  0.111D+00  0.196D-01  0.495D-01  0.324D-01  0.970D-02
  13.27794  0.354D+00  0.245D+00  0.000D+00  0.000D+00  0.110D+00  0.192D-01  0.488D-01  0.319D-01  0.962D-02
  13.30932  0.352D+00  0.244D+00  0.000D+00  0.000D+00  0.108D+00  0.189D-01  0.482D-01  0.315D-01  0.954D-02
  13.34071  0.350D+00  0.244D+00  0.000D+00  0.000D+00  0.107D+00  0.185D-01  0.476D-01  0.310D-01  0.947D-02
  13.37209  0.349D+00  0.244D+00  0.000D+00  0.000D+00  0.105D+00  0.182D-01  0.470D-01  0.305D-01  0.940D-02
  13.40348  0.347D+00  0.243D+00  0.000D+00  0.000D+00  0.104D+00  0.179D-01  0.464D-01  0.300D-01  0.933D-02
  13.43486  0.346D+00  0.243D+00  0.000D+00  0.000D+00  0.102D+00  0.175D-01  0.459D-01  0.296D-01  0.928D-02
  13.46625  0.345D+00  0.244D+00  0.000D+00  0.000D+00  0.101D+00  0.172D-01  0.454D-01  0.292D-01  0.923D-02
  13.49763  0.344D+00  0.244D+00  0.000D+00  0.000D+00  0.100D+00  0.170D-01  0.450D-01  0.289D-01  0.920D-02
  13.52902  0.343D+00  0.244D+00  0.000D+00  0.000D+00  0.991D-01  0.167D-01  0.447D-01  0.285D-01  0.917D-02
  13.56040  0.343D+00  0.245D+00  0.000D+00  0.000D+00  0.983D-01  0.165D-01  0.444D-01  0.283D-01  0.916D-02
  13.59179  0.343D+00  0.245D+00  0.000D+00  0.000D+00  0.977D-01  0.162D-01  0.443D-01  0.280D-01  0.916D-02
  13.62317  0.343D+00  0.246D+00  0.000D+00  0.000D+00  0.972D-01  0.160D-01  0.441D-01  0.279D-01  0.917D-02
  13.65455  0.343D+00  0.247D+00  0.000D+00  0.000D+00  0.969D-01  0.158D-01  0.441D-01  0.277D-01  0.920D-02
  13.68594  0.344D+00  0.247D+00  0.000D+00  0.000D+00  0.967D-01  0.157D-01  0.441D-01  0.277D-01  0.923D-02
  13.71732  0.345D+00  0.248D+00  0.000D+00  0.000D+00  0.967D-01  0.155D-01  0.442D-01  0.277D-01  0.928D-02
  13.74871  0.345D+00  0.249D+00  0.000D+00  0.000D+00  0.968D-01  0.154D-01  0.444D-01  0.277D-01  0.934D-02
  13.78009  0.346D+00  0.249D+00  0.000D+00  0.000D+00  0.971D-01  0.153D-01  0.446D-01  0.278D-01  0.942D-02
  13.81148  0.347D+00  0.250D+00  0.000D+00  0.000D+00  0.974D-01  0.151D-01  0.449D-01  0.279D-01  0.950D-02
  13.84286  0.348D+00  0.250D+00  0.000D+00  0.000D+00  0.979D-01  0.150D-01  0.452D-01  0.281D-01  0.959D-02
  13.87425  0.349D+00  0.251D+00  0.000D+00  0.000D+00  0.985D-01  0.150D-01  0.456D-01  0.283D-01  0.969D-02
  13.90563  0.350D+00  0.251D+00  0.000D+00  0.000D+00  0.991D-01  0.149D-01  0.460D-01  0.285D-01  0.979D-02
  13.93702  0.351D+00  0.251D+00  0.000D+00  0.000D+00  0.998D-01  0.148D-01  0.464D-01  0.287D-01  0.990D-02
  13.96840  0.351D+00  0.251D+00  0.000D+00  0.000D+00  0.101D+00  0.147D-01  0.468D-01  0.290D-01  0.100D-01
  13.99979  0.352D+00  0.250D+00  0.000D+00  0.000D+00  0.101D+00  0.147D-01  0.472D-01  0.292D-01  0.101D-01
  14.03117  0.352D+00  0.250D+00  0.000D+00  0.000D+00  0.102D+00  0.146D-01  0.476D-01  0.295D-01  0.102D-01
  14.06255  0.352D+00  0.249D+00  0.000D+00  0.000D+00  0.103D+00  0.146D-01  0.480D-01  0.298D-01  0.104D-01
  14.09394  0.351D+00  0.248D+00  0.000D+00  0.000D+00  0.103D+00  0.146D-01  0.484D-01  0.300D-01  0.105D-01
  14.12532  0.351D+00  0.247D+00  0.000D+00  0.000D+00  0.104D+00  0.145D-01  0.488D-01  0.302D-01  0.106D-01
  14.15671  0.350D+00  0.246D+00  0.000D+00  0.000D+00  0.105D+00  0.145D-01  0.491D-01  0.304D-01  0.107D-01
  14.18809  0.349D+00  0.244D+00  0.000D+00  0.000D+00  0.105D+00  0.145D-01  0.494D-01  0.306D-01  0.108D-01
  14.21948  0.348D+00  0.243D+00  0.000D+00  0.000D+00  0.106D+00  0.145D-01  0.497D-01  0.308D-01  0.109D-01
  14.25086  0.347D+00  0.241D+00  0.000D+00  0.000D+00  0.106D+00  0.144D-01  0.499D-01  0.309D-01  0.110D-01
  14.28225  0.346D+00  0.239D+00  0.000D+00  0.000D+00  0.107D+00  0.144D-01  0.501D-01  0.310D-01  0.111D-01
  14.31363  0.344D+00  0.237D+00  0.000D+00  0.000D+00  0.107D+00  0.144D-01  0.502D-01  0.310D-01  0.112D-01
  14.34502  0.342D+00  0.235D+00  0.000D+00  0.000D+00  0.107D+00  0.144D-01  0.503D-01  0.310D-01  0.113D-01
  14.37640  0.341D+00  0.234D+00  0.000D+00  0.000D+00  0.107D+00  0.144D-01  0.504D-01  0.310D-01  0.114D-01
  14.40779  0.339D+00  0.232D+00  0.000D+00  0.000D+00  0.107D+00  0.144D-01  0.504D-01  0.310D-01  0.114D-01
  14.43917  0.337D+00  0.230D+00  0.000D+00  0.000D+00  0.107D+00  0.144D-01  0.504D-01  0.309D-01  0.115D-01
  14.47055  0.335D+00  0.228D+00  0.000D+00  0.000D+00  0.107D+00  0.144D-01  0.503D-01  0.307D-01  0.116D-01
  14.50194  0.334D+00  0.227D+00  0.000D+00  0.000D+00  0.107D+00  0.144D-01  0.502D-01  0.306D-01  0.116D-01
  14.53332  0.332D+00  0.226D+00  0.000D+00  0.000D+00  0.107D+00  0.144D-01  0.502D-01  0.304D-01  0.117D-01
  14.56471  0.331D+00  0.225D+00  0.000D+00  0.000D+00  0.106D+00  0.144D-01  0.500D-01  0.301D-01  0.118D-01
  14.59609  0.330D+00  0.224D+00  0.000D+00  0.000D+00  0.106D+00  0.144D-01  0.499D-01  0.299D-01  0.118D-01
  14.62748  0.329D+00  0.223D+00  0.000D+00  0.000D+00  0.106D+00  0.144D-01  0.497D-01  0.296D-01  0.119D-01
  14.65886  0.328D+00  0.222D+00  0.000D+00  0.000D+00  0.105D+00  0.145D-01  0.496D-01  0.294D-01  0.119D-01
  14.69025  0.327D+00  0.222D+00  0.000D+00  0.000D+00  0.105D+00  0.145D-01  0.494D-01  0.291D-01  0.120D-01
  14.72163  0.327D+00  0.222D+00  0.000D+00  0.000D+00  0.105D+00  0.145D-01  0.493D-01  0.288D-01  0.121D-01
  14.75302  0.326D+00  0.222D+00  0.000D+00  0.000D+00  0.104D+00  0.145D-01  0.491D-01  0.285D-01  0.121D-01
  14.78440  0.326D+00  0.222D+00  0.000D+00  0.000D+00  0.104D+00  0.146D-01  0.490D-01  0.282D-01  0.122D-01
  14.81579  0.327D+00  0.223D+00  0.000D+00  0.000D+00  0.104D+00  0.146D-01  0.488D-01  0.280D-01  0.123D-01
  14.84717  0.327D+00  0.224D+00  0.000D+00  0.000D+00  0.103D+00  0.146D-01  0.487D-01  0.277D-01  0.123D-01
  14.87855  0.327D+00  0.224D+00  0.000D+00  0.000D+00  0.103D+00  0.146D-01  0.486D-01  0.274D-01  0.124D-01
  14.90994  0.328D+00  0.225D+00  0.000D+00  0.000D+00  0.103D+00  0.146D-01  0.485D-01  0.272D-01  0.125D-01
  14.94132  0.329D+00  0.226D+00  0.000D+00  0.000D+00  0.103D+00  0.147D-01  0.484D-01  0.270D-01  0.126D-01
  14.97271  0.330D+00  0.227D+00  0.000D+00  0.000D+00  0.102D+00  0.147D-01  0.483D-01  0.268D-01  0.126D-01
  15.00409  0.331D+00  0.229D+00  0.000D+00  0.000D+00  0.102D+00  0.146D-01  0.482D-01  0.266D-01  0.127D-01
  15.03548  0.332D+00  0.230D+00  0.000D+00  0.000D+00  0.102D+00  0.146D-01  0.482D-01  0.265D-01  0.128D-01
  15.06686  0.333D+00  0.231D+00  0.000D+00  0.000D+00  0.102D+00  0.146D-01  0.481D-01  0.263D-01  0.129D-01
  15.09825  0.333D+00  0.232D+00  0.000D+00  0.000D+00  0.102D+00  0.145D-01  0.481D-01  0.262D-01  0.130D-01
  15.12963  0.334D+00  0.233D+00  0.000D+00  0.000D+00  0.102D+00  0.145D-01  0.480D-01  0.261D-01  0.130D-01
  15.16102  0.335D+00  0.233D+00  0.000D+00  0.000D+00  0.102D+00  0.144D-01  0.480D-01  0.260D-01  0.131D-01
  15.19240  0.335D+00  0.234D+00  0.000D+00  0.000D+00  0.101D+00  0.143D-01  0.479D-01  0.260D-01  0.131D-01
  15.22379  0.335D+00  0.234D+00  0.000D+00  0.000D+00  0.101D+00  0.142D-01  0.478D-01  0.259D-01  0.132D-01
  15.25517  0.335D+00  0.234D+00  0.000D+00  0.000D+00  0.101D+00  0.140D-01  0.477D-01  0.258D-01  0.132D-01
  15.28655  0.334D+00  0.234D+00  0.000D+00  0.000D+00  0.100D+00  0.139D-01  0.476D-01  0.257D-01  0.132D-01
  15.31794  0.333D+00  0.233D+00  0.000D+00  0.000D+00  0.999D-01  0.137D-01  0.474D-01  0.256D-01  0.132D-01
  15.34932  0.332D+00  0.232D+00  0.000D+00  0.000D+00  0.993D-01  0.135D-01  0.471D-01  0.255D-01  0.132D-01
  15.38071  0.330D+00  0.231D+00  0.000D+00  0.000D+00  0.986D-01  0.132D-01  0.468D-01  0.254D-01  0.132D-01
  15.41209  0.327D+00  0.230D+00  0.000D+00  0.000D+00  0.977D-01  0.130D-01  0.465D-01  0.252D-01  0.131D-01
  15.44348  0.324D+00  0.228D+00  0.000D+00  0.000D+00  0.967D-01  0.127D-01  0.460D-01  0.250D-01  0.130D-01
  15.47486  0.320D+00  0.225D+00  0.000D+00  0.000D+00  0.954D-01  0.124D-01  0.455D-01  0.248D-01  0.129D-01
  15.50625  0.316D+00  0.222D+00  0.000D+00  0.000D+00  0.940D-01  0.120D-01  0.448D-01  0.245D-01  0.127D-01
  15.53763  0.311D+00  0.219D+00  0.000D+00  0.000D+00  0.924D-01  0.117D-01  0.441D-01  0.241D-01  0.125D-01
  15.56902  0.305D+00  0.215D+00  0.000D+00  0.000D+00  0.906D-01  0.113D-01  0.433D-01  0.237D-01  0.123D-01
  15.60040  0.299D+00  0.210D+00  0.000D+00  0.000D+00  0.885D-01  0.109D-01  0.423D-01  0.232D-01  0.120D-01
  15.63179  0.292D+00  0.206D+00  0.000D+00  0.000D+00  0.863D-01  0.105D-01  0.413D-01  0.227D-01  0.117D-01
  15.66317  0.284D+00  0.200D+00  0.000D+00  0.000D+00  0.839D-01  0.101D-01  0.402D-01  0.221D-01  0.114D-01
  15.69455  0.276D+00  0.195D+00  0.000D+00  0.000D+00  0.812D-01  0.961D-02  0.390D-01  0.215D-01  0.111D-01
  15.72594  0.267D+00  0.189D+00  0.000D+00  0.000D+00  0.784D-01  0.916D-02  0.377D-01  0.208D-01  0.107D-01
  15.75732  0.258D+00  0.182D+00  0.000D+00  0.000D+00  0.755D-01  0.869D-02  0.363D-01  0.201D-01  0.103D-01
  15.78871  0.248D+00  0.176D+00  0.000D+00  0.000D+00  0.723D-01  0.823D-02  0.349D-01  0.193D-01  0.991D-02
  15.82009  0.238D+00  0.168D+00  0.000D+00  0.000D+00  0.691D-01  0.775D-02  0.334D-01  0.185D-01  0.947D-02
  15.85148  0.227D+00  0.161D+00  0.000D+00  0.000D+00  0.658D-01  0.728D-02  0.318D-01  0.176D-01  0.902D-02
  15.88286  0.216D+00  0.154D+00  0.000D+00  0.000D+00  0.623D-01  0.681D-02  0.302D-01  0.167D-01  0.855D-02
  15.91425  0.205D+00  0.146D+00  0.000D+00  0.000D+00  0.589D-01  0.635D-02  0.286D-01  0.158D-01  0.808D-02
  15.94563  0.193D+00  0.138D+00  0.000D+00  0.000D+00  0.554D-01  0.590D-02  0.270D-01  0.149D-01  0.760D-02
  15.97702  0.182D+00  0.130D+00  0.000D+00  0.000D+00  0.519D-01  0.546D-02  0.253D-01  0.140D-01  0.712D-02
