 This output is generated by fleur.26b  * * 
                                     * \:/ *
                                     *  |  *
                                       * *  
 
 No system architecture specified in Makefile
You compiled for GEN with DOUBLE precision,
for systems without INVERSION and with SOC.
 Additional flags are: CPP_MPI  CPP_HDF  CPP_F90  CPP_WANN 
 Your parameters: 
  No fl7para-file found, 
  invoking dimen7... 
 -------- dump of inp-file ------------
strho=F,film=F,dos=T,isec1=99,ndir= 0,secvar=F
bcc Fe                                                                          
any any ,invs=T,zrfs=F,invs2=F,jspins=2,l_noco=F,l_J=F,ms=F,sgwf=F,socgwf=F
    -2.67728003     2.67728003     2.67728003
     2.67728003    -2.67728003     2.67728003
     2.67728003     2.67728003    -2.67728003    -2.67728003     1.00000000
pbe    non-relativi
igrd=1,lwb=F,ndvgrd=6,idsprs=0,chng=-0.100D-11
    
  1
**********************************
Fe  26    4   12  981  2.260000  0.016000
    
 1,force =T,nlo= 2,llo=  0  1
  0.000000  0.000000  0.000000  4.000000
**********************************
 15.000000 12.500000
vchk=F,cdinf=F,pot8=F,gw=0,numbands=  0
lpr=0,form66=F,l_f=F,eonly=F,eig66=F,soc66=T
  8
  1  0
Window # 1
  -1.80000   1.00000  16.00000
   5.20000 =kmax
gauss=F   0.00100tria=F
  0.000000  0.000000,l_soc=T,spav=F,off=F
frcor=F,slice=F,ctail=T,disp=F,kcrel=0,u2f=F,f2u=F,bmt=F
itmax= 9,maxiter= 99,imix= 7,alpha=  0.05,spinf=  2.00
swsp=F  2.20
lflip=F  1
vacdos=F,layers= 0,integ=F,star=F,nstars= 0     0.00     0.00     0.00     0.00,nstm=0,tworkf=  0.000000

iplot=F,score=F,plpot=F,band=T
  0  0.000000  0.000000,nnne=  0,pallst=F
xa=   2.00000,thetad= 330.00000,epsdisp=   0.00001,epsforce=   0.00001
relax 111
emin_dos=  -0.50000,emax_dos=   1.00000,sig_dos=   0.01500

   1 : E  
       1  0  0    0.0
       0  1  0    0.0
       0  0  1    0.0

   2 : c_2
       0  1 -1    0.0
       1  0 -1    0.0
       0  0 -1    0.0

   3 : I  
      -1  0  0    0.0
       0 -1  0    0.0
       0  0 -1    0.0

   4 : c_4
       0  1  0    0.0
       0  1 -1    0.0
      -1  1  0    0.0

   5 : c_4
       1  0 -1    0.0
       1  0  0    0.0
       1 -1  0    0.0

   6 : m  
      -1  0  1    0.0
      -1  0  0    0.0
      -1  1  0    0.0

   7 : m  
       0 -1  0    0.0
       0 -1  1    0.0
       1 -1  0    0.0

   8 : m  
       0 -1  1    0.0
      -1  0  1    0.0
       0  0  1    0.0


 Local symmetries:
 -----------------
   symmetry kinds =   1

   symmetry  1:   8 operations in local point group
        atoms:
             1
 gmax= 15.000000
 n3d=    577
 n2d=      2
 k1d=     11
 k2d=     11
 k3d=     11

 minimum: kxc1d,kxc2d,kxc3d          22          22          22
 ifft235: kxc1d,kxc2d,kxc3d          24          24          24
 -----------fl7para file starts here-----------
      Symmetry elements and FFT parameters 
      parameter (nop = 8,k1d= 11,k2d= 11,k3d= 11,n3d=   577,n2d=   2)
      FFT-parameters for charge density
      parameter (kq1d= 16,kq2d= 16,kq3d= 16)
      FFT-parameters for XC-potential
      parameter (kxc1d= 24,kxc2d= 24,kxc3d= 24)
      (Inequivalent) atoms and radial mesh
      parameter (ntypd=  1,natd=  1,jmtd= 981)
      Different lattice harmonics components
      parameter (ntypsd=  1,nlhd= 24,memd= 2)
      L-cutoff of potential, charge & wf 
      parameter (lmaxd=12)
      Number of spins and vacua
      parameter (jspd=2,nvacd=1)
      Vacuum layers for G=0 and G=/=0
      parameter (nmzd=250,nmzxyd=100)
      3 & 2D planewaves, windows, k-points
      parameter (nvd=  191,nv2d=  37,nwdd=1,nkptd=  552)
      Number of (occupied) bands
      parameter (nobd=  26,neigd=  26)
      Nuclear mesh and core levels
      parameter (msh=1124,nstd=30)
      Max. l-value for pseudocharge exp.
      parameter (ncvd= 26)
      Layers for vacuum DOS
      parameter(layerd=  1)
      Local Orbital Parameters
      parameter (nlod=  2,llod=  1)
      One-dimensional parameters
      parameter (vM=  0,MM=  0,m_cyl=  0,chi=  0,rot=  0,nop=  8,n2d=     2,d1=F)
 -----------fl7para file ends here-----------
1   f l a p w  version fleur.26b




    bcc Fe                                                                          


 lattice=any
 name of space group=any 
 inversion symmetry=   T
 z-reflection symmetry=F
 vacuum-inversion symm=F
 jspins=2
 unit cell scaled by      1.000000
 the vacuum begins at z= -1.338640
 dtilda/2=               -1.338640


 bravais matrices of real and reciprocal lattices

    -2.67728003000000  2.67728003000000  2.67728003000000
     2.67728003000000 -2.67728003000000  2.67728003000000
     2.67728003000000  2.67728003000000 -2.67728003000000
     0.00000000000000  1.17342699246511  1.17342699246511
     1.17342699246511  0.00000000000000  1.17342699246511
     1.17342699246511  1.17342699246511  0.00000000000000

    the volume of the unit cell omega-tilda=   76.761135
          the volume of the unit cell omega=   76.761135
  the area of the two-dimensional unit cell=    1.000000
 exchange-correlation: pbe   non-relativi correction
igrd=1,lwb=F,ndvgrd=6,idsprs=0,chng=-0.100D-11


Fe  26    4   12  981  2.260000  0.016000
  0.000000  0.000000  0.000000  4.000000
 ----------------------------------------------------
 Suggested values for input: 
 
Atom Z  lmax jri    rmt         dx
Fe  26    8  747  2.260628  0.016280
k_max = 3.53884
G_max =10.61652
 ----------------------------------------------------
              volume of interstitial region=   28.409192


 number of atom types=  1
 total number of atoms= 1

  no.    type       int.-coord.                 cart.coord.                rmt     jri     dx    lmax

   1    Fe   1    0.00  0.00  0.00     0.000000  0.000000  0.000000     2.260000   981   0.0160   12



 input of parameters for eigenvalues:
    eigenvectors are not printed
    formatted eigenvector file = F
    calculate Pulay-forces = F
    eigenvalues only = F
    number of energy windows = 1
    energy parameter mode: absolute


    max. l value in wavefunctions for atom type(s) 1 to  1:  8


 energy window  1 of  1 from  -1.800 to   1.000 hartrees; nr. of electrons=  16.0

 wavefunction cutoff (relative) =   5.20000
                     (absolute) =   5.20000

          gauss-integration is used  =   F
          gaussian half width        =   0.00100

          number of valence electrons=  16.00000
          temperature broadening     =   0.00100
 itmax=           9  broy_sv=          99  imix=           7
 alpha=  5.000000000000000E-002  spinf=   2.00000000000000     
swsp = F
  2.20
the number of local orbitals for this atom type is:  2
the corresponding values of l are:  0 1

   1 : E  
       1  0  0    0.0
       0  1  0    0.0
       0  0  1    0.0

   2 : c_2
       0  1 -1    0.0
       1  0 -1    0.0
       0  0 -1    0.0

   3 : I  
      -1  0  0    0.0
       0 -1  0    0.0
       0  0 -1    0.0

   4 : c_4
       0  1  0    0.0
       0  1 -1    0.0
      -1  1  0    0.0

   5 : c_4
       1  0 -1    0.0
       1  0  0    0.0
       1 -1  0    0.0

   6 : m  
      -1  0  1    0.0
      -1  0  0    0.0
      -1  1  0    0.0

   7 : m  
       0 -1  0    0.0
       0 -1  1    0.0
       1 -1  0    0.0

   8 : m  
       0 -1  1    0.0
      -1  0  1    0.0
       0  0  1    0.0


 Local symmetries:
 -----------------
   symmetry kinds =   1

   symmetry  1:   8 operations in local point group
        atoms:
             1

 --- Local symmetry  1:  25 lattice harmonics ------------------------------

     lattice harmonic   1:  l= 0,  1 members:
         0    1.00000000    0.00000000

     lattice harmonic   2:  l= 2,  1 members:
         0    1.00000000    0.00000000

     lattice harmonic   3:  l= 4,  1 members:
         0    1.00000000    0.00000000

     lattice harmonic   4:  l= 4,  2 members:
         4    0.70710678    0.00000000        -4    0.70710678    0.00000000

     lattice harmonic   5:  l= 4,  2 members:
         4    0.00000000   -0.70710678        -4    0.00000000    0.70710678

     lattice harmonic   6:  l= 6,  1 members:
         0    1.00000000    0.00000000

     lattice harmonic   7:  l= 6,  2 members:
         4    0.70710678    0.00000000        -4    0.70710678    0.00000000

     lattice harmonic   8:  l= 6,  2 members:
         4    0.00000000   -0.70710678        -4    0.00000000    0.70710678

     lattice harmonic   9:  l= 8,  1 members:
         0    1.00000000    0.00000000

     lattice harmonic  10:  l= 8,  2 members:
         4    0.70710678    0.00000000        -4    0.70710678    0.00000000

     lattice harmonic  11:  l= 8,  2 members:
         8    0.70710678    0.00000000        -8    0.70710678    0.00000000

     lattice harmonic  12:  l= 8,  2 members:
         4    0.00000000   -0.70710678        -4    0.00000000    0.70710678

     lattice harmonic  13:  l= 8,  2 members:
         8    0.00000000   -0.70710678        -8    0.00000000    0.70710678

     lattice harmonic  14:  l=10,  1 members:
         0    1.00000000    0.00000000

     lattice harmonic  15:  l=10,  2 members:
         4    0.70710678    0.00000000        -4    0.70710678    0.00000000

     lattice harmonic  16:  l=10,  2 members:
         8    0.70710678    0.00000000        -8    0.70710678    0.00000000

     lattice harmonic  17:  l=10,  2 members:
         4    0.00000000   -0.70710678        -4    0.00000000    0.70710678

     lattice harmonic  18:  l=10,  2 members:
         8    0.00000000   -0.70710678        -8    0.00000000    0.70710678

     lattice harmonic  19:  l=12,  1 members:
         0    1.00000000    0.00000000

     lattice harmonic  20:  l=12,  2 members:
         4    0.70710678    0.00000000        -4    0.70710678    0.00000000

     lattice harmonic  21:  l=12,  2 members:
         8    0.70710678    0.00000000        -8    0.70710678    0.00000000

     lattice harmonic  22:  l=12,  2 members:
        12    0.70710678    0.00000000       -12    0.70710678    0.00000000

     lattice harmonic  23:  l=12,  2 members:
         4    0.00000000   -0.70710678        -4    0.00000000    0.70710678

     lattice harmonic  24:  l=12,  2 members:
         8    0.00000000   -0.70710678        -8    0.00000000    0.70710678

     lattice harmonic  25:  l=12,  2 members:
        12    0.00000000   -0.70710678       -12    0.00000000    0.70710678


     group operations on equivalent atoms:
     atom  1 can be mapped into atom  1 through group  operation   1


 multiplication table


   1  2  3  4  5  6  7  8
   2  1  8  5  4  7  6  3
   3  8  1  7  6  5  4  2
   4  5  7  2  1  3  8  6
   5  4  6  1  2  8  3  7
   6  7  5  3  8  2  1  4
   7  6  4  8  3  1  2  5
   8  3  2  6  7  4  5  1


 inverse operations


   1  1
   2  2
   3  3
   4  5
   5  4
   6  7
   7  6
   8  8



   s t a r   l i s t

 gmax= 14.935287
 nq3=    577
 izmin=    0
 izmax=   -1
 nk1=     23
 nk2=     23
 nk3=     23

 mx1,mx2,mx3= 11 11 11
 kimax2,kimax=      0   4320, (start from 0)

    no.     kv3         sk3       nstr

     1   0   0   0    0.000000     1
     2   1  -1   0    1.659476     4
     3   1   0   0    1.659476     8
     4   1   1  -1    2.346854     2
     5   1  -1   1    2.346854     4
     6   2  -1  -1    2.874297     8
     7   2   0  -1    2.874297     8
     8   2  -1   0    2.874297     8
     9   2  -2   0    3.318953     4
    10   2   0   0    3.318953     8
    40   4   0  -3    5.983327     8
    70   5  -2  -3    7.233490     8
   100   6  -1  -3    8.297382     8
   130   6  -4   0    8.781124     8
   160   6  -2   1    9.532966     8
   190   7  -4   0   10.094201     8
   220   7  -5   1   10.754636     8
   250   8  -4  -1   11.132106     8
   280   8  -5   0   11.616335     8
   310   8   1  -4   12.081170     8
   340   8   0  -7   12.528772     8
   370   8  -4  -6   12.854249     8
   400   8  -7  -3   13.171685     8
   430   9   1  -6   13.583399     8
   460  10  -5  -3   13.784646     8
   490   7   5  -6   14.178572     8
   520   9  -8  -2   14.371487     8
   550  10  -3  -7   14.749749     8
   577   9  -6   3   14.935287     8
READING enpara for spin: 1 window: 1

 energy parameters:
         s         p         d      higher l - - -
 -->  1   4.00000  4.00000  3.00000  4.00000 change: FFFF skiplo:   4
 --> lo   3.00000  3.00000
 --> change   F        F
Spin: 1 --   4eigenvalues
will be skipped for energyparameter computation
READING enpara for spin: 2 window: 1

 energy parameters:
         s         p         d      higher l - - -
 -->  1   4.00000  4.00000  3.00000  4.00000 change: FFFF skiplo:   4
 --> lo   3.00000  3.00000
 --> change   F        F
Spin: 2 --   4eigenvalues
will be skipped for energyparameter computation

 number of k-points for this window =  552
           coordinates           weights
  -0.40625   0.46875   0.46875   0.00195
  -0.46875   0.46875   0.46875   0.00098
  -0.34375   0.40625   0.46875   0.00195
  -0.40625   0.40625   0.46875   0.00098
  -0.40625   0.46875   0.40625   0.00195
  -0.28125   0.34375   0.46875   0.00195
  -0.34375   0.34375   0.46875   0.00098
  -0.34375   0.40625   0.40625   0.00195
  -0.34375   0.46875   0.34375   0.00195
  -0.21875   0.28125   0.46875   0.00195
  -0.28125   0.28125   0.46875   0.00098
  -0.28125   0.34375   0.40625   0.00195
  -0.28125   0.40625   0.34375   0.00195
  -0.28125   0.46875   0.28125   0.00195
  -0.15625   0.21875   0.46875   0.00195
  -0.21875   0.21875   0.46875   0.00098
  -0.21875   0.28125   0.40625   0.00195
  -0.21875   0.34375   0.34375   0.00195
  -0.21875   0.40625   0.28125   0.00195
  -0.21875   0.46875   0.21875   0.00195
  -0.09375   0.15625   0.46875   0.00195
  -0.15625   0.15625   0.46875   0.00098
  -0.15625   0.21875   0.40625   0.00195
  -0.15625   0.28125   0.34375   0.00195
  -0.15625   0.34375   0.28125   0.00195
  -0.15625   0.40625   0.21875   0.00195
  -0.15625   0.46875   0.15625   0.00195
  -0.03125   0.09375   0.46875   0.00195
  -0.09375   0.09375   0.46875   0.00098
  -0.09375   0.15625   0.40625   0.00195
  -0.09375   0.21875   0.34375   0.00195
  -0.09375   0.28125   0.28125   0.00195
  -0.09375   0.34375   0.21875   0.00195
  -0.09375   0.40625   0.15625   0.00195
  -0.09375   0.46875   0.09375   0.00195
   0.03125   0.03125   0.46875   0.00098
  -0.03125   0.03125   0.46875   0.00098
  -0.03125   0.09375   0.40625   0.00195
  -0.03125   0.15625   0.34375   0.00195
  -0.03125   0.21875   0.28125   0.00195
  -0.03125   0.28125   0.21875   0.00195
  -0.03125   0.34375   0.15625   0.00195
  -0.03125   0.40625   0.09375   0.00195
  -0.03125   0.46875   0.03125   0.00195
   0.03125  -0.03125   0.46875   0.00098
   0.03125   0.03125   0.40625   0.00195
   0.03125   0.09375   0.34375   0.00195
   0.03125   0.15625   0.28125   0.00195
   0.03125   0.21875   0.21875   0.00195
   0.03125   0.28125   0.15625   0.00195
   0.03125   0.34375   0.09375   0.00195
   0.03125   0.40625   0.03125   0.00195
   0.03125   0.46875  -0.03125   0.00195
   0.09375  -0.09375   0.46875   0.00098
   0.09375  -0.03125   0.40625   0.00195
   0.09375   0.03125   0.34375   0.00195
   0.09375   0.09375   0.28125   0.00195
   0.09375   0.15625   0.21875   0.00195
   0.09375   0.21875   0.15625   0.00195
   0.09375   0.28125   0.09375   0.00195
   0.09375   0.34375   0.03125   0.00195
   0.09375   0.40625  -0.03125   0.00195
   0.09375   0.46875  -0.09375   0.00195
   0.15625  -0.15625   0.46875   0.00098
   0.15625  -0.09375   0.40625   0.00195
   0.15625  -0.03125   0.34375   0.00195
   0.15625   0.03125   0.28125   0.00195
   0.15625   0.09375   0.21875   0.00195
   0.15625   0.15625   0.15625   0.00195
   0.15625   0.21875   0.09375   0.00195
   0.15625   0.28125   0.03125   0.00195
   0.15625   0.34375  -0.03125   0.00195
   0.15625   0.40625  -0.09375   0.00195
   0.15625   0.46875  -0.15625   0.00195
   0.21875  -0.21875   0.46875   0.00098
   0.21875  -0.15625   0.40625   0.00195
   0.21875  -0.09375   0.34375   0.00195
   0.21875  -0.03125   0.28125   0.00195
   0.21875   0.03125   0.21875   0.00195
   0.21875   0.09375   0.15625   0.00195
   0.21875   0.15625   0.09375   0.00195
   0.21875   0.21875   0.03125   0.00195
   0.21875   0.28125  -0.03125   0.00195
   0.21875   0.34375  -0.09375   0.00195
   0.21875   0.40625  -0.15625   0.00195
   0.21875   0.46875  -0.21875   0.00195
  -0.46875   0.46875   0.28125   0.00098
  -0.40625   0.46875   0.21875   0.00195
   0.28125  -0.15625   0.34375   0.00195
   0.28125  -0.09375   0.28125   0.00195
   0.28125  -0.03125   0.21875   0.00195
   0.28125   0.03125   0.15625   0.00195
   0.28125   0.09375   0.09375   0.00195
   0.28125   0.15625   0.03125   0.00195
   0.28125   0.21875  -0.03125   0.00195
   0.28125   0.28125  -0.09375   0.00195
   0.28125   0.34375  -0.15625   0.00195
   0.28125   0.40625  -0.21875   0.00195
   0.28125   0.46875  -0.28125   0.00195
  -0.46875   0.46875   0.34375   0.00098
  -0.40625   0.46875   0.28125   0.00195
  -0.34375   0.46875   0.21875   0.00195
  -0.28125   0.46875   0.15625   0.00195
  -0.21875   0.46875   0.09375   0.00195
  -0.15625   0.46875   0.03125   0.00195
   0.34375   0.03125   0.09375   0.00195
   0.34375   0.09375   0.03125   0.00195
   0.34375   0.15625  -0.03125   0.00195
   0.34375   0.21875  -0.09375   0.00195
   0.34375   0.28125  -0.15625   0.00195
   0.34375   0.34375  -0.21875   0.00195
   0.34375   0.40625  -0.28125   0.00195
   0.34375   0.46875  -0.34375   0.00195
  -0.46875   0.46875   0.40625   0.00098
  -0.40625   0.46875   0.34375   0.00195
  -0.34375   0.46875   0.28125   0.00195
  -0.28125   0.46875   0.21875   0.00195
  -0.21875   0.46875   0.15625   0.00195
  -0.15625   0.46875   0.09375   0.00195
  -0.09375   0.46875   0.03125   0.00195
  -0.03125   0.46875  -0.03125   0.00195
   0.03125   0.46875  -0.09375   0.00195
   0.09375   0.46875  -0.15625   0.00195
   0.15625   0.46875  -0.21875   0.00195
   0.40625   0.28125  -0.21875   0.00195
   0.40625   0.34375  -0.28125   0.00195
   0.40625   0.40625  -0.34375   0.00195
   0.40625   0.46875  -0.40625   0.00195
   0.46875   0.46875  -0.46875   0.00049
  -0.34375   0.46875   0.40625   0.00195
  -0.21875   0.40625   0.40625   0.00195
  -0.28125   0.40625   0.40625   0.00195
  -0.40625   0.40625   0.40625   0.00098
  -0.15625   0.34375   0.40625   0.00195
  -0.21875   0.34375   0.40625   0.00195
  -0.34375   0.34375   0.40625   0.00098
  -0.34375   0.40625   0.34375   0.00195
  -0.09375   0.28125   0.40625   0.00195
  -0.15625   0.28125   0.40625   0.00195
  -0.28125   0.28125   0.40625   0.00098
  -0.28125   0.34375   0.34375   0.00195
  -0.28125   0.40625   0.28125   0.00195
  -0.03125   0.21875   0.40625   0.00195
  -0.09375   0.21875   0.40625   0.00195
  -0.21875   0.21875   0.40625   0.00098
  -0.21875   0.28125   0.34375   0.00195
  -0.21875   0.34375   0.28125   0.00195
  -0.21875   0.40625   0.21875   0.00195
   0.03125   0.15625   0.40625   0.00195
  -0.03125   0.15625   0.40625   0.00195
  -0.15625   0.15625   0.40625   0.00098
  -0.15625   0.21875   0.34375   0.00195
  -0.15625   0.28125   0.28125   0.00195
  -0.15625   0.34375   0.21875   0.00195
  -0.15625   0.40625   0.15625   0.00195
   0.09375   0.09375   0.40625   0.00098
   0.03125   0.09375   0.40625   0.00195
  -0.09375   0.09375   0.40625   0.00098
  -0.09375   0.15625   0.34375   0.00195
  -0.09375   0.21875   0.28125   0.00195
  -0.09375   0.28125   0.21875   0.00195
  -0.09375   0.34375   0.15625   0.00195
  -0.09375   0.40625   0.09375   0.00195
   0.09375   0.03125   0.40625   0.00195
  -0.03125   0.03125   0.40625   0.00098
  -0.03125   0.09375   0.34375   0.00195
  -0.03125   0.15625   0.28125   0.00195
  -0.03125   0.21875   0.21875   0.00195
  -0.03125   0.28125   0.15625   0.00195
  -0.03125   0.34375   0.09375   0.00195
  -0.03125   0.40625   0.03125   0.00195
   0.15625  -0.03125   0.40625   0.00195
   0.03125  -0.03125   0.40625   0.00098
   0.03125   0.03125   0.34375   0.00195
   0.03125   0.09375   0.28125   0.00195
   0.03125   0.15625   0.21875   0.00195
   0.03125   0.21875   0.15625   0.00195
   0.03125   0.28125   0.09375   0.00195
   0.03125   0.34375   0.03125   0.00195
   0.03125   0.40625  -0.03125   0.00195
   0.21875  -0.09375   0.40625   0.00195
   0.09375  -0.09375   0.40625   0.00098
   0.09375  -0.03125   0.34375   0.00195
   0.09375   0.03125   0.28125   0.00195
   0.09375   0.09375   0.21875   0.00195
   0.09375   0.15625   0.15625   0.00195
   0.09375   0.21875   0.09375   0.00195
   0.09375   0.28125   0.03125   0.00195
   0.09375   0.34375  -0.03125   0.00195
   0.09375   0.40625  -0.09375   0.00195
   0.28125  -0.15625   0.40625   0.00195
   0.15625  -0.15625   0.40625   0.00098
   0.15625  -0.09375   0.34375   0.00195
   0.15625  -0.03125   0.28125   0.00195
   0.15625   0.03125   0.21875   0.00195
   0.15625   0.09375   0.15625   0.00195
   0.15625   0.15625   0.09375   0.00195
   0.15625   0.21875   0.03125   0.00195
   0.15625   0.28125  -0.03125   0.00195
   0.15625   0.34375  -0.09375   0.00195
   0.15625   0.40625  -0.15625   0.00195
  -0.40625   0.53125   0.21875   0.00195
   0.21875  -0.21875   0.40625   0.00098
   0.21875  -0.15625   0.34375   0.00195
   0.21875  -0.09375   0.28125   0.00195
   0.21875  -0.03125   0.21875   0.00195
   0.21875   0.03125   0.15625   0.00195
   0.21875   0.09375   0.09375   0.00195
   0.21875   0.15625   0.03125   0.00195
   0.21875   0.21875  -0.03125   0.00195
   0.21875   0.28125  -0.09375   0.00195
   0.21875   0.34375  -0.15625   0.00195
   0.21875   0.40625  -0.21875   0.00195
  -0.40625   0.53125   0.28125   0.00195
  -0.40625   0.40625   0.28125   0.00098
  -0.34375   0.40625   0.21875   0.00195
  -0.28125   0.40625   0.15625   0.00195
  -0.21875   0.40625   0.09375   0.00195
   0.28125  -0.03125   0.15625   0.00195
   0.28125   0.03125   0.09375   0.00195
   0.28125   0.09375   0.03125   0.00195
   0.28125   0.15625  -0.03125   0.00195
   0.28125   0.21875  -0.09375   0.00195
   0.28125   0.28125  -0.15625   0.00195
   0.28125   0.34375  -0.21875   0.00195
   0.28125   0.40625  -0.28125   0.00195
  -0.40625   0.53125   0.34375   0.00195
  -0.40625   0.40625   0.34375   0.00098
  -0.34375   0.40625   0.28125   0.00195
  -0.28125   0.40625   0.21875   0.00195
  -0.21875   0.40625   0.15625   0.00195
  -0.15625   0.40625   0.09375   0.00195
  -0.09375   0.40625   0.03125   0.00195
  -0.03125   0.40625  -0.03125   0.00195
   0.03125   0.40625  -0.09375   0.00195
   0.09375   0.40625  -0.15625   0.00195
   0.34375   0.21875  -0.15625   0.00195
   0.34375   0.28125  -0.21875   0.00195
   0.34375   0.34375  -0.28125   0.00195
   0.34375   0.40625  -0.34375   0.00195
   0.40625   0.40625  -0.40625   0.00049
  -0.28125   0.46875   0.34375   0.00195
  -0.15625   0.40625   0.34375   0.00195
  -0.21875   0.40625   0.34375   0.00195
  -0.03125   0.34375   0.34375   0.00195
  -0.09375   0.34375   0.34375   0.00195
  -0.15625   0.34375   0.34375   0.00195
  -0.34375   0.34375   0.34375   0.00098
   0.03125   0.28125   0.34375   0.00195
  -0.03125   0.28125   0.34375   0.00195
  -0.09375   0.28125   0.34375   0.00195
  -0.28125   0.28125   0.34375   0.00098
  -0.28125   0.34375   0.28125   0.00195
   0.09375   0.21875   0.34375   0.00195
   0.03125   0.21875   0.34375   0.00195
  -0.03125   0.21875   0.34375   0.00195
  -0.21875   0.21875   0.34375   0.00098
  -0.21875   0.28125   0.28125   0.00195
  -0.21875   0.34375   0.21875   0.00195
   0.15625   0.15625   0.34375   0.00098
   0.09375   0.15625   0.34375   0.00195
   0.03125   0.15625   0.34375   0.00195
  -0.15625   0.15625   0.34375   0.00098
  -0.15625   0.21875   0.28125   0.00195
  -0.15625   0.28125   0.21875   0.00195
  -0.15625   0.34375   0.15625   0.00195
   0.15625   0.09375   0.34375   0.00195
   0.09375   0.09375   0.34375   0.00195
  -0.09375   0.09375   0.34375   0.00098
  -0.09375   0.15625   0.28125   0.00195
  -0.09375   0.21875   0.21875   0.00195
  -0.09375   0.28125   0.15625   0.00195
  -0.09375   0.34375   0.09375   0.00195
   0.21875   0.03125   0.34375   0.00195
   0.15625   0.03125   0.34375   0.00195
  -0.03125   0.03125   0.34375   0.00098
  -0.03125   0.09375   0.28125   0.00195
  -0.03125   0.15625   0.21875   0.00195
  -0.03125   0.21875   0.15625   0.00195
  -0.03125   0.28125   0.09375   0.00195
  -0.03125   0.34375   0.03125   0.00195
   0.28125  -0.03125   0.34375   0.00195
   0.21875  -0.03125   0.34375   0.00195
   0.03125  -0.03125   0.34375   0.00098
   0.03125   0.03125   0.28125   0.00195
   0.03125   0.09375   0.21875   0.00195
   0.03125   0.15625   0.15625   0.00195
   0.03125   0.21875   0.09375   0.00195
   0.03125   0.28125   0.03125   0.00195
   0.03125   0.34375  -0.03125   0.00195
   0.34375  -0.09375   0.34375   0.00195
   0.28125  -0.09375   0.34375   0.00195
   0.09375  -0.09375   0.34375   0.00098
   0.09375  -0.03125   0.28125   0.00195
   0.09375   0.03125   0.21875   0.00195
   0.09375   0.09375   0.15625   0.00195
   0.09375   0.15625   0.09375   0.00195
   0.09375   0.21875   0.03125   0.00195
   0.09375   0.28125  -0.03125   0.00195
   0.09375   0.34375  -0.09375   0.00195
  -0.34375   0.59375   0.15625   0.00195
  -0.34375   0.53125   0.15625   0.00195
   0.15625  -0.15625   0.34375   0.00098
   0.15625  -0.09375   0.28125   0.00195
   0.15625  -0.03125   0.21875   0.00195
   0.15625   0.03125   0.15625   0.00195
   0.15625   0.09375   0.09375   0.00195
   0.15625   0.15625   0.03125   0.00195
   0.15625   0.21875  -0.03125   0.00195
   0.15625   0.28125  -0.09375   0.00195
   0.15625   0.34375  -0.15625   0.00195
  -0.34375   0.53125   0.21875   0.00195
  -0.34375   0.34375   0.21875   0.00098
  -0.28125   0.34375   0.15625   0.00195
   0.21875  -0.09375   0.21875   0.00195
   0.21875  -0.03125   0.15625   0.00195
   0.21875   0.03125   0.09375   0.00195
   0.21875   0.09375   0.03125   0.00195
   0.21875   0.15625  -0.03125   0.00195
   0.21875   0.21875  -0.09375   0.00195
   0.21875   0.28125  -0.15625   0.00195
   0.21875   0.34375  -0.21875   0.00195
  -0.34375   0.53125   0.28125   0.00195
  -0.34375   0.34375   0.28125   0.00098
  -0.28125   0.34375   0.21875   0.00195
  -0.21875   0.34375   0.15625   0.00195
  -0.15625   0.34375   0.09375   0.00195
  -0.09375   0.34375   0.03125   0.00195
  -0.03125   0.34375  -0.03125   0.00195
   0.03125   0.34375  -0.09375   0.00195
   0.28125   0.15625  -0.09375   0.00195
   0.28125   0.21875  -0.15625   0.00195
   0.28125   0.28125  -0.21875   0.00195
   0.28125   0.34375  -0.28125   0.00195
   0.34375   0.34375  -0.34375   0.00049
  -0.21875   0.46875   0.28125   0.00195
  -0.09375   0.40625   0.28125   0.00195
  -0.15625   0.40625   0.28125   0.00195
   0.03125   0.34375   0.28125   0.00195
  -0.03125   0.34375   0.28125   0.00195
  -0.09375   0.34375   0.28125   0.00195
   0.15625   0.28125   0.28125   0.00195
   0.09375   0.28125   0.28125   0.00195
   0.03125   0.28125   0.28125   0.00195
  -0.03125   0.28125   0.28125   0.00195
  -0.28125   0.28125   0.28125   0.00098
   0.21875   0.21875   0.28125   0.00098
   0.15625   0.21875   0.28125   0.00195
   0.09375   0.21875   0.28125   0.00195
   0.03125   0.21875   0.28125   0.00195
  -0.21875   0.21875   0.28125   0.00098
  -0.21875   0.28125   0.21875   0.00195
   0.21875   0.15625   0.28125   0.00195
   0.15625   0.15625   0.28125   0.00195
   0.09375   0.15625   0.28125   0.00195
  -0.15625   0.15625   0.28125   0.00098
  -0.15625   0.21875   0.21875   0.00195
  -0.15625   0.28125   0.15625   0.00195
   0.28125   0.09375   0.28125   0.00195
   0.21875   0.09375   0.28125   0.00195
   0.15625   0.09375   0.28125   0.00195
  -0.09375   0.09375   0.28125   0.00098
  -0.09375   0.15625   0.21875   0.00195
  -0.09375   0.21875   0.15625   0.00195
  -0.09375   0.28125   0.09375   0.00195
   0.34375   0.03125   0.28125   0.00195
   0.28125   0.03125   0.28125   0.00195
   0.21875   0.03125   0.28125   0.00195
  -0.03125   0.03125   0.28125   0.00098
  -0.03125   0.09375   0.21875   0.00195
  -0.03125   0.15625   0.15625   0.00195
  -0.03125   0.21875   0.09375   0.00195
  -0.03125   0.28125   0.03125   0.00195
   0.34375  -0.03125   0.28125   0.00195
   0.28125  -0.03125   0.28125   0.00195
   0.03125  -0.03125   0.28125   0.00098
   0.03125   0.03125   0.21875   0.00195
   0.03125   0.09375   0.15625   0.00195
   0.03125   0.15625   0.09375   0.00195
   0.03125   0.21875   0.03125   0.00195
   0.03125   0.28125  -0.03125   0.00195
  -0.28125   0.59375   0.09375   0.00195
   0.34375  -0.09375   0.28125   0.00195
   0.09375  -0.09375   0.28125   0.00098
   0.09375  -0.03125   0.21875   0.00195
   0.09375   0.03125   0.15625   0.00195
   0.09375   0.09375   0.09375   0.00195
   0.09375   0.15625   0.03125   0.00195
   0.09375   0.21875  -0.03125   0.00195
   0.09375   0.28125  -0.09375   0.00195
  -0.28125   0.53125   0.15625   0.00195
   0.15625  -0.15625   0.28125   0.00098
   0.15625  -0.09375   0.21875   0.00195
   0.15625  -0.03125   0.15625   0.00195
   0.15625   0.03125   0.09375   0.00195
   0.15625   0.09375   0.03125   0.00195
   0.15625   0.15625  -0.03125   0.00195
   0.15625   0.21875  -0.09375   0.00195
   0.15625   0.28125  -0.15625   0.00195
  -0.28125   0.53125   0.21875   0.00195
  -0.28125   0.28125   0.21875   0.00098
  -0.21875   0.28125   0.15625   0.00195
  -0.15625   0.28125   0.09375   0.00195
  -0.09375   0.28125   0.03125   0.00195
  -0.03125   0.28125  -0.03125   0.00195
   0.21875   0.09375  -0.03125   0.00195
   0.21875   0.15625  -0.09375   0.00195
   0.21875   0.21875  -0.15625   0.00195
   0.21875   0.28125  -0.21875   0.00195
   0.28125   0.28125  -0.28125   0.00049
   0.40625   0.40625  -0.28125   0.00195
  -0.15625   0.46875   0.21875   0.00195
  -0.03125   0.40625   0.21875   0.00195
  -0.09375   0.40625   0.21875   0.00195
   0.09375   0.34375   0.21875   0.00195
   0.03125   0.34375   0.21875   0.00195
  -0.03125   0.34375   0.21875   0.00195
   0.21875   0.28125   0.21875   0.00195
   0.15625   0.28125   0.21875   0.00195
   0.09375   0.28125   0.21875   0.00195
   0.03125   0.28125   0.21875   0.00195
   0.21875   0.21875   0.21875   0.00195
   0.15625   0.21875   0.21875   0.00195
   0.09375   0.21875   0.21875   0.00195
  -0.21875   0.21875   0.21875   0.00098
   0.28125   0.15625   0.21875   0.00195
   0.21875   0.15625   0.21875   0.00195
   0.15625   0.15625   0.21875   0.00195
  -0.15625   0.15625   0.21875   0.00098
  -0.15625   0.21875   0.15625   0.00195
   0.34375   0.09375   0.21875   0.00195
   0.28125   0.09375   0.21875   0.00195
   0.21875   0.09375   0.21875   0.00195
  -0.09375   0.09375   0.21875   0.00098
  -0.09375   0.15625   0.15625   0.00195
  -0.09375   0.21875   0.09375   0.00195
   0.34375   0.03125   0.21875   0.00195
   0.28125   0.03125   0.21875   0.00195
  -0.03125   0.03125   0.21875   0.00098
  -0.03125   0.09375   0.15625   0.00195
  -0.03125   0.15625   0.09375   0.00195
  -0.03125   0.21875   0.03125   0.00195
   0.40625  -0.03125   0.21875   0.00195
   0.34375  -0.03125   0.21875   0.00195
   0.03125  -0.03125   0.21875   0.00098
   0.03125   0.03125   0.15625   0.00195
   0.03125   0.09375   0.09375   0.00195
   0.03125   0.15625   0.03125   0.00195
   0.03125   0.21875  -0.03125   0.00195
  -0.21875   0.53125   0.09375   0.00195
   0.09375  -0.09375   0.21875   0.00098
   0.09375  -0.03125   0.15625   0.00195
   0.09375   0.03125   0.09375   0.00195
   0.09375   0.09375   0.03125   0.00195
   0.09375   0.15625  -0.03125   0.00195
   0.09375   0.21875  -0.09375   0.00195
  -0.21875   0.53125   0.15625   0.00195
  -0.21875   0.21875   0.15625   0.00098
  -0.15625   0.21875   0.09375   0.00195
  -0.09375   0.21875   0.03125   0.00195
   0.15625   0.03125   0.03125   0.00195
   0.15625   0.09375  -0.03125   0.00195
   0.15625   0.15625  -0.09375   0.00195
   0.15625   0.21875  -0.15625   0.00195
   0.21875   0.21875  -0.21875   0.00049
   0.40625   0.34375  -0.21875   0.00195
   0.34375   0.40625  -0.21875   0.00195
  -0.09375   0.46875   0.15625   0.00195
   0.03125   0.40625   0.15625   0.00195
  -0.03125   0.40625   0.15625   0.00195
   0.15625   0.34375   0.15625   0.00195
   0.09375   0.34375   0.15625   0.00195
   0.03125   0.34375   0.15625   0.00195
   0.21875   0.28125   0.15625   0.00195
   0.15625   0.28125   0.15625   0.00195
   0.09375   0.28125   0.15625   0.00195
   0.28125   0.21875   0.15625   0.00195
   0.21875   0.21875   0.15625   0.00195
   0.15625   0.21875   0.15625   0.00195
   0.28125   0.15625   0.15625   0.00195
   0.21875   0.15625   0.15625   0.00195
  -0.15625   0.15625   0.15625   0.00098
   0.34375   0.09375   0.15625   0.00195
   0.28125   0.09375   0.15625   0.00195
  -0.09375   0.09375   0.15625   0.00098
  -0.09375   0.15625   0.09375   0.00195
   0.40625   0.03125   0.15625   0.00195
   0.34375   0.03125   0.15625   0.00195
  -0.03125   0.03125   0.15625   0.00098
  -0.03125   0.09375   0.09375   0.00195
  -0.03125   0.15625   0.03125   0.00195
  -0.15625   0.53125   0.03125   0.00195
   0.03125  -0.03125   0.15625   0.00098
   0.03125   0.03125   0.09375   0.00195
   0.03125   0.09375   0.03125   0.00195
   0.03125   0.15625  -0.03125   0.00195
  -0.15625   0.53125   0.09375   0.00195
  -0.15625   0.15625   0.09375   0.00098
   0.09375  -0.03125   0.09375   0.00195
   0.09375   0.03125   0.03125   0.00195
   0.09375   0.09375  -0.03125   0.00195
   0.09375   0.15625  -0.09375   0.00195
   0.15625   0.15625  -0.15625   0.00049
   0.40625   0.28125  -0.15625   0.00195
   0.34375   0.34375  -0.15625   0.00195
   0.28125   0.40625  -0.15625   0.00195
  -0.03125   0.46875   0.09375   0.00195
   0.09375   0.40625   0.09375   0.00195
   0.03125   0.40625   0.09375   0.00195
   0.15625   0.34375   0.09375   0.00195
   0.09375   0.34375   0.09375   0.00195
   0.28125   0.28125   0.09375   0.00195
   0.21875   0.28125   0.09375   0.00195
   0.15625   0.28125   0.09375   0.00195
   0.28125   0.21875   0.09375   0.00195
   0.21875   0.21875   0.09375   0.00195
   0.34375   0.15625   0.09375   0.00195
   0.28125   0.15625   0.09375   0.00195
   0.34375   0.09375   0.09375   0.00195
  -0.09375   0.09375   0.09375   0.00098
  -0.09375   0.53125  -0.03125   0.00195
  -0.03125   0.03125   0.09375   0.00098
  -0.03125   0.09375   0.03125   0.00195
  -0.09375   0.53125   0.03125   0.00195
   0.03125  -0.03125   0.09375   0.00098
   0.03125   0.03125   0.03125   0.00195
   0.03125   0.09375  -0.03125   0.00195
   0.09375   0.09375  -0.09375   0.00049
   0.40625   0.21875  -0.09375   0.00195
   0.34375   0.28125  -0.09375   0.00195
   0.28125   0.34375  -0.09375   0.00195
   0.34375   0.34375  -0.09375   0.00195
   0.21875   0.40625  -0.09375   0.00195
   0.03125   0.46875   0.03125   0.00195
   0.09375   0.40625   0.03125   0.00195
   0.21875   0.34375   0.03125   0.00195
   0.15625   0.34375   0.03125   0.00195
   0.28125   0.28125   0.03125   0.00195
   0.21875   0.28125   0.03125   0.00195
   0.34375   0.21875   0.03125   0.00195
   0.28125   0.21875   0.03125   0.00195
   0.34375   0.15625   0.03125   0.00195
   0.40625   0.09375   0.03125   0.00195
  -0.03125   0.03125   0.03125   0.00098
   0.03125   0.03125  -0.03125   0.00049
   0.40625   0.15625  -0.03125   0.00195
   0.34375   0.21875  -0.03125   0.00195
   0.28125   0.28125  -0.03125   0.00195
   0.34375   0.28125  -0.03125   0.00195
   0.21875   0.34375  -0.03125   0.00195
   0.28125   0.34375  -0.03125   0.00195
   0.15625   0.40625  -0.03125   0.00195
 gmaxxc should be: 2*kmax <= gmaxxc <= gmax 
 gmaxxc = 12.500000


          convergence parameters for the pseudocharge density expansion
          atom     parameter     max. l to include

            1          26              25
          max values allowed: ncvd= 26, l= 25

 neq=            1   ncore=    10.0000000000000     
 zelec=     16.0000000000000     


 parameters for external electric field:
   total electronic charge   =    26.00000
   total nuclear charge      =    26.00000

             it=        1

          total charge for spin  1=   14.100000
          interst. charge =       0.596629
          mt charge=             13.503371

          total charge for spin  2=   11.900000
          interst. charge =       0.521497
          mt charge=             11.378503

          total charge  =   26.000000

          zc=    26.000000     qfix=    1.000000

          total charge for spin  1=   14.100000
          interst. charge =       0.596629
          mt charge=             13.503371

          total charge for spin  2=   11.900000
          interst. charge =       0.521497
          mt charge=             11.378503

          total charge  =   26.000000
 wrtdop title:bcc Fe                                                                  ordered*


          p o t e n t i a l   g e n e r a t o r


          multipole moments for atom type=    1

  l   m                   original                      plane wave
  0   0          -0.31542E+00    0.00000E+00         0.98142E+00    0.00000E+00
  2   0           0.16315E-15    0.00000E+00         0.39226E-15    0.00000E+00
  4   0          -0.13178E+00    0.00000E+00        -0.13178E+00    0.00000E+00
  4   4          -0.78753E-01    0.35233E-15        -0.78753E-01    0.35388E-15
  4  -4          -0.78753E-01   -0.35233E-15        -0.78753E-01   -0.35388E-15
  4   4          -0.78753E-01    0.35233E-15        -0.78753E-01    0.35388E-15
  4  -4          -0.78753E-01   -0.35233E-15        -0.78753E-01   -0.35388E-15
  6   0           0.13767E+00    0.00000E+00         0.13767E+00    0.00000E+00
  6   4          -0.25755E+00    0.61505E-15        -0.25755E+00    0.62450E-15
  6  -4          -0.25755E+00   -0.61505E-15        -0.25755E+00   -0.62450E-15
  6   4          -0.25755E+00    0.61505E-15        -0.25755E+00    0.62450E-15
  6  -4          -0.25755E+00   -0.61505E-15        -0.25755E+00   -0.62450E-15
  8   0           0.13787E+00    0.00000E+00         0.13787E+00    0.00000E+00
  8   4           0.51848E-01   -0.20540E-14         0.51848E-01   -0.20817E-14
  8  -4           0.51848E-01    0.20540E-14         0.51848E-01    0.20817E-14
  8   8           0.78996E-01    0.41335E-14         0.78996E-01    0.40801E-14
  8  -8           0.78996E-01   -0.41335E-14         0.78996E-01   -0.40801E-14
  8   4           0.51848E-01   -0.20540E-14         0.51848E-01   -0.20817E-14
  8  -4           0.51848E-01    0.20540E-14         0.51848E-01    0.20817E-14
  8   8           0.78996E-01    0.41335E-14         0.78996E-01    0.40801E-14
  8  -8           0.78996E-01   -0.41335E-14         0.78996E-01   -0.40801E-14
 10   0          -0.18919E+00    0.00000E+00        -0.18919E+00    0.00000E+00
 10   4           0.19064E+00   -0.97305E-14         0.19064E+00   -0.99851E-14
 10  -4           0.19064E+00    0.97305E-14         0.19064E+00    0.99851E-14
 10   8           0.22691E+00   -0.41040E-13         0.22691E+00   -0.41023E-13
 10  -8           0.22691E+00    0.41040E-13         0.22691E+00    0.41023E-13
 10   4           0.19064E+00   -0.97305E-14         0.19064E+00   -0.99851E-14
 10  -4           0.19064E+00    0.97305E-14         0.19064E+00    0.99851E-14
 10   8           0.22691E+00   -0.41040E-13         0.22691E+00   -0.41023E-13
 10  -8           0.22691E+00    0.41040E-13         0.22691E+00    0.41023E-13
 12   0           0.68667E-01    0.00000E+00         0.68667E-01    0.00000E+00
 12   4          -0.13183E+00    0.25741E-13        -0.13183E+00    0.25868E-13
 12  -4          -0.13183E+00   -0.25741E-13        -0.13183E+00   -0.25868E-13
 12   8           0.24611E+00   -0.19210E-12         0.24611E+00   -0.19218E-12
 12  -8           0.24611E+00    0.19210E-12         0.24611E+00    0.19218E-12
 12  12          -0.15255E-01    0.25863E-13        -0.15255E-01    0.25868E-13
 12  **          -0.15255E-01   -0.25863E-13        -0.15255E-01   -0.25868E-13
 12   4          -0.13183E+00    0.25741E-13        -0.13183E+00    0.25868E-13
 12  -4          -0.13183E+00   -0.25741E-13        -0.13183E+00   -0.25868E-13
 12   8           0.24611E+00   -0.19210E-12         0.24611E+00   -0.19218E-12
 12  -8           0.24611E+00    0.19210E-12         0.24611E+00    0.19218E-12
 12  12          -0.15255E-01    0.25863E-13        -0.15255E-01    0.25868E-13
 12  **          -0.15255E-01   -0.25863E-13        -0.15255E-01   -0.25868E-13

          integral of pseudo charge density inside the slab=        0.000000   0.000000

     coulomb potential in the interstitial region:

          density-coulomb potential integrals


          interstitial :                       0.4423593926

          muffin tin spheres :             -1952.5732073155

          total density-coulomb potenti    -1952.1308479229
 wrtdop title:bcc Fe                                                                  ordered*

     interstitial potential average (vbar) =  0.011988  0.011756

 999idsprs in starting of nmtxad= 0

          density-effective potential integrals for spin  1


          interstitial :                       0.0048417538

          muffin tin spheres :             -1020.3828746071

          density-effective potential integrals for spin  2


          interstitial :                       0.0049213735

          muffin tin spheres :             -1004.4521958819

          total density-effective poten    -2024.8253073618

          charge density-energy density integrals


          interstitial :                      -0.3337759930

          muffin tin spheres :               -55.6681544832

          total charge density-energy d      -56.0019304762
 wrtdop title:bcc Fe                                                                  ordered*
 IT=   1  ISEC1=  99 standard diagonalization
 Spin:   1
  Atom  1 4s branch from -2.82 to  2.04 htr. ; e_l =  0.2292
  Atom  1 4p branch from -1.56 to  2.62 htr. ; e_l =  0.3594
  Atom  1 3d branch from -9.99 to  0.50 htr. ; e_l =  0.3289
  Atom  1 4f branch from -9.99 to  3.66 htr. ; e_l =  0.6705
  Atom  1 3s branch from-29.44 to -2.79 htr. ; e_l = -2.8110
  Atom  1 3p branch from-24.98 to -1.53 htr. ; e_l = -1.5466
 Spin:   2
  Atom  1 4s branch from -2.73 to  2.10 htr. ; e_l =  0.2432
  Atom  1 4p branch from -1.47 to  2.68 htr. ; e_l =  0.3699
  Atom  1 3d branch from -9.99 to  0.58 htr. ; e_l =  0.3886
  Atom  1 4f branch from -9.99 to  3.72 htr. ; e_l =  0.6783
  Atom  1 3s branch from-29.41 to -2.70 htr. ; e_l = -2.7259
  Atom  1 3p branch from-24.95 to -1.44 htr. ; e_l = -1.4636


 wavefunction parameters for atom type  1:
                               radial function                                energy derivative
  l    energy            value        derivative    nodes          value        derivative    nodes       norm        wronskian
  0   0.22918       -5.5298740E-01   7.5002421E-02    3        2.1715958E-01   6.7865893E-01    3   5.5976279E-02   3.9157733E-01
  1   0.35941        6.1723423E-01   1.1401862E-01    2       -1.6755389E-01  -6.6538515E-01    3   5.0978003E-02   3.9159423E-01
  2   0.32890        1.8696004E-01  -1.6362631E-01    0       -1.1545093E+00  -1.0843695E+00    1   2.3376635E+00   3.9164186E-01
  3   0.67049        7.6404853E-01   6.2648542E-01    0       -1.3378073E-01  -6.2220823E-01    1   1.9780456E-02   3.9158561E-01
  4   0.67049        9.0233710E-01   1.2666953E+00    0       -8.5882221E-02  -5.5451885E-01    1   6.3885219E-03   3.9157632E-01
  5   0.67049        1.0079811E+00   1.9356634E+00    0       -6.3749423E-02  -5.1088578E-01    1   2.9841476E-03   3.9156577E-01
  6   0.67049        1.0987442E+00   2.6483545E+00    0       -5.0385427E-02  -4.7781078E-01    1   1.6329137E-03   3.9155336E-01
  7   0.67049        1.1802688E+00   3.4067391E+00    0       -4.1352267E-02  -4.5109663E-01    1   9.8246364E-04   3.9153888E-01
  8   0.67049        1.2552320E+00   4.2101198E+00    0       -3.4831733E-02  -4.2873998E-01    1   6.3114190E-04   3.9152237E-01
  9   0.67049        1.3251704E+00   5.0570850E+00    0       -2.9911800E-02  -4.0958570E-01    1   4.2576176E-04   3.9150433E-01
 10   0.67049        1.3910718E+00   5.9460643E+00    0       -2.6077237E-02  -3.9289200E-01    1   2.9842367E-04   3.9148406E-01
 11   0.67049        1.4536211E+00   6.8755145E+00    0       -2.3012761E-02  -3.7814923E-01    1   2.1575794E-04   3.9146114E-01
 12   0.67049        1.5133193E+00   7.8439743E+00    0       -2.0514041E-02  -3.6499113E-01    1   1.6005904E-04   3.9143650E-01

                   radial function for local orbitals
 lo  l    energy            value        derivative    nodes  ovlp with u    ovlp with udot
  1  0  -2.81098        2.7942396E-02  -7.8356510E-02    2   3.4640476E-02  -4.1618488E-02
  2  1  -1.54661       -1.1319531E-02   1.7002159E-01    1   1.4226834E-01  -1.2294186E-01
 
 overlap matrix between different local orbitals
 lo        1              2
  1   0.100000E+01   0.000000E+00
  2   0.000000E+00   0.100000E+01


 wavefunction parameters for atom type  1:
                               radial function                                energy derivative
  l    energy            value        derivative    nodes          value        derivative    nodes       norm        wronskian
  0   0.24320       -5.6109970E-01   5.7031481E-02    3        2.1245544E-01   6.7628000E-01    3   5.3813222E-02   3.9157716E-01
  1   0.36988        6.2334065E-01   1.3432419E-01    2       -1.6178673E-01  -6.6308211E-01    3   5.1994975E-02   3.9159416E-01
  2   0.38860        2.1143640E-01  -1.5169301E-01    0       -1.1041251E+00  -1.0601367E+00    1   2.1620961E+00   3.9163956E-01
  3   0.67826        7.6882287E-01   6.4202674E-01    0       -1.3159088E-01  -6.1921937E-01    1   1.9009740E-02   3.9158515E-01
  4   0.67826        9.0485661E-01   1.2779527E+00    0       -8.5178695E-02  -5.5304927E-01    1   6.2591659E-03   3.9157595E-01
  5   0.67826        1.0096117E+00   1.9446135E+00    0       -6.3422323E-02  -5.0999539E-01    1   2.9453670E-03   3.9156540E-01
  6   0.67826        1.0998945E+00   2.6557606E+00    0       -5.0207646E-02  -4.7722080E-01    1   1.6180188E-03   3.9155305E-01
  7   0.67826        1.1811226E+00   3.4130181E+00    0       -4.1246329E-02  -4.5068408E-01    1   9.7583674E-04   3.9153869E-01
  8   0.67826        1.2558883E+00   4.2155349E+00    0       -3.4764537E-02  -4.2844051E-01    1   6.2788183E-04   3.9152230E-01
  9   0.67826        1.3256882E+00   5.0618173E+00    0       -2.9867216E-02  -4.0936199E-01    1   4.2403565E-04   3.9150398E-01
 10   0.67826        1.3914889E+00   5.9502445E+00    0       -2.6046551E-02  -3.9272100E-01    1   2.9745537E-04   3.9148356E-01
 11   0.67826        1.4539630E+00   6.8792400E+00    0       -2.2990980E-02  -3.7801608E-01    1   2.1518807E-04   3.9146094E-01
 12   0.67826        1.5136035E+00   7.8473203E+00    0       -2.0498211E-02  -3.6488574E-01    1   1.5971061E-04   3.9143630E-01

                   radial function for local orbitals
 lo  l    energy            value        derivative    nodes  ovlp with u    ovlp with udot
  1  0  -2.72588        2.8681319E-02  -7.9485454E-02    2   3.6956968E-02  -4.3656834E-02
  2  1  -1.46360       -1.3870756E-02   1.6942620E-01    1   1.4962563E-01  -1.3263700E-01
 
 overlap matrix between different local orbitals
 lo        1              2
  1   0.100000E+01   0.000000E+00
  2   0.000000E+00   0.100000E+01
 spin - orbit parameter HR  
      p       d       f 
  0.0112  0.0022  0.0000
  0.0113  0.0021  0.0000
  0.0112  0.0021  0.0000
 spin - orbit parameter HR  
      p       d       f 
  0.0000  0.0023  0.0000
 -0.0002  0.0023  0.0000
  0.0000  0.0022  0.0000
 spin - orbit parameter HR  
      p       d       f 
  0.0000  0.0023  0.0000
 -0.0002  0.0023  0.0000
 -0.0002  0.0023  0.0000
 spin - orbit parameter HR  
      p       d       f 
  0.0000  0.0025  0.0000
  0.0000  0.0025  0.0000
  0.0000  0.0025  0.0000
 so - angular matrix elements 
 d-states:is1=           1 ,is2=           1
             -3      -2      -1       0       1       2       3
      -3 -3.0000  0.0000  0.0000  0.0000  0.0000  0.0000  0.0000  0.0000  0.0000  0.0000  0.0000  0.0000  0.0000  0.0000
      -2  0.0000  0.0000 -2.0000  0.0000  0.0000  0.0000  0.0000  0.0000  0.0000  0.0000  0.0000  0.0000  0.0000  0.0000
      -1  0.0000  0.0000  0.0000  0.0000 -1.0000  0.0000  0.0000  0.0000  0.0000  0.0000  0.0000  0.0000  0.0000  0.0000
       0  0.0000  0.0000  0.0000  0.0000  0.0000  0.0000  0.0000  0.0000  0.0000  0.0000  0.0000  0.0000  0.0000  0.0000
       1  0.0000  0.0000  0.0000  0.0000  0.0000  0.0000  0.0000  0.0000  1.0000  0.0000  0.0000  0.0000  0.0000  0.0000
       2  0.0000  0.0000  0.0000  0.0000  0.0000  0.0000  0.0000  0.0000  0.0000  0.0000  2.0000  0.0000  0.0000  0.0000
       3  0.0000  0.0000  0.0000  0.0000  0.0000  0.0000  0.0000  0.0000  0.0000  0.0000  0.0000  0.0000  3.0000  0.0000
 d-states:is1=           1 ,is2=           2
             -3      -2      -1       0       1       2       3
      -3  0.0000  0.0000  0.0000  0.0000  0.0000  0.0000  0.0000  0.0000  0.0000  0.0000  0.0000  0.0000  0.0000  0.0000
      -2  2.4495  0.0000  0.0000  0.0000  0.0000  0.0000  0.0000  0.0000  0.0000  0.0000  0.0000  0.0000  0.0000  0.0000
      -1  0.0000  0.0000  3.1623  0.0000  0.0000  0.0000  0.0000  0.0000  0.0000  0.0000  0.0000  0.0000  0.0000  0.0000
       0  0.0000  0.0000  0.0000  0.0000  3.4641  0.0000  0.0000  0.0000  0.0000  0.0000  0.0000  0.0000  0.0000  0.0000
       1  0.0000  0.0000  0.0000  0.0000  0.0000  0.0000  3.4641  0.0000  0.0000  0.0000  0.0000  0.0000  0.0000  0.0000
       2  0.0000  0.0000  0.0000  0.0000  0.0000  0.0000  0.0000  0.0000  3.1623  0.0000  0.0000  0.0000  0.0000  0.0000
       3  0.0000  0.0000  0.0000  0.0000  0.0000  0.0000  0.0000  0.0000  0.0000  0.0000  2.4495  0.0000  0.0000  0.0000
 d-states:is1=           2 ,is2=           1
             -3      -2      -1       0       1       2       3
      -3  0.0000  0.0000  2.4495  0.0000  0.0000  0.0000  0.0000  0.0000  0.0000  0.0000  0.0000  0.0000  0.0000  0.0000
      -2  0.0000  0.0000  0.0000  0.0000  3.1623  0.0000  0.0000  0.0000  0.0000  0.0000  0.0000  0.0000  0.0000  0.0000
      -1  0.0000  0.0000  0.0000  0.0000  0.0000  0.0000  3.4641  0.0000  0.0000  0.0000  0.0000  0.0000  0.0000  0.0000
       0  0.0000  0.0000  0.0000  0.0000  0.0000  0.0000  0.0000  0.0000  3.4641  0.0000  0.0000  0.0000  0.0000  0.0000
       1  0.0000  0.0000  0.0000  0.0000  0.0000  0.0000  0.0000  0.0000  0.0000  0.0000  3.1623  0.0000  0.0000  0.0000
       2  0.0000  0.0000  0.0000  0.0000  0.0000  0.0000  0.0000  0.0000  0.0000  0.0000  0.0000  0.0000  2.4495  0.0000
       3  0.0000  0.0000  0.0000  0.0000  0.0000  0.0000  0.0000  0.0000  0.0000  0.0000  0.0000  0.0000  0.0000  0.0000
 d-states:is1=           2 ,is2=           2
             -3      -2      -1       0       1       2       3
      -3  3.0000  0.0000  0.0000  0.0000  0.0000  0.0000  0.0000  0.0000  0.0000  0.0000  0.0000  0.0000  0.0000  0.0000
      -2  0.0000  0.0000  2.0000  0.0000  0.0000  0.0000  0.0000  0.0000  0.0000  0.0000  0.0000  0.0000  0.0000  0.0000
      -1  0.0000  0.0000  0.0000  0.0000  1.0000  0.0000  0.0000  0.0000  0.0000  0.0000  0.0000  0.0000  0.0000  0.0000
       0  0.0000  0.0000  0.0000  0.0000  0.0000  0.0000  0.0000  0.0000  0.0000  0.0000  0.0000  0.0000  0.0000  0.0000
       1  0.0000  0.0000  0.0000  0.0000  0.0000  0.0000  0.0000  0.0000 -1.0000  0.0000  0.0000  0.0000  0.0000  0.0000
       2  0.0000  0.0000  0.0000  0.0000  0.0000  0.0000  0.0000  0.0000  0.0000  0.0000 -2.0000  0.0000  0.0000  0.0000
       3  0.0000  0.0000  0.0000  0.0000  0.0000  0.0000  0.0000  0.0000  0.0000  0.0000  0.0000  0.0000 -3.0000  0.0000
SOC contribution of all atom types inculded in Hamiltonian.


 k=(   -0.406250    0.468750    0.468750):       185 3-d basis functions
 the  52 SOC eigenvalues are:
        -2.808786   -2.723574   -1.594101   -1.578488   -1.550786
        -1.495537   -1.480101   -1.468052    0.234509    0.234526
         0.289482    0.289493    0.403746    0.415383    0.416674
         0.481495    0.495483    0.496768    0.732735    0.736104
         0.747140    0.763602    0.766358    0.777232    1.033702
         1.033934    1.072633    1.072841    1.185097    1.224972
         1.772427    1.801692    2.057745    2.085351    2.147807
         2.149763    2.176683    2.178649    2.440618    2.440667
         2.463360    2.463420    2.502699    2.525271    2.684900
         2.710716    2.929222    2.971746    2.989758    2.989781
         3.027346    3.027370


 k=(   -0.281250    0.406250    0.343750):       189 3-d basis functions
 the  52 SOC eigenvalues are:
        -2.809457   -2.724281   -1.593013   -1.576957   -1.549424
        -1.494350   -1.478509   -1.466464    0.251426    0.256298
         0.303478    0.312377    0.355607    0.381862    0.414266
         0.426451    0.455720    0.494108    0.590195    0.633398
         0.763460    0.802159    0.826303    0.861242    1.066075
         1.100137    1.140548    1.170789    1.366339    1.402211
         1.702112    1.731410    1.872848    1.900173    1.976481
         2.002826    2.216114    2.244374    2.356442    2.382873
         2.433321    2.465116    2.611228    2.639937    2.675290
         2.693230    2.755631    2.783110    2.828912    2.847936
         2.890274    2.921894


 k=(   -0.156250    0.343750    0.281250):       184 3-d basis functions
 the  52 SOC eigenvalues are:
        -2.810220   -2.725086   -1.591891   -1.575304   -1.547656
        -1.493167   -1.476902   -1.464228    0.256816    0.279217
         0.302945    0.317210    0.335947    0.368252    0.383854
         0.406527    0.441924    0.484237    0.513772    0.569574
         0.779797    0.822400    0.853237    0.890910    1.162242
         1.189917    1.244503    1.270967    1.464740    1.492754
         1.650974    1.685695    1.792580    1.819065    1.921674
         1.949983    2.245742    2.270842    2.284858    2.312166
         2.348099    2.375536    2.463554    2.488794    2.606544
         2.633748    2.694882    2.718308    2.790708    2.816483
         2.896325    2.925648


 k=(   -0.031250    0.031250    0.468750):       182 3-d basis functions
 the  52 SOC eigenvalues are:
        -2.810802   -2.725699   -1.592097   -1.573144   -1.546274
        -1.493943   -1.473928   -1.462451    0.219888    0.268463
         0.282849    0.349347    0.373386    0.381707    0.412400
         0.413714    0.427656    0.457723    0.476289    0.509343
         0.682386    0.737034    1.047632    1.065390    1.119094
         1.152484    1.354496    1.386363    1.468439    1.499960
         1.604917    1.625891    1.827889    1.855060    1.957649
         1.977671    2.166104    2.192850    2.265358    2.302547
         2.369555    2.400138    2.442542    2.470342    2.563482
         2.586892    2.631155    2.661898    2.810948    2.828420
         2.847653    2.870893


 k=(    0.031250    0.218750    0.218750):       181 3-d basis functions
 the  52 SOC eigenvalues are:
        -2.811097   -2.726012   -1.590450   -1.573465   -1.545660
        -1.491734   -1.474795   -1.462014    0.240024    0.277000
         0.285556    0.298581    0.346168    0.358787    0.377828
         0.392943    0.454186    0.464321    0.471260    0.533907
         0.850201    0.872946    0.890019    0.909400    1.085923
         1.116875    1.404062    1.423562    1.575413    1.598723
         1.719946    1.745667    1.828573    1.856245    1.898832
         1.931420    1.963822    1.986264    2.282213    2.302891
         2.362999    2.395702    2.402520    2.426557    2.535243
         2.570633    2.701649    2.729251    2.780400    2.816249
         2.868030    2.896235


 k=(    0.093750    0.343750    0.031250):       181 3-d basis functions
 the  52 SOC eigenvalues are:
        -2.811003   -2.725912   -1.590577   -1.574435   -1.545107
        -1.491761   -1.476380   -1.461018    0.225547    0.269404
         0.283918    0.336610    0.349813    0.380474    0.381349
         0.392304    0.451150    0.458018    0.470260    0.522084
         0.744057    0.791384    1.003996    1.030350    1.090091
         1.122122    1.381626    1.406941    1.550314    1.580190
         1.628430    1.650652    1.766848    1.789337    1.994980
         2.024790    2.134527    2.161437    2.209056    2.232633
         2.330324    2.362546    2.413699    2.443378    2.570871
         2.595582    2.640692    2.672436    2.735239    2.760496
         3.005426    3.036143


 k=(    0.156250    0.406250   -0.093750):       179 3-d basis functions
 the  52 SOC eigenvalues are:
        -2.810605   -2.725492   -1.591148   -1.575461   -1.545879
        -1.492396   -1.477477   -1.461937    0.234550    0.282468
         0.296160    0.319628    0.361677    0.369662    0.371533
         0.416601    0.445071    0.472515    0.494521    0.531664
         0.713529    0.763149    0.982616    1.014045    1.104790
         1.131316    1.395242    1.423499    1.466472    1.490872
         1.576579    1.604961    1.761412    1.795381    2.050678
         2.073579    2.129065    2.153970    2.259075    2.289910
         2.335276    2.363868    2.430952    2.454850    2.598475
         2.624295    2.720300    2.745470    2.771124    2.802221
         2.846476    2.874520


 k=(    0.218750    0.406250   -0.156250):       181 3-d basis functions
 the  52 SOC eigenvalues are:
        -2.810268   -2.725136   -1.591454   -1.576232   -1.546783
        -1.492724   -1.478178   -1.463172    0.247444    0.292826
         0.296782    0.313513    0.345552    0.363785    0.381156
         0.417125    0.436574    0.496550    0.509476    0.562482
         0.724588    0.771612    0.931136    0.966104    1.092529
         1.120234    1.326482    1.351200    1.481754    1.510560
         1.620854    1.652254    1.704502    1.735763    2.032347
         2.060940    2.206964    2.229061    2.278117    2.306989
         2.369809    2.396938    2.433897    2.458336    2.614950
         2.642884    2.700562    2.727628    2.788875    2.814156
         2.870392    2.898747


 k=(    0.281250    0.343750   -0.156250):       184 3-d basis functions
 the  52 SOC eigenvalues are:
        -2.810220   -2.725086   -1.591317   -1.576466   -1.546938
        -1.492568   -1.478387   -1.463473    0.256822    0.279201
         0.302936    0.317241    0.335935    0.368288    0.383810
         0.406532    0.441925    0.484215    0.513804    0.569564
         0.779786    0.822436    0.853202    0.890919    1.162239
         1.189923    1.244496    1.270970    1.464740    1.492754
         1.650975    1.685694    1.792581    1.819064    1.921674
         1.949983    2.245740    2.270848    2.284852    2.312168
         2.348097    2.375537    2.463554    2.488794    2.606544
         2.633748    2.694882    2.718308    2.790708    2.816483
         2.896325    2.925648


 k=(    0.343750    0.218750   -0.093750):       182 3-d basis functions
 the  52 SOC eigenvalues are:
        -2.810581   -2.725467   -1.590873   -1.575676   -1.546032
        -1.492082   -1.477648   -1.462295    0.245103    0.290255
         0.291650    0.310446    0.348868    0.368542    0.372799
         0.405153    0.443219    0.481964    0.485309    0.546087
         0.761461    0.806292    0.902311    0.937918    1.165072
         1.191150    1.321734    1.348174    1.452327    1.478333
         1.691884    1.719063    1.752719    1.786849    1.957704
         1.985221    2.150246    2.172913    2.273984    2.302938
         2.366914    2.389298    2.399594    2.429477    2.563067
         2.588236    2.743796    2.758793    2.770171    2.785774
         2.858277    2.892675


 k=(   -0.031250    0.468750   -0.031250):       183 3-d basis functions
 the  52 SOC eigenvalues are:
        -2.810906   -2.725809   -1.591036   -1.574541   -1.545169
        -1.492270   -1.476586   -1.460883    0.220109    0.266837
         0.282600    0.349012    0.369371    0.382938    0.390636
         0.403461    0.437621    0.459069    0.469203    0.512766
         0.705900    0.757564    1.040707    1.060175    1.115828
         1.149568    1.355649    1.385354    1.485810    1.517101
         1.632845    1.654396    1.775195    1.797972    2.003607
         2.028936    2.159213    2.184986    2.234887    2.268142
         2.363718    2.385750    2.397208    2.411771    2.628780
         2.637462    2.662142    2.662333    2.686815    2.706343
         2.970187    2.998491


 k=(   -0.406250    0.406250    0.406250):       188 3-d basis functions
 the  52 SOC eigenvalues are:
        -2.809041   -2.723843   -1.593716   -1.577752   -1.550406
        -1.495098   -1.479260   -1.467663    0.240386    0.242672
         0.293483    0.298943    0.396230    0.396311    0.410237
         0.472279    0.472387    0.490193    0.627293    0.663701
         0.798518    0.798528    0.830306    0.830311    1.015575
         1.055910    1.061944    1.096936    1.268119    1.305638
         1.772867    1.802670    2.010445    2.010449    2.036517
         2.036521    2.112903    2.141836    2.477020    2.477020
         2.507131    2.507131    2.514411    2.534647    2.772552
         2.798935    2.817730    2.844170    2.937696    2.937696
         2.958437    2.958437


 k=(   -0.218750    0.218750    0.406250):       184 3-d basis functions
 the  52 SOC eigenvalues are:
        -2.810190   -2.725055   -1.592112   -1.574840   -1.548047
        -1.493522   -1.475958   -1.464916    0.249339    0.282965
         0.295448    0.327703    0.338546    0.359043    0.397391
         0.413046    0.430685    0.492640    0.497259    0.550835
         0.773541    0.816812    0.952848    0.988207    1.051081
         1.080807    1.250001    1.276676    1.558042    1.589365
         1.603282    1.632072    1.700128    1.729458    1.977450
         2.006125    2.176430    2.201399    2.325324    2.333029
         2.356550    2.357827    2.532905    2.555866    2.615961
         2.636319    2.641722    2.662987    2.913204    2.946632
         2.969909    2.992053


 k=(    0.031250    0.093750    0.406250):       183 3-d basis functions
 the  52 SOC eigenvalues are:
        -2.810784   -2.725680   -1.591887   -1.573410   -1.546387
        -1.493650   -1.474287   -1.462676    0.228172    0.277488
         0.281246    0.346776    0.355025    0.382507    0.394722
         0.396659    0.459389    0.471960    0.476145    0.539878
         0.684028    0.737510    0.990314    1.016430    1.071711
         1.102845    1.386620    1.413338    1.556794    1.587050
         1.617722    1.638887    1.851369    1.873284    1.948092
         1.974847    2.198542    2.225192    2.241070    2.272591
         2.282524    2.313014    2.476119    2.506837    2.520622
         2.540248    2.628382    2.659217    2.699177    2.727316
         2.942372    2.969311


 k=(   -0.031250    0.281250    0.156250):       179 3-d basis functions
 the  52 SOC eigenvalues are:
        -2.811247   -2.726173   -1.589995   -1.573278   -1.545166
        -1.491108   -1.474813   -1.461363    0.220599    0.254675
         0.293160    0.310521    0.357044    0.368201    0.371677
         0.395057    0.429188    0.445868    0.472963    0.501637
         0.841258    0.882344    0.980913    1.013009    1.171293
         1.199797    1.338383    1.363547    1.504054    1.528806
         1.605025    1.632700    1.823230    1.848862    1.910601
         1.941643    2.026590    2.050205    2.226873    2.257106
         2.338706    2.366436    2.389327    2.414227    2.575575
         2.604878    2.721798    2.747054    2.828232    2.856709
         2.922047    2.960417


 k=(    0.218750   -0.093750    0.406250):       183 3-d basis functions
 the  52 SOC eigenvalues are:
        -2.810377   -2.725250   -1.592168   -1.574500   -1.547391
        -1.493739   -1.475686   -1.463874    0.247220    0.296120
         0.298609    0.307404    0.354486    0.364877    0.372021
         0.411737    0.446005    0.489600    0.528107    0.581131
         0.691238    0.741673    0.887763    0.923047    1.148981
         1.174716    1.363866    1.392077    1.426828    1.450037
         1.683955    1.713537    1.739411    1.773758    2.060159
         2.085867    2.156575    2.180415    2.271670    2.297032
         2.335529    2.364684    2.484846    2.509087    2.573416
         2.600870    2.638864    2.666792    2.738842    2.767086
         2.882305    2.910848


 k=(    0.156250   -0.093750    0.343750):       182 3-d basis functions
 the  52 SOC eigenvalues are:
        -2.810927   -2.725834   -1.591038   -1.573170   -1.546299
        -1.492487   -1.474095   -1.462827    0.228417    0.267691
         0.298678    0.312927    0.360674    0.367550    0.372354
         0.404653    0.436820    0.442036    0.482281    0.505191
         0.795192    0.839038    1.004313    1.035746    1.129369
         1.156942    1.361086    1.387847    1.464598    1.491495
         1.579735    1.607005    1.790173    1.820989    1.976410
         2.004693    2.081750    2.105399    2.224972    2.252678
         2.314680    2.344880    2.406316    2.429228    2.618720
         2.645316    2.728396    2.757161    2.825176    2.849260
         2.917471    2.953650


 k=(    0.218750   -0.093750    0.281250):       180 3-d basis functions
 the  52 SOC eigenvalues are:
        -2.810955   -2.725864   -1.590673   -1.573358   -1.546243
        -1.491947   -1.474487   -1.462801    0.232972    0.268238
         0.292156    0.313359    0.352668    0.362202    0.378391
         0.397260    0.436072    0.442520    0.475041    0.510972
         0.856217    0.896428    0.929465    0.965085    1.196761
         1.223434    1.278500    1.304762    1.463560    1.490605
         1.674992    1.700644    1.802237    1.834368    1.877230
         1.907077    2.082109    2.103576    2.186675    2.214722
         2.361567    2.391861    2.448322    2.472655    2.525068
         2.551898    2.737289    2.761217    2.881563    2.908778
         2.964999    3.003658


 k=(   -0.281250    0.406250    0.156250):       181 3-d basis functions
 the  52 SOC eigenvalues are:
        -2.810571   -2.725458   -1.591217   -1.574263   -1.547132
        -1.492447   -1.475558   -1.463832    0.245241    0.283221
         0.285271    0.323026    0.345422    0.359186    0.390414
         0.398609    0.432012    0.462852    0.476227    0.525808
         0.872155    0.886586    0.912841    0.923323    1.176085
         1.199043    1.204883    1.226003    1.507690    1.535200
         1.704060    1.737307    1.742654    1.766821    1.858682
         1.889194    2.159419    2.186471    2.197811    2.220302
         2.373483    2.406234    2.504294    2.525829    2.531134
         2.547675    2.757791    2.780759    2.884538    2.909832
         2.954252    2.982014


 k=(   -0.343750    0.406250    0.281250):       187 3-d basis functions
 the  52 SOC eigenvalues are:
        -2.809722   -2.724562   -1.592585   -1.576125   -1.549077
        -1.493871   -1.477482   -1.466176    0.251144    0.263699
         0.298509    0.321943    0.356359    0.371962    0.404031
         0.427548    0.444811    0.482907    0.528697    0.577010
         0.849129    0.855246    0.886982    0.891269    1.060891
         1.095703    1.104432    1.134403    1.454824    1.489107
         1.714209    1.743241    1.863542    1.867039    1.888207
         1.895094    2.124053    2.151789    2.407198    2.408908
         2.438867    2.439949    2.605987    2.615237    2.627147
         2.639142    2.799414    2.819110    2.825430    2.846328
         2.976514    3.008643


 k=(    0.406250    0.406250   -0.406250):       188 3-d basis functions
 the  52 SOC eigenvalues are:
        -2.809041   -2.723843   -1.593373   -1.578449   -1.549971
        -1.494791   -1.480127   -1.467185    0.240391    0.242666
         0.293475    0.298953    0.395056    0.397622    0.410105
         0.471032    0.473688    0.490131    0.627305    0.663687
         0.795719    0.801940    0.826938    0.833069    1.015574
         1.055910    1.061944    1.096935    1.268119    1.305638
         1.772867    1.802670    2.009007    2.012070    2.034899
         2.037954    2.112907    2.141834    2.476619    2.477432
         2.506697    2.507553    2.514411    2.534647    2.772553
         2.798934    2.817730    2.844170    2.937608    2.937784
         2.958356    2.958517


 k=(   -0.281250    0.343750    0.281250):       184 3-d basis functions
 the  52 SOC eigenvalues are:
        -2.810115   -2.724977   -1.591826   -1.575209   -1.548308
        -1.493023   -1.476480   -1.465368    0.247824    0.275714
         0.289514    0.335542    0.352521    0.358623    0.393726
         0.423797    0.429927    0.471854    0.481393    0.536867
         0.891318    0.925996    0.931328    0.964512    1.048996
         1.082864    1.106405    1.135608    1.559334    1.592538
         1.714673    1.742656    1.760375    1.785262    1.839236
         1.867283    2.066897    2.094655    2.362584    2.383713
         2.389773    2.417425    2.478033    2.501135    2.678804
         2.700661    2.798752    2.819747    2.951268    2.970745
         3.001231    3.026123


 k=(   -0.156250    0.281250    0.218750):       183 3-d basis functions
 the  52 SOC eigenvalues are:
        -2.811026   -2.725940   -1.590180   -1.573320   -1.546179
        -1.491246   -1.474547   -1.462866    0.225236    0.256775
         0.298130    0.323105    0.351713    0.360195    0.388625
         0.392128    0.423246    0.428060    0.466346    0.497067
         0.915025    0.953359    0.988471    1.023523    1.138454
         1.167259    1.224857    1.252270    1.524300    1.551184
         1.639623    1.664569    1.788932    1.821118    1.858598
         1.889362    2.066856    2.093799    2.134830    2.155148
         2.306290    2.338351    2.397844    2.425606    2.654107
         2.677663    2.819228    2.842988    2.935395    2.959620
         3.069213    3.100779


 k=(   -0.031250    0.093750    0.281250):       182 3-d basis functions
 the  52 SOC eigenvalues are:
        -2.811656   -2.726607   -1.589366   -1.571697   -1.544695
        -1.490604   -1.472484   -1.461187    0.197019    0.226179
         0.296622    0.315395    0.363865    0.371286    0.373633
         0.391587    0.399656    0.446445    0.469531    0.475501
         0.883092    0.922753    1.077932    1.102759    1.190793
         1.223019    1.349886    1.376659    1.480281    1.508512
         1.527399    1.552187    1.770771    1.793543    1.949723
         1.980476    2.048009    2.071794    2.162474    2.195868
         2.232538    2.262905    2.388371    2.410269    2.629705
         2.662898    2.798442    2.823103    2.884422    2.909578
         2.938848    2.976100


 k=(    0.031250    0.281250    0.031250):       181 3-d basis functions
 the  52 SOC eigenvalues are:
        -2.811745   -2.726700   -1.588669   -1.572723   -1.543717
        -1.489640   -1.474298   -1.459829    0.192652    0.221665
         0.293409    0.318192    0.361132    0.374518    0.376995
         0.387727    0.397601    0.453359    0.465242    0.474531
         0.878990    0.918854    1.096157    1.116902    1.198030
         1.234432    1.339566    1.364299    1.472219    1.503769
         1.589348    1.611212    1.689269    1.711795    1.972543
         2.002930    2.052299    2.076457    2.199173    2.220365
         2.234595    2.250229    2.386243    2.406423    2.607623
         2.644012    2.812448    2.836107    2.861716    2.886162
         2.970170    3.006218


 k=(   -0.343750    0.593750    0.156250):       189 3-d basis functions
 the  52 SOC eigenvalues are:
        -2.809901   -2.724748   -1.592301   -1.576432   -1.548090
        -1.493608   -1.478292   -1.464644    0.267897    0.275397
         0.304638    0.322461    0.328693    0.369041    0.387408
         0.403099    0.462810    0.480364    0.630243    0.676303
         0.687064    0.733123    0.761613    0.801675    1.216508
         1.243188    1.275786    1.300510    1.339920    1.370841
         1.626896    1.662561    1.904790    1.934016    2.031879
         2.057587    2.126514    2.149941    2.404848    2.425121
         2.438212    2.454111    2.496795    2.521545    2.569400
         2.590976    2.596697    2.622491    2.718133    2.742047
         2.946296    2.973954


 k=(   -0.343750    0.343750    0.218750):       184 3-d basis functions
 the  52 SOC eigenvalues are:
        -2.810573   -2.725460   -1.591161   -1.574052   -1.547330
        -1.492394   -1.475112   -1.464259    0.240379    0.277253
         0.289012    0.331012    0.349195    0.353854    0.395550
         0.401017    0.425210    0.451556    0.473689    0.514299
         0.871923    0.911530    0.988385    1.024764    1.064724
         1.094083    1.196363    1.224277    1.612127    1.635609
         1.640034    1.662645    1.699894    1.731425    1.883189
         1.912619    2.081373    2.108058    2.247979    2.269268
         2.326101    2.359345    2.461829    2.488836    2.692053
         2.696401    2.715094    2.719606    2.983565    3.010279
         3.064031    3.084506


 k=(   -0.281250    0.343750    0.218750):       184 3-d basis functions
 the  52 SOC eigenvalues are:
        -2.810574   -2.725462   -1.591008   -1.574158   -1.547337
        -1.492151   -1.475311   -1.464292    0.239578    0.275206
         0.288338    0.338236    0.349579    0.351708    0.388527
         0.408298    0.422826    0.449371    0.466014    0.512729
         0.933508    0.942172    0.972187    0.978554    1.097781
         1.129441    1.135819    1.163266    1.615009    1.641823
         1.683291    1.712760    1.716194    1.737186    1.826533
         1.857204    2.058735    2.086161    2.252649    2.274435
         2.348097    2.381293    2.412874    2.439814    2.690101
         2.712243    2.861586    2.882692    2.883880    2.905107
         3.061988    3.091599


 k=(   -0.093750    0.406250    0.281250):       189 3-d basis functions
 the  52 SOC eigenvalues are:
        -2.810228   -2.725093   -1.591815   -1.575887   -1.547222
        -1.493074   -1.477862   -1.463521    0.261890    0.293069
         0.293992    0.315682    0.344940    0.357324    0.378830
         0.403866    0.454047    0.481349    0.584259    0.633758
         0.682428    0.731830    0.801539    0.840177    1.201688
         1.228320    1.336223    1.364085    1.376047    1.398227
         1.705815    1.742699    1.827872    1.855487    2.048747
         2.077007    2.113863    2.135448    2.337387    2.350372
         2.357689    2.382681    2.486245    2.507931    2.523891
         2.557077    2.603166    2.629763    2.767089    2.796759
         2.926045    2.954269


 k=(    0.093750    0.218750    0.281250):       182 3-d basis functions
 the  52 SOC eigenvalues are:
        -2.810735   -2.725625   -1.591074   -1.574405   -1.546677
        -1.492448   -1.475737   -1.463302    0.261464    0.280510
         0.302208    0.314437    0.339797    0.353672    0.387133
         0.392484    0.465038    0.470983    0.556609    0.613923
         0.733548    0.778158    0.809671    0.847681    0.961098
         0.994134    1.517616    1.536001    1.633477    1.653996
         1.791432    1.816351    1.849137    1.871468    2.050530
         2.058448    2.080498    2.086215    2.100460    2.121147
         2.263495    2.292141    2.424454    2.452087    2.565131
         2.605575    2.678396    2.711096    2.758862    2.787238
         2.927591    2.956842


 k=(    0.156250    0.093750    0.281250):       179 3-d basis functions
 the  52 SOC eigenvalues are:
        -2.810908   -2.725810   -1.590993   -1.573732   -1.546233
        -1.492457   -1.474854   -1.462757    0.248885    0.280269
         0.294898    0.307578    0.343282    0.358022    0.384918
         0.391500    0.462477    0.469909    0.501934    0.566408
         0.759922    0.803880    0.899861    0.934006    0.981743
         1.014664    1.475048    1.493594    1.658817    1.680975
         1.709024    1.736310    1.797011    1.817600    1.988257
         2.022324    2.064644    2.089767    2.159807    2.181863
         2.320690    2.344378    2.417266    2.448045    2.532444
         2.571098    2.679437    2.710348    2.843656    2.871110
         2.895686    2.926444


 k=(   -0.031250    0.281250    0.031250):       184 3-d basis functions
 the  52 SOC eigenvalues are:
        -2.812037   -2.727011   -1.587948   -1.571881   -1.543308
        -1.488809   -1.473259   -1.459541    0.175720    0.201737
         0.298773    0.317482    0.366992    0.373364    0.377566
         0.382166    0.388949    0.448825    0.458420    0.466248
         0.931637    0.969193    1.132720    1.151939    1.242064
         1.277741    1.342188    1.369636    1.435248    1.466261
         1.520891    1.542735    1.721571    1.743579    1.970104
         2.000650    2.061658    2.081340    2.109996    2.130478
         2.145805    2.164827    2.423719    2.445950    2.608047
         2.641787    2.851017    2.880991    2.917814    2.947214
         3.014735    3.047753


 k=(    0.093750   -0.031250    0.218750):       183 3-d basis functions
 the  52 SOC eigenvalues are:
        -2.812234   -2.727221   -1.587733   -1.570656   -1.543458
        -1.488663   -1.471398   -1.460041    0.164737    0.189084
         0.304510    0.313862    0.366553    0.373314    0.375031
         0.379667    0.391299    0.441866    0.450904    0.468653
         0.990813    1.025521    1.120167    1.145081    1.247671
         1.278631    1.340770    1.367226    1.461134    1.485312
         1.498235    1.527700    1.778013    1.798591    1.885063
         1.917053    1.982221    2.006631    2.081200    2.115251
         2.174483    2.205406    2.389050    2.417142    2.647751
         2.675311    2.838604    2.870321    2.914412    2.949161
         3.015581    3.045647


 k=(    0.156250    0.156250   -0.031250):       182 3-d basis functions
 the  52 SOC eigenvalues are:
        -2.812304   -2.727295   -1.586814   -1.571942   -1.542461
        -1.487623   -1.473207   -1.458920    0.160946    0.184757
         0.309407    0.309642    0.364018    0.373333    0.376607
         0.378696    0.392582    0.438421    0.448982    0.469789
         1.041044    1.072056    1.076069    1.106321    1.282084
         1.303103    1.314662    1.324120    1.448156    1.472126
         1.550463    1.580491    1.820215    1.821980    1.838133
         1.854472    1.928172    1.956413    2.078826    2.112139
         2.221841    2.251378    2.341779    2.372548    2.674833
         2.700087    2.870887    2.871708    2.898156    2.910906
         3.039429    3.075854


 k=(    0.218750    0.281250   -0.218750):       182 3-d basis functions
 the  52 SOC eigenvalues are:
        -2.811067   -2.725984   -1.588850   -1.575311   -1.544945
        -1.489938   -1.476879   -1.461770    0.220868    0.250615
         0.302869    0.334245    0.343601    0.366481    0.375785
         0.404385    0.414026    0.424508    0.452321    0.494571
         0.980503    1.017132    1.035943    1.072835    1.081880
         1.111188    1.153248    1.181161    1.611213    1.625135
         1.636396    1.649353    1.786944    1.813051    1.819327
         1.845073    2.009656    2.037259    2.172088    2.189171
         2.282816    2.315741    2.322400    2.352505    2.827850
         2.834140    2.850951    2.856427    3.024797    3.047785
         3.049996    3.072667


 k=(    0.031250    0.281250    0.218750):       179 3-d basis functions
 the  52 SOC eigenvalues are:
        -2.810795   -2.725691   -1.590990   -1.574379   -1.546228
        -1.492263   -1.476007   -1.462521    0.252077    0.282766
         0.299459    0.305081    0.342563    0.359103    0.381275
         0.394100    0.458146    0.472169    0.509509    0.572293
         0.764903    0.808353    0.839168    0.876391    1.063752
         1.094534    1.423888    1.444368    1.564765    1.586625
         1.761053    1.786800    1.862616    1.886970    1.931085
         1.966391    2.071760    2.094759    2.194689    2.217002
         2.352461    2.369644    2.377189    2.398138    2.567430
         2.603572    2.691380    2.726272    2.799966    2.824741
         2.826481    2.854619


 k=(    0.218750    0.093750    0.218750):       183 3-d basis functions
 the  52 SOC eigenvalues are:
        -2.810928   -2.725830   -1.590711   -1.574029   -1.546091
        -1.492021   -1.475414   -1.462570    0.257441    0.281702
         0.292967    0.301220    0.341229    0.349710    0.384948
         0.391619    0.462555    0.470012    0.505365    0.570321
         0.812234    0.836928    0.852943    0.874199    0.977930
         1.010916    1.490682    1.507875    1.653027    1.674624
         1.752157    1.776094    1.814126    1.840198    1.974998
         1.997965    2.008172    2.022285    2.175231    2.197021
         2.285431    2.309867    2.451408    2.483586    2.579403
         2.619796    2.747918    2.777989    2.780128    2.809473
         2.820267    2.846157


 k=(    0.031250   -0.031250    0.218750):       184 3-d basis functions
 the  52 SOC eigenvalues are:
        -2.812638   -2.727650   -1.586711   -1.569848   -1.542553
        -1.487494   -1.470498   -1.459158    0.141148    0.164339
         0.307067    0.318274    0.361396    0.370356    0.377492
         0.385479    0.387085    0.436837    0.446285    0.464228
         1.041495    1.073761    1.182255    1.201460    1.284542
         1.311564    1.364478    1.398431    1.437824    1.465653
         1.469728    1.487542    1.720974    1.740983    1.916765
         1.949384    1.984125    2.009852    2.016381    2.047301
         2.067109    2.101224    2.439807    2.470997    2.600816
         2.627893    2.791375    2.826515    2.923414    2.965693
         3.107871    3.143896


 k=(   -0.218750    0.531250    0.156250):       183 3-d basis functions
 the  52 SOC eigenvalues are:
        -2.810160   -2.725022   -1.591925   -1.576070   -1.547214
        -1.493211   -1.478011   -1.463541    0.247643    0.295611
         0.300038    0.311089    0.346715    0.364330    0.378916
         0.422058    0.437037    0.502242    0.540496    0.587759
         0.680458    0.731665    0.922902    0.957605    1.086461
         1.114040    1.360310    1.382846    1.453648    1.484351
         1.606092    1.638547    1.706164    1.737326    2.104318
         2.135171    2.200717    2.222755    2.292324    2.312455
         2.329182    2.359490    2.499774    2.529893    2.588322
         2.616661    2.715927    2.717000    2.740218    2.742195
         2.901898    2.929886


 k=(    0.031250    0.406250    0.156250):       180 3-d basis functions
 the  52 SOC eigenvalues are:
        -2.810690   -2.725579   -1.591220   -1.575012   -1.546019
        -1.492440   -1.477027   -1.462029    0.240145    0.281294
         0.291361    0.333232    0.345571    0.379551    0.383063
         0.396186    0.459990    0.473923    0.520438    0.577021
         0.677013    0.730101    0.908436    0.941169    1.056238
         1.085995    1.413838    1.437805    1.587747    1.608167
         1.658267    1.686929    1.920647    1.923943    1.936959
         1.958088    2.156351    2.186699    2.253767    2.275184
         2.285487    2.299127    2.383665    2.403176    2.551044
         2.586127    2.629573    2.660440    2.733627    2.762567
         2.983126    3.010755


 k=(    0.218750    0.156250    0.156250):       182 3-d basis functions
 the  52 SOC eigenvalues are:
        -2.810975   -2.725880   -1.590461   -1.574197   -1.545876
        -1.491685   -1.475720   -1.462338    0.261635    0.279924
         0.287396    0.302297    0.342104    0.344267    0.387371
         0.389912    0.465393    0.468262    0.504088    0.569766
         0.818637    0.858272    0.882144    0.911984    0.918108
         0.947326    1.522278    1.537524    1.714261    1.738001
         1.741906    1.763060    1.770701    1.796754    1.967981
         1.983359    1.999157    2.009670    2.185220    2.208225
         2.250921    2.274812    2.519205    2.560015    2.561509
         2.592809    2.733707    2.766643    2.797540    2.825929
         2.876044    2.901544


 k=(    0.031250   -0.031250    0.156250):       185 3-d basis functions
 the  52 SOC eigenvalues are:
        -2.813187   -2.728233   -1.585230   -1.568869   -1.541232
        -1.485786   -1.469460   -1.457846    0.109892    0.132226
         0.314949    0.321877    0.344164    0.372546    0.384729
         0.387206    0.392409    0.418256    0.448014    0.462704
         1.146222    1.171785    1.232593    1.250793    1.287870
         1.307550    1.432380    1.435037    1.455904    1.459270
         1.475388    1.494161    1.689220    1.707117    1.875727
         1.877048    1.907288    1.911659    1.972851    1.998995
         2.002313    2.033917    2.355982    2.387227    2.637736
         2.668578    2.764054    2.802230    2.846811    2.888850
         3.212041    3.243453


 k=(    0.343750    0.343750   -0.156250):       187 3-d basis functions
 the  52 SOC eigenvalues are:
        -2.809984   -2.724836   -1.591946   -1.576643   -1.547666
        -1.493222   -1.478590   -1.464202    0.268566    0.271536
         0.309671    0.318870    0.327771    0.374529    0.380967
         0.405131    0.455562    0.482486    0.577323    0.627593
         0.741887    0.776933    0.785710    0.816268    1.214403
         1.235938    1.241334    1.262434    1.393287    1.422150
         1.631846    1.667331    1.902545    1.932532    1.935336
         1.959595    2.225227    2.250066    2.344680    2.372199
         2.379247    2.408653    2.498244    2.524490    2.547968
         2.572582    2.718380    2.733932    2.746027    2.756777
         2.841989    2.867236


 k=(    0.343750    0.156250    0.093750):       180 3-d basis functions
 the  52 SOC eigenvalues are:
        -2.810740   -2.725631   -1.590955   -1.574934   -1.546161
        -1.492140   -1.476830   -1.462398    0.249403    0.278269
         0.300987    0.321829    0.341246    0.369644    0.386516
         0.392238    0.464266    0.470838    0.541496    0.597851
         0.691778    0.741833    0.887193    0.921220    0.968333
         1.000940    1.485506    1.505453    1.651632    1.672696
         1.708073    1.736274    1.843676    1.860439    2.024179
         2.054557    2.109582    2.140254    2.194367    2.218630
         2.273744    2.299261    2.352146    2.377852    2.514394
         2.552935    2.652884    2.683740    2.845175    2.875827
         2.987591    3.017685


 k=(    0.406250    0.218750   -0.093750):       183 3-d basis functions
 the  52 SOC eigenvalues are:
        -2.810377   -2.725250   -1.591541   -1.575803   -1.546607
        -1.492791   -1.477832   -1.462784    0.247222    0.296097
         0.298585    0.307453    0.354454    0.365079    0.371834
         0.411748    0.446006    0.489599    0.528113    0.581128
         0.691237    0.741674    0.887761    0.923048    1.148980
         1.174717    1.363866    1.392074    1.426831    1.450036
         1.683953    1.713545    1.739404    1.773760    2.060159
         2.085867    2.156575    2.180415    2.271670    2.297031
         2.335528    2.364685    2.484846    2.509087    2.573416
         2.600870    2.638865    2.666791    2.738843    2.767085
         2.882306    2.910848


 k=(    0.281250    0.218750    0.031250):       179 3-d basis functions
 the  52 SOC eigenvalues are:
        -2.810795   -2.725691   -1.590693   -1.574982   -1.545868
        -1.491853   -1.476914   -1.462079    0.252079    0.282763
         0.299460    0.305075    0.342541    0.359179    0.381244
         0.394070    0.458194    0.472124    0.509522    0.572290
         0.764903    0.808354    0.839170    0.876391    1.063751
         1.094535    1.423887    1.444368    1.564764    1.586625
         1.761053    1.786799    1.862616    1.886970    1.931085
         1.966390    2.071760    2.094759    2.194689    2.217002
         2.352461    2.369644    2.377189    2.398138    2.567431
         2.603571    2.691383    2.726270    2.799966    2.824768
         2.826453    2.854620


 fermi energy and band-weighting factors:
at  -0.40625   0.46875   0.46875    0.001953
   52 eigenvalues :
   -2.808786   -2.723574   -1.594101   -1.578488   -1.550786   -1.495537   -1.480101   -1.468052
    0.234509    0.234526    0.289482    0.289493    0.403746    0.415383    0.416674    0.481495
    0.495483    0.496768    0.732735    0.736104    0.747140    0.763602    0.766358    0.777232
    1.033702    1.033934    1.072633    1.072841    1.185097    1.224972    1.772427    1.801692
    2.057745    2.085351    2.147807    2.149763    2.176683    2.178649    2.440618    2.440667
    2.463360    2.463420    2.502699    2.525271    2.684900    2.710716    2.929222    2.971746
    2.989758    2.989781    3.027346    3.027370
at  -0.46875   0.46875   0.46875    0.000977
   52 eigenvalues :
   -2.808704   -2.723487   -1.594269   -1.578623   -1.550977   -1.495715   -1.480237   -1.468262
    0.231862    0.231970    0.286695    0.287096    0.414966    0.415558    0.418130    0.495108
    0.495653    0.498739    0.726859    0.750394    0.753034    0.757550    0.780493    0.780639
    1.010349    1.023689    1.052031    1.063803    1.168021    1.208192    1.775616    1.804759
    2.134180    2.134326    2.149756    2.163208    2.163567    2.179525    2.455611    2.456570
    2.456578    2.475565    2.478337    2.478339    2.640692    2.665633    2.960686    2.979013
    2.979013    3.006441    3.024317    3.024317
at  -0.34375   0.40625   0.46875    0.001953
   52 eigenvalues :
   -2.809019   -2.723819   -1.593763   -1.577869   -1.550377   -1.495171   -1.479414   -1.467593
    0.241624    0.242172    0.296670    0.296885    0.381313    0.403510    0.417198    0.455194
    0.480852    0.497379    0.692865    0.720595    0.727534    0.755826    0.772798    0.804810
    1.051570    1.088155    1.092130    1.125862    1.238629    1.277560    1.752645    1.782013
    1.962611    1.989928    2.081845    2.108703    2.189677    2.218188    2.402909    2.427886
    2.438627    2.465395    2.557872    2.583238    2.785462    2.813264    2.813973    2.838378
    2.883747    2.916845    2.928486    2.950154
at  -0.40625   0.40625   0.46875    0.000977
   52 eigenvalues :
   -2.808870   -2.723662   -1.594008   -1.578186   -1.550696   -1.495427   -1.479745   -1.467963
    0.236748    0.237220    0.291146    0.292656    0.401296    0.404778    0.417921    0.478759
    0.482272    0.498582    0.686240    0.718890    0.751261    0.775365    0.783498    0.805943
    1.021531    1.058561    1.061471    1.094927    1.209766    1.248973    1.771173    1.800588
    2.037588    2.064575    2.077140    2.104160    2.173951    2.203426    2.422856    2.445341
    2.458058    2.483633    2.531826    2.556003    2.712158    2.738535    2.901069    2.935007
    2.938027    2.965912    2.981114    3.011580
at  -0.40625   0.46875   0.40625    0.001953
   52 eigenvalues :
   -2.808870   -2.723662   -1.593967   -1.578269   -1.550644   -1.495386   -1.479858   -1.467900
    0.236746    0.237222    0.291147    0.292656    0.401186    0.404927    0.417882    0.478657
    0.482390    0.498565    0.686252    0.718838    0.751359    0.775302    0.783482    0.805964
    1.021531    1.058558    1.061475    1.094926    1.209766    1.248972    1.771173    1.800588
    2.037584    2.064605    2.077102    2.104173    2.173949    2.203427    2.422856    2.445341
    2.458058    2.483632    2.531826    2.556003    2.712158    2.738535    2.901069    2.935007
    2.938028    2.965912    2.981114    3.011580
at  -0.28125   0.34375   0.46875    0.001953
   52 eigenvalues :
   -2.809364   -2.724183   -1.593311   -1.576957   -1.549719   -1.494717   -1.478395   -1.466815
    0.250154    0.254940    0.305413    0.308652    0.355098    0.384823    0.418825    0.425725
    0.458928    0.499166    0.642563    0.681919    0.701738    0.743540    0.816509    0.850951
    1.065179    1.099153    1.169801    1.198816    1.322910    1.360422    1.697489    1.726834
    1.872872    1.900382    2.037780    2.065082    2.242537    2.269282    2.370287    2.398586
    2.401989    2.430477    2.613694    2.627032    2.643105    2.647536    2.816114    2.835414
    2.847053    2.864142    2.903238    2.921207
at  -0.34375   0.34375   0.46875    0.000977
   52 eigenvalues :
   -2.809174   -2.723982   -1.593569   -1.577389   -1.550145   -1.494967   -1.478844   -1.467347
    0.244953    0.247419    0.299217    0.302456    0.377595    0.386561    0.419329    0.451744
    0.460293    0.500121    0.641151    0.679112    0.732209    0.769356    0.818045    0.849921
    1.034064    1.071253    1.119779    1.151595    1.287033    1.324846    1.745862    1.775366
    1.912132    1.938692    2.028335    2.055332    2.227476    2.256801    2.371172    2.395581
    2.427966    2.456386    2.609921    2.638368    2.723668    2.744509    2.800679    2.829804
    2.866930    2.898549    2.955706    2.977239
at  -0.34375   0.40625   0.40625    0.001953
   52 eigenvalues :
   -2.809107   -2.723911   -1.593606   -1.577651   -1.550227   -1.494990   -1.479173   -1.467438
    0.243185    0.244714    0.296503    0.300782    0.380929    0.396938    0.414725    0.454806
    0.473117    0.494793    0.635708    0.673254    0.777875    0.785382    0.812193    0.818631
    1.041947    1.079430    1.084632    1.118223    1.275746    1.313362    1.755865    1.785410
    1.956252    1.983247    2.021899    2.047725    2.175706    2.204638    2.400228    2.425085
    2.467792    2.498194    2.568528    2.593907    2.788145    2.814464    2.836441    2.856187
    2.862274    2.864309    2.877336    2.886570
at  -0.34375   0.46875   0.34375    0.001953
   52 eigenvalues :
   -2.809174   -2.723982   -1.593420   -1.577697   -1.549955   -1.494795   -1.479297   -1.467097
    0.244949    0.247424    0.299224    0.302449    0.377508    0.386692    0.419274    0.451670
    0.460387    0.500111    0.641157    0.679096    0.732228    0.769348    0.818037    0.849927
    1.034063    1.071253    1.119781    1.151593    1.287034    1.324845    1.745861    1.775366
    1.912132    1.938692    2.028333    2.055333    2.227475    2.256801    2.371172    2.395581
    2.427966    2.456386    2.609921    2.638369    2.723668    2.744509    2.800679    2.829804
    2.866930    2.898549    2.955706    2.977239
at  -0.21875   0.28125   0.46875    0.001953
   52 eigenvalues :
   -2.809765   -2.724605   -1.592860   -1.575897   -1.548869   -1.494324   -1.477193   -1.465767
    0.253992    0.272804    0.308217    0.325374    0.330999    0.368637    0.399760    0.420685
    0.440928    0.501071    0.590697    0.634099    0.688391    0.735640    0.868297    0.903695
    1.076045    1.106870    1.260315    1.285575    1.416561    1.451633    1.627345    1.658092
    1.778806    1.806673    2.052830    2.081889    2.249566    2.274107    2.361997    2.391546
    2.405241    2.433684    2.447544    2.468894    2.612093    2.641779    2.760160    2.788511
    2.790088    2.814184    2.910766    2.936797
at  -0.28125   0.28125   0.46875    0.000977
   52 eigenvalues :
   -2.809565   -2.724395   -1.593075   -1.576361   -1.549356   -1.494502   -1.477674   -1.466412
    0.251680    0.262785    0.305674    0.316496    0.350961    0.368433    0.421272    0.422363
    0.439613    0.502238    0.594869    0.637392    0.711970    0.755221    0.871698    0.905395
    1.040450    1.074419    1.202434    1.230129    1.386699    1.423096    1.683698    1.712961
    1.795231    1.822389    2.026708    2.054951    2.289103    2.316721    2.317313    2.343001
    2.403973    2.434894    2.541583    2.560525    2.633363    2.664482    2.768409    2.792900
    2.859039    2.894676    2.935049    2.956662
at  -0.28125   0.34375   0.40625    0.001953
   52 eigenvalues :
   -2.809457   -2.724281   -1.593118   -1.576740   -1.549556   -1.494490   -1.478156   -1.466657
    0.251430    0.256294    0.303472    0.312385    0.355625    0.381803    0.414345    0.426428
    0.455698    0.494112    0.590195    0.633399    0.763457    0.802162    0.826306    0.861240
    1.066076    1.100137    1.140547    1.170790    1.366339    1.402211    1.702112    1.731410
    1.872848    1.900173    1.976482    2.002825    2.216114    2.244374    2.356442    2.382873
    2.433321    2.465116    2.611228    2.639936    2.675290    2.693230    2.755631    2.783110
    2.828912    2.847935    2.890274    2.921894
at  -0.28125   0.40625   0.34375    0.001953
   52 eigenvalues :
   -2.809457   -2.724281   -1.593013   -1.576957   -1.549424   -1.494350   -1.478509   -1.466464
    0.251426    0.256298    0.303478    0.312377    0.355607    0.381862    0.414266    0.426451
    0.455720    0.494108    0.590195    0.633398    0.763460    0.802159    0.826303    0.861242
    1.066075    1.100137    1.140548    1.170789    1.366339    1.402211    1.702112    1.731410
    1.872848    1.900173    1.976481    2.002826    2.216114    2.244374    2.356442    2.382873
    2.433321    2.465116    2.611228    2.639937    2.675290    2.693230    2.755631    2.783110
    2.828912    2.847936    2.890274    2.921894
at  -0.28125   0.46875   0.28125    0.001953
   52 eigenvalues :
   -2.809565   -2.724395   -1.592778   -1.576978   -1.548980   -1.494106   -1.478661   -1.465877
    0.251677    0.262789    0.305690    0.316477    0.350898    0.368556    0.420530    0.422992
    0.439674    0.502234    0.594871    0.637388    0.711972    0.755220    0.871694    0.905398
    1.040450    1.074419    1.202436    1.230127    1.386700    1.423096    1.683698    1.712962
    1.795231    1.822389    2.026708    2.054952    2.289103    2.316785    2.317249    2.343002
    2.403973    2.434894    2.541583    2.560525    2.633363    2.664482    2.768409    2.792900
    2.859039    2.894676    2.935049    2.956661
at  -0.15625   0.21875   0.46875    0.001953
   52 eigenvalues :
   -2.810160   -2.725022   -1.592505   -1.574858   -1.547945   -1.494082   -1.475987   -1.464595
    0.247642    0.295656    0.299984    0.311099    0.346764    0.364133    0.379088    0.422033
    0.437037    0.502239    0.540496    0.587760    0.680459    0.731664    0.922904    0.957603
    1.086462    1.114039    1.360307    1.382849    1.453646    1.484351    1.606093    1.638547
    1.706165    1.737325    2.104318    2.135170    2.200717    2.222755    2.292324    2.312455
    2.329183    2.359490    2.499773    2.529895    2.588321    2.616661    2.715921    2.717006
    2.740217    2.742196    2.901898    2.929886
at  -0.21875   0.21875   0.46875    0.000977
   52 eigenvalues :
   -2.809981   -2.724834   -1.592645   -1.575270   -1.548416   -1.494163   -1.476418   -1.465241
    0.250209    0.283285    0.302636    0.325824    0.335523    0.360257    0.395289    0.423388
    0.431578    0.504555    0.547870    0.594082    0.697411    0.745539    0.933565    0.968070
    1.043856    1.073807    1.298543    1.323008    1.488899    1.522903    1.597012    1.626405
    1.707665    1.737284    2.065178    2.094950    2.269984    2.284256    2.296944    2.307429
    2.385675    2.408763    2.445690    2.475360    2.611791    2.642473    2.721609    2.743860
    2.830748    2.866735    2.890942    2.910798
at  -0.21875   0.28125   0.40625    0.001953
   52 eigenvalues :
   -2.809866   -2.724712   -1.592625   -1.575683   -1.548692   -1.494040   -1.476960   -1.465605
    0.254650    0.272477    0.305539    0.327000    0.332444    0.367187    0.401432    0.415762
    0.439562    0.495464    0.548761    0.597203    0.741807    0.785199    0.877198    0.913035
    1.079982    1.110755    1.227546    1.254544    1.460233    1.493400    1.630509    1.661179
    1.776926    1.804400    1.990836    2.018845    2.254403    2.280805    2.313216    2.340897
    2.387659    2.416682    2.514650    2.537233    2.630124    2.657505    2.699592    2.725835
    2.826251    2.848972    2.897407    2.927062
at  -0.21875   0.34375   0.34375    0.001953
   52 eigenvalues :
   -2.809825   -2.724670   -1.592514   -1.576009   -1.548684   -1.493843   -1.477484   -1.465562
    0.258500    0.266506    0.306910    0.323869    0.332674    0.375573    0.400942    0.408748
    0.449345    0.486985    0.548273    0.597890    0.796377    0.814058    0.837550    0.851550
    1.130664    1.161254    1.169505    1.197562    1.448616    1.481183    1.635265    1.666285
    1.883507    1.892722    1.913089    1.917341    2.241842    2.269478    2.334482    2.362188
    2.370118    2.398986    2.558820    2.585165    2.675721    2.704608    2.705808    2.723070
    2.752934    2.776535    2.901136    2.927123
at  -0.21875   0.40625   0.28125    0.001953
   52 eigenvalues :
   -2.809866   -2.724712   -1.592379   -1.576196   -1.548383   -1.493668   -1.477857   -1.465123
    0.254647    0.272480    0.305554    0.326962    0.332435    0.367287    0.401285    0.415821
    0.439584    0.495467    0.548755    0.597205    0.741808    0.785198    0.877197    0.913037
    1.079981    1.110755    1.227548    1.254543    1.460233    1.493400    1.630509    1.661179
    1.776926    1.804400    1.990836    2.018846    2.254403    2.280805    2.313216    2.340897
    2.387659    2.416681    2.514650    2.537233    2.630124    2.657505    2.699592    2.725835
    2.826251    2.848972    2.897407    2.927062
at  -0.21875   0.46875   0.21875    0.001953
   52 eigenvalues :
   -2.809981   -2.724834   -1.592197   -1.576208   -1.547851   -1.493486   -1.478024   -1.464387
    0.250208    0.283283    0.302655    0.325788    0.335488    0.360390    0.395158    0.423418
    0.431601    0.504560    0.547864    0.594083    0.697411    0.745539    0.933562    0.968073
    1.043856    1.073807    1.298545    1.323006    1.488898    1.522905    1.597009    1.626407
    1.707666    1.737284    2.065177    2.094950    2.269984    2.284257    2.296943    2.307430
    2.385675    2.408762    2.445691    2.475360    2.611791    2.642473    2.721610    2.743860
    2.830748    2.866735    2.890942    2.910797
at  -0.09375   0.15625   0.46875    0.001953
   52 eigenvalues :
   -2.810490   -2.725370   -1.592276   -1.573991   -1.547105   -1.493987   -1.474955   -1.463517
    0.235329    0.286016    0.295226    0.323213    0.361761    0.371204    0.372093    0.421590
    0.445260    0.494371    0.500291    0.547115    0.676356    0.730130    0.974865    1.006213
    1.096397    1.122512    1.411465    1.442143    1.466029    1.486933    1.569308    1.598732
    1.754881    1.790233    2.086756    2.103242    2.172618    2.205380    2.220137    2.245369
    2.310046    2.340922    2.577103    2.579594    2.604298    2.607293    2.630075    2.654792
    2.684610    2.708933    2.946126    2.975576
at  -0.15625   0.15625   0.46875    0.000977
   52 eigenvalues :
   -2.810361   -2.725235   -1.592343   -1.574283   -1.547476   -1.493991   -1.475269   -1.464029
    0.239623    0.290191    0.305094    0.308804    0.359058    0.364422    0.373494    0.425324
    0.437958    0.500972    0.506894    0.550720    0.688708    0.740260    1.000337    1.034807
    1.045918    1.071104    1.401955    1.424346    1.503938    1.530324    1.534143    1.560037
    1.707897    1.742369    2.121336    2.151932    2.167581    2.184541    2.237672    2.266305
    2.328675    2.357588    2.500258    2.526523    2.583087    2.612133    2.697139    2.721375
    2.816678    2.851532    2.852903    2.871487
at  -0.15625   0.21875   0.40625    0.001953
   52 eigenvalues :
   -2.810268   -2.725136   -1.592222   -1.574645   -1.547753   -1.493739   -1.475758   -1.464428
    0.247442    0.292872    0.296746    0.313503    0.345594    0.363625    0.381302    0.417106
    0.436572    0.496553    0.509463    0.562488    0.724590    0.771609    0.931139    0.966101
    1.092530    1.120233    1.326483    1.351200    1.481754    1.510560    1.620854    1.652254
    1.704501    1.735763    2.032347    2.060939    2.206964    2.229060    2.278117    2.306989
    2.369809    2.396937    2.433897    2.458336    2.614950    2.642884    2.700561    2.727629
    2.788875    2.814156    2.870391    2.898748
at  -0.15625   0.28125   0.34375    0.001953
   52 eigenvalues :
   -2.810220   -2.725086   -1.592031   -1.575010   -1.547831   -1.493403   -1.476353   -1.464519
    0.256816    0.279217    0.302938    0.317222    0.335955    0.368168    0.383950    0.406507
    0.441922    0.484223    0.513784    0.569572    0.779796    0.822402    0.853237    0.890909
    1.162243    1.189916    1.244502    1.270967    1.464740    1.492754    1.650974    1.685695
    1.792580    1.819065    1.921674    1.949983    2.245742    2.270842    2.284858    2.312166
    2.348098    2.375536    2.463554    2.488794    2.606544    2.633748    2.694882    2.718308
    2.790707    2.816483    2.896324    2.925648
at  -0.15625   0.34375   0.28125    0.001953
   52 eigenvalues :
   -2.810220   -2.725086   -1.591891   -1.575304   -1.547656   -1.493167   -1.476902   -1.464228
    0.256816    0.279217    0.302945    0.317210    0.335947    0.368252    0.383854    0.406527
    0.441924    0.484237    0.513772    0.569574    0.779797    0.822400    0.853237    0.890910
    1.162242    1.189917    1.244503    1.270967    1.464740    1.492754    1.650974    1.685695
    1.792580    1.819065    1.921674    1.949983    2.245742    2.270842    2.284858    2.312166
    2.348099    2.375536    2.463554    2.488794    2.606544    2.633748    2.694882    2.718308
    2.790708    2.816483    2.896325    2.925648
at  -0.15625   0.40625   0.21875    0.001953
   52 eigenvalues :
   -2.810268   -2.725136   -1.591829   -1.575472   -1.547259   -1.493081   -1.477276   -1.463627
    0.247442    0.292844    0.296786    0.313482    0.345560    0.363793    0.381147    0.417128
    0.436575    0.496622    0.509395    0.562494    0.724590    0.771609    0.931137    0.966103
    1.092530    1.120233    1.326484    1.351199    1.481754    1.510561    1.620853    1.652256
    1.704500    1.735764    2.032347    2.060939    2.206964    2.229060    2.278117    2.306989
    2.369810    2.396937    2.433898    2.458336    2.614950    2.642884    2.700562    2.727628
    2.788875    2.814156    2.870392    2.898747
at  -0.15625   0.46875   0.15625    0.001953
   52 eigenvalues :
   -2.810361   -2.725235   -1.591766   -1.575503   -1.546746   -1.493035   -1.477451   -1.462891
    0.239624    0.290186    0.305050    0.308853    0.358921    0.364803    0.373227    0.425355
    0.437943    0.501127    0.506739    0.550728    0.688708    0.740260    1.000330    1.034847
    1.045878    1.071111    1.401956    1.424344    1.503930    1.530418    1.534053    1.560042
    1.707897    1.742369    2.121335    2.151932    2.167581    2.184541    2.237671    2.266305
    2.328675    2.357588    2.500259    2.526522    2.583087    2.612134    2.697140    2.721374
    2.816678    2.851532    2.852903    2.871487
at  -0.03125   0.09375   0.46875    0.001953
   52 eigenvalues :
   -2.810710   -2.725602   -1.592161   -1.573419   -1.546516   -1.493975   -1.474261   -1.462758
    0.225090    0.274736    0.284769    0.350975    0.354885    0.379026    0.399207    0.413990
    0.455030    0.459241    0.485766    0.523888    0.674554    0.729751    1.016187    1.040531
    1.103103    1.132436    1.371745    1.402596    1.513538    1.544165    1.567516    1.588034
    1.843053    1.877217    1.960673    1.975354    2.195179    2.221301    2.240257    2.275616
    2.315327    2.346193    2.522375    2.549456    2.590956    2.616011    2.617568    2.643191
    2.666660    2.688833    2.941864    2.970833
at  -0.09375   0.09375   0.46875    0.000977
   52 eigenvalues :
   -2.810648   -2.725537   -1.592170   -1.573541   -1.546707   -1.493942   -1.474398   -1.463022
    0.227375    0.276616    0.290423    0.339101    0.357293    0.374630    0.386195    0.426835
    0.449622    0.455981    0.508438    0.509636    0.684217    0.737875    1.046997    1.065840
    1.069053    1.101248    1.417061    1.448039    1.484279    1.512076    1.524050    1.547461
    1.790075    1.823987    2.034068    2.049975    2.161818    2.190062    2.237497    2.271049
    2.328586    2.359051    2.497359    2.521625    2.566047    2.592442    2.668315    2.698033
    2.825726    2.840610    2.843548    2.867158
at  -0.09375   0.15625   0.40625    0.001953
   52 eigenvalues :
   -2.810605   -2.725492   -1.591952   -1.573778   -1.546901   -1.493592   -1.474731   -1.463345
    0.234548    0.282472    0.296181    0.319596    0.361609    0.369604    0.371677    0.416597
    0.445083    0.472491    0.494523    0.531669    0.713529    0.763148    0.982618    1.014041
    1.104793    1.131314    1.395243    1.423499    1.466472    1.490872    1.576579    1.604961
    1.761411    1.795382    2.050678    2.073579    2.129066    2.153970    2.259076    2.289909
    2.335276    2.363868    2.430952    2.454851    2.598475    2.624295    2.720298    2.745473
    2.771119    2.802227    2.846470    2.874523
at  -0.09375   0.21875   0.34375    0.001953
   52 eigenvalues :
   -2.810581   -2.725467   -1.591641   -1.574095   -1.546996   -1.493104   -1.475259   -1.463512
    0.245100    0.290292    0.291637    0.310426    0.348884    0.368179    0.373160    0.405148
    0.443213    0.482062    0.485199    0.546094    0.761463    0.806289    0.902314    0.937916
    1.165074    1.191148    1.321735    1.348174    1.452327    1.478333    1.691884    1.719064
    1.752717    1.786850    1.957704    1.985221    2.150247    2.172913    2.273984    2.302938
    2.366915    2.389295    2.399596    2.429477    2.563067    2.588236    2.743793    2.758797
    2.770167    2.785777    2.858274    2.892677
at  -0.09375   0.28125   0.28125    0.001953
   52 eigenvalues :
   -2.810574   -2.725459   -1.591407   -1.574428   -1.546911   -1.492714   -1.475882   -1.463363
    0.252323    0.282780    0.294738    0.311296    0.341511    0.368264    0.375004    0.400207
    0.443225    0.477365    0.488768    0.550882    0.815333    0.837154    0.857761    0.874912
    1.218754    1.245560    1.261795    1.287035    1.447590    1.473978    1.748634    1.782658
    1.786276    1.810287    1.871786    1.901818    2.161985    2.184687    2.271079    2.299099
    2.370273    2.391478    2.422382    2.454548    2.527872    2.553814    2.695136    2.719891
    2.857821    2.875195    2.884075    2.910644
at  -0.09375   0.34375   0.21875    0.001953
   52 eigenvalues :
   -2.810581   -2.725467   -1.591349   -1.574710   -1.546634   -1.492579   -1.476438   -1.462897
    0.245101    0.290283    0.291639    0.310429    0.348886    0.368384    0.372939    0.405153
    0.443213    0.482413    0.484854    0.546100    0.761464    0.806288    0.902313    0.937917
    1.165073    1.191149    1.321736    1.348173    1.452327    1.478333    1.691881    1.719072
    1.752710    1.786852    1.957704    1.985221    2.150247    2.172913    2.273984    2.302937
    2.366915    2.389295    2.399596    2.429477    2.563067    2.588236    2.743796    2.758793
    2.770170    2.785774    2.858277    2.892676
at  -0.09375   0.40625   0.15625    0.001953
   52 eigenvalues :
   -2.810605   -2.725492   -1.591426   -1.574894   -1.546239   -1.492660   -1.476820   -1.462261
    0.234549    0.282470    0.296166    0.319614    0.361752    0.369509    0.371609    0.416605
    0.445067    0.472589    0.494435    0.531685    0.713530    0.763148    0.982616    1.014045
    1.104790    1.131316    1.395243    1.423498    1.466473    1.490872    1.576579    1.604962
    1.761411    1.795382    2.050678    2.073579    2.129066    2.153970    2.259076    2.289909
    2.335276    2.363868    2.430953    2.454850    2.598475    2.624295    2.720300    2.745470
    2.771123    2.802221    2.846477    2.874520
at  -0.09375   0.46875   0.09375    0.001953
   52 eigenvalues :
   -2.810648   -2.725537   -1.591497   -1.574974   -1.545855   -1.492761   -1.477017   -1.461677
    0.227376    0.276614    0.290410    0.339133    0.357374    0.374458    0.386248    0.426859
    0.449484    0.456149    0.507903    0.510137    0.684218    0.737875    1.046953    1.066336
    1.068586    1.101262    1.417060    1.448039    1.484281    1.512068    1.524058    1.547460
    1.790075    1.823987    2.034068    2.049975    2.161818    2.190063    2.237497    2.271050
    2.328585    2.359051    2.497361    2.521624    2.566047    2.592442    2.668317    2.698032
    2.825726    2.840611    2.843547    2.867158
at   0.03125   0.03125   0.46875    0.000977
   52 eigenvalues :
   -2.810788   -2.725684   -1.592126   -1.573217   -1.546304   -1.493980   -1.474015   -1.462484
    0.221275    0.270568    0.281133    0.347316    0.382199    0.385420    0.391345    0.415918
    0.447439    0.459168    0.470005    0.519581    0.674051    0.729701    1.033413    1.052634
    1.104571    1.137787    1.357674    1.388042    1.490430    1.521981    1.621788    1.642883
    1.880964    1.897143    1.910661    1.914215    2.187682    2.213960    2.265631    2.301714
    2.355479    2.388669    2.439108    2.465730    2.605783    2.623825    2.631973    2.651680
    2.661247    2.682041    2.908908    2.935912
at  -0.03125   0.03125   0.46875    0.000977
   52 eigenvalues :
   -2.810802   -2.725699   -1.592097   -1.573144   -1.546274   -1.493943   -1.473928   -1.462451
    0.219888    0.268463    0.282849    0.349347    0.373386    0.381707    0.412400    0.413714
    0.427656    0.457723    0.476289    0.509343    0.682386    0.737034    1.047632    1.065390
    1.119094    1.152484    1.354496    1.386363    1.468439    1.499960    1.604917    1.625891
    1.827889    1.855060    1.957649    1.977671    2.166104    2.192850    2.265358    2.302547
    2.369555    2.400138    2.442542    2.470342    2.563482    2.586892    2.631155    2.661898
    2.810948    2.828420    2.847653    2.870893
at  -0.03125   0.09375   0.40625    0.001953
   52 eigenvalues :
   -2.810828   -2.725727   -1.591807   -1.573205   -1.546304   -1.493545   -1.474040   -1.462582
    0.224014    0.271050    0.286182    0.347359    0.352737    0.379060    0.391144    0.408137
    0.445211    0.454940    0.481189    0.515517    0.707675    0.758834    1.023581    1.047993
    1.113538    1.143425    1.369059    1.399314    1.504665    1.534214    1.572105    1.594153
    1.804452    1.832454    2.002771    2.025062    2.145100    2.172060    2.247206    2.280154
    2.325650    2.354798    2.424146    2.450860    2.607848    2.631616    2.675081    2.709685
    2.711205    2.732208    2.944427    2.972786
at  -0.03125   0.15625   0.34375    0.001953
   52 eigenvalues :
   -2.810855   -2.725756   -1.591380   -1.573392   -1.546329   -1.492944   -1.474377   -1.462723
    0.232749    0.277145    0.289146    0.321681    0.353822    0.371527    0.375886    0.400629
    0.451163    0.462477    0.477679    0.529459    0.749641    0.796103    0.954204    0.986169
    1.136491    1.163804    1.356958    1.384091    1.518569    1.541575    1.614795    1.642875
    1.816342    1.845777    1.968934    1.995678    2.105192    2.130368    2.262986    2.289661
    2.308359    2.336123    2.426936    2.456414    2.556454    2.579486    2.713834    2.743719
    2.746260    2.775490    2.875185    2.907300
at  -0.03125   0.21875   0.28125    0.001953
   52 eigenvalues :
   -2.810873   -2.725775   -1.591010   -1.573679   -1.546267   -1.492385   -1.474923   -1.462673
    0.242409    0.283268    0.286785    0.307741    0.346672    0.366709    0.373157    0.396836
    0.448206    0.470896    0.474827    0.537941    0.805966    0.847926    0.879122    0.915546
    1.160564    1.189011    1.338228    1.361591    1.496438    1.520785    1.719372    1.745414
    1.838794    1.869746    1.882608    1.912684    2.064185    2.086620    2.289992    2.316126
    2.319147    2.344369    2.455846    2.484734    2.487787    2.515646    2.711227    2.738315
    2.812503    2.844470    2.860079    2.893533
at  -0.03125   0.28125   0.21875    0.001953
   52 eigenvalues :
   -2.810873   -2.725775   -1.590852   -1.574010   -1.546073   -1.492096   -1.475567   -1.462339
    0.242410    0.283268    0.286779    0.307744    0.346686    0.366717    0.373138    0.396825
    0.448215    0.471005    0.474717    0.537943    0.805968    0.847924    0.879122    0.915546
    1.160564    1.189011    1.338228    1.361591    1.496438    1.520785    1.719371    1.745416
    1.838795    1.869733    1.882622    1.912682    2.064185    2.086620    2.289992    2.316122
    2.319152    2.344369    2.455845    2.484734    2.487787    2.515647    2.711228    2.738314
    2.812505    2.844460    2.860089    2.893530
at  -0.03125   0.34375   0.15625    0.001953
   52 eigenvalues :
   -2.810855   -2.725756   -1.590942   -1.574319   -1.545784   -1.492144   -1.476148   -1.461808
    0.232751    0.277144    0.289135    0.321689    0.353885    0.371452    0.375898    0.400604
    0.451174    0.462584    0.477579    0.529467    0.749642    0.796102    0.954203    0.986171
    1.136489    1.163806    1.356958    1.384091    1.518570    1.541574    1.614794    1.642876
    1.816342    1.845777    1.968934    1.995678    2.105191    2.130368    2.262986    2.289661
    2.308360    2.336122    2.426937    2.456414    2.556454    2.579486    2.713834    2.743712
    2.746267    2.775488    2.875187    2.907298
at  -0.03125   0.40625   0.09375    0.001953
   52 eigenvalues :
   -2.810828   -2.725727   -1.591171   -1.574560   -1.545499   -1.492400   -1.476566   -1.461286
    0.224015    0.271048    0.286172    0.347384    0.352786    0.378971    0.391155    0.408107
    0.445240    0.455027    0.481095    0.515538    0.707676    0.758833    1.023575    1.048002
    1.113531    1.143428    1.369059    1.399314    1.504665    1.534214    1.572105    1.594153
    1.804452    1.832454    2.002771    2.025063    2.145100    2.172061    2.247204    2.280156
    2.325649    2.354798    2.424148    2.450859    2.607848    2.631616    2.675082    2.709674
    2.711216    2.732208    2.944427    2.972786
at  -0.03125   0.46875   0.03125    0.001953
   52 eigenvalues :
   -2.810802   -2.725699   -1.591359   -1.574720   -1.545336   -1.492626   -1.476813   -1.460982
    0.219889    0.268461    0.282839    0.349398    0.373481    0.381545    0.412332    0.413710
    0.427757    0.457811    0.476175    0.509368    0.682387    0.737033    1.047622    1.065405
    1.119085    1.152489    1.354495    1.386364    1.468439    1.499960    1.604918    1.625890
    1.827889    1.855060    1.957649    1.977671    2.166104    2.192850    2.265356    2.302551
    2.369553    2.400137    2.442546    2.470340    2.563482    2.586892    2.631156    2.661897
    2.810948    2.828420    2.847653    2.870894
at   0.03125  -0.03125   0.46875    0.000977
   52 eigenvalues :
   -2.810802   -2.725699   -1.592097   -1.573144   -1.546274   -1.493943   -1.473928   -1.462451
    0.219888    0.268463    0.282849    0.349347    0.373386    0.381707    0.412400    0.413714
    0.427656    0.457723    0.476289    0.509343    0.682386    0.737034    1.047632    1.065390
    1.119094    1.152484    1.354496    1.386363    1.468439    1.499960    1.604917    1.625891
    1.827889    1.855060    1.957649    1.977671    2.166104    2.192850    2.265358    2.302547
    2.369555    2.400138    2.442542    2.470342    2.563482    2.586892    2.631155    2.661898
    2.810948    2.828420    2.847653    2.870893
at   0.03125   0.03125   0.40625    0.001953
   52 eigenvalues :
   -2.810906   -2.725809   -1.591760   -1.573001   -1.546087   -1.493538   -1.473795   -1.462306
    0.220108    0.266840    0.282610    0.348965    0.369392    0.382756    0.390915    0.403433
    0.437580    0.458887    0.469388    0.512751    0.705899    0.757565    1.040717    1.060160
    1.115838    1.149563    1.355649    1.385354    1.485810    1.517101    1.632844    1.654397
    1.775195    1.797972    2.003607    2.028936    2.159213    2.184986    2.234888    2.268140
    2.363710    2.385795    2.397158    2.411785    2.628777    2.637467    2.661996    2.662477
    2.686815    2.706343    2.970187    2.998491
at   0.03125   0.09375   0.34375    0.001953
   52 eigenvalues :
   -2.811003   -2.725912   -1.591254   -1.573011   -1.545958   -1.492882   -1.473882   -1.462292
    0.225545    0.269407    0.283927    0.336611    0.349770    0.380268    0.381516    0.392414
    0.451116    0.457916    0.470362    0.522079    0.744056    0.791385    1.004001    1.030340
    1.090100    1.122117    1.381626    1.406941    1.550315    1.580188    1.628432    1.650652
    1.766848    1.789337    1.994980    2.024790    2.134528    2.161437    2.209056    2.232633
    2.330323    2.362547    2.413699    2.443378    2.570871    2.595583    2.640692    2.672436
    2.735238    2.760496    3.005426    3.036143
at   0.03125   0.15625   0.28125    0.001953
   52 eigenvalues :
   -2.811072   -2.725985   -1.590756   -1.573171   -1.545832   -1.492200   -1.474220   -1.462245
    0.234439    0.274253    0.285483    0.309619    0.349191    0.363005    0.378967    0.392877
    0.455419    0.460958    0.471079    0.530627    0.796021    0.838753    0.935310    0.968432
    1.085329    1.116072    1.398299    1.419666    1.588676    1.611498    1.654094    1.682233
    1.812942    1.836028    1.925558    1.958219    2.032669    2.057546    2.259344    2.280197
    2.345703    2.378419    2.423989    2.450146    2.524217    2.555203    2.674127    2.707034
    2.781800    2.807462    2.915049    2.949460
at   0.03125   0.21875   0.21875    0.001953
   52 eigenvalues :
   -2.811097   -2.726012   -1.590450   -1.573465   -1.545660   -1.491734   -1.474795   -1.462014
    0.240024    0.277000    0.285556    0.298581    0.346168    0.358787    0.377828    0.392943
    0.454186    0.464321    0.471260    0.533907    0.850201    0.872946    0.890019    0.909400
    1.085923    1.116875    1.404062    1.423562    1.575413    1.598723    1.719946    1.745667
    1.828573    1.856245    1.898832    1.931420    1.963822    1.986264    2.282213    2.302891
    2.362999    2.395702    2.402520    2.426557    2.535243    2.570633    2.701649    2.729251
    2.780400    2.816249    2.868030    2.896235
at   0.03125   0.28125   0.15625    0.001953
   52 eigenvalues :
   -2.811072   -2.725985   -1.590438   -1.573836   -1.545442   -1.491632   -1.475480   -1.461594
    0.234440    0.274252    0.285475    0.309623    0.349236    0.362968    0.378993    0.392825
    0.455468    0.461009    0.470998    0.530631    0.796023    0.838752    0.935308    0.968435
    1.085326    1.116074    1.398299    1.419666    1.588676    1.611497    1.654094    1.682234
    1.812942    1.836028    1.925559    1.958218    2.032670    2.057545    2.259344    2.280196
    2.345703    2.378419    2.423989    2.450146    2.524216    2.555203    2.674127    2.707034
    2.781801    2.807462    2.915049    2.949460
at   0.03125   0.34375   0.09375    0.001953
   52 eigenvalues :
   -2.811003   -2.725912   -1.590685   -1.574214   -1.545246   -1.491874   -1.476110   -1.461149
    0.225547    0.269405    0.283918    0.336607    0.349827    0.380185    0.381609    0.392319
    0.451158    0.458043    0.470224    0.522088    0.744057    0.791384    1.003995    1.030351
    1.090091    1.122121    1.381626    1.406941    1.550315    1.580188    1.628432    1.650651
    1.766848    1.789337    1.994980    2.024791    2.134527    2.161437    2.209056    2.232633
    2.330324    2.362546    2.413699    2.443378    2.570871    2.595583    2.640692    2.672437
    2.735239    2.760496    3.005426    3.036143
at   0.03125   0.40625   0.03125    0.001953
   52 eigenvalues :
   -2.810906   -2.725809   -1.591036   -1.574541   -1.545169   -1.492270   -1.476586   -1.460883
    0.220109    0.266837    0.282600    0.349012    0.369371    0.382938    0.390636    0.403461
    0.437621    0.459069    0.469203    0.512766    0.705900    0.757564    1.040707    1.060175
    1.115828    1.149568    1.355649    1.385354    1.485810    1.517101    1.632845    1.654396
    1.775195    1.797972    2.003607    2.028936    2.159213    2.184986    2.234887    2.268142
    2.363718    2.385750    2.397208    2.411771    2.628780    2.637462    2.662142    2.662333
    2.686815    2.706343    2.970187    2.998491
at   0.03125   0.46875  -0.03125    0.001953
   52 eigenvalues :
   -2.810802   -2.725699   -1.591323   -1.574797   -1.545285   -1.492593   -1.476898   -1.460940
    0.219889    0.268461    0.282839    0.349403    0.373443    0.381575    0.412368    0.413725
    0.427693    0.457815    0.476192    0.509362    0.682387    0.737033    1.047622    1.065405
    1.119085    1.152489    1.354495    1.386364    1.468439    1.499960    1.604918    1.625890
    1.827890    1.855060    1.957649    1.977671    2.166104    2.192850    2.265356    2.302550
    2.369555    2.400135    2.442544    2.470341    2.563482    2.586892    2.631156    2.661897
    2.810948    2.828420    2.847653    2.870894
at   0.09375  -0.09375   0.46875    0.000977
   52 eigenvalues :
   -2.810648   -2.725537   -1.592170   -1.573541   -1.546707   -1.493942   -1.474398   -1.463022
    0.227375    0.276616    0.290423    0.339101    0.357293    0.374630    0.386195    0.426835
    0.449622    0.455981    0.508438    0.509636    0.684217    0.737875    1.046997    1.065840
    1.069053    1.101248    1.417061    1.448039    1.484279    1.512076    1.524050    1.547461
    1.790075    1.823987    2.034068    2.049975    2.161818    2.190062    2.237497    2.271049
    2.328586    2.359051    2.497359    2.521625    2.566047    2.592442    2.668315    2.698033
    2.825726    2.840610    2.843548    2.867158
at   0.09375  -0.03125   0.40625    0.001953
   52 eigenvalues :
   -2.810828   -2.725727   -1.591807   -1.573205   -1.546304   -1.493545   -1.474040   -1.462582
    0.224014    0.271050    0.286182    0.347359    0.352737    0.379060    0.391144    0.408137
    0.445211    0.454940    0.481189    0.515517    0.707675    0.758834    1.023581    1.047993
    1.113538    1.143425    1.369059    1.399314    1.504665    1.534214    1.572105    1.594153
    1.804452    1.832454    2.002771    2.025062    2.145100    2.172060    2.247206    2.280154
    2.325650    2.354798    2.424146    2.450860    2.607848    2.631616    2.675081    2.709685
    2.711205    2.732208    2.944427    2.972786
at   0.09375   0.03125   0.34375    0.001953
   52 eigenvalues :
   -2.811003   -2.725912   -1.591254   -1.573011   -1.545958   -1.492882   -1.473882   -1.462292
    0.225545    0.269407    0.283927    0.336611    0.349770    0.380268    0.381516    0.392414
    0.451116    0.457916    0.470362    0.522079    0.744056    0.791385    1.004001    1.030340
    1.090100    1.122117    1.381626    1.406941    1.550315    1.580188    1.628432    1.650652
    1.766848    1.789337    1.994980    2.024790    2.134528    2.161437    2.209056    2.232633
    2.330323    2.362547    2.413699    2.443378    2.570871    2.595583    2.640692    2.672436
    2.735238    2.760496    3.005426    3.036143
at   0.09375   0.09375   0.28125    0.001953
   52 eigenvalues :
   -2.811143   -2.726059   -1.590671   -1.572989   -1.545677   -1.492145   -1.473959   -1.462102
    0.231551    0.270942    0.283576    0.312048    0.348670    0.363183    0.382460    0.389859
    0.457419    0.459906    0.468204    0.528458    0.792711    0.835756    0.981897    1.010363
    1.031131    1.065841    1.425510    1.445294    1.615769    1.645112    1.691218    1.714681
    1.725079    1.745954    1.946506    1.978750    2.039525    2.065219    2.238651    2.259506
    2.388082    2.407104    2.421938    2.432939    2.524771    2.558146    2.632490    2.663222
    2.807087    2.831222    2.969095    3.005654
at   0.09375   0.15625   0.21875    0.001953
   52 eigenvalues :
   -2.811220   -2.726141   -1.590228   -1.573162   -1.545442   -1.491546   -1.474325   -1.461882
    0.238983    0.273365    0.284368    0.292594    0.347427    0.352040    0.382821    0.389629
    0.459739    0.461997    0.467955    0.532560    0.852090    0.891045    0.924440    0.958566
    1.008286    1.041854    1.452808    1.469300    1.669409    1.692269    1.699801    1.726621
    1.780123    1.804448    1.885580    1.917417    1.929985    1.955478    2.271992    2.293524
    2.361382    2.384849    2.462899    2.496741    2.547793    2.586360    2.668149    2.698080
    2.808395    2.835514    2.859492    2.891045
at   0.09375   0.21875   0.15625    0.001953
   52 eigenvalues :
   -2.811220   -2.726141   -1.590062   -1.573507   -1.545239   -1.491266   -1.474953   -1.461559
    0.238984    0.273364    0.284361    0.292597    0.347459    0.352016    0.382859    0.389575
    0.459811    0.461985    0.467905    0.532561    0.852093    0.891039    0.924442    0.958572
    1.008279    1.041857    1.452807    1.469300    1.669410    1.692266    1.699803    1.726622
    1.780122    1.804450    1.885584    1.917383    1.930023    1.955470    2.271992    2.293524
    2.361382    2.384849    2.462899    2.496742    2.547793    2.586360    2.668148    2.698081
    2.808395    2.835514    2.859491    2.891045
at   0.09375   0.28125   0.09375    0.001953
   52 eigenvalues :
   -2.811143   -2.726059   -1.590204   -1.573961   -1.545105   -1.491364   -1.475695   -1.461213
    0.231553    0.270940    0.283567    0.312047    0.348716    0.363164    0.382550    0.389722
    0.457518    0.459949    0.468088    0.528461    0.792712    0.835755    0.981886    1.010407
    1.031089    1.065851    1.425510    1.445294    1.615768    1.645113    1.691216    1.714683
    1.725077    1.745954    1.946506    1.978748    2.039527    2.065218    2.238651    2.259506
    2.388079    2.407114    2.421925    2.432945    2.524771    2.558146    2.632489    2.663222
    2.807087    2.831222    2.969095    3.005654
at   0.09375   0.34375   0.03125    0.001953
   52 eigenvalues :
   -2.811003   -2.725912   -1.590577   -1.574435   -1.545107   -1.491761   -1.476380   -1.461018
    0.225547    0.269404    0.283918    0.336610    0.349813    0.380474    0.381349    0.392304
    0.451150    0.458018    0.470260    0.522084    0.744057    0.791384    1.003996    1.030350
    1.090091    1.122122    1.381626    1.406941    1.550314    1.580190    1.628430    1.650652
    1.766848    1.789337    1.994980    2.024790    2.134527    2.161437    2.209056    2.232633
    2.330324    2.362546    2.413699    2.443378    2.570871    2.595582    2.640692    2.672436
    2.735239    2.760496    3.005426    3.036143
at   0.09375   0.40625  -0.03125    0.001953
   52 eigenvalues :
   -2.810828   -2.725727   -1.591024   -1.574862   -1.545307   -1.492261   -1.476909   -1.461120
    0.224015    0.271048    0.286171    0.347447    0.352700    0.378997    0.391180    0.408096
    0.445195    0.455022    0.481145    0.515523    0.707675    0.758833    1.023576    1.048001
    1.113531    1.143429    1.369059    1.399314    1.504664    1.534215    1.572104    1.594153
    1.804452    1.832453    2.002771    2.025063    2.145100    2.172061    2.247204    2.280155
    2.325650    2.354797    2.424147    2.450859    2.607848    2.631616    2.675082    2.709659
    2.711231    2.732207    2.944427    2.972786
at   0.09375   0.46875  -0.09375    0.001953
   52 eigenvalues :
   -2.810648   -2.725537   -1.591389   -1.575197   -1.545710   -1.492664   -1.477267   -1.461554
    0.227376    0.276613    0.290409    0.339147    0.357341    0.374474    0.386261    0.426859
    0.449490    0.456112    0.508252    0.509809    0.684218    0.737875    1.046957    1.066292
    1.068627    1.101262    1.417060    1.448040    1.484280    1.512069    1.524058    1.547460
    1.790075    1.823987    2.034068    2.049976    2.161818    2.190063    2.237497    2.271050
    2.328586    2.359051    2.497360    2.521624    2.566047    2.592442    2.668317    2.698032
    2.825726    2.840610    2.843548    2.867157
at   0.15625  -0.15625   0.46875    0.000977
   52 eigenvalues :
   -2.810361   -2.725235   -1.592343   -1.574283   -1.547476   -1.493991   -1.475269   -1.464029
    0.239623    0.290191    0.305094    0.308804    0.359058    0.364422    0.373494    0.425324
    0.437958    0.500972    0.506894    0.550720    0.688708    0.740260    1.000337    1.034807
    1.045918    1.071104    1.401955    1.424346    1.503938    1.530324    1.534143    1.560037
    1.707897    1.742369    2.121336    2.151932    2.167581    2.184541    2.237672    2.266305
    2.328675    2.357588    2.500258    2.526523    2.583087    2.612133    2.697139    2.721375
    2.816678    2.851532    2.852903    2.871487
at   0.15625  -0.09375   0.40625    0.001953
   52 eigenvalues :
   -2.810605   -2.725492   -1.591952   -1.573778   -1.546901   -1.493592   -1.474731   -1.463345
    0.234548    0.282472    0.296181    0.319596    0.361609    0.369604    0.371677    0.416597
    0.445083    0.472491    0.494523    0.531669    0.713529    0.763148    0.982618    1.014041
    1.104793    1.131314    1.395243    1.423499    1.466472    1.490872    1.576579    1.604961
    1.761411    1.795382    2.050678    2.073579    2.129066    2.153970    2.259076    2.289909
    2.335276    2.363868    2.430952    2.454851    2.598475    2.624295    2.720298    2.745473
    2.771119    2.802227    2.846470    2.874523
at   0.15625  -0.03125   0.34375    0.001953
   52 eigenvalues :
   -2.810855   -2.725756   -1.591380   -1.573392   -1.546329   -1.492944   -1.474377   -1.462723
    0.232749    0.277145    0.289146    0.321681    0.353822    0.371527    0.375886    0.400629
    0.451163    0.462477    0.477679    0.529459    0.749641    0.796103    0.954204    0.986169
    1.136491    1.163804    1.356958    1.384091    1.518569    1.541575    1.614795    1.642875
    1.816342    1.845777    1.968934    1.995678    2.105192    2.130368    2.262986    2.289661
    2.308359    2.336123    2.426936    2.456414    2.556454    2.579486    2.713834    2.743719
    2.746260    2.775490    2.875185    2.907300
at   0.15625   0.03125   0.28125    0.001953
   52 eigenvalues :
   -2.811072   -2.725985   -1.590756   -1.573171   -1.545832   -1.492200   -1.474220   -1.462245
    0.234439    0.274253    0.285483    0.309619    0.349191    0.363005    0.378967    0.392877
    0.455419    0.460958    0.471079    0.530627    0.796021    0.838753    0.935310    0.968432
    1.085329    1.116072    1.398299    1.419666    1.588676    1.611498    1.654094    1.682233
    1.812942    1.836028    1.925558    1.958219    2.032669    2.057546    2.259344    2.280197
    2.345703    2.378419    2.423989    2.450146    2.524217    2.555203    2.674127    2.707034
    2.781800    2.807462    2.915049    2.949460
at   0.15625   0.09375   0.21875    0.001953
   52 eigenvalues :
   -2.811220   -2.726141   -1.590228   -1.573162   -1.545442   -1.491546   -1.474325   -1.461882
    0.238983    0.273365    0.284368    0.292594    0.347427    0.352040    0.382821    0.389629
    0.459739    0.461997    0.467955    0.532560    0.852090    0.891045    0.924440    0.958566
    1.008286    1.041854    1.452808    1.469300    1.669409    1.692269    1.699801    1.726621
    1.780123    1.804448    1.885580    1.917417    1.929985    1.955478    2.271992    2.293524
    2.361382    2.384849    2.462899    2.496741    2.547793    2.586360    2.668149    2.698080
    2.808395    2.835514    2.859492    2.891045
at   0.15625   0.15625   0.15625    0.001953
   52 eigenvalues :
   -2.811272   -2.726196   -1.589920   -1.573388   -1.545171   -1.491132   -1.474745   -1.461569
    0.242197    0.273332    0.284258    0.284312    0.347161    0.347266    0.385876    0.387079
    0.461818    0.463715    0.465464    0.533499    0.907613    0.909493    0.942858    0.944896
    0.955736    0.991485    1.475386    1.489754    1.721460    1.721483    1.745324    1.745400
    1.784881    1.810262    1.854320    1.856980    1.884024    1.886651    2.307144    2.307180
    2.329698    2.329739    2.544578    2.585470    2.608712    2.610818    2.641509    2.643663
    2.823914    2.823942    2.850200    2.850233
at   0.15625   0.21875   0.09375    0.001953
   52 eigenvalues :
   -2.811220   -2.726141   -1.589906   -1.573826   -1.545048   -1.491053   -1.475434   -1.461319
    0.238985    0.273363    0.284362    0.292593    0.347428    0.352068    0.382863    0.389547
    0.460100    0.461638    0.467972    0.532560    0.852095    0.891030    0.924456    0.958566
    1.008277    1.041859    1.452807    1.469300    1.669404    1.692302    1.699769    1.726625
    1.780123    1.804449    1.885586    1.917373    1.930033    1.955468    2.271992    2.293524
    2.361382    2.384849    2.462901    2.496738    2.547794    2.586362    2.668145    2.698083
    2.808394    2.835515    2.859491    2.891045
at   0.15625   0.28125   0.03125    0.001953
   52 eigenvalues :
   -2.811072   -2.725985   -1.590171   -1.574381   -1.545107   -1.491314   -1.476218   -1.461231
    0.234441    0.274250    0.285475    0.309617    0.349212    0.363059    0.378939    0.392811
    0.455575    0.460829    0.471084    0.530626    0.796022    0.838752    0.935309    0.968434
    1.085325    1.116075    1.398299    1.419666    1.588674    1.611501    1.654091    1.682234
    1.812942    1.836028    1.925559    1.958217    2.032670    2.057545    2.259344    2.280196
    2.345703    2.378419    2.423989    2.450146    2.524216    2.555203    2.674127    2.707034
    2.781800    2.807462    2.915049    2.949460
at   0.15625   0.34375  -0.03125    0.001953
   52 eigenvalues :
   -2.810855   -2.725756   -1.590631   -1.574954   -1.545385   -1.491820   -1.476929   -1.461425
    0.232752    0.277142    0.289133    0.321692    0.353852    0.371656    0.375737    0.400597
    0.451202    0.462466    0.477678    0.529455    0.749642    0.796103    0.954203    0.986171
    1.136488    1.163807    1.356958    1.384091    1.518569    1.541575    1.614794    1.642876
    1.816343    1.845776    1.968934    1.995678    2.105191    2.130368    2.262986    2.289661
    2.308361    2.336122    2.426936    2.456414    2.556454    2.579486    2.713834    2.743712
    2.746267    2.775488    2.875187    2.907298
at   0.15625   0.40625  -0.09375    0.001953
   52 eigenvalues :
   -2.810605   -2.725492   -1.591148   -1.575461   -1.545879   -1.492396   -1.477477   -1.461937
    0.234550    0.282468    0.296160    0.319628    0.361677    0.369662    0.371533    0.416601
    0.445071    0.472515    0.494521    0.531664    0.713529    0.763149    0.982616    1.014045
    1.104790    1.131316    1.395242    1.423499    1.466472    1.490872    1.576579    1.604961
    1.761412    1.795381    2.050678    2.073579    2.129065    2.153970    2.259075    2.289910
    2.335276    2.363868    2.430952    2.454850    2.598475    2.624295    2.720300    2.745470
    2.771124    2.802221    2.846476    2.874520
at   0.15625   0.46875  -0.15625    0.001953
   52 eigenvalues :
   -2.810361   -2.725235   -1.591597   -1.575847   -1.546527   -1.492880   -1.477844   -1.462695
    0.239624    0.290184    0.305003    0.308906    0.358906    0.364793    0.373251    0.425352
    0.437944    0.500995    0.506880    0.550717    0.688707    0.740261    1.000330    1.034841
    1.045884    1.071110    1.401955    1.424345    1.503931    1.530406    1.534064    1.560041
    1.707897    1.742369    2.121335    2.151934    2.167579    2.184542    2.237671    2.266305
    2.328675    2.357588    2.500259    2.526522    2.583087    2.612134    2.697140    2.721374
    2.816678    2.851533    2.852903    2.871487
at   0.21875  -0.21875   0.46875    0.000977
   52 eigenvalues :
   -2.809981   -2.724834   -1.592645   -1.575270   -1.548416   -1.494163   -1.476418   -1.465241
    0.250209    0.283285    0.302636    0.325824    0.335523    0.360257    0.395289    0.423388
    0.431578    0.504555    0.547870    0.594082    0.697411    0.745539    0.933565    0.968070
    1.043856    1.073807    1.298543    1.323008    1.488899    1.522903    1.597012    1.626405
    1.707665    1.737284    2.065178    2.094950    2.269984    2.284256    2.296944    2.307429
    2.385675    2.408763    2.445690    2.475360    2.611791    2.642473    2.721609    2.743860
    2.830748    2.866735    2.890942    2.910798
at   0.21875  -0.15625   0.40625    0.001953
   52 eigenvalues :
   -2.810268   -2.725136   -1.592222   -1.574645   -1.547753   -1.493739   -1.475758   -1.464428
    0.247442    0.292872    0.296746    0.313503    0.345594    0.363625    0.381302    0.417106
    0.436572    0.496553    0.509463    0.562488    0.724590    0.771609    0.931139    0.966101
    1.092530    1.120233    1.326483    1.351200    1.481754    1.510560    1.620854    1.652254
    1.704501    1.735763    2.032347    2.060939    2.206964    2.229060    2.278117    2.306989
    2.369809    2.396937    2.433897    2.458336    2.614950    2.642884    2.700561    2.727629
    2.788875    2.814156    2.870391    2.898748
at   0.21875  -0.09375   0.34375    0.001953
   52 eigenvalues :
   -2.810581   -2.725467   -1.591641   -1.574095   -1.546996   -1.493104   -1.475259   -1.463512
    0.245100    0.290292    0.291637    0.310426    0.348884    0.368179    0.373160    0.405148
    0.443213    0.482062    0.485199    0.546094    0.761463    0.806289    0.902314    0.937916
    1.165074    1.191148    1.321735    1.348174    1.452327    1.478333    1.691884    1.719064
    1.752717    1.786850    1.957704    1.985221    2.150247    2.172913    2.273984    2.302938
    2.366915    2.389295    2.399596    2.429477    2.563067    2.588236    2.743793    2.758797
    2.770167    2.785777    2.858274    2.892677
at   0.21875  -0.03125   0.28125    0.001953
   52 eigenvalues :
   -2.810873   -2.725775   -1.591010   -1.573679   -1.546267   -1.492385   -1.474923   -1.462673
    0.242409    0.283268    0.286785    0.307741    0.346672    0.366709    0.373157    0.396836
    0.448206    0.470896    0.474827    0.537941    0.805966    0.847926    0.879122    0.915546
    1.160564    1.189011    1.338228    1.361591    1.496438    1.520785    1.719372    1.745414
    1.838794    1.869746    1.882608    1.912684    2.064185    2.086620    2.289992    2.316126
    2.319147    2.344369    2.455846    2.484734    2.487787    2.515646    2.711227    2.738315
    2.812503    2.844470    2.860079    2.893533
at   0.21875   0.03125   0.21875    0.001953
   52 eigenvalues :
   -2.811097   -2.726012   -1.590450   -1.573465   -1.545660   -1.491734   -1.474795   -1.462014
    0.240024    0.277000    0.285556    0.298581    0.346168    0.358787    0.377828    0.392943
    0.454186    0.464321    0.471260    0.533907    0.850201    0.872946    0.890019    0.909400
    1.085923    1.116875    1.404062    1.423562    1.575413    1.598723    1.719946    1.745667
    1.828573    1.856245    1.898832    1.931420    1.963822    1.986264    2.282213    2.302891
    2.362999    2.395702    2.402520    2.426557    2.535243    2.570633    2.701649    2.729251
    2.780400    2.816249    2.868030    2.896235
at   0.21875   0.09375   0.15625    0.001953
   52 eigenvalues :
   -2.811220   -2.726141   -1.590062   -1.573507   -1.545239   -1.491266   -1.474953   -1.461559
    0.238984    0.273364    0.284361    0.292597    0.347459    0.352016    0.382859    0.389575
    0.459811    0.461985    0.467905    0.532561    0.852093    0.891039    0.924442    0.958572
    1.008279    1.041857    1.452807    1.469300    1.669410    1.692266    1.699803    1.726622
    1.780122    1.804450    1.885584    1.917383    1.930023    1.955470    2.271992    2.293524
    2.361382    2.384849    2.462899    2.496742    2.547793    2.586360    2.668148    2.698081
    2.808395    2.835514    2.859491    2.891045
at   0.21875   0.15625   0.09375    0.001953
   52 eigenvalues :
   -2.811220   -2.726141   -1.589906   -1.573826   -1.545048   -1.491053   -1.475434   -1.461319
    0.238985    0.273363    0.284362    0.292593    0.347428    0.352068    0.382863    0.389547
    0.460100    0.461638    0.467972    0.532560    0.852095    0.891030    0.924456    0.958566
    1.008277    1.041859    1.452807    1.469300    1.669404    1.692302    1.699769    1.726625
    1.780123    1.804449    1.885586    1.917373    1.930033    1.955468    2.271992    2.293524
    2.361382    2.384849    2.462901    2.496738    2.547794    2.586362    2.668145    2.698083
    2.808394    2.835515    2.859491    2.891045
at   0.21875   0.21875   0.03125    0.001953
   52 eigenvalues :
   -2.811097   -2.726012   -1.590009   -1.574367   -1.545116   -1.491137   -1.476156   -1.461334
    0.240026    0.276997    0.285553    0.298575    0.346149    0.358882    0.377772    0.392913
    0.454282    0.464147    0.471359    0.533903    0.850207    0.872919    0.890052    0.909389
    1.085921    1.116877    1.404062    1.423562    1.575412    1.598723    1.719946    1.745667
    1.828574    1.856244    1.898836    1.931414    1.963828    1.986262    2.282213    2.302891
    2.362999    2.395701    2.402519    2.426557    2.535243    2.570634    2.701648    2.729250
    2.780402    2.816246    2.868031    2.896235
at   0.21875   0.28125  -0.03125    0.001953
   52 eigenvalues :
   -2.810873   -2.725775   -1.590355   -1.575023   -1.545451   -1.491506   -1.476947   -1.461655
    0.242412    0.283260    0.286779    0.307744    0.346664    0.366990    0.372887    0.396823
    0.448246    0.470702    0.475006    0.537934    0.805965    0.847932    0.879116    0.915548
    1.160562    1.189013    1.338227    1.361592    1.496438    1.520786    1.719372    1.745414
    1.838797    1.869732    1.882622    1.912682    2.064185    2.086620    2.289992    2.316122
    2.319152    2.344369    2.455846    2.484734    2.487788    2.515647    2.711228    2.738314
    2.812506    2.844457    2.860092    2.893530
at   0.21875   0.34375  -0.09375    0.001953
   52 eigenvalues :
   -2.810581   -2.725467   -1.590873   -1.575676   -1.546032   -1.492082   -1.477648   -1.462295
    0.245103    0.290255    0.291650    0.310446    0.348868    0.368542    0.372799    0.405153
    0.443219    0.481964    0.485309    0.546087    0.761461    0.806292    0.902311    0.937918
    1.165072    1.191150    1.321734    1.348174    1.452327    1.478333    1.691884    1.719063
    1.752719    1.786849    1.957704    1.985221    2.150246    2.172913    2.273984    2.302938
    2.366914    2.389298    2.399594    2.429477    2.563067    2.588236    2.743796    2.758793
    2.770171    2.785774    2.858277    2.892675
at   0.21875   0.40625  -0.15625    0.001953
   52 eigenvalues :
   -2.810268   -2.725136   -1.591454   -1.576232   -1.546783   -1.492724   -1.478178   -1.463172
    0.247444    0.292826    0.296782    0.313513    0.345552    0.363785    0.381156    0.417125
    0.436574    0.496550    0.509476    0.562482    0.724588    0.771612    0.931136    0.966104
    1.092529    1.120234    1.326482    1.351200    1.481754    1.510560    1.620854    1.652254
    1.704502    1.735763    2.032347    2.060940    2.206964    2.229061    2.278117    2.306989
    2.369809    2.396938    2.433897    2.458336    2.614950    2.642884    2.700562    2.727628
    2.788875    2.814156    2.870392    2.898747
at   0.21875   0.46875  -0.21875    0.001953
   52 eigenvalues :
   -2.809981   -2.724834   -1.591990   -1.576626   -1.547590   -1.493297   -1.478514   -1.464137
    0.250209    0.283278    0.302650    0.325822    0.335465    0.360385    0.395163    0.423417
    0.431600    0.504553    0.547877    0.594078    0.697409    0.745541    0.933561    0.968074
    1.043856    1.073807    1.298544    1.323006    1.488899    1.522904    1.597010    1.626407
    1.707665    1.737284    2.065177    2.094951    2.269983    2.284259    2.296940    2.307431
    2.385675    2.408762    2.445690    2.475360    2.611791    2.642473    2.721610    2.743860
    2.830748    2.866735    2.890942    2.910797
at  -0.46875   0.46875   0.28125    0.000977
   52 eigenvalues :
   -2.809565   -2.724395   -1.593075   -1.576361   -1.549356   -1.494502   -1.477674   -1.466412
    0.251680    0.262785    0.305674    0.316496    0.350961    0.368433    0.421272    0.422363
    0.439613    0.502238    0.594869    0.637392    0.711970    0.755221    0.871698    0.905395
    1.040450    1.074419    1.202434    1.230129    1.386699    1.423096    1.683698    1.712961
    1.795231    1.822389    2.026708    2.054951    2.289103    2.316721    2.317313    2.343001
    2.403973    2.434894    2.541583    2.560525    2.633363    2.664482    2.768409    2.792900
    2.859039    2.894676    2.935049    2.956662
at  -0.40625   0.46875   0.21875    0.001953
   52 eigenvalues :
   -2.809866   -2.724712   -1.592625   -1.575683   -1.548692   -1.494040   -1.476960   -1.465605
    0.254650    0.272477    0.305539    0.327000    0.332444    0.367187    0.401432    0.415762
    0.439562    0.495464    0.548761    0.597203    0.741807    0.785199    0.877198    0.913035
    1.079982    1.110755    1.227546    1.254544    1.460233    1.493400    1.630509    1.661179
    1.776926    1.804400    1.990836    2.018845    2.254403    2.280805    2.313216    2.340897
    2.387659    2.416682    2.514650    2.537233    2.630124    2.657505    2.699592    2.725835
    2.826251    2.848972    2.897407    2.927062
at   0.28125  -0.15625   0.34375    0.001953
   52 eigenvalues :
   -2.810220   -2.725086   -1.592031   -1.575010   -1.547831   -1.493403   -1.476353   -1.464519
    0.256816    0.279217    0.302938    0.317222    0.335955    0.368168    0.383950    0.406507
    0.441922    0.484223    0.513784    0.569572    0.779796    0.822402    0.853237    0.890909
    1.162243    1.189916    1.244502    1.270967    1.464740    1.492754    1.650974    1.685695
    1.792580    1.819065    1.921674    1.949983    2.245742    2.270842    2.284858    2.312166
    2.348098    2.375536    2.463554    2.488794    2.606544    2.633748    2.694882    2.718308
    2.790707    2.816483    2.896324    2.925648
at   0.28125  -0.09375   0.28125    0.001953
   52 eigenvalues :
   -2.810574   -2.725459   -1.591407   -1.574428   -1.546911   -1.492714   -1.475882   -1.463363
    0.252323    0.282780    0.294738    0.311296    0.341511    0.368264    0.375004    0.400207
    0.443225    0.477365    0.488768    0.550882    0.815333    0.837154    0.857761    0.874912
    1.218754    1.245560    1.261795    1.287035    1.447590    1.473978    1.748634    1.782658
    1.786276    1.810287    1.871786    1.901818    2.161985    2.184687    2.271079    2.299099
    2.370273    2.391478    2.422382    2.454548    2.527872    2.553814    2.695136    2.719891
    2.857821    2.875195    2.884075    2.910644
at   0.28125  -0.03125   0.21875    0.001953
   52 eigenvalues :
   -2.810873   -2.725775   -1.590852   -1.574010   -1.546073   -1.492096   -1.475567   -1.462339
    0.242410    0.283268    0.286779    0.307744    0.346686    0.366717    0.373138    0.396825
    0.448215    0.471005    0.474717    0.537943    0.805968    0.847924    0.879122    0.915546
    1.160564    1.189011    1.338228    1.361591    1.496438    1.520785    1.719371    1.745416
    1.838795    1.869733    1.882622    1.912682    2.064185    2.086620    2.289992    2.316122
    2.319152    2.344369    2.455845    2.484734    2.487787    2.515647    2.711228    2.738314
    2.812505    2.844460    2.860089    2.893530
at   0.28125   0.03125   0.15625    0.001953
   52 eigenvalues :
   -2.811072   -2.725985   -1.590438   -1.573836   -1.545442   -1.491632   -1.475480   -1.461594
    0.234440    0.274252    0.285475    0.309623    0.349236    0.362968    0.378993    0.392825
    0.455468    0.461009    0.470998    0.530631    0.796023    0.838752    0.935308    0.968435
    1.085326    1.116074    1.398299    1.419666    1.588676    1.611497    1.654094    1.682234
    1.812942    1.836028    1.925559    1.958218    2.032670    2.057545    2.259344    2.280196
    2.345703    2.378419    2.423989    2.450146    2.524216    2.555203    2.674127    2.707034
    2.781801    2.807462    2.915049    2.949460
at   0.28125   0.09375   0.09375    0.001953
   52 eigenvalues :
   -2.811143   -2.726059   -1.590204   -1.573961   -1.545105   -1.491364   -1.475695   -1.461213
    0.231553    0.270940    0.283567    0.312047    0.348716    0.363164    0.382550    0.389722
    0.457518    0.459949    0.468088    0.528461    0.792712    0.835755    0.981886    1.010407
    1.031089    1.065851    1.425510    1.445294    1.615768    1.645113    1.691216    1.714683
    1.725077    1.745954    1.946506    1.978748    2.039527    2.065218    2.238651    2.259506
    2.388079    2.407114    2.421925    2.432945    2.524771    2.558146    2.632489    2.663222
    2.807087    2.831222    2.969095    3.005654
at   0.28125   0.15625   0.03125    0.001953
   52 eigenvalues :
   -2.811072   -2.725985   -1.590171   -1.574381   -1.545107   -1.491314   -1.476218   -1.461231
    0.234441    0.274250    0.285475    0.309617    0.349212    0.363059    0.378939    0.392811
    0.455575    0.460829    0.471084    0.530626    0.796022    0.838752    0.935309    0.968434
    1.085325    1.116075    1.398299    1.419666    1.588674    1.611501    1.654091    1.682234
    1.812942    1.836028    1.925559    1.958217    2.032670    2.057545    2.259344    2.280196
    2.345703    2.378419    2.423989    2.450146    2.524216    2.555203    2.674127    2.707034
    2.781800    2.807462    2.915049    2.949460
at   0.28125   0.21875  -0.03125    0.001953
   52 eigenvalues :
   -2.810873   -2.725775   -1.590355   -1.575023   -1.545451   -1.491506   -1.476947   -1.461655
    0.242412    0.283260    0.286779    0.307744    0.346664    0.366990    0.372887    0.396823
    0.448246    0.470702    0.475006    0.537934    0.805965    0.847932    0.879116    0.915548
    1.160562    1.189013    1.338227    1.361592    1.496438    1.520786    1.719372    1.745414
    1.838797    1.869732    1.882622    1.912682    2.064185    2.086620    2.289992    2.316122
    2.319152    2.344369    2.455846    2.484734    2.487788    2.515647    2.711228    2.738314
    2.812506    2.844457    2.860092    2.893530
at   0.28125   0.28125  -0.09375    0.001953
   52 eigenvalues :
   -2.810574   -2.725459   -1.590752   -1.575762   -1.546093   -1.491942   -1.477718   -1.462439
    0.252327    0.282762    0.294737    0.311309    0.341500    0.368498    0.374766    0.400218
    0.443233    0.477293    0.488846    0.550873    0.815300    0.837253    0.857655    0.874952
    1.218744    1.245598    1.261758    1.287044    1.447590    1.473978    1.748642    1.782498
    1.786442    1.810274    1.871786    1.901818    2.161985    2.184688    2.271079    2.299099
    2.370273    2.391478    2.422383    2.454547    2.527872    2.553814    2.695136    2.719891
    2.857827    2.875167    2.884100    2.910640
at   0.28125   0.34375  -0.15625    0.001953
   52 eigenvalues :
   -2.810220   -2.725086   -1.591317   -1.576466   -1.546938   -1.492568   -1.478387   -1.463473
    0.256822    0.279201    0.302936    0.317241    0.335935    0.368288    0.383810    0.406532
    0.441925    0.484215    0.513804    0.569564    0.779786    0.822436    0.853202    0.890919
    1.162239    1.189923    1.244496    1.270970    1.464740    1.492754    1.650975    1.685694
    1.792581    1.819064    1.921674    1.949983    2.245740    2.270848    2.284852    2.312168
    2.348097    2.375537    2.463554    2.488794    2.606544    2.633748    2.694882    2.718308
    2.790708    2.816483    2.896325    2.925648
at   0.28125   0.40625  -0.21875    0.001953
   52 eigenvalues :
   -2.809866   -2.724712   -1.591963   -1.577037   -1.547860   -1.493273   -1.478883   -1.464590
    0.254652    0.272471    0.305542    0.327039    0.332376    0.367290    0.401279    0.415819
    0.439585    0.495461    0.548771    0.597197    0.741801    0.785209    0.877187    0.913042
    1.079981    1.110756    1.227546    1.254544    1.460234    1.493399    1.630509    1.661179
    1.776926    1.804400    1.990836    2.018846    2.254402    2.280806    2.313215    2.340898
    2.387659    2.416682    2.514650    2.537233    2.630124    2.657505    2.699592    2.725835
    2.826251    2.848972    2.897408    2.927062
at   0.28125   0.46875  -0.28125    0.001953
   52 eigenvalues :
   -2.809565   -2.724395   -1.592568   -1.577403   -1.548716   -1.493914   -1.479174   -1.465606
    0.251679    0.262785    0.305681    0.316491    0.350893    0.368559    0.420530    0.422984
    0.439679    0.502232    0.594878    0.637383    0.711967    0.755228    0.871688    0.905402
    1.040450    1.074420    1.202435    1.230127    1.386701    1.423095    1.683698    1.712962
    1.795230    1.822389    2.026708    2.054952    2.289102    2.316789    2.317245    2.343002
    2.403973    2.434895    2.541583    2.560525    2.633363    2.664482    2.768409    2.792900
    2.859039    2.894676    2.935049    2.956661
at  -0.46875   0.46875   0.34375    0.000977
   52 eigenvalues :
   -2.809174   -2.723982   -1.593569   -1.577389   -1.550145   -1.494967   -1.478844   -1.467347
    0.244953    0.247419    0.299217    0.302456    0.377595    0.386561    0.419329    0.451744
    0.460293    0.500121    0.641151    0.679112    0.732209    0.769356    0.818045    0.849921
    1.034064    1.071253    1.119779    1.151595    1.287033    1.324846    1.745862    1.775366
    1.912132    1.938692    2.028335    2.055332    2.227476    2.256801    2.371172    2.395581
    2.427966    2.456386    2.609921    2.638368    2.723668    2.744509    2.800679    2.829804
    2.866930    2.898549    2.955706    2.977239
at  -0.40625   0.46875   0.28125    0.001953
   52 eigenvalues :
   -2.809457   -2.724281   -1.593118   -1.576740   -1.549556   -1.494490   -1.478156   -1.466657
    0.251430    0.256294    0.303472    0.312385    0.355625    0.381803    0.414345    0.426428
    0.455698    0.494112    0.590195    0.633399    0.763457    0.802162    0.826306    0.861240
    1.066076    1.100137    1.140547    1.170790    1.366339    1.402211    1.702112    1.731410
    1.872848    1.900173    1.976482    2.002825    2.216114    2.244374    2.356442    2.382873
    2.433321    2.465116    2.611228    2.639936    2.675290    2.693230    2.755631    2.783110
    2.828912    2.847935    2.890274    2.921894
at  -0.34375   0.46875   0.21875    0.001953
   52 eigenvalues :
   -2.809825   -2.724670   -1.592514   -1.576009   -1.548684   -1.493843   -1.477484   -1.465562
    0.258500    0.266506    0.306910    0.323869    0.332674    0.375573    0.400942    0.408748
    0.449345    0.486985    0.548273    0.597890    0.796377    0.814058    0.837550    0.851550
    1.130664    1.161254    1.169505    1.197562    1.448616    1.481183    1.635265    1.666285
    1.883507    1.892722    1.913089    1.917341    2.241842    2.269478    2.334482    2.362188
    2.370118    2.398986    2.558820    2.585165    2.675721    2.704608    2.705808    2.723070
    2.752934    2.776535    2.901136    2.927123
at  -0.28125   0.46875   0.15625    0.001953
   52 eigenvalues :
   -2.810220   -2.725086   -1.591891   -1.575304   -1.547656   -1.493167   -1.476902   -1.464228
    0.256816    0.279217    0.302945    0.317210    0.335947    0.368252    0.383854    0.406527
    0.441924    0.484237    0.513772    0.569574    0.779797    0.822400    0.853237    0.890910
    1.162242    1.189917    1.244503    1.270967    1.464740    1.492754    1.650974    1.685695
    1.792580    1.819065    1.921674    1.949983    2.245742    2.270842    2.284858    2.312166
    2.348099    2.375536    2.463554    2.488794    2.606544    2.633748    2.694882    2.718308
    2.790708    2.816483    2.896325    2.925648
at  -0.21875   0.46875   0.09375    0.001953
   52 eigenvalues :
   -2.810581   -2.725467   -1.591349   -1.574710   -1.546634   -1.492579   -1.476438   -1.462897
    0.245101    0.290283    0.291639    0.310429    0.348886    0.368384    0.372939    0.405153
    0.443213    0.482413    0.484854    0.546100    0.761464    0.806288    0.902313    0.937917
    1.165073    1.191149    1.321736    1.348173    1.452327    1.478333    1.691881    1.719072
    1.752710    1.786852    1.957704    1.985221    2.150247    2.172913    2.273984    2.302937
    2.366915    2.389295    2.399596    2.429477    2.563067    2.588236    2.743796    2.758793
    2.770170    2.785774    2.858277    2.892676
at  -0.15625   0.46875   0.03125    0.001953
   52 eigenvalues :
   -2.810855   -2.725756   -1.590942   -1.574319   -1.545784   -1.492144   -1.476148   -1.461808
    0.232751    0.277144    0.289135    0.321689    0.353885    0.371452    0.375898    0.400604
    0.451174    0.462584    0.477579    0.529467    0.749642    0.796102    0.954203    0.986171
    1.136489    1.163806    1.356958    1.384091    1.518570    1.541574    1.614794    1.642876
    1.816342    1.845777    1.968934    1.995678    2.105191    2.130368    2.262986    2.289661
    2.308360    2.336122    2.426937    2.456414    2.556454    2.579486    2.713834    2.743712
    2.746267    2.775488    2.875187    2.907298
at   0.34375   0.03125   0.09375    0.001953
   52 eigenvalues :
   -2.811003   -2.725912   -1.590685   -1.574214   -1.545246   -1.491874   -1.476110   -1.461149
    0.225547    0.269405    0.283918    0.336607    0.349827    0.380185    0.381609    0.392319
    0.451158    0.458043    0.470224    0.522088    0.744057    0.791384    1.003995    1.030351
    1.090091    1.122121    1.381626    1.406941    1.550315    1.580188    1.628432    1.650651
    1.766848    1.789337    1.994980    2.024791    2.134527    2.161437    2.209056    2.232633
    2.330324    2.362546    2.413699    2.443378    2.570871    2.595583    2.640692    2.672437
    2.735239    2.760496    3.005426    3.036143
at   0.34375   0.09375   0.03125    0.001953
   52 eigenvalues :
   -2.811003   -2.725912   -1.590577   -1.574435   -1.545107   -1.491761   -1.476380   -1.461018
    0.225547    0.269404    0.283918    0.336610    0.349813    0.380474    0.381349    0.392304
    0.451150    0.458018    0.470260    0.522084    0.744057    0.791384    1.003996    1.030350
    1.090091    1.122122    1.381626    1.406941    1.550314    1.580190    1.628430    1.650652
    1.766848    1.789337    1.994980    2.024790    2.134527    2.161437    2.209056    2.232633
    2.330324    2.362546    2.413699    2.443378    2.570871    2.595582    2.640692    2.672436
    2.735239    2.760496    3.005426    3.036143
at   0.34375   0.15625  -0.03125    0.001953
   52 eigenvalues :
   -2.810855   -2.725756   -1.590631   -1.574954   -1.545385   -1.491820   -1.476929   -1.461425
    0.232752    0.277142    0.289133    0.321692    0.353852    0.371656    0.375737    0.400597
    0.451202    0.462466    0.477678    0.529455    0.749642    0.796103    0.954203    0.986171
    1.136488    1.163807    1.356958    1.384091    1.518569    1.541575    1.614794    1.642876
    1.816343    1.845776    1.968934    1.995678    2.105191    2.130368    2.262986    2.289661
    2.308361    2.336122    2.426936    2.456414    2.556454    2.579486    2.713834    2.743712
    2.746267    2.775488    2.875187    2.907298
at   0.34375   0.21875  -0.09375    0.001953
   52 eigenvalues :
   -2.810581   -2.725467   -1.590873   -1.575676   -1.546032   -1.492082   -1.477648   -1.462295
    0.245103    0.290255    0.291650    0.310446    0.348868    0.368542    0.372799    0.405153
    0.443219    0.481964    0.485309    0.546087    0.761461    0.806292    0.902311    0.937918
    1.165072    1.191150    1.321734    1.348174    1.452327    1.478333    1.691884    1.719063
    1.752719    1.786849    1.957704    1.985221    2.150246    2.172913    2.273984    2.302938
    2.366914    2.389298    2.399594    2.429477    2.563067    2.588236    2.743796    2.758793
    2.770171    2.785774    2.858277    2.892675
at   0.34375   0.28125  -0.15625    0.001953
   52 eigenvalues :
   -2.810220   -2.725086   -1.591317   -1.576466   -1.546938   -1.492568   -1.478387   -1.463473
    0.256822    0.279201    0.302936    0.317241    0.335935    0.368288    0.383810    0.406532
    0.441925    0.484215    0.513804    0.569564    0.779786    0.822436    0.853202    0.890919
    1.162239    1.189923    1.244496    1.270970    1.464740    1.492754    1.650975    1.685694
    1.792581    1.819064    1.921674    1.949983    2.245740    2.270848    2.284852    2.312168
    2.348097    2.375537    2.463554    2.488794    2.606544    2.633748    2.694882    2.718308
    2.790708    2.816483    2.896325    2.925648
at   0.34375   0.34375  -0.21875    0.001953
   52 eigenvalues :
   -2.809825   -2.724670   -1.591931   -1.577188   -1.547958   -1.493239   -1.479023   -1.464757
    0.258509    0.266493    0.306899    0.323913    0.332638    0.375634    0.400807    0.408818
    0.449354    0.486980    0.548286    0.597882    0.796250    0.814378    0.837197    0.851710
    1.130656    1.161314    1.169445    1.197570    1.448617    1.481182    1.635266    1.666285
    1.883495    1.892746    1.913046    1.917372    2.241841    2.269479    2.334482    2.362194
    2.370112    2.398987    2.558820    2.585165    2.675721    2.704608    2.705808    2.723069
    2.752936    2.776535    2.901136    2.927123
at   0.34375   0.40625  -0.28125    0.001953
   52 eigenvalues :
   -2.809457   -2.724281   -1.592625   -1.577742   -1.548935   -1.493986   -1.479490   -1.465938
    0.251433    0.256290    0.303466    0.312394    0.355595    0.381893    0.414232    0.426448
    0.455735    0.494105    0.590205    0.633391    0.763429    0.802283    0.826180    0.861273
    1.066074    1.100140    1.140545    1.170790    1.366340    1.402210    1.702112    1.731410
    1.872847    1.900174    1.976479    2.002827    2.216114    2.244374    2.356442    2.382873
    2.433320    2.465116    2.611228    2.639936    2.675290    2.693230    2.755631    2.783110
    2.828912    2.847935    2.890274    2.921894
at   0.34375   0.46875  -0.34375    0.001953
   52 eigenvalues :
   -2.809174   -2.723982   -1.593241   -1.578060   -1.549728   -1.494633   -1.479746   -1.466854
    0.244953    0.247419    0.299213    0.302461    0.377486    0.386724    0.419264    0.451635
    0.460421    0.500109    0.641166    0.679085    0.732208    0.769397    0.817993    0.849944
    1.034063    1.071253    1.119780    1.151593    1.287035    1.324845    1.745861    1.775366
    1.912131    1.938693    2.028332    2.055334    2.227475    2.256801    2.371172    2.395581
    2.427966    2.456386    2.609921    2.638368    2.723669    2.744509    2.800679    2.829804
    2.866930    2.898549    2.955706    2.977239
at  -0.46875   0.46875   0.40625    0.000977
   52 eigenvalues :
   -2.808870   -2.723662   -1.594008   -1.578186   -1.550696   -1.495427   -1.479745   -1.467963
    0.236748    0.237220    0.291146    0.292656    0.401296    0.404778    0.417921    0.478759
    0.482272    0.498582    0.686240    0.718890    0.751261    0.775365    0.783498    0.805943
    1.021531    1.058561    1.061471    1.094927    1.209766    1.248973    1.771173    1.800588
    2.037588    2.064575    2.077140    2.104160    2.173951    2.203426    2.422856    2.445341
    2.458058    2.483633    2.531826    2.556003    2.712158    2.738535    2.901069    2.935007
    2.938027    2.965912    2.981114    3.011580
at  -0.40625   0.46875   0.34375    0.001953
   52 eigenvalues :
   -2.809107   -2.723911   -1.593606   -1.577651   -1.550227   -1.494990   -1.479173   -1.467438
    0.243185    0.244714    0.296503    0.300782    0.380929    0.396938    0.414725    0.454806
    0.473117    0.494793    0.635708    0.673254    0.777875    0.785382    0.812193    0.818631
    1.041947    1.079430    1.084632    1.118223    1.275746    1.313362    1.755865    1.785410
    1.956252    1.983247    2.021899    2.047725    2.175706    2.204638    2.400228    2.425085
    2.467792    2.498194    2.568528    2.593907    2.788145    2.814464    2.836441    2.856187
    2.862274    2.864309    2.877336    2.886570
at  -0.34375   0.46875   0.28125    0.001953
   52 eigenvalues :
   -2.809457   -2.724281   -1.593013   -1.576957   -1.549424   -1.494350   -1.478509   -1.466464
    0.251426    0.256298    0.303478    0.312377    0.355607    0.381862    0.414266    0.426451
    0.455720    0.494108    0.590195    0.633398    0.763460    0.802159    0.826303    0.861242
    1.066075    1.100137    1.140548    1.170789    1.366339    1.402211    1.702112    1.731410
    1.872848    1.900173    1.976481    2.002826    2.216114    2.244374    2.356442    2.382873
    2.433321    2.465116    2.611228    2.639937    2.675290    2.693230    2.755631    2.783110
    2.828912    2.847936    2.890274    2.921894
at  -0.28125   0.46875   0.21875    0.001953
   52 eigenvalues :
   -2.809866   -2.724712   -1.592379   -1.576196   -1.548383   -1.493668   -1.477857   -1.465123
    0.254647    0.272480    0.305554    0.326962    0.332435    0.367287    0.401285    0.415821
    0.439584    0.495467    0.548755    0.597205    0.741808    0.785198    0.877197    0.913037
    1.079981    1.110755    1.227548    1.254543    1.460233    1.493400    1.630509    1.661179
    1.776926    1.804400    1.990836    2.018846    2.254403    2.280805    2.313216    2.340897
    2.387659    2.416681    2.514650    2.537233    2.630124    2.657505    2.699592    2.725835
    2.826251    2.848972    2.897407    2.927062
at  -0.21875   0.46875   0.15625    0.001953
   52 eigenvalues :
   -2.810268   -2.725136   -1.591829   -1.575472   -1.547259   -1.493081   -1.477276   -1.463627
    0.247442    0.292844    0.296786    0.313482    0.345560    0.363793    0.381147    0.417128
    0.436575    0.496622    0.509395    0.562494    0.724590    0.771609    0.931137    0.966103
    1.092530    1.120233    1.326484    1.351199    1.481754    1.510561    1.620853    1.652256
    1.704500    1.735764    2.032347    2.060939    2.206964    2.229060    2.278117    2.306989
    2.369810    2.396937    2.433898    2.458336    2.614950    2.642884    2.700562    2.727628
    2.788875    2.814156    2.870392    2.898747
at  -0.15625   0.46875   0.09375    0.001953
   52 eigenvalues :
   -2.810605   -2.725492   -1.591426   -1.574894   -1.546239   -1.492660   -1.476820   -1.462261
    0.234549    0.282470    0.296166    0.319614    0.361752    0.369509    0.371609    0.416605
    0.445067    0.472589    0.494435    0.531685    0.713530    0.763148    0.982616    1.014045
    1.104790    1.131316    1.395243    1.423498    1.466473    1.490872    1.576579    1.604962
    1.761411    1.795382    2.050678    2.073579    2.129066    2.153970    2.259076    2.289909
    2.335276    2.363868    2.430953    2.454850    2.598475    2.624295    2.720300    2.745470
    2.771123    2.802221    2.846477    2.874520
at  -0.09375   0.46875   0.03125    0.001953
   52 eigenvalues :
   -2.810828   -2.725727   -1.591171   -1.574560   -1.545499   -1.492400   -1.476566   -1.461286
    0.224015    0.271048    0.286172    0.347384    0.352786    0.378971    0.391155    0.408107
    0.445240    0.455027    0.481095    0.515538    0.707676    0.758833    1.023575    1.048002
    1.113531    1.143428    1.369059    1.399314    1.504665    1.534214    1.572105    1.594153
    1.804452    1.832454    2.002771    2.025063    2.145100    2.172061    2.247204    2.280156
    2.325649    2.354798    2.424148    2.450859    2.607848    2.631616    2.675082    2.709674
    2.711216    2.732208    2.944427    2.972786
at  -0.03125   0.46875  -0.03125    0.001953
   52 eigenvalues :
   -2.810906   -2.725809   -1.591036   -1.574541   -1.545169   -1.492270   -1.476586   -1.460883
    0.220109    0.266837    0.282600    0.349012    0.369371    0.382938    0.390636    0.403461
    0.437621    0.459069    0.469203    0.512766    0.705900    0.757564    1.040707    1.060175
    1.115828    1.149568    1.355649    1.385354    1.485810    1.517101    1.632845    1.654396
    1.775195    1.797972    2.003607    2.028936    2.159213    2.184986    2.234887    2.268142
    2.363718    2.385750    2.397208    2.411771    2.628780    2.637462    2.662142    2.662333
    2.686815    2.706343    2.970187    2.998491
at   0.03125   0.46875  -0.09375    0.001953
   52 eigenvalues :
   -2.810828   -2.725727   -1.591024   -1.574862   -1.545307   -1.492261   -1.476909   -1.461120
    0.224015    0.271048    0.286171    0.347447    0.352700    0.378997    0.391180    0.408096
    0.445195    0.455022    0.481145    0.515523    0.707675    0.758833    1.023576    1.048001
    1.113531    1.143429    1.369059    1.399314    1.504664    1.534215    1.572104    1.594153
    1.804452    1.832453    2.002771    2.025063    2.145100    2.172061    2.247204    2.280155
    2.325650    2.354797    2.424147    2.450859    2.607848    2.631616    2.675082    2.709659
    2.711231    2.732207    2.944427    2.972786
at   0.09375   0.46875  -0.15625    0.001953
   52 eigenvalues :
   -2.810605   -2.725492   -1.591148   -1.575461   -1.545879   -1.492396   -1.477477   -1.461937
    0.234550    0.282468    0.296160    0.319628    0.361677    0.369662    0.371533    0.416601
    0.445071    0.472515    0.494521    0.531664    0.713529    0.763149    0.982616    1.014045
    1.104790    1.131316    1.395242    1.423499    1.466472    1.490872    1.576579    1.604961
    1.761412    1.795381    2.050678    2.073579    2.129065    2.153970    2.259075    2.289910
    2.335276    2.363868    2.430952    2.454850    2.598475    2.624295    2.720300    2.745470
    2.771124    2.802221    2.846476    2.874520
at   0.15625   0.46875  -0.21875    0.001953
   52 eigenvalues :
   -2.810268   -2.725136   -1.591454   -1.576232   -1.546783   -1.492724   -1.478178   -1.463172
    0.247444    0.292826    0.296782    0.313513    0.345552    0.363785    0.381156    0.417125
    0.436574    0.496550    0.509476    0.562482    0.724588    0.771612    0.931136    0.966104
    1.092529    1.120234    1.326482    1.351200    1.481754    1.510560    1.620854    1.652254
    1.704502    1.735763    2.032347    2.060940    2.206964    2.229061    2.278117    2.306989
    2.369809    2.396938    2.433897    2.458336    2.614950    2.642884    2.700562    2.727628
    2.788875    2.814156    2.870392    2.898747
at   0.40625   0.28125  -0.21875    0.001953
   52 eigenvalues :
   -2.809866   -2.724712   -1.591963   -1.577037   -1.547860   -1.493273   -1.478883   -1.464590
    0.254652    0.272471    0.305542    0.327039    0.332376    0.367290    0.401279    0.415819
    0.439585    0.495461    0.548771    0.597197    0.741801    0.785209    0.877187    0.913042
    1.079981    1.110756    1.227546    1.254544    1.460234    1.493399    1.630509    1.661179
    1.776926    1.804400    1.990836    2.018846    2.254402    2.280806    2.313215    2.340898
    2.387659    2.416682    2.514650    2.537233    2.630124    2.657505    2.699592    2.725835
    2.826251    2.848972    2.897408    2.927062
at   0.40625   0.34375  -0.28125    0.001953
   52 eigenvalues :
   -2.809457   -2.724281   -1.592625   -1.577742   -1.548935   -1.493986   -1.479490   -1.465938
    0.251433    0.256290    0.303466    0.312394    0.355595    0.381893    0.414232    0.426448
    0.455735    0.494105    0.590205    0.633391    0.763429    0.802283    0.826180    0.861273
    1.066074    1.100140    1.140545    1.170790    1.366340    1.402210    1.702112    1.731410
    1.872847    1.900174    1.976479    2.002827    2.216114    2.244374    2.356442    2.382873
    2.433320    2.465116    2.611228    2.639936    2.675290    2.693230    2.755631    2.783110
    2.828912    2.847935    2.890274    2.921894
at   0.40625   0.40625  -0.34375    0.001953
   52 eigenvalues :
   -2.809107   -2.723911   -1.593310   -1.578254   -1.549851   -1.494715   -1.479937   -1.467019
    0.243191    0.244708    0.296494    0.300792    0.380890    0.397034    0.414668    0.454760
    0.473177    0.494776    0.635720    0.673239    0.777206    0.786497    0.810992    0.819389
    1.041946    1.079440    1.084623    1.118223    1.275747    1.313361    1.755865    1.785410
    1.956248    1.983258    2.021888    2.047730    2.175705    2.204638    2.400228    2.425085
    2.467791    2.498194    2.568527    2.593907    2.788145    2.814464    2.836441    2.856187
    2.862276    2.864308    2.877335    2.886570
at   0.40625   0.46875  -0.40625    0.001953
   52 eigenvalues :
   -2.808870   -2.723662   -1.593848   -1.578512   -1.550491   -1.495280   -1.480160   -1.467733
    0.236752    0.237216    0.291139    0.292664    0.401062    0.405094    0.417841    0.478497
    0.482570    0.498542    0.686277    0.718787    0.751197    0.776809    0.781993    0.806135
    1.021531    1.058559    1.061475    1.094925    1.209766    1.248972    1.771173    1.800588
    2.037575    2.064654    2.077054    2.104181    2.173951    2.203426    2.422856    2.445342
    2.458057    2.483633    2.531825    2.556003    2.712158    2.738535    2.901069    2.935007
    2.938028    2.965912    2.981114    3.011580
at   0.46875   0.46875  -0.46875    0.000488
   52 eigenvalues :
   -2.808704   -2.723487   -1.594227   -1.578708   -1.550924   -1.495678   -1.480343   -1.468202
    0.231866    0.231965    0.286688    0.287104    0.414315    0.416851    0.417489    0.494333
    0.496927    0.498239    0.727064    0.747540    0.756174    0.757845    0.777192    0.783153
    1.010348    1.023690    1.052032    1.063802    1.168022    1.208192    1.775616    1.804759
    2.132593    2.136303    2.149231    2.161974    2.165048    2.179415    2.455618    2.456396
    2.456747    2.475569    2.478146    2.478524    2.640692    2.665633    2.960686    2.979012
    2.979015    3.006441    3.024317    3.024318
at  -0.34375   0.46875   0.40625    0.001953
   52 eigenvalues :
   -2.809019   -2.723819   -1.593648   -1.578105   -1.550230   -1.495054   -1.479732   -1.467417
    0.241621    0.242175    0.296661    0.296895    0.381295    0.403581    0.417142    0.455178
    0.480886    0.497364    0.692944    0.719895    0.728235    0.755829    0.772683    0.804842
    1.051569    1.088162    1.092126    1.125861    1.238630    1.277560    1.752645    1.782013
    1.962610    1.989929    2.081842    2.108706    2.189675    2.218188    2.402909    2.427886
    2.438627    2.465395    2.557872    2.583238    2.785463    2.813250    2.813987    2.838378
    2.883747    2.916845    2.928486    2.950154
at  -0.21875   0.40625   0.40625    0.001953
   52 eigenvalues :
   -2.809572   -2.724402   -1.592828   -1.576943   -1.548970   -1.494183   -1.478651   -1.465802
    0.260989    0.261234    0.315601    0.315671    0.327197    0.393386    0.400906    0.401408
    0.477865    0.477871    0.679917    0.681714    0.722618    0.724155    0.745092    0.784554
    1.183721    1.184468    1.211982    1.212720    1.332424    1.367956    1.630478    1.661916
    1.919709    1.949603    2.093909    2.095100    2.118754    2.119912    2.432730    2.433540
    2.465982    2.466818    2.578928    2.604351    2.608076    2.629650    2.681798    2.681886
    2.702990    2.703065    2.990921    3.018195
at  -0.28125   0.40625   0.40625    0.001953
   52 eigenvalues :
   -2.809293   -2.724108   -1.593296   -1.577368   -1.549723   -1.494675   -1.478951   -1.466791
    0.250801    0.250953    0.304802    0.306332    0.354650    0.398596    0.412008    0.424795
    0.475140    0.490960    0.657303    0.697209    0.732568    0.759836    0.771341    0.796487
    1.103897    1.134300    1.136631    1.165204    1.299268    1.336825    1.697239    1.726599
    1.919242    1.947869    2.052855    2.078427    2.181888    2.208779    2.388389    2.416143
    2.446244    2.477691    2.573241    2.599335    2.731651    2.740442    2.755055    2.762893
    2.819299    2.843298    2.894751    2.925297
at  -0.40625   0.40625   0.40625    0.000977
   52 eigenvalues :
   -2.809041   -2.723843   -1.593716   -1.577752   -1.550406   -1.495098   -1.479260   -1.467663
    0.240386    0.242672    0.293483    0.298943    0.396230    0.396311    0.410237    0.472279
    0.472387    0.490193    0.627293    0.663701    0.798518    0.798528    0.830306    0.830311
    1.015575    1.055910    1.061944    1.096936    1.268119    1.305638    1.772867    1.802670
    2.010445    2.010449    2.036517    2.036521    2.112903    2.141836    2.477020    2.477020
    2.507131    2.507131    2.514411    2.534647    2.772552    2.798935    2.817730    2.844170
    2.937696    2.937696    2.958437    2.958437
at  -0.15625   0.34375   0.40625    0.001953
   52 eigenvalues :
   -2.809901   -2.724748   -1.592485   -1.576055   -1.548318   -1.493857   -1.477711   -1.464940
    0.267894    0.275401    0.304635    0.322460    0.328701    0.369002    0.387463    0.403079
    0.462809    0.480364    0.630237    0.676330    0.687044    0.733116    0.761622    0.801673
    1.216511    1.243182    1.275784    1.300519    1.339913    1.370843    1.626896    1.662561
    1.904790    1.934016    2.031879    2.057587    2.126514    2.149941    2.404853    2.425104
    2.438229    2.454107    2.496795    2.521545    2.569399    2.590979    2.596694    2.622491
    2.718133    2.742047    2.946296    2.973954
at  -0.21875   0.34375   0.40625    0.001953
   52 eigenvalues :
   -2.809648   -2.724482   -1.592871   -1.576422   -1.549015   -1.494261   -1.477930   -1.465899
    0.258723    0.264669    0.312753    0.318712    0.329223    0.384497    0.396748    0.411693
    0.459348    0.490262    0.613069    0.657780    0.717671    0.760579    0.792001    0.829692
    1.134643    1.164608    1.209184    1.236499    1.373363    1.407865    1.631496    1.662767
    1.880445    1.908973    2.009771    2.036043    2.212526    2.237819    2.370805    2.400168
    2.415464    2.447466    2.560774    2.583365    2.609045    2.634818    2.686448    2.711426
    2.797364    2.819012    2.874684    2.900174
at  -0.34375   0.34375   0.40625    0.000977
   52 eigenvalues :
   -2.809355   -2.724173   -1.593216   -1.576958   -1.549833   -1.494558   -1.478366   -1.467040
    0.246799    0.252522    0.297829    0.309625    0.376888    0.381199    0.408853    0.450593
    0.454720    0.488473    0.576258    0.618157    0.810532    0.837976    0.846879    0.872436
    1.031012    1.068682    1.085617    1.117993    1.356439    1.392294    1.757436    1.787354
    1.903059    1.928692    1.948812    1.974507    2.126688    2.154945    2.432355    2.455244
    2.461905    2.487732    2.587630    2.612257    2.707966    2.728331    2.798178    2.819370
    2.885165    2.914352    2.919308    2.937339
at  -0.34375   0.40625   0.34375    0.001953
   52 eigenvalues :
   -2.809355   -2.724173   -1.593179   -1.577035   -1.549786   -1.494508   -1.478493   -1.466969
    0.246798    0.252523    0.297830    0.309623    0.376791    0.381322    0.408824    0.450520
    0.454803    0.488468    0.576258    0.618157    0.810535    0.837972    0.846877    0.872439
    1.031012    1.068682    1.085618    1.117993    1.356439    1.392294    1.757436    1.787354
    1.903059    1.928693    1.948810    1.974508    2.126687    2.154945    2.432355    2.455247
    2.461903    2.487733    2.587630    2.612257    2.707966    2.728331    2.798178    2.819369
    2.885164    2.914378    2.919280    2.937343
at  -0.09375   0.28125   0.40625    0.001953
   52 eigenvalues :
   -2.810228   -2.725093   -1.592161   -1.575173   -1.547648   -1.493606   -1.476675   -1.464117
    0.261887    0.293271    0.293798    0.315674    0.344963    0.357269    0.378880    0.403853
    0.454047    0.481348    0.584255    0.633761    0.682429    0.731828    0.801541    0.840175
    1.201690    1.228319    1.336220    1.364104    1.376026    1.398232    1.705816    1.742698
    1.827873    1.855486    2.048747    2.077007    2.113862    2.135448    2.337389    2.350366
    2.357695    2.382680    2.486245    2.507932    2.523890    2.557079    2.603164    2.629763
    2.767088    2.796759    2.926045    2.954269
at  -0.15625   0.28125   0.40625    0.001953
   52 eigenvalues :
   -2.810029   -2.724883   -1.592474   -1.575420   -1.548195   -1.493931   -1.476793   -1.464868
    0.258028    0.282712    0.310433    0.311424    0.335343    0.372229    0.377785    0.412473
    0.446727    0.490956    0.569140    0.617926    0.701268    0.748478    0.837915    0.875223
    1.150493    1.178035    1.301216    1.325884    1.406915    1.436661    1.630483    1.665743
    1.797979    1.825744    2.028751    2.056795    2.211072    2.235126    2.331757    2.358821
    2.406075    2.433486    2.442685    2.468612    2.599703    2.627975    2.638064    2.663117
    2.812618    2.838528    2.857326    2.883350
at  -0.28125   0.28125   0.40625    0.000977
   52 eigenvalues :
   -2.809759   -2.724600   -1.592638   -1.575931   -1.549016   -1.493984   -1.477205   -1.466096
    0.252180    0.265824    0.300567    0.322985    0.351918    0.365550    0.410624    0.423321
    0.437087    0.490297    0.533901    0.582095    0.794797    0.834525    0.891709    0.926410
    1.044244    1.077991    1.153691    1.183104    1.459554    1.493914    1.694660    1.723736
    1.787076    1.813444    1.941990    1.969325    2.163639    2.190802    2.375751    2.402700
    2.406116    2.432687    2.621167    2.634493    2.647134    2.654096    2.654799    2.678549
    2.937699    2.967754    2.971369    2.986054
at  -0.28125   0.34375   0.34375    0.001953
   52 eigenvalues :
   -2.809722   -2.724562   -1.592585   -1.576125   -1.549077   -1.493871   -1.477482   -1.466176
    0.251144    0.263699    0.298509    0.321943    0.356359    0.371962    0.404031    0.427548
    0.444811    0.482907    0.528697    0.577010    0.849129    0.855246    0.886982    0.891269
    1.060891    1.095703    1.104432    1.134403    1.454824    1.489107    1.714209    1.743241
    1.863542    1.867039    1.888207    1.895094    2.124053    2.151789    2.407198    2.408908
    2.438867    2.439949    2.605987    2.615237    2.627147    2.639142    2.799414    2.819110
    2.825430    2.846328    2.976514    3.008643
at  -0.28125   0.40625   0.28125    0.001953
   52 eigenvalues :
   -2.809759   -2.724600   -1.592503   -1.576213   -1.548847   -1.493778   -1.477711   -1.465817
    0.252177    0.265827    0.300573    0.322975    0.351847    0.365672    0.410515    0.423331
    0.437141    0.490302    0.533892    0.582098    0.794798    0.834524    0.891707    0.926413
    1.044244    1.077990    1.153692    1.183103    1.459554    1.493914    1.694660    1.723737
    1.787077    1.813443    1.941990    1.969325    2.163639    2.190802    2.375751    2.402708
    2.406108    2.432687    2.621167    2.634494    2.647133    2.654095    2.654800    2.678549
    2.937697    2.967796    2.971322    2.986061
at  -0.03125   0.21875   0.40625    0.001953
   52 eigenvalues :
   -2.810505   -2.725384   -1.591909   -1.574412   -1.547066   -1.493463   -1.475678   -1.463472
    0.249306    0.287470    0.301787    0.313636    0.351143    0.363110    0.378928    0.401875
    0.454871    0.479303    0.546213    0.599293    0.678738    0.730468    0.851348    0.887395
    1.134233    1.162043    1.369079    1.394920    1.482673    1.503347    1.734305    1.761710
    1.822648    1.858952    2.031831    2.050470    2.097555    2.126883    2.287021    2.296653
    2.308870    2.328335    2.424733    2.445453    2.589222    2.621850    2.639112    2.669573
    2.686716    2.717033    2.961880    2.991390
at  -0.09375   0.21875   0.40625    0.001953
   52 eigenvalues :
   -2.810377   -2.725250   -1.592168   -1.574500   -1.547391   -1.493739   -1.475686   -1.463874
    0.247220    0.296120    0.298609    0.307404    0.354486    0.364877    0.372021    0.411737
    0.446005    0.489600    0.528107    0.581131    0.691238    0.741673    0.887763    0.923047
    1.148981    1.174716    1.363866    1.392077    1.426828    1.450037    1.683955    1.713537
    1.739411    1.773758    2.060159    2.085867    2.156575    2.180415    2.271670    2.297032
    2.335529    2.364684    2.484846    2.509087    2.573416    2.600870    2.638864    2.666792
    2.738842    2.767086    2.882305    2.910848
at  -0.21875   0.21875   0.40625    0.000977
   52 eigenvalues :
   -2.810190   -2.725055   -1.592112   -1.574840   -1.548047   -1.493522   -1.475958   -1.464916
    0.249339    0.282965    0.295448    0.327703    0.338546    0.359043    0.397391    0.413046
    0.430685    0.492640    0.497259    0.550835    0.773541    0.816812    0.952848    0.988207
    1.051081    1.080807    1.250001    1.276676    1.558042    1.589365    1.603282    1.632072
    1.700128    1.729458    1.977450    2.006125    2.176430    2.201399    2.325324    2.333029
    2.356550    2.357827    2.532905    2.555866    2.615961    2.636319    2.641722    2.662987
    2.913204    2.946632    2.969909    2.992053
at  -0.21875   0.28125   0.34375    0.001953
   52 eigenvalues :
   -2.810151   -2.725014   -1.591960   -1.575066   -1.548167   -1.493254   -1.476295   -1.465111
    0.251427    0.276534    0.294495    0.334724    0.336257    0.361705    0.403245    0.405442
    0.433883    0.481755    0.492023    0.547391    0.834008    0.873879    0.902161    0.938735
    1.090945    1.121753    1.172873    1.201102    1.545912    1.576775    1.641316    1.672038
    1.765200    1.791153    1.890512    1.919077    2.146140    2.172992    2.315064    2.340879
    2.372599    2.404610    2.555310    2.580663    2.583689    2.606321    2.725205    2.747973
    2.869586    2.892692    2.995122    3.024837
at  -0.21875   0.34375   0.28125    0.001953
   52 eigenvalues :
   -2.810151   -2.725014   -1.591865   -1.575265   -1.548049   -1.493093   -1.476682   -1.464899
    0.251427    0.276536    0.294498    0.334728    0.336216    0.361777    0.402922    0.405710
    0.433892    0.481824    0.491955    0.547395    0.834009    0.873879    0.902158    0.938737
    1.090946    1.121753    1.172873    1.201101    1.545911    1.576777    1.641315    1.672039
    1.765201    1.791153    1.890512    1.919078    2.146140    2.172992    2.315064    2.340879
    2.372599    2.404610    2.555310    2.580663    2.583689    2.606321    2.725205    2.747972
    2.869586    2.892692    2.995122    3.024837
at  -0.21875   0.40625   0.21875    0.001953
   52 eigenvalues :
   -2.810190   -2.725055   -1.591845   -1.575402   -1.547712   -1.493072   -1.477024   -1.464340
    0.249338    0.282965    0.295461    0.327665    0.338515    0.359174    0.397236    0.413099
    0.430704    0.492939    0.496960    0.550844    0.773541    0.816811    0.952845    0.988211
    1.051081    1.080807    1.250002    1.276675    1.558035    1.589404    1.603242    1.632080
    1.700129    1.729458    1.977450    2.006125    2.176430    2.201399    2.325322    2.333032
    2.356536    2.357840    2.532905    2.555866    2.615961    2.636319    2.641722    2.662987
    2.913204    2.946632    2.969909    2.992053
at   0.03125   0.15625   0.40625    0.001953
   52 eigenvalues :
   -2.810690   -2.725579   -1.591758   -1.573891   -1.546671   -1.493409   -1.474937   -1.463081
    0.240142    0.281301    0.291369    0.333230    0.345537    0.379549    0.383035    0.396267
    0.459909    0.473973    0.520442    0.577019    0.677012    0.730102    0.908438    0.941165
    1.056242    1.085993    1.413838    1.437805    1.587748    1.608167    1.658268    1.686928
    1.920611    1.923994    1.936942    1.958090    2.156352    2.186697    2.253770    2.275184
    2.285486    2.299127    2.383665    2.403176    2.551041    2.586132    2.629568    2.660443
    2.733626    2.762568    2.983126    3.010755
at  -0.03125   0.15625   0.40625    0.001953
   52 eigenvalues :
   -2.810642   -2.725529   -1.591977   -1.573795   -1.546747   -1.493665   -1.474791   -1.463099
    0.235223    0.285266    0.287219    0.331370    0.352655    0.377381    0.378844    0.406604
    0.453255    0.482942    0.494716    0.553291    0.686089    0.738583    0.939951    0.971677
    1.118597    1.145221    1.368864    1.397462    1.524603    1.545460    1.614647    1.643413
    1.828224    1.862431    1.996621    2.015045    2.163651    2.192639    2.252898    2.280210
    2.282144    2.312096    2.522690    2.542096    2.542719    2.572509    2.641886    2.670666
    2.674571    2.705475    2.934463    2.963466
at  -0.15625   0.15625   0.40625    0.000977
   52 eigenvalues :
   -2.810583   -2.725470   -1.591720   -1.573855   -1.547079   -1.493238   -1.474819   -1.463695
    0.237487    0.282081    0.304260    0.307562    0.356825    0.364161    0.376152    0.415389
    0.437494    0.462095    0.495634    0.520981    0.756255    0.802147    1.019470    1.054260
    1.056687    1.081444    1.356814    1.381639    1.506943    1.536281    1.563087    1.590269
    1.727165    1.760630    2.027921    2.057134    2.116204    2.137445    2.284571    2.311825
    2.317062    2.336951    2.437280    2.460156    2.609645    2.634956    2.705536    2.735896
    2.877199    2.912266    2.928013    2.949023
at  -0.15625   0.21875   0.34375    0.001953
   52 eigenvalues :
   -2.810573   -2.725460   -1.591426   -1.574035   -1.547187   -1.492781   -1.475110   -1.463924
    0.242390    0.282788    0.291060    0.318187    0.348512    0.360297    0.386228    0.404611
    0.432954    0.461929    0.483056    0.523872    0.812114    0.854302    0.954151    0.989496
    1.110376    1.138484    1.272620    1.299027    1.512383    1.540253    1.653048    1.680215
    1.715365    1.748120    1.934554    1.963525    2.137465    2.161842    2.236940    2.261665
    2.338526    2.370048    2.486485    2.509410    2.579718    2.606413    2.705107    2.730552
    2.858728    2.884070    2.989419    3.023287
at  -0.15625   0.28125   0.28125    0.001953
   52 eigenvalues :
   -2.810571   -2.725458   -1.591217   -1.574263   -1.547132   -1.492447   -1.475558   -1.463832
    0.245241    0.283221    0.285271    0.323026    0.345422    0.359186    0.390414    0.398609
    0.432012    0.462852    0.476227    0.525808    0.872155    0.886586    0.912841    0.923323
    1.176085    1.199043    1.204883    1.226003    1.507690    1.535200    1.704060    1.737307
    1.742654    1.766821    1.858682    1.889194    2.159419    2.186471    2.197811    2.220302
    2.373483    2.406234    2.504294    2.525829    2.531134    2.547675    2.757791    2.780759
    2.884538    2.909832    2.954252    2.982014
at  -0.15625   0.34375   0.21875    0.001953
   52 eigenvalues :
   -2.810573   -2.725460   -1.591199   -1.574514   -1.546905   -1.492374   -1.476059   -1.463412
    0.242390    0.282784    0.291069    0.318169    0.348478    0.360422    0.386110    0.404631
    0.432936    0.462055    0.482952    0.523887    0.812115    0.854301    0.954149    0.989499
    1.110376    1.138485    1.272621    1.299027    1.512382    1.540254    1.653047    1.680216
    1.715364    1.748121    1.934554    1.963526    2.137465    2.161842    2.236940    2.261665
    2.338525    2.370048    2.486485    2.509410    2.579718    2.606413    2.705107    2.730552
    2.858728    2.884070    2.989419    3.023286
at  -0.15625   0.40625   0.15625    0.001953
   52 eigenvalues :
   -2.810583   -2.725470   -1.591310   -1.574725   -1.546564   -1.492506   -1.476493   -1.462808
    0.237487    0.282079    0.304273    0.307543    0.356752    0.364432    0.375937    0.415394
    0.437458    0.462222    0.495523    0.521020    0.756256    0.802146    1.019459    1.054561
    1.056386    1.081455    1.356815    1.381638    1.506941    1.536285    1.563085    1.590269
    1.727164    1.760630    2.027920    2.057134    2.116204    2.137445    2.284570    2.311826
    2.317062    2.336951    2.437280    2.460156    2.609645    2.634956    2.705537    2.735895
    2.877200    2.912266    2.928012    2.949023
at   0.09375   0.09375   0.40625    0.000977
   52 eigenvalues :
   -2.810755   -2.725647   -1.591710   -1.573706   -1.546532   -1.493399   -1.474662   -1.462953
    0.236941    0.278702    0.287674    0.343038    0.343163    0.384756    0.387147    0.391918
    0.462362    0.470418    0.511288    0.569495    0.676557    0.730094    0.958240    0.986178
    0.998553    1.032061    1.438626    1.461245    1.622829    1.648736    1.652815    1.670233
    1.855156    1.869717    1.967415    1.999979    2.193452    2.224367    2.235482    2.267368
    2.274626    2.299590    2.368456    2.387189    2.485268    2.520730    2.640650    2.670852
    2.810148    2.839703    2.952993    2.978952
at   0.03125   0.09375   0.40625    0.001953
   52 eigenvalues :
   -2.810784   -2.725680   -1.591887   -1.573410   -1.546387   -1.493650   -1.474287   -1.462676
    0.228172    0.277488    0.281246    0.346776    0.355025    0.382507    0.394722    0.396659
    0.459389    0.471960    0.476145    0.539878    0.684028    0.737510    0.990314    1.016430
    1.071711    1.102845    1.386620    1.413338    1.556794    1.587050    1.617722    1.638887
    1.851369    1.873284    1.948092    1.974847    2.198542    2.225192    2.241070    2.272591
    2.282524    2.313014    2.476119    2.506837    2.520622    2.540248    2.628382    2.659217
    2.699177    2.727316    2.942372    2.969311
at  -0.09375   0.09375   0.40625    0.000977
   52 eigenvalues :
   -2.810880   -2.725783   -1.591479   -1.573116   -1.546292   -1.493103   -1.473955   -1.462682
    0.224431    0.268100    0.293226    0.329164    0.360380    0.374501    0.376990    0.417227
    0.428376    0.449009    0.492829    0.497667    0.745081    0.792765    1.060173    1.080825
    1.087674    1.122222    1.417562    1.447491    1.448890    1.475415    1.537888    1.563204
    1.784480    1.813995    2.052369    2.074320    2.076981    2.105599    2.255461    2.289627
    2.329258    2.354315    2.365229    2.389792    2.621428    2.646007    2.740577    2.775691
    2.862159    2.887013    2.892383    2.912137
at  -0.09375   0.15625   0.34375    0.001953
   52 eigenvalues :
   -2.810927   -2.725834   -1.591038   -1.573170   -1.546299   -1.492487   -1.474095   -1.462827
    0.228417    0.267691    0.298678    0.312927    0.360674    0.367550    0.372354    0.404653
    0.436820    0.442036    0.482281    0.505191    0.795192    0.839038    1.004313    1.035746
    1.129369    1.156942    1.361086    1.387847    1.464598    1.491495    1.579735    1.607005
    1.790173    1.820989    1.976410    2.004693    2.081750    2.105399    2.224972    2.252678
    2.314680    2.344880    2.406316    2.429228    2.618720    2.645316    2.728396    2.757161
    2.825176    2.849260    2.917471    2.953650
at  -0.09375   0.21875   0.28125    0.001953
   52 eigenvalues :
   -2.810955   -2.725864   -1.590673   -1.573358   -1.546243   -1.491947   -1.474487   -1.462801
    0.232972    0.268238    0.292156    0.313359    0.352668    0.362202    0.378391    0.397260
    0.436072    0.442520    0.475041    0.510972    0.856217    0.896428    0.929465    0.965085
    1.196761    1.223434    1.278500    1.304762    1.463560    1.490605    1.674992    1.700644
    1.802237    1.834368    1.877230    1.907077    2.082109    2.103576    2.186675    2.214722
    2.361567    2.391861    2.448322    2.472655    2.525068    2.551898    2.737289    2.761217
    2.881563    2.908778    2.964999    3.003658
at  -0.09375   0.28125   0.21875    0.001953
   52 eigenvalues :
   -2.810955   -2.725864   -1.590540   -1.573640   -1.546076   -1.491701   -1.475053   -1.462499
    0.232972    0.268238    0.292154    0.313357    0.352672    0.362235    0.378354    0.397246
    0.436017    0.442624    0.475000    0.510981    0.856218    0.896427    0.929464    0.965086
    1.196760    1.223434    1.278501    1.304761    1.463560    1.490606    1.674992    1.700645
    1.802236    1.834369    1.877230    1.907077    2.082109    2.103576    2.186675    2.214722
    2.361567    2.391861    2.448322    2.472655    2.525069    2.551898    2.737289    2.761217
    2.881564    2.908776    2.965001    3.003657
at  -0.09375   0.34375   0.15625    0.001953
   52 eigenvalues :
   -2.810927   -2.725834   -1.590662   -1.573966   -1.545829   -1.491802   -1.475652   -1.462004
    0.228418    0.267690    0.298666    0.312934    0.360728    0.367709    0.372138    0.404618
    0.436669    0.442296    0.482174    0.505232    0.795193    0.839037    1.004310    1.035750
    1.129366    1.156943    1.361087    1.387847    1.464598    1.491495    1.579735    1.607005
    1.790173    1.820990    1.976409    2.004693    2.081750    2.105399    2.224972    2.252677
    2.314680    2.344880    2.406316    2.429228    2.618720    2.645316    2.728397    2.757160
    2.825176    2.849260    2.917472    2.953649
at  -0.09375   0.40625   0.09375    0.001953
   52 eigenvalues :
   -2.810880   -2.725783   -1.590931   -1.574283   -1.545601   -1.492113   -1.476170   -1.461530
    0.224432    0.268098    0.293214    0.329177    0.360503    0.374242    0.377114    0.417140
    0.428436    0.449114    0.492485    0.497945    0.745082    0.792764    1.060143    1.080997
    1.087522    1.122232    1.417561    1.447492    1.448890    1.475414    1.537888    1.563204
    1.784480    1.813995    2.052366    2.074374    2.076927    2.105601    2.255460    2.289628
    2.329260    2.354300    2.365244    2.389789    2.621428    2.646007    2.740579    2.775688
    2.862162    2.887020    2.892374    2.912138
at   0.09375   0.03125   0.40625    0.001953
   52 eigenvalues :
   -2.810784   -2.725680   -1.591887   -1.573410   -1.546387   -1.493650   -1.474287   -1.462676
    0.228172    0.277488    0.281246    0.346776    0.355025    0.382507    0.394722    0.396659
    0.459389    0.471960    0.476145    0.539878    0.684028    0.737510    0.990314    1.016430
    1.071711    1.102845    1.386620    1.413338    1.556794    1.587050    1.617722    1.638887
    1.851369    1.873284    1.948092    1.974847    2.198542    2.225192    2.241070    2.272591
    2.282524    2.313014    2.476119    2.506837    2.520622    2.540248    2.628382    2.659217
    2.699177    2.727316    2.942372    2.969311
at  -0.03125   0.03125   0.40625    0.000977
   52 eigenvalues :
   -2.811040   -2.725952   -1.591365   -1.572714   -1.545847   -1.493058   -1.473487   -1.462105
    0.216566    0.259778    0.285805    0.352510    0.355178    0.381192    0.393714    0.397961
    0.418250    0.456904    0.471954    0.498786    0.739759    0.788355    1.062582    1.080714
    1.142316    1.176704    1.351220    1.381957    1.457340    1.488354    1.612066    1.633910
    1.741145    1.764700    2.066963    2.092508    2.107229    2.134703    2.239321    2.275362
    2.304665    2.325104    2.370603    2.402447    2.646682    2.651885    2.670116    2.686508
    2.865160    2.865647    2.884546    2.889787
at  -0.03125   0.09375   0.34375    0.001953
   52 eigenvalues :
   -2.811162   -2.726082   -1.590812   -1.572596   -1.545679   -1.492342   -1.473413   -1.462053
    0.217284    0.256029    0.290272    0.329351    0.357109    0.376373    0.377641    0.397866
    0.421642    0.452083    0.474208    0.497073    0.785081    0.829985    1.044873    1.069473
    1.143813    1.174984    1.361181    1.389862    1.490630    1.519525    1.563441    1.587093
    1.768771    1.793181    2.011920    2.041012    2.102474    2.128671    2.209006    2.238059
    2.308566    2.336994    2.355650    2.381541    2.659382    2.690358    2.698792    2.726488
    2.787589    2.810374    2.949496    2.983519
at  -0.03125   0.15625   0.28125    0.001953
   52 eigenvalues :
   -2.811247   -2.726173   -1.590288   -1.572659   -1.545532   -1.491630   -1.473626   -1.461988
    0.220599    0.254676    0.293170    0.310514    0.356980    0.368263    0.371664    0.395102
    0.429169    0.445807    0.473025    0.501621    0.841257    0.882345    0.980914    1.013007
    1.171295    1.199796    1.338383    1.363547    1.504054    1.528806    1.605026    1.632700
    1.823230    1.848862    1.910600    1.941643    2.026590    2.050205    2.226872    2.257105
    2.338707    2.366435    2.389328    2.414226    2.575575    2.604878    2.721798    2.747054
    2.828232    2.856710    2.922046    2.960418
at  -0.03125   0.21875   0.21875    0.001953
   52 eigenvalues :
   -2.811279   -2.726206   -1.589984   -1.572902   -1.545360   -1.491171   -1.474130   -1.461758
    0.222667    0.254445    0.291910    0.305840    0.353877    0.366731    0.370799    0.394241
    0.431990    0.442797    0.472361    0.503868    0.897712    0.918638    0.936376    0.954076
    1.189673    1.218868    1.320866    1.343463    1.492911    1.518348    1.668430    1.694576
    1.840271    1.869876    1.870198    1.901173    1.970133    1.990740    2.234185    2.265240
    2.358100    2.383078    2.433538    2.460062    2.509163    2.538946    2.706893    2.731417
    2.894325    2.934569    2.940217    2.969726
at  -0.03125   0.28125   0.15625    0.001953
   52 eigenvalues :
   -2.811247   -2.726173   -1.589995   -1.573278   -1.545166   -1.491108   -1.474813   -1.461363
    0.220599    0.254675    0.293160    0.310521    0.357044    0.368201    0.371677    0.395057
    0.429188    0.445868    0.472963    0.501637    0.841258    0.882344    0.980913    1.013009
    1.171293    1.199797    1.338383    1.363547    1.504054    1.528806    1.605025    1.632700
    1.823230    1.848862    1.910601    1.941643    2.026590    2.050205    2.226873    2.257106
    2.338706    2.366436    2.389327    2.414227    2.575575    2.604878    2.721798    2.747054
    2.828232    2.856709    2.922047    2.960417
at  -0.03125   0.34375   0.09375    0.001953
   52 eigenvalues :
   -2.811162   -2.726082   -1.590284   -1.573717   -1.545013   -1.491409   -1.475511   -1.460962
    0.217285    0.256028    0.290262    0.329359    0.357191    0.376166    0.377780    0.397780
    0.421703    0.452186    0.474078    0.497114    0.785082    0.829984    1.044868    1.069480
    1.143808    1.174988    1.361181    1.389862    1.490630    1.519525    1.563442    1.587092
    1.768771    1.793182    2.011920    2.041014    2.102473    2.128672    2.209006    2.238059
    2.308566    2.336994    2.355650    2.381542    2.659382    2.690358    2.698792    2.726487
    2.787589    2.810374    2.949497    2.983519
at  -0.03125   0.40625   0.03125    0.001953
   52 eigenvalues :
   -2.811040   -2.725952   -1.590690   -1.574150   -1.544992   -1.491876   -1.476112   -1.460757
    0.216567    0.259777    0.285795    0.352571    0.355185    0.381203    0.393551    0.397957
    0.418338    0.457052    0.471782    0.498823    0.739760    0.788355    1.062573    1.080726
    1.142308    1.176708    1.351219    1.381957    1.457340    1.488354    1.612066    1.633909
    1.741146    1.764700    2.066962    2.092512    2.107227    2.134704    2.239319    2.275365
    2.304667    2.325100    2.370606    2.402446    2.646682    2.651885    2.670116    2.686508
    2.865123    2.865685    2.884542    2.889790
at   0.15625  -0.03125   0.40625    0.001953
   52 eigenvalues :
   -2.810642   -2.725529   -1.591977   -1.573795   -1.546747   -1.493665   -1.474791   -1.463099
    0.235223    0.285266    0.287219    0.331370    0.352655    0.377381    0.378844    0.406604
    0.453255    0.482942    0.494716    0.553291    0.686089    0.738583    0.939951    0.971677
    1.118597    1.145221    1.368864    1.397462    1.524603    1.545460    1.614647    1.643413
    1.828224    1.862431    1.996621    2.015045    2.163651    2.192639    2.252898    2.280210
    2.282144    2.312096    2.522690    2.542096    2.542719    2.572509    2.641886    2.670666
    2.674571    2.705475    2.934463    2.963466
at   0.03125  -0.03125   0.40625    0.000977
   52 eigenvalues :
   -2.811040   -2.725952   -1.591365   -1.572714   -1.545847   -1.493058   -1.473487   -1.462105
    0.216566    0.259778    0.285805    0.352510    0.355178    0.381192    0.393714    0.397961
    0.418250    0.456904    0.471954    0.498786    0.739759    0.788355    1.062582    1.080714
    1.142316    1.176704    1.351220    1.381957    1.457340    1.488354    1.612066    1.633910
    1.741145    1.764700    2.066963    2.092508    2.107229    2.134703    2.239321    2.275362
    2.304665    2.325104    2.370603    2.402447    2.646682    2.651885    2.670116    2.686508
    2.865160    2.865647    2.884546    2.889787
at   0.03125   0.03125   0.34375    0.001953
   52 eigenvalues :
   -2.811244   -2.726168   -1.590739   -1.572391   -1.545453   -1.492304   -1.473170   -1.461772
    0.213180    0.251756    0.286873    0.339144    0.353748    0.380063    0.382932    0.389602
    0.418695    0.456757    0.467703    0.496045    0.781766    0.827038    1.062127    1.082153
    1.148214    1.183193    1.349576    1.377338    1.476779    1.507923    1.659498    1.674168
    1.681776    1.696325    2.033907    2.063132    2.152741    2.176748    2.180317    2.203927
    2.298254    2.326249    2.354115    2.383456    2.626169    2.662148    2.730682    2.747679
    2.754118    2.769219    3.024377    3.054783
at   0.03125   0.09375   0.28125    0.001953
   52 eigenvalues :
   -2.811405   -2.726340   -1.590094   -1.572282   -1.545138   -1.491484   -1.473145   -1.461543
    0.213305    0.246886    0.289072    0.314823    0.355440    0.368679    0.378037    0.390102
    0.423679    0.454462    0.468069    0.498321    0.833754    0.875362    1.030013    1.056670
    1.124959    1.158299    1.371590    1.394320    1.548397    1.578789    1.612169    1.635006
    1.730893    1.753497    1.943945    1.974901    2.033186    2.058324    2.275943    2.304969
    2.333479    2.349104    2.361474    2.376104    2.600805    2.636036    2.678725    2.702674
    2.802706    2.827445    2.983809    3.022523
at   0.03125   0.15625   0.21875    0.001953
   52 eigenvalues :
   -2.811494   -2.726434   -1.589619   -1.572405   -1.544878   -1.490844   -1.473462   -1.461291
    0.214862    0.244698    0.291093    0.299603    0.354971    0.361891    0.375671    0.390841
    0.427435    0.451679    0.468929    0.500986    0.894271    0.932171    0.966911    0.999970
    1.120089    1.151909    1.381964    1.401033    1.576786    1.600583    1.642792    1.671808
    1.808000    1.831570    1.854221    1.885625    1.920201    1.944996    2.319918    2.353038
    2.354766    2.377362    2.393458    2.419852    2.551976    2.585624    2.674430    2.700253
    2.829463    2.862830    2.924975    2.959770
at   0.03125   0.21875   0.15625    0.001953
   52 eigenvalues :
   -2.811494   -2.726434   -1.589454   -1.572751   -1.544672   -1.490569   -1.474094   -1.460959
    0.214862    0.244698    0.291086    0.299609    0.355008    0.361859    0.375681    0.390815
    0.427442    0.451710    0.468899    0.500990    0.894273    0.932168    0.966912    0.999972
    1.120087    1.151910    1.381964    1.401033    1.576786    1.600583    1.642792    1.671808
    1.807999    1.831573    1.854220    1.885621    1.920206    1.944994    2.319916    2.353081
    2.354724    2.377366    2.393452    2.419854    2.551977    2.585624    2.674430    2.700253
    2.829463    2.862830    2.924976    2.959770
at   0.03125   0.28125   0.09375    0.001953
   52 eigenvalues :
   -2.811405   -2.726340   -1.589632   -1.573255   -1.544557   -1.490716   -1.474892   -1.460633
    0.213306    0.246885    0.289062    0.314828    0.355512    0.368611    0.378079    0.390024
    0.423700    0.454566    0.467966    0.498335    0.833755    0.875361    1.030009    1.056677
    1.124952    1.158302    1.371590    1.394320    1.548398    1.578788    1.612170    1.635005
    1.730892    1.753497    1.943946    1.974900    2.033187    2.058323    2.275942    2.304973
    2.333472    2.349120    2.361453    2.376113    2.600805    2.636035    2.678725    2.702674
    2.802706    2.827445    2.983809    3.022523
at   0.03125   0.34375   0.03125    0.001953
   52 eigenvalues :
   -2.811244   -2.726168   -1.590062   -1.573820   -1.544597   -1.491189   -1.475680   -1.460480
    0.213181    0.251755    0.286863    0.339147    0.353810    0.380177    0.382769    0.389545
    0.418722    0.456935    0.467526    0.496067    0.781767    0.827037    1.062120    1.082163
    1.148206    1.183197    1.349576    1.377338    1.476779    1.507923    1.659506    1.674129
    1.681813    1.696317    2.033907    2.063132    2.152739    2.176745    2.180323    2.203926
    2.298254    2.326250    2.354113    2.383457    2.626169    2.662148    2.730682    2.747679
    2.754118    2.769219    3.024377    3.054783
at   0.03125   0.40625  -0.03125    0.001953
   52 eigenvalues :
   -2.811040   -2.725952   -1.590581   -1.574375   -1.544847   -1.491777   -1.476362   -1.460634
    0.216567    0.259777    0.285794    0.352710    0.355021    0.381222    0.393587    0.397982
    0.418263    0.457046    0.471825    0.498806    0.739760    0.788355    1.062574    1.080725
    1.142308    1.176709    1.351219    1.381957    1.457340    1.488354    1.612066    1.633909
    1.741146    1.764700    2.066963    2.092510    2.107228    2.134704    2.239318    2.275369
    2.304662    2.325102    2.370605    2.402446    2.646682    2.651886    2.670116    2.686508
    2.865147    2.865660    2.884545    2.889788
at   0.21875  -0.09375   0.40625    0.001953
   52 eigenvalues :
   -2.810377   -2.725250   -1.592168   -1.574500   -1.547391   -1.493739   -1.475686   -1.463874
    0.247220    0.296120    0.298609    0.307404    0.354486    0.364877    0.372021    0.411737
    0.446005    0.489600    0.528107    0.581131    0.691238    0.741673    0.887763    0.923047
    1.148981    1.174716    1.363866    1.392077    1.426828    1.450037    1.683955    1.713537
    1.739411    1.773758    2.060159    2.085867    2.156575    2.180415    2.271670    2.297032
    2.335529    2.364684    2.484846    2.509087    2.573416    2.600870    2.638864    2.666792
    2.738842    2.767086    2.882305    2.910848
at   0.09375  -0.09375   0.40625    0.000977
   52 eigenvalues :
   -2.810880   -2.725783   -1.591479   -1.573116   -1.546292   -1.493103   -1.473955   -1.462682
    0.224431    0.268100    0.293226    0.329164    0.360380    0.374501    0.376990    0.417227
    0.428376    0.449009    0.492829    0.497667    0.745081    0.792765    1.060173    1.080825
    1.087674    1.122222    1.417562    1.447491    1.448890    1.475415    1.537888    1.563204
    1.784480    1.813995    2.052369    2.074320    2.076981    2.105599    2.255461    2.289627
    2.329258    2.354315    2.365229    2.389792    2.621428    2.646007    2.740577    2.775691
    2.862159    2.887013    2.892383    2.912137
at   0.09375  -0.03125   0.34375    0.001953
   52 eigenvalues :
   -2.811162   -2.726082   -1.590812   -1.572596   -1.545679   -1.492342   -1.473413   -1.462053
    0.217284    0.256029    0.290272    0.329351    0.357109    0.376373    0.377641    0.397866
    0.421642    0.452083    0.474208    0.497073    0.785081    0.829985    1.044873    1.069473
    1.143813    1.174984    1.361181    1.389862    1.490630    1.519525    1.563441    1.587093
    1.768771    1.793181    2.011920    2.041012    2.102474    2.128671    2.209006    2.238059
    2.308566    2.336994    2.355650    2.381541    2.659382    2.690358    2.698792    2.726488
    2.787589    2.810374    2.949496    2.983519
at   0.09375   0.03125   0.28125    0.001953
   52 eigenvalues :
   -2.811405   -2.726340   -1.590094   -1.572282   -1.545138   -1.491484   -1.473145   -1.461543
    0.213305    0.246886    0.289072    0.314823    0.355440    0.368679    0.378037    0.390102
    0.423679    0.454462    0.468069    0.498321    0.833754    0.875362    1.030013    1.056670
    1.124959    1.158299    1.371590    1.394320    1.548397    1.578789    1.612169    1.635006
    1.730893    1.753497    1.943945    1.974901    2.033186    2.058324    2.275943    2.304969
    2.333479    2.349104    2.361474    2.376104    2.600805    2.636036    2.678725    2.702674
    2.802706    2.827445    2.983809    3.022523
at   0.09375   0.09375   0.21875    0.001953
   52 eigenvalues :
   -2.811570   -2.726514   -1.589493   -1.572230   -1.544707   -1.490736   -1.473216   -1.461132
    0.211997    0.241207    0.289384    0.298785    0.355237    0.359299    0.380366    0.387528
    0.426427    0.457180    0.465341    0.500546    0.890915    0.928980    1.010099    1.038847
    1.069580    1.105313    1.406593    1.423663    1.625962    1.656874    1.666839    1.688972
    1.717919    1.741153    1.856384    1.888401    1.917131    1.941977    2.339876    2.364990
    2.370331    2.397397    2.403965    2.433690    2.565283    2.602798    2.639834    2.665378
    2.832440    2.858697    2.920262    2.958909
at   0.09375   0.15625   0.15625    0.001953
   52 eigenvalues :
   -2.811629   -2.726576   -1.589151   -1.572462   -1.544409   -1.490278   -1.473664   -1.460778
    0.211897    0.239287    0.290712    0.291407    0.354723    0.356221    0.381153    0.386773
    0.427683    0.458086    0.464490    0.501659    0.944671    0.966893    0.979394    1.000311
    1.050286    1.085336    1.419265    1.434293    1.668658    1.690692    1.692622    1.721651
    1.779575    1.784374    1.807524    1.810832    1.828000    1.855737    2.346025    2.371610
    2.374690    2.400127    2.477408    2.506995    2.562154    2.600369    2.618816    2.645920
    2.830741    2.862837    2.868820    2.900749
at   0.09375   0.21875   0.09375    0.001953
   52 eigenvalues :
   -2.811570   -2.726514   -1.589148   -1.572948   -1.544275   -1.490216   -1.474420   -1.460507
    0.211998    0.241206    0.289375    0.298789    0.355299    0.359263    0.380388    0.387467
    0.426433    0.457266    0.465265    0.500549    0.890917    0.928977    1.010098    1.038860
    1.069562    1.105319    1.406593    1.423663    1.625960    1.656887    1.666826    1.688975
    1.717918    1.741154    1.856386    1.888392    1.917142    1.941972    2.339874    2.365003
    2.370314    2.397447    2.403916    2.433694    2.565283    2.602799    2.639831    2.665380
    2.832440    2.858697    2.920262    2.958909
at   0.09375   0.28125   0.03125    0.001953
   52 eigenvalues :
   -2.811405   -2.726340   -1.589467   -1.573592   -1.544345   -1.490546   -1.475312   -1.460424
    0.213307    0.246885    0.289062    0.314824    0.355505    0.368676    0.378016    0.390037
    0.423684    0.454559    0.467994    0.498326    0.833755    0.875361    1.030010    1.056676
    1.124951    1.158303    1.371590    1.394320    1.548396    1.578793    1.612164    1.635008
    1.730893    1.753496    1.943946    1.974899    2.033188    2.058323    2.275943    2.304972
    2.333475    2.349115    2.361459    2.376111    2.600805    2.636036    2.678724    2.702675
    2.802706    2.827445    2.983810    3.022523
at   0.09375   0.34375  -0.03125    0.001953
   52 eigenvalues :
   -2.811162   -2.726082   -1.590008   -1.574284   -1.544652   -1.491148   -1.476169   -1.460636
    0.217286    0.256027    0.290260    0.329361    0.357170    0.376378    0.377599    0.397812
    0.421632    0.452175    0.474154    0.497078    0.785081    0.829984    1.044870    1.069478
    1.143807    1.174988    1.361181    1.389862    1.490629    1.519526    1.563440    1.587093
    1.768772    1.793181    2.011920    2.041013    2.102474    2.128671    2.209005    2.238061
    2.308564    2.336994    2.355652    2.381541    2.659382    2.690360    2.698790    2.726488
    2.787589    2.810374    2.949497    2.983519
at   0.09375   0.40625  -0.09375    0.001953
   52 eigenvalues :
   -2.810880   -2.725783   -1.590615   -1.574931   -1.545186   -1.491825   -1.476903   -1.461167
    0.224433    0.268097    0.293210    0.329191    0.360451    0.374276    0.377139    0.417232
    0.428293    0.449105    0.492787    0.497688    0.745081    0.792765    1.060151    1.080953
    1.087558    1.122232    1.417558    1.447670    1.448711    1.475418    1.537888    1.563204
    1.784481    1.813994    2.052367    2.074355    2.076946    2.105600    2.255459    2.289635
    2.329252    2.354304    2.365244    2.389789    2.621428    2.646007    2.740579    2.775688
    2.862162    2.887012    2.892382    2.912137
at   0.28125  -0.15625   0.40625    0.001953
   52 eigenvalues :
   -2.810029   -2.724883   -1.592474   -1.575420   -1.548195   -1.493931   -1.476793   -1.464868
    0.258028    0.282712    0.310433    0.311424    0.335343    0.372229    0.377785    0.412473
    0.446727    0.490956    0.569140    0.617926    0.701268    0.748478    0.837915    0.875223
    1.150493    1.178035    1.301216    1.325884    1.406915    1.436661    1.630483    1.665743
    1.797979    1.825744    2.028751    2.056795    2.211072    2.235126    2.331757    2.358821
    2.406075    2.433486    2.442685    2.468612    2.599703    2.627975    2.638064    2.663117
    2.812618    2.838528    2.857326    2.883350
at   0.15625  -0.15625   0.40625    0.000977
   52 eigenvalues :
   -2.810583   -2.725470   -1.591720   -1.573855   -1.547079   -1.493238   -1.474819   -1.463695
    0.237487    0.282081    0.304260    0.307562    0.356825    0.364161    0.376152    0.415389
    0.437494    0.462095    0.495634    0.520981    0.756255    0.802147    1.019470    1.054260
    1.056687    1.081444    1.356814    1.381639    1.506943    1.536281    1.563087    1.590269
    1.727165    1.760630    2.027921    2.057134    2.116204    2.137445    2.284571    2.311825
    2.317062    2.336951    2.437280    2.460156    2.609645    2.634956    2.705536    2.735896
    2.877199    2.912266    2.928013    2.949023
at   0.15625  -0.09375   0.34375    0.001953
   52 eigenvalues :
   -2.810927   -2.725834   -1.591038   -1.573170   -1.546299   -1.492487   -1.474095   -1.462827
    0.228417    0.267691    0.298678    0.312927    0.360674    0.367550    0.372354    0.404653
    0.436820    0.442036    0.482281    0.505191    0.795192    0.839038    1.004313    1.035746
    1.129369    1.156942    1.361086    1.387847    1.464598    1.491495    1.579735    1.607005
    1.790173    1.820989    1.976410    2.004693    2.081750    2.105399    2.224972    2.252678
    2.314680    2.344880    2.406316    2.429228    2.618720    2.645316    2.728396    2.757161
    2.825176    2.849260    2.917471    2.953650
at   0.15625  -0.03125   0.28125    0.001953
   52 eigenvalues :
   -2.811247   -2.726173   -1.590288   -1.572659   -1.545532   -1.491630   -1.473626   -1.461988
    0.220599    0.254676    0.293170    0.310514    0.356980    0.368263    0.371664    0.395102
    0.429169    0.445807    0.473025    0.501621    0.841257    0.882345    0.980914    1.013007
    1.171295    1.199796    1.338383    1.363547    1.504054    1.528806    1.605026    1.632700
    1.823230    1.848862    1.910600    1.941643    2.026590    2.050205    2.226872    2.257105
    2.338707    2.366435    2.389328    2.414226    2.575575    2.604878    2.721798    2.747054
    2.828232    2.856710    2.922046    2.960418
at   0.15625   0.03125   0.21875    0.001953
   52 eigenvalues :
   -2.811494   -2.726434   -1.589619   -1.572405   -1.544878   -1.490844   -1.473462   -1.461291
    0.214862    0.244698    0.291093    0.299603    0.354971    0.361891    0.375671    0.390841
    0.427435    0.451679    0.468929    0.500986    0.894271    0.932171    0.966911    0.999970
    1.120089    1.151909    1.381964    1.401033    1.576786    1.600583    1.642792    1.671808
    1.808000    1.831570    1.854221    1.885625    1.920201    1.944996    2.319918    2.353038
    2.354766    2.377362    2.393458    2.419852    2.551976    2.585624    2.674430    2.700253
    2.829463    2.862830    2.924975    2.959770
at   0.15625   0.09375   0.15625    0.001953
   52 eigenvalues :
   -2.811629   -2.726576   -1.589151   -1.572462   -1.544409   -1.490278   -1.473664   -1.460778
    0.211897    0.239287    0.290712    0.291407    0.354723    0.356221    0.381153    0.386773
    0.427683    0.458086    0.464490    0.501659    0.944671    0.966893    0.979394    1.000311
    1.050286    1.085336    1.419265    1.434293    1.668658    1.690692    1.692622    1.721651
    1.779575    1.784374    1.807524    1.810832    1.828000    1.855737    2.346025    2.371610
    2.374690    2.400127    2.477408    2.506995    2.562154    2.600369    2.618816    2.645920
    2.830741    2.862837    2.868820    2.900749
at   0.15625   0.15625   0.09375    0.001953
   52 eigenvalues :
   -2.811629   -2.726576   -1.588967   -1.572840   -1.544180   -1.490033   -1.474239   -1.460483
    0.211897    0.239287    0.290712    0.291405    0.354685    0.356283    0.381139    0.386760
    0.427683    0.458113    0.464471    0.501658    0.944696    0.966747    0.979566    1.000259
    1.050284    1.085338    1.419265    1.434293    1.668649    1.690904    1.692414    1.721656
    1.779563    1.784397    1.807463    1.810871    1.828016    1.855731    2.346024    2.371621
    2.374679    2.400127    2.477411    2.506989    2.562154    2.600399    2.618780    2.645930
    2.830741    2.862830    2.868827    2.900748
at   0.15625   0.21875   0.03125    0.001953
   52 eigenvalues :
   -2.811494   -2.726434   -1.589100   -1.573474   -1.544227   -1.490154   -1.475087   -1.460457
    0.214863    0.244697    0.291086    0.299602    0.354969    0.361997    0.375577    0.390822
    0.427433    0.451714    0.468921    0.500980    0.894274    0.932162    0.966921    0.999968
    1.120086    1.151912    1.381964    1.401033    1.576784    1.600587    1.642788    1.671809
    1.808000    1.831571    1.854222    1.885618    1.920208    1.944993    2.319918    2.353012
    2.354794    2.377362    2.393454    2.419854    2.551976    2.585625    2.674429    2.700254
    2.829464    2.862829    2.924976    2.959770
at   0.15625   0.28125  -0.03125    0.001953
   52 eigenvalues :
   -2.811247   -2.726173   -1.589520   -1.574247   -1.544561   -1.490613   -1.476028   -1.460754
    0.220600    0.254674    0.293156    0.310516    0.356999    0.368832    0.371083    0.395086
    0.429142    0.445865    0.473025    0.501611    0.841257    0.882345    0.980913    1.013008
    1.171292    1.199799    1.338382    1.363548    1.504053    1.528807    1.605025    1.632700
    1.823231    1.848861    1.910601    1.941642    2.026591    2.050204    2.226873    2.257105
    2.338706    2.366436    2.389328    2.414227    2.575575    2.604878    2.721798    2.747054
    2.828232    2.856709    2.922047    2.960417
at   0.15625   0.34375  -0.09375    0.001953
   52 eigenvalues :
   -2.810927   -2.725834   -1.590138   -1.575033   -1.545157   -1.491304   -1.476910   -1.461374
    0.228419    0.267689    0.298650    0.312951    0.360662    0.367926    0.371991    0.404644
    0.436604    0.442276    0.482281    0.505179    0.795191    0.839039    1.004310    1.035749
    1.129366    1.156944    1.361085    1.387849    1.464597    1.491496    1.579735    1.607005
    1.790174    1.820988    1.976410    2.004693    2.081750    2.105399    2.224971    2.252680
    2.314678    2.344881    2.406317    2.429228    2.618720    2.645316    2.728396    2.757160
    2.825176    2.849260    2.917472    2.953649
at   0.15625   0.40625  -0.15625    0.001953
   52 eigenvalues :
   -2.810583   -2.725470   -1.590819   -1.575721   -1.545938   -1.492053   -1.477644   -1.462230
    0.237489    0.282076    0.304149    0.307677    0.356740    0.364419    0.375963    0.415400
    0.437457    0.462144    0.495636    0.520971    0.756254    0.802149    1.019462    1.054413
    1.056535    1.081450    1.356813    1.381639    1.506941    1.536286    1.563082    1.590270
    1.727166    1.760629    2.027920    2.057134    2.116203    2.137446    2.284564    2.311911
    2.316970    2.336963    2.437280    2.460156    2.609645    2.634956    2.705537    2.735895
    2.877200    2.912266    2.928012    2.949023
at  -0.40625   0.53125   0.21875    0.001953
   52 eigenvalues :
   -2.809648   -2.724482   -1.592871   -1.576422   -1.549015   -1.494261   -1.477930   -1.465899
    0.258723    0.264669    0.312753    0.318712    0.329223    0.384497    0.396748    0.411693
    0.459348    0.490262    0.613069    0.657780    0.717671    0.760579    0.792001    0.829692
    1.134643    1.164608    1.209184    1.236499    1.373363    1.407865    1.631496    1.662767
    1.880445    1.908973    2.009771    2.036043    2.212526    2.237819    2.370805    2.400168
    2.415464    2.447466    2.560774    2.583365    2.609045    2.634818    2.686448    2.711426
    2.797364    2.819012    2.874684    2.900174
at   0.21875  -0.21875   0.40625    0.000977
   52 eigenvalues :
   -2.810190   -2.725055   -1.592112   -1.574840   -1.548047   -1.493522   -1.475958   -1.464916
    0.249339    0.282965    0.295448    0.327703    0.338546    0.359043    0.397391    0.413046
    0.430685    0.492640    0.497259    0.550835    0.773541    0.816812    0.952848    0.988207
    1.051081    1.080807    1.250001    1.276676    1.558042    1.589365    1.603282    1.632072
    1.700128    1.729458    1.977450    2.006125    2.176430    2.201399    2.325324    2.333029
    2.356550    2.357827    2.532905    2.555866    2.615961    2.636319    2.641722    2.662987
    2.913204    2.946632    2.969909    2.992053
at   0.21875  -0.15625   0.34375    0.001953
   52 eigenvalues :
   -2.810573   -2.725460   -1.591426   -1.574035   -1.547187   -1.492781   -1.475110   -1.463924
    0.242390    0.282788    0.291060    0.318187    0.348512    0.360297    0.386228    0.404611
    0.432954    0.461929    0.483056    0.523872    0.812114    0.854302    0.954151    0.989496
    1.110376    1.138484    1.272620    1.299027    1.512383    1.540253    1.653048    1.680215
    1.715365    1.748120    1.934554    1.963525    2.137465    2.161842    2.236940    2.261665
    2.338526    2.370048    2.486485    2.509410    2.579718    2.606413    2.705107    2.730552
    2.858728    2.884070    2.989419    3.023287
at   0.21875  -0.09375   0.28125    0.001953
   52 eigenvalues :
   -2.810955   -2.725864   -1.590673   -1.573358   -1.546243   -1.491947   -1.474487   -1.462801
    0.232972    0.268238    0.292156    0.313359    0.352668    0.362202    0.378391    0.397260
    0.436072    0.442520    0.475041    0.510972    0.856217    0.896428    0.929465    0.965085
    1.196761    1.223434    1.278500    1.304762    1.463560    1.490605    1.674992    1.700644
    1.802237    1.834368    1.877230    1.907077    2.082109    2.103576    2.186675    2.214722
    2.361567    2.391861    2.448322    2.472655    2.525068    2.551898    2.737289    2.761217
    2.881563    2.908778    2.964999    3.003658
at   0.21875  -0.03125   0.21875    0.001953
   52 eigenvalues :
   -2.811279   -2.726206   -1.589984   -1.572902   -1.545360   -1.491171   -1.474130   -1.461758
    0.222667    0.254445    0.291910    0.305840    0.353877    0.366731    0.370799    0.394241
    0.431990    0.442797    0.472361    0.503868    0.897712    0.918638    0.936376    0.954076
    1.189673    1.218868    1.320866    1.343463    1.492911    1.518348    1.668430    1.694576
    1.840271    1.869876    1.870198    1.901173    1.970133    1.990740    2.234185    2.265240
    2.358100    2.383078    2.433538    2.460062    2.509163    2.538946    2.706893    2.731417
    2.894325    2.934569    2.940217    2.969726
at   0.21875   0.03125   0.15625    0.001953
   52 eigenvalues :
   -2.811494   -2.726434   -1.589454   -1.572751   -1.544672   -1.490569   -1.474094   -1.460959
    0.214862    0.244698    0.291086    0.299609    0.355008    0.361859    0.375681    0.390815
    0.427442    0.451710    0.468899    0.500990    0.894273    0.932168    0.966912    0.999972
    1.120087    1.151910    1.381964    1.401033    1.576786    1.600583    1.642792    1.671808
    1.807999    1.831573    1.854220    1.885621    1.920206    1.944994    2.319916    2.353081
    2.354724    2.377366    2.393452    2.419854    2.551977    2.585624    2.674430    2.700253
    2.829463    2.862830    2.924976    2.959770
at   0.21875   0.09375   0.09375    0.001953
   52 eigenvalues :
   -2.811570   -2.726514   -1.589148   -1.572948   -1.544275   -1.490216   -1.474420   -1.460507
    0.211998    0.241206    0.289375    0.298789    0.355299    0.359263    0.380388    0.387467
    0.426433    0.457266    0.465265    0.500549    0.890917    0.928977    1.010098    1.038860
    1.069562    1.105319    1.406593    1.423663    1.625960    1.656887    1.666826    1.688975
    1.717918    1.741154    1.856386    1.888392    1.917142    1.941972    2.339874    2.365003
    2.370314    2.397447    2.403916    2.433694    2.565283    2.602799    2.639831    2.665380
    2.832440    2.858697    2.920262    2.958909
at   0.21875   0.15625   0.03125    0.001953
   52 eigenvalues :
   -2.811494   -2.726434   -1.589100   -1.573474   -1.544227   -1.490154   -1.475087   -1.460457
    0.214863    0.244697    0.291086    0.299602    0.354969    0.361997    0.375577    0.390822
    0.427433    0.451714    0.468921    0.500980    0.894274    0.932162    0.966921    0.999968
    1.120086    1.151912    1.381964    1.401033    1.576784    1.600587    1.642788    1.671809
    1.808000    1.831571    1.854222    1.885618    1.920208    1.944993    2.319918    2.353012
    2.354794    2.377362    2.393454    2.419854    2.551976    2.585625    2.674429    2.700254
    2.829464    2.862829    2.924976    2.959770
at   0.21875   0.21875  -0.03125    0.001953
   52 eigenvalues :
   -2.811279   -2.726206   -1.589328   -1.574241   -1.544537   -1.490403   -1.475976   -1.460820
    0.222669    0.254444    0.291903    0.305835    0.353850    0.367450    0.370095    0.394258
    0.431958    0.442819    0.472396    0.503850    0.897704    0.918655    0.936364    0.954078
    1.189670    1.218871    1.320864    1.343464    1.492911    1.518348    1.668430    1.694576
    1.840271    1.869811    1.870266    1.901171    1.970134    1.990740    2.234186    2.265240
    2.358100    2.383078    2.433537    2.460063    2.509162    2.538947    2.706893    2.731417
    2.894327    2.934536    2.940251    2.969723
at   0.21875   0.28125  -0.09375    0.001953
   52 eigenvalues :
   -2.810955   -2.725864   -1.589815   -1.575109   -1.545164   -1.490947   -1.476923   -1.461549
    0.232974    0.268236    0.292142    0.313363    0.352637    0.362396    0.378204    0.397285
    0.435990    0.442599    0.475071    0.510955    0.856212    0.896444    0.929449    0.965090
    1.196756    1.223442    1.278493    1.304765    1.463560    1.490606    1.674993    1.700643
    1.802239    1.834366    1.877231    1.907077    2.082109    2.103577    2.186675    2.214722
    2.361567    2.391861    2.448322    2.472656    2.525068    2.551898    2.737289    2.761217
    2.881564    2.908776    2.965001    3.003657
at   0.21875   0.34375  -0.15625    0.001953
   52 eigenvalues :
   -2.810573   -2.725460   -1.590494   -1.575938   -1.546017   -1.491702   -1.477780   -1.462533
    0.242393    0.282780    0.291051    0.318195    0.348470    0.360447    0.386083    0.404640
    0.432935    0.461965    0.483066    0.523860    0.812110    0.854308    0.954144    0.989501
    1.110375    1.138486    1.272618    1.299028    1.512382    1.540254    1.653050    1.680208
    1.715373    1.748117    1.934554    1.963526    2.137465    2.161842    2.236939    2.261666
    2.338525    2.370049    2.486485    2.509410    2.579718    2.606413    2.705107    2.730552
    2.858729    2.884070    2.989419    3.023286
at   0.21875   0.40625  -0.21875    0.001953
   52 eigenvalues :
   -2.810190   -2.725055   -1.591245   -1.576608   -1.546964   -1.492519   -1.478455   -1.463604
    0.249342    0.282951    0.295454    0.327722    0.338483    0.359170    0.397238    0.413094
    0.430704    0.492643    0.497273    0.550827    0.773537    0.816818    0.952839    0.988214
    1.051081    1.080807    1.250000    1.276677    1.558040    1.589383    1.603261    1.632077
    1.700129    1.729458    1.977450    2.006125    2.176430    2.201399    2.325304    2.333063
    2.356404    2.357959    2.532905    2.555866    2.615961    2.636320    2.641721    2.662987
    2.913204    2.946632    2.969909    2.992052
at  -0.40625   0.53125   0.28125    0.001953
   52 eigenvalues :
   -2.809293   -2.724108   -1.593296   -1.577368   -1.549723   -1.494675   -1.478951   -1.466791
    0.250801    0.250953    0.304802    0.306332    0.354650    0.398596    0.412008    0.424795
    0.475140    0.490960    0.657303    0.697209    0.732568    0.759836    0.771341    0.796487
    1.103897    1.134300    1.136631    1.165204    1.299268    1.336825    1.697239    1.726599
    1.919242    1.947869    2.052855    2.078427    2.181888    2.208779    2.388389    2.416143
    2.446244    2.477691    2.573241    2.599335    2.731651    2.740442    2.755055    2.762893
    2.819299    2.843298    2.894751    2.925297
at  -0.40625   0.40625   0.28125    0.000977
   52 eigenvalues :
   -2.809759   -2.724600   -1.592638   -1.575931   -1.549016   -1.493984   -1.477205   -1.466096
    0.252180    0.265824    0.300567    0.322985    0.351918    0.365550    0.410624    0.423321
    0.437087    0.490297    0.533901    0.582095    0.794797    0.834525    0.891709    0.926410
    1.044244    1.077991    1.153691    1.183104    1.459554    1.493914    1.694660    1.723736
    1.787076    1.813444    1.941990    1.969325    2.163639    2.190802    2.375751    2.402700
    2.406116    2.432687    2.621167    2.634493    2.647134    2.654096    2.654799    2.678549
    2.937699    2.967754    2.971369    2.986054
at  -0.34375   0.40625   0.21875    0.001953
   52 eigenvalues :
   -2.810151   -2.725014   -1.591960   -1.575066   -1.548167   -1.493254   -1.476295   -1.465111
    0.251427    0.276534    0.294495    0.334724    0.336257    0.361705    0.403245    0.405442
    0.433883    0.481755    0.492023    0.547391    0.834008    0.873879    0.902161    0.938735
    1.090945    1.121753    1.172873    1.201102    1.545912    1.576775    1.641316    1.672038
    1.765200    1.791153    1.890512    1.919077    2.146140    2.172992    2.315064    2.340879
    2.372599    2.404610    2.555310    2.580663    2.583689    2.606321    2.725205    2.747973
    2.869586    2.892692    2.995122    3.024837
at  -0.28125   0.40625   0.15625    0.001953
   52 eigenvalues :
   -2.810571   -2.725458   -1.591217   -1.574263   -1.547132   -1.492447   -1.475558   -1.463832
    0.245241    0.283221    0.285271    0.323026    0.345422    0.359186    0.390414    0.398609
    0.432012    0.462852    0.476227    0.525808    0.872155    0.886586    0.912841    0.923323
    1.176085    1.199043    1.204883    1.226003    1.507690    1.535200    1.704060    1.737307
    1.742654    1.766821    1.858682    1.889194    2.159419    2.186471    2.197811    2.220302
    2.373483    2.406234    2.504294    2.525829    2.531134    2.547675    2.757791    2.780759
    2.884538    2.909832    2.954252    2.982014
at  -0.21875   0.40625   0.09375    0.001953
   52 eigenvalues :
   -2.810955   -2.725864   -1.590540   -1.573640   -1.546076   -1.491701   -1.475053   -1.462499
    0.232972    0.268238    0.292154    0.313357    0.352672    0.362235    0.378354    0.397246
    0.436017    0.442624    0.475000    0.510981    0.856218    0.896427    0.929464    0.965086
    1.196760    1.223434    1.278501    1.304761    1.463560    1.490606    1.674992    1.700645
    1.802236    1.834369    1.877230    1.907077    2.082109    2.103576    2.186675    2.214722
    2.361567    2.391861    2.448322    2.472655    2.525069    2.551898    2.737289    2.761217
    2.881564    2.908776    2.965001    3.003657
at   0.28125  -0.03125   0.15625    0.001953
   52 eigenvalues :
   -2.811247   -2.726173   -1.589995   -1.573278   -1.545166   -1.491108   -1.474813   -1.461363
    0.220599    0.254675    0.293160    0.310521    0.357044    0.368201    0.371677    0.395057
    0.429188    0.445868    0.472963    0.501637    0.841258    0.882344    0.980913    1.013009
    1.171293    1.199797    1.338383    1.363547    1.504054    1.528806    1.605025    1.632700
    1.823230    1.848862    1.910601    1.941643    2.026590    2.050205    2.226873    2.257106
    2.338706    2.366436    2.389327    2.414227    2.575575    2.604878    2.721798    2.747054
    2.828232    2.856709    2.922047    2.960417
at   0.28125   0.03125   0.09375    0.001953
   52 eigenvalues :
   -2.811405   -2.726340   -1.589632   -1.573255   -1.544557   -1.490716   -1.474892   -1.460633
    0.213306    0.246885    0.289062    0.314828    0.355512    0.368611    0.378079    0.390024
    0.423700    0.454566    0.467966    0.498335    0.833755    0.875361    1.030009    1.056677
    1.124952    1.158302    1.371590    1.394320    1.548398    1.578788    1.612170    1.635005
    1.730892    1.753497    1.943946    1.974900    2.033187    2.058323    2.275942    2.304973
    2.333472    2.349120    2.361453    2.376113    2.600805    2.636035    2.678725    2.702674
    2.802706    2.827445    2.983809    3.022523
at   0.28125   0.09375   0.03125    0.001953
   52 eigenvalues :
   -2.811405   -2.726340   -1.589467   -1.573592   -1.544345   -1.490546   -1.475312   -1.460424
    0.213307    0.246885    0.289062    0.314824    0.355505    0.368676    0.378016    0.390037
    0.423684    0.454559    0.467994    0.498326    0.833755    0.875361    1.030010    1.056676
    1.124951    1.158303    1.371590    1.394320    1.548396    1.578793    1.612164    1.635008
    1.730893    1.753496    1.943946    1.974899    2.033188    2.058323    2.275943    2.304972
    2.333475    2.349115    2.361459    2.376111    2.600805    2.636036    2.678724    2.702675
    2.802706    2.827445    2.983810    3.022523
at   0.28125   0.15625  -0.03125    0.001953
   52 eigenvalues :
   -2.811247   -2.726173   -1.589520   -1.574247   -1.544561   -1.490613   -1.476028   -1.460754
    0.220600    0.254674    0.293156    0.310516    0.356999    0.368832    0.371083    0.395086
    0.429142    0.445865    0.473025    0.501611    0.841257    0.882345    0.980913    1.013008
    1.171292    1.199799    1.338382    1.363548    1.504053    1.528807    1.605025    1.632700
    1.823231    1.848861    1.910601    1.941642    2.026591    2.050204    2.226873    2.257105
    2.338706    2.366436    2.389328    2.414227    2.575575    2.604878    2.721798    2.747054
    2.828232    2.856709    2.922047    2.960417
at   0.28125   0.21875  -0.09375    0.001953
   52 eigenvalues :
   -2.810955   -2.725864   -1.589815   -1.575109   -1.545164   -1.490947   -1.476923   -1.461549
    0.232974    0.268236    0.292142    0.313363    0.352637    0.362396    0.378204    0.397285
    0.435990    0.442599    0.475071    0.510955    0.856212    0.896444    0.929449    0.965090
    1.196756    1.223442    1.278493    1.304765    1.463560    1.490606    1.674993    1.700643
    1.802239    1.834366    1.877231    1.907077    2.082109    2.103577    2.186675    2.214722
    2.361567    2.391861    2.448322    2.472656    2.525068    2.551898    2.737289    2.761217
    2.881564    2.908776    2.965001    3.003657
at   0.28125   0.28125  -0.15625    0.001953
   52 eigenvalues :
   -2.810571   -2.725458   -1.590344   -1.576023   -1.546051   -1.491538   -1.477835   -1.462658
    0.245245    0.283208    0.285268    0.323037    0.345399    0.359281    0.390254    0.398689
    0.432006    0.462805    0.476305    0.525792    0.872046    0.886815    0.912576    0.923469
    1.176061    1.199269    1.204654    1.226030    1.507690    1.535200    1.704072    1.737154
    1.742813    1.766804    1.858682    1.889194    2.159418    2.186478    2.197804    2.220304
    2.373483    2.406234    2.504293    2.525830    2.531133    2.547675    2.757791    2.780759
    2.884538    2.909832    2.954252    2.982014
at   0.28125   0.34375  -0.21875    0.001953
   52 eigenvalues :
   -2.810151   -2.725014   -1.591081   -1.576838   -1.547079   -1.492347   -1.478626   -1.463882
    0.251432    0.276523    0.294492    0.335032    0.335923    0.361810    0.402810    0.405775
    0.433904    0.481738    0.492060    0.547380    0.833986    0.873958    0.902080    0.938758
    1.090943    1.121757    1.172869    1.201104    1.545913    1.576774    1.641317    1.672038
    1.765200    1.791154    1.890512    1.919078    2.146140    2.172993    2.315063    2.340881
    2.372597    2.404611    2.555310    2.580662    2.583689    2.606321    2.725205    2.747972
    2.869586    2.892692    2.995122    3.024837
at   0.28125   0.40625  -0.28125    0.001953
   52 eigenvalues :
   -2.809759   -2.724600   -1.591895   -1.577437   -1.548090   -1.493220   -1.479203   -1.465027
    0.252183    0.265817    0.300563    0.322999    0.351825    0.365700    0.410501    0.423296
    0.437171    0.490291    0.533915    0.582087    0.794781    0.834563    0.891668    0.926430
    1.044244    1.077991    1.153690    1.183104    1.459555    1.493913    1.694659    1.723738
    1.787074    1.813445    1.941989    1.969326    2.163639    2.190803    2.375749    2.402745
    2.406071    2.432689    2.621167    2.634495    2.647132    2.654096    2.654800    2.678549
    2.937699    2.967757    2.971366    2.986055
at  -0.40625   0.53125   0.34375    0.001953
   52 eigenvalues :
   -2.809019   -2.723819   -1.593648   -1.578105   -1.550230   -1.495054   -1.479732   -1.467417
    0.241621    0.242175    0.296661    0.296895    0.381295    0.403581    0.417142    0.455178
    0.480886    0.497364    0.692944    0.719895    0.728235    0.755829    0.772683    0.804842
    1.051569    1.088162    1.092126    1.125861    1.238630    1.277560    1.752645    1.782013
    1.962610    1.989929    2.081842    2.108706    2.189675    2.218188    2.402909    2.427886
    2.438627    2.465395    2.557872    2.583238    2.785463    2.813250    2.813987    2.838378
    2.883747    2.916845    2.928486    2.950154
at  -0.40625   0.40625   0.34375    0.000977
   52 eigenvalues :
   -2.809355   -2.724173   -1.593216   -1.576958   -1.549833   -1.494558   -1.478366   -1.467040
    0.246799    0.252522    0.297829    0.309625    0.376888    0.381199    0.408853    0.450593
    0.454720    0.488473    0.576258    0.618157    0.810532    0.837976    0.846879    0.872436
    1.031012    1.068682    1.085617    1.117993    1.356439    1.392294    1.757436    1.787354
    1.903059    1.928692    1.948812    1.974507    2.126688    2.154945    2.432355    2.455244
    2.461905    2.487732    2.587630    2.612257    2.707966    2.728331    2.798178    2.819370
    2.885165    2.914352    2.919308    2.937339
at  -0.34375   0.40625   0.28125    0.001953
   52 eigenvalues :
   -2.809722   -2.724562   -1.592585   -1.576125   -1.549077   -1.493871   -1.477482   -1.466176
    0.251144    0.263699    0.298509    0.321943    0.356359    0.371962    0.404031    0.427548
    0.444811    0.482907    0.528697    0.577010    0.849129    0.855246    0.886982    0.891269
    1.060891    1.095703    1.104432    1.134403    1.454824    1.489107    1.714209    1.743241
    1.863542    1.867039    1.888207    1.895094    2.124053    2.151789    2.407198    2.408908
    2.438867    2.439949    2.605987    2.615237    2.627147    2.639142    2.799414    2.819110
    2.825430    2.846328    2.976514    3.008643
at  -0.28125   0.40625   0.21875    0.001953
   52 eigenvalues :
   -2.810151   -2.725014   -1.591865   -1.575265   -1.548049   -1.493093   -1.476682   -1.464899
    0.251427    0.276536    0.294498    0.334728    0.336216    0.361777    0.402922    0.405710
    0.433892    0.481824    0.491955    0.547395    0.834009    0.873879    0.902158    0.938737
    1.090946    1.121753    1.172873    1.201101    1.545911    1.576777    1.641315    1.672039
    1.765201    1.791153    1.890512    1.919078    2.146140    2.172992    2.315064    2.340879
    2.372599    2.404610    2.555310    2.580663    2.583689    2.606321    2.725205    2.747972
    2.869586    2.892692    2.995122    3.024837
at  -0.21875   0.40625   0.15625    0.001953
   52 eigenvalues :
   -2.810573   -2.725460   -1.591199   -1.574514   -1.546905   -1.492374   -1.476059   -1.463412
    0.242390    0.282784    0.291069    0.318169    0.348478    0.360422    0.386110    0.404631
    0.432936    0.462055    0.482952    0.523887    0.812115    0.854301    0.954149    0.989499
    1.110376    1.138485    1.272621    1.299027    1.512382    1.540254    1.653047    1.680216
    1.715364    1.748121    1.934554    1.963526    2.137465    2.161842    2.236940    2.261665
    2.338525    2.370048    2.486485    2.509410    2.579718    2.606413    2.705107    2.730552
    2.858728    2.884070    2.989419    3.023286
at  -0.15625   0.40625   0.09375    0.001953
   52 eigenvalues :
   -2.810927   -2.725834   -1.590662   -1.573966   -1.545829   -1.491802   -1.475652   -1.462004
    0.228418    0.267690    0.298666    0.312934    0.360728    0.367709    0.372138    0.404618
    0.436669    0.442296    0.482174    0.505232    0.795193    0.839037    1.004310    1.035750
    1.129366    1.156943    1.361087    1.387847    1.464598    1.491495    1.579735    1.607005
    1.790173    1.820990    1.976409    2.004693    2.081750    2.105399    2.224972    2.252677
    2.314680    2.344880    2.406316    2.429228    2.618720    2.645316    2.728397    2.757160
    2.825176    2.849260    2.917472    2.953649
at  -0.09375   0.40625   0.03125    0.001953
   52 eigenvalues :
   -2.811162   -2.726082   -1.590284   -1.573717   -1.545013   -1.491409   -1.475511   -1.460962
    0.217285    0.256028    0.290262    0.329359    0.357191    0.376166    0.377780    0.397780
    0.421703    0.452186    0.474078    0.497114    0.785082    0.829984    1.044868    1.069480
    1.143808    1.174988    1.361181    1.389862    1.490630    1.519525    1.563442    1.587092
    1.768771    1.793182    2.011920    2.041014    2.102473    2.128672    2.209006    2.238059
    2.308566    2.336994    2.355650    2.381542    2.659382    2.690358    2.698792    2.726487
    2.787589    2.810374    2.949497    2.983519
at  -0.03125   0.40625  -0.03125    0.001953
   52 eigenvalues :
   -2.811244   -2.726168   -1.590062   -1.573820   -1.544597   -1.491189   -1.475680   -1.460480
    0.213181    0.251755    0.286863    0.339147    0.353810    0.380177    0.382769    0.389545
    0.418722    0.456935    0.467526    0.496067    0.781767    0.827037    1.062120    1.082163
    1.148206    1.183197    1.349576    1.377338    1.476779    1.507923    1.659506    1.674129
    1.681813    1.696317    2.033907    2.063132    2.152739    2.176745    2.180323    2.203926
    2.298254    2.326250    2.354113    2.383457    2.626169    2.662148    2.730682    2.747679
    2.754118    2.769219    3.024377    3.054783
at   0.03125   0.40625  -0.09375    0.001953
   52 eigenvalues :
   -2.811162   -2.726082   -1.590008   -1.574284   -1.544652   -1.491148   -1.476169   -1.460636
    0.217286    0.256027    0.290260    0.329361    0.357170    0.376378    0.377599    0.397812
    0.421632    0.452175    0.474154    0.497078    0.785081    0.829984    1.044870    1.069478
    1.143807    1.174988    1.361181    1.389862    1.490629    1.519526    1.563440    1.587093
    1.768772    1.793181    2.011920    2.041013    2.102474    2.128671    2.209005    2.238061
    2.308564    2.336994    2.355652    2.381541    2.659382    2.690360    2.698790    2.726488
    2.787589    2.810374    2.949497    2.983519
at   0.09375   0.40625  -0.15625    0.001953
   52 eigenvalues :
   -2.810927   -2.725834   -1.590138   -1.575033   -1.545157   -1.491304   -1.476910   -1.461374
    0.228419    0.267689    0.298650    0.312951    0.360662    0.367926    0.371991    0.404644
    0.436604    0.442276    0.482281    0.505179    0.795191    0.839039    1.004310    1.035749
    1.129366    1.156944    1.361085    1.387849    1.464597    1.491496    1.579735    1.607005
    1.790174    1.820988    1.976410    2.004693    2.081750    2.105399    2.224971    2.252680
    2.314678    2.344881    2.406317    2.429228    2.618720    2.645316    2.728396    2.757160
    2.825176    2.849260    2.917472    2.953649
at   0.34375   0.21875  -0.15625    0.001953
   52 eigenvalues :
   -2.810573   -2.725460   -1.590494   -1.575938   -1.546017   -1.491702   -1.477780   -1.462533
    0.242393    0.282780    0.291051    0.318195    0.348470    0.360447    0.386083    0.404640
    0.432935    0.461965    0.483066    0.523860    0.812110    0.854308    0.954144    0.989501
    1.110375    1.138486    1.272618    1.299028    1.512382    1.540254    1.653050    1.680208
    1.715373    1.748117    1.934554    1.963526    2.137465    2.161842    2.236939    2.261666
    2.338525    2.370049    2.486485    2.509410    2.579718    2.606413    2.705107    2.730552
    2.858729    2.884070    2.989419    3.023286
at   0.34375   0.28125  -0.21875    0.001953
   52 eigenvalues :
   -2.810151   -2.725014   -1.591081   -1.576838   -1.547079   -1.492347   -1.478626   -1.463882
    0.251432    0.276523    0.294492    0.335032    0.335923    0.361810    0.402810    0.405775
    0.433904    0.481738    0.492060    0.547380    0.833986    0.873958    0.902080    0.938758
    1.090943    1.121757    1.172869    1.201104    1.545913    1.576774    1.641317    1.672038
    1.765200    1.791154    1.890512    1.919078    2.146140    2.172993    2.315063    2.340881
    2.372597    2.404611    2.555310    2.580662    2.583689    2.606321    2.725205    2.747972
    2.869586    2.892692    2.995122    3.024837
at   0.34375   0.34375  -0.28125    0.001953
   52 eigenvalues :
   -2.809722   -2.724562   -1.591860   -1.577586   -1.548172   -1.493188   -1.479323   -1.465188
    0.251150    0.263690    0.298502    0.321961    0.356306    0.372064    0.403969    0.427494
    0.444872    0.482897    0.528716    0.577000    0.848379    0.856340    0.885664    0.892244
    1.060888    1.095718    1.104418    1.134405    1.454825    1.489106    1.714209    1.743241
    1.863357    1.867284    1.888064    1.895177    2.124053    2.151789    2.407121    2.408994
    2.438742    2.440066    2.605987    2.615238    2.627146    2.639142    2.799414    2.819109
    2.825431    2.846327    2.976514    3.008643
at   0.34375   0.40625  -0.34375    0.001953
   52 eigenvalues :
   -2.809355   -2.724173   -1.592663   -1.578077   -1.549137   -1.494041   -1.479785   -1.466266
    0.246804    0.252516    0.297822    0.309636    0.376615    0.381543    0.408781    0.450279
    0.455048    0.488455    0.576270    0.618147    0.810378    0.839279    0.845563    0.872604
    1.031012    1.068682    1.085617    1.117993    1.356440    1.392293    1.757435    1.787354
    1.903047    1.928733    1.948771    1.974519    2.126688    2.154945    2.432352    2.455271
    2.461880    2.487735    2.587630    2.612257    2.707966    2.728331    2.798178    2.819369
    2.885165    2.914354    2.919305    2.937339
at   0.40625   0.40625  -0.40625    0.000488
   52 eigenvalues :
   -2.809041   -2.723843   -1.593373   -1.578449   -1.549971   -1.494791   -1.480127   -1.467185
    0.240391    0.242666    0.293475    0.298953    0.395056    0.397622    0.410105    0.471032
    0.473688    0.490131    0.627305    0.663687    0.795719    0.801940    0.826938    0.833069
    1.015574    1.055910    1.061944    1.096935    1.268119    1.305638    1.772867    1.802670
    2.009007    2.012070    2.034899    2.037954    2.112907    2.141834    2.476619    2.477432
    2.506697    2.507553    2.514411    2.534647    2.772553    2.798934    2.817730    2.844170
    2.937608    2.937784    2.958356    2.958517
at  -0.28125   0.46875   0.34375    0.001953
   52 eigenvalues :
   -2.809364   -2.724183   -1.593036   -1.577522   -1.549371   -1.494398   -1.479216   -1.466370
    0.250152    0.254943    0.305426    0.308638    0.355075    0.384906    0.418649    0.425818
    0.458958    0.499159    0.642579    0.681865    0.701782    0.743540    0.816497    0.850958
    1.065178    1.099154    1.169803    1.198814    1.322911    1.360421    1.697489    1.726835
    1.872872    1.900382    2.037779    2.065083    2.242537    2.269282    2.370287    2.398592
    2.401983    2.430478    2.613694    2.627031    2.643105    2.647536    2.816114    2.835414
    2.847053    2.864142    2.903237    2.921207
at  -0.15625   0.40625   0.34375    0.001953
   52 eigenvalues :
   -2.809901   -2.724748   -1.592301   -1.576432   -1.548090   -1.493608   -1.478292   -1.464644
    0.267897    0.275397    0.304638    0.322461    0.328693    0.369041    0.387408    0.403099
    0.462810    0.480364    0.630243    0.676303    0.687064    0.733123    0.761613    0.801675
    1.216508    1.243188    1.275786    1.300510    1.339920    1.370841    1.626896    1.662561
    1.904790    1.934016    2.031879    2.057587    2.126514    2.149941    2.404848    2.425121
    2.438212    2.454111    2.496795    2.521545    2.569400    2.590976    2.596697    2.622491
    2.718133    2.742047    2.946296    2.973954
at  -0.21875   0.40625   0.34375    0.001953
   52 eigenvalues :
   -2.809648   -2.724482   -1.592715   -1.576745   -1.548819   -1.494052   -1.478439   -1.465629
    0.258721    0.264672    0.312777    0.318679    0.329223    0.384613    0.396589    0.411738
    0.459356    0.490259    0.613071    0.657776    0.717675    0.760578    0.791998    0.829694
    1.134642    1.164610    1.209185    1.236498    1.373364    1.407865    1.631496    1.662767
    1.880445    1.908973    2.009771    2.036044    2.212525    2.237819    2.370804    2.400171
    2.415461    2.447466    2.560774    2.583365    2.609045    2.634818    2.686448    2.711426
    2.797364    2.819012    2.874684    2.900174
at  -0.03125   0.34375   0.34375    0.001953
   52 eigenvalues :
   -2.810376   -2.725247   -1.591617   -1.575448   -1.547123   -1.492886   -1.477326   -1.463446
    0.271592    0.288057    0.288908    0.332516    0.341614    0.342045    0.389284    0.390594
    0.466435    0.467768    0.648241    0.649022    0.696688    0.697004    0.740641    0.783123
    1.148418    1.178925    1.407032    1.407643    1.428554    1.429167    1.812558    1.849705
    1.945297    1.976260    2.005690    2.006404    2.028071    2.028784    2.238960    2.255905
    2.391989    2.392622    2.422574    2.423147    2.603598    2.604491    2.629971    2.630900
    2.686594    2.723957    2.945136    2.973954
at  -0.09375   0.34375   0.34375    0.001953
   52 eigenvalues :
   -2.810177   -2.725038   -1.592019   -1.575667   -1.547593   -1.493341   -1.477464   -1.463994
    0.276477    0.279049    0.292282    0.330707    0.333836    0.352622    0.385899    0.397081
    0.461933    0.474045    0.612167    0.661718    0.691736    0.737873    0.751131    0.792466
    1.239649    1.268739    1.307200    1.331004    1.357617    1.381321    1.702628    1.739975
    1.925705    1.955866    1.979405    2.002823    2.110850    2.134289    2.329000    2.351210
    2.416481    2.436611    2.444723    2.468495    2.518655    2.543716    2.661585    2.685318
    2.687878    2.718378    2.919361    2.946707
at  -0.15625   0.34375   0.34375    0.001953
   52 eigenvalues :
   -2.809984   -2.724836   -1.592333   -1.575856   -1.548147   -1.493680   -1.477495   -1.464758
    0.268532    0.271576    0.309671    0.318853    0.327785    0.374423    0.381084    0.405119
    0.455561    0.482488    0.577315    0.627598    0.741913    0.776731    0.785912    0.816243
    1.214426    1.235747    1.241523    1.262414    1.393286    1.422150    1.631846    1.667332
    1.902545    1.932532    1.935336    1.959595    2.225227    2.250066    2.344684    2.372168
    2.379277    2.408651    2.498244    2.524490    2.547968    2.572582    2.718374    2.733953
    2.746002    2.756787    2.841989    2.867236
at  -0.34375   0.34375   0.34375    0.000977
   52 eigenvalues :
   -2.809687   -2.724524   -1.592595   -1.576162   -1.549218   -1.493863   -1.477483   -1.466403
    0.248490    0.262815    0.295511    0.321370    0.370574    0.370597    0.396715    0.443071
    0.443152    0.475393    0.521824    0.569625    0.877119    0.877122    0.912587    0.912589
    1.027356    1.065016    1.073676    1.104516    1.452192    1.486618    1.772749    1.803734
    1.853182    1.853183    1.877907    1.877908    2.066097    2.094547    2.435231    2.435231
    2.469455    2.469455    2.564611    2.582292    2.626316    2.647094    2.902562    2.902563
    2.920977    2.920978    2.960403    2.981150
at   0.03125   0.28125   0.34375    0.001953
   52 eigenvalues :
   -2.810550   -2.725429   -1.591371   -1.574919   -1.546964   -1.492698   -1.476531   -1.463434
    0.264159    0.285984    0.298740    0.322286    0.342335    0.350603    0.387336    0.392196
    0.464937    0.470191    0.615081    0.665047    0.675537    0.723796    0.755581    0.796588
    1.048299    1.079903    1.469443    1.489845    1.514180    1.534272    1.882237    1.908009
    1.939959    1.973831    1.983423    1.997189    2.004016    2.026925    2.146013    2.163031
    2.342629    2.373225    2.407745    2.434209    2.597904    2.628162    2.639633    2.667017
    2.676200    2.700293    2.947826    2.976817
at  -0.03125   0.28125   0.34375    0.001953
   52 eigenvalues :
   -2.810434   -2.725309   -1.591730   -1.574950   -1.547152   -1.493118   -1.476541   -1.463536
    0.263701    0.284749    0.299961    0.318609    0.342406    0.354076    0.382754    0.396259
    0.459240    0.473734    0.581150    0.633608    0.695747    0.743284    0.776025    0.815904
    1.146369    1.176066    1.375652    1.398316    1.448245    1.469707    1.815858    1.851860
    1.859493    1.886684    1.974753    2.000181    2.099477    2.122836    2.239171    2.259269
    2.352402    2.381643    2.413881    2.438964    2.543900    2.575774    2.676313    2.704531
    2.711466    2.745928    2.907701    2.935533
at  -0.09375   0.28125   0.34375    0.001953
   52 eigenvalues :
   -2.810318   -2.725188   -1.591969   -1.574977   -1.547459   -1.493377   -1.476464   -1.463924
    0.261399    0.283276    0.304022    0.311924    0.338884    0.365423    0.376191    0.402604
    0.451056    0.479847    0.544583    0.599505    0.733116    0.778428    0.809151    0.847868
    1.207845    1.234544    1.299410    1.325035    1.411163    1.436053    1.716025    1.752247
    1.826430    1.853281    1.949456    1.976601    2.208603    2.232295    2.263789    2.289018
    2.395628    2.418633    2.430593    2.460821    2.498641    2.526338    2.715958    2.743430
    2.796469    2.808387    2.827077    2.834484
at  -0.28125   0.28125   0.34375    0.000977
   52 eigenvalues :
   -2.810115   -2.724977   -1.591861   -1.575138   -1.548350   -1.493082   -1.476338   -1.465447
    0.247824    0.275714    0.289512    0.335542    0.352624    0.358494    0.393762    0.423813
    0.429907    0.471802    0.481441    0.536865    0.891318    0.925974    0.931353    0.964507
    1.048995    1.082866    1.106403    1.135608    1.559335    1.592537    1.714675    1.742655
    1.760374    1.785264    1.839237    1.867282    2.066897    2.094655    2.362584    2.383713
    2.389773    2.417425    2.478033    2.501135    2.678804    2.700661    2.798752    2.819747
    2.951268    2.970745    3.001231    3.026123
at  -0.28125   0.34375   0.28125    0.001953
   52 eigenvalues :
   -2.810115   -2.724977   -1.591826   -1.575209   -1.548308   -1.493023   -1.476480   -1.465368
    0.247824    0.275714    0.289514    0.335542    0.352521    0.358623    0.393726    0.423797
    0.429927    0.471854    0.481393    0.536867    0.891318    0.925996    0.931328    0.964512
    1.048996    1.082864    1.106405    1.135608    1.559334    1.592538    1.714673    1.742656
    1.760375    1.785262    1.839236    1.867283    2.066897    2.094655    2.362584    2.383713
    2.389773    2.417425    2.478033    2.501135    2.678804    2.700661    2.798752    2.819747
    2.951268    2.970745    3.001231    3.026123
at   0.09375   0.21875   0.34375    0.001953
   52 eigenvalues :
   -2.810668   -2.725553   -1.591184   -1.574541   -1.546884   -1.492579   -1.475853   -1.463568
    0.261307    0.280089    0.307218    0.316355    0.339833    0.357839    0.388209    0.392573
    0.466231    0.471102    0.593563    0.644852    0.684582    0.733786    0.802788    0.840791
    0.955564    0.988648    1.528220    1.547295    1.624330    1.644212    1.801110    1.827490
    1.891648    1.909476    1.999843    2.025135    2.086206    2.117365    2.123356    2.135543
    2.294704    2.325695    2.402030    2.426380    2.546644    2.587264    2.631732    2.663284
    2.752636    2.783183    2.996324    3.025990
at   0.03125   0.21875   0.34375    0.001953
   52 eigenvalues :
   -2.810632   -2.725517   -1.591502   -1.574376   -1.546830   -1.492980   -1.475686   -1.463307
    0.253967    0.282227    0.306994    0.312452    0.343566    0.362297    0.384012    0.394743
    0.461160    0.472779    0.555639    0.610450    0.693382    0.742544    0.825331    0.862396
    1.052590    1.083344    1.437679    1.459206    1.553205    1.573604    1.770326    1.797139
    1.919653    1.945208    1.956614    1.986197    2.082235    2.108954    2.208024    2.229752
    2.301681    2.329874    2.372032    2.396702    2.598358    2.627836    2.634282    2.662375
    2.735383    2.764141    2.947473    2.976397
at  -0.03125   0.21875   0.34375    0.001953
   52 eigenvalues :
   -2.810601   -2.725486   -1.591679   -1.574219   -1.546861   -1.493186   -1.475478   -1.463268
    0.248734    0.286838    0.298485    0.311597    0.347876    0.364570    0.377435    0.400007
    0.453210    0.477376    0.517053    0.575950    0.721300    0.768592    0.858468    0.894704
    1.141019    1.168991    1.358960    1.383780    1.488777    1.510877    1.733053    1.760092
    1.824686    1.859476    1.962804    1.987796    2.134066    2.157665    2.244894    2.270946
    2.330322    2.356618    2.436852    2.459554    2.511447    2.543547    2.722823    2.741931
    2.752616    2.774922    2.838381    2.866224
at  -0.21875   0.21875   0.34375    0.000977
   52 eigenvalues :
   -2.810573   -2.725460   -1.591161   -1.574052   -1.547330   -1.492394   -1.475112   -1.464259
    0.240379    0.277253    0.289012    0.331012    0.349195    0.353854    0.395550    0.401017
    0.425210    0.451556    0.473689    0.514299    0.871923    0.911530    0.988385    1.024764
    1.064724    1.094083    1.196363    1.224277    1.612127    1.635609    1.640034    1.662645
    1.699894    1.731425    1.883189    1.912619    2.081373    2.108058    2.247979    2.269268
    2.326101    2.359345    2.461829    2.488836    2.692053    2.696401    2.715094    2.719606
    2.983565    3.010279    3.064031    3.084506
at  -0.21875   0.28125   0.28125    0.001953
   52 eigenvalues :
   -2.810574   -2.725462   -1.591008   -1.574158   -1.547337   -1.492151   -1.475311   -1.464292
    0.239578    0.275206    0.288338    0.338236    0.349579    0.351708    0.388527    0.408298
    0.422826    0.449371    0.466014    0.512729    0.933508    0.942172    0.972187    0.978554
    1.097781    1.129441    1.135819    1.163266    1.615009    1.641823    1.683291    1.712760
    1.716194    1.737186    1.826533    1.857204    2.058735    2.086161    2.252649    2.274435
    2.348097    2.381293    2.412874    2.439814    2.690101    2.712243    2.861586    2.882692
    2.883880    2.905107    3.061988    3.091599
at  -0.21875   0.34375   0.21875    0.001953
   52 eigenvalues :
   -2.810573   -2.725460   -1.591036   -1.574317   -1.547175   -1.492166   -1.475655   -1.463959
    0.240379    0.277252    0.289018    0.330983    0.349053    0.354079    0.395321    0.401177
    0.425165    0.451699    0.473589    0.514313    0.871924    0.911529    0.988380    1.024770
    1.064723    1.094083    1.196364    1.224277    1.612110    1.635772    1.639885    1.662640
    1.699905    1.731422    1.883188    1.912620    2.081373    2.108058    2.247979    2.269268
    2.326101    2.359345    2.461829    2.488836    2.692052    2.696402    2.715093    2.719607
    2.983565    3.010279    3.064031    3.084506
at   0.15625   0.15625   0.34375    0.000977
   52 eigenvalues :
   -2.810710   -2.725597   -1.591118   -1.574403   -1.546859   -1.492541   -1.475578   -1.463647
    0.261238    0.276665    0.310614    0.314628    0.338210    0.360722    0.388961    0.392436
    0.467181    0.471156    0.586129    0.637934    0.686097    0.735644    0.860452    0.883919
    0.896670    0.918638    1.558645    1.576513    1.702462    1.724277    1.762591    1.790051
    1.813316    1.828289    2.010805    2.035625    2.113679    2.132125    2.160630    2.197676
    2.260327    2.291317    2.397326    2.421275    2.497257    2.537660    2.650438    2.681761
    2.833514    2.865124    3.003490    3.034152
at   0.09375   0.15625   0.34375    0.001953
   52 eigenvalues :
   -2.810740   -2.725631   -1.591384   -1.574055   -1.546661   -1.492925   -1.475153   -1.463238
    0.249399    0.278276    0.300994    0.321842    0.341214    0.369615    0.386387    0.392436
    0.464092    0.470979    0.541498    0.597850    0.691777    0.741834    0.887199    0.921206
    0.968346    1.000934    1.485506    1.505453    1.651633    1.672693    1.708076    1.736272
    1.843675    1.860439    2.024180    2.054556    2.109583    2.140253    2.194368    2.218630
    2.273745    2.299260    2.352146    2.377852    2.514394    2.552935    2.652883    2.683741
    2.845176    2.875827    2.987593    3.017684
at   0.03125   0.15625   0.34375    0.001953
   52 eigenvalues :
   -2.810790   -2.725685   -1.591501   -1.573702   -1.546456   -1.493097   -1.474748   -1.462867
    0.239693    0.282333    0.288359    0.325937    0.346449    0.373027    0.381978    0.394981
    0.458799    0.472818    0.498288    0.560517    0.714755    0.763416    0.915358    0.948235
    1.063644    1.093663    1.409656    1.432884    1.588905    1.610154    1.658549    1.686933
    1.854722    1.877586    1.965023    1.995743    2.128307    2.154354    2.211367    2.237149
    2.315989    2.344917    2.411897    2.434295    2.528427    2.561823    2.643588    2.675950
    2.770026    2.798817    2.934717    2.963353
at  -0.15625   0.15625   0.34375    0.000977
   52 eigenvalues :
   -2.810989   -2.725901   -1.590608   -1.573077   -1.546316   -1.491896   -1.473993   -1.463028
    0.226140    0.260618    0.302798    0.312144    0.359832    0.361004    0.381149    0.398205
    0.427432    0.432292    0.476552    0.495920    0.850767    0.891833    1.054631    1.076050
    1.090907    1.101422    1.307360    1.333729    1.511396    1.539439    1.569941    1.596066
    1.785491    1.817050    1.937515    1.967384    2.062299    2.086935    2.182936    2.204615
    2.272316    2.305561    2.443403    2.468168    2.657594    2.685533    2.701845    2.726033
    2.960281    2.985726    3.032187    3.069440
at  -0.15625   0.21875   0.28125    0.001953
   52 eigenvalues :
   -2.811026   -2.725940   -1.590271   -1.573127   -1.546292   -1.491415   -1.474145   -1.463088
    0.225236    0.256775    0.298128    0.323119    0.351706    0.360152    0.388807    0.391988
    0.423539    0.427724    0.466398    0.497055    0.915024    0.953359    0.988474    1.023520
    1.138455    1.167258    1.224857    1.252270    1.524300    1.551184    1.639623    1.664569
    1.788933    1.821113    1.858603    1.889361    2.066856    2.093799    2.134829    2.155148
    2.306290    2.338351    2.397843    2.425606    2.654107    2.677663    2.819228    2.842988
    2.935394    2.959620    3.069213    3.100779
at  -0.15625   0.28125   0.21875    0.001953
   52 eigenvalues :
   -2.811026   -2.725940   -1.590180   -1.573320   -1.546179   -1.491246   -1.474547   -1.462866
    0.225236    0.256775    0.298130    0.323105    0.351713    0.360195    0.388625    0.392128
    0.423246    0.428060    0.466346    0.497067    0.915025    0.953359    0.988471    1.023523
    1.138454    1.167259    1.224857    1.252270    1.524300    1.551184    1.639623    1.664569
    1.788932    1.821118    1.858598    1.889362    2.066856    2.093799    2.134830    2.155148
    2.306290    2.338351    2.397844    2.425606    2.654107    2.677663    2.819228    2.842988
    2.935395    2.959620    3.069213    3.100779
at  -0.15625   0.34375   0.15625    0.001953
   52 eigenvalues :
   -2.810989   -2.725901   -1.590352   -1.573620   -1.545996   -1.491426   -1.475093   -1.462433
    0.226141    0.260617    0.302805    0.312126    0.359570    0.361387    0.381008    0.398206
    0.427081    0.432745    0.476428    0.495973    0.850768    0.891833    1.054607    1.076138
    1.090797    1.101468    1.307360    1.333728    1.511395    1.539440    1.569942    1.596065
    1.785491    1.817051    1.937514    1.967385    2.062299    2.086935    2.182937    2.204615
    2.272315    2.305561    2.443403    2.468168    2.657594    2.685533    2.701845    2.726033
    2.960281    2.985727    3.032187    3.069440
at   0.15625   0.09375   0.34375    0.001953
   52 eigenvalues :
   -2.810740   -2.725631   -1.591384   -1.574055   -1.546661   -1.492925   -1.475153   -1.463238
    0.249399    0.278276    0.300994    0.321842    0.341214    0.369615    0.386387    0.392436
    0.464092    0.470979    0.541498    0.597850    0.691777    0.741834    0.887199    0.921206
    0.968346    1.000934    1.485506    1.505453    1.651633    1.672693    1.708076    1.736272
    1.843675    1.860439    2.024180    2.054556    2.109583    2.140253    2.194368    2.218630
    2.273745    2.299260    2.352146    2.377852    2.514394    2.552935    2.652883    2.683741
    2.845176    2.875827    2.987593    3.017684
at   0.09375   0.09375   0.34375    0.001953
   52 eigenvalues :
   -2.810856   -2.725755   -1.591444   -1.573518   -1.546312   -1.493076   -1.474476   -1.462734
    0.236538    0.279937    0.284746    0.333279    0.344562    0.378057    0.384312    0.391334
    0.461650    0.469797    0.491679    0.555332    0.712761    0.761899    0.964263    0.992367
    1.006926    1.040798    1.435660    1.457526    1.617243    1.645925    1.663567    1.686509
    1.800217    1.818697    1.997542    2.029610    2.164188    2.165301    2.189122    2.192498
    2.334221    2.364284    2.400453    2.422871    2.488053    2.522804    2.640346    2.671342
    2.808059    2.835554    2.980253    3.009608
at  -0.09375   0.09375   0.34375    0.000977
   52 eigenvalues :
   -2.811305   -2.726234   -1.590233   -1.572333   -1.545491   -1.491599   -1.473139   -1.462002
    0.211901    0.245548    0.298480    0.317362    0.365659    0.370867    0.371605    0.400482
    0.406522    0.444056    0.479070    0.479957    0.835695    0.877791    1.085648    1.106931
    1.124239    1.159885    1.413129    1.418867    1.439978    1.447609    1.525386    1.551265
    1.799082    1.824733    1.993681    2.023324    2.061834    2.088968    2.183578    2.207157
    2.225222    2.258982    2.399719    2.422416    2.669731    2.702242    2.730333    2.755225
    2.911029    2.936666    2.970630    3.008267
at  -0.09375   0.15625   0.28125    0.001953
   52 eigenvalues :
   -2.811405   -2.726341   -1.589711   -1.572269   -1.545352   -1.490897   -1.473152   -1.461975
    0.209062    0.238833    0.303080    0.311841    0.360634    0.366247    0.377306    0.391283
    0.411028    0.434236    0.468968    0.484470    0.895353    0.934457    1.037013    1.068056
    1.168040    1.196702    1.326092    1.352814    1.458435    1.485252    1.565685    1.592202
    1.845256    1.872736    1.903443    1.934333    2.034698    2.057953    2.116716    2.144609
    2.263742    2.294928    2.397059    2.422374    2.634428    2.661737    2.804706    2.829364
    2.915586    2.940790    2.990197    3.029924
at  -0.09375   0.21875   0.21875    0.001953
   52 eigenvalues :
   -2.811441   -2.726380   -1.589429   -1.572415   -1.545211   -1.490483   -1.473499   -1.461799
    0.208211    0.236516    0.300836    0.315122    0.355465    0.364449    0.382211    0.388619
    0.412904    0.428850    0.465835    0.486220    0.953781    0.974284    0.990930    1.008682
    1.240091    1.243898    1.266473    1.272001    1.459688    1.486289    1.619764    1.645123
    1.842370    1.874210    1.876530    1.906690    2.004173    2.023253    2.100387    2.130649
    2.314334    2.344207    2.356001    2.384019    2.621560    2.646320    2.836388    2.859762
    2.970706    3.000940    3.023260    3.054729
at  -0.09375   0.28125   0.15625    0.001953
   52 eigenvalues :
   -2.811405   -2.726341   -1.589483   -1.572751   -1.545066   -1.490489   -1.474108   -1.461458
    0.209062    0.238832    0.303072    0.311844    0.360714    0.366227    0.377260    0.391232
    0.411027    0.434332    0.468869    0.484517    0.895354    0.934456    1.037011    1.068059
    1.168037    1.196704    1.326092    1.352813    1.458435    1.485252    1.565685    1.592202
    1.845254    1.872739    1.903441    1.934334    2.034699    2.057952    2.116718    2.144607
    2.263741    2.294929    2.397060    2.422374    2.634428    2.661736    2.804706    2.829364
    2.915586    2.940790    2.990197    3.029924
at  -0.09375   0.34375   0.09375    0.001953
   52 eigenvalues :
   -2.811305   -2.726234   -1.589821   -1.573208   -1.544972   -1.490867   -1.474821   -1.461109
    0.211902    0.245548    0.298467    0.317372    0.366011    0.370232    0.371902    0.400245
    0.406722    0.444164    0.478118    0.480828    0.835696    0.877790    1.085629    1.106985
    1.124196    1.159892    1.413129    1.418867    1.439976    1.447610    1.525386    1.551265
    1.799082    1.824734    1.993680    2.023328    2.061831    2.088969    2.183580    2.207158
    2.225219    2.258983    2.399719    2.422416    2.669731    2.702241    2.730333    2.755225
    2.911030    2.936666    2.970631    3.008267
at   0.21875   0.03125   0.34375    0.001953
   52 eigenvalues :
   -2.810632   -2.725517   -1.591502   -1.574376   -1.546830   -1.492980   -1.475686   -1.463307
    0.253967    0.282227    0.306994    0.312452    0.343566    0.362297    0.384012    0.394743
    0.461160    0.472779    0.555639    0.610450    0.693382    0.742544    0.825331    0.862396
    1.052590    1.083344    1.437679    1.459206    1.553205    1.573604    1.770326    1.797139
    1.919653    1.945208    1.956614    1.986197    2.082235    2.108954    2.208024    2.229752
    2.301681    2.329874    2.372032    2.396702    2.598358    2.627836    2.634282    2.662375
    2.735383    2.764141    2.947473    2.976397
at   0.15625   0.03125   0.34375    0.001953
   52 eigenvalues :
   -2.810790   -2.725685   -1.591501   -1.573702   -1.546456   -1.493097   -1.474748   -1.462867
    0.239693    0.282333    0.288359    0.325937    0.346449    0.373027    0.381978    0.394981
    0.458799    0.472818    0.498288    0.560517    0.714755    0.763416    0.915358    0.948235
    1.063644    1.093663    1.409656    1.432884    1.588905    1.610154    1.658549    1.686933
    1.854722    1.877586    1.965023    1.995743    2.128307    2.154354    2.211367    2.237149
    2.315989    2.344917    2.411897    2.434295    2.528427    2.561823    2.643588    2.675950
    2.770026    2.798817    2.934717    2.963353
at  -0.03125   0.03125   0.34375    0.000977
   52 eigenvalues :
   -2.811475   -2.726414   -1.590050   -1.571931   -1.545026   -1.491469   -1.472678   -1.461417
    0.203512    0.236901    0.291354    0.329123    0.358842    0.377327    0.378899    0.391299
    0.401780    0.453219    0.468563    0.480500    0.828114    0.870763    1.091595    1.110310
    1.185723    1.221484    1.345810    1.374543    1.443728    1.474506    1.583230    1.605478
    1.709335    1.731876    2.035781    2.064521    2.134121    2.161833    2.182109    2.190520
    2.207372    2.225471    2.366905    2.389871    2.637513    2.673127    2.777802    2.801895
    2.886920    2.911472    2.950024    2.973709
at  -0.03125   0.09375   0.28125    0.001953
   52 eigenvalues :
   -2.811656   -2.726607   -1.589366   -1.571697   -1.544695   -1.490604   -1.472484   -1.461187
    0.197019    0.226179    0.296622    0.315395    0.363865    0.371286    0.373633    0.391587
    0.399656    0.446445    0.469531    0.475501    0.883092    0.922753    1.077932    1.102759
    1.190793    1.223019    1.349886    1.376659    1.480281    1.508512    1.527399    1.552187
    1.770771    1.793543    1.949723    1.980476    2.048009    2.071794    2.162474    2.195868
    2.232538    2.262905    2.388371    2.410269    2.629705    2.662898    2.798442    2.823103
    2.884422    2.909578    2.938848    2.976100
at  -0.03125   0.15625   0.21875    0.001953
   52 eigenvalues :
   -2.811757   -2.726714   -1.588885   -1.571727   -1.544443   -1.489961   -1.472666   -1.460956
    0.193809    0.220565    0.300160    0.307401    0.364373    0.366169    0.373195    0.390108
    0.402650    0.440341    0.467839    0.477389    0.944983    0.981399    1.018233    1.049998
    1.221017    1.251031    1.318734    1.341959    1.478564    1.503487    1.584637    1.612783
    1.841787    1.858328    1.866296    1.888375    1.943109    1.967474    2.166285    2.199508
    2.302239    2.331255    2.368852    2.394720    2.606844    2.635035    2.796255    2.819767
    2.913998    2.954448    2.960427    2.990323
at  -0.03125   0.21875   0.15625    0.001953
   52 eigenvalues :
   -2.811757   -2.726714   -1.588744   -1.572025   -1.544264   -1.489725   -1.473224   -1.460656
    0.193809    0.220564    0.300152    0.307408    0.364655    0.365879    0.373213    0.390069
    0.402672    0.440370    0.467787    0.477419    0.944984    0.981397    1.018233    1.049999
    1.221016    1.251032    1.318735    1.341958    1.478564    1.503487    1.584637    1.612783
    1.841787    1.858329    1.866294    1.888375    1.943110    1.967474    2.166285    2.199508
    2.302237    2.331256    2.368852    2.394720    2.606845    2.635035    2.796254    2.819767
    2.913999    2.954420    2.960457    2.990319
at  -0.03125   0.28125   0.09375    0.001953
   52 eigenvalues :
   -2.811656   -2.726607   -1.588970   -1.572534   -1.544194   -1.489945   -1.474018   -1.460373
    0.197020    0.226178    0.296610    0.315405    0.364056    0.370970    0.373777    0.391446
    0.399765    0.446533    0.469306    0.475654    0.883093    0.922752    1.077929    1.102764
    1.190788    1.223022    1.349887    1.376659    1.480282    1.508506    1.527405    1.552186
    1.770771    1.793543    1.949723    1.980476    2.048009    2.071792    2.162474    2.195874
    2.232529    2.262909    2.388372    2.410269    2.629706    2.662897    2.798442    2.823104
    2.884422    2.909578    2.938847    2.976101
at  -0.03125   0.34375   0.03125    0.001953
   52 eigenvalues :
   -2.811475   -2.726414   -1.589468   -1.573161   -1.544289   -1.490508   -1.474874   -1.460271
    0.203512    0.236900    0.291344    0.329132    0.358930    0.377263    0.378892    0.391154
    0.401891    0.453369    0.468338    0.480592    0.828114    0.870763    1.091590    1.110319
    1.185716    1.221487    1.345810    1.374544    1.443728    1.474505    1.583231    1.605477
    1.709335    1.731876    2.035781    2.064521    2.134119    2.161824    2.182131    2.190536
    2.207327    2.225489    2.366905    2.389871    2.637513    2.673127    2.777801    2.801895
    2.886919    2.911474    2.950022    2.973710
at   0.28125  -0.03125   0.34375    0.001953
   52 eigenvalues :
   -2.810434   -2.725309   -1.591730   -1.574950   -1.547152   -1.493118   -1.476541   -1.463536
    0.263701    0.284749    0.299961    0.318609    0.342406    0.354076    0.382754    0.396259
    0.459240    0.473734    0.581150    0.633608    0.695747    0.743284    0.776025    0.815904
    1.146369    1.176066    1.375652    1.398316    1.448245    1.469707    1.815858    1.851860
    1.859493    1.886684    1.974753    2.000181    2.099477    2.122836    2.239171    2.259269
    2.352402    2.381643    2.413881    2.438964    2.543900    2.575774    2.676313    2.704531
    2.711466    2.745928    2.907701    2.935533
at   0.21875  -0.03125   0.34375    0.001953
   52 eigenvalues :
   -2.810601   -2.725486   -1.591679   -1.574219   -1.546861   -1.493186   -1.475478   -1.463268
    0.248734    0.286838    0.298485    0.311597    0.347876    0.364570    0.377435    0.400007
    0.453210    0.477376    0.517053    0.575950    0.721300    0.768592    0.858468    0.894704
    1.141019    1.168991    1.358960    1.383780    1.488777    1.510877    1.733053    1.760092
    1.824686    1.859476    1.962804    1.987796    2.134066    2.157665    2.244894    2.270946
    2.330322    2.356618    2.436852    2.459554    2.511447    2.543547    2.722823    2.741931
    2.752616    2.774922    2.838381    2.866224
at   0.03125  -0.03125   0.34375    0.000977
   52 eigenvalues :
   -2.811475   -2.726414   -1.590050   -1.571931   -1.545026   -1.491469   -1.472678   -1.461417
    0.203512    0.236901    0.291354    0.329123    0.358842    0.377327    0.378899    0.391299
    0.401780    0.453219    0.468563    0.480500    0.828114    0.870763    1.091595    1.110310
    1.185723    1.221484    1.345810    1.374543    1.443728    1.474506    1.583230    1.605478
    1.709335    1.731876    2.035781    2.064521    2.134121    2.161833    2.182109    2.190520
    2.207372    2.225471    2.366905    2.389871    2.637513    2.673127    2.777802    2.801895
    2.886920    2.911472    2.950024    2.973709
at   0.03125   0.03125   0.28125    0.001953
   52 eigenvalues :
   -2.811745   -2.726700   -1.589253   -1.571499   -1.544460   -1.490512   -1.472249   -1.460903
    0.192652    0.221665    0.293420    0.318185    0.361020    0.374597    0.377043    0.387758
    0.397570    0.453236    0.465407    0.474471    0.878989    0.918855    1.096160    1.116897
    1.198036    1.234428    1.339566    1.364298    1.472218    1.503771    1.589347    1.611213
    1.689269    1.711795    1.972543    2.002931    2.052298    2.076458    2.199190    2.220275
    2.234707    2.250190    2.386243    2.406423    2.607622    2.644013    2.812449    2.836106
    2.861716    2.886162    2.970170    3.006218
at   0.03125   0.09375   0.21875    0.001953
   52 eigenvalues :
   -2.811927   -2.726894   -1.588601   -1.571356   -1.544017   -1.489701   -1.472204   -1.460491
    0.185722    0.211881    0.296236    0.306499    0.363393    0.369075    0.375316    0.387837
    0.398254    0.451004    0.465495    0.473588    0.937225    0.973901    1.066206    1.093042
    1.173488    1.208222    1.356596    1.376094    1.554432    1.564783    1.585765    1.588468
    1.736299    1.758241    1.869944    1.901581    1.938892    1.963993    2.230050    2.263061
    2.275730    2.305144    2.426273    2.448998    2.586095    2.620887    2.751966    2.775856
    2.883921    2.916521    2.919901    2.954342
at   0.03125   0.15625   0.15625    0.001953
   52 eigenvalues :
   -2.811992   -2.726962   -1.588253   -1.571541   -1.543723   -1.489237   -1.472592   -1.460141
    0.183345    0.208512    0.299215    0.300300    0.364553    0.366633    0.374123    0.388193
    0.399143    0.449463    0.465933    0.473949    0.989380    1.017624    1.023058    1.049984
    1.167829    1.201370    1.361463    1.378633    1.552303    1.576124    1.619079    1.650401
    1.788720    1.799292    1.808516    1.831062    1.868316    1.896182    2.235756    2.267992
    2.315089    2.343278    2.427946    2.455694    2.591468    2.622068    2.731855    2.755910
    2.856241    2.896008    2.944763    2.980754
at   0.03125   0.21875   0.09375    0.001953
   52 eigenvalues :
   -2.811927   -2.726894   -1.588281   -1.572027   -1.543609   -1.489221   -1.473348   -1.459884
    0.185722    0.211880    0.296226    0.306506    0.363527    0.368953    0.375300    0.387811
    0.398276    0.451062    0.465406    0.473628    0.937226    0.973899    1.066206    1.093045
    1.173483    1.208225    1.356596    1.376094    1.554442    1.564764    1.585815    1.588428
    1.736299    1.758241    1.869945    1.901579    1.938895    1.963992    2.230044    2.263106
    2.275682    2.305153    2.426273    2.448997    2.586096    2.620886    2.751965    2.775857
    2.883922    2.916505    2.919918    2.954341
at   0.03125   0.28125   0.03125    0.001953
   52 eigenvalues :
   -2.811745   -2.726700   -1.588669   -1.572723   -1.543717   -1.489640   -1.474298   -1.459829
    0.192652    0.221665    0.293409    0.318192    0.361132    0.374518    0.376995    0.387727
    0.397601    0.453359    0.465242    0.474531    0.878990    0.918854    1.096157    1.116902
    1.198030    1.234432    1.339566    1.364299    1.472219    1.503769    1.589348    1.611212
    1.689269    1.711795    1.972543    2.002930    2.052299    2.076457    2.199173    2.220365
    2.234595    2.250229    2.386243    2.406423    2.607623    2.644012    2.812448    2.836107
    2.861716    2.886162    2.970170    3.006218
at   0.03125   0.34375  -0.03125    0.001953
   52 eigenvalues :
   -2.811475   -2.726414   -1.589298   -1.573508   -1.544069   -1.490353   -1.475270   -1.460073
    0.203513    0.236900    0.291343    0.329130    0.358932    0.377219    0.378932    0.391241
    0.401794    0.453345    0.468428    0.480540    0.828114    0.870763    1.091591    1.110317
    1.185716    1.221488    1.345810    1.374543    1.443728    1.474506    1.583231    1.605478
    1.709336    1.731875    2.035781    2.064521    2.134127    2.161802    2.182060    2.190697
    2.207227    2.225513    2.366905    2.389871    2.637513    2.673127    2.777801    2.801895
    2.886920    2.911473    2.950023    2.973710
at   0.34375  -0.09375   0.34375    0.001953
   52 eigenvalues :
   -2.810177   -2.725038   -1.592019   -1.575667   -1.547593   -1.493341   -1.477464   -1.463994
    0.276477    0.279049    0.292282    0.330707    0.333836    0.352622    0.385899    0.397081
    0.461933    0.474045    0.612167    0.661718    0.691736    0.737873    0.751131    0.792466
    1.239649    1.268739    1.307200    1.331004    1.357617    1.381321    1.702628    1.739975
    1.925705    1.955866    1.979405    2.002823    2.110850    2.134289    2.329000    2.351210
    2.416481    2.436611    2.444723    2.468495    2.518655    2.543716    2.661585    2.685318
    2.687878    2.718378    2.919361    2.946707
at   0.28125  -0.09375   0.34375    0.001953
   52 eigenvalues :
   -2.810318   -2.725188   -1.591969   -1.574977   -1.547459   -1.493377   -1.476464   -1.463924
    0.261399    0.283276    0.304022    0.311924    0.338884    0.365423    0.376191    0.402604
    0.451056    0.479847    0.544583    0.599505    0.733116    0.778428    0.809151    0.847868
    1.207845    1.234544    1.299410    1.325035    1.411163    1.436053    1.716025    1.752247
    1.826430    1.853281    1.949456    1.976601    2.208603    2.232295    2.263789    2.289018
    2.395628    2.418633    2.430593    2.460821    2.498641    2.526338    2.715958    2.743430
    2.796469    2.808387    2.827077    2.834484
at   0.09375  -0.09375   0.34375    0.000977
   52 eigenvalues :
   -2.811305   -2.726234   -1.590233   -1.572333   -1.545491   -1.491599   -1.473139   -1.462002
    0.211901    0.245548    0.298480    0.317362    0.365659    0.370867    0.371605    0.400482
    0.406522    0.444056    0.479070    0.479957    0.835695    0.877791    1.085648    1.106931
    1.124239    1.159885    1.413129    1.418867    1.439978    1.447609    1.525386    1.551265
    1.799082    1.824733    1.993681    2.023324    2.061834    2.088968    2.183578    2.207157
    2.225222    2.258982    2.399719    2.422416    2.669731    2.702242    2.730333    2.755225
    2.911029    2.936666    2.970630    3.008267
at   0.09375  -0.03125   0.28125    0.001953
   52 eigenvalues :
   -2.811656   -2.726607   -1.589366   -1.571697   -1.544695   -1.490604   -1.472484   -1.461187
    0.197019    0.226179    0.296622    0.315395    0.363865    0.371286    0.373633    0.391587
    0.399656    0.446445    0.469531    0.475501    0.883092    0.922753    1.077932    1.102759
    1.190793    1.223019    1.349886    1.376659    1.480281    1.508512    1.527399    1.552187
    1.770771    1.793543    1.949723    1.980476    2.048009    2.071794    2.162474    2.195868
    2.232538    2.262905    2.388371    2.410269    2.629705    2.662898    2.798442    2.823103
    2.884422    2.909578    2.938848    2.976100
at   0.09375   0.03125   0.21875    0.001953
   52 eigenvalues :
   -2.811927   -2.726894   -1.588601   -1.571356   -1.544017   -1.489701   -1.472204   -1.460491
    0.185722    0.211881    0.296236    0.306499    0.363393    0.369075    0.375316    0.387837
    0.398254    0.451004    0.465495    0.473588    0.937225    0.973901    1.066206    1.093042
    1.173488    1.208222    1.356596    1.376094    1.554432    1.564783    1.585765    1.588468
    1.736299    1.758241    1.869944    1.901581    1.938892    1.963993    2.230050    2.263061
    2.275730    2.305144    2.426273    2.448998    2.586095    2.620887    2.751966    2.775856
    2.883921    2.916521    2.919901    2.954342
at   0.09375   0.09375   0.15625    0.001953
   52 eigenvalues :
   -2.812074   -2.727050   -1.588079   -1.571371   -1.543532   -1.489069   -1.472362   -1.459964
    0.179638    0.204316    0.296954    0.299516    0.363774    0.365114    0.379387    0.384365
    0.398995    0.455742    0.461554    0.474022    0.995345    1.028341    1.047083    1.075697
    1.123444    1.160693    1.379111    1.394051    1.626109    1.640964    1.649414    1.674050
    1.711896    1.733341    1.773404    1.805486    1.848560    1.875161    2.275020    2.294085
    2.305685    2.322927    2.533689    2.555531    2.558107    2.592795    2.673725    2.698467
    2.851556    2.890309    2.891788    2.923300
at   0.09375   0.15625   0.09375    0.001953
   52 eigenvalues :
   -2.812074   -2.727050   -1.587896   -1.571752   -1.543298   -1.488827   -1.472953   -1.459652
    0.179638    0.204316    0.296947    0.299521    0.363880    0.365042    0.379304    0.384415
    0.398991    0.455766    0.461539    0.474018    0.995351    1.028306    1.047125    1.075686
    1.123440    1.160695    1.379111    1.394051    1.626102    1.640990    1.649391    1.674054
    1.711895    1.733342    1.773405    1.805484    1.848563    1.875159    2.275008    2.294138
    2.305629    2.322942    2.533715    2.555168    2.558456    2.592784    2.673722    2.698470
    2.851557    2.890251    2.891846    2.923299
at   0.09375   0.21875   0.03125    0.001953
   52 eigenvalues :
   -2.811927   -2.726894   -1.588081   -1.572435   -1.543354   -1.489014   -1.473868   -1.459617
    0.185723    0.211880    0.296227    0.306502    0.363527    0.369082    0.375135    0.387883
    0.398238    0.451042    0.465490    0.473572    0.937226    0.973899    1.066208    1.093043
    1.173482    1.208226    1.356596    1.376094    1.554428    1.564793    1.585731    1.588497
    1.736299    1.758240    1.869945    1.901578    1.938896    1.963991    2.230045    2.263098
    2.275690    2.305152    2.426273    2.448997    2.586096    2.620886    2.751965    2.775857
    2.883922    2.916504    2.919918    2.954341
at   0.09375   0.28125  -0.03125    0.001953
   52 eigenvalues :
   -2.811656   -2.726607   -1.588594   -1.573298   -1.543713   -1.489589   -1.474928   -1.459911
    0.197020    0.226178    0.296609    0.315399    0.364092    0.371147    0.373548    0.391588
    0.399626    0.446507    0.469522    0.475483    0.883093    0.922752    1.077931    1.102761
    1.190787    1.223024    1.349885    1.376661    1.480280    1.508509    1.527405    1.552185
    1.770771    1.793543    1.949724    1.980476    2.048010    2.071792    2.162474    2.195872
    2.232532    2.262908    2.388371    2.410269    2.629706    2.662898    2.798442    2.823103
    2.884422    2.909578    2.938848    2.976100
at   0.09375   0.34375  -0.09375    0.001953
   52 eigenvalues :
   -2.811305   -2.726234   -1.589331   -1.574205   -1.544341   -1.490417   -1.475976   -1.460527
    0.211902    0.245547    0.298460    0.317375    0.366030    0.370250    0.371877    0.400468
    0.406457    0.444144    0.479038    0.479961    0.835695    0.877792    1.085640    1.106958
    1.124214    1.159892    1.413042    1.418996    1.439879    1.447664    1.525386    1.551265
    1.799082    1.824733    1.993681    2.023326    2.061834    2.088967    2.183574    2.207178
    2.225202    2.258986    2.399719    2.422416    2.669731    2.702243    2.730332    2.755225
    2.911030    2.936666    2.970631    3.008267
at  -0.34375   0.59375   0.15625    0.001953
   52 eigenvalues :
   -2.809901   -2.724748   -1.592301   -1.576432   -1.548090   -1.493608   -1.478292   -1.464644
    0.267897    0.275397    0.304638    0.322461    0.328693    0.369041    0.387408    0.403099
    0.462810    0.480364    0.630243    0.676303    0.687064    0.733123    0.761613    0.801675
    1.216508    1.243188    1.275786    1.300510    1.339920    1.370841    1.626896    1.662561
    1.904790    1.934016    2.031879    2.057587    2.126514    2.149941    2.404848    2.425121
    2.438212    2.454111    2.496795    2.521545    2.569400    2.590976    2.596697    2.622491
    2.718133    2.742047    2.946296    2.973954
at  -0.34375   0.53125   0.15625    0.001953
   52 eigenvalues :
   -2.809984   -2.724836   -1.592333   -1.575856   -1.548147   -1.493680   -1.477495   -1.464758
    0.268532    0.271576    0.309671    0.318853    0.327785    0.374423    0.381084    0.405119
    0.455561    0.482488    0.577315    0.627598    0.741913    0.776731    0.785912    0.816243
    1.214426    1.235747    1.241523    1.262414    1.393286    1.422150    1.631846    1.667332
    1.902545    1.932532    1.935336    1.959595    2.225227    2.250066    2.344684    2.372168
    2.379277    2.408651    2.498244    2.524490    2.547968    2.572582    2.718374    2.733953
    2.746002    2.756787    2.841989    2.867236
at   0.15625  -0.15625   0.34375    0.000977
   52 eigenvalues :
   -2.810989   -2.725901   -1.590608   -1.573077   -1.546316   -1.491896   -1.473993   -1.463028
    0.226140    0.260618    0.302798    0.312144    0.359832    0.361004    0.381149    0.398205
    0.427432    0.432292    0.476552    0.495920    0.850767    0.891833    1.054631    1.076050
    1.090907    1.101422    1.307360    1.333729    1.511396    1.539439    1.569941    1.596066
    1.785491    1.817050    1.937515    1.967384    2.062299    2.086935    2.182936    2.204615
    2.272316    2.305561    2.443403    2.468168    2.657594    2.685533    2.701845    2.726033
    2.960281    2.985726    3.032187    3.069440
at   0.15625  -0.09375   0.28125    0.001953
   52 eigenvalues :
   -2.811405   -2.726341   -1.589711   -1.572269   -1.545352   -1.490897   -1.473152   -1.461975
    0.209062    0.238833    0.303080    0.311841    0.360634    0.366247    0.377306    0.391283
    0.411028    0.434236    0.468968    0.484470    0.895353    0.934457    1.037013    1.068056
    1.168040    1.196702    1.326092    1.352814    1.458435    1.485252    1.565685    1.592202
    1.845256    1.872736    1.903443    1.934333    2.034698    2.057953    2.116716    2.144609
    2.263742    2.294928    2.397059    2.422374    2.634428    2.661737    2.804706    2.829364
    2.915586    2.940790    2.990197    3.029924
at   0.15625  -0.03125   0.21875    0.001953
   52 eigenvalues :
   -2.811757   -2.726714   -1.588885   -1.571727   -1.544443   -1.489961   -1.472666   -1.460956
    0.193809    0.220565    0.300160    0.307401    0.364373    0.366169    0.373195    0.390108
    0.402650    0.440341    0.467839    0.477389    0.944983    0.981399    1.018233    1.049998
    1.221017    1.251031    1.318734    1.341959    1.478564    1.503487    1.584637    1.612783
    1.841787    1.858328    1.866296    1.888375    1.943109    1.967474    2.166285    2.199508
    2.302239    2.331255    2.368852    2.394720    2.606844    2.635035    2.796255    2.819767
    2.913998    2.954448    2.960427    2.990323
at   0.15625   0.03125   0.15625    0.001953
   52 eigenvalues :
   -2.811992   -2.726962   -1.588253   -1.571541   -1.543723   -1.489237   -1.472592   -1.460141
    0.183345    0.208512    0.299215    0.300300    0.364553    0.366633    0.374123    0.388193
    0.399143    0.449463    0.465933    0.473949    0.989380    1.017624    1.023058    1.049984
    1.167829    1.201370    1.361463    1.378633    1.552303    1.576124    1.619079    1.650401
    1.788720    1.799292    1.808516    1.831062    1.868316    1.896182    2.235756    2.267992
    2.315089    2.343278    2.427946    2.455694    2.591468    2.622068    2.731855    2.755910
    2.856241    2.896008    2.944763    2.980754
at   0.15625   0.09375   0.09375    0.001953
   52 eigenvalues :
   -2.812074   -2.727050   -1.587896   -1.571752   -1.543298   -1.488827   -1.472953   -1.459652
    0.179638    0.204316    0.296947    0.299521    0.363880    0.365042    0.379304    0.384415
    0.398991    0.455766    0.461539    0.474018    0.995351    1.028306    1.047125    1.075686
    1.123440    1.160695    1.379111    1.394051    1.626102    1.640990    1.649391    1.674054
    1.711895    1.733342    1.773405    1.805484    1.848563    1.875159    2.275008    2.294138
    2.305629    2.322942    2.533715    2.555168    2.558456    2.592784    2.673722    2.698470
    2.851557    2.890251    2.891846    2.923299
at   0.15625   0.15625   0.03125    0.001953
   52 eigenvalues :
   -2.811992   -2.726962   -1.587865   -1.572337   -1.543232   -1.488786   -1.473706   -1.459561
    0.183345    0.208511    0.299224    0.300285    0.364493    0.366911    0.373855    0.388268
    0.399110    0.449461    0.466006    0.473891    0.989392    1.017448    1.023244    1.049962
    1.167827    1.201372    1.361463    1.378633    1.552302    1.576126    1.619077    1.650402
    1.788725    1.799279    1.808525    1.831061    1.868317    1.896181    2.235755    2.267994
    2.315086    2.343279    2.427948    2.455693    2.591468    2.622069    2.731854    2.755910
    2.856243    2.896006    2.944765    2.980754
at   0.15625   0.21875  -0.03125    0.001953
   52 eigenvalues :
   -2.811757   -2.726714   -1.588168   -1.573195   -1.543537   -1.489130   -1.474725   -1.459883
    0.193810    0.220564    0.300152    0.307397    0.364415    0.366463    0.372827    0.390167
    0.402601    0.440367    0.467907    0.477328    0.944983    0.981398    1.018236    1.049997
    1.221013    1.251037    1.318730    1.341961    1.478564    1.503487    1.584636    1.612784
    1.841787    1.858329    1.866295    1.888374    1.943111    1.967473    2.166285    2.199507
    2.302238    2.331256    2.368851    2.394720    2.606844    2.635035    2.796255    2.819767
    2.914000    2.954413    2.960463    2.990319
at   0.15625   0.28125  -0.09375    0.001953
   52 eigenvalues :
   -2.811405   -2.726341   -1.588775   -1.574182   -1.544173   -1.489815   -1.475839   -1.460572
    0.209063    0.238832    0.303058    0.311848    0.360722    0.366369    0.377095    0.391298
    0.410946    0.434329    0.468992    0.484438    0.895352    0.934459    1.037011    1.068057
    1.168036    1.196706    1.326088    1.352817    1.458435    1.485252    1.565684    1.592203
    1.845257    1.872735    1.903444    1.934333    2.034699    2.057951    2.116718    2.144608
    2.263741    2.294929    2.397059    2.422374    2.634428    2.661737    2.804707    2.829364
    2.915587    2.940789    2.990198    3.029924
at   0.15625   0.34375  -0.15625    0.001953
   52 eigenvalues :
   -2.810989   -2.725901   -1.589598   -1.575141   -1.545045   -1.490731   -1.476895   -1.461510
    0.226142    0.260616    0.302765    0.312165    0.359528    0.361473    0.380975    0.398218
    0.427031    0.432717    0.476557    0.495899    0.850765    0.891836    1.054621    1.076069
    1.090886    1.101433    1.307357    1.333730    1.511393    1.539447    1.569934    1.596068
    1.785493    1.817049    1.937515    1.967384    2.062299    2.086935    2.182935    2.204617
    2.272314    2.305562    2.443403    2.468168    2.657594    2.685534    2.701843    2.726033
    2.960281    2.985727    3.032187    3.069440
at  -0.34375   0.53125   0.21875    0.001953
   52 eigenvalues :
   -2.809648   -2.724482   -1.592715   -1.576745   -1.548819   -1.494052   -1.478439   -1.465629
    0.258721    0.264672    0.312777    0.318679    0.329223    0.384613    0.396589    0.411738
    0.459356    0.490259    0.613071    0.657776    0.717675    0.760578    0.791998    0.829694
    1.134642    1.164610    1.209185    1.236498    1.373364    1.407865    1.631496    1.662767
    1.880445    1.908973    2.009771    2.036044    2.212525    2.237819    2.370804    2.400171
    2.415461    2.447466    2.560774    2.583365    2.609045    2.634818    2.686448    2.711426
    2.797364    2.819012    2.874684    2.900174
at  -0.34375   0.34375   0.21875    0.000977
   52 eigenvalues :
   -2.810573   -2.725460   -1.591161   -1.574052   -1.547330   -1.492394   -1.475112   -1.464259
    0.240379    0.277253    0.289012    0.331012    0.349195    0.353854    0.395550    0.401017
    0.425210    0.451556    0.473689    0.514299    0.871923    0.911530    0.988385    1.024764
    1.064724    1.094083    1.196363    1.224277    1.612127    1.635609    1.640034    1.662645
    1.699894    1.731425    1.883189    1.912619    2.081373    2.108058    2.247979    2.269268
    2.326101    2.359345    2.461829    2.488836    2.692053    2.696401    2.715094    2.719606
    2.983565    3.010279    3.064031    3.084506
at  -0.28125   0.34375   0.15625    0.001953
   52 eigenvalues :
   -2.811026   -2.725940   -1.590271   -1.573127   -1.546292   -1.491415   -1.474145   -1.463088
    0.225236    0.256775    0.298128    0.323119    0.351706    0.360152    0.388807    0.391988
    0.423539    0.427724    0.466398    0.497055    0.915024    0.953359    0.988474    1.023520
    1.138455    1.167258    1.224857    1.252270    1.524300    1.551184    1.639623    1.664569
    1.788933    1.821113    1.858603    1.889361    2.066856    2.093799    2.134829    2.155148
    2.306290    2.338351    2.397843    2.425606    2.654107    2.677663    2.819228    2.842988
    2.935394    2.959620    3.069213    3.100779
at   0.21875  -0.09375   0.21875    0.001953
   52 eigenvalues :
   -2.811441   -2.726380   -1.589429   -1.572415   -1.545211   -1.490483   -1.473499   -1.461799
    0.208211    0.236516    0.300836    0.315122    0.355465    0.364449    0.382211    0.388619
    0.412904    0.428850    0.465835    0.486220    0.953781    0.974284    0.990930    1.008682
    1.240091    1.243898    1.266473    1.272001    1.459688    1.486289    1.619764    1.645123
    1.842370    1.874210    1.876530    1.906690    2.004173    2.023253    2.100387    2.130649
    2.314334    2.344207    2.356001    2.384019    2.621560    2.646320    2.836388    2.859762
    2.970706    3.000940    3.023260    3.054729
at   0.21875  -0.03125   0.15625    0.001953
   52 eigenvalues :
   -2.811757   -2.726714   -1.588744   -1.572025   -1.544264   -1.489725   -1.473224   -1.460656
    0.193809    0.220564    0.300152    0.307408    0.364655    0.365879    0.373213    0.390069
    0.402672    0.440370    0.467787    0.477419    0.944984    0.981397    1.018233    1.049999
    1.221016    1.251032    1.318735    1.341958    1.478564    1.503487    1.584637    1.612783
    1.841787    1.858329    1.866294    1.888375    1.943110    1.967474    2.166285    2.199508
    2.302237    2.331256    2.368852    2.394720    2.606845    2.635035    2.796254    2.819767
    2.913999    2.954420    2.960457    2.990319
at   0.21875   0.03125   0.09375    0.001953
   52 eigenvalues :
   -2.811927   -2.726894   -1.588281   -1.572027   -1.543609   -1.489221   -1.473348   -1.459884
    0.185722    0.211880    0.296226    0.306506    0.363527    0.368953    0.375300    0.387811
    0.398276    0.451062    0.465406    0.473628    0.937226    0.973899    1.066206    1.093045
    1.173483    1.208225    1.356596    1.376094    1.554442    1.564764    1.585815    1.588428
    1.736299    1.758241    1.869945    1.901579    1.938895    1.963992    2.230044    2.263106
    2.275682    2.305153    2.426273    2.448997    2.586096    2.620886    2.751965    2.775857
    2.883922    2.916505    2.919918    2.954341
at   0.21875   0.09375   0.03125    0.001953
   52 eigenvalues :
   -2.811927   -2.726894   -1.588081   -1.572435   -1.543354   -1.489014   -1.473868   -1.459617
    0.185723    0.211880    0.296227    0.306502    0.363527    0.369082    0.375135    0.387883
    0.398238    0.451042    0.465490    0.473572    0.937226    0.973899    1.066208    1.093043
    1.173482    1.208226    1.356596    1.376094    1.554428    1.564793    1.585731    1.588497
    1.736299    1.758240    1.869945    1.901578    1.938896    1.963991    2.230045    2.263098
    2.275690    2.305152    2.426273    2.448997    2.586096    2.620886    2.751965    2.775857
    2.883922    2.916504    2.919918    2.954341
at   0.21875   0.15625  -0.03125    0.001953
   52 eigenvalues :
   -2.811757   -2.726714   -1.588168   -1.573195   -1.543537   -1.489130   -1.474725   -1.459883
    0.193810    0.220564    0.300152    0.307397    0.364415    0.366463    0.372827    0.390167
    0.402601    0.440367    0.467907    0.477328    0.944983    0.981398    1.018236    1.049997
    1.221013    1.251037    1.318730    1.341961    1.478564    1.503487    1.584636    1.612784
    1.841787    1.858329    1.866295    1.888374    1.943111    1.967473    2.166285    2.199507
    2.302238    2.331256    2.368851    2.394720    2.606844    2.635035    2.796255    2.819767
    2.914000    2.954413    2.960463    2.990319
at   0.21875   0.21875  -0.09375    0.001953
   52 eigenvalues :
   -2.811441   -2.726380   -1.588554   -1.574181   -1.544122   -1.489578   -1.475789   -1.460612
    0.208212    0.236515    0.300825    0.315111    0.355516    0.364567    0.381930    0.388758
    0.412819    0.428911    0.465895    0.486178    0.953754    0.974363    0.990856    1.008702
    1.239784    1.244314    1.266157    1.272207    1.459688    1.486289    1.619763    1.645123
    1.842370    1.874208    1.876533    1.906688    2.004173    2.023253    2.100387    2.130649
    2.314333    2.344219    2.355989    2.384021    2.621560    2.646320    2.836388    2.859761
    2.970708    3.000935    3.023264    3.054728
at   0.21875   0.28125  -0.15625    0.001953
   52 eigenvalues :
   -2.811026   -2.725940   -1.589229   -1.575224   -1.545007   -1.490338   -1.476893   -1.461649
    0.225237    0.256774    0.298113    0.323106    0.351726    0.360292    0.388437    0.392201
    0.423186    0.428104    0.466419    0.497032    0.915014    0.953390    0.988445    1.023530
    1.138451    1.167266    1.224849    1.252274    1.524298    1.551186    1.639622    1.664569
    1.788936    1.821111    1.858602    1.889361    2.066856    2.093799    2.134829    2.155149
    2.306290    2.338351    2.397843    2.425607    2.654107    2.677663    2.819228    2.842988
    2.935395    2.959620    3.069213    3.100779
at   0.21875   0.34375  -0.21875    0.001953
   52 eigenvalues :
   -2.810573   -2.725460   -1.590116   -1.576153   -1.546046   -1.491312   -1.477879   -1.462801
    0.240382    0.277249    0.289002    0.331000    0.349050    0.354121    0.395302    0.401124
    0.425193    0.451632    0.473688    0.514285    0.871914    0.911549    0.988362    1.024777
    1.064726    1.094082    1.196361    1.224279    1.612109    1.635844    1.639804    1.662649
    1.699910    1.731419    1.883188    1.912619    2.081372    2.108058    2.247978    2.269269
    2.326100    2.359345    2.461828    2.488836    2.692051    2.696405    2.715091    2.719609
    2.983565    3.010279    3.064031    3.084506
at  -0.34375   0.53125   0.28125    0.001953
   52 eigenvalues :
   -2.809364   -2.724183   -1.593036   -1.577522   -1.549371   -1.494398   -1.479216   -1.466370
    0.250152    0.254943    0.305426    0.308638    0.355075    0.384906    0.418649    0.425818
    0.458958    0.499159    0.642579    0.681865    0.701782    0.743540    0.816497    0.850958
    1.065178    1.099154    1.169803    1.198814    1.322911    1.360421    1.697489    1.726835
    1.872872    1.900382    2.037779    2.065083    2.242537    2.269282    2.370287    2.398592
    2.401983    2.430478    2.613694    2.627031    2.643105    2.647536    2.816114    2.835414
    2.847053    2.864142    2.903237    2.921207
at  -0.34375   0.34375   0.28125    0.000977
   52 eigenvalues :
   -2.810115   -2.724977   -1.591861   -1.575138   -1.548350   -1.493082   -1.476338   -1.465447
    0.247824    0.275714    0.289512    0.335542    0.352624    0.358494    0.393762    0.423813
    0.429907    0.471802    0.481441    0.536865    0.891318    0.925974    0.931353    0.964507
    1.048995    1.082866    1.106403    1.135608    1.559335    1.592537    1.714675    1.742655
    1.760374    1.785264    1.839237    1.867282    2.066897    2.094655    2.362584    2.383713
    2.389773    2.417425    2.478033    2.501135    2.678804    2.700661    2.798752    2.819747
    2.951268    2.970745    3.001231    3.026123
at  -0.28125   0.34375   0.21875    0.001953
   52 eigenvalues :
   -2.810574   -2.725462   -1.591008   -1.574158   -1.547337   -1.492151   -1.475311   -1.464292
    0.239578    0.275206    0.288338    0.338236    0.349579    0.351708    0.388527    0.408298
    0.422826    0.449371    0.466014    0.512729    0.933508    0.942172    0.972187    0.978554
    1.097781    1.129441    1.135819    1.163266    1.615009    1.641823    1.683291    1.712760
    1.716194    1.737186    1.826533    1.857204    2.058735    2.086161    2.252649    2.274435
    2.348097    2.381293    2.412874    2.439814    2.690101    2.712243    2.861586    2.882692
    2.883880    2.905107    3.061988    3.091599
at  -0.21875   0.34375   0.15625    0.001953
   52 eigenvalues :
   -2.811026   -2.725940   -1.590180   -1.573320   -1.546179   -1.491246   -1.474547   -1.462866
    0.225236    0.256775    0.298130    0.323105    0.351713    0.360195    0.388625    0.392128
    0.423246    0.428060    0.466346    0.497067    0.915025    0.953359    0.988471    1.023523
    1.138454    1.167259    1.224857    1.252270    1.524300    1.551184    1.639623    1.664569
    1.788932    1.821118    1.858598    1.889362    2.066856    2.093799    2.134830    2.155148
    2.306290    2.338351    2.397844    2.425606    2.654107    2.677663    2.819228    2.842988
    2.935395    2.959620    3.069213    3.100779
at  -0.15625   0.34375   0.09375    0.001953
   52 eigenvalues :
   -2.811405   -2.726341   -1.589483   -1.572751   -1.545066   -1.490489   -1.474108   -1.461458
    0.209062    0.238832    0.303072    0.311844    0.360714    0.366227    0.377260    0.391232
    0.411027    0.434332    0.468869    0.484517    0.895354    0.934456    1.037011    1.068059
    1.168037    1.196704    1.326092    1.352813    1.458435    1.485252    1.565685    1.592202
    1.845254    1.872739    1.903441    1.934334    2.034699    2.057952    2.116718    2.144607
    2.263741    2.294929    2.397060    2.422374    2.634428    2.661736    2.804706    2.829364
    2.915586    2.940790    2.990197    3.029924
at  -0.09375   0.34375   0.03125    0.001953
   52 eigenvalues :
   -2.811656   -2.726607   -1.588970   -1.572534   -1.544194   -1.489945   -1.474018   -1.460373
    0.197020    0.226178    0.296610    0.315405    0.364056    0.370970    0.373777    0.391446
    0.399765    0.446533    0.469306    0.475654    0.883093    0.922752    1.077929    1.102764
    1.190788    1.223022    1.349887    1.376659    1.480282    1.508506    1.527405    1.552186
    1.770771    1.793543    1.949723    1.980476    2.048009    2.071792    2.162474    2.195874
    2.232529    2.262909    2.388372    2.410269    2.629706    2.662897    2.798442    2.823104
    2.884422    2.909578    2.938847    2.976101
at  -0.03125   0.34375  -0.03125    0.001953
   52 eigenvalues :
   -2.811745   -2.726700   -1.588669   -1.572723   -1.543717   -1.489640   -1.474298   -1.459829
    0.192652    0.221665    0.293409    0.318192    0.361132    0.374518    0.376995    0.387727
    0.397601    0.453359    0.465242    0.474531    0.878990    0.918854    1.096157    1.116902
    1.198030    1.234432    1.339566    1.364299    1.472219    1.503769    1.589348    1.611212
    1.689269    1.711795    1.972543    2.002930    2.052299    2.076457    2.199173    2.220365
    2.234595    2.250229    2.386243    2.406423    2.607623    2.644012    2.812448    2.836107
    2.861716    2.886162    2.970170    3.006218
at   0.03125   0.34375  -0.09375    0.001953
   52 eigenvalues :
   -2.811656   -2.726607   -1.588594   -1.573298   -1.543713   -1.489589   -1.474928   -1.459911
    0.197020    0.226178    0.296609    0.315399    0.364092    0.371147    0.373548    0.391588
    0.399626    0.446507    0.469522    0.475483    0.883093    0.922752    1.077931    1.102761
    1.190787    1.223024    1.349885    1.376661    1.480280    1.508509    1.527405    1.552185
    1.770771    1.793543    1.949724    1.980476    2.048010    2.071792    2.162474    2.195872
    2.232532    2.262908    2.388371    2.410269    2.629706    2.662898    2.798442    2.823103
    2.884422    2.909578    2.938848    2.976100
at   0.28125   0.15625  -0.09375    0.001953
   52 eigenvalues :
   -2.811405   -2.726341   -1.588775   -1.574182   -1.544173   -1.489815   -1.475839   -1.460572
    0.209063    0.238832    0.303058    0.311848    0.360722    0.366369    0.377095    0.391298
    0.410946    0.434329    0.468992    0.484438    0.895352    0.934459    1.037011    1.068057
    1.168036    1.196706    1.326088    1.352817    1.458435    1.485252    1.565684    1.592203
    1.845257    1.872735    1.903444    1.934333    2.034699    2.057951    2.116718    2.144608
    2.263741    2.294929    2.397059    2.422374    2.634428    2.661737    2.804707    2.829364
    2.915587    2.940789    2.990198    3.029924
at   0.28125   0.21875  -0.15625    0.001953
   52 eigenvalues :
   -2.811026   -2.725940   -1.589229   -1.575224   -1.545007   -1.490338   -1.476893   -1.461649
    0.225237    0.256774    0.298113    0.323106    0.351726    0.360292    0.388437    0.392201
    0.423186    0.428104    0.466419    0.497032    0.915014    0.953390    0.988445    1.023530
    1.138451    1.167266    1.224849    1.252274    1.524298    1.551186    1.639622    1.664569
    1.788936    1.821111    1.858602    1.889361    2.066856    2.093799    2.134829    2.155149
    2.306290    2.338351    2.397843    2.425607    2.654107    2.677663    2.819228    2.842988
    2.935395    2.959620    3.069213    3.100779
at   0.28125   0.28125  -0.21875    0.001953
   52 eigenvalues :
   -2.810574   -2.725462   -1.589964   -1.576240   -1.546063   -1.491152   -1.477920   -1.462917
    0.239580    0.275203    0.288325    0.338206    0.349383    0.352041    0.388432    0.408213
    0.422872    0.449391    0.466052    0.512709    0.933134    0.942772    0.971482    0.979033
    1.097774    1.129496    1.135762    1.163274    1.615010    1.641819    1.683314    1.712454
    1.716505    1.737161    1.826533    1.857205    2.058735    2.086161    2.252648    2.274435
    2.348096    2.381295    2.412872    2.439815    2.690101    2.712243    2.861586    2.882687
    2.883885    2.905107    3.061988    3.091599
at   0.28125   0.34375  -0.28125    0.001953
   52 eigenvalues :
   -2.810115   -2.724977   -1.590896   -1.577065   -1.547172   -1.492162   -1.478769   -1.464152
    0.247828    0.275703    0.289508    0.335567    0.352389    0.358802    0.393672    0.423590
    0.430118    0.471796    0.481476    0.536852    0.891222    0.928278    0.929045    0.964608
    1.048995    1.082864    1.106404    1.135609    1.559336    1.592535    1.714669    1.742682
    1.760343    1.785276    1.839232    1.867285    2.066897    2.094655    2.362579    2.383741
    2.389746    2.417428    2.478033    2.501136    2.678804    2.700661    2.798752    2.819747
    2.951267    2.970745    3.001231    3.026123
at   0.34375   0.34375  -0.34375    0.000488
   52 eigenvalues :
   -2.809687   -2.724524   -1.591811   -1.577734   -1.548251   -1.493144   -1.479435   -1.465350
    0.248494    0.262808    0.295504    0.321386    0.369361    0.371902    0.396624    0.441796
    0.444434    0.475371    0.521844    0.569614    0.874321    0.880441    0.909326    0.915328
    1.027356    1.065016    1.073676    1.104516    1.452193    1.486616    1.772749    1.803734
    1.851849    1.854678    1.876418    1.879235    2.066097    2.094546    2.434795    2.435678
    2.468998    2.469900    2.564611    2.582292    2.626316    2.647094    2.902335    2.902796
    2.920744    2.921205    2.960405    2.981150
at  -0.21875   0.46875   0.28125    0.001953
   52 eigenvalues :
   -2.809765   -2.724605   -1.592418   -1.576811   -1.548313   -1.493737   -1.478624   -1.465008
    0.253991    0.272805    0.308234    0.325348    0.330976    0.368747    0.399624    0.420722
    0.440950    0.501069    0.590702    0.634094    0.688390    0.735642    0.868294    0.903698
    1.076045    1.106870    1.260317    1.285573    1.416562    1.451633    1.627344    1.658092
    1.778806    1.806674    2.052829    2.081889    2.249566    2.274107    2.361996    2.391551
    2.405237    2.433685    2.447544    2.468894    2.612093    2.641779    2.760160    2.788510
    2.790089    2.814183    2.910766    2.936797
at  -0.09375   0.40625   0.28125    0.001953
   52 eigenvalues :
   -2.810228   -2.725093   -1.591815   -1.575887   -1.547222   -1.493074   -1.477862   -1.463521
    0.261890    0.293069    0.293992    0.315682    0.344940    0.357324    0.378830    0.403866
    0.454047    0.481349    0.584259    0.633758    0.682428    0.731830    0.801539    0.840177
    1.201688    1.228320    1.336223    1.364085    1.376047    1.398227    1.705815    1.742699
    1.827872    1.855487    2.048747    2.077007    2.113863    2.135448    2.337387    2.350372
    2.357689    2.382681    2.486245    2.507931    2.523891    2.557077    2.603166    2.629763
    2.767089    2.796759    2.926045    2.954269
at  -0.15625   0.40625   0.28125    0.001953
   52 eigenvalues :
   -2.810029   -2.724883   -1.592156   -1.576083   -1.547797   -1.493446   -1.477917   -1.464283
    0.258028    0.282710    0.310605    0.311250    0.335327    0.372571    0.377438    0.412494
    0.446730    0.490958    0.569140    0.617925    0.701268    0.748478    0.837913    0.875224
    1.150493    1.178036    1.301219    1.325881    1.406916    1.436661    1.630483    1.665743
    1.797979    1.825744    2.028751    2.056795    2.211072    2.235127    2.331757    2.358822
    2.406075    2.433490    2.442681    2.468612    2.599703    2.627974    2.638065    2.663117
    2.812618    2.838528    2.857326    2.883349
at   0.03125   0.34375   0.28125    0.001953
   52 eigenvalues :
   -2.810550   -2.725429   -1.591225   -1.575215   -1.546794   -1.492442   -1.477071   -1.463169
    0.264161    0.285979    0.298738    0.322281    0.342347    0.350608    0.387353    0.392163
    0.464979    0.470155    0.615082    0.665044    0.675539    0.723796    0.755581    0.796588
    1.048298    1.079903    1.469442    1.489845    1.514180    1.534272    1.882234    1.908018
    1.939952    1.973828    1.983451    1.997110    2.004079    2.026919    2.146013    2.163030
    2.342628    2.373226    2.407745    2.434209    2.597921    2.628058    2.639729    2.667076
    2.676119    2.700306    2.947826    2.976817
at  -0.03125   0.34375   0.28125    0.001953
   52 eigenvalues :
   -2.810434   -2.725309   -1.591563   -1.575294   -1.546951   -1.492829   -1.477161   -1.463228
    0.263704    0.284740    0.299960    0.318613    0.342415    0.354076    0.382742    0.396260
    0.459246    0.473730    0.581151    0.633608    0.695748    0.743283    0.776025    0.815905
    1.146369    1.176066    1.375652    1.398316    1.448245    1.469706    1.815854    1.851917
    1.859431    1.886692    1.974754    2.000180    2.099477    2.122836    2.239171    2.259269
    2.352401    2.381644    2.413881    2.438964    2.543901    2.575773    2.676313    2.704523
    2.711476    2.745926    2.907701    2.935533
at  -0.09375   0.34375   0.28125    0.001953
   52 eigenvalues :
   -2.810318   -2.725188   -1.591804   -1.575320   -1.547256   -1.493097   -1.477087   -1.463606
    0.261400    0.283272    0.304018    0.311932    0.338879    0.365475    0.376132    0.402614
    0.451056    0.479850    0.544582    0.599505    0.733116    0.778427    0.809151    0.847869
    1.207844    1.234545    1.299411    1.325034    1.411163    1.436053    1.716025    1.752248
    1.826428    1.853282    1.949456    1.976601    2.208603    2.232296    2.263789    2.289018
    2.395628    2.418633    2.430593    2.460821    2.498641    2.526337    2.715960    2.743428
    2.796472    2.808386    2.827076    2.834484
at   0.15625   0.28125   0.28125    0.001953
   52 eigenvalues :
   -2.810669   -2.725552   -1.590757   -1.574953   -1.547005   -1.491957   -1.476412   -1.463921
    0.271743    0.288292    0.288881    0.330361    0.343047    0.343268    0.391547    0.392305
    0.470253    0.470988    0.675892    0.676879    0.722740    0.723363    0.746271    0.787621
    0.860603    0.896134    1.666283    1.666535    1.684371    1.684613    1.884022    1.884570
    1.894448    1.906481    1.907027    1.921272    1.922252    1.937704    2.238886    2.275112
    2.428284    2.429197    2.456368    2.457181    2.524637    2.569385    2.610037    2.611662
    2.638799    2.640461    2.969595    2.998479
at   0.09375   0.28125   0.28125    0.001953
   52 eigenvalues :
   -2.810644   -2.725527   -1.591008   -1.574889   -1.546875   -1.492264   -1.476451   -1.463531
    0.265913    0.286064    0.296282    0.324340    0.341289    0.349053    0.389384    0.391971
    0.467623    0.470429    0.619689    0.670350    0.695098    0.741064    0.752472    0.793496
    0.951884    0.985304    1.555293    1.574024    1.600060    1.619567    1.885567    1.887350
    1.907433    1.912940    1.983655    2.006859    2.040649    2.057471    2.085674    2.122783
    2.340310    2.370239    2.432652    2.458681    2.571549    2.612981    2.632491    2.665315
    2.667693    2.692913    2.953219    2.982235
at   0.03125   0.28125   0.28125    0.001953
   52 eigenvalues :
   -2.810613   -2.725496   -1.591283   -1.574772   -1.546770   -1.492598   -1.476388   -1.463190
    0.261979    0.283479    0.301173    0.317102    0.339651    0.354783    0.384845    0.393466
    0.462180    0.471504    0.567825    0.623282    0.725323    0.769675    0.770895    0.810346
    1.052073    1.083420    1.451047    1.471227    1.534378    1.555206    1.868383    1.882070
    1.891024    1.908842    1.942382    1.979167    2.098298    2.121714    2.132153    2.150992
    2.314020    2.342800    2.405017    2.430779    2.599204    2.633162    2.651605    2.692233
    2.719037    2.745004    2.899550    2.927935
at  -0.03125   0.28125   0.28125    0.001953
   52 eigenvalues :
   -2.810588   -2.725472   -1.591441   -1.574610   -1.546773   -1.492780   -1.476185   -1.463113
    0.258130    0.282140    0.304737    0.306989    0.339501    0.362541    0.377857    0.397032
    0.453811    0.474488    0.524132    0.583752    0.765852    0.798216    0.809731    0.837206
    1.151732    1.180948    1.353418    1.375821    1.474706    1.497770    1.825026    1.832805
    1.856379    1.860201    1.880290    1.910168    2.148159    2.170412    2.222793    2.246433
    2.360805    2.385807    2.409007    2.434405    2.505141    2.538773    2.760615    2.772351
    2.798136    2.799612    2.799809    2.825662
at  -0.28125   0.28125   0.28125    0.000977
   52 eigenvalues :
   -2.810575   -2.725464   -1.590920   -1.574123   -1.547420   -1.492023   -1.475218   -1.464484
    0.237450    0.272349    0.289811    0.348102    0.348390    0.351957    0.379488    0.419008
    0.419162    0.445925    0.456510    0.509691    0.977311    0.977316    1.014625    1.014633
    1.048263    1.082015    1.095109    1.122112    1.671036    1.701431    1.702690    1.704901
    1.726743    1.726797    1.779181    1.811639    2.019182    2.047202    2.312227    2.327341
    2.339360    2.339360    2.372790    2.372791    2.781659    2.803337    2.930800    2.952114
    2.952341    2.952852    2.974009    2.974012
at   0.21875   0.21875   0.28125    0.000977
   52 eigenvalues :
   -2.810678   -2.725562   -1.590694   -1.574903   -1.547101   -1.491905   -1.476231   -1.464171
    0.279086    0.280316    0.289635    0.336181    0.337158    0.343958    0.392022    0.392810
    0.470799    0.471628    0.670060    0.707723    0.717025    0.752927    0.762299    0.799446
    0.804264    0.835324    1.707667    1.723708    1.779449    1.789854    1.800626    1.804897
    1.836387    1.862223    1.892014    1.898582    1.916967    1.917977    2.356831    2.385979
    2.392978    2.418331    2.489592    2.499963    2.522988    2.531590    2.560100    2.593571
    2.604241    2.632574    2.996520    3.025731
at   0.15625   0.21875   0.28125    0.001953
   52 eigenvalues :
   -2.810696   -2.725582   -1.590870   -1.574702   -1.546943   -1.492160   -1.476019   -1.463835
    0.270740    0.279693    0.297001    0.326812    0.337962    0.349163    0.390466    0.392479
    0.468977    0.471201    0.612566    0.663999    0.712821    0.758188    0.789179    0.828172
    0.865949    0.901209    1.615221    1.632190    1.703862    1.723857    1.811587    1.828131
    1.833720    1.850663    1.967903    1.991738    2.007701    2.026299    2.204195    2.239362
    2.304859    2.335606    2.467015    2.493096    2.508777    2.549403    2.648046    2.679573
    2.707419    2.737933    2.988760    3.018287
at   0.09375   0.21875   0.28125    0.001953
   52 eigenvalues :
   -2.810735   -2.725625   -1.591074   -1.574405   -1.546677   -1.492448   -1.475737   -1.463302
    0.261464    0.280510    0.302208    0.314437    0.339797    0.353672    0.387133    0.392484
    0.465038    0.470983    0.556609    0.613923    0.733548    0.778158    0.809671    0.847681
    0.961098    0.994134    1.517616    1.536001    1.633477    1.653996    1.791432    1.816351
    1.849137    1.871468    2.050530    2.058448    2.080498    2.086215    2.100460    2.121147
    2.263495    2.292141    2.424454    2.452087    2.565131    2.605575    2.678396    2.711096
    2.758862    2.787238    2.927591    2.956842
at   0.03125   0.21875   0.28125    0.001953
   52 eigenvalues :
   -2.810795   -2.725691   -1.591150   -1.574047   -1.546419   -1.492561   -1.475362   -1.462849
    0.252075    0.282771    0.299467    0.305075    0.342542    0.359116    0.381265    0.394123
    0.458122    0.472183    0.509512    0.572292    0.764902    0.808355    0.839169    0.876390
    1.063753    1.094533    1.423888    1.444368    1.564764    1.586625    1.761054    1.786798
    1.862614    1.886974    1.931083    1.966391    2.071760    2.094758    2.194689    2.217002
    2.352461    2.369643    2.377190    2.398138    2.567430    2.603572    2.691380    2.726272
    2.799965    2.824779    2.826441    2.854621
at  -0.21875   0.21875   0.28125    0.000977
   52 eigenvalues :
   -2.811067   -2.725984   -1.589990   -1.573042   -1.546330   -1.491029   -1.474016   -1.463286
    0.220866    0.250616    0.302885    0.334361    0.343454    0.366113    0.376159    0.404559
    0.414091    0.424261    0.452319    0.494590    0.980539    1.016964    1.036117    1.072760
    1.081911    1.111190    1.153252    1.181158    1.611294    1.624854    1.636688    1.649262
    1.786940    1.813051    1.819330    1.845073    2.009656    2.037259    2.172088    2.189170
    2.282819    2.315716    2.322426    2.352502    2.827853    2.834135    2.850957    2.856423
    3.024798    3.047753    3.050028    3.072665
at  -0.21875   0.28125   0.21875    0.001953
   52 eigenvalues :
   -2.811067   -2.725984   -1.589957   -1.573112   -1.546290   -1.490967   -1.474165   -1.463203
    0.220866    0.250616    0.302887    0.334330    0.343485    0.366162    0.376091    0.404675
    0.413831    0.424456    0.452280    0.494594    0.980539    1.016975    1.036094    1.072787
    1.081900    1.111186    1.153252    1.181158    1.611291    1.624858    1.636690    1.649259
    1.786933    1.813121    1.819260    1.845080    2.009656    2.037259    2.172088    2.189170
    2.282818    2.315716    2.322426    2.352502    2.827851    2.834139    2.850952    2.856426
    3.024797    3.047787    3.049994    3.072667
at   0.21875   0.15625   0.28125    0.001953
   52 eigenvalues :
   -2.810696   -2.725582   -1.590870   -1.574702   -1.546943   -1.492160   -1.476019   -1.463835
    0.270740    0.279693    0.297001    0.326812    0.337962    0.349163    0.390466    0.392479
    0.468977    0.471201    0.612566    0.663999    0.712821    0.758188    0.789179    0.828172
    0.865949    0.901209    1.615221    1.632190    1.703862    1.723857    1.811587    1.828131
    1.833720    1.850663    1.967903    1.991738    2.007701    2.026299    2.204195    2.239362
    2.304859    2.335606    2.467015    2.493096    2.508777    2.549403    2.648046    2.679573
    2.707419    2.737933    2.988760    3.018287
at   0.15625   0.15625   0.28125    0.001953
   52 eigenvalues :
   -2.810779   -2.725670   -1.590997   -1.574269   -1.546647   -1.492396   -1.475472   -1.463370
    0.262294    0.277460    0.303408    0.313570    0.339155    0.353708    0.388453    0.391857
    0.466617    0.470495    0.552457    0.610416    0.732949    0.777727    0.865888    0.890859
    0.902074    0.925770    1.550225    1.567242    1.705849    1.728228    1.763887    1.782639
    1.790939    1.800320    2.051291    2.075668    2.088583    2.107281    2.110011    2.140639
    2.234774    2.263240    2.460406    2.487811    2.501339    2.541835    2.709384    2.740867
    2.810671    2.842373    2.965233    2.993474
at   0.09375   0.15625   0.28125    0.001953
   52 eigenvalues :
   -2.810908   -2.725810   -1.590993   -1.573732   -1.546233   -1.492457   -1.474854   -1.462757
    0.248885    0.280269    0.294898    0.307578    0.343282    0.358022    0.384918    0.391500
    0.462477    0.469909    0.501934    0.566408    0.759922    0.803880    0.899861    0.934006
    0.981743    1.014664    1.475048    1.493594    1.658817    1.680975    1.709024    1.736310
    1.797011    1.817600    1.988257    2.022324    2.064644    2.089767    2.159807    2.181863
    2.320690    2.344378    2.417266    2.448045    2.532444    2.571098    2.679437    2.710348
    2.843656    2.871110    2.895686    2.926444
at  -0.15625   0.15625   0.28125    0.000977
   52 eigenvalues :
   -2.811515   -2.726458   -1.589215   -1.572065   -1.545250   -1.490246   -1.472916   -1.462042
    0.201411    0.228614    0.310394    0.318080    0.350278    0.373146    0.378461    0.387706
    0.409461    0.421977    0.454161    0.483934    0.957582    0.994446    1.100961    1.104234
    1.129559    1.137360    1.265162    1.292601    1.514980    1.541299    1.550312    1.575495
    1.866295    1.877000    1.898042    1.906722    2.008759    2.037235    2.068974    2.087269
    2.226507    2.259354    2.333754    2.362293    2.748527    2.772375    2.838045    2.863398
    3.003451    3.027948    3.093163    3.132885
at  -0.15625   0.21875   0.21875    0.001953
   52 eigenvalues :
   -2.811554   -2.726501   -1.588979   -1.572081   -1.545167   -1.489916   -1.473020   -1.461980
    0.198734    0.225094    0.311682    0.326163    0.342520    0.370853    0.377639    0.395691
    0.409717    0.414169    0.447385    0.484636    1.017225    1.038756    1.052309    1.072641
    1.162117    1.191881    1.200973    1.228649    1.523367    1.548930    1.587420    1.611836
    1.822891    1.855706    1.894501    1.926065    1.998733    2.027143    2.050977    2.067737
    2.254258    2.270921    2.286165    2.300951    2.781403    2.804364    2.947596    2.968979
    2.971654    2.993196    3.117120    3.148836
at  -0.15625   0.28125   0.15625    0.001953
   52 eigenvalues :
   -2.811515   -2.726458   -1.589091   -1.572330   -1.545092   -1.490021   -1.473462   -1.461738
    0.201411    0.228614    0.310399    0.318064    0.350315    0.373271    0.378204    0.387847
    0.409262    0.422198    0.454090    0.483949    0.957583    0.994446    1.100733    1.104514
    1.129433    1.137435    1.265161    1.292601    1.514979    1.541303    1.550310    1.575495
    1.866266    1.877057    1.897982    1.906754    2.008760    2.037232    2.068978    2.087267
    2.226507    2.259355    2.333754    2.362293    2.748527    2.772375    2.838044    2.863398
    3.003451    3.027948    3.093163    3.132885
at   0.28125   0.09375   0.28125    0.001953
   52 eigenvalues :
   -2.810644   -2.725527   -1.591008   -1.574889   -1.546875   -1.492264   -1.476451   -1.463531
    0.265913    0.286064    0.296282    0.324340    0.341289    0.349053    0.389384    0.391971
    0.467623    0.470429    0.619689    0.670350    0.695098    0.741064    0.752472    0.793496
    0.951884    0.985304    1.555293    1.574024    1.600060    1.619567    1.885567    1.887350
    1.907433    1.912940    1.983655    2.006859    2.040649    2.057471    2.085674    2.122783
    2.340310    2.370239    2.432652    2.458681    2.571549    2.612981    2.632491    2.665315
    2.667693    2.692913    2.953219    2.982235
at   0.21875   0.09375   0.28125    0.001953
   52 eigenvalues :
   -2.810735   -2.725625   -1.591074   -1.574405   -1.546677   -1.492448   -1.475737   -1.463302
    0.261464    0.280510    0.302208    0.314437    0.339797    0.353672    0.387133    0.392484
    0.465038    0.470983    0.556609    0.613923    0.733548    0.778158    0.809671    0.847681
    0.961098    0.994134    1.517616    1.536001    1.633477    1.653996    1.791432    1.816351
    1.849137    1.871468    2.050530    2.058448    2.080498    2.086215    2.100460    2.121147
    2.263495    2.292141    2.424454    2.452087    2.565131    2.605575    2.678396    2.711096
    2.758862    2.787238    2.927591    2.956842
at   0.15625   0.09375   0.28125    0.001953
   52 eigenvalues :
   -2.810908   -2.725810   -1.590993   -1.573732   -1.546233   -1.492457   -1.474854   -1.462757
    0.248885    0.280269    0.294898    0.307578    0.343282    0.358022    0.384918    0.391500
    0.462477    0.469909    0.501934    0.566408    0.759922    0.803880    0.899861    0.934006
    0.981743    1.014664    1.475048    1.493594    1.658817    1.680975    1.709024    1.736310
    1.797011    1.817600    1.988257    2.022324    2.064644    2.089767    2.159807    2.181863
    2.320690    2.344378    2.417266    2.448045    2.532444    2.571098    2.679437    2.710348
    2.843656    2.871110    2.895686    2.926444
at  -0.09375   0.09375   0.28125    0.000977
   52 eigenvalues :
   -2.811854   -2.726818   -1.588674   -1.571323   -1.544375   -1.489736   -1.472080   -1.461002
    0.184927    0.211210    0.305486    0.314713    0.362374    0.374777    0.376001    0.380943
    0.397734    0.436437    0.456873    0.474480    0.940358    0.977644    1.121782    1.143490
    1.171131    1.206559    1.381931    1.408745    1.423513    1.451041    1.496478    1.522514
    1.827189    1.849781    1.922420    1.953767    2.049593    2.059970    2.071175    2.092518
    2.172766    2.206046    2.367867    2.393841    2.681516    2.709037    2.862472    2.890164
    2.909464    2.940141    3.046489    3.081167
at  -0.09375   0.15625   0.21875    0.001953
   52 eigenvalues :
   -2.811963   -2.726934   -1.588213   -1.571225   -1.544160   -1.489132   -1.472050   -1.460848
    0.178517    0.203402    0.311379    0.315793    0.354002    0.372344    0.378485    0.384156
    0.399901    0.426896    0.448682    0.476594    1.003513    1.037956    1.078781    1.109026
    1.214247    1.242708    1.299407    1.327117    1.448393    1.474307    1.540315    1.566817
    1.849630    1.881913    1.898627    1.920208    1.982495    2.005487    2.027647    2.061331
    2.215208    2.246143    2.295854    2.325052    2.723003    2.747086    2.922616    2.939351
    2.948991    2.972214    3.060189    3.093195
at  -0.09375   0.21875   0.15625    0.001953
   52 eigenvalues :
   -2.811963   -2.726934   -1.588118   -1.571427   -1.544038   -1.488971   -1.472443   -1.460631
    0.178518    0.203402    0.311369    0.315800    0.354025    0.372323    0.378472    0.384170
    0.399877    0.426950    0.448645    0.476601    1.003514    1.037954    1.078780    1.109028
    1.214244    1.242712    1.299406    1.327117    1.448393    1.474307    1.540314    1.566817
    1.849630    1.881914    1.898627    1.920209    1.982498    2.005479    2.027654    2.061330
    2.215206    2.246144    2.295855    2.325052    2.723003    2.747085    2.922610    2.939373
    2.948973    2.972216    3.060189    3.093195
at  -0.09375   0.28125   0.09375    0.001953
   52 eigenvalues :
   -2.811854   -2.726818   -1.588404   -1.571892   -1.544034   -1.489285   -1.473157   -1.460417
    0.184927    0.211210    0.305471    0.314726    0.362478    0.374407    0.376346    0.380819
    0.397758    0.436530    0.456769    0.474515    0.940359    0.977643    1.121771    1.143517
    1.171109    1.206565    1.381931    1.408747    1.423507    1.451045    1.496476    1.522515
    1.827189    1.849781    1.922419    1.953768    2.049649    2.059823    2.071283    2.092503
    2.172762    2.206049    2.367867    2.393840    2.681516    2.709036    2.862469    2.890173
    2.909457    2.940142    3.046489    3.081167
at   0.34375   0.03125   0.28125    0.001953
   52 eigenvalues :
   -2.810550   -2.725429   -1.591225   -1.575215   -1.546794   -1.492442   -1.477071   -1.463169
    0.264161    0.285979    0.298738    0.322281    0.342347    0.350608    0.387353    0.392163
    0.464979    0.470155    0.615082    0.665044    0.675539    0.723796    0.755581    0.796588
    1.048298    1.079903    1.469442    1.489845    1.514180    1.534272    1.882234    1.908018
    1.939952    1.973828    1.983451    1.997110    2.004079    2.026919    2.146013    2.163030
    2.342628    2.373226    2.407745    2.434209    2.597921    2.628058    2.639729    2.667076
    2.676119    2.700306    2.947826    2.976817
at   0.28125   0.03125   0.28125    0.001953
   52 eigenvalues :
   -2.810613   -2.725496   -1.591283   -1.574772   -1.546770   -1.492598   -1.476388   -1.463190
    0.261979    0.283479    0.301173    0.317102    0.339651    0.354783    0.384845    0.393466
    0.462180    0.471504    0.567825    0.623282    0.725323    0.769675    0.770895    0.810346
    1.052073    1.083420    1.451047    1.471227    1.534378    1.555206    1.868383    1.882070
    1.891024    1.908842    1.942382    1.979167    2.098298    2.121714    2.132153    2.150992
    2.314020    2.342800    2.405017    2.430779    2.599204    2.633162    2.651605    2.692233
    2.719037    2.745004    2.899550    2.927935
at   0.21875   0.03125   0.28125    0.001953
   52 eigenvalues :
   -2.810795   -2.725691   -1.591150   -1.574047   -1.546419   -1.492561   -1.475362   -1.462849
    0.252075    0.282771    0.299467    0.305075    0.342542    0.359116    0.381265    0.394123
    0.458122    0.472183    0.509512    0.572292    0.764902    0.808355    0.839169    0.876390
    1.063753    1.094533    1.423888    1.444368    1.564764    1.586625    1.761054    1.786798
    1.862614    1.886974    1.931083    1.966391    2.071760    2.094758    2.194689    2.217002
    2.352461    2.369643    2.377190    2.398138    2.567430    2.603572    2.691380    2.726272
    2.799965    2.824779    2.826441    2.854621
at  -0.03125   0.03125   0.28125    0.000977
   52 eigenvalues :
   -2.812037   -2.727011   -1.588405   -1.570925   -1.543884   -1.489495   -1.471629   -1.460408
    0.175720    0.201738    0.298785    0.317472    0.366770    0.373605    0.377486    0.382422
    0.388762    0.448724    0.458574    0.466186    0.931636    0.969194    1.132723    1.151934
    1.242069    1.277738    1.342190    1.369634    1.435245    1.466268    1.520884    1.542739
    1.721571    1.743579    1.970104    2.000649    2.061650    2.081358    2.110035    2.130281
    2.146014    2.164766    2.423719    2.445950    2.608047    2.641788    2.851019    2.880987
    2.917816    2.947213    3.014735    3.047752
at  -0.03125   0.09375   0.21875    0.001953
   52 eigenvalues :
   -2.812234   -2.727221   -1.587733   -1.570656   -1.543458   -1.488663   -1.471398   -1.460041
    0.164737    0.189084    0.304510    0.313862    0.366553    0.373314    0.375031    0.379667
    0.391299    0.441866    0.450904    0.468653    0.990813    1.025521    1.120167    1.145081
    1.247671    1.278631    1.340770    1.367226    1.461134    1.485312    1.498235    1.527700
    1.778013    1.798591    1.885063    1.917053    1.982221    2.006631    2.081200    2.115251
    2.174483    2.205406    2.389050    2.417142    2.647751    2.675311    2.838604    2.870321
    2.914412    2.949161    3.015581    3.045647
at  -0.03125   0.15625   0.15625    0.001953
   52 eigenvalues :
   -2.812304   -2.727295   -1.587403   -1.570746   -1.543202   -1.488229   -1.471640   -1.459748
    0.160945    0.184757    0.309377    0.309683    0.363991    0.372805    0.377207    0.378713
    0.392522    0.438505    0.448840    0.469835    1.041042    1.072136    1.075982    1.106329
    1.282113    1.302965    1.314850    1.324040    1.448153    1.472129    1.550464    1.580490
    1.820200    1.821997    1.838130    1.854472    1.928172    1.956414    2.078826    2.112140
    2.221841    2.251378    2.341778    2.372549    2.674833    2.700087    2.870753    2.871850
    2.898142    2.910912    3.039429    3.075854
at  -0.03125   0.21875   0.09375    0.001953
   52 eigenvalues :
   -2.812234   -2.727221   -1.587483   -1.571180   -1.543140   -1.488287   -1.472313   -1.459546
    0.164737    0.189084    0.304497    0.313874    0.366687    0.372914    0.375500    0.379375
    0.391385    0.441910    0.450854    0.468662    0.990814    1.025519    1.120166    1.145083
    1.247667    1.278634    1.340770    1.367225    1.461138    1.485298    1.498247    1.527698
    1.778013    1.798591    1.885062    1.917053    1.982221    2.006630    2.081199    2.115256
    2.174475    2.205409    2.389050    2.417142    2.647752    2.675310    2.838603    2.870324
    2.914409    2.949162    3.015581    3.045647
at  -0.03125   0.28125   0.03125    0.001953
   52 eigenvalues :
   -2.812037   -2.727011   -1.587948   -1.571881   -1.543308   -1.488809   -1.473259   -1.459541
    0.175720    0.201737    0.298773    0.317482    0.366992    0.373364    0.377566    0.382166
    0.388949    0.448825    0.458420    0.466248    0.931637    0.969193    1.132720    1.151939
    1.242064    1.277741    1.342188    1.369636    1.435248    1.466261    1.520891    1.542735
    1.721571    1.743579    1.970104    2.000650    2.061658    2.081340    2.109996    2.130478
    2.145805    2.164827    2.423719    2.445950    2.608047    2.641787    2.851017    2.880991
    2.917814    2.947214    3.014735    3.047753
at   0.34375  -0.03125   0.28125    0.001953
   52 eigenvalues :
   -2.810434   -2.725309   -1.591563   -1.575294   -1.546951   -1.492829   -1.477161   -1.463228
    0.263704    0.284740    0.299960    0.318613    0.342415    0.354076    0.382742    0.396260
    0.459246    0.473730    0.581151    0.633608    0.695748    0.743283    0.776025    0.815905
    1.146369    1.176066    1.375652    1.398316    1.448245    1.469706    1.815854    1.851917
    1.859431    1.886692    1.974754    2.000180    2.099477    2.122836    2.239171    2.259269
    2.352401    2.381644    2.413881    2.438964    2.543901    2.575773    2.676313    2.704523
    2.711476    2.745926    2.907701    2.935533
at   0.28125  -0.03125   0.28125    0.001953
   52 eigenvalues :
   -2.810588   -2.725472   -1.591441   -1.574610   -1.546773   -1.492780   -1.476185   -1.463113
    0.258130    0.282140    0.304737    0.306989    0.339501    0.362541    0.377857    0.397032
    0.453811    0.474488    0.524132    0.583752    0.765852    0.798216    0.809731    0.837206
    1.151732    1.180948    1.353418    1.375821    1.474706    1.497770    1.825026    1.832805
    1.856379    1.860201    1.880290    1.910168    2.148159    2.170412    2.222793    2.246433
    2.360805    2.385807    2.409007    2.434405    2.505141    2.538773    2.760615    2.772351
    2.798136    2.799612    2.799809    2.825662
at   0.03125  -0.03125   0.28125    0.000977
   52 eigenvalues :
   -2.812037   -2.727011   -1.588405   -1.570925   -1.543884   -1.489495   -1.471629   -1.460408
    0.175720    0.201738    0.298785    0.317472    0.366770    0.373605    0.377486    0.382422
    0.388762    0.448724    0.458574    0.466186    0.931636    0.969194    1.132723    1.151934
    1.242069    1.277738    1.342190    1.369634    1.435245    1.466268    1.520884    1.542739
    1.721571    1.743579    1.970104    2.000649    2.061650    2.081358    2.110035    2.130281
    2.146014    2.164766    2.423719    2.445950    2.608047    2.641788    2.851019    2.880987
    2.917816    2.947213    3.014735    3.047752
at   0.03125   0.03125   0.21875    0.001953
   52 eigenvalues :
   -2.812329   -2.727321   -1.587571   -1.570458   -1.543206   -1.488510   -1.471169   -1.459749
    0.159890    0.184107    0.301426    0.313931    0.369452    0.374243    0.376003    0.379504
    0.385939    0.449896    0.452119    0.463122    0.986507    1.021335    1.139881    1.161102
    1.260338    1.297838    1.326150    1.347214    1.477732    1.510295    1.523960    1.545794
    1.704683    1.726220    1.905961    1.937943    1.972556    1.997344    2.114431    2.145491
    2.148870    2.176986    2.497755    2.520650    2.548941    2.583950    2.803269    2.834290
    2.915342    2.953393    2.989972    3.019730
at   0.03125   0.09375   0.15625    0.001953
   52 eigenvalues :
   -2.812488   -2.727490   -1.587024   -1.570377   -1.542737   -1.487849   -1.471193   -1.459258
    0.151517    0.174918    0.304555    0.308876    0.371605    0.373299    0.375975    0.377362
    0.385915    0.449173    0.450346    0.462985    1.044461    1.075772    1.110497    1.136979
    1.234593    1.271023    1.337560    1.354111    1.522748    1.545839    1.562979    1.595775
    1.722078    1.742362    1.805041    1.837531    1.896184    1.923926    2.130611    2.162603
    2.190388    2.220347    2.468595    2.500797    2.607005    2.634121    2.776226    2.805809
    2.834755    2.873456    2.990781    3.023165
at   0.03125   0.15625   0.09375    0.001953
   52 eigenvalues :
   -2.812488   -2.727490   -1.586866   -1.570706   -1.542535   -1.487640   -1.471715   -1.458977
    0.151517    0.174918    0.304545    0.308885    0.371622    0.373590    0.375790    0.377141
    0.386014    0.448974    0.450566    0.462964    1.044463    1.075765    1.110504    1.136977
    1.234591    1.271025    1.337560    1.354111    1.522750    1.545833    1.562984    1.595774
    1.722077    1.742362    1.805041    1.837531    1.896184    1.923925    2.130608    2.162613
    2.190377    2.220351    2.468596    2.500796    2.607008    2.634119    2.776225    2.805812
    2.834752    2.873456    2.990781    3.023165
at   0.03125   0.21875   0.03125    0.001953
   52 eigenvalues :
   -2.812329   -2.727321   -1.587121   -1.571389   -1.542636   -1.487916   -1.472629   -1.458970
    0.159891    0.184106    0.301415    0.313939    0.369663    0.374206    0.376135    0.378930
    0.386207    0.449656    0.452424    0.463060    0.986508    1.021333    1.139881    1.161104
    1.260333    1.297843    1.326150    1.347214    1.477737    1.510255    1.524004    1.545784
    1.704683    1.726220    1.905961    1.937942    1.972557    1.997343    2.114418    2.145840
    2.148515    2.177006    2.497759    2.520641    2.548950    2.583947    2.803268    2.834291
    2.915341    2.953393    2.989971    3.019730
at   0.03125   0.28125  -0.03125    0.001953
   52 eigenvalues :
   -2.812037   -2.727011   -1.587739   -1.572303   -1.543042   -1.488618   -1.473756   -1.459286
    0.175720    0.201737    0.298772    0.317478    0.367083    0.373131    0.377797    0.382141
    0.388881    0.448743    0.458627    0.466131    0.931636    0.969193    1.132722    1.151936
    1.242063    1.277743    1.342188    1.369637    1.435243    1.466264    1.520892    1.542735
    1.721571    1.743579    1.970104    2.000650    2.061658    2.081340    2.110008    2.130432
    2.145851    2.164814    2.423719    2.445950    2.608047    2.641788    2.851019    2.880988
    2.917816    2.947213    3.014735    3.047752
at  -0.28125   0.59375   0.09375    0.001953
   52 eigenvalues :
   -2.810228   -2.725093   -1.591815   -1.575887   -1.547222   -1.493074   -1.477862   -1.463521
    0.261890    0.293069    0.293992    0.315682    0.344940    0.357324    0.378830    0.403866
    0.454047    0.481349    0.584259    0.633758    0.682428    0.731830    0.801539    0.840177
    1.201688    1.228320    1.336223    1.364085    1.376047    1.398227    1.705815    1.742699
    1.827872    1.855487    2.048747    2.077007    2.113863    2.135448    2.337387    2.350372
    2.357689    2.382681    2.486245    2.507931    2.523891    2.557077    2.603166    2.629763
    2.767089    2.796759    2.926045    2.954269
at   0.34375  -0.09375   0.28125    0.001953
   52 eigenvalues :
   -2.810318   -2.725188   -1.591804   -1.575320   -1.547256   -1.493097   -1.477087   -1.463606
    0.261400    0.283272    0.304018    0.311932    0.338879    0.365475    0.376132    0.402614
    0.451056    0.479850    0.544582    0.599505    0.733116    0.778427    0.809151    0.847869
    1.207844    1.234545    1.299411    1.325034    1.411163    1.436053    1.716025    1.752248
    1.826428    1.853282    1.949456    1.976601    2.208603    2.232296    2.263789    2.289018
    2.395628    2.418633    2.430593    2.460821    2.498641    2.526337    2.715960    2.743428
    2.796472    2.808386    2.827076    2.834484
at   0.09375  -0.09375   0.28125    0.000977
   52 eigenvalues :
   -2.811854   -2.726818   -1.588674   -1.571323   -1.544375   -1.489736   -1.472080   -1.461002
    0.184927    0.211210    0.305486    0.314713    0.362374    0.374777    0.376001    0.380943
    0.397734    0.436437    0.456873    0.474480    0.940358    0.977644    1.121782    1.143490
    1.171131    1.206559    1.381931    1.408745    1.423513    1.451041    1.496478    1.522514
    1.827189    1.849781    1.922420    1.953767    2.049593    2.059970    2.071175    2.092518
    2.172766    2.206046    2.367867    2.393841    2.681516    2.709037    2.862472    2.890164
    2.909464    2.940141    3.046489    3.081167
at   0.09375  -0.03125   0.21875    0.001953
   52 eigenvalues :
   -2.812234   -2.727221   -1.587733   -1.570656   -1.543458   -1.488663   -1.471398   -1.460041
    0.164737    0.189084    0.304510    0.313862    0.366553    0.373314    0.375031    0.379667
    0.391299    0.441866    0.450904    0.468653    0.990813    1.025521    1.120167    1.145081
    1.247671    1.278631    1.340770    1.367226    1.461134    1.485312    1.498235    1.527700
    1.778013    1.798591    1.885063    1.917053    1.982221    2.006631    2.081200    2.115251
    2.174483    2.205406    2.389050    2.417142    2.647751    2.675311    2.838604    2.870321
    2.914412    2.949161    3.015581    3.045647
at   0.09375   0.03125   0.15625    0.001953
   52 eigenvalues :
   -2.812488   -2.727490   -1.587024   -1.570377   -1.542737   -1.487849   -1.471193   -1.459258
    0.151517    0.174918    0.304555    0.308876    0.371605    0.373299    0.375975    0.377362
    0.385915    0.449173    0.450346    0.462985    1.044461    1.075772    1.110497    1.136979
    1.234593    1.271023    1.337560    1.354111    1.522748    1.545839    1.562979    1.595775
    1.722078    1.742362    1.805041    1.837531    1.896184    1.923926    2.130611    2.162603
    2.190388    2.220347    2.468595    2.500797    2.607005    2.634121    2.776226    2.805809
    2.834755    2.873456    2.990781    3.023165
at   0.09375   0.09375   0.09375    0.001953
   52 eigenvalues :
   -2.812577   -2.727584   -1.586650   -1.570540   -1.542322   -1.487417   -1.471497   -1.458781
    0.146937    0.170055    0.305484    0.305764    0.372610    0.373273    0.376341    0.380460
    0.381117    0.449881    0.456372    0.457444    1.089347    1.090774    1.117147    1.118547
    1.202713    1.241721    1.347377    1.361538    1.589735    1.592132    1.615432    1.617577
    1.715344    1.715700    1.744847    1.745363    1.863174    1.891612    2.172921    2.174278
    2.203658    2.205019    2.508403    2.542613    2.664505    2.665637    2.692364    2.693508
    2.798112    2.837788    2.984761    3.017896
at   0.09375   0.15625   0.03125    0.001953
   52 eigenvalues :
   -2.812488   -2.727490   -1.586660   -1.571125   -1.542275   -1.487428   -1.472262   -1.458689
    0.151518    0.174918    0.304545    0.308882    0.371604    0.373986    0.375604    0.376894
    0.386069    0.448584    0.451022    0.462900    1.044464    1.075760    1.110513    1.136972
    1.234590    1.271026    1.337559    1.354111    1.522752    1.545829    1.562985    1.595775
    1.722078    1.742362    1.805041    1.837531    1.896184    1.923925    2.130608    2.162614
    2.190376    2.220351    2.468597    2.500795    2.607007    2.634121    2.776226    2.805809
    2.834755    2.873456    2.990781    3.023165
at   0.09375   0.21875  -0.03125    0.001953
   52 eigenvalues :
   -2.812234   -2.727221   -1.587061   -1.572032   -1.542609   -1.487888   -1.473357   -1.459002
    0.164738    0.189084    0.304497    0.313865    0.366721    0.373178    0.375334    0.379228
    0.391398    0.441801    0.451033    0.468603    0.990813    1.025520    1.120169    1.145080
    1.247666    1.278638    1.340765    1.367230    1.461140    1.485277    1.498265    1.527697
    1.778014    1.798591    1.885063    1.917052    1.982222    2.006630    2.081200    2.115253
    2.174478    2.205408    2.389051    2.417142    2.647751    2.675311    2.838605    2.870320
    2.914412    2.949161    3.015581    3.045647
at   0.09375   0.28125  -0.09375    0.001953
   52 eigenvalues :
   -2.811854   -2.726818   -1.587803   -1.573106   -1.543275   -1.488732   -1.474604   -1.459670
    0.184928    0.211210    0.305467    0.314718    0.362535    0.374381    0.376556    0.380598
    0.397729    0.436485    0.456906    0.474445    0.940358    0.977645    1.121782    1.143493
    1.171122    1.206565    1.381917    1.408800    1.423457    1.451055    1.496476    1.522515
    1.827189    1.849780    1.922420    1.953767    2.049651    2.059823    2.071282    2.092501
    2.172764    2.206048    2.367867    2.393840    2.681516    2.709037    2.862471    2.890165
    2.909464    2.940141    3.046489    3.081167
at  -0.28125   0.53125   0.15625    0.001953
   52 eigenvalues :
   -2.810029   -2.724883   -1.592156   -1.576083   -1.547797   -1.493446   -1.477917   -1.464283
    0.258028    0.282710    0.310605    0.311250    0.335327    0.372571    0.377438    0.412494
    0.446730    0.490958    0.569140    0.617925    0.701268    0.748478    0.837913    0.875224
    1.150493    1.178036    1.301219    1.325881    1.406916    1.436661    1.630483    1.665743
    1.797979    1.825744    2.028751    2.056795    2.211072    2.235127    2.331757    2.358822
    2.406075    2.433490    2.442681    2.468612    2.599703    2.627974    2.638065    2.663117
    2.812618    2.838528    2.857326    2.883349
at   0.15625  -0.15625   0.28125    0.000977
   52 eigenvalues :
   -2.811515   -2.726458   -1.589215   -1.572065   -1.545250   -1.490246   -1.472916   -1.462042
    0.201411    0.228614    0.310394    0.318080    0.350278    0.373146    0.378461    0.387706
    0.409461    0.421977    0.454161    0.483934    0.957582    0.994446    1.100961    1.104234
    1.129559    1.137360    1.265162    1.292601    1.514980    1.541299    1.550312    1.575495
    1.866295    1.877000    1.898042    1.906722    2.008759    2.037235    2.068974    2.087269
    2.226507    2.259354    2.333754    2.362293    2.748527    2.772375    2.838045    2.863398
    3.003451    3.027948    3.093163    3.132885
at   0.15625  -0.09375   0.21875    0.001953
   52 eigenvalues :
   -2.811963   -2.726934   -1.588213   -1.571225   -1.544160   -1.489132   -1.472050   -1.460848
    0.178517    0.203402    0.311379    0.315793    0.354002    0.372344    0.378485    0.384156
    0.399901    0.426896    0.448682    0.476594    1.003513    1.037956    1.078781    1.109026
    1.214247    1.242708    1.299407    1.327117    1.448393    1.474307    1.540315    1.566817
    1.849630    1.881913    1.898627    1.920208    1.982495    2.005487    2.027647    2.061331
    2.215208    2.246143    2.295854    2.325052    2.723003    2.747086    2.922616    2.939351
    2.948991    2.972214    3.060189    3.093195
at   0.15625  -0.03125   0.15625    0.001953
   52 eigenvalues :
   -2.812304   -2.727295   -1.587403   -1.570746   -1.543202   -1.488229   -1.471640   -1.459748
    0.160945    0.184757    0.309377    0.309683    0.363991    0.372805    0.377207    0.378713
    0.392522    0.438505    0.448840    0.469835    1.041042    1.072136    1.075982    1.106329
    1.282113    1.302965    1.314850    1.324040    1.448153    1.472129    1.550464    1.580490
    1.820200    1.821997    1.838130    1.854472    1.928172    1.956414    2.078826    2.112140
    2.221841    2.251378    2.341778    2.372549    2.674833    2.700087    2.870753    2.871850
    2.898142    2.910912    3.039429    3.075854
at   0.15625   0.03125   0.09375    0.001953
   52 eigenvalues :
   -2.812488   -2.727490   -1.586866   -1.570706   -1.542535   -1.487640   -1.471715   -1.458977
    0.151517    0.174918    0.304545    0.308885    0.371622    0.373590    0.375790    0.377141
    0.386014    0.448974    0.450566    0.462964    1.044463    1.075765    1.110504    1.136977
    1.234591    1.271025    1.337560    1.354111    1.522750    1.545833    1.562984    1.595774
    1.722077    1.742362    1.805041    1.837531    1.896184    1.923925    2.130608    2.162613
    2.190377    2.220351    2.468596    2.500796    2.607008    2.634119    2.776225    2.805812
    2.834752    2.873456    2.990781    3.023165
at   0.15625   0.09375   0.03125    0.001953
   52 eigenvalues :
   -2.812488   -2.727490   -1.586660   -1.571125   -1.542275   -1.487428   -1.472262   -1.458689
    0.151518    0.174918    0.304545    0.308882    0.371604    0.373986    0.375604    0.376894
    0.386069    0.448584    0.451022    0.462900    1.044464    1.075760    1.110513    1.136972
    1.234590    1.271026    1.337559    1.354111    1.522752    1.545829    1.562985    1.595775
    1.722078    1.742362    1.805041    1.837531    1.896184    1.923925    2.130608    2.162614
    2.190376    2.220351    2.468597    2.500795    2.607007    2.634121    2.776226    2.805809
    2.834755    2.873456    2.990781    3.023165
at   0.15625   0.15625  -0.03125    0.001953
   52 eigenvalues :
   -2.812304   -2.727295   -1.586814   -1.571942   -1.542461   -1.487623   -1.473207   -1.458920
    0.160946    0.184757    0.309407    0.309642    0.364018    0.373333    0.376607    0.378696
    0.392582    0.438421    0.448982    0.469789    1.041044    1.072056    1.076069    1.106321
    1.282084    1.303103    1.314662    1.324120    1.448156    1.472126    1.550463    1.580491
    1.820215    1.821980    1.838133    1.854472    1.928172    1.956413    2.078826    2.112139
    2.221841    2.251378    2.341779    2.372548    2.674833    2.700087    2.870887    2.871708
    2.898156    2.910906    3.039429    3.075854
at   0.15625   0.21875  -0.09375    0.001953
   52 eigenvalues :
   -2.811963   -2.726934   -1.587328   -1.573015   -1.543055   -1.488221   -1.474412   -1.459597
    0.178518    0.203402    0.311368    0.315779    0.354056    0.372743    0.378072    0.384075
    0.399914    0.426924    0.448737    0.476564    1.003511    1.037960    1.078779    1.109026
    1.214241    1.242721    1.299395    1.327123    1.448392    1.474310    1.540309    1.566821
    1.849630    1.881913    1.898628    1.920208    1.982499    2.005478    2.027655    2.061329
    2.215207    2.246145    2.295853    2.325053    2.723003    2.747085    2.922619    2.939339
    2.949002    2.972212    3.060189    3.093194
at   0.15625   0.28125  -0.15625    0.001953
   52 eigenvalues :
   -2.811515   -2.726458   -1.588171   -1.574171   -1.543953   -1.489171   -1.475699   -1.460570
    0.201412    0.228614    0.310375    0.318063    0.350350    0.373772    0.377766    0.387701
    0.409297    0.422187    0.454175    0.483911    0.957579    0.994452    1.100950    1.104238
    1.129557    1.137370    1.265156    1.292604    1.514966    1.541400    1.550210    1.575511
    1.866293    1.877005    1.898039    1.906722    2.008760    2.037232    2.068978    2.087268
    2.226506    2.259355    2.333753    2.362293    2.748527    2.772375    2.838044    2.863398
    3.003451    3.027948    3.093163    3.132885
at  -0.28125   0.53125   0.21875    0.001953
   52 eigenvalues :
   -2.809765   -2.724605   -1.592418   -1.576811   -1.548313   -1.493737   -1.478624   -1.465008
    0.253991    0.272805    0.308234    0.325348    0.330976    0.368747    0.399624    0.420722
    0.440950    0.501069    0.590702    0.634094    0.688390    0.735642    0.868294    0.903698
    1.076045    1.106870    1.260317    1.285573    1.416562    1.451633    1.627344    1.658092
    1.778806    1.806674    2.052829    2.081889    2.249566    2.274107    2.361996    2.391551
    2.405237    2.433685    2.447544    2.468894    2.612093    2.641779    2.760160    2.788510
    2.790089    2.814183    2.910766    2.936797
at  -0.28125   0.28125   0.21875    0.000977
   52 eigenvalues :
   -2.811067   -2.725984   -1.589990   -1.573042   -1.546330   -1.491029   -1.474016   -1.463286
    0.220866    0.250616    0.302885    0.334361    0.343454    0.366113    0.376159    0.404559
    0.414091    0.424261    0.452319    0.494590    0.980539    1.016964    1.036117    1.072760
    1.081911    1.111190    1.153252    1.181158    1.611294    1.624854    1.636688    1.649262
    1.786940    1.813051    1.819330    1.845073    2.009656    2.037259    2.172088    2.189170
    2.282819    2.315716    2.322426    2.352502    2.827853    2.834135    2.850957    2.856423
    3.024798    3.047753    3.050028    3.072665
at  -0.21875   0.28125   0.15625    0.001953
   52 eigenvalues :
   -2.811554   -2.726501   -1.588979   -1.572081   -1.545167   -1.489916   -1.473020   -1.461980
    0.198734    0.225094    0.311682    0.326163    0.342520    0.370853    0.377639    0.395691
    0.409717    0.414169    0.447385    0.484636    1.017225    1.038756    1.052309    1.072641
    1.162117    1.191881    1.200973    1.228649    1.523367    1.548930    1.587420    1.611836
    1.822891    1.855706    1.894501    1.926065    1.998733    2.027143    2.050977    2.067737
    2.254258    2.270921    2.286165    2.300951    2.781403    2.804364    2.947596    2.968979
    2.971654    2.993196    3.117120    3.148836
at  -0.15625   0.28125   0.09375    0.001953
   52 eigenvalues :
   -2.811963   -2.726934   -1.588118   -1.571427   -1.544038   -1.488971   -1.472443   -1.460631
    0.178518    0.203402    0.311369    0.315800    0.354025    0.372323    0.378472    0.384170
    0.399877    0.426950    0.448645    0.476601    1.003514    1.037954    1.078780    1.109028
    1.214244    1.242712    1.299406    1.327117    1.448393    1.474307    1.540314    1.566817
    1.849630    1.881914    1.898627    1.920209    1.982498    2.005479    2.027654    2.061330
    2.215206    2.246144    2.295855    2.325052    2.723003    2.747085    2.922610    2.939373
    2.948973    2.972216    3.060189    3.093195
at  -0.09375   0.28125   0.03125    0.001953
   52 eigenvalues :
   -2.812234   -2.727221   -1.587483   -1.571180   -1.543140   -1.488287   -1.472313   -1.459546
    0.164737    0.189084    0.304497    0.313874    0.366687    0.372914    0.375500    0.379375
    0.391385    0.441910    0.450854    0.468662    0.990814    1.025519    1.120166    1.145083
    1.247667    1.278634    1.340770    1.367225    1.461138    1.485298    1.498247    1.527698
    1.778013    1.798591    1.885062    1.917053    1.982221    2.006630    2.081199    2.115256
    2.174475    2.205409    2.389050    2.417142    2.647752    2.675310    2.838603    2.870324
    2.914409    2.949162    3.015581    3.045647
at  -0.03125   0.28125  -0.03125    0.001953
   52 eigenvalues :
   -2.812329   -2.727321   -1.587121   -1.571389   -1.542636   -1.487916   -1.472629   -1.458970
    0.159891    0.184106    0.301415    0.313939    0.369663    0.374206    0.376135    0.378930
    0.386207    0.449656    0.452424    0.463060    0.986508    1.021333    1.139881    1.161104
    1.260333    1.297843    1.326150    1.347214    1.477737    1.510255    1.524004    1.545784
    1.704683    1.726220    1.905961    1.937942    1.972557    1.997343    2.114418    2.145840
    2.148515    2.177006    2.497759    2.520641    2.548950    2.583947    2.803268    2.834291
    2.915341    2.953393    2.989971    3.019730
at   0.21875   0.09375  -0.03125    0.001953
   52 eigenvalues :
   -2.812234   -2.727221   -1.587061   -1.572032   -1.542609   -1.487888   -1.473357   -1.459002
    0.164738    0.189084    0.304497    0.313865    0.366721    0.373178    0.375334    0.379228
    0.391398    0.441801    0.451033    0.468603    0.990813    1.025520    1.120169    1.145080
    1.247666    1.278638    1.340765    1.367230    1.461140    1.485277    1.498265    1.527697
    1.778014    1.798591    1.885063    1.917052    1.982222    2.006630    2.081200    2.115253
    2.174478    2.205408    2.389051    2.417142    2.647751    2.675311    2.838605    2.870320
    2.914412    2.949161    3.015581    3.045647
at   0.21875   0.15625  -0.09375    0.001953
   52 eigenvalues :
   -2.811963   -2.726934   -1.587328   -1.573015   -1.543055   -1.488221   -1.474412   -1.459597
    0.178518    0.203402    0.311368    0.315779    0.354056    0.372743    0.378072    0.384075
    0.399914    0.426924    0.448737    0.476564    1.003511    1.037960    1.078779    1.109026
    1.214241    1.242721    1.299395    1.327123    1.448392    1.474310    1.540309    1.566821
    1.849630    1.881913    1.898628    1.920208    1.982499    2.005478    2.027655    2.061329
    2.215207    2.246145    2.295853    2.325053    2.723003    2.747085    2.922619    2.939339
    2.949002    2.972212    3.060189    3.093194
at   0.21875   0.21875  -0.15625    0.001953
   52 eigenvalues :
   -2.811554   -2.726501   -1.587930   -1.574174   -1.543883   -1.488915   -1.475648   -1.460593
    0.198735    0.225093    0.311669    0.326108    0.342605    0.371340    0.377163    0.395521
    0.409590    0.414422    0.447426    0.484612    1.017177    1.038931    1.052146    1.072677
    1.162103    1.191977    1.200874    1.228664    1.523360    1.548947    1.587400    1.611844
    1.822891    1.855706    1.894504    1.926063    1.998734    2.027143    2.050978    2.067737
    2.254248    2.270953    2.286131    2.300963    2.781403    2.804364    2.947599    2.968948
    2.971685    2.993194    3.117120    3.148836
at   0.21875   0.28125  -0.21875    0.001953
   52 eigenvalues :
   -2.811067   -2.725984   -1.588850   -1.575311   -1.544945   -1.489938   -1.476879   -1.461770
    0.220868    0.250615    0.302869    0.334245    0.343601    0.366481    0.375785    0.404385
    0.414026    0.424508    0.452321    0.494571    0.980503    1.017132    1.035943    1.072835
    1.081880    1.111188    1.153248    1.181161    1.611213    1.625135    1.636396    1.649353
    1.786944    1.813051    1.819327    1.845073    2.009656    2.037259    2.172088    2.189171
    2.282816    2.315741    2.322400    2.352505    2.827850    2.834140    2.850951    2.856427
    3.024797    3.047785    3.049996    3.072667
at   0.28125   0.28125  -0.28125    0.000488
   52 eigenvalues :
   -2.810575   -2.725464   -1.589809   -1.576328   -1.546074   -1.490991   -1.477956   -1.463028
    0.237452    0.272347    0.289798    0.347201    0.348997    0.352427    0.379336    0.417710
    0.420387    0.446014    0.456501    0.509674    0.974597    0.980492    1.011507    1.017285
    1.048266    1.082015    1.095113    1.122110    1.671072    1.699992    1.704123    1.705084
    1.725275    1.728052    1.779181    1.811639    2.019182    2.047202    2.312227    2.327341
    2.338905    2.339828    2.372322    2.373247    2.781659    2.803337    2.930803    2.951695
    2.952757    2.952870    2.973592    2.974410
at   0.40625   0.40625  -0.28125    0.001953
   52 eigenvalues :
   -2.809293   -2.724108   -1.593123   -1.577719   -1.549505   -1.494499   -1.479418   -1.466539
    0.250831    0.250922    0.304791    0.306344    0.354644    0.398664    0.411917    0.424818
    0.475153    0.490952    0.657317    0.697181    0.732509    0.760265    0.770912    0.796560
    1.103892    1.134396    1.136537    1.165206    1.299268    1.336824    1.697239    1.726599
    1.919242    1.947870    2.052854    2.078428    2.181887    2.208779    2.388389    2.416144
    2.446243    2.477691    2.573241    2.599335    2.731651    2.740442    2.755055    2.762893
    2.819299    2.843298    2.894751    2.925297
at  -0.15625   0.46875   0.21875    0.001953
   52 eigenvalues :
   -2.810160   -2.725022   -1.591925   -1.576070   -1.547214   -1.493211   -1.478011   -1.463541
    0.247643    0.295611    0.300038    0.311089    0.346715    0.364330    0.378916    0.422058
    0.437037    0.502242    0.540496    0.587759    0.680458    0.731665    0.922902    0.957605
    1.086461    1.114040    1.360310    1.382846    1.453648    1.484351    1.606092    1.638547
    1.706164    1.737326    2.104318    2.135171    2.200717    2.222755    2.292324    2.312455
    2.329182    2.359490    2.499774    2.529893    2.588322    2.616661    2.715927    2.717000
    2.740218    2.742195    2.901898    2.929886
at  -0.03125   0.40625   0.21875    0.001953
   52 eigenvalues :
   -2.810505   -2.725384   -1.591442   -1.575379   -1.546497   -1.492671   -1.477401   -1.462610
    0.249309    0.287460    0.301766    0.313664    0.351176    0.363095    0.378904    0.401871
    0.454886    0.479296    0.546214    0.599292    0.678738    0.730468    0.851347    0.887396
    1.134232    1.162044    1.369079    1.394920    1.482674    1.503346    1.734302    1.761715
    1.822644    1.858953    2.031832    2.050470    2.097555    2.126883    2.287020    2.296656
    2.308867    2.328336    2.424734    2.445453    2.589230    2.621819    2.639139    2.669569
    2.686717    2.717032    2.961880    2.991390
at  -0.09375   0.40625   0.21875    0.001953
   52 eigenvalues :
   -2.810377   -2.725250   -1.591707   -1.575465   -1.546817   -1.492966   -1.477415   -1.462988
    0.247222    0.296121    0.298570    0.307443    0.354468    0.365051    0.371846    0.411752
    0.446004    0.489608    0.528101    0.581132    0.691238    0.741673    0.887762    0.923048
    1.148980    1.174717    1.363867    1.392074    1.426831    1.450036    1.683952    1.713549
    1.739400    1.773761    2.060159    2.085867    2.156575    2.180415    2.271670    2.297032
    2.335528    2.364684    2.484847    2.509087    2.573416    2.600870    2.638865    2.666791
    2.738843    2.767085    2.882306    2.910848
at   0.09375   0.34375   0.21875    0.001953
   52 eigenvalues :
   -2.810668   -2.725553   -1.590944   -1.575027   -1.546611   -1.492130   -1.476802   -1.463094
    0.261311    0.280084    0.307214    0.316341    0.339856    0.357854    0.388315    0.392431
    0.466362    0.470989    0.593563    0.644852    0.684584    0.733785    0.802786    0.840794
    0.955562    0.988649    1.528220    1.547295    1.624331    1.644212    1.801109    1.827491
    1.891648    1.909476    1.999842    2.025136    2.086210    2.117276    2.123470    2.135514
    2.294702    2.325697    2.402030    2.426380    2.546646    2.587256    2.631740    2.663282
    2.752634    2.783184    2.996324    3.025990
at   0.03125   0.34375   0.21875    0.001953
   52 eigenvalues :
   -2.810632   -2.725517   -1.591201   -1.574996   -1.546474   -1.492428   -1.476866   -1.462717
    0.253970    0.282220    0.306973    0.312467    0.343596    0.362289    0.384028    0.394701
    0.461206    0.472747    0.555638    0.610450    0.693383    0.742543    0.825329    0.862397
    1.052589    1.083345    1.437679    1.459206    1.553205    1.573604    1.770325    1.797141
    1.919655    1.945190    1.956632    1.986195    2.082234    2.108954    2.208024    2.229752
    2.301681    2.329875    2.372032    2.396702    2.598373    2.627691    2.634426    2.662362
    2.735382    2.764142    2.947473    2.976397
at  -0.03125   0.34375   0.21875    0.001953
   52 eigenvalues :
   -2.810601   -2.725486   -1.591362   -1.574882   -1.546474   -1.492612   -1.476730   -1.462632
    0.248736    0.286832    0.298471    0.311614    0.347904    0.364559    0.377413    0.400004
    0.453223    0.477377    0.517047    0.575951    0.721301    0.768591    0.858467    0.894706
    1.141018    1.168991    1.358960    1.383780    1.488778    1.510877    1.733050    1.760097
    1.824682    1.859478    1.962805    1.987796    2.134066    2.157666    2.244894    2.270946
    2.330322    2.356618    2.436852    2.459554    2.511447    2.543546    2.722830    2.741904
    2.752642    2.774915    2.838384    2.866222
at   0.21875   0.28125   0.21875    0.001953
   52 eigenvalues :
   -2.810678   -2.725562   -1.590658   -1.574973   -1.547063   -1.491835   -1.476379   -1.464095
    0.279079    0.280328    0.289629    0.336148    0.337179    0.343974    0.392217    0.392608
    0.470991    0.471439    0.670059    0.707751    0.716985    0.752971    0.762262    0.799506
    0.804205    0.835329    1.707667    1.723708    1.779449    1.789854    1.800626    1.804897
    1.836385    1.862226    1.892023    1.898561    1.917096    1.917858    2.356791    2.386422
    2.392520    2.418384    2.489591    2.499963    2.522989    2.531590    2.560092    2.593671
    2.604132    2.632593    2.996520    3.025731
at   0.15625   0.28125   0.21875    0.001953
   52 eigenvalues :
   -2.810696   -2.725582   -1.590771   -1.574898   -1.546834   -1.491971   -1.476423   -1.463631
    0.270743    0.279691    0.296997    0.326794    0.337983    0.349171    0.390615    0.392312
    0.469126    0.471061    0.612566    0.663999    0.712822    0.758188    0.789174    0.828181
    0.865941    0.901212    1.615221    1.632190    1.703862    1.723857    1.811586    1.828136
    1.833716    1.850664    1.967903    1.991736    2.007703    2.026298    2.204193    2.239367
    2.304853    2.335609    2.467015    2.493097    2.508777    2.549402    2.648043    2.679589
    2.707400    2.737939    2.988760    3.018287
at   0.09375   0.28125   0.21875    0.001953
   52 eigenvalues :
   -2.810735   -2.725625   -1.590933   -1.574691   -1.546515   -1.492181   -1.476306   -1.463014
    0.261467    0.280505    0.302207    0.314427    0.339822    0.353666    0.387186    0.392415
    0.465101    0.470931    0.556608    0.613923    0.733549    0.778157    0.809669    0.847683
    0.961096    0.994135    1.517615    1.536001    1.633477    1.653996    1.791432    1.816352
    1.849137    1.871468    2.050508    2.058491    2.080446    2.086229    2.100486    2.121139
    2.263495    2.292141    2.424454    2.452087    2.565132    2.605573    2.678397    2.711099
    2.758857    2.787240    2.927591    2.956842
at   0.03125   0.28125   0.21875    0.001953
   52 eigenvalues :
   -2.810795   -2.725691   -1.590990   -1.574379   -1.546228   -1.492263   -1.476007   -1.462521
    0.252077    0.282766    0.299459    0.305081    0.342563    0.359103    0.381275    0.394100
    0.458146    0.472169    0.509509    0.572293    0.764903    0.808353    0.839168    0.876391
    1.063752    1.094534    1.423888    1.444368    1.564765    1.586625    1.761053    1.786800
    1.862616    1.886970    1.931085    1.966391    2.071760    2.094759    2.194689    2.217002
    2.352461    2.369644    2.377189    2.398138    2.567430    2.603572    2.691380    2.726272
    2.799966    2.824741    2.826481    2.854619
at   0.21875   0.21875   0.21875    0.001953
   52 eigenvalues :
   -2.810707   -2.725593   -1.590699   -1.574854   -1.546925   -1.491906   -1.476260   -1.463864
    0.279173    0.279227    0.288401    0.337401    0.337497    0.338824    0.391596    0.392219
    0.470322    0.470948    0.615164    0.667259    0.766981    0.768616    0.808567    0.810318
    0.811193    0.846053    1.667174    1.681924    1.770065    1.770262    1.790494    1.790680
    1.801796    1.826735    1.955571    1.956012    1.976916    1.977356    2.279039    2.281438
    2.311328    2.313632    2.483244    2.525834    2.582684    2.583483    2.608966    2.609797
    2.685465    2.721359    2.995962    3.024953
at   0.15625   0.21875   0.21875    0.001953
   52 eigenvalues :
   -2.810793   -2.725685   -1.590762   -1.574518   -1.546559   -1.492032   -1.475922   -1.463272
    0.271687    0.279838    0.289087    0.323102    0.338577    0.342540    0.389407    0.391537
    0.467769    0.470136    0.555386    0.614188    0.784563    0.808898    0.825934    0.847131
    0.877905    0.912991    1.581077    1.596651    1.717475    1.738440    1.762732    1.785150
    1.801545    1.826409    2.027470    2.033277    2.048916    2.057378    2.140319    2.170859
    2.213292    2.242407    2.492290    2.530336    2.567308    2.599626    2.695641    2.723369
    2.777032    2.812521    2.925392    2.954031
at   0.09375   0.21875   0.21875    0.001953
   52 eigenvalues :
   -2.810928   -2.725830   -1.590711   -1.574029   -1.546091   -1.492021   -1.475414   -1.462570
    0.257441    0.281702    0.292967    0.301220    0.341229    0.349710    0.384948    0.391619
    0.462555    0.470012    0.505365    0.570321    0.812234    0.836928    0.852943    0.874199
    0.977930    1.010916    1.490682    1.507875    1.653027    1.674624    1.752157    1.776094
    1.814126    1.840198    1.974998    1.997965    2.008172    2.022285    2.175231    2.197021
    2.285431    2.309867    2.451408    2.483586    2.579403    2.619796    2.747918    2.777989
    2.780128    2.809473    2.820267    2.846157
at  -0.21875   0.21875   0.21875    0.000977
   52 eigenvalues :
   -2.811595   -2.726544   -1.588811   -1.571966   -1.545165   -1.489700   -1.472840   -1.462080
    0.195445    0.221182    0.319733    0.333576    0.333672    0.360866    0.386184    0.403464
    0.404055    0.410622    0.436597    0.485024    1.082594    1.091546    1.091551    1.111481
    1.128403    1.128486    1.146102    1.170893    1.576091    1.576092    1.600386    1.600387
    1.793740    1.827704    1.902001    1.935252    1.968266    1.994915    2.080508    2.094559
    2.227309    2.227309    2.259925    2.259925    2.889708    2.910063    2.974654    2.997760
    3.032862    3.032863    3.059847    3.059848
at   0.28125   0.15625   0.21875    0.001953
   52 eigenvalues :
   -2.810696   -2.725582   -1.590771   -1.574898   -1.546834   -1.491971   -1.476423   -1.463631
    0.270743    0.279691    0.296997    0.326794    0.337983    0.349171    0.390615    0.392312
    0.469126    0.471061    0.612566    0.663999    0.712822    0.758188    0.789174    0.828181
    0.865941    0.901212    1.615221    1.632190    1.703862    1.723857    1.811586    1.828136
    1.833716    1.850664    1.967903    1.991736    2.007703    2.026298    2.204193    2.239367
    2.304853    2.335609    2.467015    2.493097    2.508777    2.549402    2.648043    2.679589
    2.707400    2.737939    2.988760    3.018287
at   0.21875   0.15625   0.21875    0.001953
   52 eigenvalues :
   -2.810793   -2.725685   -1.590762   -1.574518   -1.546559   -1.492032   -1.475922   -1.463272
    0.271687    0.279838    0.289087    0.323102    0.338577    0.342540    0.389407    0.391537
    0.467769    0.470136    0.555386    0.614188    0.784563    0.808898    0.825934    0.847131
    0.877905    0.912991    1.581077    1.596651    1.717475    1.738440    1.762732    1.785150
    1.801545    1.826409    2.027470    2.033277    2.048916    2.057378    2.140319    2.170859
    2.213292    2.242407    2.492290    2.530336    2.567308    2.599626    2.695641    2.723369
    2.777032    2.812521    2.925392    2.954031
at   0.15625   0.15625   0.21875    0.001953
   52 eigenvalues :
   -2.810975   -2.725880   -1.590607   -1.573899   -1.546046   -1.491936   -1.475176   -1.462613
    0.261630    0.279932    0.287394    0.302302    0.342079    0.344277    0.387255    0.390045
    0.465256    0.468390    0.504088    0.569766    0.818633    0.858296    0.882123    0.911879
    0.918229    0.947311    1.522278    1.537524    1.714262    1.737999    1.741906    1.763060
    1.770703    1.796753    1.967960    1.983423    1.999078    2.009705    2.185220    2.208225
    2.250921    2.274812    2.519205    2.560047    2.561476    2.592810    2.733712    2.766632
    2.797549    2.825927    2.876044    2.901544
at  -0.15625   0.15625   0.21875    0.000977
   52 eigenvalues :
   -2.812077   -2.727055   -1.587804   -1.570985   -1.544010   -1.488611   -1.471759   -1.460820
    0.170526    0.194532    0.322627    0.323993    0.342336    0.357810    0.390725    0.394062
    0.401695    0.413204    0.432992    0.478303    1.066500    1.097902    1.141040    1.153297
    1.167561    1.188476    1.235337    1.263251    1.510401    1.520366    1.536326    1.545960
    1.822250    1.856210    1.947205    1.956780    1.968077    1.982202    2.009183    2.037951
    2.170997    2.203637    2.213383    2.244513    2.814189    2.835941    2.979743    3.002662
    3.009329    3.035509    3.150189    3.178358
at  -0.15625   0.21875   0.15625    0.001953
   52 eigenvalues :
   -2.812077   -2.727055   -1.587767   -1.571061   -1.543966   -1.488551   -1.471905   -1.460739
    0.170526    0.194532    0.322634    0.323980    0.342353    0.357800    0.390548    0.394435
    0.401379    0.413356    0.432959    0.478305    1.066501    1.097899    1.140989    1.153439
    1.167431    1.188520    1.235331    1.263253    1.510397    1.520375    1.536318    1.545963
    1.822249    1.856210    1.947205    1.956780    1.968078    1.982199    2.009185    2.037951
    2.170994    2.203643    2.213380    2.244513    2.814189    2.835940    2.979736    3.002703
    3.009291    3.035512    3.150189    3.178358
at   0.34375   0.09375   0.21875    0.001953
   52 eigenvalues :
   -2.810668   -2.725553   -1.590944   -1.575027   -1.546611   -1.492130   -1.476802   -1.463094
    0.261311    0.280084    0.307214    0.316341    0.339856    0.357854    0.388315    0.392431
    0.466362    0.470989    0.593563    0.644852    0.684584    0.733785    0.802786    0.840794
    0.955562    0.988649    1.528220    1.547295    1.624331    1.644212    1.801109    1.827491
    1.891648    1.909476    1.999842    2.025136    2.086210    2.117276    2.123470    2.135514
    2.294702    2.325697    2.402030    2.426380    2.546646    2.587256    2.631740    2.663282
    2.752634    2.783184    2.996324    3.025990
at   0.28125   0.09375   0.21875    0.001953
   52 eigenvalues :
   -2.810735   -2.725625   -1.590933   -1.574691   -1.546515   -1.492181   -1.476306   -1.463014
    0.261467    0.280505    0.302207    0.314427    0.339822    0.353666    0.387186    0.392415
    0.465101    0.470931    0.556608    0.613923    0.733549    0.778157    0.809669    0.847683
    0.961096    0.994135    1.517615    1.536001    1.633477    1.653996    1.791432    1.816352
    1.849137    1.871468    2.050508    2.058491    2.080446    2.086229    2.100486    2.121139
    2.263495    2.292141    2.424454    2.452087    2.565132    2.605573    2.678397    2.711099
    2.758857    2.787240    2.927591    2.956842
at   0.21875   0.09375   0.21875    0.001953
   52 eigenvalues :
   -2.810928   -2.725830   -1.590711   -1.574029   -1.546091   -1.492021   -1.475414   -1.462570
    0.257441    0.281702    0.292967    0.301220    0.341229    0.349710    0.384948    0.391619
    0.462555    0.470012    0.505365    0.570321    0.812234    0.836928    0.852943    0.874199
    0.977930    1.010916    1.490682    1.507875    1.653027    1.674624    1.752157    1.776094
    1.814126    1.840198    1.974998    1.997965    2.008172    2.022285    2.175231    2.197021
    2.285431    2.309867    2.451408    2.483586    2.579403    2.619796    2.747918    2.777989
    2.780128    2.809473    2.820267    2.846157
at  -0.09375   0.09375   0.21875    0.000977
   52 eigenvalues :
   -2.812442   -2.727442   -1.587080   -1.570245   -1.543076   -1.487864   -1.470939   -1.459763
    0.151391    0.174771    0.313225    0.319532    0.358606    0.359744    0.383296    0.387177
    0.394053    0.431950    0.435005    0.471478    1.050041    1.082019    1.166591    1.188710
    1.218603    1.250984    1.355839    1.382092    1.436286    1.464536    1.472871    1.500191
    1.827409    1.845460    1.869789    1.903228    1.960207    1.987454    2.035677    2.066268
    2.114484    2.147710    2.298206    2.328813    2.720000    2.744075    2.879908    2.916025
    2.948859    2.985574    3.138866    3.170073
at  -0.09375   0.15625   0.15625    0.001953
   52 eigenvalues :
   -2.812515   -2.727520   -1.586797   -1.570202   -1.542887   -1.487500   -1.470955   -1.459580
    0.146827    0.169903    0.319434    0.320105    0.353963    0.354473    0.389119    0.389711
    0.395431    0.426391    0.429074    0.472662    1.096291    1.124369    1.142219    1.171787
    1.244508    1.270795    1.299609    1.328143    1.444126    1.471102    1.506667    1.534919
    1.829366    1.856329    1.863343    1.871799    1.939828    1.968074    2.019578    2.053082
    2.144550    2.176028    2.229587    2.261348    2.741696    2.765656    2.923834    2.957736
    2.963035    2.993120    3.165376    3.195332
at  -0.09375   0.21875   0.09375    0.001953
   52 eigenvalues :
   -2.812442   -2.727442   -1.586942   -1.570534   -1.542901   -1.487656   -1.471456   -1.459478
    0.151391    0.174771    0.313208    0.319551    0.358606    0.359754    0.383471    0.386832
    0.394215    0.431998    0.434953    0.471480    1.050042    1.082017    1.166584    1.188730
    1.218583    1.250992    1.355839    1.382092    1.436275    1.464588    1.472826    1.500194
    1.827409    1.845460    1.869789    1.903228    1.960207    1.987454    2.035675    2.066276
    2.114474    2.147715    2.298207    2.328813    2.720001    2.744074    2.879907    2.916030
    2.948853    2.985576    3.138866    3.170073
at   0.34375   0.03125   0.21875    0.001953
   52 eigenvalues :
   -2.810632   -2.725517   -1.591201   -1.574996   -1.546474   -1.492428   -1.476866   -1.462717
    0.253970    0.282220    0.306973    0.312467    0.343596    0.362289    0.384028    0.394701
    0.461206    0.472747    0.555638    0.610450    0.693383    0.742543    0.825329    0.862397
    1.052589    1.083345    1.437679    1.459206    1.553205    1.573604    1.770325    1.797141
    1.919655    1.945190    1.956632    1.986195    2.082234    2.108954    2.208024    2.229752
    2.301681    2.329875    2.372032    2.396702    2.598373    2.627691    2.634426    2.662362
    2.735382    2.764142    2.947473    2.976397
at   0.28125   0.03125   0.21875    0.001953
   52 eigenvalues :
   -2.810795   -2.725691   -1.590990   -1.574379   -1.546228   -1.492263   -1.476007   -1.462521
    0.252077    0.282766    0.299459    0.305081    0.342563    0.359103    0.381275    0.394100
    0.458146    0.472169    0.509509    0.572293    0.764903    0.808353    0.839168    0.876391
    1.063752    1.094534    1.423888    1.444368    1.564765    1.586625    1.761053    1.786800
    1.862616    1.886970    1.931085    1.966391    2.071760    2.094759    2.194689    2.217002
    2.352461    2.369644    2.377189    2.398138    2.567430    2.603572    2.691380    2.726272
    2.799966    2.824741    2.826481    2.854619
at  -0.03125   0.03125   0.21875    0.000977
   52 eigenvalues :
   -2.812638   -2.727650   -1.586711   -1.569848   -1.542553   -1.487494   -1.470498   -1.459158
    0.141148    0.164339    0.307067    0.318274    0.361396    0.370356    0.377492    0.385479
    0.387085    0.436837    0.446285    0.464228    1.041495    1.073761    1.182255    1.201460
    1.284542    1.311564    1.364478    1.398431    1.437824    1.465653    1.469728    1.487542
    1.720974    1.740983    1.916765    1.949384    1.984125    2.009852    2.016381    2.047301
    2.067109    2.101224    2.439807    2.470997    2.600816    2.627893    2.791375    2.826515
    2.923414    2.965693    3.107871    3.143896
at  -0.03125   0.09375   0.15625    0.001953
   52 eigenvalues :
   -2.812806   -2.727828   -1.586177   -1.569634   -1.542133   -1.486852   -1.470318   -1.458751
    0.131379    0.154120    0.312584    0.317783    0.355482    0.367034    0.382754    0.386961
    0.389180    0.430122    0.441677    0.466248    1.097397    1.125987    1.170246    1.194945
    1.288775    1.310573    1.358982    1.392707    1.426031    1.448919    1.501151    1.534025
    1.750698    1.768325    1.835070    1.868175    1.955330    1.982757    1.986217    2.020579
    2.102040    2.133659    2.353650    2.385820    2.662463    2.689008    2.817921    2.855665
    2.882396    2.921712    3.125538    3.158077
at  -0.03125   0.15625   0.09375    0.001953
   52 eigenvalues :
   -2.812806   -2.727828   -1.586069   -1.569858   -1.541996   -1.486709   -1.470680   -1.458552
    0.131379    0.154120    0.312570    0.317800    0.355458    0.367096    0.382990    0.386078
    0.389801    0.430079    0.441711    0.466243    1.097399    1.125984    1.170247    1.194945
    1.288773    1.310575    1.358981    1.392711    1.426027    1.448920    1.501152    1.534025
    1.750698    1.768325    1.835070    1.868175    1.955329    1.982769    1.986205    2.020582
    2.102036    2.133660    2.353650    2.385819    2.662463    2.689008    2.817920    2.855666
    2.882394    2.921713    3.125538    3.158077
at  -0.03125   0.21875   0.03125    0.001953
   52 eigenvalues :
   -2.812638   -2.727650   -1.586405   -1.570482   -1.542166   -1.487090   -1.471508   -1.458610
    0.141148    0.164338    0.307054    0.318290    0.361315    0.370695    0.377390    0.384318
    0.388103    0.436745    0.446383    0.464206    1.041496    1.073760    1.182254    1.201462
    1.284539    1.311566    1.364469    1.398452    1.437853    1.465063    1.470350    1.487468
    1.720974    1.740983    1.916764    1.949384    1.984126    2.009837    2.016388    2.047344
    2.067062    2.101236    2.439808    2.470995    2.600817    2.627892    2.791375    2.826515
    2.923413    2.965693    3.107871    3.143896
at   0.40625  -0.03125   0.21875    0.001953
   52 eigenvalues :
   -2.810505   -2.725384   -1.591442   -1.575379   -1.546497   -1.492671   -1.477401   -1.462610
    0.249309    0.287460    0.301766    0.313664    0.351176    0.363095    0.378904    0.401871
    0.454886    0.479296    0.546214    0.599292    0.678738    0.730468    0.851347    0.887396
    1.134232    1.162044    1.369079    1.394920    1.482674    1.503346    1.734302    1.761715
    1.822644    1.858953    2.031832    2.050470    2.097555    2.126883    2.287020    2.296656
    2.308867    2.328336    2.424734    2.445453    2.589230    2.621819    2.639139    2.669569
    2.686717    2.717032    2.961880    2.991390
at   0.34375  -0.03125   0.21875    0.001953
   52 eigenvalues :
   -2.810601   -2.725486   -1.591362   -1.574882   -1.546474   -1.492612   -1.476730   -1.462632
    0.248736    0.286832    0.298471    0.311614    0.347904    0.364559    0.377413    0.400004
    0.453223    0.477377    0.517047    0.575951    0.721301    0.768591    0.858467    0.894706
    1.141018    1.168991    1.358960    1.383780    1.488778    1.510877    1.733050    1.760097
    1.824682    1.859478    1.962805    1.987796    2.134066    2.157666    2.244894    2.270946
    2.330322    2.356618    2.436852    2.459554    2.511447    2.543546    2.722830    2.741904
    2.752642    2.774915    2.838384    2.866222
at   0.03125  -0.03125   0.21875    0.000977
   52 eigenvalues :
   -2.812638   -2.727650   -1.586711   -1.569848   -1.542553   -1.487494   -1.470498   -1.459158
    0.141148    0.164339    0.307067    0.318274    0.361396    0.370356    0.377492    0.385479
    0.387085    0.436837    0.446285    0.464228    1.041495    1.073761    1.182255    1.201460
    1.284542    1.311564    1.364478    1.398431    1.437824    1.465653    1.469728    1.487542
    1.720974    1.740983    1.916765    1.949384    1.984125    2.009852    2.016381    2.047301
    2.067109    2.101224    2.439807    2.470997    2.600816    2.627893    2.791375    2.826515
    2.923414    2.965693    3.107871    3.143896
at   0.03125   0.03125   0.15625    0.001953
   52 eigenvalues :
   -2.812907   -2.727935   -1.585966   -1.569434   -1.541863   -1.486636   -1.470093   -1.458451
    0.126044    0.148702    0.309790    0.317123    0.356184    0.373810    0.380573    0.384319
    0.386326    0.430888    0.450258    0.461071    1.095305    1.124318    1.187581    1.208526
    1.311070    1.328544    1.331574    1.369945    1.482888    1.496026    1.505752    1.530140
    1.689656    1.709780    1.841121    1.874232    1.936534    1.964954    2.010269    2.042848
    2.068996    2.100723    2.443414    2.475900    2.602272    2.630824    2.760020    2.795876
    2.856537    2.897337    3.104532    3.136746
at   0.03125   0.09375   0.09375    0.001953
   52 eigenvalues :
   -2.813002   -2.728036   -1.585606   -1.569493   -1.541494   -1.486220   -1.470250   -1.458036
    0.120866    0.143368    0.312261    0.314367    0.355336    0.375189    0.382138    0.383304
    0.385354    0.429776    0.451437    0.460247    1.136079    1.161462    1.165266    1.189626
    1.312961    1.316390    1.331253    1.351673    1.496569    1.519967    1.548809    1.579726
    1.695954    1.718981    1.761046    1.793653    1.905974    1.936108    2.029405    2.061646
    2.081391    2.113023    2.414850    2.446842    2.654035    2.684336    2.757816    2.789251
    2.792296    2.830123    3.109615    3.140712
at   0.03125   0.15625   0.03125    0.001953
   52 eigenvalues :
   -2.812907   -2.727935   -1.585682   -1.570017   -1.541504   -1.486309   -1.470939   -1.457991
    0.126044    0.148702    0.309776    0.317140    0.356134    0.374364    0.380174    0.383184
    0.387375    0.430814    0.450366    0.461016    1.095307    1.124315    1.187585    1.208524
    1.311070    1.328542    1.331570    1.369953    1.482945    1.495847    1.505884    1.530128
    1.689656    1.709780    1.841120    1.874232    1.936533    1.964955    2.010265    2.042863
    2.068980    2.100728    2.443416    2.475898    2.602274    2.630823    2.760020    2.795876
    2.856536    2.897337    3.104532    3.136746
at   0.03125   0.21875  -0.03125    0.001953
   52 eigenvalues :
   -2.812638   -2.727650   -1.586190   -1.570916   -1.541895   -1.486893   -1.472035   -1.458332
    0.141148    0.164338    0.307053    0.318288    0.361245    0.371051    0.377035    0.384326
    0.388165    0.436675    0.446487    0.464174    1.041496    1.073760    1.182256    1.201459
    1.284539    1.311567    1.364459    1.398487    1.437804    1.465084    1.470361    1.487461
    1.720974    1.740983    1.916764    1.949385    1.984125    2.009839    2.016390    2.047330
    2.067075    2.101233    2.439809    2.470995    2.600817    2.627893    2.791375    2.826515
    2.923413    2.965693    3.107871    3.143896
at  -0.21875   0.53125   0.09375    0.001953
   52 eigenvalues :
   -2.810377   -2.725250   -1.591707   -1.575465   -1.546817   -1.492966   -1.477415   -1.462988
    0.247222    0.296121    0.298570    0.307443    0.354468    0.365051    0.371846    0.411752
    0.446004    0.489608    0.528101    0.581132    0.691238    0.741673    0.887762    0.923048
    1.148980    1.174717    1.363867    1.392074    1.426831    1.450036    1.683952    1.713549
    1.739400    1.773761    2.060159    2.085867    2.156575    2.180415    2.271670    2.297032
    2.335528    2.364684    2.484847    2.509087    2.573416    2.600870    2.638865    2.666791
    2.738843    2.767085    2.882306    2.910848
at   0.09375  -0.09375   0.21875    0.000977
   52 eigenvalues :
   -2.812442   -2.727442   -1.587080   -1.570245   -1.543076   -1.487864   -1.470939   -1.459763
    0.151391    0.174771    0.313225    0.319532    0.358606    0.359744    0.383296    0.387177
    0.394053    0.431950    0.435005    0.471478    1.050041    1.082019    1.166591    1.188710
    1.218603    1.250984    1.355839    1.382092    1.436286    1.464536    1.472871    1.500191
    1.827409    1.845460    1.869789    1.903228    1.960207    1.987454    2.035677    2.066268
    2.114484    2.147710    2.298206    2.328813    2.720000    2.744075    2.879908    2.916025
    2.948859    2.985574    3.138866    3.170073
at   0.09375  -0.03125   0.15625    0.001953
   52 eigenvalues :
   -2.812806   -2.727828   -1.586177   -1.569634   -1.542133   -1.486852   -1.470318   -1.458751
    0.131379    0.154120    0.312584    0.317783    0.355482    0.367034    0.382754    0.386961
    0.389180    0.430122    0.441677    0.466248    1.097397    1.125987    1.170246    1.194945
    1.288775    1.310573    1.358982    1.392707    1.426031    1.448919    1.501151    1.534025
    1.750698    1.768325    1.835070    1.868175    1.955330    1.982757    1.986217    2.020579
    2.102040    2.133659    2.353650    2.385820    2.662463    2.689008    2.817921    2.855665
    2.882396    2.921712    3.125538    3.158077
at   0.09375   0.03125   0.09375    0.001953
   52 eigenvalues :
   -2.813002   -2.728036   -1.585606   -1.569493   -1.541494   -1.486220   -1.470250   -1.458036
    0.120866    0.143368    0.312261    0.314367    0.355336    0.375189    0.382138    0.383304
    0.385354    0.429776    0.451437    0.460247    1.136079    1.161462    1.165266    1.189626
    1.312961    1.316390    1.331253    1.351673    1.496569    1.519967    1.548809    1.579726
    1.695954    1.718981    1.761046    1.793653    1.905974    1.936108    2.029405    2.061646
    2.081391    2.113023    2.414850    2.446842    2.654035    2.684336    2.757816    2.789251
    2.792296    2.830123    3.109615    3.140712
at   0.09375   0.09375   0.03125    0.001953
   52 eigenvalues :
   -2.813002   -2.728036   -1.585428   -1.569854   -1.541269   -1.486039   -1.470731   -1.457776
    0.120866    0.143368    0.312242    0.314387    0.355308    0.375683    0.380963    0.383511
    0.385862    0.429739    0.451512    0.460200    1.136084    1.161364    1.165369    1.189615
    1.312948    1.316405    1.331248    1.351675    1.496576    1.519958    1.548807    1.579729
    1.695954    1.718981    1.761047    1.793652    1.905974    1.936108    2.029404    2.061653
    2.081384    2.113025    2.414851    2.446841    2.654034    2.684338    2.757808    2.789393
    2.792156    2.830128    3.109615    3.140712
at   0.09375   0.15625  -0.03125    0.001953
   52 eigenvalues :
   -2.812806   -2.727828   -1.585671   -1.570663   -1.541496   -1.486335   -1.471688   -1.458012
    0.131379    0.154120    0.312559    0.317809    0.355362    0.367407    0.382427    0.386239
    0.389998    0.429971    0.441842    0.466212    1.097398    1.125983    1.170252    1.194941
    1.288771    1.310580    1.358974    1.392713    1.426051    1.448901    1.501143    1.534032
    1.750698    1.768325    1.835070    1.868175    1.955329    1.982759    1.986214    2.020581
    2.102037    2.133660    2.353651    2.385818    2.662463    2.689009    2.817916    2.855682
    2.882378    2.921717    3.125538    3.158077
at   0.09375   0.21875  -0.09375    0.001953
   52 eigenvalues :
   -2.812442   -2.727442   -1.586323   -1.571779   -1.542129   -1.487088   -1.472978   -1.458671
    0.151391    0.174770    0.313200    0.319549    0.357800    0.360751    0.383121    0.386861
    0.394351    0.431544    0.435438    0.471449    1.050040    1.082019    1.166596    1.188706
    1.218597    1.250992    1.355832    1.382101    1.436252    1.464763    1.472641    1.500224
    1.827409    1.845460    1.869788    1.903229    1.960207    1.987454    2.035678    2.066270
    2.114480    2.147712    2.298208    2.328812    2.720001    2.744074    2.879905    2.916035
    2.948847    2.985578    3.138866    3.170073
at  -0.21875   0.53125   0.15625    0.001953
   52 eigenvalues :
   -2.810160   -2.725022   -1.591925   -1.576070   -1.547214   -1.493211   -1.478011   -1.463541
    0.247643    0.295611    0.300038    0.311089    0.346715    0.364330    0.378916    0.422058
    0.437037    0.502242    0.540496    0.587759    0.680458    0.731665    0.922902    0.957605
    1.086461    1.114040    1.360310    1.382846    1.453648    1.484351    1.606092    1.638547
    1.706164    1.737326    2.104318    2.135171    2.200717    2.222755    2.292324    2.312455
    2.329182    2.359490    2.499774    2.529893    2.588322    2.616661    2.715927    2.717000
    2.740218    2.742195    2.901898    2.929886
at  -0.21875   0.21875   0.15625    0.000977
   52 eigenvalues :
   -2.812077   -2.727055   -1.587804   -1.570985   -1.544010   -1.488611   -1.471759   -1.460820
    0.170526    0.194532    0.322627    0.323993    0.342336    0.357810    0.390725    0.394062
    0.401695    0.413204    0.432992    0.478303    1.066500    1.097902    1.141040    1.153297
    1.167561    1.188476    1.235337    1.263251    1.510401    1.520366    1.536326    1.545960
    1.822250    1.856210    1.947205    1.956780    1.968077    1.982202    2.009183    2.037951
    2.170997    2.203637    2.213383    2.244513    2.814189    2.835941    2.979743    3.002662
    3.009329    3.035509    3.150189    3.178358
at  -0.15625   0.21875   0.09375    0.001953
   52 eigenvalues :
   -2.812515   -2.727520   -1.586797   -1.570202   -1.542887   -1.487500   -1.470955   -1.459580
    0.146827    0.169903    0.319434    0.320105    0.353963    0.354473    0.389119    0.389711
    0.395431    0.426391    0.429074    0.472662    1.096291    1.124369    1.142219    1.171787
    1.244508    1.270795    1.299609    1.328143    1.444126    1.471102    1.506667    1.534919
    1.829366    1.856329    1.863343    1.871799    1.939828    1.968074    2.019578    2.053082
    2.144550    2.176028    2.229587    2.261348    2.741696    2.765656    2.923834    2.957736
    2.963035    2.993120    3.165376    3.195332
at  -0.09375   0.21875   0.03125    0.001953
   52 eigenvalues :
   -2.812806   -2.727828   -1.586069   -1.569858   -1.541996   -1.486709   -1.470680   -1.458552
    0.131379    0.154120    0.312570    0.317800    0.355458    0.367096    0.382990    0.386078
    0.389801    0.430079    0.441711    0.466243    1.097399    1.125984    1.170247    1.194945
    1.288773    1.310575    1.358981    1.392711    1.426027    1.448920    1.501152    1.534025
    1.750698    1.768325    1.835070    1.868175    1.955329    1.982769    1.986205    2.020582
    2.102036    2.133660    2.353650    2.385819    2.662463    2.689008    2.817920    2.855666
    2.882394    2.921713    3.125538    3.158077
at   0.15625   0.03125   0.03125    0.001953
   52 eigenvalues :
   -2.812907   -2.727935   -1.585682   -1.570017   -1.541504   -1.486309   -1.470939   -1.457991
    0.126044    0.148702    0.309776    0.317140    0.356134    0.374364    0.380174    0.383184
    0.387375    0.430814    0.450366    0.461016    1.095307    1.124315    1.187585    1.208524
    1.311070    1.328542    1.331570    1.369953    1.482945    1.495847    1.505884    1.530128
    1.689656    1.709780    1.841120    1.874232    1.936533    1.964955    2.010265    2.042863
    2.068980    2.100728    2.443416    2.475898    2.602274    2.630823    2.760020    2.795876
    2.856536    2.897337    3.104532    3.136746
at   0.15625   0.09375  -0.03125    0.001953
   52 eigenvalues :
   -2.812806   -2.727828   -1.585671   -1.570663   -1.541496   -1.486335   -1.471688   -1.458012
    0.131379    0.154120    0.312559    0.317809    0.355362    0.367407    0.382427    0.386239
    0.389998    0.429971    0.441842    0.466212    1.097398    1.125983    1.170252    1.194941
    1.288771    1.310580    1.358974    1.392713    1.426051    1.448901    1.501143    1.534032
    1.750698    1.768325    1.835070    1.868175    1.955329    1.982759    1.986214    2.020581
    2.102037    2.133660    2.353651    2.385818    2.662463    2.689009    2.817916    2.855682
    2.882378    2.921717    3.125538    3.158077
at   0.15625   0.15625  -0.09375    0.001953
   52 eigenvalues :
   -2.812515   -2.727520   -1.586054   -1.571694   -1.541965   -1.486799   -1.472837   -1.458571
    0.146828    0.169902    0.319236    0.320303    0.352753    0.355837    0.388275    0.390090
    0.395764    0.425793    0.429676    0.472637    1.096288    1.124373    1.142220    1.171784
    1.244499    1.270816    1.299592    1.328147    1.444112    1.471141    1.506620    1.534939
    1.829366    1.856333    1.863335    1.871802    1.939828    1.968074    2.019579    2.053081
    2.144550    2.176028    2.229589    2.261346    2.741697    2.765655    2.923815    2.958027
    2.962740    2.993143    3.165376    3.195332
at   0.15625   0.21875  -0.15625    0.001953
   52 eigenvalues :
   -2.812077   -2.727055   -1.586828   -1.572936   -1.542811   -1.487684   -1.474227   -1.459503
    0.170527    0.194531    0.322576    0.324008    0.342308    0.358028    0.390388    0.394066
    0.401761    0.413273    0.433060    0.478282    1.066494    1.097911    1.141004    1.153389
    1.167467    1.188519    1.235321    1.263258    1.510210    1.520821    1.535846    1.546176
    1.822249    1.856210    1.947205    1.956781    1.968078    1.982199    2.009187    2.037948
    2.170993    2.203665    2.213356    2.244516    2.814190    2.835940    2.979726    3.002780
    3.009217    3.035520    3.150188    3.178359
at   0.21875   0.21875  -0.21875    0.000488
   52 eigenvalues :
   -2.811595   -2.726544   -1.587695   -1.574183   -1.543810   -1.488664   -1.475597   -1.460613
    0.195446    0.221182    0.319722    0.332499    0.334753    0.361072    0.386010    0.401983
    0.405183    0.410951    0.436616    0.485004    1.082603    1.089050    1.094432    1.111502
    1.125501    1.130928    1.146172    1.170870    1.574571    1.577836    1.598618    1.601931
    1.793740    1.827704    1.902002    1.935250    1.968266    1.994915    2.080508    2.094559
    2.226753    2.227886    2.259350    2.260480    2.889709    2.910062    2.974654    2.997760
    3.032051    3.033726    3.059010    3.060634
at   0.40625   0.34375  -0.21875    0.001953
   52 eigenvalues :
   -2.809648   -2.724482   -1.592512   -1.577157   -1.548565   -1.493841   -1.478974   -1.465350
    0.258725    0.264666    0.312759    0.318710    0.329211    0.384643    0.396547    0.411748
    0.459357    0.490258    0.613077    0.657771    0.717663    0.760616    0.791964    0.829703
    1.134640    1.164613    1.209181    1.236499    1.373364    1.407864    1.631496    1.662767
    1.880445    1.908973    2.009770    2.036044    2.212525    2.237819    2.370803    2.400175
    2.415457    2.447467    2.560774    2.583365    2.609045    2.634817    2.686448    2.711426
    2.797364    2.819012    2.874684    2.900174
at   0.34375   0.40625  -0.21875    0.001953
   52 eigenvalues :
   -2.809648   -2.724482   -1.592512   -1.577157   -1.548565   -1.493841   -1.478974   -1.465350
    0.258725    0.264666    0.312759    0.318710    0.329211    0.384643    0.396547    0.411748
    0.459357    0.490258    0.613077    0.657771    0.717663    0.760616    0.791964    0.829703
    1.134640    1.164613    1.209181    1.236499    1.373364    1.407864    1.631496    1.662767
    1.880445    1.908973    2.009770    2.036044    2.212525    2.237819    2.370803    2.400175
    2.415457    2.447467    2.560774    2.583365    2.609045    2.634817    2.686448    2.711426
    2.797364    2.819012    2.874684    2.900174
at  -0.09375   0.46875   0.15625    0.001953
   52 eigenvalues :
   -2.810490   -2.725370   -1.591603   -1.575412   -1.546254   -1.492875   -1.477451   -1.462236
    0.235331    0.286014    0.295206    0.323243    0.361917    0.370595    0.372520    0.421609
    0.445250    0.494445    0.500222    0.547117    0.676356    0.730130    0.974862    1.006217
    1.096394    1.122514    1.411465    1.442141    1.466032    1.486931    1.569308    1.598733
    1.754881    1.790233    2.086756    2.103242    2.172617    2.205380    2.220137    2.245369
    2.310045    2.340923    2.577246    2.579429    2.604458    2.607141    2.630094    2.654786
    2.684610    2.708933    2.946126    2.975576
at   0.03125   0.40625   0.15625    0.001953
   52 eigenvalues :
   -2.810690   -2.725579   -1.591220   -1.575012   -1.546019   -1.492440   -1.477027   -1.462029
    0.240145    0.281294    0.291361    0.333232    0.345571    0.379551    0.383063    0.396186
    0.459990    0.473923    0.520438    0.577021    0.677013    0.730101    0.908436    0.941169
    1.056238    1.085995    1.413838    1.437805    1.587747    1.608167    1.658267    1.686929
    1.920647    1.923943    1.936959    1.958088    2.156351    2.186699    2.253767    2.275184
    2.285487    2.299127    2.383665    2.403176    2.551044    2.586127    2.629573    2.660440
    2.733627    2.762567    2.983126    3.010755
at  -0.03125   0.40625   0.15625    0.001953
   52 eigenvalues :
   -2.810642   -2.725529   -1.591408   -1.574994   -1.546038   -1.492653   -1.477011   -1.461969
    0.235225    0.285273    0.287197    0.331388    0.352706    0.377078    0.379083    0.406596
    0.453276    0.482976    0.494674    0.553295    0.686090    0.738582    0.939949    0.971680
    1.118595    1.145222    1.368864    1.397462    1.524603    1.545459    1.614646    1.643414
    1.828224    1.862431    1.996621    2.015045    2.163651    2.192640    2.252897    2.280244
    2.282110    2.312098    2.522692    2.542017    2.542798    2.572507    2.641887    2.670666
    2.674572    2.705474    2.934464    2.963466
at   0.15625   0.34375   0.15625    0.001953
   52 eigenvalues :
   -2.810710   -2.725597   -1.590845   -1.574954   -1.546553   -1.492021   -1.476682   -1.463091
    0.261243    0.276659    0.310620    0.314596    0.338239    0.360742    0.389176    0.392174
    0.467401    0.470960    0.586128    0.637935    0.686098    0.735643    0.860421    0.884058
    0.896531    0.918669    1.558645    1.576513    1.702461    1.724279    1.762588    1.790052
    1.813316    1.828289    2.010805    2.035625    2.113685    2.132112    2.160635    2.197683
    2.260316    2.291323    2.397326    2.421275    2.497257    2.537661    2.650438    2.681762
    2.833512    2.865125    3.003489    3.034152
at   0.09375   0.34375   0.15625    0.001953
   52 eigenvalues :
   -2.810740   -2.725631   -1.590993   -1.574858   -1.546205   -1.492194   -1.476717   -1.462451
    0.249403    0.278269    0.300987    0.321830    0.341250    0.369627    0.386517    0.392251
    0.464249    0.470853    0.541495    0.597851    0.691778    0.741833    0.887193    0.921220
    0.968333    1.000939    1.485506    1.505453    1.651632    1.672695    1.708073    1.736274
    1.843675    1.860439    2.024179    2.054557    2.109582    2.140254    2.194367    2.218630
    2.273744    2.299261    2.352146    2.377852    2.514394    2.552935    2.652884    2.683740
    2.845175    2.875827    2.987592    3.017684
at   0.03125   0.34375   0.15625    0.001953
   52 eigenvalues :
   -2.810790   -2.725685   -1.591057   -1.574631   -1.545916   -1.492281   -1.476521   -1.461966
    0.239696    0.282327    0.288352    0.325938    0.346491    0.372997    0.382015    0.394916
    0.458872    0.472782    0.498275    0.560520    0.714756    0.763415    0.915356    0.948238
    1.063641    1.093665    1.409656    1.432884    1.588906    1.610153    1.658547    1.686934
    1.854722    1.877586    1.965024    1.995743    2.128307    2.154354    2.211367    2.237149
    2.315989    2.344916    2.411897    2.434295    2.528428    2.561822    2.643588    2.675950
    2.770026    2.798816    2.934718    2.963352
at   0.21875   0.28125   0.15625    0.001953
   52 eigenvalues :
   -2.810696   -2.725582   -1.590734   -1.574971   -1.546794   -1.491905   -1.476560   -1.463563
    0.270744    0.279692    0.296994    0.326793    0.337974    0.349186    0.390669    0.392251
    0.469188    0.471002    0.612566    0.663999    0.712823    0.758185    0.789180    0.828178
    0.865941    0.901212    1.615221    1.632190    1.703862    1.723857    1.811584    1.828152
    1.833700    1.850666    1.967903    1.991736    2.007703    2.026298    2.204193    2.239368
    2.304851    2.335610    2.467015    2.493096    2.508778    2.549401    2.648040    2.679597
    2.707392    2.737942    2.988760    3.018287
at   0.15625   0.28125   0.15625    0.001953
   52 eigenvalues :
   -2.810779   -2.725670   -1.590756   -1.574755   -1.546374   -1.491951   -1.476423   -1.462891
    0.262300    0.277454    0.303406    0.313553    0.339183    0.353716    0.388637    0.391638
    0.466810    0.470322    0.552456    0.610416    0.732951    0.777726    0.865864    0.890994
    0.901937    0.925796    1.550225    1.567242    1.705849    1.728230    1.763885    1.782639
    1.790940    1.800320    2.051292    2.075661    2.088598    2.107170    2.110116    2.140635
    2.234772    2.263241    2.460406    2.487812    2.501337    2.541835    2.709383    2.740870
    2.810666    2.842376    2.965233    2.993474
at   0.09375   0.28125   0.15625    0.001953
   52 eigenvalues :
   -2.810908   -2.725810   -1.590693   -1.574352   -1.545876   -1.491912   -1.476039   -1.462153
    0.248889    0.280262    0.294894    0.307574    0.343320    0.358006    0.385006    0.391381
    0.462589    0.469820    0.501929    0.566409    0.759923    0.803878    0.899856    0.934017
    0.981732    1.014668    1.475048    1.493595    1.658817    1.680976    1.709022    1.736312
    1.797011    1.817600    1.988258    2.022322    2.064647    2.089766    2.159807    2.181863
    2.320690    2.344379    2.417266    2.448045    2.532443    2.571098    2.679437    2.710349
    2.843657    2.871104    2.895692    2.926443
at   0.28125   0.21875   0.15625    0.001953
   52 eigenvalues :
   -2.810696   -2.725582   -1.590734   -1.574971   -1.546794   -1.491905   -1.476560   -1.463563
    0.270744    0.279692    0.296994    0.326793    0.337974    0.349186    0.390669    0.392251
    0.469188    0.471002    0.612566    0.663999    0.712823    0.758185    0.789180    0.828178
    0.865941    0.901212    1.615221    1.632190    1.703862    1.723857    1.811584    1.828152
    1.833700    1.850666    1.967903    1.991736    2.007703    2.026298    2.204193    2.239368
    2.304851    2.335610    2.467015    2.493096    2.508778    2.549401    2.648040    2.679597
    2.707392    2.737942    2.988760    3.018287
at   0.21875   0.21875   0.15625    0.001953
   52 eigenvalues :
   -2.810793   -2.725685   -1.590659   -1.574722   -1.546445   -1.491853   -1.476301   -1.463083
    0.271690    0.279839    0.289080    0.323095    0.338554    0.342580    0.389525    0.391402
    0.467906    0.470008    0.555386    0.614188    0.784578    0.808828    0.826023    0.847099
    0.877901    0.912994    1.581077    1.596651    1.717476    1.738440    1.762730    1.785154
    1.801541    1.826410    2.027490    2.033242    2.048944    2.057365    2.140318    2.170860
    2.213290    2.242407    2.492290    2.530336    2.567309    2.599624    2.695635    2.723380
    2.777023    2.812525    2.925391    2.954032
at   0.15625   0.21875   0.15625    0.001953
   52 eigenvalues :
   -2.810975   -2.725880   -1.590461   -1.574197   -1.545876   -1.491685   -1.475720   -1.462338
    0.261635    0.279924    0.287396    0.302297    0.342104    0.344267    0.387371    0.389912
    0.465393    0.468262    0.504088    0.569766    0.818637    0.858272    0.882144    0.911984
    0.918108    0.947326    1.522278    1.537524    1.714261    1.738001    1.741906    1.763060
    1.770701    1.796754    1.967981    1.983359    1.999157    2.009670    2.185220    2.208225
    2.250921    2.274812    2.519205    2.560015    2.561509    2.592809    2.733707    2.766643
    2.797540    2.825929    2.876044    2.901544
at   0.28125   0.15625   0.15625    0.001953
   52 eigenvalues :
   -2.810779   -2.725670   -1.590756   -1.574755   -1.546374   -1.491951   -1.476423   -1.462891
    0.262300    0.277454    0.303406    0.313553    0.339183    0.353716    0.388637    0.391638
    0.466810    0.470322    0.552456    0.610416    0.732951    0.777726    0.865864    0.890994
    0.901937    0.925796    1.550225    1.567242    1.705849    1.728230    1.763885    1.782639
    1.790940    1.800320    2.051292    2.075661    2.088598    2.107170    2.110116    2.140635
    2.234772    2.263241    2.460406    2.487812    2.501337    2.541835    2.709383    2.740870
    2.810666    2.842376    2.965233    2.993474
at   0.21875   0.15625   0.15625    0.001953
   52 eigenvalues :
   -2.810975   -2.725880   -1.590461   -1.574197   -1.545876   -1.491685   -1.475720   -1.462338
    0.261635    0.279924    0.287396    0.302297    0.342104    0.344267    0.387371    0.389912
    0.465393    0.468262    0.504088    0.569766    0.818637    0.858272    0.882144    0.911984
    0.918108    0.947326    1.522278    1.537524    1.714261    1.738001    1.741906    1.763060
    1.770701    1.796754    1.967981    1.983359    1.999157    2.009670    2.185220    2.208225
    2.250921    2.274812    2.519205    2.560015    2.561509    2.592809    2.733707    2.766643
    2.797540    2.825929    2.876044    2.901544
at  -0.15625   0.15625   0.15625    0.000977
   52 eigenvalues :
   -2.812590   -2.727599   -1.586578   -1.570008   -1.542782   -1.487235   -1.470701   -1.459542
    0.142018    0.164860    0.326249    0.326267    0.344415    0.348038    0.394700    0.397204
    0.398637    0.418685    0.418785    0.473827    1.133483    1.157063    1.206347    1.206413
    1.233390    1.238339    1.238945    1.258698    1.491521    1.491523    1.519463    1.519464
    1.814376    1.849643    1.875112    1.888870    1.898404    1.927556    2.112188    2.112271
    2.123271    2.145193    2.145367    2.154647    2.758644    2.783169    2.986756    2.986756
    3.025896    3.025896    3.198493    3.224376
at   0.34375   0.09375   0.15625    0.001953
   52 eigenvalues :
   -2.810740   -2.725631   -1.590993   -1.574858   -1.546205   -1.492194   -1.476717   -1.462451
    0.249403    0.278269    0.300987    0.321830    0.341250    0.369627    0.386517    0.392251
    0.464249    0.470853    0.541495    0.597851    0.691778    0.741833    0.887193    0.921220
    0.968333    1.000939    1.485506    1.505453    1.651632    1.672695    1.708073    1.736274
    1.843675    1.860439    2.024179    2.054557    2.109582    2.140254    2.194367    2.218630
    2.273744    2.299261    2.352146    2.377852    2.514394    2.552935    2.652884    2.683740
    2.845175    2.875827    2.987592    3.017684
at   0.28125   0.09375   0.15625    0.001953
   52 eigenvalues :
   -2.810908   -2.725810   -1.590693   -1.574352   -1.545876   -1.491912   -1.476039   -1.462153
    0.248889    0.280262    0.294894    0.307574    0.343320    0.358006    0.385006    0.391381
    0.462589    0.469820    0.501929    0.566409    0.759923    0.803878    0.899856    0.934017
    0.981732    1.014668    1.475048    1.493595    1.658817    1.680976    1.709022    1.736312
    1.797011    1.817600    1.988258    2.022322    2.064647    2.089766    2.159807    2.181863
    2.320690    2.344379    2.417266    2.448045    2.532443    2.571098    2.679437    2.710349
    2.843657    2.871104    2.895692    2.926443
at  -0.09375   0.09375   0.15625    0.000977
   52 eigenvalues :
   -2.812978   -2.728011   -1.585692   -1.569267   -1.541789   -1.486274   -1.469895   -1.458465
    0.120956    0.143406    0.320343    0.323539    0.342653    0.361702    0.389665    0.392978
    0.394317    0.416624    0.434966    0.468721    1.146079    1.170135    1.223569    1.246993
    1.254673    1.280659    1.336177    1.360920    1.461658    1.470194    1.494926    1.502868
    1.775778    1.790683    1.839387    1.873713    1.874713    1.903368    2.031788    2.051969
    2.063962    2.085795    2.249832    2.281506    2.684134    2.711699    2.872148    2.901791
    2.912259    2.943388    3.230030    3.262472
at  -0.09375   0.15625   0.09375    0.001953
   52 eigenvalues :
   -2.812978   -2.728011   -1.585653   -1.569347   -1.541741   -1.486223   -1.470025   -1.458393
    0.120956    0.143406    0.320322    0.323567    0.342641    0.361716    0.390238    0.391570
    0.395178    0.416578    0.434979    0.468720    1.146080    1.170134    1.223560    1.247065
    1.254596    1.280673    1.336176    1.360921    1.461627    1.470241    1.494887    1.502890
    1.775778    1.790683    1.839386    1.873750    1.874677    1.903369    2.031783    2.051996
    2.063931    2.085803    2.249832    2.281505    2.684134    2.711699    2.872148    2.901796
    2.912254    2.943389    3.230030    3.262472
at   0.40625   0.03125   0.15625    0.001953
   52 eigenvalues :
   -2.810690   -2.725579   -1.591220   -1.575012   -1.546019   -1.492440   -1.477027   -1.462029
    0.240145    0.281294    0.291361    0.333232    0.345571    0.379551    0.383063    0.396186
    0.459990    0.473923    0.520438    0.577021    0.677013    0.730101    0.908436    0.941169
    1.056238    1.085995    1.413838    1.437805    1.587747    1.608167    1.658267    1.686929
    1.920647    1.923943    1.936959    1.958088    2.156351    2.186699    2.253767    2.275184
    2.285487    2.299127    2.383665    2.403176    2.551044    2.586127    2.629573    2.660440
    2.733627    2.762567    2.983126    3.010755
at   0.34375   0.03125   0.15625    0.001953
   52 eigenvalues :
   -2.810790   -2.725685   -1.591057   -1.574631   -1.545916   -1.492281   -1.476521   -1.461966
    0.239696    0.282327    0.288352    0.325938    0.346491    0.372997    0.382015    0.394916
    0.458872    0.472782    0.498275    0.560520    0.714756    0.763415    0.915356    0.948238
    1.063641    1.093665    1.409656    1.432884    1.588906    1.610153    1.658547    1.686934
    1.854722    1.877586    1.965024    1.995743    2.128307    2.154354    2.211367    2.237149
    2.315989    2.344916    2.411897    2.434295    2.528428    2.561822    2.643588    2.675950
    2.770026    2.798816    2.934718    2.963352
at  -0.03125   0.03125   0.15625    0.000977
   52 eigenvalues :
   -2.813187   -2.728233   -1.585230   -1.568869   -1.541232   -1.485786   -1.469460   -1.457846
    0.109892    0.132226    0.314949    0.321877    0.344164    0.372546    0.384729    0.387206
    0.392409    0.418256    0.448014    0.462704    1.146222    1.171785    1.232593    1.250793
    1.287870    1.307550    1.432380    1.435037    1.455904    1.459270    1.475388    1.494161
    1.689220    1.707117    1.875727    1.877048    1.907288    1.911659    1.972851    1.998995
    2.002313    2.033917    2.355982    2.387227    2.637736    2.668578    2.764054    2.802230
    2.846811    2.888850    3.212041    3.243453
at  -0.03125   0.09375   0.09375    0.001953
   52 eigenvalues :
   -2.813285   -2.728337   -1.584919   -1.568780   -1.540942   -1.485427   -1.469401   -1.457541
    0.104380    0.126620    0.318826    0.321393    0.340317    0.371431    0.386225    0.390553
    0.392965    0.414011    0.446432    0.463962    1.178151    1.199902    1.230564    1.252750
    1.288984    1.306201    1.408340    1.429610    1.433174    1.468648    1.510901    1.546552
    1.698263    1.715140    1.800984    1.833624    1.890811    1.924314    1.956870    1.989769
    2.013624    2.047129    2.309054    2.339706    2.653589    2.685197    2.805325    2.806725
    2.844961    2.847964    3.245941    3.275138
at  -0.03125   0.15625   0.03125    0.001953
   52 eigenvalues :
   -2.813187   -2.728233   -1.585076   -1.569187   -1.541036   -1.485609   -1.469928   -1.457589
    0.109892    0.132226    0.314930    0.321906    0.344136    0.372694    0.385039    0.386268
    0.392962    0.418177    0.448057    0.462685    1.146223    1.171783    1.232594    1.250794
    1.287869    1.307551    1.431167    1.436774    1.454279    1.460378    1.475382    1.494159
    1.689220    1.707117    1.875711    1.877063    1.907286    1.911662    1.972852    1.998997
    2.002305    2.033921    2.355982    2.387226    2.637736    2.668577    2.764055    2.802230
    2.846810    2.888851    3.212041    3.243453
at  -0.15625   0.53125   0.03125    0.001953
   52 eigenvalues :
   -2.810642   -2.725529   -1.591408   -1.574994   -1.546038   -1.492653   -1.477011   -1.461969
    0.235225    0.285273    0.287197    0.331388    0.352706    0.377078    0.379083    0.406596
    0.453276    0.482976    0.494674    0.553295    0.686090    0.738582    0.939949    0.971680
    1.118595    1.145222    1.368864    1.397462    1.524603    1.545459    1.614646    1.643414
    1.828224    1.862431    1.996621    2.015045    2.163651    2.192640    2.252897    2.280244
    2.282110    2.312098    2.522692    2.542017    2.542798    2.572507    2.641887    2.670666
    2.674572    2.705474    2.934464    2.963466
at   0.03125  -0.03125   0.15625    0.000977
   52 eigenvalues :
   -2.813187   -2.728233   -1.585230   -1.568869   -1.541232   -1.485786   -1.469460   -1.457846
    0.109892    0.132226    0.314949    0.321877    0.344164    0.372546    0.384729    0.387206
    0.392409    0.418256    0.448014    0.462704    1.146222    1.171785    1.232593    1.250793
    1.287870    1.307550    1.432380    1.435037    1.455904    1.459270    1.475388    1.494161
    1.689220    1.707117    1.875727    1.877048    1.907288    1.911659    1.972851    1.998995
    2.002313    2.033917    2.355982    2.387227    2.637736    2.668578    2.764054    2.802230
    2.846811    2.888850    3.212041    3.243453
at   0.03125   0.03125   0.09375    0.001953
   52 eigenvalues :
   -2.813393   -2.728451   -1.584668   -1.568582   -1.540655   -1.485159   -1.469181   -1.457230
    0.098699    0.120888    0.317197    0.320491    0.340677    0.377352    0.382702    0.389096
    0.391844    0.414404    0.453713    0.459483    1.190516    1.212662    1.229152    1.248388
    1.296025    1.310966    1.413661    1.453063    1.476618    1.500302    1.516427    1.547908
    1.667407    1.691046    1.765173    1.797671    1.923004    1.927842    1.955457    1.961720
    1.978007    2.011597    2.339065    2.368835    2.670163    2.704976    2.733110    2.771019
    2.780812    2.821560    3.247437    3.275395
at   0.03125   0.09375   0.03125    0.001953
   52 eigenvalues :
   -2.813393   -2.728451   -1.584548   -1.568826   -1.540503   -1.485038   -1.469511   -1.457049
    0.098699    0.120888    0.317167    0.320530    0.340657    0.377697    0.382243    0.388874
    0.392229    0.414353    0.453768    0.459441    1.190518    1.212656    1.229158    1.248386
    1.296025    1.310966    1.413658    1.453036    1.476699    1.500254    1.516409    1.547922
    1.667407    1.691046    1.765174    1.797670    1.923018    1.927820    1.955482    1.961711
    1.977995    2.011600    2.339065    2.368835    2.670165    2.704970    2.733116    2.771043
    2.780783    2.821564    3.247437    3.275395
at   0.03125   0.15625  -0.03125    0.001953
   52 eigenvalues :
   -2.813187   -2.728233   -1.584890   -1.569562   -1.540803   -1.485441   -1.470391   -1.457337
    0.109892    0.132226    0.314920    0.321923    0.344109    0.372896    0.384066    0.387065
    0.392970    0.418144    0.448100    0.462662    1.146223    1.171784    1.232596    1.250791
    1.287869    1.307551    1.432260    1.435066    1.455235    1.460732    1.474432    1.494414
    1.689220    1.707117    1.875669    1.877111    1.907266    1.911675    1.972844    1.999131
    2.002175    2.033925    2.355983    2.387225    2.637736    2.668578    2.764052    2.802239
    2.846801    2.888854    3.212040    3.243453
at  -0.15625   0.53125   0.09375    0.001953
   52 eigenvalues :
   -2.810490   -2.725370   -1.591603   -1.575412   -1.546254   -1.492875   -1.477451   -1.462236
    0.235331    0.286014    0.295206    0.323243    0.361917    0.370595    0.372520    0.421609
    0.445250    0.494445    0.500222    0.547117    0.676356    0.730130    0.974862    1.006217
    1.096394    1.122514    1.411465    1.442141    1.466032    1.486931    1.569308    1.598733
    1.754881    1.790233    2.086756    2.103242    2.172617    2.205380    2.220137    2.245369
    2.310045    2.340923    2.577246    2.579429    2.604458    2.607141    2.630094    2.654786
    2.684610    2.708933    2.946126    2.975576
at  -0.15625   0.15625   0.09375    0.000977
   52 eigenvalues :
   -2.812978   -2.728011   -1.585692   -1.569267   -1.541789   -1.486274   -1.469895   -1.458465
    0.120956    0.143406    0.320343    0.323539    0.342653    0.361702    0.389665    0.392978
    0.394317    0.416624    0.434966    0.468721    1.146079    1.170135    1.223569    1.246993
    1.254673    1.280659    1.336177    1.360920    1.461658    1.470194    1.494926    1.502868
    1.775778    1.790683    1.839387    1.873713    1.874713    1.903368    2.031788    2.051969
    2.063962    2.085795    2.249832    2.281506    2.684134    2.711699    2.872148    2.901791
    2.912259    2.943388    3.230030    3.262472
at   0.09375  -0.03125   0.09375    0.001953
   52 eigenvalues :
   -2.813285   -2.728337   -1.584919   -1.568780   -1.540942   -1.485427   -1.469401   -1.457541
    0.104380    0.126620    0.318826    0.321393    0.340317    0.371431    0.386225    0.390553
    0.392965    0.414011    0.446432    0.463962    1.178151    1.199902    1.230564    1.252750
    1.288984    1.306201    1.408340    1.429610    1.433174    1.468648    1.510901    1.546552
    1.698263    1.715140    1.800984    1.833624    1.890811    1.924314    1.956870    1.989769
    2.013624    2.047129    2.309054    2.339706    2.653589    2.685197    2.805325    2.806725
    2.844961    2.847964    3.245941    3.275138
at   0.09375   0.03125   0.03125    0.001953
   52 eigenvalues :
   -2.813393   -2.728451   -1.584548   -1.568826   -1.540503   -1.485038   -1.469511   -1.457049
    0.098699    0.120888    0.317167    0.320530    0.340657    0.377697    0.382243    0.388874
    0.392229    0.414353    0.453768    0.459441    1.190518    1.212656    1.229158    1.248386
    1.296025    1.310966    1.413658    1.453036    1.476699    1.500254    1.516409    1.547922
    1.667407    1.691046    1.765174    1.797670    1.923018    1.927820    1.955482    1.961711
    1.977995    2.011600    2.339065    2.368835    2.670165    2.704970    2.733116    2.771043
    2.780783    2.821564    3.247437    3.275395
at   0.09375   0.09375  -0.03125    0.001953
   52 eigenvalues :
   -2.813285   -2.728337   -1.584612   -1.569403   -1.540553   -1.485140   -1.470192   -1.457108
    0.104380    0.126620    0.318737    0.321506    0.340259    0.371674    0.385539    0.390811
    0.393242    0.413918    0.446494    0.463933    1.178151    1.199901    1.230568    1.252747
    1.288983    1.306202    1.408431    1.428825    1.433852    1.468741    1.510779    1.546597
    1.698263    1.715141    1.800986    1.833622    1.890812    1.924311    1.956870    1.989782
    2.013610    2.047132    2.309055    2.339706    2.653589    2.685197    2.804573    2.807565
    2.844401    2.848437    3.245941    3.275138
at   0.09375   0.15625  -0.09375    0.001953
   52 eigenvalues :
   -2.812978   -2.728011   -1.585121   -1.570418   -1.541077   -1.485739   -1.471355   -1.457672
    0.120956    0.143406    0.320208    0.323723    0.342496    0.361967    0.388874    0.392830
    0.395206    0.416403    0.435105    0.468696    1.146079    1.170135    1.223568    1.247022
    1.254636    1.280668    1.336180    1.360916    1.461039    1.471346    1.493663    1.503599
    1.775778    1.790684    1.839386    1.873728    1.874700    1.903367    2.031772    2.052047
    2.063884    2.085811    2.249833    2.281504    2.684134    2.711699    2.872103    2.902100
    2.911952    2.943430    3.230029    3.262472
at   0.15625   0.15625  -0.15625    0.000488
   52 eigenvalues :
   -2.812590   -2.727599   -1.585777   -1.571612   -1.541794   -1.486500   -1.472698   -1.458465
    0.142019    0.164859    0.325247    0.327422    0.343364    0.349065    0.393411    0.398384
    0.398827    0.416600    0.420682    0.473806    1.133483    1.157063    1.204550    1.208503
    1.232400    1.237942    1.240111    1.258627    1.489414    1.494029    1.516861    1.521666
    1.814375    1.849644    1.875111    1.888871    1.898405    1.927555    2.111510    2.113069
    2.123100    2.144661    2.146047    2.154549    2.758644    2.783168    2.985134    2.988525
    3.024128    3.027517    3.198493    3.224376
at   0.40625   0.28125  -0.15625    0.001953
   52 eigenvalues :
   -2.810029   -2.724883   -1.591956   -1.576488   -1.547546   -1.493237   -1.478430   -1.464025
    0.258030    0.282703    0.310513    0.311352    0.335324    0.372574    0.377434    0.412493
    0.446730    0.490955    0.569146    0.617922    0.701265    0.748483    0.837910    0.875226
    1.150492    1.178037    1.301217    1.325882    1.406917    1.436660    1.630483    1.665743
    1.797979    1.825744    2.028751    2.056796    2.211072    2.235127    2.331757    2.358822
    2.406074    2.433497    2.442674    2.468614    2.599703    2.627974    2.638065    2.663117
    2.812619    2.838527    2.857326    2.883349
at   0.34375   0.34375  -0.15625    0.001953
   52 eigenvalues :
   -2.809984   -2.724836   -1.591946   -1.576643   -1.547666   -1.493222   -1.478590   -1.464202
    0.268566    0.271536    0.309671    0.318870    0.327771    0.374529    0.380967    0.405131
    0.455562    0.482486    0.577323    0.627593    0.741887    0.776933    0.785710    0.816268
    1.214403    1.235938    1.241334    1.262434    1.393287    1.422150    1.631846    1.667331
    1.902545    1.932532    1.935336    1.959595    2.225227    2.250066    2.344680    2.372199
    2.379247    2.408653    2.498244    2.524490    2.547968    2.572582    2.718380    2.733932
    2.746027    2.756777    2.841989    2.867236
at   0.28125   0.40625  -0.15625    0.001953
   52 eigenvalues :
   -2.810029   -2.724883   -1.591956   -1.576488   -1.547546   -1.493237   -1.478430   -1.464025
    0.258030    0.282703    0.310513    0.311352    0.335324    0.372574    0.377434    0.412493
    0.446730    0.490955    0.569146    0.617922    0.701265    0.748483    0.837910    0.875226
    1.150492    1.178037    1.301217    1.325882    1.406917    1.436660    1.630483    1.665743
    1.797979    1.825744    2.028751    2.056796    2.211072    2.235127    2.331757    2.358822
    2.406074    2.433497    2.442674    2.468614    2.599703    2.627974    2.638065    2.663117
    2.812619    2.838527    2.857326    2.883349
at  -0.03125   0.46875   0.09375    0.001953
   52 eigenvalues :
   -2.810710   -2.725602   -1.591438   -1.574957   -1.545600   -1.492708   -1.477048   -1.461339
    0.225092    0.274734    0.284758    0.351088    0.354845    0.378925    0.399240    0.413975
    0.455031    0.459305    0.485711    0.523900    0.674555    0.729751    1.016181    1.040540
    1.103096    1.132440    1.371745    1.402596    1.513538    1.544165    1.567517    1.588034
    1.843053    1.877217    1.960673    1.975354    2.195179    2.221301    2.240256    2.275621
    2.315323    2.346194    2.522377    2.549453    2.590962    2.615820    2.617764    2.643181
    2.666660    2.688833    2.941864    2.970833
at   0.09375   0.40625   0.09375    0.001953
   52 eigenvalues :
   -2.810755   -2.725647   -1.591148   -1.574878   -1.545853   -1.492367   -1.476883   -1.461831
    0.236944    0.278696    0.287667    0.342739    0.343487    0.384959    0.387186    0.391621
    0.462554    0.470274    0.511277    0.569499    0.676558    0.730093    0.958219    0.986287
    0.998451    1.032076    1.438626    1.461245    1.622825    1.648797    1.652751    1.670240
    1.855156    1.869717    1.967415    1.999980    2.193444    2.224422    2.235427    2.267375
    2.274628    2.299590    2.368456    2.387189    2.485267    2.520730    2.640651    2.670851
    2.810148    2.839702    2.952993    2.978952
at   0.03125   0.40625   0.09375    0.001953
   52 eigenvalues :
   -2.810784   -2.725680   -1.591245   -1.574768   -1.545588   -1.492488   -1.476816   -1.461392
    0.228174    0.277487    0.281235    0.346809    0.355032    0.382539    0.394674    0.396604
    0.459517    0.472025    0.475986    0.539885    0.684029    0.737509    0.990307    1.016443
    1.071700    1.102851    1.386620    1.413339    1.556793    1.587052    1.617721    1.638887
    1.851369    1.873284    1.948092    1.974847    2.198541    2.225194    2.241065    2.272620
    2.282495    2.313018    2.476119    2.506836    2.520622    2.540248    2.628384    2.659213
    2.699180    2.727314    2.942372    2.969311
at   0.15625   0.34375   0.09375    0.001953
   52 eigenvalues :
   -2.810740   -2.725631   -1.590955   -1.574934   -1.546161   -1.492140   -1.476830   -1.462398
    0.249403    0.278269    0.300987    0.321829    0.341246    0.369644    0.386516    0.392238
    0.464266    0.470838    0.541496    0.597851    0.691778    0.741833    0.887193    0.921220
    0.968333    1.000940    1.485506    1.505453    1.651632    1.672696    1.708073    1.736274
    1.843676    1.860439    2.024179    2.054557    2.109582    2.140254    2.194367    2.218630
    2.273744    2.299261    2.352146    2.377852    2.514394    2.552935    2.652884    2.683740
    2.845175    2.875827    2.987591    3.017685
at   0.09375   0.34375   0.09375    0.001953
   52 eigenvalues :
   -2.810856   -2.725755   -1.590906   -1.574640   -1.545659   -1.492111   -1.476571   -1.461673
    0.236540    0.279931    0.284740    0.333263    0.344609    0.378075    0.384441    0.391127
    0.461835    0.469659    0.491667    0.555335    0.712762    0.761898    0.964244    0.992451
    1.006847    1.040812    1.435660    1.457526    1.617241    1.645932    1.663561    1.686511
    1.800217    1.818697    1.997542    2.029610    2.164202    2.165284    2.189131    2.192491
    2.334221    2.364284    2.400454    2.422871    2.488053    2.522805    2.640346    2.671342
    2.808059    2.835553    2.980253    3.009608
at   0.28125   0.28125   0.09375    0.001953
   52 eigenvalues :
   -2.810644   -2.725527   -1.590907   -1.575092   -1.546762   -1.492085   -1.476828   -1.463346
    0.265915    0.286066    0.296277    0.324335    0.341276    0.349084    0.389453    0.391885
    0.467718    0.470341    0.619689    0.670349    0.695099    0.741059    0.752478    0.793496
    0.951883    0.985305    1.555293    1.574025    1.600060    1.619567    1.885510    1.887417
    1.907408    1.912956    1.983656    2.006857    2.040648    2.057473    2.085673    2.122783
    2.340309    2.370240    2.432652    2.458681    2.571555    2.612948    2.632511    2.665988
    2.667002    2.692938    2.953219    2.982235
at   0.21875   0.28125   0.09375    0.001953
   52 eigenvalues :
   -2.810735   -2.725625   -1.590792   -1.574973   -1.546354   -1.491957   -1.476781   -1.462783
    0.261469    0.280505    0.302202    0.314426    0.339803    0.353708    0.387215    0.392357
    0.465167    0.470873    0.556610    0.613922    0.733549    0.778153    0.809674    0.847682
    0.961095    0.994136    1.517615    1.536001    1.633477    1.653996    1.791431    1.816352
    1.849136    1.871468    2.050507    2.058491    2.080443    2.086239    2.100476    2.121142
    2.263495    2.292142    2.424455    2.452087    2.565132    2.605571    2.678397    2.711101
    2.758855    2.787241    2.927590    2.956843
at   0.15625   0.28125   0.09375    0.001953
   52 eigenvalues :
   -2.810908   -2.725810   -1.590587   -1.574565   -1.545750   -1.491765   -1.476360   -1.461998
    0.248889    0.280262    0.294894    0.307571    0.343307    0.358038    0.385012    0.391352
    0.462631    0.469779    0.501935    0.566408    0.759923    0.803878    0.899858    0.934016
    0.981731    1.014669    1.475048    1.493595    1.658815    1.680980    1.709019    1.736312
    1.797012    1.817599    1.988258    2.022322    2.064647    2.089766    2.159807    2.181863
    2.320690    2.344379    2.417266    2.448045    2.532443    2.571098    2.679437    2.710349
    2.843656    2.871110    2.895685    2.926445
at   0.28125   0.21875   0.09375    0.001953
   52 eigenvalues :
   -2.810735   -2.725625   -1.590792   -1.574973   -1.546354   -1.491957   -1.476781   -1.462783
    0.261469    0.280505    0.302202    0.314426    0.339803    0.353708    0.387215    0.392357
    0.465167    0.470873    0.556610    0.613922    0.733549    0.778153    0.809674    0.847682
    0.961095    0.994136    1.517615    1.536001    1.633477    1.653996    1.791431    1.816352
    1.849136    1.871468    2.050507    2.058491    2.080443    2.086239    2.100476    2.121142
    2.263495    2.292142    2.424455    2.452087    2.565132    2.605571    2.678397    2.711101
    2.758855    2.787241    2.927590    2.956843
at   0.21875   0.21875   0.09375    0.001953
   52 eigenvalues :
   -2.810928   -2.725830   -1.590458   -1.574541   -1.545793   -1.491627   -1.476274   -1.462143
    0.257444    0.281700    0.292960    0.301217    0.341209    0.349761    0.384986    0.391541
    0.462652    0.469926    0.505371    0.570321    0.812246    0.836871    0.853007    0.874181
    0.977927    1.010918    1.490682    1.507875    1.653027    1.674624    1.752156    1.776096
    1.814125    1.840199    1.975007    1.997919    2.008227    2.022269    2.175231    2.197021
    2.285431    2.309867    2.451408    2.483585    2.579403    2.619796    2.747909    2.778377
    2.779738    2.809486    2.820267    2.846157
at   0.34375   0.15625   0.09375    0.001953
   52 eigenvalues :
   -2.810740   -2.725631   -1.590955   -1.574934   -1.546161   -1.492140   -1.476830   -1.462398
    0.249403    0.278269    0.300987    0.321829    0.341246    0.369644    0.386516    0.392238
    0.464266    0.470838    0.541496    0.597851    0.691778    0.741833    0.887193    0.921220
    0.968333    1.000940    1.485506    1.505453    1.651632    1.672696    1.708073    1.736274
    1.843676    1.860439    2.024179    2.054557    2.109582    2.140254    2.194367    2.218630
    2.273744    2.299261    2.352146    2.377852    2.514394    2.552935    2.652884    2.683740
    2.845175    2.875827    2.987591    3.017685
at   0.28125   0.15625   0.09375    0.001953
   52 eigenvalues :
   -2.810908   -2.725810   -1.590587   -1.574565   -1.545750   -1.491765   -1.476360   -1.461998
    0.248889    0.280262    0.294894    0.307571    0.343307    0.358038    0.385012    0.391352
    0.462631    0.469779    0.501935    0.566408    0.759923    0.803878    0.899858    0.934016
    0.981731    1.014669    1.475048    1.493595    1.658815    1.680980    1.709019    1.736312
    1.797012    1.817599    1.988258    2.022322    2.064647    2.089766    2.159807    2.181863
    2.320690    2.344379    2.417266    2.448045    2.532443    2.571098    2.679437    2.710349
    2.843656    2.871110    2.895685    2.926445
at   0.34375   0.09375   0.09375    0.001953
   52 eigenvalues :
   -2.810856   -2.725755   -1.590906   -1.574640   -1.545659   -1.492111   -1.476571   -1.461673
    0.236540    0.279931    0.284740    0.333263    0.344609    0.378075    0.384441    0.391127
    0.461835    0.469659    0.491667    0.555335    0.712762    0.761898    0.964244    0.992451
    1.006847    1.040812    1.435660    1.457526    1.617241    1.645932    1.663561    1.686511
    1.800217    1.818697    1.997542    2.029610    2.164202    2.165284    2.189131    2.192491
    2.334221    2.364284    2.400454    2.422871    2.488053    2.522805    2.640346    2.671342
    2.808059    2.835553    2.980253    3.009608
at  -0.09375   0.09375   0.09375    0.000977
   52 eigenvalues :
   -2.813385   -2.728443   -1.584681   -1.568527   -1.540748   -1.485150   -1.469099   -1.457368
    0.098762    0.120925    0.324118    0.324197    0.332059    0.369677    0.387751    0.396053
    0.396474    0.405357    0.444180    0.465567    1.199661    1.218279    1.274062    1.274065
    1.293794    1.293798    1.356267    1.381762    1.494903    1.494915    1.533315    1.533320
    1.702265    1.716557    1.801247    1.831361    1.834701    1.870914    1.987626    1.987628
    2.022337    2.022339    2.256011    2.285587    2.654261    2.686344    2.819548    2.819548
    2.860986    2.860987    3.306770    3.333923
at  -0.09375   0.53125  -0.03125    0.001953
   52 eigenvalues :
   -2.810784   -2.725680   -1.591245   -1.574768   -1.545588   -1.492488   -1.476816   -1.461392
    0.228174    0.277487    0.281235    0.346809    0.355032    0.382539    0.394674    0.396604
    0.459517    0.472025    0.475986    0.539885    0.684029    0.737509    0.990307    1.016443
    1.071700    1.102851    1.386620    1.413339    1.556793    1.587052    1.617721    1.638887
    1.851369    1.873284    1.948092    1.974847    2.198541    2.225194    2.241065    2.272620
    2.282495    2.313018    2.476119    2.506836    2.520622    2.540248    2.628384    2.659213
    2.699180    2.727314    2.942372    2.969311
at  -0.03125   0.03125   0.09375    0.000977
   52 eigenvalues :
   -2.813603   -2.728675   -1.584154   -1.568129   -1.540164   -1.484577   -1.468670   -1.456735
    0.087185    0.109267    0.321085    0.323815    0.331678    0.377168    0.384442    0.393535
    0.395865    0.404926    0.453191    0.461595    1.224541    1.242831    1.268270    1.281408
    1.284315    1.297575    1.442184    1.467207    1.510203    1.518851    1.547129    1.560198
    1.642052    1.660407    1.759439    1.791092    1.854016    1.890083    1.929962    1.930123
    1.964389    1.965712    2.283809    2.312043    2.668122    2.704253    2.743623    2.767525
    2.783765    2.808738    3.347552    3.372025
at  -0.03125   0.09375   0.03125    0.001953
   52 eigenvalues :
   -2.813603   -2.728675   -1.584112   -1.568215   -1.540110   -1.484534   -1.468787   -1.456670
    0.087185    0.109267    0.321048    0.323871    0.331654    0.377241    0.384351    0.393238
    0.396276    0.404831    0.453204    0.461586    1.224541    1.242830    1.268270    1.281411
    1.284312    1.297575    1.442186    1.467195    1.510194    1.518921    1.547010    1.560268
    1.642052    1.660406    1.759440    1.791091    1.854016    1.890083    1.929788    1.930300
    1.964346    1.965752    2.283809    2.312042    2.668123    2.704248    2.743634    2.767520
    2.783759    2.808742    3.347552    3.372025
at  -0.09375   0.53125   0.03125    0.001953
   52 eigenvalues :
   -2.810710   -2.725602   -1.591438   -1.574957   -1.545600   -1.492708   -1.477048   -1.461339
    0.225092    0.274734    0.284758    0.351088    0.354845    0.378925    0.399240    0.413975
    0.455031    0.459305    0.485711    0.523900    0.674555    0.729751    1.016181    1.040540
    1.103096    1.132440    1.371745    1.402596    1.513538    1.544165    1.567517    1.588034
    1.843053    1.877217    1.960673    1.975354    2.195179    2.221301    2.240256    2.275621
    2.315323    2.346194    2.522377    2.549453    2.590962    2.615820    2.617764    2.643181
    2.666660    2.688833    2.941864    2.970833
at   0.03125  -0.03125   0.09375    0.000977
   52 eigenvalues :
   -2.813603   -2.728675   -1.584154   -1.568129   -1.540164   -1.484577   -1.468670   -1.456735
    0.087185    0.109267    0.321085    0.323815    0.331678    0.377168    0.384442    0.393535
    0.395865    0.404926    0.453191    0.461595    1.224541    1.242831    1.268270    1.281408
    1.284315    1.297575    1.442184    1.467207    1.510203    1.518851    1.547129    1.560198
    1.642052    1.660407    1.759439    1.791092    1.854016    1.890083    1.929962    1.930123
    1.964389    1.965712    2.283809    2.312043    2.668122    2.704253    2.743623    2.767525
    2.783765    2.808738    3.347552    3.372025
at   0.03125   0.03125   0.03125    0.001953
   52 eigenvalues :
   -2.813714   -2.728793   -1.583834   -1.568018   -1.539811   -1.484233   -1.468570   -1.456352
    0.081308    0.103353    0.321864    0.322914    0.330315    0.381374    0.381892    0.394475
    0.395263    0.403416    0.458313    0.458503    1.254363    1.254532    1.270893    1.271052
    1.283339    1.297406    1.508778    1.511821    1.515157    1.537348    1.539276    1.553271
    1.673707    1.675867    1.704779    1.707294    1.884807    1.885002    1.897019    1.920647
    1.920781    1.932524    2.277945    2.305345    2.706326    2.707891    2.731888    2.745587
    2.747056    2.772516    3.395823    3.416583
at   0.03125   0.09375  -0.03125    0.001953
   52 eigenvalues :
   -2.813603   -2.728675   -1.583987   -1.568468   -1.539952   -1.484423   -1.469102   -1.456496
    0.087185    0.109267    0.320970    0.323996    0.331597    0.377465    0.383970    0.393411
    0.396344    0.404748    0.453238    0.461562    1.224541    1.242830    1.268271    1.281409
    1.284313    1.297575    1.442230    1.467115    1.509213    1.520653    1.545717    1.560844
    1.642050    1.660409    1.759445    1.791087    1.854016    1.890082    1.929257    1.930868
    1.963987    1.966076    2.283810    2.312042    2.668125    2.704243    2.743591    2.767701
    2.783581    2.808784    3.347552    3.372025
at   0.09375   0.09375  -0.09375    0.000488
   52 eigenvalues :
   -2.813385   -2.728443   -1.584326   -1.569246   -1.540300   -1.484830   -1.469997   -1.456874
    0.098762    0.120925    0.323199    0.325327    0.331811    0.369886    0.387189    0.395988
    0.397227    0.405025    0.444239    0.465543    1.199661    1.218279    1.273628    1.274517
    1.293417    1.294156    1.356281    1.381744    1.491513    1.499074    1.529130    1.536741
    1.702264    1.716557    1.801252    1.831356    1.834701    1.870914    1.986725    1.988581
    2.021382    2.023243    2.256013    2.285586    2.654262    2.686344    2.818012    2.821211
    2.859293    2.862554    3.306770    3.333923
at   0.40625   0.21875  -0.09375    0.001953
   52 eigenvalues :
   -2.810377   -2.725250   -1.591541   -1.575803   -1.546607   -1.492791   -1.477832   -1.462784
    0.247222    0.296097    0.298585    0.307453    0.354454    0.365079    0.371834    0.411748
    0.446006    0.489599    0.528113    0.581128    0.691237    0.741674    0.887761    0.923048
    1.148980    1.174717    1.363866    1.392074    1.426831    1.450036    1.683953    1.713545
    1.739404    1.773760    2.060159    2.085867    2.156575    2.180415    2.271670    2.297031
    2.335528    2.364685    2.484846    2.509087    2.573416    2.600870    2.638865    2.666791
    2.738843    2.767085    2.882306    2.910848
at   0.34375   0.28125  -0.09375    0.001953
   52 eigenvalues :
   -2.810318   -2.725188   -1.591449   -1.576040   -1.546815   -1.492674   -1.478071   -1.463120
    0.261405    0.283256    0.304026    0.311937    0.338873    0.365521    0.376089    0.402613
    0.451060    0.479843    0.544592    0.599500    0.733111    0.778443    0.809136    0.847873
    1.207842    1.234549    1.299407    1.325036    1.411164    1.436052    1.716025    1.752247
    1.826429    1.853281    1.949456    1.976601    2.208603    2.232296    2.263789    2.289018
    2.395627    2.418639    2.430588    2.460823    2.498640    2.526338    2.715960    2.743427
    2.796474    2.808383    2.827081    2.834480
at   0.28125   0.34375  -0.09375    0.001953
   52 eigenvalues :
   -2.810318   -2.725188   -1.591449   -1.576040   -1.546815   -1.492674   -1.478071   -1.463120
    0.261405    0.283256    0.304026    0.311937    0.338873    0.365521    0.376089    0.402613
    0.451060    0.479843    0.544592    0.599500    0.733111    0.778443    0.809136    0.847873
    1.207842    1.234549    1.299407    1.325036    1.411164    1.436052    1.716025    1.752247
    1.826429    1.853281    1.949456    1.976601    2.208603    2.232296    2.263789    2.289018
    2.395627    2.418639    2.430588    2.460823    2.498640    2.526338    2.715960    2.743427
    2.796474    2.808383    2.827081    2.834480
at   0.34375   0.34375  -0.09375    0.001953
   52 eigenvalues :
   -2.810177   -2.725038   -1.591834   -1.576043   -1.547366   -1.493088   -1.478032   -1.463714
    0.276536    0.278975    0.292296    0.330722    0.333816    0.352636    0.385882    0.397089
    0.461934    0.474044    0.612172    0.661713    0.691731    0.737901    0.751105    0.792469
    1.239647    1.268745    1.307193    1.331006    1.357620    1.381320    1.702628    1.739974
    1.925705    1.955867    1.979404    2.002823    2.110850    2.134289    2.329000    2.351211
    2.416478    2.436624    2.444710    2.468497    2.518654    2.543716    2.661586    2.685293
    2.687903    2.718377    2.919361    2.946707
at   0.21875   0.40625  -0.09375    0.001953
   52 eigenvalues :
   -2.810377   -2.725250   -1.591541   -1.575803   -1.546607   -1.492791   -1.477832   -1.462784
    0.247222    0.296097    0.298585    0.307453    0.354454    0.365079    0.371834    0.411748
    0.446006    0.489599    0.528113    0.581128    0.691237    0.741674    0.887761    0.923048
    1.148980    1.174717    1.363866    1.392074    1.426831    1.450036    1.683953    1.713545
    1.739404    1.773760    2.060159    2.085867    2.156575    2.180415    2.271670    2.297031
    2.335528    2.364685    2.484846    2.509087    2.573416    2.600870    2.638865    2.666791
    2.738843    2.767085    2.882306    2.910848
at   0.03125   0.46875   0.03125    0.001953
   52 eigenvalues :
   -2.810788   -2.725684   -1.591387   -1.574793   -1.545367   -1.492658   -1.476901   -1.461019
    0.221277    0.270566    0.281123    0.347359    0.382260    0.385445    0.391181    0.415910
    0.447509    0.459320    0.469823    0.519595    0.674052    0.729701    1.033403    1.052651
    1.104560    1.137792    1.357673    1.388042    1.490430    1.521982    1.621788    1.642882
    1.880964    1.897143    1.910661    1.914215    2.187682    2.213960    2.265628    2.301720
    2.355473    2.388671    2.439108    2.465730    2.605795    2.623754    2.632046    2.651665
    2.661248    2.682041    2.908908    2.935912
at   0.09375   0.40625   0.03125    0.001953
   52 eigenvalues :
   -2.810784   -2.725680   -1.591207   -1.574845   -1.545539   -1.492448   -1.476909   -1.461348
    0.228174    0.277487    0.281235    0.346818    0.355015    0.382557    0.394737    0.396530
    0.459526    0.471953    0.476051    0.539883    0.684029    0.737509    0.990307    1.016443
    1.071700    1.102851    1.386620    1.413339    1.556793    1.587053    1.617720    1.638888
    1.851369    1.873284    1.948092    1.974847    2.198541    2.225194    2.241065    2.272614
    2.282502    2.313017    2.476119    2.506836    2.520623    2.540247    2.628384    2.659213
    2.699180    2.727314    2.942372    2.969311
at   0.21875   0.34375   0.03125    0.001953
   52 eigenvalues :
   -2.810632   -2.725517   -1.591095   -1.575209   -1.546348   -1.492279   -1.477186   -1.462564
    0.253971    0.282219    0.306974    0.312464    0.343585    0.362321    0.384019    0.394686
    0.461225    0.472732    0.555640    0.610449    0.693382    0.742544    0.825329    0.862397
    1.052588    1.083345    1.437679    1.459206    1.553205    1.573604    1.770325    1.797140
    1.919656    1.945194    1.956628    1.986196    2.082234    2.108954    2.208024    2.229752
    2.301681    2.329875    2.372032    2.396702    2.598379    2.627633    2.634486    2.662355
    2.735382    2.764142    2.947473    2.976398
at   0.15625   0.34375   0.03125    0.001953
   52 eigenvalues :
   -2.810790   -2.725685   -1.590913   -1.574924   -1.545736   -1.492107   -1.476914   -1.461777
    0.239696    0.282325    0.288353    0.325936    0.346477    0.373075    0.381968    0.394895
    0.458898    0.472747    0.498292    0.560517    0.714756    0.763415    0.915356    0.948238
    1.063640    1.093666    1.409656    1.432884    1.588905    1.610155    1.658547    1.686934
    1.854723    1.877585    1.965023    1.995743    2.128307    2.154354    2.211367    2.237148
    2.315989    2.344916    2.411897    2.434295    2.528428    2.561822    2.643589    2.675949
    2.770026    2.798816    2.934718    2.963353
at   0.28125   0.28125   0.03125    0.001953
   52 eigenvalues :
   -2.810613   -2.725496   -1.591029   -1.575285   -1.546471   -1.492196   -1.477245   -1.462773
    0.261982    0.283474    0.301170    0.317099    0.339640    0.354828    0.384844    0.393429
    0.462230    0.471465    0.567828    0.623281    0.725322    0.769702    0.770868    0.810346
    1.052073    1.083420    1.451046    1.471227    1.534378    1.555206    1.868381    1.882070
    1.891029    1.908839    1.942383    1.979167    2.098299    2.121708    2.132159    2.150991
    2.314020    2.342801    2.405017    2.430779    2.599212    2.633121    2.651646    2.692224
    2.719036    2.745005    2.899549    2.927935
at   0.21875   0.28125   0.03125    0.001953
   52 eigenvalues :
   -2.810795   -2.725691   -1.590693   -1.574982   -1.545868   -1.491853   -1.476914   -1.462079
    0.252079    0.282763    0.299460    0.305075    0.342541    0.359179    0.381244    0.394070
    0.458194    0.472124    0.509522    0.572290    0.764903    0.808354    0.839170    0.876391
    1.063751    1.094535    1.423887    1.444368    1.564764    1.586625    1.761053    1.786799
    1.862616    1.886970    1.931085    1.966390    2.071760    2.094759    2.194689    2.217002
    2.352461    2.369644    2.377189    2.398138    2.567431    2.603571    2.691383    2.726270
    2.799966    2.824768    2.826453    2.854620
at   0.34375   0.21875   0.03125    0.001953
   52 eigenvalues :
   -2.810632   -2.725517   -1.591095   -1.575209   -1.546348   -1.492279   -1.477186   -1.462564
    0.253971    0.282219    0.306974    0.312464    0.343585    0.362321    0.384019    0.394686
    0.461225    0.472732    0.555640    0.610449    0.693382    0.742544    0.825329    0.862397
    1.052588    1.083345    1.437679    1.459206    1.553205    1.573604    1.770325    1.797140
    1.919656    1.945194    1.956628    1.986196    2.082234    2.108954    2.208024    2.229752
    2.301681    2.329875    2.372032    2.396702    2.598379    2.627633    2.634486    2.662355
    2.735382    2.764142    2.947473    2.976398
at   0.28125   0.21875   0.03125    0.001953
   52 eigenvalues :
   -2.810795   -2.725691   -1.590693   -1.574982   -1.545868   -1.491853   -1.476914   -1.462079
    0.252079    0.282763    0.299460    0.305075    0.342541    0.359179    0.381244    0.394070
    0.458194    0.472124    0.509522    0.572290    0.764903    0.808354    0.839170    0.876391
    1.063751    1.094535    1.423887    1.444368    1.564764    1.586625    1.761053    1.786799
    1.862616    1.886970    1.931085    1.966390    2.071760    2.094759    2.194689    2.217002
    2.352461    2.369644    2.377189    2.398138    2.567431    2.603571    2.691383    2.726270
    2.799966    2.824768    2.826453    2.854620
at   0.34375   0.15625   0.03125    0.001953
   52 eigenvalues :
   -2.810790   -2.725685   -1.590913   -1.574924   -1.545736   -1.492107   -1.476914   -1.461777
    0.239696    0.282325    0.288353    0.325936    0.346477    0.373075    0.381968    0.394895
    0.458898    0.472747    0.498292    0.560517    0.714756    0.763415    0.915356    0.948238
    1.063640    1.093666    1.409656    1.432884    1.588905    1.610155    1.658547    1.686934
    1.854723    1.877585    1.965023    1.995743    2.128307    2.154354    2.211367    2.237148
    2.315989    2.344916    2.411897    2.434295    2.528428    2.561822    2.643589    2.675949
    2.770026    2.798816    2.934718    2.963353
at   0.40625   0.09375   0.03125    0.001953
   52 eigenvalues :
   -2.810784   -2.725680   -1.591207   -1.574845   -1.545539   -1.492448   -1.476909   -1.461348
    0.228174    0.277487    0.281235    0.346818    0.355015    0.382557    0.394737    0.396530
    0.459526    0.471953    0.476051    0.539883    0.684029    0.737509    0.990307    1.016443
    1.071700    1.102851    1.386620    1.413339    1.556793    1.587053    1.617720    1.638888
    1.851369    1.873284    1.948092    1.974847    2.198541    2.225194    2.241065    2.272614
    2.282502    2.313017    2.476119    2.506836    2.520623    2.540247    2.628384    2.659213
    2.699180    2.727314    2.942372    2.969311
at  -0.03125   0.03125   0.03125    0.000977
   52 eigenvalues :
   -2.813826   -2.728912   -1.583592   -1.567733   -1.539564   -1.483958   -1.468244   -1.456093
    0.075367    0.097380    0.323650    0.324276    0.325953    0.381226    0.383522    0.396723
    0.396804    0.398726    0.458025    0.460513    1.263394    1.276768    1.276769    1.278169
    1.291228    1.291228    1.503499    1.527740    1.583336    1.583408    1.584557    1.600211
    1.625517    1.625615    1.666748    1.699628    1.847652    1.872756    1.872779    1.884372
    1.909274    1.909278    2.260789    2.287358    2.692375    2.718727    2.718932    2.731799
    2.759487    2.759522    3.426956    3.457394
at   0.03125   0.03125  -0.03125    0.000488
   52 eigenvalues :
   -2.813826   -2.728912   -1.583548   -1.567822   -1.539508   -1.483920   -1.468355   -1.456031
    0.075367    0.097380    0.323285    0.325195    0.325396    0.381555    0.383132    0.396399
    0.397886    0.398029    0.458055    0.460485    1.263394    1.276757    1.276779    1.278169
    1.291217    1.291239    1.503544    1.527669    1.579265    1.584552    1.588609    1.600213
    1.620186    1.629786    1.666868    1.699567    1.847656    1.872123    1.873412    1.884398
    1.908580    1.909942    2.260789    2.287358    2.692413    2.717274    2.720325    2.731951
    2.758019    2.760858    3.426956    3.457394
at   0.40625   0.15625  -0.03125    0.001953
   52 eigenvalues :
   -2.810642   -2.725529   -1.591298   -1.575217   -1.545899   -1.492538   -1.477281   -1.461839
    0.235225    0.285268    0.287200    0.331393    0.352690    0.377175    0.379007    0.406586
    0.453282    0.482933    0.494715    0.553291    0.686089    0.738582    0.939949    0.971680
    1.118595    1.145223    1.368863    1.397462    1.524603    1.545460    1.614646    1.643414
    1.828224    1.862430    1.996621    2.015045    2.163651    2.192640    2.252898    2.280224
    2.282130    2.312097    2.522693    2.542004    2.542810    2.572507    2.641887    2.670666
    2.674573    2.705474    2.934464    2.963466
at   0.34375   0.21875  -0.03125    0.001953
   52 eigenvalues :
   -2.810601   -2.725486   -1.591094   -1.575428   -1.546140   -1.492290   -1.477466   -1.462275
    0.248738    0.286825    0.298474    0.311615    0.347881    0.364637    0.377366    0.399992
    0.453237    0.477356    0.517062    0.575947    0.721300    0.768593    0.858466    0.894706
    1.141017    1.168992    1.358960    1.383781    1.488778    1.510877    1.733051    1.760095
    1.824684    1.859476    1.962804    1.987796    2.134066    2.157666    2.244894    2.270946
    2.330322    2.356618    2.436852    2.459554    2.511447    2.543546    2.722830    2.741904
    2.752642    2.774915    2.838383    2.866222
at   0.28125   0.28125  -0.03125    0.001953
   52 eigenvalues :
   -2.810588   -2.725472   -1.590999   -1.575510   -1.546231   -1.492174   -1.477539   -1.462448
    0.258135    0.282127    0.304729    0.307000    0.339491    0.362623    0.377788    0.397022
    0.453836    0.474466    0.524143    0.583748    0.765844    0.798261    0.809686    0.837214
    1.151731    1.180949    1.353417    1.375822    1.474705    1.497770    1.825044    1.832774
    1.856440    1.860152    1.880290    1.910168    2.148159    2.170412    2.222794    2.246433
    2.360805    2.385807    2.409006    2.434406    2.505141    2.538773    2.760638    2.772304
    2.798446    2.799365    2.799770    2.825662
at   0.34375   0.28125  -0.03125    0.001953
   52 eigenvalues :
   -2.810434   -2.725309   -1.591406   -1.575612   -1.546761   -1.492611   -1.477639   -1.462998
    0.263706    0.284734    0.299964    0.318613    0.342402    0.354102    0.382732    0.396255
    0.459255    0.473723    0.581154    0.633606    0.695746    0.743289    0.776021    0.815906
    1.146369    1.176066    1.375651    1.398316    1.448245    1.469707    1.815855    1.851904
    1.859445    1.886691    1.974753    2.000181    2.099477    2.122836    2.239171    2.259269
    2.352401    2.381644    2.413881    2.438964    2.543901    2.575772    2.676314    2.704523
    2.711476    2.745926    2.907701    2.935533
at   0.21875   0.34375  -0.03125    0.001953
   52 eigenvalues :
   -2.810601   -2.725486   -1.591094   -1.575428   -1.546140   -1.492290   -1.477466   -1.462275
    0.248738    0.286825    0.298474    0.311615    0.347881    0.364637    0.377366    0.399992
    0.453237    0.477356    0.517062    0.575947    0.721300    0.768593    0.858466    0.894706
    1.141017    1.168992    1.358960    1.383781    1.488778    1.510877    1.733051    1.760095
    1.824684    1.859476    1.962804    1.987796    2.134066    2.157666    2.244894    2.270946
    2.330322    2.356618    2.436852    2.459554    2.511447    2.543546    2.722830    2.741904
    2.752642    2.774915    2.838383    2.866222
at   0.28125   0.34375  -0.03125    0.001953
   52 eigenvalues :
   -2.810434   -2.725309   -1.591406   -1.575612   -1.546761   -1.492611   -1.477639   -1.462998
    0.263706    0.284734    0.299964    0.318613    0.342402    0.354102    0.382732    0.396255
    0.459255    0.473723    0.581154    0.633606    0.695746    0.743289    0.776021    0.815906
    1.146369    1.176066    1.375651    1.398316    1.448245    1.469707    1.815855    1.851904
    1.859445    1.886691    1.974753    2.000181    2.099477    2.122836    2.239171    2.259269
    2.352401    2.381644    2.413881    2.438964    2.543901    2.575772    2.676314    2.704523
    2.711476    2.745926    2.907701    2.935533
at   0.15625   0.40625  -0.03125    0.001953
   52 eigenvalues :
   -2.810642   -2.725529   -1.591298   -1.575217   -1.545899   -1.492538   -1.477281   -1.461839
    0.235225    0.285268    0.287200    0.331393    0.352690    0.377175    0.379007    0.406586
    0.453282    0.482933    0.494715    0.553291    0.686089    0.738582    0.939949    0.971680
    1.118595    1.145223    1.368863    1.397462    1.524603    1.545460    1.614646    1.643414
    1.828224    1.862430    1.996621    2.015045    2.163651    2.192640    2.252898    2.280224
    2.282130    2.312097    2.522693    2.542004    2.542810    2.572507    2.641887    2.670666
    2.674573    2.705474    2.934464    2.963466
at  -0.40625   0.46875   0.46875    0.001953
   52 eigenvalues :
   -2.808786   -2.723574   -1.594101   -1.578488   -1.550786   -1.495537   -1.480101   -1.468052
    0.234509    0.234526    0.289482    0.289493    0.403746    0.415383    0.416674    0.481495
    0.495483    0.496768    0.732735    0.736104    0.747140    0.763602    0.766358    0.777232
    1.033702    1.033934    1.072633    1.072841    1.185097    1.224972    1.772427    1.801692
    2.057745    2.085351    2.147807    2.149763    2.176683    2.178649    2.440618    2.440667
    2.463360    2.463420    2.502699    2.525271    2.684900    2.710716    2.929222    2.971746
    2.989758    2.989781    3.027346    3.027370
at  -0.46875   0.46875   0.46875    0.000977
   52 eigenvalues :
   -2.808704   -2.723487   -1.594269   -1.578623   -1.550977   -1.495715   -1.480237   -1.468262
    0.231862    0.231970    0.286695    0.287096    0.414966    0.415558    0.418130    0.495108
    0.495653    0.498739    0.726859    0.750394    0.753034    0.757550    0.780493    0.780639
    1.010349    1.023689    1.052031    1.063803    1.168021    1.208192    1.775616    1.804759
    2.134180    2.134326    2.149756    2.163208    2.163567    2.179525    2.455611    2.456570
    2.456578    2.475565    2.478337    2.478339    2.640692    2.665633    2.960686    2.979013
    2.979013    3.006441    3.024317    3.024317
at  -0.34375   0.40625   0.46875    0.001953
   52 eigenvalues :
   -2.809019   -2.723819   -1.593763   -1.577869   -1.550377   -1.495171   -1.479414   -1.467593
    0.241624    0.242172    0.296670    0.296885    0.381313    0.403510    0.417198    0.455194
    0.480852    0.497379    0.692865    0.720595    0.727534    0.755826    0.772798    0.804810
    1.051570    1.088155    1.092130    1.125862    1.238629    1.277560    1.752645    1.782013
    1.962611    1.989928    2.081845    2.108703    2.189677    2.218188    2.402909    2.427886
    2.438627    2.465395    2.557872    2.583238    2.785462    2.813264    2.813973    2.838378
    2.883747    2.916845    2.928486    2.950154
at  -0.40625   0.40625   0.46875    0.000977
   52 eigenvalues :
   -2.808870   -2.723662   -1.594008   -1.578186   -1.550696   -1.495427   -1.479745   -1.467963
    0.236748    0.237220    0.291146    0.292656    0.401296    0.404778    0.417921    0.478759
    0.482272    0.498582    0.686240    0.718890    0.751261    0.775365    0.783498    0.805943
    1.021531    1.058561    1.061471    1.094927    1.209766    1.248973    1.771173    1.800588
    2.037588    2.064575    2.077140    2.104160    2.173951    2.203426    2.422856    2.445341
    2.458058    2.483633    2.531826    2.556003    2.712158    2.738535    2.901069    2.935007
    2.938027    2.965912    2.981114    3.011580
at  -0.40625   0.46875   0.40625    0.001953
   52 eigenvalues :
   -2.808870   -2.723662   -1.593967   -1.578269   -1.550644   -1.495386   -1.479858   -1.467900
    0.236746    0.237222    0.291147    0.292656    0.401186    0.404927    0.417882    0.478657
    0.482390    0.498565    0.686252    0.718838    0.751359    0.775302    0.783482    0.805964
    1.021531    1.058558    1.061475    1.094926    1.209766    1.248972    1.771173    1.800588
    2.037584    2.064605    2.077102    2.104173    2.173949    2.203427    2.422856    2.445341
    2.458058    2.483632    2.531826    2.556003    2.712158    2.738535    2.901069    2.935007
    2.938028    2.965912    2.981114    3.011580
at  -0.28125   0.34375   0.46875    0.001953
   52 eigenvalues :
   -2.809364   -2.724183   -1.593311   -1.576957   -1.549719   -1.494717   -1.478395   -1.466815
    0.250154    0.254940    0.305413    0.308652    0.355098    0.384823    0.418825    0.425725
    0.458928    0.499166    0.642563    0.681919    0.701738    0.743540    0.816509    0.850951
    1.065179    1.099153    1.169801    1.198816    1.322910    1.360422    1.697489    1.726834
    1.872872    1.900382    2.037780    2.065082    2.242537    2.269282    2.370287    2.398586
    2.401989    2.430477    2.613694    2.627032    2.643105    2.647536    2.816114    2.835414
    2.847053    2.864142    2.903238    2.921207
at  -0.34375   0.34375   0.46875    0.000977
   52 eigenvalues :
   -2.809174   -2.723982   -1.593569   -1.577389   -1.550145   -1.494967   -1.478844   -1.467347
    0.244953    0.247419    0.299217    0.302456    0.377595    0.386561    0.419329    0.451744
    0.460293    0.500121    0.641151    0.679112    0.732209    0.769356    0.818045    0.849921
    1.034064    1.071253    1.119779    1.151595    1.287033    1.324846    1.745862    1.775366
    1.912132    1.938692    2.028335    2.055332    2.227476    2.256801    2.371172    2.395581
    2.427966    2.456386    2.609921    2.638368    2.723668    2.744509    2.800679    2.829804
    2.866930    2.898549    2.955706    2.977239
at  -0.34375   0.40625   0.40625    0.001953
   52 eigenvalues :
   -2.809107   -2.723911   -1.593606   -1.577651   -1.550227   -1.494990   -1.479173   -1.467438
    0.243185    0.244714    0.296503    0.300782    0.380929    0.396938    0.414725    0.454806
    0.473117    0.494793    0.635708    0.673254    0.777875    0.785382    0.812193    0.818631
    1.041947    1.079430    1.084632    1.118223    1.275746    1.313362    1.755865    1.785410
    1.956252    1.983247    2.021899    2.047725    2.175706    2.204638    2.400228    2.425085
    2.467792    2.498194    2.568528    2.593907    2.788145    2.814464    2.836441    2.856187
    2.862274    2.864309    2.877336    2.886570
at  -0.34375   0.46875   0.34375    0.001953
   52 eigenvalues :
   -2.809174   -2.723982   -1.593420   -1.577697   -1.549955   -1.494795   -1.479297   -1.467097
    0.244949    0.247424    0.299224    0.302449    0.377508    0.386692    0.419274    0.451670
    0.460387    0.500111    0.641157    0.679096    0.732228    0.769348    0.818037    0.849927
    1.034063    1.071253    1.119781    1.151593    1.287034    1.324845    1.745861    1.775366
    1.912132    1.938692    2.028333    2.055333    2.227475    2.256801    2.371172    2.395581
    2.427966    2.456386    2.609921    2.638369    2.723668    2.744509    2.800679    2.829804
    2.866930    2.898549    2.955706    2.977239
at  -0.21875   0.28125   0.46875    0.001953
   52 eigenvalues :
   -2.809765   -2.724605   -1.592860   -1.575897   -1.548869   -1.494324   -1.477193   -1.465767
    0.253992    0.272804    0.308217    0.325374    0.330999    0.368637    0.399760    0.420685
    0.440928    0.501071    0.590697    0.634099    0.688391    0.735640    0.868297    0.903695
    1.076045    1.106870    1.260315    1.285575    1.416561    1.451633    1.627345    1.658092
    1.778806    1.806673    2.052830    2.081889    2.249566    2.274107    2.361997    2.391546
    2.405241    2.433684    2.447544    2.468894    2.612093    2.641779    2.760160    2.788511
    2.790088    2.814184    2.910766    2.936797
at  -0.28125   0.28125   0.46875    0.000977
   52 eigenvalues :
   -2.809565   -2.724395   -1.593075   -1.576361   -1.549356   -1.494502   -1.477674   -1.466412
    0.251680    0.262785    0.305674    0.316496    0.350961    0.368433    0.421272    0.422363
    0.439613    0.502238    0.594869    0.637392    0.711970    0.755221    0.871698    0.905395
    1.040450    1.074419    1.202434    1.230129    1.386699    1.423096    1.683698    1.712961
    1.795231    1.822389    2.026708    2.054951    2.289103    2.316721    2.317313    2.343001
    2.403973    2.434894    2.541583    2.560525    2.633363    2.664482    2.768409    2.792900
    2.859039    2.894676    2.935049    2.956662
at  -0.28125   0.34375   0.40625    0.001953
   52 eigenvalues :
   -2.809457   -2.724281   -1.593118   -1.576740   -1.549556   -1.494490   -1.478156   -1.466657
    0.251430    0.256294    0.303472    0.312385    0.355625    0.381803    0.414345    0.426428
    0.455698    0.494112    0.590195    0.633399    0.763457    0.802162    0.826306    0.861240
    1.066076    1.100137    1.140547    1.170790    1.366339    1.402211    1.702112    1.731410
    1.872848    1.900173    1.976482    2.002825    2.216114    2.244374    2.356442    2.382873
    2.433321    2.465116    2.611228    2.639936    2.675290    2.693230    2.755631    2.783110
    2.828912    2.847935    2.890274    2.921894
at  -0.28125   0.40625   0.34375    0.001953
   52 eigenvalues :
   -2.809457   -2.724281   -1.593013   -1.576957   -1.549424   -1.494350   -1.478509   -1.466464
    0.251426    0.256298    0.303478    0.312377    0.355607    0.381862    0.414266    0.426451
    0.455720    0.494108    0.590195    0.633398    0.763460    0.802159    0.826303    0.861242
    1.066075    1.100137    1.140548    1.170789    1.366339    1.402211    1.702112    1.731410
    1.872848    1.900173    1.976481    2.002826    2.216114    2.244374    2.356442    2.382873
    2.433321    2.465116    2.611228    2.639937    2.675290    2.693230    2.755631    2.783110
    2.828912    2.847936    2.890274    2.921894
at  -0.28125   0.46875   0.28125    0.001953
   52 eigenvalues :
   -2.809565   -2.724395   -1.592778   -1.576978   -1.548980   -1.494106   -1.478661   -1.465877
    0.251677    0.262789    0.305690    0.316477    0.350898    0.368556    0.420530    0.422992
    0.439674    0.502234    0.594871    0.637388    0.711972    0.755220    0.871694    0.905398
    1.040450    1.074419    1.202436    1.230127    1.386700    1.423096    1.683698    1.712962
    1.795231    1.822389    2.026708    2.054952    2.289103    2.316785    2.317249    2.343002
    2.403973    2.434894    2.541583    2.560525    2.633363    2.664482    2.768409    2.792900
    2.859039    2.894676    2.935049    2.956661
at  -0.15625   0.21875   0.46875    0.001953
   52 eigenvalues :
   -2.810160   -2.725022   -1.592505   -1.574858   -1.547945   -1.494082   -1.475987   -1.464595
    0.247642    0.295656    0.299984    0.311099    0.346764    0.364133    0.379088    0.422033
    0.437037    0.502239    0.540496    0.587760    0.680459    0.731664    0.922904    0.957603
    1.086462    1.114039    1.360307    1.382849    1.453646    1.484351    1.606093    1.638547
    1.706165    1.737325    2.104318    2.135170    2.200717    2.222755    2.292324    2.312455
    2.329183    2.359490    2.499773    2.529895    2.588321    2.616661    2.715921    2.717006
    2.740217    2.742196    2.901898    2.929886
at  -0.21875   0.21875   0.46875    0.000977
   52 eigenvalues :
   -2.809981   -2.724834   -1.592645   -1.575270   -1.548416   -1.494163   -1.476418   -1.465241
    0.250209    0.283285    0.302636    0.325824    0.335523    0.360257    0.395289    0.423388
    0.431578    0.504555    0.547870    0.594082    0.697411    0.745539    0.933565    0.968070
    1.043856    1.073807    1.298543    1.323008    1.488899    1.522903    1.597012    1.626405
    1.707665    1.737284    2.065178    2.094950    2.269984    2.284256    2.296944    2.307429
    2.385675    2.408763    2.445690    2.475360    2.611791    2.642473    2.721609    2.743860
    2.830748    2.866735    2.890942    2.910798
at  -0.21875   0.28125   0.40625    0.001953
   52 eigenvalues :
   -2.809866   -2.724712   -1.592625   -1.575683   -1.548692   -1.494040   -1.476960   -1.465605
    0.254650    0.272477    0.305539    0.327000    0.332444    0.367187    0.401432    0.415762
    0.439562    0.495464    0.548761    0.597203    0.741807    0.785199    0.877198    0.913035
    1.079982    1.110755    1.227546    1.254544    1.460233    1.493400    1.630509    1.661179
    1.776926    1.804400    1.990836    2.018845    2.254403    2.280805    2.313216    2.340897
    2.387659    2.416682    2.514650    2.537233    2.630124    2.657505    2.699592    2.725835
    2.826251    2.848972    2.897407    2.927062
at  -0.21875   0.34375   0.34375    0.001953
   52 eigenvalues :
   -2.809825   -2.724670   -1.592514   -1.576009   -1.548684   -1.493843   -1.477484   -1.465562
    0.258500    0.266506    0.306910    0.323869    0.332674    0.375573    0.400942    0.408748
    0.449345    0.486985    0.548273    0.597890    0.796377    0.814058    0.837550    0.851550
    1.130664    1.161254    1.169505    1.197562    1.448616    1.481183    1.635265    1.666285
    1.883507    1.892722    1.913089    1.917341    2.241842    2.269478    2.334482    2.362188
    2.370118    2.398986    2.558820    2.585165    2.675721    2.704608    2.705808    2.723070
    2.752934    2.776535    2.901136    2.927123
at  -0.21875   0.40625   0.28125    0.001953
   52 eigenvalues :
   -2.809866   -2.724712   -1.592379   -1.576196   -1.548383   -1.493668   -1.477857   -1.465123
    0.254647    0.272480    0.305554    0.326962    0.332435    0.367287    0.401285    0.415821
    0.439584    0.495467    0.548755    0.597205    0.741808    0.785198    0.877197    0.913037
    1.079981    1.110755    1.227548    1.254543    1.460233    1.493400    1.630509    1.661179
    1.776926    1.804400    1.990836    2.018846    2.254403    2.280805    2.313216    2.340897
    2.387659    2.416681    2.514650    2.537233    2.630124    2.657505    2.699592    2.725835
    2.826251    2.848972    2.897407    2.927062
at  -0.21875   0.46875   0.21875    0.001953
   52 eigenvalues :
   -2.809981   -2.724834   -1.592197   -1.576208   -1.547851   -1.493486   -1.478024   -1.464387
    0.250208    0.283283    0.302655    0.325788    0.335488    0.360390    0.395158    0.423418
    0.431601    0.504560    0.547864    0.594083    0.697411    0.745539    0.933562    0.968073
    1.043856    1.073807    1.298545    1.323006    1.488898    1.522905    1.597009    1.626407
    1.707666    1.737284    2.065177    2.094950    2.269984    2.284257    2.296943    2.307430
    2.385675    2.408762    2.445691    2.475360    2.611791    2.642473    2.721610    2.743860
    2.830748    2.866735    2.890942    2.910797
at  -0.09375   0.15625   0.46875    0.001953
   52 eigenvalues :
   -2.810490   -2.725370   -1.592276   -1.573991   -1.547105   -1.493987   -1.474955   -1.463517
    0.235329    0.286016    0.295226    0.323213    0.361761    0.371204    0.372093    0.421590
    0.445260    0.494371    0.500291    0.547115    0.676356    0.730130    0.974865    1.006213
    1.096397    1.122512    1.411465    1.442143    1.466029    1.486933    1.569308    1.598732
    1.754881    1.790233    2.086756    2.103242    2.172618    2.205380    2.220137    2.245369
    2.310046    2.340922    2.577103    2.579594    2.604298    2.607293    2.630075    2.654792
    2.684610    2.708933    2.946126    2.975576
at  -0.15625   0.15625   0.46875    0.000977
   52 eigenvalues :
   -2.810361   -2.725235   -1.592343   -1.574283   -1.547476   -1.493991   -1.475269   -1.464029
    0.239623    0.290191    0.305094    0.308804    0.359058    0.364422    0.373494    0.425324
    0.437958    0.500972    0.506894    0.550720    0.688708    0.740260    1.000337    1.034807
    1.045918    1.071104    1.401955    1.424346    1.503938    1.530324    1.534143    1.560037
    1.707897    1.742369    2.121336    2.151932    2.167581    2.184541    2.237672    2.266305
    2.328675    2.357588    2.500258    2.526523    2.583087    2.612133    2.697139    2.721375
    2.816678    2.851532    2.852903    2.871487
at  -0.15625   0.21875   0.40625    0.001953
   52 eigenvalues :
   -2.810268   -2.725136   -1.592222   -1.574645   -1.547753   -1.493739   -1.475758   -1.464428
    0.247442    0.292872    0.296746    0.313503    0.345594    0.363625    0.381302    0.417106
    0.436572    0.496553    0.509463    0.562488    0.724590    0.771609    0.931139    0.966101
    1.092530    1.120233    1.326483    1.351200    1.481754    1.510560    1.620854    1.652254
    1.704501    1.735763    2.032347    2.060939    2.206964    2.229060    2.278117    2.306989
    2.369809    2.396937    2.433897    2.458336    2.614950    2.642884    2.700561    2.727629
    2.788875    2.814156    2.870391    2.898748
at  -0.15625   0.28125   0.34375    0.001953
   52 eigenvalues :
   -2.810220   -2.725086   -1.592031   -1.575010   -1.547831   -1.493403   -1.476353   -1.464519
    0.256816    0.279217    0.302938    0.317222    0.335955    0.368168    0.383950    0.406507
    0.441922    0.484223    0.513784    0.569572    0.779796    0.822402    0.853237    0.890909
    1.162243    1.189916    1.244502    1.270967    1.464740    1.492754    1.650974    1.685695
    1.792580    1.819065    1.921674    1.949983    2.245742    2.270842    2.284858    2.312166
    2.348098    2.375536    2.463554    2.488794    2.606544    2.633748    2.694882    2.718308
    2.790707    2.816483    2.896324    2.925648
at  -0.15625   0.34375   0.28125    0.001953
   52 eigenvalues :
   -2.810220   -2.725086   -1.591891   -1.575304   -1.547656   -1.493167   -1.476902   -1.464228
    0.256816    0.279217    0.302945    0.317210    0.335947    0.368252    0.383854    0.406527
    0.441924    0.484237    0.513772    0.569574    0.779797    0.822400    0.853237    0.890910
    1.162242    1.189917    1.244503    1.270967    1.464740    1.492754    1.650974    1.685695
    1.792580    1.819065    1.921674    1.949983    2.245742    2.270842    2.284858    2.312166
    2.348099    2.375536    2.463554    2.488794    2.606544    2.633748    2.694882    2.718308
    2.790708    2.816483    2.896325    2.925648
at  -0.15625   0.40625   0.21875    0.001953
   52 eigenvalues :
   -2.810268   -2.725136   -1.591829   -1.575472   -1.547259   -1.493081   -1.477276   -1.463627
    0.247442    0.292844    0.296786    0.313482    0.345560    0.363793    0.381147    0.417128
    0.436575    0.496622    0.509395    0.562494    0.724590    0.771609    0.931137    0.966103
    1.092530    1.120233    1.326484    1.351199    1.481754    1.510561    1.620853    1.652256
    1.704500    1.735764    2.032347    2.060939    2.206964    2.229060    2.278117    2.306989
    2.369810    2.396937    2.433898    2.458336    2.614950    2.642884    2.700562    2.727628
    2.788875    2.814156    2.870392    2.898747
at  -0.15625   0.46875   0.15625    0.001953
   52 eigenvalues :
   -2.810361   -2.725235   -1.591766   -1.575503   -1.546746   -1.493035   -1.477451   -1.462891
    0.239624    0.290186    0.305050    0.308853    0.358921    0.364803    0.373227    0.425355
    0.437943    0.501127    0.506739    0.550728    0.688708    0.740260    1.000330    1.034847
    1.045878    1.071111    1.401956    1.424344    1.503930    1.530418    1.534053    1.560042
    1.707897    1.742369    2.121335    2.151932    2.167581    2.184541    2.237671    2.266305
    2.328675    2.357588    2.500259    2.526522    2.583087    2.612134    2.697140    2.721374
    2.816678    2.851532    2.852903    2.871487
at  -0.03125   0.09375   0.46875    0.001953
   52 eigenvalues :
   -2.810710   -2.725602   -1.592161   -1.573419   -1.546516   -1.493975   -1.474261   -1.462758
    0.225090    0.274736    0.284769    0.350975    0.354885    0.379026    0.399207    0.413990
    0.455030    0.459241    0.485766    0.523888    0.674554    0.729751    1.016187    1.040531
    1.103103    1.132436    1.371745    1.402596    1.513538    1.544165    1.567516    1.588034
    1.843053    1.877217    1.960673    1.975354    2.195179    2.221301    2.240257    2.275616
    2.315327    2.346193    2.522375    2.549456    2.590956    2.616011    2.617568    2.643191
    2.666660    2.688833    2.941864    2.970833
at  -0.09375   0.09375   0.46875    0.000977
   52 eigenvalues :
   -2.810648   -2.725537   -1.592170   -1.573541   -1.546707   -1.493942   -1.474398   -1.463022
    0.227375    0.276616    0.290423    0.339101    0.357293    0.374630    0.386195    0.426835
    0.449622    0.455981    0.508438    0.509636    0.684217    0.737875    1.046997    1.065840
    1.069053    1.101248    1.417061    1.448039    1.484279    1.512076    1.524050    1.547461
    1.790075    1.823987    2.034068    2.049975    2.161818    2.190062    2.237497    2.271049
    2.328586    2.359051    2.497359    2.521625    2.566047    2.592442    2.668315    2.698033
    2.825726    2.840610    2.843548    2.867158
at  -0.09375   0.15625   0.40625    0.001953
   52 eigenvalues :
   -2.810605   -2.725492   -1.591952   -1.573778   -1.546901   -1.493592   -1.474731   -1.463345
    0.234548    0.282472    0.296181    0.319596    0.361609    0.369604    0.371677    0.416597
    0.445083    0.472491    0.494523    0.531669    0.713529    0.763148    0.982618    1.014041
    1.104793    1.131314    1.395243    1.423499    1.466472    1.490872    1.576579    1.604961
    1.761411    1.795382    2.050678    2.073579    2.129066    2.153970    2.259076    2.289909
    2.335276    2.363868    2.430952    2.454851    2.598475    2.624295    2.720298    2.745473
    2.771119    2.802227    2.846470    2.874523
at  -0.09375   0.21875   0.34375    0.001953
   52 eigenvalues :
   -2.810581   -2.725467   -1.591641   -1.574095   -1.546996   -1.493104   -1.475259   -1.463512
    0.245100    0.290292    0.291637    0.310426    0.348884    0.368179    0.373160    0.405148
    0.443213    0.482062    0.485199    0.546094    0.761463    0.806289    0.902314    0.937916
    1.165074    1.191148    1.321735    1.348174    1.452327    1.478333    1.691884    1.719064
    1.752717    1.786850    1.957704    1.985221    2.150247    2.172913    2.273984    2.302938
    2.366915    2.389295    2.399596    2.429477    2.563067    2.588236    2.743793    2.758797
    2.770167    2.785777    2.858274    2.892677
at  -0.09375   0.28125   0.28125    0.001953
   52 eigenvalues :
   -2.810574   -2.725459   -1.591407   -1.574428   -1.546911   -1.492714   -1.475882   -1.463363
    0.252323    0.282780    0.294738    0.311296    0.341511    0.368264    0.375004    0.400207
    0.443225    0.477365    0.488768    0.550882    0.815333    0.837154    0.857761    0.874912
    1.218754    1.245560    1.261795    1.287035    1.447590    1.473978    1.748634    1.782658
    1.786276    1.810287    1.871786    1.901818    2.161985    2.184687    2.271079    2.299099
    2.370273    2.391478    2.422382    2.454548    2.527872    2.553814    2.695136    2.719891
    2.857821    2.875195    2.884075    2.910644
at  -0.09375   0.34375   0.21875    0.001953
   52 eigenvalues :
   -2.810581   -2.725467   -1.591349   -1.574710   -1.546634   -1.492579   -1.476438   -1.462897
    0.245101    0.290283    0.291639    0.310429    0.348886    0.368384    0.372939    0.405153
    0.443213    0.482413    0.484854    0.546100    0.761464    0.806288    0.902313    0.937917
    1.165073    1.191149    1.321736    1.348173    1.452327    1.478333    1.691881    1.719072
    1.752710    1.786852    1.957704    1.985221    2.150247    2.172913    2.273984    2.302937
    2.366915    2.389295    2.399596    2.429477    2.563067    2.588236    2.743796    2.758793
    2.770170    2.785774    2.858277    2.892676
at  -0.09375   0.40625   0.15625    0.001953
   52 eigenvalues :
   -2.810605   -2.725492   -1.591426   -1.574894   -1.546239   -1.492660   -1.476820   -1.462261
    0.234549    0.282470    0.296166    0.319614    0.361752    0.369509    0.371609    0.416605
    0.445067    0.472589    0.494435    0.531685    0.713530    0.763148    0.982616    1.014045
    1.104790    1.131316    1.395243    1.423498    1.466473    1.490872    1.576579    1.604962
    1.761411    1.795382    2.050678    2.073579    2.129066    2.153970    2.259076    2.289909
    2.335276    2.363868    2.430953    2.454850    2.598475    2.624295    2.720300    2.745470
    2.771123    2.802221    2.846477    2.874520
at  -0.09375   0.46875   0.09375    0.001953
   52 eigenvalues :
   -2.810648   -2.725537   -1.591497   -1.574974   -1.545855   -1.492761   -1.477017   -1.461677
    0.227376    0.276614    0.290410    0.339133    0.357374    0.374458    0.386248    0.426859
    0.449484    0.456149    0.507903    0.510137    0.684218    0.737875    1.046953    1.066336
    1.068586    1.101262    1.417060    1.448039    1.484281    1.512068    1.524058    1.547460
    1.790075    1.823987    2.034068    2.049975    2.161818    2.190063    2.237497    2.271050
    2.328585    2.359051    2.497361    2.521624    2.566047    2.592442    2.668317    2.698032
    2.825726    2.840611    2.843547    2.867158
at   0.03125   0.03125   0.46875    0.000977
   52 eigenvalues :
   -2.810788   -2.725684   -1.592126   -1.573217   -1.546304   -1.493980   -1.474015   -1.462484
    0.221275    0.270568    0.281133    0.347316    0.382199    0.385420    0.391345    0.415918
    0.447439    0.459168    0.470005    0.519581    0.674051    0.729701    1.033413    1.052634
    1.104571    1.137787    1.357674    1.388042    1.490430    1.521981    1.621788    1.642883
    1.880964    1.897143    1.910661    1.914215    2.187682    2.213960    2.265631    2.301714
    2.355479    2.388669    2.439108    2.465730    2.605783    2.623825    2.631973    2.651680
    2.661247    2.682041    2.908908    2.935912
at  -0.03125   0.03125   0.46875    0.000977
   52 eigenvalues :
   -2.810802   -2.725699   -1.592097   -1.573144   -1.546274   -1.493943   -1.473928   -1.462451
    0.219888    0.268463    0.282849    0.349347    0.373386    0.381707    0.412400    0.413714
    0.427656    0.457723    0.476289    0.509343    0.682386    0.737034    1.047632    1.065390
    1.119094    1.152484    1.354496    1.386363    1.468439    1.499960    1.604917    1.625891
    1.827889    1.855060    1.957649    1.977671    2.166104    2.192850    2.265358    2.302547
    2.369555    2.400138    2.442542    2.470342    2.563482    2.586892    2.631155    2.661898
    2.810948    2.828420    2.847653    2.870893
at  -0.03125   0.09375   0.40625    0.001953
   52 eigenvalues :
   -2.810828   -2.725727   -1.591807   -1.573205   -1.546304   -1.493545   -1.474040   -1.462582
    0.224014    0.271050    0.286182    0.347359    0.352737    0.379060    0.391144    0.408137
    0.445211    0.454940    0.481189    0.515517    0.707675    0.758834    1.023581    1.047993
    1.113538    1.143425    1.369059    1.399314    1.504665    1.534214    1.572105    1.594153
    1.804452    1.832454    2.002771    2.025062    2.145100    2.172060    2.247206    2.280154
    2.325650    2.354798    2.424146    2.450860    2.607848    2.631616    2.675081    2.709685
    2.711205    2.732208    2.944427    2.972786
at  -0.03125   0.15625   0.34375    0.001953
   52 eigenvalues :
   -2.810855   -2.725756   -1.591380   -1.573392   -1.546329   -1.492944   -1.474377   -1.462723
    0.232749    0.277145    0.289146    0.321681    0.353822    0.371527    0.375886    0.400629
    0.451163    0.462477    0.477679    0.529459    0.749641    0.796103    0.954204    0.986169
    1.136491    1.163804    1.356958    1.384091    1.518569    1.541575    1.614795    1.642875
    1.816342    1.845777    1.968934    1.995678    2.105192    2.130368    2.262986    2.289661
    2.308359    2.336123    2.426936    2.456414    2.556454    2.579486    2.713834    2.743719
    2.746260    2.775490    2.875185    2.907300
at  -0.03125   0.21875   0.28125    0.001953
   52 eigenvalues :
   -2.810873   -2.725775   -1.591010   -1.573679   -1.546267   -1.492385   -1.474923   -1.462673
    0.242409    0.283268    0.286785    0.307741    0.346672    0.366709    0.373157    0.396836
    0.448206    0.470896    0.474827    0.537941    0.805966    0.847926    0.879122    0.915546
    1.160564    1.189011    1.338228    1.361591    1.496438    1.520785    1.719372    1.745414
    1.838794    1.869746    1.882608    1.912684    2.064185    2.086620    2.289992    2.316126
    2.319147    2.344369    2.455846    2.484734    2.487787    2.515646    2.711227    2.738315
    2.812503    2.844470    2.860079    2.893533
at  -0.03125   0.28125   0.21875    0.001953
   52 eigenvalues :
   -2.810873   -2.725775   -1.590852   -1.574010   -1.546073   -1.492096   -1.475567   -1.462339
    0.242410    0.283268    0.286779    0.307744    0.346686    0.366717    0.373138    0.396825
    0.448215    0.471005    0.474717    0.537943    0.805968    0.847924    0.879122    0.915546
    1.160564    1.189011    1.338228    1.361591    1.496438    1.520785    1.719371    1.745416
    1.838795    1.869733    1.882622    1.912682    2.064185    2.086620    2.289992    2.316122
    2.319152    2.344369    2.455845    2.484734    2.487787    2.515647    2.711228    2.738314
    2.812505    2.844460    2.860089    2.893530
at  -0.03125   0.34375   0.15625    0.001953
   52 eigenvalues :
   -2.810855   -2.725756   -1.590942   -1.574319   -1.545784   -1.492144   -1.476148   -1.461808
    0.232751    0.277144    0.289135    0.321689    0.353885    0.371452    0.375898    0.400604
    0.451174    0.462584    0.477579    0.529467    0.749642    0.796102    0.954203    0.986171
    1.136489    1.163806    1.356958    1.384091    1.518570    1.541574    1.614794    1.642876
    1.816342    1.845777    1.968934    1.995678    2.105191    2.130368    2.262986    2.289661
    2.308360    2.336122    2.426937    2.456414    2.556454    2.579486    2.713834    2.743712
    2.746267    2.775488    2.875187    2.907298
at  -0.03125   0.40625   0.09375    0.001953
   52 eigenvalues :
   -2.810828   -2.725727   -1.591171   -1.574560   -1.545499   -1.492400   -1.476566   -1.461286
    0.224015    0.271048    0.286172    0.347384    0.352786    0.378971    0.391155    0.408107
    0.445240    0.455027    0.481095    0.515538    0.707676    0.758833    1.023575    1.048002
    1.113531    1.143428    1.369059    1.399314    1.504665    1.534214    1.572105    1.594153
    1.804452    1.832454    2.002771    2.025063    2.145100    2.172061    2.247204    2.280156
    2.325649    2.354798    2.424148    2.450859    2.607848    2.631616    2.675082    2.709674
    2.711216    2.732208    2.944427    2.972786
at  -0.03125   0.46875   0.03125    0.001953
   52 eigenvalues :
   -2.810802   -2.725699   -1.591359   -1.574720   -1.545336   -1.492626   -1.476813   -1.460982
    0.219889    0.268461    0.282839    0.349398    0.373481    0.381545    0.412332    0.413710
    0.427757    0.457811    0.476175    0.509368    0.682387    0.737033    1.047622    1.065405
    1.119085    1.152489    1.354495    1.386364    1.468439    1.499960    1.604918    1.625890
    1.827889    1.855060    1.957649    1.977671    2.166104    2.192850    2.265356    2.302551
    2.369553    2.400137    2.442546    2.470340    2.563482    2.586892    2.631156    2.661897
    2.810948    2.828420    2.847653    2.870894
at   0.03125  -0.03125   0.46875    0.000977
   52 eigenvalues :
   -2.810802   -2.725699   -1.592097   -1.573144   -1.546274   -1.493943   -1.473928   -1.462451
    0.219888    0.268463    0.282849    0.349347    0.373386    0.381707    0.412400    0.413714
    0.427656    0.457723    0.476289    0.509343    0.682386    0.737034    1.047632    1.065390
    1.119094    1.152484    1.354496    1.386363    1.468439    1.499960    1.604917    1.625891
    1.827889    1.855060    1.957649    1.977671    2.166104    2.192850    2.265358    2.302547
    2.369555    2.400138    2.442542    2.470342    2.563482    2.586892    2.631155    2.661898
    2.810948    2.828420    2.847653    2.870893
at   0.03125   0.03125   0.40625    0.001953
   52 eigenvalues :
   -2.810906   -2.725809   -1.591760   -1.573001   -1.546087   -1.493538   -1.473795   -1.462306
    0.220108    0.266840    0.282610    0.348965    0.369392    0.382756    0.390915    0.403433
    0.437580    0.458887    0.469388    0.512751    0.705899    0.757565    1.040717    1.060160
    1.115838    1.149563    1.355649    1.385354    1.485810    1.517101    1.632844    1.654397
    1.775195    1.797972    2.003607    2.028936    2.159213    2.184986    2.234888    2.268140
    2.363710    2.385795    2.397158    2.411785    2.628777    2.637467    2.661996    2.662477
    2.686815    2.706343    2.970187    2.998491
at   0.03125   0.09375   0.34375    0.001953
   52 eigenvalues :
   -2.811003   -2.725912   -1.591254   -1.573011   -1.545958   -1.492882   -1.473882   -1.462292
    0.225545    0.269407    0.283927    0.336611    0.349770    0.380268    0.381516    0.392414
    0.451116    0.457916    0.470362    0.522079    0.744056    0.791385    1.004001    1.030340
    1.090100    1.122117    1.381626    1.406941    1.550315    1.580188    1.628432    1.650652
    1.766848    1.789337    1.994980    2.024790    2.134528    2.161437    2.209056    2.232633
    2.330323    2.362547    2.413699    2.443378    2.570871    2.595583    2.640692    2.672436
    2.735238    2.760496    3.005426    3.036143
at   0.03125   0.15625   0.28125    0.001953
   52 eigenvalues :
   -2.811072   -2.725985   -1.590756   -1.573171   -1.545832   -1.492200   -1.474220   -1.462245
    0.234439    0.274253    0.285483    0.309619    0.349191    0.363005    0.378967    0.392877
    0.455419    0.460958    0.471079    0.530627    0.796021    0.838753    0.935310    0.968432
    1.085329    1.116072    1.398299    1.419666    1.588676    1.611498    1.654094    1.682233
    1.812942    1.836028    1.925558    1.958219    2.032669    2.057546    2.259344    2.280197
    2.345703    2.378419    2.423989    2.450146    2.524217    2.555203    2.674127    2.707034
    2.781800    2.807462    2.915049    2.949460
at   0.03125   0.21875   0.21875    0.001953
   52 eigenvalues :
   -2.811097   -2.726012   -1.590450   -1.573465   -1.545660   -1.491734   -1.474795   -1.462014
    0.240024    0.277000    0.285556    0.298581    0.346168    0.358787    0.377828    0.392943
    0.454186    0.464321    0.471260    0.533907    0.850201    0.872946    0.890019    0.909400
    1.085923    1.116875    1.404062    1.423562    1.575413    1.598723    1.719946    1.745667
    1.828573    1.856245    1.898832    1.931420    1.963822    1.986264    2.282213    2.302891
    2.362999    2.395702    2.402520    2.426557    2.535243    2.570633    2.701649    2.729251
    2.780400    2.816249    2.868030    2.896235
at   0.03125   0.28125   0.15625    0.001953
   52 eigenvalues :
   -2.811072   -2.725985   -1.590438   -1.573836   -1.545442   -1.491632   -1.475480   -1.461594
    0.234440    0.274252    0.285475    0.309623    0.349236    0.362968    0.378993    0.392825
    0.455468    0.461009    0.470998    0.530631    0.796023    0.838752    0.935308    0.968435
    1.085326    1.116074    1.398299    1.419666    1.588676    1.611497    1.654094    1.682234
    1.812942    1.836028    1.925559    1.958218    2.032670    2.057545    2.259344    2.280196
    2.345703    2.378419    2.423989    2.450146    2.524216    2.555203    2.674127    2.707034
    2.781801    2.807462    2.915049    2.949460
at   0.03125   0.34375   0.09375    0.001953
   52 eigenvalues :
   -2.811003   -2.725912   -1.590685   -1.574214   -1.545246   -1.491874   -1.476110   -1.461149
    0.225547    0.269405    0.283918    0.336607    0.349827    0.380185    0.381609    0.392319
    0.451158    0.458043    0.470224    0.522088    0.744057    0.791384    1.003995    1.030351
    1.090091    1.122121    1.381626    1.406941    1.550315    1.580188    1.628432    1.650651
    1.766848    1.789337    1.994980    2.024791    2.134527    2.161437    2.209056    2.232633
    2.330324    2.362546    2.413699    2.443378    2.570871    2.595583    2.640692    2.672437
    2.735239    2.760496    3.005426    3.036143
at   0.03125   0.40625   0.03125    0.001953
   52 eigenvalues :
   -2.810906   -2.725809   -1.591036   -1.574541   -1.545169   -1.492270   -1.476586   -1.460883
    0.220109    0.266837    0.282600    0.349012    0.369371    0.382938    0.390636    0.403461
    0.437621    0.459069    0.469203    0.512766    0.705900    0.757564    1.040707    1.060175
    1.115828    1.149568    1.355649    1.385354    1.485810    1.517101    1.632845    1.654396
    1.775195    1.797972    2.003607    2.028936    2.159213    2.184986    2.234887    2.268142
    2.363718    2.385750    2.397208    2.411771    2.628780    2.637462    2.662142    2.662333
    2.686815    2.706343    2.970187    2.998491
at   0.03125   0.46875  -0.03125    0.001953
   52 eigenvalues :
   -2.810802   -2.725699   -1.591323   -1.574797   -1.545285   -1.492593   -1.476898   -1.460940
    0.219889    0.268461    0.282839    0.349403    0.373443    0.381575    0.412368    0.413725
    0.427693    0.457815    0.476192    0.509362    0.682387    0.737033    1.047622    1.065405
    1.119085    1.152489    1.354495    1.386364    1.468439    1.499960    1.604918    1.625890
    1.827890    1.855060    1.957649    1.977671    2.166104    2.192850    2.265356    2.302550
    2.369555    2.400135    2.442544    2.470341    2.563482    2.586892    2.631156    2.661897
    2.810948    2.828420    2.847653    2.870894
at   0.09375  -0.09375   0.46875    0.000977
   52 eigenvalues :
   -2.810648   -2.725537   -1.592170   -1.573541   -1.546707   -1.493942   -1.474398   -1.463022
    0.227375    0.276616    0.290423    0.339101    0.357293    0.374630    0.386195    0.426835
    0.449622    0.455981    0.508438    0.509636    0.684217    0.737875    1.046997    1.065840
    1.069053    1.101248    1.417061    1.448039    1.484279    1.512076    1.524050    1.547461
    1.790075    1.823987    2.034068    2.049975    2.161818    2.190062    2.237497    2.271049
    2.328586    2.359051    2.497359    2.521625    2.566047    2.592442    2.668315    2.698033
    2.825726    2.840610    2.843548    2.867158
at   0.09375  -0.03125   0.40625    0.001953
   52 eigenvalues :
   -2.810828   -2.725727   -1.591807   -1.573205   -1.546304   -1.493545   -1.474040   -1.462582
    0.224014    0.271050    0.286182    0.347359    0.352737    0.379060    0.391144    0.408137
    0.445211    0.454940    0.481189    0.515517    0.707675    0.758834    1.023581    1.047993
    1.113538    1.143425    1.369059    1.399314    1.504665    1.534214    1.572105    1.594153
    1.804452    1.832454    2.002771    2.025062    2.145100    2.172060    2.247206    2.280154
    2.325650    2.354798    2.424146    2.450860    2.607848    2.631616    2.675081    2.709685
    2.711205    2.732208    2.944427    2.972786
at   0.09375   0.03125   0.34375    0.001953
   52 eigenvalues :
   -2.811003   -2.725912   -1.591254   -1.573011   -1.545958   -1.492882   -1.473882   -1.462292
    0.225545    0.269407    0.283927    0.336611    0.349770    0.380268    0.381516    0.392414
    0.451116    0.457916    0.470362    0.522079    0.744056    0.791385    1.004001    1.030340
    1.090100    1.122117    1.381626    1.406941    1.550315    1.580188    1.628432    1.650652
    1.766848    1.789337    1.994980    2.024790    2.134528    2.161437    2.209056    2.232633
    2.330323    2.362547    2.413699    2.443378    2.570871    2.595583    2.640692    2.672436
    2.735238    2.760496    3.005426    3.036143
at   0.09375   0.09375   0.28125    0.001953
   52 eigenvalues :
   -2.811143   -2.726059   -1.590671   -1.572989   -1.545677   -1.492145   -1.473959   -1.462102
    0.231551    0.270942    0.283576    0.312048    0.348670    0.363183    0.382460    0.389859
    0.457419    0.459906    0.468204    0.528458    0.792711    0.835756    0.981897    1.010363
    1.031131    1.065841    1.425510    1.445294    1.615769    1.645112    1.691218    1.714681
    1.725079    1.745954    1.946506    1.978750    2.039525    2.065219    2.238651    2.259506
    2.388082    2.407104    2.421938    2.432939    2.524771    2.558146    2.632490    2.663222
    2.807087    2.831222    2.969095    3.005654
at   0.09375   0.15625   0.21875    0.001953
   52 eigenvalues :
   -2.811220   -2.726141   -1.590228   -1.573162   -1.545442   -1.491546   -1.474325   -1.461882
    0.238983    0.273365    0.284368    0.292594    0.347427    0.352040    0.382821    0.389629
    0.459739    0.461997    0.467955    0.532560    0.852090    0.891045    0.924440    0.958566
    1.008286    1.041854    1.452808    1.469300    1.669409    1.692269    1.699801    1.726621
    1.780123    1.804448    1.885580    1.917417    1.929985    1.955478    2.271992    2.293524
    2.361382    2.384849    2.462899    2.496741    2.547793    2.586360    2.668149    2.698080
    2.808395    2.835514    2.859492    2.891045
at   0.09375   0.21875   0.15625    0.001953
   52 eigenvalues :
   -2.811220   -2.726141   -1.590062   -1.573507   -1.545239   -1.491266   -1.474953   -1.461559
    0.238984    0.273364    0.284361    0.292597    0.347459    0.352016    0.382859    0.389575
    0.459811    0.461985    0.467905    0.532561    0.852093    0.891039    0.924442    0.958572
    1.008279    1.041857    1.452807    1.469300    1.669410    1.692266    1.699803    1.726622
    1.780122    1.804450    1.885584    1.917383    1.930023    1.955470    2.271992    2.293524
    2.361382    2.384849    2.462899    2.496742    2.547793    2.586360    2.668148    2.698081
    2.808395    2.835514    2.859491    2.891045
at   0.09375   0.28125   0.09375    0.001953
   52 eigenvalues :
   -2.811143   -2.726059   -1.590204   -1.573961   -1.545105   -1.491364   -1.475695   -1.461213
    0.231553    0.270940    0.283567    0.312047    0.348716    0.363164    0.382550    0.389722
    0.457518    0.459949    0.468088    0.528461    0.792712    0.835755    0.981886    1.010407
    1.031089    1.065851    1.425510    1.445294    1.615768    1.645113    1.691216    1.714683
    1.725077    1.745954    1.946506    1.978748    2.039527    2.065218    2.238651    2.259506
    2.388079    2.407114    2.421925    2.432945    2.524771    2.558146    2.632489    2.663222
    2.807087    2.831222    2.969095    3.005654
at   0.09375   0.34375   0.03125    0.001953
   52 eigenvalues :
   -2.811003   -2.725912   -1.590577   -1.574435   -1.545107   -1.491761   -1.476380   -1.461018
    0.225547    0.269404    0.283918    0.336610    0.349813    0.380474    0.381349    0.392304
    0.451150    0.458018    0.470260    0.522084    0.744057    0.791384    1.003996    1.030350
    1.090091    1.122122    1.381626    1.406941    1.550314    1.580190    1.628430    1.650652
    1.766848    1.789337    1.994980    2.024790    2.134527    2.161437    2.209056    2.232633
    2.330324    2.362546    2.413699    2.443378    2.570871    2.595582    2.640692    2.672436
    2.735239    2.760496    3.005426    3.036143
at   0.09375   0.40625  -0.03125    0.001953
   52 eigenvalues :
   -2.810828   -2.725727   -1.591024   -1.574862   -1.545307   -1.492261   -1.476909   -1.461120
    0.224015    0.271048    0.286171    0.347447    0.352700    0.378997    0.391180    0.408096
    0.445195    0.455022    0.481145    0.515523    0.707675    0.758833    1.023576    1.048001
    1.113531    1.143429    1.369059    1.399314    1.504664    1.534215    1.572104    1.594153
    1.804452    1.832453    2.002771    2.025063    2.145100    2.172061    2.247204    2.280155
    2.325650    2.354797    2.424147    2.450859    2.607848    2.631616    2.675082    2.709659
    2.711231    2.732207    2.944427    2.972786
at   0.09375   0.46875  -0.09375    0.001953
   52 eigenvalues :
   -2.810648   -2.725537   -1.591389   -1.575197   -1.545710   -1.492664   -1.477267   -1.461554
    0.227376    0.276613    0.290409    0.339147    0.357341    0.374474    0.386261    0.426859
    0.449490    0.456112    0.508252    0.509809    0.684218    0.737875    1.046957    1.066292
    1.068627    1.101262    1.417060    1.448040    1.484280    1.512069    1.524058    1.547460
    1.790075    1.823987    2.034068    2.049976    2.161818    2.190063    2.237497    2.271050
    2.328586    2.359051    2.497360    2.521624    2.566047    2.592442    2.668317    2.698032
    2.825726    2.840610    2.843548    2.867157
at   0.15625  -0.15625   0.46875    0.000977
   52 eigenvalues :
   -2.810361   -2.725235   -1.592343   -1.574283   -1.547476   -1.493991   -1.475269   -1.464029
    0.239623    0.290191    0.305094    0.308804    0.359058    0.364422    0.373494    0.425324
    0.437958    0.500972    0.506894    0.550720    0.688708    0.740260    1.000337    1.034807
    1.045918    1.071104    1.401955    1.424346    1.503938    1.530324    1.534143    1.560037
    1.707897    1.742369    2.121336    2.151932    2.167581    2.184541    2.237672    2.266305
    2.328675    2.357588    2.500258    2.526523    2.583087    2.612133    2.697139    2.721375
    2.816678    2.851532    2.852903    2.871487
at   0.15625  -0.09375   0.40625    0.001953
   52 eigenvalues :
   -2.810605   -2.725492   -1.591952   -1.573778   -1.546901   -1.493592   -1.474731   -1.463345
    0.234548    0.282472    0.296181    0.319596    0.361609    0.369604    0.371677    0.416597
    0.445083    0.472491    0.494523    0.531669    0.713529    0.763148    0.982618    1.014041
    1.104793    1.131314    1.395243    1.423499    1.466472    1.490872    1.576579    1.604961
    1.761411    1.795382    2.050678    2.073579    2.129066    2.153970    2.259076    2.289909
    2.335276    2.363868    2.430952    2.454851    2.598475    2.624295    2.720298    2.745473
    2.771119    2.802227    2.846470    2.874523
at   0.15625  -0.03125   0.34375    0.001953
   52 eigenvalues :
   -2.810855   -2.725756   -1.591380   -1.573392   -1.546329   -1.492944   -1.474377   -1.462723
    0.232749    0.277145    0.289146    0.321681    0.353822    0.371527    0.375886    0.400629
    0.451163    0.462477    0.477679    0.529459    0.749641    0.796103    0.954204    0.986169
    1.136491    1.163804    1.356958    1.384091    1.518569    1.541575    1.614795    1.642875
    1.816342    1.845777    1.968934    1.995678    2.105192    2.130368    2.262986    2.289661
    2.308359    2.336123    2.426936    2.456414    2.556454    2.579486    2.713834    2.743719
    2.746260    2.775490    2.875185    2.907300
at   0.15625   0.03125   0.28125    0.001953
   52 eigenvalues :
   -2.811072   -2.725985   -1.590756   -1.573171   -1.545832   -1.492200   -1.474220   -1.462245
    0.234439    0.274253    0.285483    0.309619    0.349191    0.363005    0.378967    0.392877
    0.455419    0.460958    0.471079    0.530627    0.796021    0.838753    0.935310    0.968432
    1.085329    1.116072    1.398299    1.419666    1.588676    1.611498    1.654094    1.682233
    1.812942    1.836028    1.925558    1.958219    2.032669    2.057546    2.259344    2.280197
    2.345703    2.378419    2.423989    2.450146    2.524217    2.555203    2.674127    2.707034
    2.781800    2.807462    2.915049    2.949460
at   0.15625   0.09375   0.21875    0.001953
   52 eigenvalues :
   -2.811220   -2.726141   -1.590228   -1.573162   -1.545442   -1.491546   -1.474325   -1.461882
    0.238983    0.273365    0.284368    0.292594    0.347427    0.352040    0.382821    0.389629
    0.459739    0.461997    0.467955    0.532560    0.852090    0.891045    0.924440    0.958566
    1.008286    1.041854    1.452808    1.469300    1.669409    1.692269    1.699801    1.726621
    1.780123    1.804448    1.885580    1.917417    1.929985    1.955478    2.271992    2.293524
    2.361382    2.384849    2.462899    2.496741    2.547793    2.586360    2.668149    2.698080
    2.808395    2.835514    2.859492    2.891045
at   0.15625   0.15625   0.15625    0.001953
   52 eigenvalues :
   -2.811272   -2.726196   -1.589920   -1.573388   -1.545171   -1.491132   -1.474745   -1.461569
    0.242197    0.273332    0.284258    0.284312    0.347161    0.347266    0.385876    0.387079
    0.461818    0.463715    0.465464    0.533499    0.907613    0.909493    0.942858    0.944896
    0.955736    0.991485    1.475386    1.489754    1.721460    1.721483    1.745324    1.745400
    1.784881    1.810262    1.854320    1.856980    1.884024    1.886651    2.307144    2.307180
    2.329698    2.329739    2.544578    2.585470    2.608712    2.610818    2.641509    2.643663
    2.823914    2.823942    2.850200    2.850233
at   0.15625   0.21875   0.09375    0.001953
   52 eigenvalues :
   -2.811220   -2.726141   -1.589906   -1.573826   -1.545048   -1.491053   -1.475434   -1.461319
    0.238985    0.273363    0.284362    0.292593    0.347428    0.352068    0.382863    0.389547
    0.460100    0.461638    0.467972    0.532560    0.852095    0.891030    0.924456    0.958566
    1.008277    1.041859    1.452807    1.469300    1.669404    1.692302    1.699769    1.726625
    1.780123    1.804449    1.885586    1.917373    1.930033    1.955468    2.271992    2.293524
    2.361382    2.384849    2.462901    2.496738    2.547794    2.586362    2.668145    2.698083
    2.808394    2.835515    2.859491    2.891045
at   0.15625   0.28125   0.03125    0.001953
   52 eigenvalues :
   -2.811072   -2.725985   -1.590171   -1.574381   -1.545107   -1.491314   -1.476218   -1.461231
    0.234441    0.274250    0.285475    0.309617    0.349212    0.363059    0.378939    0.392811
    0.455575    0.460829    0.471084    0.530626    0.796022    0.838752    0.935309    0.968434
    1.085325    1.116075    1.398299    1.419666    1.588674    1.611501    1.654091    1.682234
    1.812942    1.836028    1.925559    1.958217    2.032670    2.057545    2.259344    2.280196
    2.345703    2.378419    2.423989    2.450146    2.524216    2.555203    2.674127    2.707034
    2.781800    2.807462    2.915049    2.949460
at   0.15625   0.34375  -0.03125    0.001953
   52 eigenvalues :
   -2.810855   -2.725756   -1.590631   -1.574954   -1.545385   -1.491820   -1.476929   -1.461425
    0.232752    0.277142    0.289133    0.321692    0.353852    0.371656    0.375737    0.400597
    0.451202    0.462466    0.477678    0.529455    0.749642    0.796103    0.954203    0.986171
    1.136488    1.163807    1.356958    1.384091    1.518569    1.541575    1.614794    1.642876
    1.816343    1.845776    1.968934    1.995678    2.105191    2.130368    2.262986    2.289661
    2.308361    2.336122    2.426936    2.456414    2.556454    2.579486    2.713834    2.743712
    2.746267    2.775488    2.875187    2.907298
at   0.15625   0.40625  -0.09375    0.001953
   52 eigenvalues :
   -2.810605   -2.725492   -1.591148   -1.575461   -1.545879   -1.492396   -1.477477   -1.461937
    0.234550    0.282468    0.296160    0.319628    0.361677    0.369662    0.371533    0.416601
    0.445071    0.472515    0.494521    0.531664    0.713529    0.763149    0.982616    1.014045
    1.104790    1.131316    1.395242    1.423499    1.466472    1.490872    1.576579    1.604961
    1.761412    1.795381    2.050678    2.073579    2.129065    2.153970    2.259075    2.289910
    2.335276    2.363868    2.430952    2.454850    2.598475    2.624295    2.720300    2.745470
    2.771124    2.802221    2.846476    2.874520
at   0.15625   0.46875  -0.15625    0.001953
   52 eigenvalues :
   -2.810361   -2.725235   -1.591597   -1.575847   -1.546527   -1.492880   -1.477844   -1.462695
    0.239624    0.290184    0.305003    0.308906    0.358906    0.364793    0.373251    0.425352
    0.437944    0.500995    0.506880    0.550717    0.688707    0.740261    1.000330    1.034841
    1.045884    1.071110    1.401955    1.424345    1.503931    1.530406    1.534064    1.560041
    1.707897    1.742369    2.121335    2.151934    2.167579    2.184542    2.237671    2.266305
    2.328675    2.357588    2.500259    2.526522    2.583087    2.612134    2.697140    2.721374
    2.816678    2.851533    2.852903    2.871487
at   0.21875  -0.21875   0.46875    0.000977
   52 eigenvalues :
   -2.809981   -2.724834   -1.592645   -1.575270   -1.548416   -1.494163   -1.476418   -1.465241
    0.250209    0.283285    0.302636    0.325824    0.335523    0.360257    0.395289    0.423388
    0.431578    0.504555    0.547870    0.594082    0.697411    0.745539    0.933565    0.968070
    1.043856    1.073807    1.298543    1.323008    1.488899    1.522903    1.597012    1.626405
    1.707665    1.737284    2.065178    2.094950    2.269984    2.284256    2.296944    2.307429
    2.385675    2.408763    2.445690    2.475360    2.611791    2.642473    2.721609    2.743860
    2.830748    2.866735    2.890942    2.910798
at   0.21875  -0.15625   0.40625    0.001953
   52 eigenvalues :
   -2.810268   -2.725136   -1.592222   -1.574645   -1.547753   -1.493739   -1.475758   -1.464428
    0.247442    0.292872    0.296746    0.313503    0.345594    0.363625    0.381302    0.417106
    0.436572    0.496553    0.509463    0.562488    0.724590    0.771609    0.931139    0.966101
    1.092530    1.120233    1.326483    1.351200    1.481754    1.510560    1.620854    1.652254
    1.704501    1.735763    2.032347    2.060939    2.206964    2.229060    2.278117    2.306989
    2.369809    2.396937    2.433897    2.458336    2.614950    2.642884    2.700561    2.727629
    2.788875    2.814156    2.870391    2.898748
at   0.21875  -0.09375   0.34375    0.001953
   52 eigenvalues :
   -2.810581   -2.725467   -1.591641   -1.574095   -1.546996   -1.493104   -1.475259   -1.463512
    0.245100    0.290292    0.291637    0.310426    0.348884    0.368179    0.373160    0.405148
    0.443213    0.482062    0.485199    0.546094    0.761463    0.806289    0.902314    0.937916
    1.165074    1.191148    1.321735    1.348174    1.452327    1.478333    1.691884    1.719064
    1.752717    1.786850    1.957704    1.985221    2.150247    2.172913    2.273984    2.302938
    2.366915    2.389295    2.399596    2.429477    2.563067    2.588236    2.743793    2.758797
    2.770167    2.785777    2.858274    2.892677
at   0.21875  -0.03125   0.28125    0.001953
   52 eigenvalues :
   -2.810873   -2.725775   -1.591010   -1.573679   -1.546267   -1.492385   -1.474923   -1.462673
    0.242409    0.283268    0.286785    0.307741    0.346672    0.366709    0.373157    0.396836
    0.448206    0.470896    0.474827    0.537941    0.805966    0.847926    0.879122    0.915546
    1.160564    1.189011    1.338228    1.361591    1.496438    1.520785    1.719372    1.745414
    1.838794    1.869746    1.882608    1.912684    2.064185    2.086620    2.289992    2.316126
    2.319147    2.344369    2.455846    2.484734    2.487787    2.515646    2.711227    2.738315
    2.812503    2.844470    2.860079    2.893533
at   0.21875   0.03125   0.21875    0.001953
   52 eigenvalues :
   -2.811097   -2.726012   -1.590450   -1.573465   -1.545660   -1.491734   -1.474795   -1.462014
    0.240024    0.277000    0.285556    0.298581    0.346168    0.358787    0.377828    0.392943
    0.454186    0.464321    0.471260    0.533907    0.850201    0.872946    0.890019    0.909400
    1.085923    1.116875    1.404062    1.423562    1.575413    1.598723    1.719946    1.745667
    1.828573    1.856245    1.898832    1.931420    1.963822    1.986264    2.282213    2.302891
    2.362999    2.395702    2.402520    2.426557    2.535243    2.570633    2.701649    2.729251
    2.780400    2.816249    2.868030    2.896235
at   0.21875   0.09375   0.15625    0.001953
   52 eigenvalues :
   -2.811220   -2.726141   -1.590062   -1.573507   -1.545239   -1.491266   -1.474953   -1.461559
    0.238984    0.273364    0.284361    0.292597    0.347459    0.352016    0.382859    0.389575
    0.459811    0.461985    0.467905    0.532561    0.852093    0.891039    0.924442    0.958572
    1.008279    1.041857    1.452807    1.469300    1.669410    1.692266    1.699803    1.726622
    1.780122    1.804450    1.885584    1.917383    1.930023    1.955470    2.271992    2.293524
    2.361382    2.384849    2.462899    2.496742    2.547793    2.586360    2.668148    2.698081
    2.808395    2.835514    2.859491    2.891045
at   0.21875   0.15625   0.09375    0.001953
   52 eigenvalues :
   -2.811220   -2.726141   -1.589906   -1.573826   -1.545048   -1.491053   -1.475434   -1.461319
    0.238985    0.273363    0.284362    0.292593    0.347428    0.352068    0.382863    0.389547
    0.460100    0.461638    0.467972    0.532560    0.852095    0.891030    0.924456    0.958566
    1.008277    1.041859    1.452807    1.469300    1.669404    1.692302    1.699769    1.726625
    1.780123    1.804449    1.885586    1.917373    1.930033    1.955468    2.271992    2.293524
    2.361382    2.384849    2.462901    2.496738    2.547794    2.586362    2.668145    2.698083
    2.808394    2.835515    2.859491    2.891045
at   0.21875   0.21875   0.03125    0.001953
   52 eigenvalues :
   -2.811097   -2.726012   -1.590009   -1.574367   -1.545116   -1.491137   -1.476156   -1.461334
    0.240026    0.276997    0.285553    0.298575    0.346149    0.358882    0.377772    0.392913
    0.454282    0.464147    0.471359    0.533903    0.850207    0.872919    0.890052    0.909389
    1.085921    1.116877    1.404062    1.423562    1.575412    1.598723    1.719946    1.745667
    1.828574    1.856244    1.898836    1.931414    1.963828    1.986262    2.282213    2.302891
    2.362999    2.395701    2.402519    2.426557    2.535243    2.570634    2.701648    2.729250
    2.780402    2.816246    2.868031    2.896235
at   0.21875   0.28125  -0.03125    0.001953
   52 eigenvalues :
   -2.810873   -2.725775   -1.590355   -1.575023   -1.545451   -1.491506   -1.476947   -1.461655
    0.242412    0.283260    0.286779    0.307744    0.346664    0.366990    0.372887    0.396823
    0.448246    0.470702    0.475006    0.537934    0.805965    0.847932    0.879116    0.915548
    1.160562    1.189013    1.338227    1.361592    1.496438    1.520786    1.719372    1.745414
    1.838797    1.869732    1.882622    1.912682    2.064185    2.086620    2.289992    2.316122
    2.319152    2.344369    2.455846    2.484734    2.487788    2.515647    2.711228    2.738314
    2.812506    2.844457    2.860092    2.893530
at   0.21875   0.34375  -0.09375    0.001953
   52 eigenvalues :
   -2.810581   -2.725467   -1.590873   -1.575676   -1.546032   -1.492082   -1.477648   -1.462295
    0.245103    0.290255    0.291650    0.310446    0.348868    0.368542    0.372799    0.405153
    0.443219    0.481964    0.485309    0.546087    0.761461    0.806292    0.902311    0.937918
    1.165072    1.191150    1.321734    1.348174    1.452327    1.478333    1.691884    1.719063
    1.752719    1.786849    1.957704    1.985221    2.150246    2.172913    2.273984    2.302938
    2.366914    2.389298    2.399594    2.429477    2.563067    2.588236    2.743796    2.758793
    2.770171    2.785774    2.858277    2.892675
at   0.21875   0.40625  -0.15625    0.001953
   52 eigenvalues :
   -2.810268   -2.725136   -1.591454   -1.576232   -1.546783   -1.492724   -1.478178   -1.463172
    0.247444    0.292826    0.296782    0.313513    0.345552    0.363785    0.381156    0.417125
    0.436574    0.496550    0.509476    0.562482    0.724588    0.771612    0.931136    0.966104
    1.092529    1.120234    1.326482    1.351200    1.481754    1.510560    1.620854    1.652254
    1.704502    1.735763    2.032347    2.060940    2.206964    2.229061    2.278117    2.306989
    2.369809    2.396938    2.433897    2.458336    2.614950    2.642884    2.700562    2.727628
    2.788875    2.814156    2.870392    2.898747
at   0.21875   0.46875  -0.21875    0.001953
   52 eigenvalues :
   -2.809981   -2.724834   -1.591990   -1.576626   -1.547590   -1.493297   -1.478514   -1.464137
    0.250209    0.283278    0.302650    0.325822    0.335465    0.360385    0.395163    0.423417
    0.431600    0.504553    0.547877    0.594078    0.697409    0.745541    0.933561    0.968074
    1.043856    1.073807    1.298544    1.323006    1.488899    1.522904    1.597010    1.626407
    1.707665    1.737284    2.065177    2.094951    2.269983    2.284259    2.296940    2.307431
    2.385675    2.408762    2.445690    2.475360    2.611791    2.642473    2.721610    2.743860
    2.830748    2.866735    2.890942    2.910797
at  -0.46875   0.46875   0.28125    0.000977
   52 eigenvalues :
   -2.809565   -2.724395   -1.593075   -1.576361   -1.549356   -1.494502   -1.477674   -1.466412
    0.251680    0.262785    0.305674    0.316496    0.350961    0.368433    0.421272    0.422363
    0.439613    0.502238    0.594869    0.637392    0.711970    0.755221    0.871698    0.905395
    1.040450    1.074419    1.202434    1.230129    1.386699    1.423096    1.683698    1.712961
    1.795231    1.822389    2.026708    2.054951    2.289103    2.316721    2.317313    2.343001
    2.403973    2.434894    2.541583    2.560525    2.633363    2.664482    2.768409    2.792900
    2.859039    2.894676    2.935049    2.956662
at  -0.40625   0.46875   0.21875    0.001953
   52 eigenvalues :
   -2.809866   -2.724712   -1.592625   -1.575683   -1.548692   -1.494040   -1.476960   -1.465605
    0.254650    0.272477    0.305539    0.327000    0.332444    0.367187    0.401432    0.415762
    0.439562    0.495464    0.548761    0.597203    0.741807    0.785199    0.877198    0.913035
    1.079982    1.110755    1.227546    1.254544    1.460233    1.493400    1.630509    1.661179
    1.776926    1.804400    1.990836    2.018845    2.254403    2.280805    2.313216    2.340897
    2.387659    2.416682    2.514650    2.537233    2.630124    2.657505    2.699592    2.725835
    2.826251    2.848972    2.897407    2.927062
at   0.28125  -0.15625   0.34375    0.001953
   52 eigenvalues :
   -2.810220   -2.725086   -1.592031   -1.575010   -1.547831   -1.493403   -1.476353   -1.464519
    0.256816    0.279217    0.302938    0.317222    0.335955    0.368168    0.383950    0.406507
    0.441922    0.484223    0.513784    0.569572    0.779796    0.822402    0.853237    0.890909
    1.162243    1.189916    1.244502    1.270967    1.464740    1.492754    1.650974    1.685695
    1.792580    1.819065    1.921674    1.949983    2.245742    2.270842    2.284858    2.312166
    2.348098    2.375536    2.463554    2.488794    2.606544    2.633748    2.694882    2.718308
    2.790707    2.816483    2.896324    2.925648
at   0.28125  -0.09375   0.28125    0.001953
   52 eigenvalues :
   -2.810574   -2.725459   -1.591407   -1.574428   -1.546911   -1.492714   -1.475882   -1.463363
    0.252323    0.282780    0.294738    0.311296    0.341511    0.368264    0.375004    0.400207
    0.443225    0.477365    0.488768    0.550882    0.815333    0.837154    0.857761    0.874912
    1.218754    1.245560    1.261795    1.287035    1.447590    1.473978    1.748634    1.782658
    1.786276    1.810287    1.871786    1.901818    2.161985    2.184687    2.271079    2.299099
    2.370273    2.391478    2.422382    2.454548    2.527872    2.553814    2.695136    2.719891
    2.857821    2.875195    2.884075    2.910644
at   0.28125  -0.03125   0.21875    0.001953
   52 eigenvalues :
   -2.810873   -2.725775   -1.590852   -1.574010   -1.546073   -1.492096   -1.475567   -1.462339
    0.242410    0.283268    0.286779    0.307744    0.346686    0.366717    0.373138    0.396825
    0.448215    0.471005    0.474717    0.537943    0.805968    0.847924    0.879122    0.915546
    1.160564    1.189011    1.338228    1.361591    1.496438    1.520785    1.719371    1.745416
    1.838795    1.869733    1.882622    1.912682    2.064185    2.086620    2.289992    2.316122
    2.319152    2.344369    2.455845    2.484734    2.487787    2.515647    2.711228    2.738314
    2.812505    2.844460    2.860089    2.893530
at   0.28125   0.03125   0.15625    0.001953
   52 eigenvalues :
   -2.811072   -2.725985   -1.590438   -1.573836   -1.545442   -1.491632   -1.475480   -1.461594
    0.234440    0.274252    0.285475    0.309623    0.349236    0.362968    0.378993    0.392825
    0.455468    0.461009    0.470998    0.530631    0.796023    0.838752    0.935308    0.968435
    1.085326    1.116074    1.398299    1.419666    1.588676    1.611497    1.654094    1.682234
    1.812942    1.836028    1.925559    1.958218    2.032670    2.057545    2.259344    2.280196
    2.345703    2.378419    2.423989    2.450146    2.524216    2.555203    2.674127    2.707034
    2.781801    2.807462    2.915049    2.949460
at   0.28125   0.09375   0.09375    0.001953
   52 eigenvalues :
   -2.811143   -2.726059   -1.590204   -1.573961   -1.545105   -1.491364   -1.475695   -1.461213
    0.231553    0.270940    0.283567    0.312047    0.348716    0.363164    0.382550    0.389722
    0.457518    0.459949    0.468088    0.528461    0.792712    0.835755    0.981886    1.010407
    1.031089    1.065851    1.425510    1.445294    1.615768    1.645113    1.691216    1.714683
    1.725077    1.745954    1.946506    1.978748    2.039527    2.065218    2.238651    2.259506
    2.388079    2.407114    2.421925    2.432945    2.524771    2.558146    2.632489    2.663222
    2.807087    2.831222    2.969095    3.005654
at   0.28125   0.15625   0.03125    0.001953
   52 eigenvalues :
   -2.811072   -2.725985   -1.590171   -1.574381   -1.545107   -1.491314   -1.476218   -1.461231
    0.234441    0.274250    0.285475    0.309617    0.349212    0.363059    0.378939    0.392811
    0.455575    0.460829    0.471084    0.530626    0.796022    0.838752    0.935309    0.968434
    1.085325    1.116075    1.398299    1.419666    1.588674    1.611501    1.654091    1.682234
    1.812942    1.836028    1.925559    1.958217    2.032670    2.057545    2.259344    2.280196
    2.345703    2.378419    2.423989    2.450146    2.524216    2.555203    2.674127    2.707034
    2.781800    2.807462    2.915049    2.949460
at   0.28125   0.21875  -0.03125    0.001953
   52 eigenvalues :
   -2.810873   -2.725775   -1.590355   -1.575023   -1.545451   -1.491506   -1.476947   -1.461655
    0.242412    0.283260    0.286779    0.307744    0.346664    0.366990    0.372887    0.396823
    0.448246    0.470702    0.475006    0.537934    0.805965    0.847932    0.879116    0.915548
    1.160562    1.189013    1.338227    1.361592    1.496438    1.520786    1.719372    1.745414
    1.838797    1.869732    1.882622    1.912682    2.064185    2.086620    2.289992    2.316122
    2.319152    2.344369    2.455846    2.484734    2.487788    2.515647    2.711228    2.738314
    2.812506    2.844457    2.860092    2.893530
at   0.28125   0.28125  -0.09375    0.001953
   52 eigenvalues :
   -2.810574   -2.725459   -1.590752   -1.575762   -1.546093   -1.491942   -1.477718   -1.462439
    0.252327    0.282762    0.294737    0.311309    0.341500    0.368498    0.374766    0.400218
    0.443233    0.477293    0.488846    0.550873    0.815300    0.837253    0.857655    0.874952
    1.218744    1.245598    1.261758    1.287044    1.447590    1.473978    1.748642    1.782498
    1.786442    1.810274    1.871786    1.901818    2.161985    2.184688    2.271079    2.299099
    2.370273    2.391478    2.422383    2.454547    2.527872    2.553814    2.695136    2.719891
    2.857827    2.875167    2.884100    2.910640
at   0.28125   0.34375  -0.15625    0.001953
   52 eigenvalues :
   -2.810220   -2.725086   -1.591317   -1.576466   -1.546938   -1.492568   -1.478387   -1.463473
    0.256822    0.279201    0.302936    0.317241    0.335935    0.368288    0.383810    0.406532
    0.441925    0.484215    0.513804    0.569564    0.779786    0.822436    0.853202    0.890919
    1.162239    1.189923    1.244496    1.270970    1.464740    1.492754    1.650975    1.685694
    1.792581    1.819064    1.921674    1.949983    2.245740    2.270848    2.284852    2.312168
    2.348097    2.375537    2.463554    2.488794    2.606544    2.633748    2.694882    2.718308
    2.790708    2.816483    2.896325    2.925648
at   0.28125   0.40625  -0.21875    0.001953
   52 eigenvalues :
   -2.809866   -2.724712   -1.591963   -1.577037   -1.547860   -1.493273   -1.478883   -1.464590
    0.254652    0.272471    0.305542    0.327039    0.332376    0.367290    0.401279    0.415819
    0.439585    0.495461    0.548771    0.597197    0.741801    0.785209    0.877187    0.913042
    1.079981    1.110756    1.227546    1.254544    1.460234    1.493399    1.630509    1.661179
    1.776926    1.804400    1.990836    2.018846    2.254402    2.280806    2.313215    2.340898
    2.387659    2.416682    2.514650    2.537233    2.630124    2.657505    2.699592    2.725835
    2.826251    2.848972    2.897408    2.927062
at   0.28125   0.46875  -0.28125    0.001953
   52 eigenvalues :
   -2.809565   -2.724395   -1.592568   -1.577403   -1.548716   -1.493914   -1.479174   -1.465606
    0.251679    0.262785    0.305681    0.316491    0.350893    0.368559    0.420530    0.422984
    0.439679    0.502232    0.594878    0.637383    0.711967    0.755228    0.871688    0.905402
    1.040450    1.074420    1.202435    1.230127    1.386701    1.423095    1.683698    1.712962
    1.795230    1.822389    2.026708    2.054952    2.289102    2.316789    2.317245    2.343002
    2.403973    2.434895    2.541583    2.560525    2.633363    2.664482    2.768409    2.792900
    2.859039    2.894676    2.935049    2.956661
at  -0.46875   0.46875   0.34375    0.000977
   52 eigenvalues :
   -2.809174   -2.723982   -1.593569   -1.577389   -1.550145   -1.494967   -1.478844   -1.467347
    0.244953    0.247419    0.299217    0.302456    0.377595    0.386561    0.419329    0.451744
    0.460293    0.500121    0.641151    0.679112    0.732209    0.769356    0.818045    0.849921
    1.034064    1.071253    1.119779    1.151595    1.287033    1.324846    1.745862    1.775366
    1.912132    1.938692    2.028335    2.055332    2.227476    2.256801    2.371172    2.395581
    2.427966    2.456386    2.609921    2.638368    2.723668    2.744509    2.800679    2.829804
    2.866930    2.898549    2.955706    2.977239
at  -0.40625   0.46875   0.28125    0.001953
   52 eigenvalues :
   -2.809457   -2.724281   -1.593118   -1.576740   -1.549556   -1.494490   -1.478156   -1.466657
    0.251430    0.256294    0.303472    0.312385    0.355625    0.381803    0.414345    0.426428
    0.455698    0.494112    0.590195    0.633399    0.763457    0.802162    0.826306    0.861240
    1.066076    1.100137    1.140547    1.170790    1.366339    1.402211    1.702112    1.731410
    1.872848    1.900173    1.976482    2.002825    2.216114    2.244374    2.356442    2.382873
    2.433321    2.465116    2.611228    2.639936    2.675290    2.693230    2.755631    2.783110
    2.828912    2.847935    2.890274    2.921894
at  -0.34375   0.46875   0.21875    0.001953
   52 eigenvalues :
   -2.809825   -2.724670   -1.592514   -1.576009   -1.548684   -1.493843   -1.477484   -1.465562
    0.258500    0.266506    0.306910    0.323869    0.332674    0.375573    0.400942    0.408748
    0.449345    0.486985    0.548273    0.597890    0.796377    0.814058    0.837550    0.851550
    1.130664    1.161254    1.169505    1.197562    1.448616    1.481183    1.635265    1.666285
    1.883507    1.892722    1.913089    1.917341    2.241842    2.269478    2.334482    2.362188
    2.370118    2.398986    2.558820    2.585165    2.675721    2.704608    2.705808    2.723070
    2.752934    2.776535    2.901136    2.927123
at  -0.28125   0.46875   0.15625    0.001953
   52 eigenvalues :
   -2.810220   -2.725086   -1.591891   -1.575304   -1.547656   -1.493167   -1.476902   -1.464228
    0.256816    0.279217    0.302945    0.317210    0.335947    0.368252    0.383854    0.406527
    0.441924    0.484237    0.513772    0.569574    0.779797    0.822400    0.853237    0.890910
    1.162242    1.189917    1.244503    1.270967    1.464740    1.492754    1.650974    1.685695
    1.792580    1.819065    1.921674    1.949983    2.245742    2.270842    2.284858    2.312166
    2.348099    2.375536    2.463554    2.488794    2.606544    2.633748    2.694882    2.718308
    2.790708    2.816483    2.896325    2.925648
at  -0.21875   0.46875   0.09375    0.001953
   52 eigenvalues :
   -2.810581   -2.725467   -1.591349   -1.574710   -1.546634   -1.492579   -1.476438   -1.462897
    0.245101    0.290283    0.291639    0.310429    0.348886    0.368384    0.372939    0.405153
    0.443213    0.482413    0.484854    0.546100    0.761464    0.806288    0.902313    0.937917
    1.165073    1.191149    1.321736    1.348173    1.452327    1.478333    1.691881    1.719072
    1.752710    1.786852    1.957704    1.985221    2.150247    2.172913    2.273984    2.302937
    2.366915    2.389295    2.399596    2.429477    2.563067    2.588236    2.743796    2.758793
    2.770170    2.785774    2.858277    2.892676
at  -0.15625   0.46875   0.03125    0.001953
   52 eigenvalues :
   -2.810855   -2.725756   -1.590942   -1.574319   -1.545784   -1.492144   -1.476148   -1.461808
    0.232751    0.277144    0.289135    0.321689    0.353885    0.371452    0.375898    0.400604
    0.451174    0.462584    0.477579    0.529467    0.749642    0.796102    0.954203    0.986171
    1.136489    1.163806    1.356958    1.384091    1.518570    1.541574    1.614794    1.642876
    1.816342    1.845777    1.968934    1.995678    2.105191    2.130368    2.262986    2.289661
    2.308360    2.336122    2.426937    2.456414    2.556454    2.579486    2.713834    2.743712
    2.746267    2.775488    2.875187    2.907298
at   0.34375   0.03125   0.09375    0.001953
   52 eigenvalues :
   -2.811003   -2.725912   -1.590685   -1.574214   -1.545246   -1.491874   -1.476110   -1.461149
    0.225547    0.269405    0.283918    0.336607    0.349827    0.380185    0.381609    0.392319
    0.451158    0.458043    0.470224    0.522088    0.744057    0.791384    1.003995    1.030351
    1.090091    1.122121    1.381626    1.406941    1.550315    1.580188    1.628432    1.650651
    1.766848    1.789337    1.994980    2.024791    2.134527    2.161437    2.209056    2.232633
    2.330324    2.362546    2.413699    2.443378    2.570871    2.595583    2.640692    2.672437
    2.735239    2.760496    3.005426    3.036143
at   0.34375   0.09375   0.03125    0.001953
   52 eigenvalues :
   -2.811003   -2.725912   -1.590577   -1.574435   -1.545107   -1.491761   -1.476380   -1.461018
    0.225547    0.269404    0.283918    0.336610    0.349813    0.380474    0.381349    0.392304
    0.451150    0.458018    0.470260    0.522084    0.744057    0.791384    1.003996    1.030350
    1.090091    1.122122    1.381626    1.406941    1.550314    1.580190    1.628430    1.650652
    1.766848    1.789337    1.994980    2.024790    2.134527    2.161437    2.209056    2.232633
    2.330324    2.362546    2.413699    2.443378    2.570871    2.595582    2.640692    2.672436
    2.735239    2.760496    3.005426    3.036143
at   0.34375   0.15625  -0.03125    0.001953
   52 eigenvalues :
   -2.810855   -2.725756   -1.590631   -1.574954   -1.545385   -1.491820   -1.476929   -1.461425
    0.232752    0.277142    0.289133    0.321692    0.353852    0.371656    0.375737    0.400597
    0.451202    0.462466    0.477678    0.529455    0.749642    0.796103    0.954203    0.986171
    1.136488    1.163807    1.356958    1.384091    1.518569    1.541575    1.614794    1.642876
    1.816343    1.845776    1.968934    1.995678    2.105191    2.130368    2.262986    2.289661
    2.308361    2.336122    2.426936    2.456414    2.556454    2.579486    2.713834    2.743712
    2.746267    2.775488    2.875187    2.907298
at   0.34375   0.21875  -0.09375    0.001953
   52 eigenvalues :
   -2.810581   -2.725467   -1.590873   -1.575676   -1.546032   -1.492082   -1.477648   -1.462295
    0.245103    0.290255    0.291650    0.310446    0.348868    0.368542    0.372799    0.405153
    0.443219    0.481964    0.485309    0.546087    0.761461    0.806292    0.902311    0.937918
    1.165072    1.191150    1.321734    1.348174    1.452327    1.478333    1.691884    1.719063
    1.752719    1.786849    1.957704    1.985221    2.150246    2.172913    2.273984    2.302938
    2.366914    2.389298    2.399594    2.429477    2.563067    2.588236    2.743796    2.758793
    2.770171    2.785774    2.858277    2.892675
at   0.34375   0.28125  -0.15625    0.001953
   52 eigenvalues :
   -2.810220   -2.725086   -1.591317   -1.576466   -1.546938   -1.492568   -1.478387   -1.463473
    0.256822    0.279201    0.302936    0.317241    0.335935    0.368288    0.383810    0.406532
    0.441925    0.484215    0.513804    0.569564    0.779786    0.822436    0.853202    0.890919
    1.162239    1.189923    1.244496    1.270970    1.464740    1.492754    1.650975    1.685694
    1.792581    1.819064    1.921674    1.949983    2.245740    2.270848    2.284852    2.312168
    2.348097    2.375537    2.463554    2.488794    2.606544    2.633748    2.694882    2.718308
    2.790708    2.816483    2.896325    2.925648
at   0.34375   0.34375  -0.21875    0.001953
   52 eigenvalues :
   -2.809825   -2.724670   -1.591931   -1.577188   -1.547958   -1.493239   -1.479023   -1.464757
    0.258509    0.266493    0.306899    0.323913    0.332638    0.375634    0.400807    0.408818
    0.449354    0.486980    0.548286    0.597882    0.796250    0.814378    0.837197    0.851710
    1.130656    1.161314    1.169445    1.197570    1.448617    1.481182    1.635266    1.666285
    1.883495    1.892746    1.913046    1.917372    2.241841    2.269479    2.334482    2.362194
    2.370112    2.398987    2.558820    2.585165    2.675721    2.704608    2.705808    2.723069
    2.752936    2.776535    2.901136    2.927123
at   0.34375   0.40625  -0.28125    0.001953
   52 eigenvalues :
   -2.809457   -2.724281   -1.592625   -1.577742   -1.548935   -1.493986   -1.479490   -1.465938
    0.251433    0.256290    0.303466    0.312394    0.355595    0.381893    0.414232    0.426448
    0.455735    0.494105    0.590205    0.633391    0.763429    0.802283    0.826180    0.861273
    1.066074    1.100140    1.140545    1.170790    1.366340    1.402210    1.702112    1.731410
    1.872847    1.900174    1.976479    2.002827    2.216114    2.244374    2.356442    2.382873
    2.433320    2.465116    2.611228    2.639936    2.675290    2.693230    2.755631    2.783110
    2.828912    2.847935    2.890274    2.921894
at   0.34375   0.46875  -0.34375    0.001953
   52 eigenvalues :
   -2.809174   -2.723982   -1.593241   -1.578060   -1.549728   -1.494633   -1.479746   -1.466854
    0.244953    0.247419    0.299213    0.302461    0.377486    0.386724    0.419264    0.451635
    0.460421    0.500109    0.641166    0.679085    0.732208    0.769397    0.817993    0.849944
    1.034063    1.071253    1.119780    1.151593    1.287035    1.324845    1.745861    1.775366
    1.912131    1.938693    2.028332    2.055334    2.227475    2.256801    2.371172    2.395581
    2.427966    2.456386    2.609921    2.638368    2.723669    2.744509    2.800679    2.829804
    2.866930    2.898549    2.955706    2.977239
at  -0.46875   0.46875   0.40625    0.000977
   52 eigenvalues :
   -2.808870   -2.723662   -1.594008   -1.578186   -1.550696   -1.495427   -1.479745   -1.467963
    0.236748    0.237220    0.291146    0.292656    0.401296    0.404778    0.417921    0.478759
    0.482272    0.498582    0.686240    0.718890    0.751261    0.775365    0.783498    0.805943
    1.021531    1.058561    1.061471    1.094927    1.209766    1.248973    1.771173    1.800588
    2.037588    2.064575    2.077140    2.104160    2.173951    2.203426    2.422856    2.445341
    2.458058    2.483633    2.531826    2.556003    2.712158    2.738535    2.901069    2.935007
    2.938027    2.965912    2.981114    3.011580
at  -0.40625   0.46875   0.34375    0.001953
   52 eigenvalues :
   -2.809107   -2.723911   -1.593606   -1.577651   -1.550227   -1.494990   -1.479173   -1.467438
    0.243185    0.244714    0.296503    0.300782    0.380929    0.396938    0.414725    0.454806
    0.473117    0.494793    0.635708    0.673254    0.777875    0.785382    0.812193    0.818631
    1.041947    1.079430    1.084632    1.118223    1.275746    1.313362    1.755865    1.785410
    1.956252    1.983247    2.021899    2.047725    2.175706    2.204638    2.400228    2.425085
    2.467792    2.498194    2.568528    2.593907    2.788145    2.814464    2.836441    2.856187
    2.862274    2.864309    2.877336    2.886570
at  -0.34375   0.46875   0.28125    0.001953
   52 eigenvalues :
   -2.809457   -2.724281   -1.593013   -1.576957   -1.549424   -1.494350   -1.478509   -1.466464
    0.251426    0.256298    0.303478    0.312377    0.355607    0.381862    0.414266    0.426451
    0.455720    0.494108    0.590195    0.633398    0.763460    0.802159    0.826303    0.861242
    1.066075    1.100137    1.140548    1.170789    1.366339    1.402211    1.702112    1.731410
    1.872848    1.900173    1.976481    2.002826    2.216114    2.244374    2.356442    2.382873
    2.433321    2.465116    2.611228    2.639937    2.675290    2.693230    2.755631    2.783110
    2.828912    2.847936    2.890274    2.921894
at  -0.28125   0.46875   0.21875    0.001953
   52 eigenvalues :
   -2.809866   -2.724712   -1.592379   -1.576196   -1.548383   -1.493668   -1.477857   -1.465123
    0.254647    0.272480    0.305554    0.326962    0.332435    0.367287    0.401285    0.415821
    0.439584    0.495467    0.548755    0.597205    0.741808    0.785198    0.877197    0.913037
    1.079981    1.110755    1.227548    1.254543    1.460233    1.493400    1.630509    1.661179
    1.776926    1.804400    1.990836    2.018846    2.254403    2.280805    2.313216    2.340897
    2.387659    2.416681    2.514650    2.537233    2.630124    2.657505    2.699592    2.725835
    2.826251    2.848972    2.897407    2.927062
at  -0.21875   0.46875   0.15625    0.001953
   52 eigenvalues :
   -2.810268   -2.725136   -1.591829   -1.575472   -1.547259   -1.493081   -1.477276   -1.463627
    0.247442    0.292844    0.296786    0.313482    0.345560    0.363793    0.381147    0.417128
    0.436575    0.496622    0.509395    0.562494    0.724590    0.771609    0.931137    0.966103
    1.092530    1.120233    1.326484    1.351199    1.481754    1.510561    1.620853    1.652256
    1.704500    1.735764    2.032347    2.060939    2.206964    2.229060    2.278117    2.306989
    2.369810    2.396937    2.433898    2.458336    2.614950    2.642884    2.700562    2.727628
    2.788875    2.814156    2.870392    2.898747
at  -0.15625   0.46875   0.09375    0.001953
   52 eigenvalues :
   -2.810605   -2.725492   -1.591426   -1.574894   -1.546239   -1.492660   -1.476820   -1.462261
    0.234549    0.282470    0.296166    0.319614    0.361752    0.369509    0.371609    0.416605
    0.445067    0.472589    0.494435    0.531685    0.713530    0.763148    0.982616    1.014045
    1.104790    1.131316    1.395243    1.423498    1.466473    1.490872    1.576579    1.604962
    1.761411    1.795382    2.050678    2.073579    2.129066    2.153970    2.259076    2.289909
    2.335276    2.363868    2.430953    2.454850    2.598475    2.624295    2.720300    2.745470
    2.771123    2.802221    2.846477    2.874520
at  -0.09375   0.46875   0.03125    0.001953
   52 eigenvalues :
   -2.810828   -2.725727   -1.591171   -1.574560   -1.545499   -1.492400   -1.476566   -1.461286
    0.224015    0.271048    0.286172    0.347384    0.352786    0.378971    0.391155    0.408107
    0.445240    0.455027    0.481095    0.515538    0.707676    0.758833    1.023575    1.048002
    1.113531    1.143428    1.369059    1.399314    1.504665    1.534214    1.572105    1.594153
    1.804452    1.832454    2.002771    2.025063    2.145100    2.172061    2.247204    2.280156
    2.325649    2.354798    2.424148    2.450859    2.607848    2.631616    2.675082    2.709674
    2.711216    2.732208    2.944427    2.972786
at  -0.03125   0.46875  -0.03125    0.001953
   52 eigenvalues :
   -2.810906   -2.725809   -1.591036   -1.574541   -1.545169   -1.492270   -1.476586   -1.460883
    0.220109    0.266837    0.282600    0.349012    0.369371    0.382938    0.390636    0.403461
    0.437621    0.459069    0.469203    0.512766    0.705900    0.757564    1.040707    1.060175
    1.115828    1.149568    1.355649    1.385354    1.485810    1.517101    1.632845    1.654396
    1.775195    1.797972    2.003607    2.028936    2.159213    2.184986    2.234887    2.268142
    2.363718    2.385750    2.397208    2.411771    2.628780    2.637462    2.662142    2.662333
    2.686815    2.706343    2.970187    2.998491
at   0.03125   0.46875  -0.09375    0.001953
   52 eigenvalues :
   -2.810828   -2.725727   -1.591024   -1.574862   -1.545307   -1.492261   -1.476909   -1.461120
    0.224015    0.271048    0.286171    0.347447    0.352700    0.378997    0.391180    0.408096
    0.445195    0.455022    0.481145    0.515523    0.707675    0.758833    1.023576    1.048001
    1.113531    1.143429    1.369059    1.399314    1.504664    1.534215    1.572104    1.594153
    1.804452    1.832453    2.002771    2.025063    2.145100    2.172061    2.247204    2.280155
    2.325650    2.354797    2.424147    2.450859    2.607848    2.631616    2.675082    2.709659
    2.711231    2.732207    2.944427    2.972786
at   0.09375   0.46875  -0.15625    0.001953
   52 eigenvalues :
   -2.810605   -2.725492   -1.591148   -1.575461   -1.545879   -1.492396   -1.477477   -1.461937
    0.234550    0.282468    0.296160    0.319628    0.361677    0.369662    0.371533    0.416601
    0.445071    0.472515    0.494521    0.531664    0.713529    0.763149    0.982616    1.014045
    1.104790    1.131316    1.395242    1.423499    1.466472    1.490872    1.576579    1.604961
    1.761412    1.795381    2.050678    2.073579    2.129065    2.153970    2.259075    2.289910
    2.335276    2.363868    2.430952    2.454850    2.598475    2.624295    2.720300    2.745470
    2.771124    2.802221    2.846476    2.874520
at   0.15625   0.46875  -0.21875    0.001953
   52 eigenvalues :
   -2.810268   -2.725136   -1.591454   -1.576232   -1.546783   -1.492724   -1.478178   -1.463172
    0.247444    0.292826    0.296782    0.313513    0.345552    0.363785    0.381156    0.417125
    0.436574    0.496550    0.509476    0.562482    0.724588    0.771612    0.931136    0.966104
    1.092529    1.120234    1.326482    1.351200    1.481754    1.510560    1.620854    1.652254
    1.704502    1.735763    2.032347    2.060940    2.206964    2.229061    2.278117    2.306989
    2.369809    2.396938    2.433897    2.458336    2.614950    2.642884    2.700562    2.727628
    2.788875    2.814156    2.870392    2.898747
at   0.40625   0.28125  -0.21875    0.001953
   52 eigenvalues :
   -2.809866   -2.724712   -1.591963   -1.577037   -1.547860   -1.493273   -1.478883   -1.464590
    0.254652    0.272471    0.305542    0.327039    0.332376    0.367290    0.401279    0.415819
    0.439585    0.495461    0.548771    0.597197    0.741801    0.785209    0.877187    0.913042
    1.079981    1.110756    1.227546    1.254544    1.460234    1.493399    1.630509    1.661179
    1.776926    1.804400    1.990836    2.018846    2.254402    2.280806    2.313215    2.340898
    2.387659    2.416682    2.514650    2.537233    2.630124    2.657505    2.699592    2.725835
    2.826251    2.848972    2.897408    2.927062
at   0.40625   0.34375  -0.28125    0.001953
   52 eigenvalues :
   -2.809457   -2.724281   -1.592625   -1.577742   -1.548935   -1.493986   -1.479490   -1.465938
    0.251433    0.256290    0.303466    0.312394    0.355595    0.381893    0.414232    0.426448
    0.455735    0.494105    0.590205    0.633391    0.763429    0.802283    0.826180    0.861273
    1.066074    1.100140    1.140545    1.170790    1.366340    1.402210    1.702112    1.731410
    1.872847    1.900174    1.976479    2.002827    2.216114    2.244374    2.356442    2.382873
    2.433320    2.465116    2.611228    2.639936    2.675290    2.693230    2.755631    2.783110
    2.828912    2.847935    2.890274    2.921894
at   0.40625   0.40625  -0.34375    0.001953
   52 eigenvalues :
   -2.809107   -2.723911   -1.593310   -1.578254   -1.549851   -1.494715   -1.479937   -1.467019
    0.243191    0.244708    0.296494    0.300792    0.380890    0.397034    0.414668    0.454760
    0.473177    0.494776    0.635720    0.673239    0.777206    0.786497    0.810992    0.819389
    1.041946    1.079440    1.084623    1.118223    1.275747    1.313361    1.755865    1.785410
    1.956248    1.983258    2.021888    2.047730    2.175705    2.204638    2.400228    2.425085
    2.467791    2.498194    2.568527    2.593907    2.788145    2.814464    2.836441    2.856187
    2.862276    2.864308    2.877335    2.886570
at   0.40625   0.46875  -0.40625    0.001953
   52 eigenvalues :
   -2.808870   -2.723662   -1.593848   -1.578512   -1.550491   -1.495280   -1.480160   -1.467733
    0.236752    0.237216    0.291139    0.292664    0.401062    0.405094    0.417841    0.478497
    0.482570    0.498542    0.686277    0.718787    0.751197    0.776809    0.781993    0.806135
    1.021531    1.058559    1.061475    1.094925    1.209766    1.248972    1.771173    1.800588
    2.037575    2.064654    2.077054    2.104181    2.173951    2.203426    2.422856    2.445342
    2.458057    2.483633    2.531825    2.556003    2.712158    2.738535    2.901069    2.935007
    2.938028    2.965912    2.981114    3.011580
at   0.46875   0.46875  -0.46875    0.000488
   52 eigenvalues :
   -2.808704   -2.723487   -1.594227   -1.578708   -1.550924   -1.495678   -1.480343   -1.468202
    0.231866    0.231965    0.286688    0.287104    0.414315    0.416851    0.417489    0.494333
    0.496927    0.498239    0.727064    0.747540    0.756174    0.757845    0.777192    0.783153
    1.010348    1.023690    1.052032    1.063802    1.168022    1.208192    1.775616    1.804759
    2.132593    2.136303    2.149231    2.161974    2.165048    2.179415    2.455618    2.456396
    2.456747    2.475569    2.478146    2.478524    2.640692    2.665633    2.960686    2.979012
    2.979015    3.006441    3.024317    3.024318
at  -0.34375   0.46875   0.40625    0.001953
   52 eigenvalues :
   -2.809019   -2.723819   -1.593648   -1.578105   -1.550230   -1.495054   -1.479732   -1.467417
    0.241621    0.242175    0.296661    0.296895    0.381295    0.403581    0.417142    0.455178
    0.480886    0.497364    0.692944    0.719895    0.728235    0.755829    0.772683    0.804842
    1.051569    1.088162    1.092126    1.125861    1.238630    1.277560    1.752645    1.782013
    1.962610    1.989929    2.081842    2.108706    2.189675    2.218188    2.402909    2.427886
    2.438627    2.465395    2.557872    2.583238    2.785463    2.813250    2.813987    2.838378
    2.883747    2.916845    2.928486    2.950154
at  -0.21875   0.40625   0.40625    0.001953
   52 eigenvalues :
   -2.809572   -2.724402   -1.592828   -1.576943   -1.548970   -1.494183   -1.478651   -1.465802
    0.260989    0.261234    0.315601    0.315671    0.327197    0.393386    0.400906    0.401408
    0.477865    0.477871    0.679917    0.681714    0.722618    0.724155    0.745092    0.784554
    1.183721    1.184468    1.211982    1.212720    1.332424    1.367956    1.630478    1.661916
    1.919709    1.949603    2.093909    2.095100    2.118754    2.119912    2.432730    2.433540
    2.465982    2.466818    2.578928    2.604351    2.608076    2.629650    2.681798    2.681886
    2.702990    2.703065    2.990921    3.018195
at  -0.28125   0.40625   0.40625    0.001953
   52 eigenvalues :
   -2.809293   -2.724108   -1.593296   -1.577368   -1.549723   -1.494675   -1.478951   -1.466791
    0.250801    0.250953    0.304802    0.306332    0.354650    0.398596    0.412008    0.424795
    0.475140    0.490960    0.657303    0.697209    0.732568    0.759836    0.771341    0.796487
    1.103897    1.134300    1.136631    1.165204    1.299268    1.336825    1.697239    1.726599
    1.919242    1.947869    2.052855    2.078427    2.181888    2.208779    2.388389    2.416143
    2.446244    2.477691    2.573241    2.599335    2.731651    2.740442    2.755055    2.762893
    2.819299    2.843298    2.894751    2.925297
at  -0.40625   0.40625   0.40625    0.000977
   52 eigenvalues :
   -2.809041   -2.723843   -1.593716   -1.577752   -1.550406   -1.495098   -1.479260   -1.467663
    0.240386    0.242672    0.293483    0.298943    0.396230    0.396311    0.410237    0.472279
    0.472387    0.490193    0.627293    0.663701    0.798518    0.798528    0.830306    0.830311
    1.015575    1.055910    1.061944    1.096936    1.268119    1.305638    1.772867    1.802670
    2.010445    2.010449    2.036517    2.036521    2.112903    2.141836    2.477020    2.477020
    2.507131    2.507131    2.514411    2.534647    2.772552    2.798935    2.817730    2.844170
    2.937696    2.937696    2.958437    2.958437
at  -0.15625   0.34375   0.40625    0.001953
   52 eigenvalues :
   -2.809901   -2.724748   -1.592485   -1.576055   -1.548318   -1.493857   -1.477711   -1.464940
    0.267894    0.275401    0.304635    0.322460    0.328701    0.369002    0.387463    0.403079
    0.462809    0.480364    0.630237    0.676330    0.687044    0.733116    0.761622    0.801673
    1.216511    1.243182    1.275784    1.300519    1.339913    1.370843    1.626896    1.662561
    1.904790    1.934016    2.031879    2.057587    2.126514    2.149941    2.404853    2.425104
    2.438229    2.454107    2.496795    2.521545    2.569399    2.590979    2.596694    2.622491
    2.718133    2.742047    2.946296    2.973954
at  -0.21875   0.34375   0.40625    0.001953
   52 eigenvalues :
   -2.809648   -2.724482   -1.592871   -1.576422   -1.549015   -1.494261   -1.477930   -1.465899
    0.258723    0.264669    0.312753    0.318712    0.329223    0.384497    0.396748    0.411693
    0.459348    0.490262    0.613069    0.657780    0.717671    0.760579    0.792001    0.829692
    1.134643    1.164608    1.209184    1.236499    1.373363    1.407865    1.631496    1.662767
    1.880445    1.908973    2.009771    2.036043    2.212526    2.237819    2.370805    2.400168
    2.415464    2.447466    2.560774    2.583365    2.609045    2.634818    2.686448    2.711426
    2.797364    2.819012    2.874684    2.900174
at  -0.34375   0.34375   0.40625    0.000977
   52 eigenvalues :
   -2.809355   -2.724173   -1.593216   -1.576958   -1.549833   -1.494558   -1.478366   -1.467040
    0.246799    0.252522    0.297829    0.309625    0.376888    0.381199    0.408853    0.450593
    0.454720    0.488473    0.576258    0.618157    0.810532    0.837976    0.846879    0.872436
    1.031012    1.068682    1.085617    1.117993    1.356439    1.392294    1.757436    1.787354
    1.903059    1.928692    1.948812    1.974507    2.126688    2.154945    2.432355    2.455244
    2.461905    2.487732    2.587630    2.612257    2.707966    2.728331    2.798178    2.819370
    2.885165    2.914352    2.919308    2.937339
at  -0.34375   0.40625   0.34375    0.001953
   52 eigenvalues :
   -2.809355   -2.724173   -1.593179   -1.577035   -1.549786   -1.494508   -1.478493   -1.466969
    0.246798    0.252523    0.297830    0.309623    0.376791    0.381322    0.408824    0.450520
    0.454803    0.488468    0.576258    0.618157    0.810535    0.837972    0.846877    0.872439
    1.031012    1.068682    1.085618    1.117993    1.356439    1.392294    1.757436    1.787354
    1.903059    1.928693    1.948810    1.974508    2.126687    2.154945    2.432355    2.455247
    2.461903    2.487733    2.587630    2.612257    2.707966    2.728331    2.798178    2.819369
    2.885164    2.914378    2.919280    2.937343
at  -0.09375   0.28125   0.40625    0.001953
   52 eigenvalues :
   -2.810228   -2.725093   -1.592161   -1.575173   -1.547648   -1.493606   -1.476675   -1.464117
    0.261887    0.293271    0.293798    0.315674    0.344963    0.357269    0.378880    0.403853
    0.454047    0.481348    0.584255    0.633761    0.682429    0.731828    0.801541    0.840175
    1.201690    1.228319    1.336220    1.364104    1.376026    1.398232    1.705816    1.742698
    1.827873    1.855486    2.048747    2.077007    2.113862    2.135448    2.337389    2.350366
    2.357695    2.382680    2.486245    2.507932    2.523890    2.557079    2.603164    2.629763
    2.767088    2.796759    2.926045    2.954269
at  -0.15625   0.28125   0.40625    0.001953
   52 eigenvalues :
   -2.810029   -2.724883   -1.592474   -1.575420   -1.548195   -1.493931   -1.476793   -1.464868
    0.258028    0.282712    0.310433    0.311424    0.335343    0.372229    0.377785    0.412473
    0.446727    0.490956    0.569140    0.617926    0.701268    0.748478    0.837915    0.875223
    1.150493    1.178035    1.301216    1.325884    1.406915    1.436661    1.630483    1.665743
    1.797979    1.825744    2.028751    2.056795    2.211072    2.235126    2.331757    2.358821
    2.406075    2.433486    2.442685    2.468612    2.599703    2.627975    2.638064    2.663117
    2.812618    2.838528    2.857326    2.883350
at  -0.28125   0.28125   0.40625    0.000977
   52 eigenvalues :
   -2.809759   -2.724600   -1.592638   -1.575931   -1.549016   -1.493984   -1.477205   -1.466096
    0.252180    0.265824    0.300567    0.322985    0.351918    0.365550    0.410624    0.423321
    0.437087    0.490297    0.533901    0.582095    0.794797    0.834525    0.891709    0.926410
    1.044244    1.077991    1.153691    1.183104    1.459554    1.493914    1.694660    1.723736
    1.787076    1.813444    1.941990    1.969325    2.163639    2.190802    2.375751    2.402700
    2.406116    2.432687    2.621167    2.634493    2.647134    2.654096    2.654799    2.678549
    2.937699    2.967754    2.971369    2.986054
at  -0.28125   0.34375   0.34375    0.001953
   52 eigenvalues :
   -2.809722   -2.724562   -1.592585   -1.576125   -1.549077   -1.493871   -1.477482   -1.466176
    0.251144    0.263699    0.298509    0.321943    0.356359    0.371962    0.404031    0.427548
    0.444811    0.482907    0.528697    0.577010    0.849129    0.855246    0.886982    0.891269
    1.060891    1.095703    1.104432    1.134403    1.454824    1.489107    1.714209    1.743241
    1.863542    1.867039    1.888207    1.895094    2.124053    2.151789    2.407198    2.408908
    2.438867    2.439949    2.605987    2.615237    2.627147    2.639142    2.799414    2.819110
    2.825430    2.846328    2.976514    3.008643
at  -0.28125   0.40625   0.28125    0.001953
   52 eigenvalues :
   -2.809759   -2.724600   -1.592503   -1.576213   -1.548847   -1.493778   -1.477711   -1.465817
    0.252177    0.265827    0.300573    0.322975    0.351847    0.365672    0.410515    0.423331
    0.437141    0.490302    0.533892    0.582098    0.794798    0.834524    0.891707    0.926413
    1.044244    1.077990    1.153692    1.183103    1.459554    1.493914    1.694660    1.723737
    1.787077    1.813443    1.941990    1.969325    2.163639    2.190802    2.375751    2.402708
    2.406108    2.432687    2.621167    2.634494    2.647133    2.654095    2.654800    2.678549
    2.937697    2.967796    2.971322    2.986061
at  -0.03125   0.21875   0.40625    0.001953
   52 eigenvalues :
   -2.810505   -2.725384   -1.591909   -1.574412   -1.547066   -1.493463   -1.475678   -1.463472
    0.249306    0.287470    0.301787    0.313636    0.351143    0.363110    0.378928    0.401875
    0.454871    0.479303    0.546213    0.599293    0.678738    0.730468    0.851348    0.887395
    1.134233    1.162043    1.369079    1.394920    1.482673    1.503347    1.734305    1.761710
    1.822648    1.858952    2.031831    2.050470    2.097555    2.126883    2.287021    2.296653
    2.308870    2.328335    2.424733    2.445453    2.589222    2.621850    2.639112    2.669573
    2.686716    2.717033    2.961880    2.991390
at  -0.09375   0.21875   0.40625    0.001953
   52 eigenvalues :
   -2.810377   -2.725250   -1.592168   -1.574500   -1.547391   -1.493739   -1.475686   -1.463874
    0.247220    0.296120    0.298609    0.307404    0.354486    0.364877    0.372021    0.411737
    0.446005    0.489600    0.528107    0.581131    0.691238    0.741673    0.887763    0.923047
    1.148981    1.174716    1.363866    1.392077    1.426828    1.450037    1.683955    1.713537
    1.739411    1.773758    2.060159    2.085867    2.156575    2.180415    2.271670    2.297032
    2.335529    2.364684    2.484846    2.509087    2.573416    2.600870    2.638864    2.666792
    2.738842    2.767086    2.882305    2.910848
at  -0.21875   0.21875   0.40625    0.000977
   52 eigenvalues :
   -2.810190   -2.725055   -1.592112   -1.574840   -1.548047   -1.493522   -1.475958   -1.464916
    0.249339    0.282965    0.295448    0.327703    0.338546    0.359043    0.397391    0.413046
    0.430685    0.492640    0.497259    0.550835    0.773541    0.816812    0.952848    0.988207
    1.051081    1.080807    1.250001    1.276676    1.558042    1.589365    1.603282    1.632072
    1.700128    1.729458    1.977450    2.006125    2.176430    2.201399    2.325324    2.333029
    2.356550    2.357827    2.532905    2.555866    2.615961    2.636319    2.641722    2.662987
    2.913204    2.946632    2.969909    2.992053
at  -0.21875   0.28125   0.34375    0.001953
   52 eigenvalues :
   -2.810151   -2.725014   -1.591960   -1.575066   -1.548167   -1.493254   -1.476295   -1.465111
    0.251427    0.276534    0.294495    0.334724    0.336257    0.361705    0.403245    0.405442
    0.433883    0.481755    0.492023    0.547391    0.834008    0.873879    0.902161    0.938735
    1.090945    1.121753    1.172873    1.201102    1.545912    1.576775    1.641316    1.672038
    1.765200    1.791153    1.890512    1.919077    2.146140    2.172992    2.315064    2.340879
    2.372599    2.404610    2.555310    2.580663    2.583689    2.606321    2.725205    2.747973
    2.869586    2.892692    2.995122    3.024837
at  -0.21875   0.34375   0.28125    0.001953
   52 eigenvalues :
   -2.810151   -2.725014   -1.591865   -1.575265   -1.548049   -1.493093   -1.476682   -1.464899
    0.251427    0.276536    0.294498    0.334728    0.336216    0.361777    0.402922    0.405710
    0.433892    0.481824    0.491955    0.547395    0.834009    0.873879    0.902158    0.938737
    1.090946    1.121753    1.172873    1.201101    1.545911    1.576777    1.641315    1.672039
    1.765201    1.791153    1.890512    1.919078    2.146140    2.172992    2.315064    2.340879
    2.372599    2.404610    2.555310    2.580663    2.583689    2.606321    2.725205    2.747972
    2.869586    2.892692    2.995122    3.024837
at  -0.21875   0.40625   0.21875    0.001953
   52 eigenvalues :
   -2.810190   -2.725055   -1.591845   -1.575402   -1.547712   -1.493072   -1.477024   -1.464340
    0.249338    0.282965    0.295461    0.327665    0.338515    0.359174    0.397236    0.413099
    0.430704    0.492939    0.496960    0.550844    0.773541    0.816811    0.952845    0.988211
    1.051081    1.080807    1.250002    1.276675    1.558035    1.589404    1.603242    1.632080
    1.700129    1.729458    1.977450    2.006125    2.176430    2.201399    2.325322    2.333032
    2.356536    2.357840    2.532905    2.555866    2.615961    2.636319    2.641722    2.662987
    2.913204    2.946632    2.969909    2.992053
at   0.03125   0.15625   0.40625    0.001953
   52 eigenvalues :
   -2.810690   -2.725579   -1.591758   -1.573891   -1.546671   -1.493409   -1.474937   -1.463081
    0.240142    0.281301    0.291369    0.333230    0.345537    0.379549    0.383035    0.396267
    0.459909    0.473973    0.520442    0.577019    0.677012    0.730102    0.908438    0.941165
    1.056242    1.085993    1.413838    1.437805    1.587748    1.608167    1.658268    1.686928
    1.920611    1.923994    1.936942    1.958090    2.156352    2.186697    2.253770    2.275184
    2.285486    2.299127    2.383665    2.403176    2.551041    2.586132    2.629568    2.660443
    2.733626    2.762568    2.983126    3.010755
at  -0.03125   0.15625   0.40625    0.001953
   52 eigenvalues :
   -2.810642   -2.725529   -1.591977   -1.573795   -1.546747   -1.493665   -1.474791   -1.463099
    0.235223    0.285266    0.287219    0.331370    0.352655    0.377381    0.378844    0.406604
    0.453255    0.482942    0.494716    0.553291    0.686089    0.738583    0.939951    0.971677
    1.118597    1.145221    1.368864    1.397462    1.524603    1.545460    1.614647    1.643413
    1.828224    1.862431    1.996621    2.015045    2.163651    2.192639    2.252898    2.280210
    2.282144    2.312096    2.522690    2.542096    2.542719    2.572509    2.641886    2.670666
    2.674571    2.705475    2.934463    2.963466
at  -0.15625   0.15625   0.40625    0.000977
   52 eigenvalues :
   -2.810583   -2.725470   -1.591720   -1.573855   -1.547079   -1.493238   -1.474819   -1.463695
    0.237487    0.282081    0.304260    0.307562    0.356825    0.364161    0.376152    0.415389
    0.437494    0.462095    0.495634    0.520981    0.756255    0.802147    1.019470    1.054260
    1.056687    1.081444    1.356814    1.381639    1.506943    1.536281    1.563087    1.590269
    1.727165    1.760630    2.027921    2.057134    2.116204    2.137445    2.284571    2.311825
    2.317062    2.336951    2.437280    2.460156    2.609645    2.634956    2.705536    2.735896
    2.877199    2.912266    2.928013    2.949023
at  -0.15625   0.21875   0.34375    0.001953
   52 eigenvalues :
   -2.810573   -2.725460   -1.591426   -1.574035   -1.547187   -1.492781   -1.475110   -1.463924
    0.242390    0.282788    0.291060    0.318187    0.348512    0.360297    0.386228    0.404611
    0.432954    0.461929    0.483056    0.523872    0.812114    0.854302    0.954151    0.989496
    1.110376    1.138484    1.272620    1.299027    1.512383    1.540253    1.653048    1.680215
    1.715365    1.748120    1.934554    1.963525    2.137465    2.161842    2.236940    2.261665
    2.338526    2.370048    2.486485    2.509410    2.579718    2.606413    2.705107    2.730552
    2.858728    2.884070    2.989419    3.023287
at  -0.15625   0.28125   0.28125    0.001953
   52 eigenvalues :
   -2.810571   -2.725458   -1.591217   -1.574263   -1.547132   -1.492447   -1.475558   -1.463832
    0.245241    0.283221    0.285271    0.323026    0.345422    0.359186    0.390414    0.398609
    0.432012    0.462852    0.476227    0.525808    0.872155    0.886586    0.912841    0.923323
    1.176085    1.199043    1.204883    1.226003    1.507690    1.535200    1.704060    1.737307
    1.742654    1.766821    1.858682    1.889194    2.159419    2.186471    2.197811    2.220302
    2.373483    2.406234    2.504294    2.525829    2.531134    2.547675    2.757791    2.780759
    2.884538    2.909832    2.954252    2.982014
at  -0.15625   0.34375   0.21875    0.001953
   52 eigenvalues :
   -2.810573   -2.725460   -1.591199   -1.574514   -1.546905   -1.492374   -1.476059   -1.463412
    0.242390    0.282784    0.291069    0.318169    0.348478    0.360422    0.386110    0.404631
    0.432936    0.462055    0.482952    0.523887    0.812115    0.854301    0.954149    0.989499
    1.110376    1.138485    1.272621    1.299027    1.512382    1.540254    1.653047    1.680216
    1.715364    1.748121    1.934554    1.963526    2.137465    2.161842    2.236940    2.261665
    2.338525    2.370048    2.486485    2.509410    2.579718    2.606413    2.705107    2.730552
    2.858728    2.884070    2.989419    3.023286
at  -0.15625   0.40625   0.15625    0.001953
   52 eigenvalues :
   -2.810583   -2.725470   -1.591310   -1.574725   -1.546564   -1.492506   -1.476493   -1.462808
    0.237487    0.282079    0.304273    0.307543    0.356752    0.364432    0.375937    0.415394
    0.437458    0.462222    0.495523    0.521020    0.756256    0.802146    1.019459    1.054561
    1.056386    1.081455    1.356815    1.381638    1.506941    1.536285    1.563085    1.590269
    1.727164    1.760630    2.027920    2.057134    2.116204    2.137445    2.284570    2.311826
    2.317062    2.336951    2.437280    2.460156    2.609645    2.634956    2.705537    2.735895
    2.877200    2.912266    2.928012    2.949023
at   0.09375   0.09375   0.40625    0.000977
   52 eigenvalues :
   -2.810755   -2.725647   -1.591710   -1.573706   -1.546532   -1.493399   -1.474662   -1.462953
    0.236941    0.278702    0.287674    0.343038    0.343163    0.384756    0.387147    0.391918
    0.462362    0.470418    0.511288    0.569495    0.676557    0.730094    0.958240    0.986178
    0.998553    1.032061    1.438626    1.461245    1.622829    1.648736    1.652815    1.670233
    1.855156    1.869717    1.967415    1.999979    2.193452    2.224367    2.235482    2.267368
    2.274626    2.299590    2.368456    2.387189    2.485268    2.520730    2.640650    2.670852
    2.810148    2.839703    2.952993    2.978952
at   0.03125   0.09375   0.40625    0.001953
   52 eigenvalues :
   -2.810784   -2.725680   -1.591887   -1.573410   -1.546387   -1.493650   -1.474287   -1.462676
    0.228172    0.277488    0.281246    0.346776    0.355025    0.382507    0.394722    0.396659
    0.459389    0.471960    0.476145    0.539878    0.684028    0.737510    0.990314    1.016430
    1.071711    1.102845    1.386620    1.413338    1.556794    1.587050    1.617722    1.638887
    1.851369    1.873284    1.948092    1.974847    2.198542    2.225192    2.241070    2.272591
    2.282524    2.313014    2.476119    2.506837    2.520622    2.540248    2.628382    2.659217
    2.699177    2.727316    2.942372    2.969311
at  -0.09375   0.09375   0.40625    0.000977
   52 eigenvalues :
   -2.810880   -2.725783   -1.591479   -1.573116   -1.546292   -1.493103   -1.473955   -1.462682
    0.224431    0.268100    0.293226    0.329164    0.360380    0.374501    0.376990    0.417227
    0.428376    0.449009    0.492829    0.497667    0.745081    0.792765    1.060173    1.080825
    1.087674    1.122222    1.417562    1.447491    1.448890    1.475415    1.537888    1.563204
    1.784480    1.813995    2.052369    2.074320    2.076981    2.105599    2.255461    2.289627
    2.329258    2.354315    2.365229    2.389792    2.621428    2.646007    2.740577    2.775691
    2.862159    2.887013    2.892383    2.912137
at  -0.09375   0.15625   0.34375    0.001953
   52 eigenvalues :
   -2.810927   -2.725834   -1.591038   -1.573170   -1.546299   -1.492487   -1.474095   -1.462827
    0.228417    0.267691    0.298678    0.312927    0.360674    0.367550    0.372354    0.404653
    0.436820    0.442036    0.482281    0.505191    0.795192    0.839038    1.004313    1.035746
    1.129369    1.156942    1.361086    1.387847    1.464598    1.491495    1.579735    1.607005
    1.790173    1.820989    1.976410    2.004693    2.081750    2.105399    2.224972    2.252678
    2.314680    2.344880    2.406316    2.429228    2.618720    2.645316    2.728396    2.757161
    2.825176    2.849260    2.917471    2.953650
at  -0.09375   0.21875   0.28125    0.001953
   52 eigenvalues :
   -2.810955   -2.725864   -1.590673   -1.573358   -1.546243   -1.491947   -1.474487   -1.462801
    0.232972    0.268238    0.292156    0.313359    0.352668    0.362202    0.378391    0.397260
    0.436072    0.442520    0.475041    0.510972    0.856217    0.896428    0.929465    0.965085
    1.196761    1.223434    1.278500    1.304762    1.463560    1.490605    1.674992    1.700644
    1.802237    1.834368    1.877230    1.907077    2.082109    2.103576    2.186675    2.214722
    2.361567    2.391861    2.448322    2.472655    2.525068    2.551898    2.737289    2.761217
    2.881563    2.908778    2.964999    3.003658
at  -0.09375   0.28125   0.21875    0.001953
   52 eigenvalues :
   -2.810955   -2.725864   -1.590540   -1.573640   -1.546076   -1.491701   -1.475053   -1.462499
    0.232972    0.268238    0.292154    0.313357    0.352672    0.362235    0.378354    0.397246
    0.436017    0.442624    0.475000    0.510981    0.856218    0.896427    0.929464    0.965086
    1.196760    1.223434    1.278501    1.304761    1.463560    1.490606    1.674992    1.700645
    1.802236    1.834369    1.877230    1.907077    2.082109    2.103576    2.186675    2.214722
    2.361567    2.391861    2.448322    2.472655    2.525069    2.551898    2.737289    2.761217
    2.881564    2.908776    2.965001    3.003657
at  -0.09375   0.34375   0.15625    0.001953
   52 eigenvalues :
   -2.810927   -2.725834   -1.590662   -1.573966   -1.545829   -1.491802   -1.475652   -1.462004
    0.228418    0.267690    0.298666    0.312934    0.360728    0.367709    0.372138    0.404618
    0.436669    0.442296    0.482174    0.505232    0.795193    0.839037    1.004310    1.035750
    1.129366    1.156943    1.361087    1.387847    1.464598    1.491495    1.579735    1.607005
    1.790173    1.820990    1.976409    2.004693    2.081750    2.105399    2.224972    2.252677
    2.314680    2.344880    2.406316    2.429228    2.618720    2.645316    2.728397    2.757160
    2.825176    2.849260    2.917472    2.953649
at  -0.09375   0.40625   0.09375    0.001953
   52 eigenvalues :
   -2.810880   -2.725783   -1.590931   -1.574283   -1.545601   -1.492113   -1.476170   -1.461530
    0.224432    0.268098    0.293214    0.329177    0.360503    0.374242    0.377114    0.417140
    0.428436    0.449114    0.492485    0.497945    0.745082    0.792764    1.060143    1.080997
    1.087522    1.122232    1.417561    1.447492    1.448890    1.475414    1.537888    1.563204
    1.784480    1.813995    2.052366    2.074374    2.076927    2.105601    2.255460    2.289628
    2.329260    2.354300    2.365244    2.389789    2.621428    2.646007    2.740579    2.775688
    2.862162    2.887020    2.892374    2.912138
at   0.09375   0.03125   0.40625    0.001953
   52 eigenvalues :
   -2.810784   -2.725680   -1.591887   -1.573410   -1.546387   -1.493650   -1.474287   -1.462676
    0.228172    0.277488    0.281246    0.346776    0.355025    0.382507    0.394722    0.396659
    0.459389    0.471960    0.476145    0.539878    0.684028    0.737510    0.990314    1.016430
    1.071711    1.102845    1.386620    1.413338    1.556794    1.587050    1.617722    1.638887
    1.851369    1.873284    1.948092    1.974847    2.198542    2.225192    2.241070    2.272591
    2.282524    2.313014    2.476119    2.506837    2.520622    2.540248    2.628382    2.659217
    2.699177    2.727316    2.942372    2.969311
at  -0.03125   0.03125   0.40625    0.000977
   52 eigenvalues :
   -2.811040   -2.725952   -1.591365   -1.572714   -1.545847   -1.493058   -1.473487   -1.462105
    0.216566    0.259778    0.285805    0.352510    0.355178    0.381192    0.393714    0.397961
    0.418250    0.456904    0.471954    0.498786    0.739759    0.788355    1.062582    1.080714
    1.142316    1.176704    1.351220    1.381957    1.457340    1.488354    1.612066    1.633910
    1.741145    1.764700    2.066963    2.092508    2.107229    2.134703    2.239321    2.275362
    2.304665    2.325104    2.370603    2.402447    2.646682    2.651885    2.670116    2.686508
    2.865160    2.865647    2.884546    2.889787
at  -0.03125   0.09375   0.34375    0.001953
   52 eigenvalues :
   -2.811162   -2.726082   -1.590812   -1.572596   -1.545679   -1.492342   -1.473413   -1.462053
    0.217284    0.256029    0.290272    0.329351    0.357109    0.376373    0.377641    0.397866
    0.421642    0.452083    0.474208    0.497073    0.785081    0.829985    1.044873    1.069473
    1.143813    1.174984    1.361181    1.389862    1.490630    1.519525    1.563441    1.587093
    1.768771    1.793181    2.011920    2.041012    2.102474    2.128671    2.209006    2.238059
    2.308566    2.336994    2.355650    2.381541    2.659382    2.690358    2.698792    2.726488
    2.787589    2.810374    2.949496    2.983519
at  -0.03125   0.15625   0.28125    0.001953
   52 eigenvalues :
   -2.811247   -2.726173   -1.590288   -1.572659   -1.545532   -1.491630   -1.473626   -1.461988
    0.220599    0.254676    0.293170    0.310514    0.356980    0.368263    0.371664    0.395102
    0.429169    0.445807    0.473025    0.501621    0.841257    0.882345    0.980914    1.013007
    1.171295    1.199796    1.338383    1.363547    1.504054    1.528806    1.605026    1.632700
    1.823230    1.848862    1.910600    1.941643    2.026590    2.050205    2.226872    2.257105
    2.338707    2.366435    2.389328    2.414226    2.575575    2.604878    2.721798    2.747054
    2.828232    2.856710    2.922046    2.960418
at  -0.03125   0.21875   0.21875    0.001953
   52 eigenvalues :
   -2.811279   -2.726206   -1.589984   -1.572902   -1.545360   -1.491171   -1.474130   -1.461758
    0.222667    0.254445    0.291910    0.305840    0.353877    0.366731    0.370799    0.394241
    0.431990    0.442797    0.472361    0.503868    0.897712    0.918638    0.936376    0.954076
    1.189673    1.218868    1.320866    1.343463    1.492911    1.518348    1.668430    1.694576
    1.840271    1.869876    1.870198    1.901173    1.970133    1.990740    2.234185    2.265240
    2.358100    2.383078    2.433538    2.460062    2.509163    2.538946    2.706893    2.731417
    2.894325    2.934569    2.940217    2.969726
at  -0.03125   0.28125   0.15625    0.001953
   52 eigenvalues :
   -2.811247   -2.726173   -1.589995   -1.573278   -1.545166   -1.491108   -1.474813   -1.461363
    0.220599    0.254675    0.293160    0.310521    0.357044    0.368201    0.371677    0.395057
    0.429188    0.445868    0.472963    0.501637    0.841258    0.882344    0.980913    1.013009
    1.171293    1.199797    1.338383    1.363547    1.504054    1.528806    1.605025    1.632700
    1.823230    1.848862    1.910601    1.941643    2.026590    2.050205    2.226873    2.257106
    2.338706    2.366436    2.389327    2.414227    2.575575    2.604878    2.721798    2.747054
    2.828232    2.856709    2.922047    2.960417
at  -0.03125   0.34375   0.09375    0.001953
   52 eigenvalues :
   -2.811162   -2.726082   -1.590284   -1.573717   -1.545013   -1.491409   -1.475511   -1.460962
    0.217285    0.256028    0.290262    0.329359    0.357191    0.376166    0.377780    0.397780
    0.421703    0.452186    0.474078    0.497114    0.785082    0.829984    1.044868    1.069480
    1.143808    1.174988    1.361181    1.389862    1.490630    1.519525    1.563442    1.587092
    1.768771    1.793182    2.011920    2.041014    2.102473    2.128672    2.209006    2.238059
    2.308566    2.336994    2.355650    2.381542    2.659382    2.690358    2.698792    2.726487
    2.787589    2.810374    2.949497    2.983519
at  -0.03125   0.40625   0.03125    0.001953
   52 eigenvalues :
   -2.811040   -2.725952   -1.590690   -1.574150   -1.544992   -1.491876   -1.476112   -1.460757
    0.216567    0.259777    0.285795    0.352571    0.355185    0.381203    0.393551    0.397957
    0.418338    0.457052    0.471782    0.498823    0.739760    0.788355    1.062573    1.080726
    1.142308    1.176708    1.351219    1.381957    1.457340    1.488354    1.612066    1.633909
    1.741146    1.764700    2.066962    2.092512    2.107227    2.134704    2.239319    2.275365
    2.304667    2.325100    2.370606    2.402446    2.646682    2.651885    2.670116    2.686508
    2.865123    2.865685    2.884542    2.889790
at   0.15625  -0.03125   0.40625    0.001953
   52 eigenvalues :
   -2.810642   -2.725529   -1.591977   -1.573795   -1.546747   -1.493665   -1.474791   -1.463099
    0.235223    0.285266    0.287219    0.331370    0.352655    0.377381    0.378844    0.406604
    0.453255    0.482942    0.494716    0.553291    0.686089    0.738583    0.939951    0.971677
    1.118597    1.145221    1.368864    1.397462    1.524603    1.545460    1.614647    1.643413
    1.828224    1.862431    1.996621    2.015045    2.163651    2.192639    2.252898    2.280210
    2.282144    2.312096    2.522690    2.542096    2.542719    2.572509    2.641886    2.670666
    2.674571    2.705475    2.934463    2.963466
at   0.03125  -0.03125   0.40625    0.000977
   52 eigenvalues :
   -2.811040   -2.725952   -1.591365   -1.572714   -1.545847   -1.493058   -1.473487   -1.462105
    0.216566    0.259778    0.285805    0.352510    0.355178    0.381192    0.393714    0.397961
    0.418250    0.456904    0.471954    0.498786    0.739759    0.788355    1.062582    1.080714
    1.142316    1.176704    1.351220    1.381957    1.457340    1.488354    1.612066    1.633910
    1.741145    1.764700    2.066963    2.092508    2.107229    2.134703    2.239321    2.275362
    2.304665    2.325104    2.370603    2.402447    2.646682    2.651885    2.670116    2.686508
    2.865160    2.865647    2.884546    2.889787
at   0.03125   0.03125   0.34375    0.001953
   52 eigenvalues :
   -2.811244   -2.726168   -1.590739   -1.572391   -1.545453   -1.492304   -1.473170   -1.461772
    0.213180    0.251756    0.286873    0.339144    0.353748    0.380063    0.382932    0.389602
    0.418695    0.456757    0.467703    0.496045    0.781766    0.827038    1.062127    1.082153
    1.148214    1.183193    1.349576    1.377338    1.476779    1.507923    1.659498    1.674168
    1.681776    1.696325    2.033907    2.063132    2.152741    2.176748    2.180317    2.203927
    2.298254    2.326249    2.354115    2.383456    2.626169    2.662148    2.730682    2.747679
    2.754118    2.769219    3.024377    3.054783
at   0.03125   0.09375   0.28125    0.001953
   52 eigenvalues :
   -2.811405   -2.726340   -1.590094   -1.572282   -1.545138   -1.491484   -1.473145   -1.461543
    0.213305    0.246886    0.289072    0.314823    0.355440    0.368679    0.378037    0.390102
    0.423679    0.454462    0.468069    0.498321    0.833754    0.875362    1.030013    1.056670
    1.124959    1.158299    1.371590    1.394320    1.548397    1.578789    1.612169    1.635006
    1.730893    1.753497    1.943945    1.974901    2.033186    2.058324    2.275943    2.304969
    2.333479    2.349104    2.361474    2.376104    2.600805    2.636036    2.678725    2.702674
    2.802706    2.827445    2.983809    3.022523
at   0.03125   0.15625   0.21875    0.001953
   52 eigenvalues :
   -2.811494   -2.726434   -1.589619   -1.572405   -1.544878   -1.490844   -1.473462   -1.461291
    0.214862    0.244698    0.291093    0.299603    0.354971    0.361891    0.375671    0.390841
    0.427435    0.451679    0.468929    0.500986    0.894271    0.932171    0.966911    0.999970
    1.120089    1.151909    1.381964    1.401033    1.576786    1.600583    1.642792    1.671808
    1.808000    1.831570    1.854221    1.885625    1.920201    1.944996    2.319918    2.353038
    2.354766    2.377362    2.393458    2.419852    2.551976    2.585624    2.674430    2.700253
    2.829463    2.862830    2.924975    2.959770
at   0.03125   0.21875   0.15625    0.001953
   52 eigenvalues :
   -2.811494   -2.726434   -1.589454   -1.572751   -1.544672   -1.490569   -1.474094   -1.460959
    0.214862    0.244698    0.291086    0.299609    0.355008    0.361859    0.375681    0.390815
    0.427442    0.451710    0.468899    0.500990    0.894273    0.932168    0.966912    0.999972
    1.120087    1.151910    1.381964    1.401033    1.576786    1.600583    1.642792    1.671808
    1.807999    1.831573    1.854220    1.885621    1.920206    1.944994    2.319916    2.353081
    2.354724    2.377366    2.393452    2.419854    2.551977    2.585624    2.674430    2.700253
    2.829463    2.862830    2.924976    2.959770
at   0.03125   0.28125   0.09375    0.001953
   52 eigenvalues :
   -2.811405   -2.726340   -1.589632   -1.573255   -1.544557   -1.490716   -1.474892   -1.460633
    0.213306    0.246885    0.289062    0.314828    0.355512    0.368611    0.378079    0.390024
    0.423700    0.454566    0.467966    0.498335    0.833755    0.875361    1.030009    1.056677
    1.124952    1.158302    1.371590    1.394320    1.548398    1.578788    1.612170    1.635005
    1.730892    1.753497    1.943946    1.974900    2.033187    2.058323    2.275942    2.304973
    2.333472    2.349120    2.361453    2.376113    2.600805    2.636035    2.678725    2.702674
    2.802706    2.827445    2.983809    3.022523
at   0.03125   0.34375   0.03125    0.001953
   52 eigenvalues :
   -2.811244   -2.726168   -1.590062   -1.573820   -1.544597   -1.491189   -1.475680   -1.460480
    0.213181    0.251755    0.286863    0.339147    0.353810    0.380177    0.382769    0.389545
    0.418722    0.456935    0.467526    0.496067    0.781767    0.827037    1.062120    1.082163
    1.148206    1.183197    1.349576    1.377338    1.476779    1.507923    1.659506    1.674129
    1.681813    1.696317    2.033907    2.063132    2.152739    2.176745    2.180323    2.203926
    2.298254    2.326250    2.354113    2.383457    2.626169    2.662148    2.730682    2.747679
    2.754118    2.769219    3.024377    3.054783
at   0.03125   0.40625  -0.03125    0.001953
   52 eigenvalues :
   -2.811040   -2.725952   -1.590581   -1.574375   -1.544847   -1.491777   -1.476362   -1.460634
    0.216567    0.259777    0.285794    0.352710    0.355021    0.381222    0.393587    0.397982
    0.418263    0.457046    0.471825    0.498806    0.739760    0.788355    1.062574    1.080725
    1.142308    1.176709    1.351219    1.381957    1.457340    1.488354    1.612066    1.633909
    1.741146    1.764700    2.066963    2.092510    2.107228    2.134704    2.239318    2.275369
    2.304662    2.325102    2.370605    2.402446    2.646682    2.651886    2.670116    2.686508
    2.865147    2.865660    2.884545    2.889788
at   0.21875  -0.09375   0.40625    0.001953
   52 eigenvalues :
   -2.810377   -2.725250   -1.592168   -1.574500   -1.547391   -1.493739   -1.475686   -1.463874
    0.247220    0.296120    0.298609    0.307404    0.354486    0.364877    0.372021    0.411737
    0.446005    0.489600    0.528107    0.581131    0.691238    0.741673    0.887763    0.923047
    1.148981    1.174716    1.363866    1.392077    1.426828    1.450037    1.683955    1.713537
    1.739411    1.773758    2.060159    2.085867    2.156575    2.180415    2.271670    2.297032
    2.335529    2.364684    2.484846    2.509087    2.573416    2.600870    2.638864    2.666792
    2.738842    2.767086    2.882305    2.910848
at   0.09375  -0.09375   0.40625    0.000977
   52 eigenvalues :
   -2.810880   -2.725783   -1.591479   -1.573116   -1.546292   -1.493103   -1.473955   -1.462682
    0.224431    0.268100    0.293226    0.329164    0.360380    0.374501    0.376990    0.417227
    0.428376    0.449009    0.492829    0.497667    0.745081    0.792765    1.060173    1.080825
    1.087674    1.122222    1.417562    1.447491    1.448890    1.475415    1.537888    1.563204
    1.784480    1.813995    2.052369    2.074320    2.076981    2.105599    2.255461    2.289627
    2.329258    2.354315    2.365229    2.389792    2.621428    2.646007    2.740577    2.775691
    2.862159    2.887013    2.892383    2.912137
at   0.09375  -0.03125   0.34375    0.001953
   52 eigenvalues :
   -2.811162   -2.726082   -1.590812   -1.572596   -1.545679   -1.492342   -1.473413   -1.462053
    0.217284    0.256029    0.290272    0.329351    0.357109    0.376373    0.377641    0.397866
    0.421642    0.452083    0.474208    0.497073    0.785081    0.829985    1.044873    1.069473
    1.143813    1.174984    1.361181    1.389862    1.490630    1.519525    1.563441    1.587093
    1.768771    1.793181    2.011920    2.041012    2.102474    2.128671    2.209006    2.238059
    2.308566    2.336994    2.355650    2.381541    2.659382    2.690358    2.698792    2.726488
    2.787589    2.810374    2.949496    2.983519
at   0.09375   0.03125   0.28125    0.001953
   52 eigenvalues :
   -2.811405   -2.726340   -1.590094   -1.572282   -1.545138   -1.491484   -1.473145   -1.461543
    0.213305    0.246886    0.289072    0.314823    0.355440    0.368679    0.378037    0.390102
    0.423679    0.454462    0.468069    0.498321    0.833754    0.875362    1.030013    1.056670
    1.124959    1.158299    1.371590    1.394320    1.548397    1.578789    1.612169    1.635006
    1.730893    1.753497    1.943945    1.974901    2.033186    2.058324    2.275943    2.304969
    2.333479    2.349104    2.361474    2.376104    2.600805    2.636036    2.678725    2.702674
    2.802706    2.827445    2.983809    3.022523
at   0.09375   0.09375   0.21875    0.001953
   52 eigenvalues :
   -2.811570   -2.726514   -1.589493   -1.572230   -1.544707   -1.490736   -1.473216   -1.461132
    0.211997    0.241207    0.289384    0.298785    0.355237    0.359299    0.380366    0.387528
    0.426427    0.457180    0.465341    0.500546    0.890915    0.928980    1.010099    1.038847
    1.069580    1.105313    1.406593    1.423663    1.625962    1.656874    1.666839    1.688972
    1.717919    1.741153    1.856384    1.888401    1.917131    1.941977    2.339876    2.364990
    2.370331    2.397397    2.403965    2.433690    2.565283    2.602798    2.639834    2.665378
    2.832440    2.858697    2.920262    2.958909
at   0.09375   0.15625   0.15625    0.001953
   52 eigenvalues :
   -2.811629   -2.726576   -1.589151   -1.572462   -1.544409   -1.490278   -1.473664   -1.460778
    0.211897    0.239287    0.290712    0.291407    0.354723    0.356221    0.381153    0.386773
    0.427683    0.458086    0.464490    0.501659    0.944671    0.966893    0.979394    1.000311
    1.050286    1.085336    1.419265    1.434293    1.668658    1.690692    1.692622    1.721651
    1.779575    1.784374    1.807524    1.810832    1.828000    1.855737    2.346025    2.371610
    2.374690    2.400127    2.477408    2.506995    2.562154    2.600369    2.618816    2.645920
    2.830741    2.862837    2.868820    2.900749
at   0.09375   0.21875   0.09375    0.001953
   52 eigenvalues :
   -2.811570   -2.726514   -1.589148   -1.572948   -1.544275   -1.490216   -1.474420   -1.460507
    0.211998    0.241206    0.289375    0.298789    0.355299    0.359263    0.380388    0.387467
    0.426433    0.457266    0.465265    0.500549    0.890917    0.928977    1.010098    1.038860
    1.069562    1.105319    1.406593    1.423663    1.625960    1.656887    1.666826    1.688975
    1.717918    1.741154    1.856386    1.888392    1.917142    1.941972    2.339874    2.365003
    2.370314    2.397447    2.403916    2.433694    2.565283    2.602799    2.639831    2.665380
    2.832440    2.858697    2.920262    2.958909
at   0.09375   0.28125   0.03125    0.001953
   52 eigenvalues :
   -2.811405   -2.726340   -1.589467   -1.573592   -1.544345   -1.490546   -1.475312   -1.460424
    0.213307    0.246885    0.289062    0.314824    0.355505    0.368676    0.378016    0.390037
    0.423684    0.454559    0.467994    0.498326    0.833755    0.875361    1.030010    1.056676
    1.124951    1.158303    1.371590    1.394320    1.548396    1.578793    1.612164    1.635008
    1.730893    1.753496    1.943946    1.974899    2.033188    2.058323    2.275943    2.304972
    2.333475    2.349115    2.361459    2.376111    2.600805    2.636036    2.678724    2.702675
    2.802706    2.827445    2.983810    3.022523
at   0.09375   0.34375  -0.03125    0.001953
   52 eigenvalues :
   -2.811162   -2.726082   -1.590008   -1.574284   -1.544652   -1.491148   -1.476169   -1.460636
    0.217286    0.256027    0.290260    0.329361    0.357170    0.376378    0.377599    0.397812
    0.421632    0.452175    0.474154    0.497078    0.785081    0.829984    1.044870    1.069478
    1.143807    1.174988    1.361181    1.389862    1.490629    1.519526    1.563440    1.587093
    1.768772    1.793181    2.011920    2.041013    2.102474    2.128671    2.209005    2.238061
    2.308564    2.336994    2.355652    2.381541    2.659382    2.690360    2.698790    2.726488
    2.787589    2.810374    2.949497    2.983519
at   0.09375   0.40625  -0.09375    0.001953
   52 eigenvalues :
   -2.810880   -2.725783   -1.590615   -1.574931   -1.545186   -1.491825   -1.476903   -1.461167
    0.224433    0.268097    0.293210    0.329191    0.360451    0.374276    0.377139    0.417232
    0.428293    0.449105    0.492787    0.497688    0.745081    0.792765    1.060151    1.080953
    1.087558    1.122232    1.417558    1.447670    1.448711    1.475418    1.537888    1.563204
    1.784481    1.813994    2.052367    2.074355    2.076946    2.105600    2.255459    2.289635
    2.329252    2.354304    2.365244    2.389789    2.621428    2.646007    2.740579    2.775688
    2.862162    2.887012    2.892382    2.912137
at   0.28125  -0.15625   0.40625    0.001953
   52 eigenvalues :
   -2.810029   -2.724883   -1.592474   -1.575420   -1.548195   -1.493931   -1.476793   -1.464868
    0.258028    0.282712    0.310433    0.311424    0.335343    0.372229    0.377785    0.412473
    0.446727    0.490956    0.569140    0.617926    0.701268    0.748478    0.837915    0.875223
    1.150493    1.178035    1.301216    1.325884    1.406915    1.436661    1.630483    1.665743
    1.797979    1.825744    2.028751    2.056795    2.211072    2.235126    2.331757    2.358821
    2.406075    2.433486    2.442685    2.468612    2.599703    2.627975    2.638064    2.663117
    2.812618    2.838528    2.857326    2.883350
at   0.15625  -0.15625   0.40625    0.000977
   52 eigenvalues :
   -2.810583   -2.725470   -1.591720   -1.573855   -1.547079   -1.493238   -1.474819   -1.463695
    0.237487    0.282081    0.304260    0.307562    0.356825    0.364161    0.376152    0.415389
    0.437494    0.462095    0.495634    0.520981    0.756255    0.802147    1.019470    1.054260
    1.056687    1.081444    1.356814    1.381639    1.506943    1.536281    1.563087    1.590269
    1.727165    1.760630    2.027921    2.057134    2.116204    2.137445    2.284571    2.311825
    2.317062    2.336951    2.437280    2.460156    2.609645    2.634956    2.705536    2.735896
    2.877199    2.912266    2.928013    2.949023
at   0.15625  -0.09375   0.34375    0.001953
   52 eigenvalues :
   -2.810927   -2.725834   -1.591038   -1.573170   -1.546299   -1.492487   -1.474095   -1.462827
    0.228417    0.267691    0.298678    0.312927    0.360674    0.367550    0.372354    0.404653
    0.436820    0.442036    0.482281    0.505191    0.795192    0.839038    1.004313    1.035746
    1.129369    1.156942    1.361086    1.387847    1.464598    1.491495    1.579735    1.607005
    1.790173    1.820989    1.976410    2.004693    2.081750    2.105399    2.224972    2.252678
    2.314680    2.344880    2.406316    2.429228    2.618720    2.645316    2.728396    2.757161
    2.825176    2.849260    2.917471    2.953650
at   0.15625  -0.03125   0.28125    0.001953
   52 eigenvalues :
   -2.811247   -2.726173   -1.590288   -1.572659   -1.545532   -1.491630   -1.473626   -1.461988
    0.220599    0.254676    0.293170    0.310514    0.356980    0.368263    0.371664    0.395102
    0.429169    0.445807    0.473025    0.501621    0.841257    0.882345    0.980914    1.013007
    1.171295    1.199796    1.338383    1.363547    1.504054    1.528806    1.605026    1.632700
    1.823230    1.848862    1.910600    1.941643    2.026590    2.050205    2.226872    2.257105
    2.338707    2.366435    2.389328    2.414226    2.575575    2.604878    2.721798    2.747054
    2.828232    2.856710    2.922046    2.960418
at   0.15625   0.03125   0.21875    0.001953
   52 eigenvalues :
   -2.811494   -2.726434   -1.589619   -1.572405   -1.544878   -1.490844   -1.473462   -1.461291
    0.214862    0.244698    0.291093    0.299603    0.354971    0.361891    0.375671    0.390841
    0.427435    0.451679    0.468929    0.500986    0.894271    0.932171    0.966911    0.999970
    1.120089    1.151909    1.381964    1.401033    1.576786    1.600583    1.642792    1.671808
    1.808000    1.831570    1.854221    1.885625    1.920201    1.944996    2.319918    2.353038
    2.354766    2.377362    2.393458    2.419852    2.551976    2.585624    2.674430    2.700253
    2.829463    2.862830    2.924975    2.959770
at   0.15625   0.09375   0.15625    0.001953
   52 eigenvalues :
   -2.811629   -2.726576   -1.589151   -1.572462   -1.544409   -1.490278   -1.473664   -1.460778
    0.211897    0.239287    0.290712    0.291407    0.354723    0.356221    0.381153    0.386773
    0.427683    0.458086    0.464490    0.501659    0.944671    0.966893    0.979394    1.000311
    1.050286    1.085336    1.419265    1.434293    1.668658    1.690692    1.692622    1.721651
    1.779575    1.784374    1.807524    1.810832    1.828000    1.855737    2.346025    2.371610
    2.374690    2.400127    2.477408    2.506995    2.562154    2.600369    2.618816    2.645920
    2.830741    2.862837    2.868820    2.900749
at   0.15625   0.15625   0.09375    0.001953
   52 eigenvalues :
   -2.811629   -2.726576   -1.588967   -1.572840   -1.544180   -1.490033   -1.474239   -1.460483
    0.211897    0.239287    0.290712    0.291405    0.354685    0.356283    0.381139    0.386760
    0.427683    0.458113    0.464471    0.501658    0.944696    0.966747    0.979566    1.000259
    1.050284    1.085338    1.419265    1.434293    1.668649    1.690904    1.692414    1.721656
    1.779563    1.784397    1.807463    1.810871    1.828016    1.855731    2.346024    2.371621
    2.374679    2.400127    2.477411    2.506989    2.562154    2.600399    2.618780    2.645930
    2.830741    2.862830    2.868827    2.900748
at   0.15625   0.21875   0.03125    0.001953
   52 eigenvalues :
   -2.811494   -2.726434   -1.589100   -1.573474   -1.544227   -1.490154   -1.475087   -1.460457
    0.214863    0.244697    0.291086    0.299602    0.354969    0.361997    0.375577    0.390822
    0.427433    0.451714    0.468921    0.500980    0.894274    0.932162    0.966921    0.999968
    1.120086    1.151912    1.381964    1.401033    1.576784    1.600587    1.642788    1.671809
    1.808000    1.831571    1.854222    1.885618    1.920208    1.944993    2.319918    2.353012
    2.354794    2.377362    2.393454    2.419854    2.551976    2.585625    2.674429    2.700254
    2.829464    2.862829    2.924976    2.959770
at   0.15625   0.28125  -0.03125    0.001953
   52 eigenvalues :
   -2.811247   -2.726173   -1.589520   -1.574247   -1.544561   -1.490613   -1.476028   -1.460754
    0.220600    0.254674    0.293156    0.310516    0.356999    0.368832    0.371083    0.395086
    0.429142    0.445865    0.473025    0.501611    0.841257    0.882345    0.980913    1.013008
    1.171292    1.199799    1.338382    1.363548    1.504053    1.528807    1.605025    1.632700
    1.823231    1.848861    1.910601    1.941642    2.026591    2.050204    2.226873    2.257105
    2.338706    2.366436    2.389328    2.414227    2.575575    2.604878    2.721798    2.747054
    2.828232    2.856709    2.922047    2.960417
at   0.15625   0.34375  -0.09375    0.001953
   52 eigenvalues :
   -2.810927   -2.725834   -1.590138   -1.575033   -1.545157   -1.491304   -1.476910   -1.461374
    0.228419    0.267689    0.298650    0.312951    0.360662    0.367926    0.371991    0.404644
    0.436604    0.442276    0.482281    0.505179    0.795191    0.839039    1.004310    1.035749
    1.129366    1.156944    1.361085    1.387849    1.464597    1.491496    1.579735    1.607005
    1.790174    1.820988    1.976410    2.004693    2.081750    2.105399    2.224971    2.252680
    2.314678    2.344881    2.406317    2.429228    2.618720    2.645316    2.728396    2.757160
    2.825176    2.849260    2.917472    2.953649
at   0.15625   0.40625  -0.15625    0.001953
   52 eigenvalues :
   -2.810583   -2.725470   -1.590819   -1.575721   -1.545938   -1.492053   -1.477644   -1.462230
    0.237489    0.282076    0.304149    0.307677    0.356740    0.364419    0.375963    0.415400
    0.437457    0.462144    0.495636    0.520971    0.756254    0.802149    1.019462    1.054413
    1.056535    1.081450    1.356813    1.381639    1.506941    1.536286    1.563082    1.590270
    1.727166    1.760629    2.027920    2.057134    2.116203    2.137446    2.284564    2.311911
    2.316970    2.336963    2.437280    2.460156    2.609645    2.634956    2.705537    2.735895
    2.877200    2.912266    2.928012    2.949023
at  -0.40625   0.53125   0.21875    0.001953
   52 eigenvalues :
   -2.809648   -2.724482   -1.592871   -1.576422   -1.549015   -1.494261   -1.477930   -1.465899
    0.258723    0.264669    0.312753    0.318712    0.329223    0.384497    0.396748    0.411693
    0.459348    0.490262    0.613069    0.657780    0.717671    0.760579    0.792001    0.829692
    1.134643    1.164608    1.209184    1.236499    1.373363    1.407865    1.631496    1.662767
    1.880445    1.908973    2.009771    2.036043    2.212526    2.237819    2.370805    2.400168
    2.415464    2.447466    2.560774    2.583365    2.609045    2.634818    2.686448    2.711426
    2.797364    2.819012    2.874684    2.900174
at   0.21875  -0.21875   0.40625    0.000977
   52 eigenvalues :
   -2.810190   -2.725055   -1.592112   -1.574840   -1.548047   -1.493522   -1.475958   -1.464916
    0.249339    0.282965    0.295448    0.327703    0.338546    0.359043    0.397391    0.413046
    0.430685    0.492640    0.497259    0.550835    0.773541    0.816812    0.952848    0.988207
    1.051081    1.080807    1.250001    1.276676    1.558042    1.589365    1.603282    1.632072
    1.700128    1.729458    1.977450    2.006125    2.176430    2.201399    2.325324    2.333029
    2.356550    2.357827    2.532905    2.555866    2.615961    2.636319    2.641722    2.662987
    2.913204    2.946632    2.969909    2.992053
at   0.21875  -0.15625   0.34375    0.001953
   52 eigenvalues :
   -2.810573   -2.725460   -1.591426   -1.574035   -1.547187   -1.492781   -1.475110   -1.463924
    0.242390    0.282788    0.291060    0.318187    0.348512    0.360297    0.386228    0.404611
    0.432954    0.461929    0.483056    0.523872    0.812114    0.854302    0.954151    0.989496
    1.110376    1.138484    1.272620    1.299027    1.512383    1.540253    1.653048    1.680215
    1.715365    1.748120    1.934554    1.963525    2.137465    2.161842    2.236940    2.261665
    2.338526    2.370048    2.486485    2.509410    2.579718    2.606413    2.705107    2.730552
    2.858728    2.884070    2.989419    3.023287
at   0.21875  -0.09375   0.28125    0.001953
   52 eigenvalues :
   -2.810955   -2.725864   -1.590673   -1.573358   -1.546243   -1.491947   -1.474487   -1.462801
    0.232972    0.268238    0.292156    0.313359    0.352668    0.362202    0.378391    0.397260
    0.436072    0.442520    0.475041    0.510972    0.856217    0.896428    0.929465    0.965085
    1.196761    1.223434    1.278500    1.304762    1.463560    1.490605    1.674992    1.700644
    1.802237    1.834368    1.877230    1.907077    2.082109    2.103576    2.186675    2.214722
    2.361567    2.391861    2.448322    2.472655    2.525068    2.551898    2.737289    2.761217
    2.881563    2.908778    2.964999    3.003658
at   0.21875  -0.03125   0.21875    0.001953
   52 eigenvalues :
   -2.811279   -2.726206   -1.589984   -1.572902   -1.545360   -1.491171   -1.474130   -1.461758
    0.222667    0.254445    0.291910    0.305840    0.353877    0.366731    0.370799    0.394241
    0.431990    0.442797    0.472361    0.503868    0.897712    0.918638    0.936376    0.954076
    1.189673    1.218868    1.320866    1.343463    1.492911    1.518348    1.668430    1.694576
    1.840271    1.869876    1.870198    1.901173    1.970133    1.990740    2.234185    2.265240
    2.358100    2.383078    2.433538    2.460062    2.509163    2.538946    2.706893    2.731417
    2.894325    2.934569    2.940217    2.969726
at   0.21875   0.03125   0.15625    0.001953
   52 eigenvalues :
   -2.811494   -2.726434   -1.589454   -1.572751   -1.544672   -1.490569   -1.474094   -1.460959
    0.214862    0.244698    0.291086    0.299609    0.355008    0.361859    0.375681    0.390815
    0.427442    0.451710    0.468899    0.500990    0.894273    0.932168    0.966912    0.999972
    1.120087    1.151910    1.381964    1.401033    1.576786    1.600583    1.642792    1.671808
    1.807999    1.831573    1.854220    1.885621    1.920206    1.944994    2.319916    2.353081
    2.354724    2.377366    2.393452    2.419854    2.551977    2.585624    2.674430    2.700253
    2.829463    2.862830    2.924976    2.959770
at   0.21875   0.09375   0.09375    0.001953
   52 eigenvalues :
   -2.811570   -2.726514   -1.589148   -1.572948   -1.544275   -1.490216   -1.474420   -1.460507
    0.211998    0.241206    0.289375    0.298789    0.355299    0.359263    0.380388    0.387467
    0.426433    0.457266    0.465265    0.500549    0.890917    0.928977    1.010098    1.038860
    1.069562    1.105319    1.406593    1.423663    1.625960    1.656887    1.666826    1.688975
    1.717918    1.741154    1.856386    1.888392    1.917142    1.941972    2.339874    2.365003
    2.370314    2.397447    2.403916    2.433694    2.565283    2.602799    2.639831    2.665380
    2.832440    2.858697    2.920262    2.958909
at   0.21875   0.15625   0.03125    0.001953
   52 eigenvalues :
   -2.811494   -2.726434   -1.589100   -1.573474   -1.544227   -1.490154   -1.475087   -1.460457
    0.214863    0.244697    0.291086    0.299602    0.354969    0.361997    0.375577    0.390822
    0.427433    0.451714    0.468921    0.500980    0.894274    0.932162    0.966921    0.999968
    1.120086    1.151912    1.381964    1.401033    1.576784    1.600587    1.642788    1.671809
    1.808000    1.831571    1.854222    1.885618    1.920208    1.944993    2.319918    2.353012
    2.354794    2.377362    2.393454    2.419854    2.551976    2.585625    2.674429    2.700254
    2.829464    2.862829    2.924976    2.959770
at   0.21875   0.21875  -0.03125    0.001953
   52 eigenvalues :
   -2.811279   -2.726206   -1.589328   -1.574241   -1.544537   -1.490403   -1.475976   -1.460820
    0.222669    0.254444    0.291903    0.305835    0.353850    0.367450    0.370095    0.394258
    0.431958    0.442819    0.472396    0.503850    0.897704    0.918655    0.936364    0.954078
    1.189670    1.218871    1.320864    1.343464    1.492911    1.518348    1.668430    1.694576
    1.840271    1.869811    1.870266    1.901171    1.970134    1.990740    2.234186    2.265240
    2.358100    2.383078    2.433537    2.460063    2.509162    2.538947    2.706893    2.731417
    2.894327    2.934536    2.940251    2.969723
at   0.21875   0.28125  -0.09375    0.001953
   52 eigenvalues :
   -2.810955   -2.725864   -1.589815   -1.575109   -1.545164   -1.490947   -1.476923   -1.461549
    0.232974    0.268236    0.292142    0.313363    0.352637    0.362396    0.378204    0.397285
    0.435990    0.442599    0.475071    0.510955    0.856212    0.896444    0.929449    0.965090
    1.196756    1.223442    1.278493    1.304765    1.463560    1.490606    1.674993    1.700643
    1.802239    1.834366    1.877231    1.907077    2.082109    2.103577    2.186675    2.214722
    2.361567    2.391861    2.448322    2.472656    2.525068    2.551898    2.737289    2.761217
    2.881564    2.908776    2.965001    3.003657
at   0.21875   0.34375  -0.15625    0.001953
   52 eigenvalues :
   -2.810573   -2.725460   -1.590494   -1.575938   -1.546017   -1.491702   -1.477780   -1.462533
    0.242393    0.282780    0.291051    0.318195    0.348470    0.360447    0.386083    0.404640
    0.432935    0.461965    0.483066    0.523860    0.812110    0.854308    0.954144    0.989501
    1.110375    1.138486    1.272618    1.299028    1.512382    1.540254    1.653050    1.680208
    1.715373    1.748117    1.934554    1.963526    2.137465    2.161842    2.236939    2.261666
    2.338525    2.370049    2.486485    2.509410    2.579718    2.606413    2.705107    2.730552
    2.858729    2.884070    2.989419    3.023286
at   0.21875   0.40625  -0.21875    0.001953
   52 eigenvalues :
   -2.810190   -2.725055   -1.591245   -1.576608   -1.546964   -1.492519   -1.478455   -1.463604
    0.249342    0.282951    0.295454    0.327722    0.338483    0.359170    0.397238    0.413094
    0.430704    0.492643    0.497273    0.550827    0.773537    0.816818    0.952839    0.988214
    1.051081    1.080807    1.250000    1.276677    1.558040    1.589383    1.603261    1.632077
    1.700129    1.729458    1.977450    2.006125    2.176430    2.201399    2.325304    2.333063
    2.356404    2.357959    2.532905    2.555866    2.615961    2.636320    2.641721    2.662987
    2.913204    2.946632    2.969909    2.992052
at  -0.40625   0.53125   0.28125    0.001953
   52 eigenvalues :
   -2.809293   -2.724108   -1.593296   -1.577368   -1.549723   -1.494675   -1.478951   -1.466791
    0.250801    0.250953    0.304802    0.306332    0.354650    0.398596    0.412008    0.424795
    0.475140    0.490960    0.657303    0.697209    0.732568    0.759836    0.771341    0.796487
    1.103897    1.134300    1.136631    1.165204    1.299268    1.336825    1.697239    1.726599
    1.919242    1.947869    2.052855    2.078427    2.181888    2.208779    2.388389    2.416143
    2.446244    2.477691    2.573241    2.599335    2.731651    2.740442    2.755055    2.762893
    2.819299    2.843298    2.894751    2.925297
at  -0.40625   0.40625   0.28125    0.000977
   52 eigenvalues :
   -2.809759   -2.724600   -1.592638   -1.575931   -1.549016   -1.493984   -1.477205   -1.466096
    0.252180    0.265824    0.300567    0.322985    0.351918    0.365550    0.410624    0.423321
    0.437087    0.490297    0.533901    0.582095    0.794797    0.834525    0.891709    0.926410
    1.044244    1.077991    1.153691    1.183104    1.459554    1.493914    1.694660    1.723736
    1.787076    1.813444    1.941990    1.969325    2.163639    2.190802    2.375751    2.402700
    2.406116    2.432687    2.621167    2.634493    2.647134    2.654096    2.654799    2.678549
    2.937699    2.967754    2.971369    2.986054
at  -0.34375   0.40625   0.21875    0.001953
   52 eigenvalues :
   -2.810151   -2.725014   -1.591960   -1.575066   -1.548167   -1.493254   -1.476295   -1.465111
    0.251427    0.276534    0.294495    0.334724    0.336257    0.361705    0.403245    0.405442
    0.433883    0.481755    0.492023    0.547391    0.834008    0.873879    0.902161    0.938735
    1.090945    1.121753    1.172873    1.201102    1.545912    1.576775    1.641316    1.672038
    1.765200    1.791153    1.890512    1.919077    2.146140    2.172992    2.315064    2.340879
    2.372599    2.404610    2.555310    2.580663    2.583689    2.606321    2.725205    2.747973
    2.869586    2.892692    2.995122    3.024837
at  -0.28125   0.40625   0.15625    0.001953
   52 eigenvalues :
   -2.810571   -2.725458   -1.591217   -1.574263   -1.547132   -1.492447   -1.475558   -1.463832
    0.245241    0.283221    0.285271    0.323026    0.345422    0.359186    0.390414    0.398609
    0.432012    0.462852    0.476227    0.525808    0.872155    0.886586    0.912841    0.923323
    1.176085    1.199043    1.204883    1.226003    1.507690    1.535200    1.704060    1.737307
    1.742654    1.766821    1.858682    1.889194    2.159419    2.186471    2.197811    2.220302
    2.373483    2.406234    2.504294    2.525829    2.531134    2.547675    2.757791    2.780759
    2.884538    2.909832    2.954252    2.982014
at  -0.21875   0.40625   0.09375    0.001953
   52 eigenvalues :
   -2.810955   -2.725864   -1.590540   -1.573640   -1.546076   -1.491701   -1.475053   -1.462499
    0.232972    0.268238    0.292154    0.313357    0.352672    0.362235    0.378354    0.397246
    0.436017    0.442624    0.475000    0.510981    0.856218    0.896427    0.929464    0.965086
    1.196760    1.223434    1.278501    1.304761    1.463560    1.490606    1.674992    1.700645
    1.802236    1.834369    1.877230    1.907077    2.082109    2.103576    2.186675    2.214722
    2.361567    2.391861    2.448322    2.472655    2.525069    2.551898    2.737289    2.761217
    2.881564    2.908776    2.965001    3.003657
at   0.28125  -0.03125   0.15625    0.001953
   52 eigenvalues :
   -2.811247   -2.726173   -1.589995   -1.573278   -1.545166   -1.491108   -1.474813   -1.461363
    0.220599    0.254675    0.293160    0.310521    0.357044    0.368201    0.371677    0.395057
    0.429188    0.445868    0.472963    0.501637    0.841258    0.882344    0.980913    1.013009
    1.171293    1.199797    1.338383    1.363547    1.504054    1.528806    1.605025    1.632700
    1.823230    1.848862    1.910601    1.941643    2.026590    2.050205    2.226873    2.257106
    2.338706    2.366436    2.389327    2.414227    2.575575    2.604878    2.721798    2.747054
    2.828232    2.856709    2.922047    2.960417
at   0.28125   0.03125   0.09375    0.001953
   52 eigenvalues :
   -2.811405   -2.726340   -1.589632   -1.573255   -1.544557   -1.490716   -1.474892   -1.460633
    0.213306    0.246885    0.289062    0.314828    0.355512    0.368611    0.378079    0.390024
    0.423700    0.454566    0.467966    0.498335    0.833755    0.875361    1.030009    1.056677
    1.124952    1.158302    1.371590    1.394320    1.548398    1.578788    1.612170    1.635005
    1.730892    1.753497    1.943946    1.974900    2.033187    2.058323    2.275942    2.304973
    2.333472    2.349120    2.361453    2.376113    2.600805    2.636035    2.678725    2.702674
    2.802706    2.827445    2.983809    3.022523
at   0.28125   0.09375   0.03125    0.001953
   52 eigenvalues :
   -2.811405   -2.726340   -1.589467   -1.573592   -1.544345   -1.490546   -1.475312   -1.460424
    0.213307    0.246885    0.289062    0.314824    0.355505    0.368676    0.378016    0.390037
    0.423684    0.454559    0.467994    0.498326    0.833755    0.875361    1.030010    1.056676
    1.124951    1.158303    1.371590    1.394320    1.548396    1.578793    1.612164    1.635008
    1.730893    1.753496    1.943946    1.974899    2.033188    2.058323    2.275943    2.304972
    2.333475    2.349115    2.361459    2.376111    2.600805    2.636036    2.678724    2.702675
    2.802706    2.827445    2.983810    3.022523
at   0.28125   0.15625  -0.03125    0.001953
   52 eigenvalues :
   -2.811247   -2.726173   -1.589520   -1.574247   -1.544561   -1.490613   -1.476028   -1.460754
    0.220600    0.254674    0.293156    0.310516    0.356999    0.368832    0.371083    0.395086
    0.429142    0.445865    0.473025    0.501611    0.841257    0.882345    0.980913    1.013008
    1.171292    1.199799    1.338382    1.363548    1.504053    1.528807    1.605025    1.632700
    1.823231    1.848861    1.910601    1.941642    2.026591    2.050204    2.226873    2.257105
    2.338706    2.366436    2.389328    2.414227    2.575575    2.604878    2.721798    2.747054
    2.828232    2.856709    2.922047    2.960417
at   0.28125   0.21875  -0.09375    0.001953
   52 eigenvalues :
   -2.810955   -2.725864   -1.589815   -1.575109   -1.545164   -1.490947   -1.476923   -1.461549
    0.232974    0.268236    0.292142    0.313363    0.352637    0.362396    0.378204    0.397285
    0.435990    0.442599    0.475071    0.510955    0.856212    0.896444    0.929449    0.965090
    1.196756    1.223442    1.278493    1.304765    1.463560    1.490606    1.674993    1.700643
    1.802239    1.834366    1.877231    1.907077    2.082109    2.103577    2.186675    2.214722
    2.361567    2.391861    2.448322    2.472656    2.525068    2.551898    2.737289    2.761217
    2.881564    2.908776    2.965001    3.003657
at   0.28125   0.28125  -0.15625    0.001953
   52 eigenvalues :
   -2.810571   -2.725458   -1.590344   -1.576023   -1.546051   -1.491538   -1.477835   -1.462658
    0.245245    0.283208    0.285268    0.323037    0.345399    0.359281    0.390254    0.398689
    0.432006    0.462805    0.476305    0.525792    0.872046    0.886815    0.912576    0.923469
    1.176061    1.199269    1.204654    1.226030    1.507690    1.535200    1.704072    1.737154
    1.742813    1.766804    1.858682    1.889194    2.159418    2.186478    2.197804    2.220304
    2.373483    2.406234    2.504293    2.525830    2.531133    2.547675    2.757791    2.780759
    2.884538    2.909832    2.954252    2.982014
at   0.28125   0.34375  -0.21875    0.001953
   52 eigenvalues :
   -2.810151   -2.725014   -1.591081   -1.576838   -1.547079   -1.492347   -1.478626   -1.463882
    0.251432    0.276523    0.294492    0.335032    0.335923    0.361810    0.402810    0.405775
    0.433904    0.481738    0.492060    0.547380    0.833986    0.873958    0.902080    0.938758
    1.090943    1.121757    1.172869    1.201104    1.545913    1.576774    1.641317    1.672038
    1.765200    1.791154    1.890512    1.919078    2.146140    2.172993    2.315063    2.340881
    2.372597    2.404611    2.555310    2.580662    2.583689    2.606321    2.725205    2.747972
    2.869586    2.892692    2.995122    3.024837
at   0.28125   0.40625  -0.28125    0.001953
   52 eigenvalues :
   -2.809759   -2.724600   -1.591895   -1.577437   -1.548090   -1.493220   -1.479203   -1.465027
    0.252183    0.265817    0.300563    0.322999    0.351825    0.365700    0.410501    0.423296
    0.437171    0.490291    0.533915    0.582087    0.794781    0.834563    0.891668    0.926430
    1.044244    1.077991    1.153690    1.183104    1.459555    1.493913    1.694659    1.723738
    1.787074    1.813445    1.941989    1.969326    2.163639    2.190803    2.375749    2.402745
    2.406071    2.432689    2.621167    2.634495    2.647132    2.654096    2.654800    2.678549
    2.937699    2.967757    2.971366    2.986055
at  -0.40625   0.53125   0.34375    0.001953
   52 eigenvalues :
   -2.809019   -2.723819   -1.593648   -1.578105   -1.550230   -1.495054   -1.479732   -1.467417
    0.241621    0.242175    0.296661    0.296895    0.381295    0.403581    0.417142    0.455178
    0.480886    0.497364    0.692944    0.719895    0.728235    0.755829    0.772683    0.804842
    1.051569    1.088162    1.092126    1.125861    1.238630    1.277560    1.752645    1.782013
    1.962610    1.989929    2.081842    2.108706    2.189675    2.218188    2.402909    2.427886
    2.438627    2.465395    2.557872    2.583238    2.785463    2.813250    2.813987    2.838378
    2.883747    2.916845    2.928486    2.950154
at  -0.40625   0.40625   0.34375    0.000977
   52 eigenvalues :
   -2.809355   -2.724173   -1.593216   -1.576958   -1.549833   -1.494558   -1.478366   -1.467040
    0.246799    0.252522    0.297829    0.309625    0.376888    0.381199    0.408853    0.450593
    0.454720    0.488473    0.576258    0.618157    0.810532    0.837976    0.846879    0.872436
    1.031012    1.068682    1.085617    1.117993    1.356439    1.392294    1.757436    1.787354
    1.903059    1.928692    1.948812    1.974507    2.126688    2.154945    2.432355    2.455244
    2.461905    2.487732    2.587630    2.612257    2.707966    2.728331    2.798178    2.819370
    2.885165    2.914352    2.919308    2.937339
at  -0.34375   0.40625   0.28125    0.001953
   52 eigenvalues :
   -2.809722   -2.724562   -1.592585   -1.576125   -1.549077   -1.493871   -1.477482   -1.466176
    0.251144    0.263699    0.298509    0.321943    0.356359    0.371962    0.404031    0.427548
    0.444811    0.482907    0.528697    0.577010    0.849129    0.855246    0.886982    0.891269
    1.060891    1.095703    1.104432    1.134403    1.454824    1.489107    1.714209    1.743241
    1.863542    1.867039    1.888207    1.895094    2.124053    2.151789    2.407198    2.408908
    2.438867    2.439949    2.605987    2.615237    2.627147    2.639142    2.799414    2.819110
    2.825430    2.846328    2.976514    3.008643
at  -0.28125   0.40625   0.21875    0.001953
   52 eigenvalues :
   -2.810151   -2.725014   -1.591865   -1.575265   -1.548049   -1.493093   -1.476682   -1.464899
    0.251427    0.276536    0.294498    0.334728    0.336216    0.361777    0.402922    0.405710
    0.433892    0.481824    0.491955    0.547395    0.834009    0.873879    0.902158    0.938737
    1.090946    1.121753    1.172873    1.201101    1.545911    1.576777    1.641315    1.672039
    1.765201    1.791153    1.890512    1.919078    2.146140    2.172992    2.315064    2.340879
    2.372599    2.404610    2.555310    2.580663    2.583689    2.606321    2.725205    2.747972
    2.869586    2.892692    2.995122    3.024837
at  -0.21875   0.40625   0.15625    0.001953
   52 eigenvalues :
   -2.810573   -2.725460   -1.591199   -1.574514   -1.546905   -1.492374   -1.476059   -1.463412
    0.242390    0.282784    0.291069    0.318169    0.348478    0.360422    0.386110    0.404631
    0.432936    0.462055    0.482952    0.523887    0.812115    0.854301    0.954149    0.989499
    1.110376    1.138485    1.272621    1.299027    1.512382    1.540254    1.653047    1.680216
    1.715364    1.748121    1.934554    1.963526    2.137465    2.161842    2.236940    2.261665
    2.338525    2.370048    2.486485    2.509410    2.579718    2.606413    2.705107    2.730552
    2.858728    2.884070    2.989419    3.023286
at  -0.15625   0.40625   0.09375    0.001953
   52 eigenvalues :
   -2.810927   -2.725834   -1.590662   -1.573966   -1.545829   -1.491802   -1.475652   -1.462004
    0.228418    0.267690    0.298666    0.312934    0.360728    0.367709    0.372138    0.404618
    0.436669    0.442296    0.482174    0.505232    0.795193    0.839037    1.004310    1.035750
    1.129366    1.156943    1.361087    1.387847    1.464598    1.491495    1.579735    1.607005
    1.790173    1.820990    1.976409    2.004693    2.081750    2.105399    2.224972    2.252677
    2.314680    2.344880    2.406316    2.429228    2.618720    2.645316    2.728397    2.757160
    2.825176    2.849260    2.917472    2.953649
at  -0.09375   0.40625   0.03125    0.001953
   52 eigenvalues :
   -2.811162   -2.726082   -1.590284   -1.573717   -1.545013   -1.491409   -1.475511   -1.460962
    0.217285    0.256028    0.290262    0.329359    0.357191    0.376166    0.377780    0.397780
    0.421703    0.452186    0.474078    0.497114    0.785082    0.829984    1.044868    1.069480
    1.143808    1.174988    1.361181    1.389862    1.490630    1.519525    1.563442    1.587092
    1.768771    1.793182    2.011920    2.041014    2.102473    2.128672    2.209006    2.238059
    2.308566    2.336994    2.355650    2.381542    2.659382    2.690358    2.698792    2.726487
    2.787589    2.810374    2.949497    2.983519
at  -0.03125   0.40625  -0.03125    0.001953
   52 eigenvalues :
   -2.811244   -2.726168   -1.590062   -1.573820   -1.544597   -1.491189   -1.475680   -1.460480
    0.213181    0.251755    0.286863    0.339147    0.353810    0.380177    0.382769    0.389545
    0.418722    0.456935    0.467526    0.496067    0.781767    0.827037    1.062120    1.082163
    1.148206    1.183197    1.349576    1.377338    1.476779    1.507923    1.659506    1.674129
    1.681813    1.696317    2.033907    2.063132    2.152739    2.176745    2.180323    2.203926
    2.298254    2.326250    2.354113    2.383457    2.626169    2.662148    2.730682    2.747679
    2.754118    2.769219    3.024377    3.054783
at   0.03125   0.40625  -0.09375    0.001953
   52 eigenvalues :
   -2.811162   -2.726082   -1.590008   -1.574284   -1.544652   -1.491148   -1.476169   -1.460636
    0.217286    0.256027    0.290260    0.329361    0.357170    0.376378    0.377599    0.397812
    0.421632    0.452175    0.474154    0.497078    0.785081    0.829984    1.044870    1.069478
    1.143807    1.174988    1.361181    1.389862    1.490629    1.519526    1.563440    1.587093
    1.768772    1.793181    2.011920    2.041013    2.102474    2.128671    2.209005    2.238061
    2.308564    2.336994    2.355652    2.381541    2.659382    2.690360    2.698790    2.726488
    2.787589    2.810374    2.949497    2.983519
at   0.09375   0.40625  -0.15625    0.001953
   52 eigenvalues :
   -2.810927   -2.725834   -1.590138   -1.575033   -1.545157   -1.491304   -1.476910   -1.461374
    0.228419    0.267689    0.298650    0.312951    0.360662    0.367926    0.371991    0.404644
    0.436604    0.442276    0.482281    0.505179    0.795191    0.839039    1.004310    1.035749
    1.129366    1.156944    1.361085    1.387849    1.464597    1.491496    1.579735    1.607005
    1.790174    1.820988    1.976410    2.004693    2.081750    2.105399    2.224971    2.252680
    2.314678    2.344881    2.406317    2.429228    2.618720    2.645316    2.728396    2.757160
    2.825176    2.849260    2.917472    2.953649
at   0.34375   0.21875  -0.15625    0.001953
   52 eigenvalues :
   -2.810573   -2.725460   -1.590494   -1.575938   -1.546017   -1.491702   -1.477780   -1.462533
    0.242393    0.282780    0.291051    0.318195    0.348470    0.360447    0.386083    0.404640
    0.432935    0.461965    0.483066    0.523860    0.812110    0.854308    0.954144    0.989501
    1.110375    1.138486    1.272618    1.299028    1.512382    1.540254    1.653050    1.680208
    1.715373    1.748117    1.934554    1.963526    2.137465    2.161842    2.236939    2.261666
    2.338525    2.370049    2.486485    2.509410    2.579718    2.606413    2.705107    2.730552
    2.858729    2.884070    2.989419    3.023286
at   0.34375   0.28125  -0.21875    0.001953
   52 eigenvalues :
   -2.810151   -2.725014   -1.591081   -1.576838   -1.547079   -1.492347   -1.478626   -1.463882
    0.251432    0.276523    0.294492    0.335032    0.335923    0.361810    0.402810    0.405775
    0.433904    0.481738    0.492060    0.547380    0.833986    0.873958    0.902080    0.938758
    1.090943    1.121757    1.172869    1.201104    1.545913    1.576774    1.641317    1.672038
    1.765200    1.791154    1.890512    1.919078    2.146140    2.172993    2.315063    2.340881
    2.372597    2.404611    2.555310    2.580662    2.583689    2.606321    2.725205    2.747972
    2.869586    2.892692    2.995122    3.024837
at   0.34375   0.34375  -0.28125    0.001953
   52 eigenvalues :
   -2.809722   -2.724562   -1.591860   -1.577586   -1.548172   -1.493188   -1.479323   -1.465188
    0.251150    0.263690    0.298502    0.321961    0.356306    0.372064    0.403969    0.427494
    0.444872    0.482897    0.528716    0.577000    0.848379    0.856340    0.885664    0.892244
    1.060888    1.095718    1.104418    1.134405    1.454825    1.489106    1.714209    1.743241
    1.863357    1.867284    1.888064    1.895177    2.124053    2.151789    2.407121    2.408994
    2.438742    2.440066    2.605987    2.615238    2.627146    2.639142    2.799414    2.819109
    2.825431    2.846327    2.976514    3.008643
at   0.34375   0.40625  -0.34375    0.001953
   52 eigenvalues :
   -2.809355   -2.724173   -1.592663   -1.578077   -1.549137   -1.494041   -1.479785   -1.466266
    0.246804    0.252516    0.297822    0.309636    0.376615    0.381543    0.408781    0.450279
    0.455048    0.488455    0.576270    0.618147    0.810378    0.839279    0.845563    0.872604
    1.031012    1.068682    1.085617    1.117993    1.356440    1.392293    1.757435    1.787354
    1.903047    1.928733    1.948771    1.974519    2.126688    2.154945    2.432352    2.455271
    2.461880    2.487735    2.587630    2.612257    2.707966    2.728331    2.798178    2.819369
    2.885165    2.914354    2.919305    2.937339
at   0.40625   0.40625  -0.40625    0.000488
   52 eigenvalues :
   -2.809041   -2.723843   -1.593373   -1.578449   -1.549971   -1.494791   -1.480127   -1.467185
    0.240391    0.242666    0.293475    0.298953    0.395056    0.397622    0.410105    0.471032
    0.473688    0.490131    0.627305    0.663687    0.795719    0.801940    0.826938    0.833069
    1.015574    1.055910    1.061944    1.096935    1.268119    1.305638    1.772867    1.802670
    2.009007    2.012070    2.034899    2.037954    2.112907    2.141834    2.476619    2.477432
    2.506697    2.507553    2.514411    2.534647    2.772553    2.798934    2.817730    2.844170
    2.937608    2.937784    2.958356    2.958517
at  -0.28125   0.46875   0.34375    0.001953
   52 eigenvalues :
   -2.809364   -2.724183   -1.593036   -1.577522   -1.549371   -1.494398   -1.479216   -1.466370
    0.250152    0.254943    0.305426    0.308638    0.355075    0.384906    0.418649    0.425818
    0.458958    0.499159    0.642579    0.681865    0.701782    0.743540    0.816497    0.850958
    1.065178    1.099154    1.169803    1.198814    1.322911    1.360421    1.697489    1.726835
    1.872872    1.900382    2.037779    2.065083    2.242537    2.269282    2.370287    2.398592
    2.401983    2.430478    2.613694    2.627031    2.643105    2.647536    2.816114    2.835414
    2.847053    2.864142    2.903237    2.921207
at  -0.15625   0.40625   0.34375    0.001953
   52 eigenvalues :
   -2.809901   -2.724748   -1.592301   -1.576432   -1.548090   -1.493608   -1.478292   -1.464644
    0.267897    0.275397    0.304638    0.322461    0.328693    0.369041    0.387408    0.403099
    0.462810    0.480364    0.630243    0.676303    0.687064    0.733123    0.761613    0.801675
    1.216508    1.243188    1.275786    1.300510    1.339920    1.370841    1.626896    1.662561
    1.904790    1.934016    2.031879    2.057587    2.126514    2.149941    2.404848    2.425121
    2.438212    2.454111    2.496795    2.521545    2.569400    2.590976    2.596697    2.622491
    2.718133    2.742047    2.946296    2.973954
at  -0.21875   0.40625   0.34375    0.001953
   52 eigenvalues :
   -2.809648   -2.724482   -1.592715   -1.576745   -1.548819   -1.494052   -1.478439   -1.465629
    0.258721    0.264672    0.312777    0.318679    0.329223    0.384613    0.396589    0.411738
    0.459356    0.490259    0.613071    0.657776    0.717675    0.760578    0.791998    0.829694
    1.134642    1.164610    1.209185    1.236498    1.373364    1.407865    1.631496    1.662767
    1.880445    1.908973    2.009771    2.036044    2.212525    2.237819    2.370804    2.400171
    2.415461    2.447466    2.560774    2.583365    2.609045    2.634818    2.686448    2.711426
    2.797364    2.819012    2.874684    2.900174
at  -0.03125   0.34375   0.34375    0.001953
   52 eigenvalues :
   -2.810376   -2.725247   -1.591617   -1.575448   -1.547123   -1.492886   -1.477326   -1.463446
    0.271592    0.288057    0.288908    0.332516    0.341614    0.342045    0.389284    0.390594
    0.466435    0.467768    0.648241    0.649022    0.696688    0.697004    0.740641    0.783123
    1.148418    1.178925    1.407032    1.407643    1.428554    1.429167    1.812558    1.849705
    1.945297    1.976260    2.005690    2.006404    2.028071    2.028784    2.238960    2.255905
    2.391989    2.392622    2.422574    2.423147    2.603598    2.604491    2.629971    2.630900
    2.686594    2.723957    2.945136    2.973954
at  -0.09375   0.34375   0.34375    0.001953
   52 eigenvalues :
   -2.810177   -2.725038   -1.592019   -1.575667   -1.547593   -1.493341   -1.477464   -1.463994
    0.276477    0.279049    0.292282    0.330707    0.333836    0.352622    0.385899    0.397081
    0.461933    0.474045    0.612167    0.661718    0.691736    0.737873    0.751131    0.792466
    1.239649    1.268739    1.307200    1.331004    1.357617    1.381321    1.702628    1.739975
    1.925705    1.955866    1.979405    2.002823    2.110850    2.134289    2.329000    2.351210
    2.416481    2.436611    2.444723    2.468495    2.518655    2.543716    2.661585    2.685318
    2.687878    2.718378    2.919361    2.946707
at  -0.15625   0.34375   0.34375    0.001953
   52 eigenvalues :
   -2.809984   -2.724836   -1.592333   -1.575856   -1.548147   -1.493680   -1.477495   -1.464758
    0.268532    0.271576    0.309671    0.318853    0.327785    0.374423    0.381084    0.405119
    0.455561    0.482488    0.577315    0.627598    0.741913    0.776731    0.785912    0.816243
    1.214426    1.235747    1.241523    1.262414    1.393286    1.422150    1.631846    1.667332
    1.902545    1.932532    1.935336    1.959595    2.225227    2.250066    2.344684    2.372168
    2.379277    2.408651    2.498244    2.524490    2.547968    2.572582    2.718374    2.733953
    2.746002    2.756787    2.841989    2.867236
at  -0.34375   0.34375   0.34375    0.000977
   52 eigenvalues :
   -2.809687   -2.724524   -1.592595   -1.576162   -1.549218   -1.493863   -1.477483   -1.466403
    0.248490    0.262815    0.295511    0.321370    0.370574    0.370597    0.396715    0.443071
    0.443152    0.475393    0.521824    0.569625    0.877119    0.877122    0.912587    0.912589
    1.027356    1.065016    1.073676    1.104516    1.452192    1.486618    1.772749    1.803734
    1.853182    1.853183    1.877907    1.877908    2.066097    2.094547    2.435231    2.435231
    2.469455    2.469455    2.564611    2.582292    2.626316    2.647094    2.902562    2.902563
    2.920977    2.920978    2.960403    2.981150
at   0.03125   0.28125   0.34375    0.001953
   52 eigenvalues :
   -2.810550   -2.725429   -1.591371   -1.574919   -1.546964   -1.492698   -1.476531   -1.463434
    0.264159    0.285984    0.298740    0.322286    0.342335    0.350603    0.387336    0.392196
    0.464937    0.470191    0.615081    0.665047    0.675537    0.723796    0.755581    0.796588
    1.048299    1.079903    1.469443    1.489845    1.514180    1.534272    1.882237    1.908009
    1.939959    1.973831    1.983423    1.997189    2.004016    2.026925    2.146013    2.163031
    2.342629    2.373225    2.407745    2.434209    2.597904    2.628162    2.639633    2.667017
    2.676200    2.700293    2.947826    2.976817
at  -0.03125   0.28125   0.34375    0.001953
   52 eigenvalues :
   -2.810434   -2.725309   -1.591730   -1.574950   -1.547152   -1.493118   -1.476541   -1.463536
    0.263701    0.284749    0.299961    0.318609    0.342406    0.354076    0.382754    0.396259
    0.459240    0.473734    0.581150    0.633608    0.695747    0.743284    0.776025    0.815904
    1.146369    1.176066    1.375652    1.398316    1.448245    1.469707    1.815858    1.851860
    1.859493    1.886684    1.974753    2.000181    2.099477    2.122836    2.239171    2.259269
    2.352402    2.381643    2.413881    2.438964    2.543900    2.575774    2.676313    2.704531
    2.711466    2.745928    2.907701    2.935533
at  -0.09375   0.28125   0.34375    0.001953
   52 eigenvalues :
   -2.810318   -2.725188   -1.591969   -1.574977   -1.547459   -1.493377   -1.476464   -1.463924
    0.261399    0.283276    0.304022    0.311924    0.338884    0.365423    0.376191    0.402604
    0.451056    0.479847    0.544583    0.599505    0.733116    0.778428    0.809151    0.847868
    1.207845    1.234544    1.299410    1.325035    1.411163    1.436053    1.716025    1.752247
    1.826430    1.853281    1.949456    1.976601    2.208603    2.232295    2.263789    2.289018
    2.395628    2.418633    2.430593    2.460821    2.498641    2.526338    2.715958    2.743430
    2.796469    2.808387    2.827077    2.834484
at  -0.28125   0.28125   0.34375    0.000977
   52 eigenvalues :
   -2.810115   -2.724977   -1.591861   -1.575138   -1.548350   -1.493082   -1.476338   -1.465447
    0.247824    0.275714    0.289512    0.335542    0.352624    0.358494    0.393762    0.423813
    0.429907    0.471802    0.481441    0.536865    0.891318    0.925974    0.931353    0.964507
    1.048995    1.082866    1.106403    1.135608    1.559335    1.592537    1.714675    1.742655
    1.760374    1.785264    1.839237    1.867282    2.066897    2.094655    2.362584    2.383713
    2.389773    2.417425    2.478033    2.501135    2.678804    2.700661    2.798752    2.819747
    2.951268    2.970745    3.001231    3.026123
at  -0.28125   0.34375   0.28125    0.001953
   52 eigenvalues :
   -2.810115   -2.724977   -1.591826   -1.575209   -1.548308   -1.493023   -1.476480   -1.465368
    0.247824    0.275714    0.289514    0.335542    0.352521    0.358623    0.393726    0.423797
    0.429927    0.471854    0.481393    0.536867    0.891318    0.925996    0.931328    0.964512
    1.048996    1.082864    1.106405    1.135608    1.559334    1.592538    1.714673    1.742656
    1.760375    1.785262    1.839236    1.867283    2.066897    2.094655    2.362584    2.383713
    2.389773    2.417425    2.478033    2.501135    2.678804    2.700661    2.798752    2.819747
    2.951268    2.970745    3.001231    3.026123
at   0.09375   0.21875   0.34375    0.001953
   52 eigenvalues :
   -2.810668   -2.725553   -1.591184   -1.574541   -1.546884   -1.492579   -1.475853   -1.463568
    0.261307    0.280089    0.307218    0.316355    0.339833    0.357839    0.388209    0.392573
    0.466231    0.471102    0.593563    0.644852    0.684582    0.733786    0.802788    0.840791
    0.955564    0.988648    1.528220    1.547295    1.624330    1.644212    1.801110    1.827490
    1.891648    1.909476    1.999843    2.025135    2.086206    2.117365    2.123356    2.135543
    2.294704    2.325695    2.402030    2.426380    2.546644    2.587264    2.631732    2.663284
    2.752636    2.783183    2.996324    3.025990
at   0.03125   0.21875   0.34375    0.001953
   52 eigenvalues :
   -2.810632   -2.725517   -1.591502   -1.574376   -1.546830   -1.492980   -1.475686   -1.463307
    0.253967    0.282227    0.306994    0.312452    0.343566    0.362297    0.384012    0.394743
    0.461160    0.472779    0.555639    0.610450    0.693382    0.742544    0.825331    0.862396
    1.052590    1.083344    1.437679    1.459206    1.553205    1.573604    1.770326    1.797139
    1.919653    1.945208    1.956614    1.986197    2.082235    2.108954    2.208024    2.229752
    2.301681    2.329874    2.372032    2.396702    2.598358    2.627836    2.634282    2.662375
    2.735383    2.764141    2.947473    2.976397
at  -0.03125   0.21875   0.34375    0.001953
   52 eigenvalues :
   -2.810601   -2.725486   -1.591679   -1.574219   -1.546861   -1.493186   -1.475478   -1.463268
    0.248734    0.286838    0.298485    0.311597    0.347876    0.364570    0.377435    0.400007
    0.453210    0.477376    0.517053    0.575950    0.721300    0.768592    0.858468    0.894704
    1.141019    1.168991    1.358960    1.383780    1.488777    1.510877    1.733053    1.760092
    1.824686    1.859476    1.962804    1.987796    2.134066    2.157665    2.244894    2.270946
    2.330322    2.356618    2.436852    2.459554    2.511447    2.543547    2.722823    2.741931
    2.752616    2.774922    2.838381    2.866224
at  -0.21875   0.21875   0.34375    0.000977
   52 eigenvalues :
   -2.810573   -2.725460   -1.591161   -1.574052   -1.547330   -1.492394   -1.475112   -1.464259
    0.240379    0.277253    0.289012    0.331012    0.349195    0.353854    0.395550    0.401017
    0.425210    0.451556    0.473689    0.514299    0.871923    0.911530    0.988385    1.024764
    1.064724    1.094083    1.196363    1.224277    1.612127    1.635609    1.640034    1.662645
    1.699894    1.731425    1.883189    1.912619    2.081373    2.108058    2.247979    2.269268
    2.326101    2.359345    2.461829    2.488836    2.692053    2.696401    2.715094    2.719606
    2.983565    3.010279    3.064031    3.084506
at  -0.21875   0.28125   0.28125    0.001953
   52 eigenvalues :
   -2.810574   -2.725462   -1.591008   -1.574158   -1.547337   -1.492151   -1.475311   -1.464292
    0.239578    0.275206    0.288338    0.338236    0.349579    0.351708    0.388527    0.408298
    0.422826    0.449371    0.466014    0.512729    0.933508    0.942172    0.972187    0.978554
    1.097781    1.129441    1.135819    1.163266    1.615009    1.641823    1.683291    1.712760
    1.716194    1.737186    1.826533    1.857204    2.058735    2.086161    2.252649    2.274435
    2.348097    2.381293    2.412874    2.439814    2.690101    2.712243    2.861586    2.882692
    2.883880    2.905107    3.061988    3.091599
at  -0.21875   0.34375   0.21875    0.001953
   52 eigenvalues :
   -2.810573   -2.725460   -1.591036   -1.574317   -1.547175   -1.492166   -1.475655   -1.463959
    0.240379    0.277252    0.289018    0.330983    0.349053    0.354079    0.395321    0.401177
    0.425165    0.451699    0.473589    0.514313    0.871924    0.911529    0.988380    1.024770
    1.064723    1.094083    1.196364    1.224277    1.612110    1.635772    1.639885    1.662640
    1.699905    1.731422    1.883188    1.912620    2.081373    2.108058    2.247979    2.269268
    2.326101    2.359345    2.461829    2.488836    2.692052    2.696402    2.715093    2.719607
    2.983565    3.010279    3.064031    3.084506
at   0.15625   0.15625   0.34375    0.000977
   52 eigenvalues :
   -2.810710   -2.725597   -1.591118   -1.574403   -1.546859   -1.492541   -1.475578   -1.463647
    0.261238    0.276665    0.310614    0.314628    0.338210    0.360722    0.388961    0.392436
    0.467181    0.471156    0.586129    0.637934    0.686097    0.735644    0.860452    0.883919
    0.896670    0.918638    1.558645    1.576513    1.702462    1.724277    1.762591    1.790051
    1.813316    1.828289    2.010805    2.035625    2.113679    2.132125    2.160630    2.197676
    2.260327    2.291317    2.397326    2.421275    2.497257    2.537660    2.650438    2.681761
    2.833514    2.865124    3.003490    3.034152
at   0.09375   0.15625   0.34375    0.001953
   52 eigenvalues :
   -2.810740   -2.725631   -1.591384   -1.574055   -1.546661   -1.492925   -1.475153   -1.463238
    0.249399    0.278276    0.300994    0.321842    0.341214    0.369615    0.386387    0.392436
    0.464092    0.470979    0.541498    0.597850    0.691777    0.741834    0.887199    0.921206
    0.968346    1.000934    1.485506    1.505453    1.651633    1.672693    1.708076    1.736272
    1.843675    1.860439    2.024180    2.054556    2.109583    2.140253    2.194368    2.218630
    2.273745    2.299260    2.352146    2.377852    2.514394    2.552935    2.652883    2.683741
    2.845176    2.875827    2.987593    3.017684
at   0.03125   0.15625   0.34375    0.001953
   52 eigenvalues :
   -2.810790   -2.725685   -1.591501   -1.573702   -1.546456   -1.493097   -1.474748   -1.462867
    0.239693    0.282333    0.288359    0.325937    0.346449    0.373027    0.381978    0.394981
    0.458799    0.472818    0.498288    0.560517    0.714755    0.763416    0.915358    0.948235
    1.063644    1.093663    1.409656    1.432884    1.588905    1.610154    1.658549    1.686933
    1.854722    1.877586    1.965023    1.995743    2.128307    2.154354    2.211367    2.237149
    2.315989    2.344917    2.411897    2.434295    2.528427    2.561823    2.643588    2.675950
    2.770026    2.798817    2.934717    2.963353
at  -0.15625   0.15625   0.34375    0.000977
   52 eigenvalues :
   -2.810989   -2.725901   -1.590608   -1.573077   -1.546316   -1.491896   -1.473993   -1.463028
    0.226140    0.260618    0.302798    0.312144    0.359832    0.361004    0.381149    0.398205
    0.427432    0.432292    0.476552    0.495920    0.850767    0.891833    1.054631    1.076050
    1.090907    1.101422    1.307360    1.333729    1.511396    1.539439    1.569941    1.596066
    1.785491    1.817050    1.937515    1.967384    2.062299    2.086935    2.182936    2.204615
    2.272316    2.305561    2.443403    2.468168    2.657594    2.685533    2.701845    2.726033
    2.960281    2.985726    3.032187    3.069440
at  -0.15625   0.21875   0.28125    0.001953
   52 eigenvalues :
   -2.811026   -2.725940   -1.590271   -1.573127   -1.546292   -1.491415   -1.474145   -1.463088
    0.225236    0.256775    0.298128    0.323119    0.351706    0.360152    0.388807    0.391988
    0.423539    0.427724    0.466398    0.497055    0.915024    0.953359    0.988474    1.023520
    1.138455    1.167258    1.224857    1.252270    1.524300    1.551184    1.639623    1.664569
    1.788933    1.821113    1.858603    1.889361    2.066856    2.093799    2.134829    2.155148
    2.306290    2.338351    2.397843    2.425606    2.654107    2.677663    2.819228    2.842988
    2.935394    2.959620    3.069213    3.100779
at  -0.15625   0.28125   0.21875    0.001953
   52 eigenvalues :
   -2.811026   -2.725940   -1.590180   -1.573320   -1.546179   -1.491246   -1.474547   -1.462866
    0.225236    0.256775    0.298130    0.323105    0.351713    0.360195    0.388625    0.392128
    0.423246    0.428060    0.466346    0.497067    0.915025    0.953359    0.988471    1.023523
    1.138454    1.167259    1.224857    1.252270    1.524300    1.551184    1.639623    1.664569
    1.788932    1.821118    1.858598    1.889362    2.066856    2.093799    2.134830    2.155148
    2.306290    2.338351    2.397844    2.425606    2.654107    2.677663    2.819228    2.842988
    2.935395    2.959620    3.069213    3.100779
at  -0.15625   0.34375   0.15625    0.001953
   52 eigenvalues :
   -2.810989   -2.725901   -1.590352   -1.573620   -1.545996   -1.491426   -1.475093   -1.462433
    0.226141    0.260617    0.302805    0.312126    0.359570    0.361387    0.381008    0.398206
    0.427081    0.432745    0.476428    0.495973    0.850768    0.891833    1.054607    1.076138
    1.090797    1.101468    1.307360    1.333728    1.511395    1.539440    1.569942    1.596065
    1.785491    1.817051    1.937514    1.967385    2.062299    2.086935    2.182937    2.204615
    2.272315    2.305561    2.443403    2.468168    2.657594    2.685533    2.701845    2.726033
    2.960281    2.985727    3.032187    3.069440
at   0.15625   0.09375   0.34375    0.001953
   52 eigenvalues :
   -2.810740   -2.725631   -1.591384   -1.574055   -1.546661   -1.492925   -1.475153   -1.463238
    0.249399    0.278276    0.300994    0.321842    0.341214    0.369615    0.386387    0.392436
    0.464092    0.470979    0.541498    0.597850    0.691777    0.741834    0.887199    0.921206
    0.968346    1.000934    1.485506    1.505453    1.651633    1.672693    1.708076    1.736272
    1.843675    1.860439    2.024180    2.054556    2.109583    2.140253    2.194368    2.218630
    2.273745    2.299260    2.352146    2.377852    2.514394    2.552935    2.652883    2.683741
    2.845176    2.875827    2.987593    3.017684
at   0.09375   0.09375   0.34375    0.001953
   52 eigenvalues :
   -2.810856   -2.725755   -1.591444   -1.573518   -1.546312   -1.493076   -1.474476   -1.462734
    0.236538    0.279937    0.284746    0.333279    0.344562    0.378057    0.384312    0.391334
    0.461650    0.469797    0.491679    0.555332    0.712761    0.761899    0.964263    0.992367
    1.006926    1.040798    1.435660    1.457526    1.617243    1.645925    1.663567    1.686509
    1.800217    1.818697    1.997542    2.029610    2.164188    2.165301    2.189122    2.192498
    2.334221    2.364284    2.400453    2.422871    2.488053    2.522804    2.640346    2.671342
    2.808059    2.835554    2.980253    3.009608
at  -0.09375   0.09375   0.34375    0.000977
   52 eigenvalues :
   -2.811305   -2.726234   -1.590233   -1.572333   -1.545491   -1.491599   -1.473139   -1.462002
    0.211901    0.245548    0.298480    0.317362    0.365659    0.370867    0.371605    0.400482
    0.406522    0.444056    0.479070    0.479957    0.835695    0.877791    1.085648    1.106931
    1.124239    1.159885    1.413129    1.418867    1.439978    1.447609    1.525386    1.551265
    1.799082    1.824733    1.993681    2.023324    2.061834    2.088968    2.183578    2.207157
    2.225222    2.258982    2.399719    2.422416    2.669731    2.702242    2.730333    2.755225
    2.911029    2.936666    2.970630    3.008267
at  -0.09375   0.15625   0.28125    0.001953
   52 eigenvalues :
   -2.811405   -2.726341   -1.589711   -1.572269   -1.545352   -1.490897   -1.473152   -1.461975
    0.209062    0.238833    0.303080    0.311841    0.360634    0.366247    0.377306    0.391283
    0.411028    0.434236    0.468968    0.484470    0.895353    0.934457    1.037013    1.068056
    1.168040    1.196702    1.326092    1.352814    1.458435    1.485252    1.565685    1.592202
    1.845256    1.872736    1.903443    1.934333    2.034698    2.057953    2.116716    2.144609
    2.263742    2.294928    2.397059    2.422374    2.634428    2.661737    2.804706    2.829364
    2.915586    2.940790    2.990197    3.029924
at  -0.09375   0.21875   0.21875    0.001953
   52 eigenvalues :
   -2.811441   -2.726380   -1.589429   -1.572415   -1.545211   -1.490483   -1.473499   -1.461799
    0.208211    0.236516    0.300836    0.315122    0.355465    0.364449    0.382211    0.388619
    0.412904    0.428850    0.465835    0.486220    0.953781    0.974284    0.990930    1.008682
    1.240091    1.243898    1.266473    1.272001    1.459688    1.486289    1.619764    1.645123
    1.842370    1.874210    1.876530    1.906690    2.004173    2.023253    2.100387    2.130649
    2.314334    2.344207    2.356001    2.384019    2.621560    2.646320    2.836388    2.859762
    2.970706    3.000940    3.023260    3.054729
at  -0.09375   0.28125   0.15625    0.001953
   52 eigenvalues :
   -2.811405   -2.726341   -1.589483   -1.572751   -1.545066   -1.490489   -1.474108   -1.461458
    0.209062    0.238832    0.303072    0.311844    0.360714    0.366227    0.377260    0.391232
    0.411027    0.434332    0.468869    0.484517    0.895354    0.934456    1.037011    1.068059
    1.168037    1.196704    1.326092    1.352813    1.458435    1.485252    1.565685    1.592202
    1.845254    1.872739    1.903441    1.934334    2.034699    2.057952    2.116718    2.144607
    2.263741    2.294929    2.397060    2.422374    2.634428    2.661736    2.804706    2.829364
    2.915586    2.940790    2.990197    3.029924
at  -0.09375   0.34375   0.09375    0.001953
   52 eigenvalues :
   -2.811305   -2.726234   -1.589821   -1.573208   -1.544972   -1.490867   -1.474821   -1.461109
    0.211902    0.245548    0.298467    0.317372    0.366011    0.370232    0.371902    0.400245
    0.406722    0.444164    0.478118    0.480828    0.835696    0.877790    1.085629    1.106985
    1.124196    1.159892    1.413129    1.418867    1.439976    1.447610    1.525386    1.551265
    1.799082    1.824734    1.993680    2.023328    2.061831    2.088969    2.183580    2.207158
    2.225219    2.258983    2.399719    2.422416    2.669731    2.702241    2.730333    2.755225
    2.911030    2.936666    2.970631    3.008267
at   0.21875   0.03125   0.34375    0.001953
   52 eigenvalues :
   -2.810632   -2.725517   -1.591502   -1.574376   -1.546830   -1.492980   -1.475686   -1.463307
    0.253967    0.282227    0.306994    0.312452    0.343566    0.362297    0.384012    0.394743
    0.461160    0.472779    0.555639    0.610450    0.693382    0.742544    0.825331    0.862396
    1.052590    1.083344    1.437679    1.459206    1.553205    1.573604    1.770326    1.797139
    1.919653    1.945208    1.956614    1.986197    2.082235    2.108954    2.208024    2.229752
    2.301681    2.329874    2.372032    2.396702    2.598358    2.627836    2.634282    2.662375
    2.735383    2.764141    2.947473    2.976397
at   0.15625   0.03125   0.34375    0.001953
   52 eigenvalues :
   -2.810790   -2.725685   -1.591501   -1.573702   -1.546456   -1.493097   -1.474748   -1.462867
    0.239693    0.282333    0.288359    0.325937    0.346449    0.373027    0.381978    0.394981
    0.458799    0.472818    0.498288    0.560517    0.714755    0.763416    0.915358    0.948235
    1.063644    1.093663    1.409656    1.432884    1.588905    1.610154    1.658549    1.686933
    1.854722    1.877586    1.965023    1.995743    2.128307    2.154354    2.211367    2.237149
    2.315989    2.344917    2.411897    2.434295    2.528427    2.561823    2.643588    2.675950
    2.770026    2.798817    2.934717    2.963353
at  -0.03125   0.03125   0.34375    0.000977
   52 eigenvalues :
   -2.811475   -2.726414   -1.590050   -1.571931   -1.545026   -1.491469   -1.472678   -1.461417
    0.203512    0.236901    0.291354    0.329123    0.358842    0.377327    0.378899    0.391299
    0.401780    0.453219    0.468563    0.480500    0.828114    0.870763    1.091595    1.110310
    1.185723    1.221484    1.345810    1.374543    1.443728    1.474506    1.583230    1.605478
    1.709335    1.731876    2.035781    2.064521    2.134121    2.161833    2.182109    2.190520
    2.207372    2.225471    2.366905    2.389871    2.637513    2.673127    2.777802    2.801895
    2.886920    2.911472    2.950024    2.973709
at  -0.03125   0.09375   0.28125    0.001953
   52 eigenvalues :
   -2.811656   -2.726607   -1.589366   -1.571697   -1.544695   -1.490604   -1.472484   -1.461187
    0.197019    0.226179    0.296622    0.315395    0.363865    0.371286    0.373633    0.391587
    0.399656    0.446445    0.469531    0.475501    0.883092    0.922753    1.077932    1.102759
    1.190793    1.223019    1.349886    1.376659    1.480281    1.508512    1.527399    1.552187
    1.770771    1.793543    1.949723    1.980476    2.048009    2.071794    2.162474    2.195868
    2.232538    2.262905    2.388371    2.410269    2.629705    2.662898    2.798442    2.823103
    2.884422    2.909578    2.938848    2.976100
at  -0.03125   0.15625   0.21875    0.001953
   52 eigenvalues :
   -2.811757   -2.726714   -1.588885   -1.571727   -1.544443   -1.489961   -1.472666   -1.460956
    0.193809    0.220565    0.300160    0.307401    0.364373    0.366169    0.373195    0.390108
    0.402650    0.440341    0.467839    0.477389    0.944983    0.981399    1.018233    1.049998
    1.221017    1.251031    1.318734    1.341959    1.478564    1.503487    1.584637    1.612783
    1.841787    1.858328    1.866296    1.888375    1.943109    1.967474    2.166285    2.199508
    2.302239    2.331255    2.368852    2.394720    2.606844    2.635035    2.796255    2.819767
    2.913998    2.954448    2.960427    2.990323
at  -0.03125   0.21875   0.15625    0.001953
   52 eigenvalues :
   -2.811757   -2.726714   -1.588744   -1.572025   -1.544264   -1.489725   -1.473224   -1.460656
    0.193809    0.220564    0.300152    0.307408    0.364655    0.365879    0.373213    0.390069
    0.402672    0.440370    0.467787    0.477419    0.944984    0.981397    1.018233    1.049999
    1.221016    1.251032    1.318735    1.341958    1.478564    1.503487    1.584637    1.612783
    1.841787    1.858329    1.866294    1.888375    1.943110    1.967474    2.166285    2.199508
    2.302237    2.331256    2.368852    2.394720    2.606845    2.635035    2.796254    2.819767
    2.913999    2.954420    2.960457    2.990319
at  -0.03125   0.28125   0.09375    0.001953
   52 eigenvalues :
   -2.811656   -2.726607   -1.588970   -1.572534   -1.544194   -1.489945   -1.474018   -1.460373
    0.197020    0.226178    0.296610    0.315405    0.364056    0.370970    0.373777    0.391446
    0.399765    0.446533    0.469306    0.475654    0.883093    0.922752    1.077929    1.102764
    1.190788    1.223022    1.349887    1.376659    1.480282    1.508506    1.527405    1.552186
    1.770771    1.793543    1.949723    1.980476    2.048009    2.071792    2.162474    2.195874
    2.232529    2.262909    2.388372    2.410269    2.629706    2.662897    2.798442    2.823104
    2.884422    2.909578    2.938847    2.976101
at  -0.03125   0.34375   0.03125    0.001953
   52 eigenvalues :
   -2.811475   -2.726414   -1.589468   -1.573161   -1.544289   -1.490508   -1.474874   -1.460271
    0.203512    0.236900    0.291344    0.329132    0.358930    0.377263    0.378892    0.391154
    0.401891    0.453369    0.468338    0.480592    0.828114    0.870763    1.091590    1.110319
    1.185716    1.221487    1.345810    1.374544    1.443728    1.474505    1.583231    1.605477
    1.709335    1.731876    2.035781    2.064521    2.134119    2.161824    2.182131    2.190536
    2.207327    2.225489    2.366905    2.389871    2.637513    2.673127    2.777801    2.801895
    2.886919    2.911474    2.950022    2.973710
at   0.28125  -0.03125   0.34375    0.001953
   52 eigenvalues :
   -2.810434   -2.725309   -1.591730   -1.574950   -1.547152   -1.493118   -1.476541   -1.463536
    0.263701    0.284749    0.299961    0.318609    0.342406    0.354076    0.382754    0.396259
    0.459240    0.473734    0.581150    0.633608    0.695747    0.743284    0.776025    0.815904
    1.146369    1.176066    1.375652    1.398316    1.448245    1.469707    1.815858    1.851860
    1.859493    1.886684    1.974753    2.000181    2.099477    2.122836    2.239171    2.259269
    2.352402    2.381643    2.413881    2.438964    2.543900    2.575774    2.676313    2.704531
    2.711466    2.745928    2.907701    2.935533
at   0.21875  -0.03125   0.34375    0.001953
   52 eigenvalues :
   -2.810601   -2.725486   -1.591679   -1.574219   -1.546861   -1.493186   -1.475478   -1.463268
    0.248734    0.286838    0.298485    0.311597    0.347876    0.364570    0.377435    0.400007
    0.453210    0.477376    0.517053    0.575950    0.721300    0.768592    0.858468    0.894704
    1.141019    1.168991    1.358960    1.383780    1.488777    1.510877    1.733053    1.760092
    1.824686    1.859476    1.962804    1.987796    2.134066    2.157665    2.244894    2.270946
    2.330322    2.356618    2.436852    2.459554    2.511447    2.543547    2.722823    2.741931
    2.752616    2.774922    2.838381    2.866224
at   0.03125  -0.03125   0.34375    0.000977
   52 eigenvalues :
   -2.811475   -2.726414   -1.590050   -1.571931   -1.545026   -1.491469   -1.472678   -1.461417
    0.203512    0.236901    0.291354    0.329123    0.358842    0.377327    0.378899    0.391299
    0.401780    0.453219    0.468563    0.480500    0.828114    0.870763    1.091595    1.110310
    1.185723    1.221484    1.345810    1.374543    1.443728    1.474506    1.583230    1.605478
    1.709335    1.731876    2.035781    2.064521    2.134121    2.161833    2.182109    2.190520
    2.207372    2.225471    2.366905    2.389871    2.637513    2.673127    2.777802    2.801895
    2.886920    2.911472    2.950024    2.973709
at   0.03125   0.03125   0.28125    0.001953
   52 eigenvalues :
   -2.811745   -2.726700   -1.589253   -1.571499   -1.544460   -1.490512   -1.472249   -1.460903
    0.192652    0.221665    0.293420    0.318185    0.361020    0.374597    0.377043    0.387758
    0.397570    0.453236    0.465407    0.474471    0.878989    0.918855    1.096160    1.116897
    1.198036    1.234428    1.339566    1.364298    1.472218    1.503771    1.589347    1.611213
    1.689269    1.711795    1.972543    2.002931    2.052298    2.076458    2.199190    2.220275
    2.234707    2.250190    2.386243    2.406423    2.607622    2.644013    2.812449    2.836106
    2.861716    2.886162    2.970170    3.006218
at   0.03125   0.09375   0.21875    0.001953
   52 eigenvalues :
   -2.811927   -2.726894   -1.588601   -1.571356   -1.544017   -1.489701   -1.472204   -1.460491
    0.185722    0.211881    0.296236    0.306499    0.363393    0.369075    0.375316    0.387837
    0.398254    0.451004    0.465495    0.473588    0.937225    0.973901    1.066206    1.093042
    1.173488    1.208222    1.356596    1.376094    1.554432    1.564783    1.585765    1.588468
    1.736299    1.758241    1.869944    1.901581    1.938892    1.963993    2.230050    2.263061
    2.275730    2.305144    2.426273    2.448998    2.586095    2.620887    2.751966    2.775856
    2.883921    2.916521    2.919901    2.954342
at   0.03125   0.15625   0.15625    0.001953
   52 eigenvalues :
   -2.811992   -2.726962   -1.588253   -1.571541   -1.543723   -1.489237   -1.472592   -1.460141
    0.183345    0.208512    0.299215    0.300300    0.364553    0.366633    0.374123    0.388193
    0.399143    0.449463    0.465933    0.473949    0.989380    1.017624    1.023058    1.049984
    1.167829    1.201370    1.361463    1.378633    1.552303    1.576124    1.619079    1.650401
    1.788720    1.799292    1.808516    1.831062    1.868316    1.896182    2.235756    2.267992
    2.315089    2.343278    2.427946    2.455694    2.591468    2.622068    2.731855    2.755910
    2.856241    2.896008    2.944763    2.980754
at   0.03125   0.21875   0.09375    0.001953
   52 eigenvalues :
   -2.811927   -2.726894   -1.588281   -1.572027   -1.543609   -1.489221   -1.473348   -1.459884
    0.185722    0.211880    0.296226    0.306506    0.363527    0.368953    0.375300    0.387811
    0.398276    0.451062    0.465406    0.473628    0.937226    0.973899    1.066206    1.093045
    1.173483    1.208225    1.356596    1.376094    1.554442    1.564764    1.585815    1.588428
    1.736299    1.758241    1.869945    1.901579    1.938895    1.963992    2.230044    2.263106
    2.275682    2.305153    2.426273    2.448997    2.586096    2.620886    2.751965    2.775857
    2.883922    2.916505    2.919918    2.954341
at   0.03125   0.28125   0.03125    0.001953
   52 eigenvalues :
   -2.811745   -2.726700   -1.588669   -1.572723   -1.543717   -1.489640   -1.474298   -1.459829
    0.192652    0.221665    0.293409    0.318192    0.361132    0.374518    0.376995    0.387727
    0.397601    0.453359    0.465242    0.474531    0.878990    0.918854    1.096157    1.116902
    1.198030    1.234432    1.339566    1.364299    1.472219    1.503769    1.589348    1.611212
    1.689269    1.711795    1.972543    2.002930    2.052299    2.076457    2.199173    2.220365
    2.234595    2.250229    2.386243    2.406423    2.607623    2.644012    2.812448    2.836107
    2.861716    2.886162    2.970170    3.006218
at   0.03125   0.34375  -0.03125    0.001953
   52 eigenvalues :
   -2.811475   -2.726414   -1.589298   -1.573508   -1.544069   -1.490353   -1.475270   -1.460073
    0.203513    0.236900    0.291343    0.329130    0.358932    0.377219    0.378932    0.391241
    0.401794    0.453345    0.468428    0.480540    0.828114    0.870763    1.091591    1.110317
    1.185716    1.221488    1.345810    1.374543    1.443728    1.474506    1.583231    1.605478
    1.709336    1.731875    2.035781    2.064521    2.134127    2.161802    2.182060    2.190697
    2.207227    2.225513    2.366905    2.389871    2.637513    2.673127    2.777801    2.801895
    2.886920    2.911473    2.950023    2.973710
at   0.34375  -0.09375   0.34375    0.001953
   52 eigenvalues :
   -2.810177   -2.725038   -1.592019   -1.575667   -1.547593   -1.493341   -1.477464   -1.463994
    0.276477    0.279049    0.292282    0.330707    0.333836    0.352622    0.385899    0.397081
    0.461933    0.474045    0.612167    0.661718    0.691736    0.737873    0.751131    0.792466
    1.239649    1.268739    1.307200    1.331004    1.357617    1.381321    1.702628    1.739975
    1.925705    1.955866    1.979405    2.002823    2.110850    2.134289    2.329000    2.351210
    2.416481    2.436611    2.444723    2.468495    2.518655    2.543716    2.661585    2.685318
    2.687878    2.718378    2.919361    2.946707
at   0.28125  -0.09375   0.34375    0.001953
   52 eigenvalues :
   -2.810318   -2.725188   -1.591969   -1.574977   -1.547459   -1.493377   -1.476464   -1.463924
    0.261399    0.283276    0.304022    0.311924    0.338884    0.365423    0.376191    0.402604
    0.451056    0.479847    0.544583    0.599505    0.733116    0.778428    0.809151    0.847868
    1.207845    1.234544    1.299410    1.325035    1.411163    1.436053    1.716025    1.752247
    1.826430    1.853281    1.949456    1.976601    2.208603    2.232295    2.263789    2.289018
    2.395628    2.418633    2.430593    2.460821    2.498641    2.526338    2.715958    2.743430
    2.796469    2.808387    2.827077    2.834484
at   0.09375  -0.09375   0.34375    0.000977
   52 eigenvalues :
   -2.811305   -2.726234   -1.590233   -1.572333   -1.545491   -1.491599   -1.473139   -1.462002
    0.211901    0.245548    0.298480    0.317362    0.365659    0.370867    0.371605    0.400482
    0.406522    0.444056    0.479070    0.479957    0.835695    0.877791    1.085648    1.106931
    1.124239    1.159885    1.413129    1.418867    1.439978    1.447609    1.525386    1.551265
    1.799082    1.824733    1.993681    2.023324    2.061834    2.088968    2.183578    2.207157
    2.225222    2.258982    2.399719    2.422416    2.669731    2.702242    2.730333    2.755225
    2.911029    2.936666    2.970630    3.008267
at   0.09375  -0.03125   0.28125    0.001953
   52 eigenvalues :
   -2.811656   -2.726607   -1.589366   -1.571697   -1.544695   -1.490604   -1.472484   -1.461187
    0.197019    0.226179    0.296622    0.315395    0.363865    0.371286    0.373633    0.391587
    0.399656    0.446445    0.469531    0.475501    0.883092    0.922753    1.077932    1.102759
    1.190793    1.223019    1.349886    1.376659    1.480281    1.508512    1.527399    1.552187
    1.770771    1.793543    1.949723    1.980476    2.048009    2.071794    2.162474    2.195868
    2.232538    2.262905    2.388371    2.410269    2.629705    2.662898    2.798442    2.823103
    2.884422    2.909578    2.938848    2.976100
at   0.09375   0.03125   0.21875    0.001953
   52 eigenvalues :
   -2.811927   -2.726894   -1.588601   -1.571356   -1.544017   -1.489701   -1.472204   -1.460491
    0.185722    0.211881    0.296236    0.306499    0.363393    0.369075    0.375316    0.387837
    0.398254    0.451004    0.465495    0.473588    0.937225    0.973901    1.066206    1.093042
    1.173488    1.208222    1.356596    1.376094    1.554432    1.564783    1.585765    1.588468
    1.736299    1.758241    1.869944    1.901581    1.938892    1.963993    2.230050    2.263061
    2.275730    2.305144    2.426273    2.448998    2.586095    2.620887    2.751966    2.775856
    2.883921    2.916521    2.919901    2.954342
at   0.09375   0.09375   0.15625    0.001953
   52 eigenvalues :
   -2.812074   -2.727050   -1.588079   -1.571371   -1.543532   -1.489069   -1.472362   -1.459964
    0.179638    0.204316    0.296954    0.299516    0.363774    0.365114    0.379387    0.384365
    0.398995    0.455742    0.461554    0.474022    0.995345    1.028341    1.047083    1.075697
    1.123444    1.160693    1.379111    1.394051    1.626109    1.640964    1.649414    1.674050
    1.711896    1.733341    1.773404    1.805486    1.848560    1.875161    2.275020    2.294085
    2.305685    2.322927    2.533689    2.555531    2.558107    2.592795    2.673725    2.698467
    2.851556    2.890309    2.891788    2.923300
at   0.09375   0.15625   0.09375    0.001953
   52 eigenvalues :
   -2.812074   -2.727050   -1.587896   -1.571752   -1.543298   -1.488827   -1.472953   -1.459652
    0.179638    0.204316    0.296947    0.299521    0.363880    0.365042    0.379304    0.384415
    0.398991    0.455766    0.461539    0.474018    0.995351    1.028306    1.047125    1.075686
    1.123440    1.160695    1.379111    1.394051    1.626102    1.640990    1.649391    1.674054
    1.711895    1.733342    1.773405    1.805484    1.848563    1.875159    2.275008    2.294138
    2.305629    2.322942    2.533715    2.555168    2.558456    2.592784    2.673722    2.698470
    2.851557    2.890251    2.891846    2.923299
at   0.09375   0.21875   0.03125    0.001953
   52 eigenvalues :
   -2.811927   -2.726894   -1.588081   -1.572435   -1.543354   -1.489014   -1.473868   -1.459617
    0.185723    0.211880    0.296227    0.306502    0.363527    0.369082    0.375135    0.387883
    0.398238    0.451042    0.465490    0.473572    0.937226    0.973899    1.066208    1.093043
    1.173482    1.208226    1.356596    1.376094    1.554428    1.564793    1.585731    1.588497
    1.736299    1.758240    1.869945    1.901578    1.938896    1.963991    2.230045    2.263098
    2.275690    2.305152    2.426273    2.448997    2.586096    2.620886    2.751965    2.775857
    2.883922    2.916504    2.919918    2.954341
at   0.09375   0.28125  -0.03125    0.001953
   52 eigenvalues :
   -2.811656   -2.726607   -1.588594   -1.573298   -1.543713   -1.489589   -1.474928   -1.459911
    0.197020    0.226178    0.296609    0.315399    0.364092    0.371147    0.373548    0.391588
    0.399626    0.446507    0.469522    0.475483    0.883093    0.922752    1.077931    1.102761
    1.190787    1.223024    1.349885    1.376661    1.480280    1.508509    1.527405    1.552185
    1.770771    1.793543    1.949724    1.980476    2.048010    2.071792    2.162474    2.195872
    2.232532    2.262908    2.388371    2.410269    2.629706    2.662898    2.798442    2.823103
    2.884422    2.909578    2.938848    2.976100
at   0.09375   0.34375  -0.09375    0.001953
   52 eigenvalues :
   -2.811305   -2.726234   -1.589331   -1.574205   -1.544341   -1.490417   -1.475976   -1.460527
    0.211902    0.245547    0.298460    0.317375    0.366030    0.370250    0.371877    0.400468
    0.406457    0.444144    0.479038    0.479961    0.835695    0.877792    1.085640    1.106958
    1.124214    1.159892    1.413042    1.418996    1.439879    1.447664    1.525386    1.551265
    1.799082    1.824733    1.993681    2.023326    2.061834    2.088967    2.183574    2.207178
    2.225202    2.258986    2.399719    2.422416    2.669731    2.702243    2.730332    2.755225
    2.911030    2.936666    2.970631    3.008267
at  -0.34375   0.59375   0.15625    0.001953
   52 eigenvalues :
   -2.809901   -2.724748   -1.592301   -1.576432   -1.548090   -1.493608   -1.478292   -1.464644
    0.267897    0.275397    0.304638    0.322461    0.328693    0.369041    0.387408    0.403099
    0.462810    0.480364    0.630243    0.676303    0.687064    0.733123    0.761613    0.801675
    1.216508    1.243188    1.275786    1.300510    1.339920    1.370841    1.626896    1.662561
    1.904790    1.934016    2.031879    2.057587    2.126514    2.149941    2.404848    2.425121
    2.438212    2.454111    2.496795    2.521545    2.569400    2.590976    2.596697    2.622491
    2.718133    2.742047    2.946296    2.973954
at  -0.34375   0.53125   0.15625    0.001953
   52 eigenvalues :
   -2.809984   -2.724836   -1.592333   -1.575856   -1.548147   -1.493680   -1.477495   -1.464758
    0.268532    0.271576    0.309671    0.318853    0.327785    0.374423    0.381084    0.405119
    0.455561    0.482488    0.577315    0.627598    0.741913    0.776731    0.785912    0.816243
    1.214426    1.235747    1.241523    1.262414    1.393286    1.422150    1.631846    1.667332
    1.902545    1.932532    1.935336    1.959595    2.225227    2.250066    2.344684    2.372168
    2.379277    2.408651    2.498244    2.524490    2.547968    2.572582    2.718374    2.733953
    2.746002    2.756787    2.841989    2.867236
at   0.15625  -0.15625   0.34375    0.000977
   52 eigenvalues :
   -2.810989   -2.725901   -1.590608   -1.573077   -1.546316   -1.491896   -1.473993   -1.463028
    0.226140    0.260618    0.302798    0.312144    0.359832    0.361004    0.381149    0.398205
    0.427432    0.432292    0.476552    0.495920    0.850767    0.891833    1.054631    1.076050
    1.090907    1.101422    1.307360    1.333729    1.511396    1.539439    1.569941    1.596066
    1.785491    1.817050    1.937515    1.967384    2.062299    2.086935    2.182936    2.204615
    2.272316    2.305561    2.443403    2.468168    2.657594    2.685533    2.701845    2.726033
    2.960281    2.985726    3.032187    3.069440
at   0.15625  -0.09375   0.28125    0.001953
   52 eigenvalues :
   -2.811405   -2.726341   -1.589711   -1.572269   -1.545352   -1.490897   -1.473152   -1.461975
    0.209062    0.238833    0.303080    0.311841    0.360634    0.366247    0.377306    0.391283
    0.411028    0.434236    0.468968    0.484470    0.895353    0.934457    1.037013    1.068056
    1.168040    1.196702    1.326092    1.352814    1.458435    1.485252    1.565685    1.592202
    1.845256    1.872736    1.903443    1.934333    2.034698    2.057953    2.116716    2.144609
    2.263742    2.294928    2.397059    2.422374    2.634428    2.661737    2.804706    2.829364
    2.915586    2.940790    2.990197    3.029924
at   0.15625  -0.03125   0.21875    0.001953
   52 eigenvalues :
   -2.811757   -2.726714   -1.588885   -1.571727   -1.544443   -1.489961   -1.472666   -1.460956
    0.193809    0.220565    0.300160    0.307401    0.364373    0.366169    0.373195    0.390108
    0.402650    0.440341    0.467839    0.477389    0.944983    0.981399    1.018233    1.049998
    1.221017    1.251031    1.318734    1.341959    1.478564    1.503487    1.584637    1.612783
    1.841787    1.858328    1.866296    1.888375    1.943109    1.967474    2.166285    2.199508
    2.302239    2.331255    2.368852    2.394720    2.606844    2.635035    2.796255    2.819767
    2.913998    2.954448    2.960427    2.990323
at   0.15625   0.03125   0.15625    0.001953
   52 eigenvalues :
   -2.811992   -2.726962   -1.588253   -1.571541   -1.543723   -1.489237   -1.472592   -1.460141
    0.183345    0.208512    0.299215    0.300300    0.364553    0.366633    0.374123    0.388193
    0.399143    0.449463    0.465933    0.473949    0.989380    1.017624    1.023058    1.049984
    1.167829    1.201370    1.361463    1.378633    1.552303    1.576124    1.619079    1.650401
    1.788720    1.799292    1.808516    1.831062    1.868316    1.896182    2.235756    2.267992
    2.315089    2.343278    2.427946    2.455694    2.591468    2.622068    2.731855    2.755910
    2.856241    2.896008    2.944763    2.980754
at   0.15625   0.09375   0.09375    0.001953
   52 eigenvalues :
   -2.812074   -2.727050   -1.587896   -1.571752   -1.543298   -1.488827   -1.472953   -1.459652
    0.179638    0.204316    0.296947    0.299521    0.363880    0.365042    0.379304    0.384415
    0.398991    0.455766    0.461539    0.474018    0.995351    1.028306    1.047125    1.075686
    1.123440    1.160695    1.379111    1.394051    1.626102    1.640990    1.649391    1.674054
    1.711895    1.733342    1.773405    1.805484    1.848563    1.875159    2.275008    2.294138
    2.305629    2.322942    2.533715    2.555168    2.558456    2.592784    2.673722    2.698470
    2.851557    2.890251    2.891846    2.923299
at   0.15625   0.15625   0.03125    0.001953
   52 eigenvalues :
   -2.811992   -2.726962   -1.587865   -1.572337   -1.543232   -1.488786   -1.473706   -1.459561
    0.183345    0.208511    0.299224    0.300285    0.364493    0.366911    0.373855    0.388268
    0.399110    0.449461    0.466006    0.473891    0.989392    1.017448    1.023244    1.049962
    1.167827    1.201372    1.361463    1.378633    1.552302    1.576126    1.619077    1.650402
    1.788725    1.799279    1.808525    1.831061    1.868317    1.896181    2.235755    2.267994
    2.315086    2.343279    2.427948    2.455693    2.591468    2.622069    2.731854    2.755910
    2.856243    2.896006    2.944765    2.980754
at   0.15625   0.21875  -0.03125    0.001953
   52 eigenvalues :
   -2.811757   -2.726714   -1.588168   -1.573195   -1.543537   -1.489130   -1.474725   -1.459883
    0.193810    0.220564    0.300152    0.307397    0.364415    0.366463    0.372827    0.390167
    0.402601    0.440367    0.467907    0.477328    0.944983    0.981398    1.018236    1.049997
    1.221013    1.251037    1.318730    1.341961    1.478564    1.503487    1.584636    1.612784
    1.841787    1.858329    1.866295    1.888374    1.943111    1.967473    2.166285    2.199507
    2.302238    2.331256    2.368851    2.394720    2.606844    2.635035    2.796255    2.819767
    2.914000    2.954413    2.960463    2.990319
at   0.15625   0.28125  -0.09375    0.001953
   52 eigenvalues :
   -2.811405   -2.726341   -1.588775   -1.574182   -1.544173   -1.489815   -1.475839   -1.460572
    0.209063    0.238832    0.303058    0.311848    0.360722    0.366369    0.377095    0.391298
    0.410946    0.434329    0.468992    0.484438    0.895352    0.934459    1.037011    1.068057
    1.168036    1.196706    1.326088    1.352817    1.458435    1.485252    1.565684    1.592203
    1.845257    1.872735    1.903444    1.934333    2.034699    2.057951    2.116718    2.144608
    2.263741    2.294929    2.397059    2.422374    2.634428    2.661737    2.804707    2.829364
    2.915587    2.940789    2.990198    3.029924
at   0.15625   0.34375  -0.15625    0.001953
   52 eigenvalues :
   -2.810989   -2.725901   -1.589598   -1.575141   -1.545045   -1.490731   -1.476895   -1.461510
    0.226142    0.260616    0.302765    0.312165    0.359528    0.361473    0.380975    0.398218
    0.427031    0.432717    0.476557    0.495899    0.850765    0.891836    1.054621    1.076069
    1.090886    1.101433    1.307357    1.333730    1.511393    1.539447    1.569934    1.596068
    1.785493    1.817049    1.937515    1.967384    2.062299    2.086935    2.182935    2.204617
    2.272314    2.305562    2.443403    2.468168    2.657594    2.685534    2.701843    2.726033
    2.960281    2.985727    3.032187    3.069440
at  -0.34375   0.53125   0.21875    0.001953
   52 eigenvalues :
   -2.809648   -2.724482   -1.592715   -1.576745   -1.548819   -1.494052   -1.478439   -1.465629
    0.258721    0.264672    0.312777    0.318679    0.329223    0.384613    0.396589    0.411738
    0.459356    0.490259    0.613071    0.657776    0.717675    0.760578    0.791998    0.829694
    1.134642    1.164610    1.209185    1.236498    1.373364    1.407865    1.631496    1.662767
    1.880445    1.908973    2.009771    2.036044    2.212525    2.237819    2.370804    2.400171
    2.415461    2.447466    2.560774    2.583365    2.609045    2.634818    2.686448    2.711426
    2.797364    2.819012    2.874684    2.900174
at  -0.34375   0.34375   0.21875    0.000977
   52 eigenvalues :
   -2.810573   -2.725460   -1.591161   -1.574052   -1.547330   -1.492394   -1.475112   -1.464259
    0.240379    0.277253    0.289012    0.331012    0.349195    0.353854    0.395550    0.401017
    0.425210    0.451556    0.473689    0.514299    0.871923    0.911530    0.988385    1.024764
    1.064724    1.094083    1.196363    1.224277    1.612127    1.635609    1.640034    1.662645
    1.699894    1.731425    1.883189    1.912619    2.081373    2.108058    2.247979    2.269268
    2.326101    2.359345    2.461829    2.488836    2.692053    2.696401    2.715094    2.719606
    2.983565    3.010279    3.064031    3.084506
at  -0.28125   0.34375   0.15625    0.001953
   52 eigenvalues :
   -2.811026   -2.725940   -1.590271   -1.573127   -1.546292   -1.491415   -1.474145   -1.463088
    0.225236    0.256775    0.298128    0.323119    0.351706    0.360152    0.388807    0.391988
    0.423539    0.427724    0.466398    0.497055    0.915024    0.953359    0.988474    1.023520
    1.138455    1.167258    1.224857    1.252270    1.524300    1.551184    1.639623    1.664569
    1.788933    1.821113    1.858603    1.889361    2.066856    2.093799    2.134829    2.155148
    2.306290    2.338351    2.397843    2.425606    2.654107    2.677663    2.819228    2.842988
    2.935394    2.959620    3.069213    3.100779
at   0.21875  -0.09375   0.21875    0.001953
   52 eigenvalues :
   -2.811441   -2.726380   -1.589429   -1.572415   -1.545211   -1.490483   -1.473499   -1.461799
    0.208211    0.236516    0.300836    0.315122    0.355465    0.364449    0.382211    0.388619
    0.412904    0.428850    0.465835    0.486220    0.953781    0.974284    0.990930    1.008682
    1.240091    1.243898    1.266473    1.272001    1.459688    1.486289    1.619764    1.645123
    1.842370    1.874210    1.876530    1.906690    2.004173    2.023253    2.100387    2.130649
    2.314334    2.344207    2.356001    2.384019    2.621560    2.646320    2.836388    2.859762
    2.970706    3.000940    3.023260    3.054729
at   0.21875  -0.03125   0.15625    0.001953
   52 eigenvalues :
   -2.811757   -2.726714   -1.588744   -1.572025   -1.544264   -1.489725   -1.473224   -1.460656
    0.193809    0.220564    0.300152    0.307408    0.364655    0.365879    0.373213    0.390069
    0.402672    0.440370    0.467787    0.477419    0.944984    0.981397    1.018233    1.049999
    1.221016    1.251032    1.318735    1.341958    1.478564    1.503487    1.584637    1.612783
    1.841787    1.858329    1.866294    1.888375    1.943110    1.967474    2.166285    2.199508
    2.302237    2.331256    2.368852    2.394720    2.606845    2.635035    2.796254    2.819767
    2.913999    2.954420    2.960457    2.990319
at   0.21875   0.03125   0.09375    0.001953
   52 eigenvalues :
   -2.811927   -2.726894   -1.588281   -1.572027   -1.543609   -1.489221   -1.473348   -1.459884
    0.185722    0.211880    0.296226    0.306506    0.363527    0.368953    0.375300    0.387811
    0.398276    0.451062    0.465406    0.473628    0.937226    0.973899    1.066206    1.093045
    1.173483    1.208225    1.356596    1.376094    1.554442    1.564764    1.585815    1.588428
    1.736299    1.758241    1.869945    1.901579    1.938895    1.963992    2.230044    2.263106
    2.275682    2.305153    2.426273    2.448997    2.586096    2.620886    2.751965    2.775857
    2.883922    2.916505    2.919918    2.954341
at   0.21875   0.09375   0.03125    0.001953
   52 eigenvalues :
   -2.811927   -2.726894   -1.588081   -1.572435   -1.543354   -1.489014   -1.473868   -1.459617
    0.185723    0.211880    0.296227    0.306502    0.363527    0.369082    0.375135    0.387883
    0.398238    0.451042    0.465490    0.473572    0.937226    0.973899    1.066208    1.093043
    1.173482    1.208226    1.356596    1.376094    1.554428    1.564793    1.585731    1.588497
    1.736299    1.758240    1.869945    1.901578    1.938896    1.963991    2.230045    2.263098
    2.275690    2.305152    2.426273    2.448997    2.586096    2.620886    2.751965    2.775857
    2.883922    2.916504    2.919918    2.954341
at   0.21875   0.15625  -0.03125    0.001953
   52 eigenvalues :
   -2.811757   -2.726714   -1.588168   -1.573195   -1.543537   -1.489130   -1.474725   -1.459883
    0.193810    0.220564    0.300152    0.307397    0.364415    0.366463    0.372827    0.390167
    0.402601    0.440367    0.467907    0.477328    0.944983    0.981398    1.018236    1.049997
    1.221013    1.251037    1.318730    1.341961    1.478564    1.503487    1.584636    1.612784
    1.841787    1.858329    1.866295    1.888374    1.943111    1.967473    2.166285    2.199507
    2.302238    2.331256    2.368851    2.394720    2.606844    2.635035    2.796255    2.819767
    2.914000    2.954413    2.960463    2.990319
at   0.21875   0.21875  -0.09375    0.001953
   52 eigenvalues :
   -2.811441   -2.726380   -1.588554   -1.574181   -1.544122   -1.489578   -1.475789   -1.460612
    0.208212    0.236515    0.300825    0.315111    0.355516    0.364567    0.381930    0.388758
    0.412819    0.428911    0.465895    0.486178    0.953754    0.974363    0.990856    1.008702
    1.239784    1.244314    1.266157    1.272207    1.459688    1.486289    1.619763    1.645123
    1.842370    1.874208    1.876533    1.906688    2.004173    2.023253    2.100387    2.130649
    2.314333    2.344219    2.355989    2.384021    2.621560    2.646320    2.836388    2.859761
    2.970708    3.000935    3.023264    3.054728
at   0.21875   0.28125  -0.15625    0.001953
   52 eigenvalues :
   -2.811026   -2.725940   -1.589229   -1.575224   -1.545007   -1.490338   -1.476893   -1.461649
    0.225237    0.256774    0.298113    0.323106    0.351726    0.360292    0.388437    0.392201
    0.423186    0.428104    0.466419    0.497032    0.915014    0.953390    0.988445    1.023530
    1.138451    1.167266    1.224849    1.252274    1.524298    1.551186    1.639622    1.664569
    1.788936    1.821111    1.858602    1.889361    2.066856    2.093799    2.134829    2.155149
    2.306290    2.338351    2.397843    2.425607    2.654107    2.677663    2.819228    2.842988
    2.935395    2.959620    3.069213    3.100779
at   0.21875   0.34375  -0.21875    0.001953
   52 eigenvalues :
   -2.810573   -2.725460   -1.590116   -1.576153   -1.546046   -1.491312   -1.477879   -1.462801
    0.240382    0.277249    0.289002    0.331000    0.349050    0.354121    0.395302    0.401124
    0.425193    0.451632    0.473688    0.514285    0.871914    0.911549    0.988362    1.024777
    1.064726    1.094082    1.196361    1.224279    1.612109    1.635844    1.639804    1.662649
    1.699910    1.731419    1.883188    1.912619    2.081372    2.108058    2.247978    2.269269
    2.326100    2.359345    2.461828    2.488836    2.692051    2.696405    2.715091    2.719609
    2.983565    3.010279    3.064031    3.084506
at  -0.34375   0.53125   0.28125    0.001953
   52 eigenvalues :
   -2.809364   -2.724183   -1.593036   -1.577522   -1.549371   -1.494398   -1.479216   -1.466370
    0.250152    0.254943    0.305426    0.308638    0.355075    0.384906    0.418649    0.425818
    0.458958    0.499159    0.642579    0.681865    0.701782    0.743540    0.816497    0.850958
    1.065178    1.099154    1.169803    1.198814    1.322911    1.360421    1.697489    1.726835
    1.872872    1.900382    2.037779    2.065083    2.242537    2.269282    2.370287    2.398592
    2.401983    2.430478    2.613694    2.627031    2.643105    2.647536    2.816114    2.835414
    2.847053    2.864142    2.903237    2.921207
at  -0.34375   0.34375   0.28125    0.000977
   52 eigenvalues :
   -2.810115   -2.724977   -1.591861   -1.575138   -1.548350   -1.493082   -1.476338   -1.465447
    0.247824    0.275714    0.289512    0.335542    0.352624    0.358494    0.393762    0.423813
    0.429907    0.471802    0.481441    0.536865    0.891318    0.925974    0.931353    0.964507
    1.048995    1.082866    1.106403    1.135608    1.559335    1.592537    1.714675    1.742655
    1.760374    1.785264    1.839237    1.867282    2.066897    2.094655    2.362584    2.383713
    2.389773    2.417425    2.478033    2.501135    2.678804    2.700661    2.798752    2.819747
    2.951268    2.970745    3.001231    3.026123
at  -0.28125   0.34375   0.21875    0.001953
   52 eigenvalues :
   -2.810574   -2.725462   -1.591008   -1.574158   -1.547337   -1.492151   -1.475311   -1.464292
    0.239578    0.275206    0.288338    0.338236    0.349579    0.351708    0.388527    0.408298
    0.422826    0.449371    0.466014    0.512729    0.933508    0.942172    0.972187    0.978554
    1.097781    1.129441    1.135819    1.163266    1.615009    1.641823    1.683291    1.712760
    1.716194    1.737186    1.826533    1.857204    2.058735    2.086161    2.252649    2.274435
    2.348097    2.381293    2.412874    2.439814    2.690101    2.712243    2.861586    2.882692
    2.883880    2.905107    3.061988    3.091599
at  -0.21875   0.34375   0.15625    0.001953
   52 eigenvalues :
   -2.811026   -2.725940   -1.590180   -1.573320   -1.546179   -1.491246   -1.474547   -1.462866
    0.225236    0.256775    0.298130    0.323105    0.351713    0.360195    0.388625    0.392128
    0.423246    0.428060    0.466346    0.497067    0.915025    0.953359    0.988471    1.023523
    1.138454    1.167259    1.224857    1.252270    1.524300    1.551184    1.639623    1.664569
    1.788932    1.821118    1.858598    1.889362    2.066856    2.093799    2.134830    2.155148
    2.306290    2.338351    2.397844    2.425606    2.654107    2.677663    2.819228    2.842988
    2.935395    2.959620    3.069213    3.100779
at  -0.15625   0.34375   0.09375    0.001953
   52 eigenvalues :
   -2.811405   -2.726341   -1.589483   -1.572751   -1.545066   -1.490489   -1.474108   -1.461458
    0.209062    0.238832    0.303072    0.311844    0.360714    0.366227    0.377260    0.391232
    0.411027    0.434332    0.468869    0.484517    0.895354    0.934456    1.037011    1.068059
    1.168037    1.196704    1.326092    1.352813    1.458435    1.485252    1.565685    1.592202
    1.845254    1.872739    1.903441    1.934334    2.034699    2.057952    2.116718    2.144607
    2.263741    2.294929    2.397060    2.422374    2.634428    2.661736    2.804706    2.829364
    2.915586    2.940790    2.990197    3.029924
at  -0.09375   0.34375   0.03125    0.001953
   52 eigenvalues :
   -2.811656   -2.726607   -1.588970   -1.572534   -1.544194   -1.489945   -1.474018   -1.460373
    0.197020    0.226178    0.296610    0.315405    0.364056    0.370970    0.373777    0.391446
    0.399765    0.446533    0.469306    0.475654    0.883093    0.922752    1.077929    1.102764
    1.190788    1.223022    1.349887    1.376659    1.480282    1.508506    1.527405    1.552186
    1.770771    1.793543    1.949723    1.980476    2.048009    2.071792    2.162474    2.195874
    2.232529    2.262909    2.388372    2.410269    2.629706    2.662897    2.798442    2.823104
    2.884422    2.909578    2.938847    2.976101
at  -0.03125   0.34375  -0.03125    0.001953
   52 eigenvalues :
   -2.811745   -2.726700   -1.588669   -1.572723   -1.543717   -1.489640   -1.474298   -1.459829
    0.192652    0.221665    0.293409    0.318192    0.361132    0.374518    0.376995    0.387727
    0.397601    0.453359    0.465242    0.474531    0.878990    0.918854    1.096157    1.116902
    1.198030    1.234432    1.339566    1.364299    1.472219    1.503769    1.589348    1.611212
    1.689269    1.711795    1.972543    2.002930    2.052299    2.076457    2.199173    2.220365
    2.234595    2.250229    2.386243    2.406423    2.607623    2.644012    2.812448    2.836107
    2.861716    2.886162    2.970170    3.006218
at   0.03125   0.34375  -0.09375    0.001953
   52 eigenvalues :
   -2.811656   -2.726607   -1.588594   -1.573298   -1.543713   -1.489589   -1.474928   -1.459911
    0.197020    0.226178    0.296609    0.315399    0.364092    0.371147    0.373548    0.391588
    0.399626    0.446507    0.469522    0.475483    0.883093    0.922752    1.077931    1.102761
    1.190787    1.223024    1.349885    1.376661    1.480280    1.508509    1.527405    1.552185
    1.770771    1.793543    1.949724    1.980476    2.048010    2.071792    2.162474    2.195872
    2.232532    2.262908    2.388371    2.410269    2.629706    2.662898    2.798442    2.823103
    2.884422    2.909578    2.938848    2.976100
at   0.28125   0.15625  -0.09375    0.001953
   52 eigenvalues :
   -2.811405   -2.726341   -1.588775   -1.574182   -1.544173   -1.489815   -1.475839   -1.460572
    0.209063    0.238832    0.303058    0.311848    0.360722    0.366369    0.377095    0.391298
    0.410946    0.434329    0.468992    0.484438    0.895352    0.934459    1.037011    1.068057
    1.168036    1.196706    1.326088    1.352817    1.458435    1.485252    1.565684    1.592203
    1.845257    1.872735    1.903444    1.934333    2.034699    2.057951    2.116718    2.144608
    2.263741    2.294929    2.397059    2.422374    2.634428    2.661737    2.804707    2.829364
    2.915587    2.940789    2.990198    3.029924
at   0.28125   0.21875  -0.15625    0.001953
   52 eigenvalues :
   -2.811026   -2.725940   -1.589229   -1.575224   -1.545007   -1.490338   -1.476893   -1.461649
    0.225237    0.256774    0.298113    0.323106    0.351726    0.360292    0.388437    0.392201
    0.423186    0.428104    0.466419    0.497032    0.915014    0.953390    0.988445    1.023530
    1.138451    1.167266    1.224849    1.252274    1.524298    1.551186    1.639622    1.664569
    1.788936    1.821111    1.858602    1.889361    2.066856    2.093799    2.134829    2.155149
    2.306290    2.338351    2.397843    2.425607    2.654107    2.677663    2.819228    2.842988
    2.935395    2.959620    3.069213    3.100779
at   0.28125   0.28125  -0.21875    0.001953
   52 eigenvalues :
   -2.810574   -2.725462   -1.589964   -1.576240   -1.546063   -1.491152   -1.477920   -1.462917
    0.239580    0.275203    0.288325    0.338206    0.349383    0.352041    0.388432    0.408213
    0.422872    0.449391    0.466052    0.512709    0.933134    0.942772    0.971482    0.979033
    1.097774    1.129496    1.135762    1.163274    1.615010    1.641819    1.683314    1.712454
    1.716505    1.737161    1.826533    1.857205    2.058735    2.086161    2.252648    2.274435
    2.348096    2.381295    2.412872    2.439815    2.690101    2.712243    2.861586    2.882687
    2.883885    2.905107    3.061988    3.091599
at   0.28125   0.34375  -0.28125    0.001953
   52 eigenvalues :
   -2.810115   -2.724977   -1.590896   -1.577065   -1.547172   -1.492162   -1.478769   -1.464152
    0.247828    0.275703    0.289508    0.335567    0.352389    0.358802    0.393672    0.423590
    0.430118    0.471796    0.481476    0.536852    0.891222    0.928278    0.929045    0.964608
    1.048995    1.082864    1.106404    1.135609    1.559336    1.592535    1.714669    1.742682
    1.760343    1.785276    1.839232    1.867285    2.066897    2.094655    2.362579    2.383741
    2.389746    2.417428    2.478033    2.501136    2.678804    2.700661    2.798752    2.819747
    2.951267    2.970745    3.001231    3.026123
at   0.34375   0.34375  -0.34375    0.000488
   52 eigenvalues :
   -2.809687   -2.724524   -1.591811   -1.577734   -1.548251   -1.493144   -1.479435   -1.465350
    0.248494    0.262808    0.295504    0.321386    0.369361    0.371902    0.396624    0.441796
    0.444434    0.475371    0.521844    0.569614    0.874321    0.880441    0.909326    0.915328
    1.027356    1.065016    1.073676    1.104516    1.452193    1.486616    1.772749    1.803734
    1.851849    1.854678    1.876418    1.879235    2.066097    2.094546    2.434795    2.435678
    2.468998    2.469900    2.564611    2.582292    2.626316    2.647094    2.902335    2.902796
    2.920744    2.921205    2.960405    2.981150
at  -0.21875   0.46875   0.28125    0.001953
   52 eigenvalues :
   -2.809765   -2.724605   -1.592418   -1.576811   -1.548313   -1.493737   -1.478624   -1.465008
    0.253991    0.272805    0.308234    0.325348    0.330976    0.368747    0.399624    0.420722
    0.440950    0.501069    0.590702    0.634094    0.688390    0.735642    0.868294    0.903698
    1.076045    1.106870    1.260317    1.285573    1.416562    1.451633    1.627344    1.658092
    1.778806    1.806674    2.052829    2.081889    2.249566    2.274107    2.361996    2.391551
    2.405237    2.433685    2.447544    2.468894    2.612093    2.641779    2.760160    2.788510
    2.790089    2.814183    2.910766    2.936797
at  -0.09375   0.40625   0.28125    0.001953
   52 eigenvalues :
   -2.810228   -2.725093   -1.591815   -1.575887   -1.547222   -1.493074   -1.477862   -1.463521
    0.261890    0.293069    0.293992    0.315682    0.344940    0.357324    0.378830    0.403866
    0.454047    0.481349    0.584259    0.633758    0.682428    0.731830    0.801539    0.840177
    1.201688    1.228320    1.336223    1.364085    1.376047    1.398227    1.705815    1.742699
    1.827872    1.855487    2.048747    2.077007    2.113863    2.135448    2.337387    2.350372
    2.357689    2.382681    2.486245    2.507931    2.523891    2.557077    2.603166    2.629763
    2.767089    2.796759    2.926045    2.954269
at  -0.15625   0.40625   0.28125    0.001953
   52 eigenvalues :
   -2.810029   -2.724883   -1.592156   -1.576083   -1.547797   -1.493446   -1.477917   -1.464283
    0.258028    0.282710    0.310605    0.311250    0.335327    0.372571    0.377438    0.412494
    0.446730    0.490958    0.569140    0.617925    0.701268    0.748478    0.837913    0.875224
    1.150493    1.178036    1.301219    1.325881    1.406916    1.436661    1.630483    1.665743
    1.797979    1.825744    2.028751    2.056795    2.211072    2.235127    2.331757    2.358822
    2.406075    2.433490    2.442681    2.468612    2.599703    2.627974    2.638065    2.663117
    2.812618    2.838528    2.857326    2.883349
at   0.03125   0.34375   0.28125    0.001953
   52 eigenvalues :
   -2.810550   -2.725429   -1.591225   -1.575215   -1.546794   -1.492442   -1.477071   -1.463169
    0.264161    0.285979    0.298738    0.322281    0.342347    0.350608    0.387353    0.392163
    0.464979    0.470155    0.615082    0.665044    0.675539    0.723796    0.755581    0.796588
    1.048298    1.079903    1.469442    1.489845    1.514180    1.534272    1.882234    1.908018
    1.939952    1.973828    1.983451    1.997110    2.004079    2.026919    2.146013    2.163030
    2.342628    2.373226    2.407745    2.434209    2.597921    2.628058    2.639729    2.667076
    2.676119    2.700306    2.947826    2.976817
at  -0.03125   0.34375   0.28125    0.001953
   52 eigenvalues :
   -2.810434   -2.725309   -1.591563   -1.575294   -1.546951   -1.492829   -1.477161   -1.463228
    0.263704    0.284740    0.299960    0.318613    0.342415    0.354076    0.382742    0.396260
    0.459246    0.473730    0.581151    0.633608    0.695748    0.743283    0.776025    0.815905
    1.146369    1.176066    1.375652    1.398316    1.448245    1.469706    1.815854    1.851917
    1.859431    1.886692    1.974754    2.000180    2.099477    2.122836    2.239171    2.259269
    2.352401    2.381644    2.413881    2.438964    2.543901    2.575773    2.676313    2.704523
    2.711476    2.745926    2.907701    2.935533
at  -0.09375   0.34375   0.28125    0.001953
   52 eigenvalues :
   -2.810318   -2.725188   -1.591804   -1.575320   -1.547256   -1.493097   -1.477087   -1.463606
    0.261400    0.283272    0.304018    0.311932    0.338879    0.365475    0.376132    0.402614
    0.451056    0.479850    0.544582    0.599505    0.733116    0.778427    0.809151    0.847869
    1.207844    1.234545    1.299411    1.325034    1.411163    1.436053    1.716025    1.752248
    1.826428    1.853282    1.949456    1.976601    2.208603    2.232296    2.263789    2.289018
    2.395628    2.418633    2.430593    2.460821    2.498641    2.526337    2.715960    2.743428
    2.796472    2.808386    2.827076    2.834484
at   0.15625   0.28125   0.28125    0.001953
   52 eigenvalues :
   -2.810669   -2.725552   -1.590757   -1.574953   -1.547005   -1.491957   -1.476412   -1.463921
    0.271743    0.288292    0.288881    0.330361    0.343047    0.343268    0.391547    0.392305
    0.470253    0.470988    0.675892    0.676879    0.722740    0.723363    0.746271    0.787621
    0.860603    0.896134    1.666283    1.666535    1.684371    1.684613    1.884022    1.884570
    1.894448    1.906481    1.907027    1.921272    1.922252    1.937704    2.238886    2.275112
    2.428284    2.429197    2.456368    2.457181    2.524637    2.569385    2.610037    2.611662
    2.638799    2.640461    2.969595    2.998479
at   0.09375   0.28125   0.28125    0.001953
   52 eigenvalues :
   -2.810644   -2.725527   -1.591008   -1.574889   -1.546875   -1.492264   -1.476451   -1.463531
    0.265913    0.286064    0.296282    0.324340    0.341289    0.349053    0.389384    0.391971
    0.467623    0.470429    0.619689    0.670350    0.695098    0.741064    0.752472    0.793496
    0.951884    0.985304    1.555293    1.574024    1.600060    1.619567    1.885567    1.887350
    1.907433    1.912940    1.983655    2.006859    2.040649    2.057471    2.085674    2.122783
    2.340310    2.370239    2.432652    2.458681    2.571549    2.612981    2.632491    2.665315
    2.667693    2.692913    2.953219    2.982235
at   0.03125   0.28125   0.28125    0.001953
   52 eigenvalues :
   -2.810613   -2.725496   -1.591283   -1.574772   -1.546770   -1.492598   -1.476388   -1.463190
    0.261979    0.283479    0.301173    0.317102    0.339651    0.354783    0.384845    0.393466
    0.462180    0.471504    0.567825    0.623282    0.725323    0.769675    0.770895    0.810346
    1.052073    1.083420    1.451047    1.471227    1.534378    1.555206    1.868383    1.882070
    1.891024    1.908842    1.942382    1.979167    2.098298    2.121714    2.132153    2.150992
    2.314020    2.342800    2.405017    2.430779    2.599204    2.633162    2.651605    2.692233
    2.719037    2.745004    2.899550    2.927935
at  -0.03125   0.28125   0.28125    0.001953
   52 eigenvalues :
   -2.810588   -2.725472   -1.591441   -1.574610   -1.546773   -1.492780   -1.476185   -1.463113
    0.258130    0.282140    0.304737    0.306989    0.339501    0.362541    0.377857    0.397032
    0.453811    0.474488    0.524132    0.583752    0.765852    0.798216    0.809731    0.837206
    1.151732    1.180948    1.353418    1.375821    1.474706    1.497770    1.825026    1.832805
    1.856379    1.860201    1.880290    1.910168    2.148159    2.170412    2.222793    2.246433
    2.360805    2.385807    2.409007    2.434405    2.505141    2.538773    2.760615    2.772351
    2.798136    2.799612    2.799809    2.825662
at  -0.28125   0.28125   0.28125    0.000977
   52 eigenvalues :
   -2.810575   -2.725464   -1.590920   -1.574123   -1.547420   -1.492023   -1.475218   -1.464484
    0.237450    0.272349    0.289811    0.348102    0.348390    0.351957    0.379488    0.419008
    0.419162    0.445925    0.456510    0.509691    0.977311    0.977316    1.014625    1.014633
    1.048263    1.082015    1.095109    1.122112    1.671036    1.701431    1.702690    1.704901
    1.726743    1.726797    1.779181    1.811639    2.019182    2.047202    2.312227    2.327341
    2.339360    2.339360    2.372790    2.372791    2.781659    2.803337    2.930800    2.952114
    2.952341    2.952852    2.974009    2.974012
at   0.21875   0.21875   0.28125    0.000977
   52 eigenvalues :
   -2.810678   -2.725562   -1.590694   -1.574903   -1.547101   -1.491905   -1.476231   -1.464171
    0.279086    0.280316    0.289635    0.336181    0.337158    0.343958    0.392022    0.392810
    0.470799    0.471628    0.670060    0.707723    0.717025    0.752927    0.762299    0.799446
    0.804264    0.835324    1.707667    1.723708    1.779449    1.789854    1.800626    1.804897
    1.836387    1.862223    1.892014    1.898582    1.916967    1.917977    2.356831    2.385979
    2.392978    2.418331    2.489592    2.499963    2.522988    2.531590    2.560100    2.593571
    2.604241    2.632574    2.996520    3.025731
at   0.15625   0.21875   0.28125    0.001953
   52 eigenvalues :
   -2.810696   -2.725582   -1.590870   -1.574702   -1.546943   -1.492160   -1.476019   -1.463835
    0.270740    0.279693    0.297001    0.326812    0.337962    0.349163    0.390466    0.392479
    0.468977    0.471201    0.612566    0.663999    0.712821    0.758188    0.789179    0.828172
    0.865949    0.901209    1.615221    1.632190    1.703862    1.723857    1.811587    1.828131
    1.833720    1.850663    1.967903    1.991738    2.007701    2.026299    2.204195    2.239362
    2.304859    2.335606    2.467015    2.493096    2.508777    2.549403    2.648046    2.679573
    2.707419    2.737933    2.988760    3.018287
at   0.09375   0.21875   0.28125    0.001953
   52 eigenvalues :
   -2.810735   -2.725625   -1.591074   -1.574405   -1.546677   -1.492448   -1.475737   -1.463302
    0.261464    0.280510    0.302208    0.314437    0.339797    0.353672    0.387133    0.392484
    0.465038    0.470983    0.556609    0.613923    0.733548    0.778158    0.809671    0.847681
    0.961098    0.994134    1.517616    1.536001    1.633477    1.653996    1.791432    1.816351
    1.849137    1.871468    2.050530    2.058448    2.080498    2.086215    2.100460    2.121147
    2.263495    2.292141    2.424454    2.452087    2.565131    2.605575    2.678396    2.711096
    2.758862    2.787238    2.927591    2.956842
at   0.03125   0.21875   0.28125    0.001953
   52 eigenvalues :
   -2.810795   -2.725691   -1.591150   -1.574047   -1.546419   -1.492561   -1.475362   -1.462849
    0.252075    0.282771    0.299467    0.305075    0.342542    0.359116    0.381265    0.394123
    0.458122    0.472183    0.509512    0.572292    0.764902    0.808355    0.839169    0.876390
    1.063753    1.094533    1.423888    1.444368    1.564764    1.586625    1.761054    1.786798
    1.862614    1.886974    1.931083    1.966391    2.071760    2.094758    2.194689    2.217002
    2.352461    2.369643    2.377190    2.398138    2.567430    2.603572    2.691380    2.726272
    2.799965    2.824779    2.826441    2.854621
at  -0.21875   0.21875   0.28125    0.000977
   52 eigenvalues :
   -2.811067   -2.725984   -1.589990   -1.573042   -1.546330   -1.491029   -1.474016   -1.463286
    0.220866    0.250616    0.302885    0.334361    0.343454    0.366113    0.376159    0.404559
    0.414091    0.424261    0.452319    0.494590    0.980539    1.016964    1.036117    1.072760
    1.081911    1.111190    1.153252    1.181158    1.611294    1.624854    1.636688    1.649262
    1.786940    1.813051    1.819330    1.845073    2.009656    2.037259    2.172088    2.189170
    2.282819    2.315716    2.322426    2.352502    2.827853    2.834135    2.850957    2.856423
    3.024798    3.047753    3.050028    3.072665
at  -0.21875   0.28125   0.21875    0.001953
   52 eigenvalues :
   -2.811067   -2.725984   -1.589957   -1.573112   -1.546290   -1.490967   -1.474165   -1.463203
    0.220866    0.250616    0.302887    0.334330    0.343485    0.366162    0.376091    0.404675
    0.413831    0.424456    0.452280    0.494594    0.980539    1.016975    1.036094    1.072787
    1.081900    1.111186    1.153252    1.181158    1.611291    1.624858    1.636690    1.649259
    1.786933    1.813121    1.819260    1.845080    2.009656    2.037259    2.172088    2.189170
    2.282818    2.315716    2.322426    2.352502    2.827851    2.834139    2.850952    2.856426
    3.024797    3.047787    3.049994    3.072667
at   0.21875   0.15625   0.28125    0.001953
   52 eigenvalues :
   -2.810696   -2.725582   -1.590870   -1.574702   -1.546943   -1.492160   -1.476019   -1.463835
    0.270740    0.279693    0.297001    0.326812    0.337962    0.349163    0.390466    0.392479
    0.468977    0.471201    0.612566    0.663999    0.712821    0.758188    0.789179    0.828172
    0.865949    0.901209    1.615221    1.632190    1.703862    1.723857    1.811587    1.828131
    1.833720    1.850663    1.967903    1.991738    2.007701    2.026299    2.204195    2.239362
    2.304859    2.335606    2.467015    2.493096    2.508777    2.549403    2.648046    2.679573
    2.707419    2.737933    2.988760    3.018287
at   0.15625   0.15625   0.28125    0.001953
   52 eigenvalues :
   -2.810779   -2.725670   -1.590997   -1.574269   -1.546647   -1.492396   -1.475472   -1.463370
    0.262294    0.277460    0.303408    0.313570    0.339155    0.353708    0.388453    0.391857
    0.466617    0.470495    0.552457    0.610416    0.732949    0.777727    0.865888    0.890859
    0.902074    0.925770    1.550225    1.567242    1.705849    1.728228    1.763887    1.782639
    1.790939    1.800320    2.051291    2.075668    2.088583    2.107281    2.110011    2.140639
    2.234774    2.263240    2.460406    2.487811    2.501339    2.541835    2.709384    2.740867
    2.810671    2.842373    2.965233    2.993474
at   0.09375   0.15625   0.28125    0.001953
   52 eigenvalues :
   -2.810908   -2.725810   -1.590993   -1.573732   -1.546233   -1.492457   -1.474854   -1.462757
    0.248885    0.280269    0.294898    0.307578    0.343282    0.358022    0.384918    0.391500
    0.462477    0.469909    0.501934    0.566408    0.759922    0.803880    0.899861    0.934006
    0.981743    1.014664    1.475048    1.493594    1.658817    1.680975    1.709024    1.736310
    1.797011    1.817600    1.988257    2.022324    2.064644    2.089767    2.159807    2.181863
    2.320690    2.344378    2.417266    2.448045    2.532444    2.571098    2.679437    2.710348
    2.843656    2.871110    2.895686    2.926444
at  -0.15625   0.15625   0.28125    0.000977
   52 eigenvalues :
   -2.811515   -2.726458   -1.589215   -1.572065   -1.545250   -1.490246   -1.472916   -1.462042
    0.201411    0.228614    0.310394    0.318080    0.350278    0.373146    0.378461    0.387706
    0.409461    0.421977    0.454161    0.483934    0.957582    0.994446    1.100961    1.104234
    1.129559    1.137360    1.265162    1.292601    1.514980    1.541299    1.550312    1.575495
    1.866295    1.877000    1.898042    1.906722    2.008759    2.037235    2.068974    2.087269
    2.226507    2.259354    2.333754    2.362293    2.748527    2.772375    2.838045    2.863398
    3.003451    3.027948    3.093163    3.132885
at  -0.15625   0.21875   0.21875    0.001953
   52 eigenvalues :
   -2.811554   -2.726501   -1.588979   -1.572081   -1.545167   -1.489916   -1.473020   -1.461980
    0.198734    0.225094    0.311682    0.326163    0.342520    0.370853    0.377639    0.395691
    0.409717    0.414169    0.447385    0.484636    1.017225    1.038756    1.052309    1.072641
    1.162117    1.191881    1.200973    1.228649    1.523367    1.548930    1.587420    1.611836
    1.822891    1.855706    1.894501    1.926065    1.998733    2.027143    2.050977    2.067737
    2.254258    2.270921    2.286165    2.300951    2.781403    2.804364    2.947596    2.968979
    2.971654    2.993196    3.117120    3.148836
at  -0.15625   0.28125   0.15625    0.001953
   52 eigenvalues :
   -2.811515   -2.726458   -1.589091   -1.572330   -1.545092   -1.490021   -1.473462   -1.461738
    0.201411    0.228614    0.310399    0.318064    0.350315    0.373271    0.378204    0.387847
    0.409262    0.422198    0.454090    0.483949    0.957583    0.994446    1.100733    1.104514
    1.129433    1.137435    1.265161    1.292601    1.514979    1.541303    1.550310    1.575495
    1.866266    1.877057    1.897982    1.906754    2.008760    2.037232    2.068978    2.087267
    2.226507    2.259355    2.333754    2.362293    2.748527    2.772375    2.838044    2.863398
    3.003451    3.027948    3.093163    3.132885
at   0.28125   0.09375   0.28125    0.001953
   52 eigenvalues :
   -2.810644   -2.725527   -1.591008   -1.574889   -1.546875   -1.492264   -1.476451   -1.463531
    0.265913    0.286064    0.296282    0.324340    0.341289    0.349053    0.389384    0.391971
    0.467623    0.470429    0.619689    0.670350    0.695098    0.741064    0.752472    0.793496
    0.951884    0.985304    1.555293    1.574024    1.600060    1.619567    1.885567    1.887350
    1.907433    1.912940    1.983655    2.006859    2.040649    2.057471    2.085674    2.122783
    2.340310    2.370239    2.432652    2.458681    2.571549    2.612981    2.632491    2.665315
    2.667693    2.692913    2.953219    2.982235
at   0.21875   0.09375   0.28125    0.001953
   52 eigenvalues :
   -2.810735   -2.725625   -1.591074   -1.574405   -1.546677   -1.492448   -1.475737   -1.463302
    0.261464    0.280510    0.302208    0.314437    0.339797    0.353672    0.387133    0.392484
    0.465038    0.470983    0.556609    0.613923    0.733548    0.778158    0.809671    0.847681
    0.961098    0.994134    1.517616    1.536001    1.633477    1.653996    1.791432    1.816351
    1.849137    1.871468    2.050530    2.058448    2.080498    2.086215    2.100460    2.121147
    2.263495    2.292141    2.424454    2.452087    2.565131    2.605575    2.678396    2.711096
    2.758862    2.787238    2.927591    2.956842
at   0.15625   0.09375   0.28125    0.001953
   52 eigenvalues :
   -2.810908   -2.725810   -1.590993   -1.573732   -1.546233   -1.492457   -1.474854   -1.462757
    0.248885    0.280269    0.294898    0.307578    0.343282    0.358022    0.384918    0.391500
    0.462477    0.469909    0.501934    0.566408    0.759922    0.803880    0.899861    0.934006
    0.981743    1.014664    1.475048    1.493594    1.658817    1.680975    1.709024    1.736310
    1.797011    1.817600    1.988257    2.022324    2.064644    2.089767    2.159807    2.181863
    2.320690    2.344378    2.417266    2.448045    2.532444    2.571098    2.679437    2.710348
    2.843656    2.871110    2.895686    2.926444
at  -0.09375   0.09375   0.28125    0.000977
   52 eigenvalues :
   -2.811854   -2.726818   -1.588674   -1.571323   -1.544375   -1.489736   -1.472080   -1.461002
    0.184927    0.211210    0.305486    0.314713    0.362374    0.374777    0.376001    0.380943
    0.397734    0.436437    0.456873    0.474480    0.940358    0.977644    1.121782    1.143490
    1.171131    1.206559    1.381931    1.408745    1.423513    1.451041    1.496478    1.522514
    1.827189    1.849781    1.922420    1.953767    2.049593    2.059970    2.071175    2.092518
    2.172766    2.206046    2.367867    2.393841    2.681516    2.709037    2.862472    2.890164
    2.909464    2.940141    3.046489    3.081167
at  -0.09375   0.15625   0.21875    0.001953
   52 eigenvalues :
   -2.811963   -2.726934   -1.588213   -1.571225   -1.544160   -1.489132   -1.472050   -1.460848
    0.178517    0.203402    0.311379    0.315793    0.354002    0.372344    0.378485    0.384156
    0.399901    0.426896    0.448682    0.476594    1.003513    1.037956    1.078781    1.109026
    1.214247    1.242708    1.299407    1.327117    1.448393    1.474307    1.540315    1.566817
    1.849630    1.881913    1.898627    1.920208    1.982495    2.005487    2.027647    2.061331
    2.215208    2.246143    2.295854    2.325052    2.723003    2.747086    2.922616    2.939351
    2.948991    2.972214    3.060189    3.093195
at  -0.09375   0.21875   0.15625    0.001953
   52 eigenvalues :
   -2.811963   -2.726934   -1.588118   -1.571427   -1.544038   -1.488971   -1.472443   -1.460631
    0.178518    0.203402    0.311369    0.315800    0.354025    0.372323    0.378472    0.384170
    0.399877    0.426950    0.448645    0.476601    1.003514    1.037954    1.078780    1.109028
    1.214244    1.242712    1.299406    1.327117    1.448393    1.474307    1.540314    1.566817
    1.849630    1.881914    1.898627    1.920209    1.982498    2.005479    2.027654    2.061330
    2.215206    2.246144    2.295855    2.325052    2.723003    2.747085    2.922610    2.939373
    2.948973    2.972216    3.060189    3.093195
at  -0.09375   0.28125   0.09375    0.001953
   52 eigenvalues :
   -2.811854   -2.726818   -1.588404   -1.571892   -1.544034   -1.489285   -1.473157   -1.460417
    0.184927    0.211210    0.305471    0.314726    0.362478    0.374407    0.376346    0.380819
    0.397758    0.436530    0.456769    0.474515    0.940359    0.977643    1.121771    1.143517
    1.171109    1.206565    1.381931    1.408747    1.423507    1.451045    1.496476    1.522515
    1.827189    1.849781    1.922419    1.953768    2.049649    2.059823    2.071283    2.092503
    2.172762    2.206049    2.367867    2.393840    2.681516    2.709036    2.862469    2.890173
    2.909457    2.940142    3.046489    3.081167
at   0.34375   0.03125   0.28125    0.001953
   52 eigenvalues :
   -2.810550   -2.725429   -1.591225   -1.575215   -1.546794   -1.492442   -1.477071   -1.463169
    0.264161    0.285979    0.298738    0.322281    0.342347    0.350608    0.387353    0.392163
    0.464979    0.470155    0.615082    0.665044    0.675539    0.723796    0.755581    0.796588
    1.048298    1.079903    1.469442    1.489845    1.514180    1.534272    1.882234    1.908018
    1.939952    1.973828    1.983451    1.997110    2.004079    2.026919    2.146013    2.163030
    2.342628    2.373226    2.407745    2.434209    2.597921    2.628058    2.639729    2.667076
    2.676119    2.700306    2.947826    2.976817
at   0.28125   0.03125   0.28125    0.001953
   52 eigenvalues :
   -2.810613   -2.725496   -1.591283   -1.574772   -1.546770   -1.492598   -1.476388   -1.463190
    0.261979    0.283479    0.301173    0.317102    0.339651    0.354783    0.384845    0.393466
    0.462180    0.471504    0.567825    0.623282    0.725323    0.769675    0.770895    0.810346
    1.052073    1.083420    1.451047    1.471227    1.534378    1.555206    1.868383    1.882070
    1.891024    1.908842    1.942382    1.979167    2.098298    2.121714    2.132153    2.150992
    2.314020    2.342800    2.405017    2.430779    2.599204    2.633162    2.651605    2.692233
    2.719037    2.745004    2.899550    2.927935
at   0.21875   0.03125   0.28125    0.001953
   52 eigenvalues :
   -2.810795   -2.725691   -1.591150   -1.574047   -1.546419   -1.492561   -1.475362   -1.462849
    0.252075    0.282771    0.299467    0.305075    0.342542    0.359116    0.381265    0.394123
    0.458122    0.472183    0.509512    0.572292    0.764902    0.808355    0.839169    0.876390
    1.063753    1.094533    1.423888    1.444368    1.564764    1.586625    1.761054    1.786798
    1.862614    1.886974    1.931083    1.966391    2.071760    2.094758    2.194689    2.217002
    2.352461    2.369643    2.377190    2.398138    2.567430    2.603572    2.691380    2.726272
    2.799965    2.824779    2.826441    2.854621
at  -0.03125   0.03125   0.28125    0.000977
   52 eigenvalues :
   -2.812037   -2.727011   -1.588405   -1.570925   -1.543884   -1.489495   -1.471629   -1.460408
    0.175720    0.201738    0.298785    0.317472    0.366770    0.373605    0.377486    0.382422
    0.388762    0.448724    0.458574    0.466186    0.931636    0.969194    1.132723    1.151934
    1.242069    1.277738    1.342190    1.369634    1.435245    1.466268    1.520884    1.542739
    1.721571    1.743579    1.970104    2.000649    2.061650    2.081358    2.110035    2.130281
    2.146014    2.164766    2.423719    2.445950    2.608047    2.641788    2.851019    2.880987
    2.917816    2.947213    3.014735    3.047752
at  -0.03125   0.09375   0.21875    0.001953
   52 eigenvalues :
   -2.812234   -2.727221   -1.587733   -1.570656   -1.543458   -1.488663   -1.471398   -1.460041
    0.164737    0.189084    0.304510    0.313862    0.366553    0.373314    0.375031    0.379667
    0.391299    0.441866    0.450904    0.468653    0.990813    1.025521    1.120167    1.145081
    1.247671    1.278631    1.340770    1.367226    1.461134    1.485312    1.498235    1.527700
    1.778013    1.798591    1.885063    1.917053    1.982221    2.006631    2.081200    2.115251
    2.174483    2.205406    2.389050    2.417142    2.647751    2.675311    2.838604    2.870321
    2.914412    2.949161    3.015581    3.045647
at  -0.03125   0.15625   0.15625    0.001953
   52 eigenvalues :
   -2.812304   -2.727295   -1.587403   -1.570746   -1.543202   -1.488229   -1.471640   -1.459748
    0.160945    0.184757    0.309377    0.309683    0.363991    0.372805    0.377207    0.378713
    0.392522    0.438505    0.448840    0.469835    1.041042    1.072136    1.075982    1.106329
    1.282113    1.302965    1.314850    1.324040    1.448153    1.472129    1.550464    1.580490
    1.820200    1.821997    1.838130    1.854472    1.928172    1.956414    2.078826    2.112140
    2.221841    2.251378    2.341778    2.372549    2.674833    2.700087    2.870753    2.871850
    2.898142    2.910912    3.039429    3.075854
at  -0.03125   0.21875   0.09375    0.001953
   52 eigenvalues :
   -2.812234   -2.727221   -1.587483   -1.571180   -1.543140   -1.488287   -1.472313   -1.459546
    0.164737    0.189084    0.304497    0.313874    0.366687    0.372914    0.375500    0.379375
    0.391385    0.441910    0.450854    0.468662    0.990814    1.025519    1.120166    1.145083
    1.247667    1.278634    1.340770    1.367225    1.461138    1.485298    1.498247    1.527698
    1.778013    1.798591    1.885062    1.917053    1.982221    2.006630    2.081199    2.115256
    2.174475    2.205409    2.389050    2.417142    2.647752    2.675310    2.838603    2.870324
    2.914409    2.949162    3.015581    3.045647
at  -0.03125   0.28125   0.03125    0.001953
   52 eigenvalues :
   -2.812037   -2.727011   -1.587948   -1.571881   -1.543308   -1.488809   -1.473259   -1.459541
    0.175720    0.201737    0.298773    0.317482    0.366992    0.373364    0.377566    0.382166
    0.388949    0.448825    0.458420    0.466248    0.931637    0.969193    1.132720    1.151939
    1.242064    1.277741    1.342188    1.369636    1.435248    1.466261    1.520891    1.542735
    1.721571    1.743579    1.970104    2.000650    2.061658    2.081340    2.109996    2.130478
    2.145805    2.164827    2.423719    2.445950    2.608047    2.641787    2.851017    2.880991
    2.917814    2.947214    3.014735    3.047753
at   0.34375  -0.03125   0.28125    0.001953
   52 eigenvalues :
   -2.810434   -2.725309   -1.591563   -1.575294   -1.546951   -1.492829   -1.477161   -1.463228
    0.263704    0.284740    0.299960    0.318613    0.342415    0.354076    0.382742    0.396260
    0.459246    0.473730    0.581151    0.633608    0.695748    0.743283    0.776025    0.815905
    1.146369    1.176066    1.375652    1.398316    1.448245    1.469706    1.815854    1.851917
    1.859431    1.886692    1.974754    2.000180    2.099477    2.122836    2.239171    2.259269
    2.352401    2.381644    2.413881    2.438964    2.543901    2.575773    2.676313    2.704523
    2.711476    2.745926    2.907701    2.935533
at   0.28125  -0.03125   0.28125    0.001953
   52 eigenvalues :
   -2.810588   -2.725472   -1.591441   -1.574610   -1.546773   -1.492780   -1.476185   -1.463113
    0.258130    0.282140    0.304737    0.306989    0.339501    0.362541    0.377857    0.397032
    0.453811    0.474488    0.524132    0.583752    0.765852    0.798216    0.809731    0.837206
    1.151732    1.180948    1.353418    1.375821    1.474706    1.497770    1.825026    1.832805
    1.856379    1.860201    1.880290    1.910168    2.148159    2.170412    2.222793    2.246433
    2.360805    2.385807    2.409007    2.434405    2.505141    2.538773    2.760615    2.772351
    2.798136    2.799612    2.799809    2.825662
at   0.03125  -0.03125   0.28125    0.000977
   52 eigenvalues :
   -2.812037   -2.727011   -1.588405   -1.570925   -1.543884   -1.489495   -1.471629   -1.460408
    0.175720    0.201738    0.298785    0.317472    0.366770    0.373605    0.377486    0.382422
    0.388762    0.448724    0.458574    0.466186    0.931636    0.969194    1.132723    1.151934
    1.242069    1.277738    1.342190    1.369634    1.435245    1.466268    1.520884    1.542739
    1.721571    1.743579    1.970104    2.000649    2.061650    2.081358    2.110035    2.130281
    2.146014    2.164766    2.423719    2.445950    2.608047    2.641788    2.851019    2.880987
    2.917816    2.947213    3.014735    3.047752
at   0.03125   0.03125   0.21875    0.001953
   52 eigenvalues :
   -2.812329   -2.727321   -1.587571   -1.570458   -1.543206   -1.488510   -1.471169   -1.459749
    0.159890    0.184107    0.301426    0.313931    0.369452    0.374243    0.376003    0.379504
    0.385939    0.449896    0.452119    0.463122    0.986507    1.021335    1.139881    1.161102
    1.260338    1.297838    1.326150    1.347214    1.477732    1.510295    1.523960    1.545794
    1.704683    1.726220    1.905961    1.937943    1.972556    1.997344    2.114431    2.145491
    2.148870    2.176986    2.497755    2.520650    2.548941    2.583950    2.803269    2.834290
    2.915342    2.953393    2.989972    3.019730
at   0.03125   0.09375   0.15625    0.001953
   52 eigenvalues :
   -2.812488   -2.727490   -1.587024   -1.570377   -1.542737   -1.487849   -1.471193   -1.459258
    0.151517    0.174918    0.304555    0.308876    0.371605    0.373299    0.375975    0.377362
    0.385915    0.449173    0.450346    0.462985    1.044461    1.075772    1.110497    1.136979
    1.234593    1.271023    1.337560    1.354111    1.522748    1.545839    1.562979    1.595775
    1.722078    1.742362    1.805041    1.837531    1.896184    1.923926    2.130611    2.162603
    2.190388    2.220347    2.468595    2.500797    2.607005    2.634121    2.776226    2.805809
    2.834755    2.873456    2.990781    3.023165
at   0.03125   0.15625   0.09375    0.001953
   52 eigenvalues :
   -2.812488   -2.727490   -1.586866   -1.570706   -1.542535   -1.487640   -1.471715   -1.458977
    0.151517    0.174918    0.304545    0.308885    0.371622    0.373590    0.375790    0.377141
    0.386014    0.448974    0.450566    0.462964    1.044463    1.075765    1.110504    1.136977
    1.234591    1.271025    1.337560    1.354111    1.522750    1.545833    1.562984    1.595774
    1.722077    1.742362    1.805041    1.837531    1.896184    1.923925    2.130608    2.162613
    2.190377    2.220351    2.468596    2.500796    2.607008    2.634119    2.776225    2.805812
    2.834752    2.873456    2.990781    3.023165
at   0.03125   0.21875   0.03125    0.001953
   52 eigenvalues :
   -2.812329   -2.727321   -1.587121   -1.571389   -1.542636   -1.487916   -1.472629   -1.458970
    0.159891    0.184106    0.301415    0.313939    0.369663    0.374206    0.376135    0.378930
    0.386207    0.449656    0.452424    0.463060    0.986508    1.021333    1.139881    1.161104
    1.260333    1.297843    1.326150    1.347214    1.477737    1.510255    1.524004    1.545784
    1.704683    1.726220    1.905961    1.937942    1.972557    1.997343    2.114418    2.145840
    2.148515    2.177006    2.497759    2.520641    2.548950    2.583947    2.803268    2.834291
    2.915341    2.953393    2.989971    3.019730
at   0.03125   0.28125  -0.03125    0.001953
   52 eigenvalues :
   -2.812037   -2.727011   -1.587739   -1.572303   -1.543042   -1.488618   -1.473756   -1.459286
    0.175720    0.201737    0.298772    0.317478    0.367083    0.373131    0.377797    0.382141
    0.388881    0.448743    0.458627    0.466131    0.931636    0.969193    1.132722    1.151936
    1.242063    1.277743    1.342188    1.369637    1.435243    1.466264    1.520892    1.542735
    1.721571    1.743579    1.970104    2.000650    2.061658    2.081340    2.110008    2.130432
    2.145851    2.164814    2.423719    2.445950    2.608047    2.641788    2.851019    2.880988
    2.917816    2.947213    3.014735    3.047752
at  -0.28125   0.59375   0.09375    0.001953
   52 eigenvalues :
   -2.810228   -2.725093   -1.591815   -1.575887   -1.547222   -1.493074   -1.477862   -1.463521
    0.261890    0.293069    0.293992    0.315682    0.344940    0.357324    0.378830    0.403866
    0.454047    0.481349    0.584259    0.633758    0.682428    0.731830    0.801539    0.840177
    1.201688    1.228320    1.336223    1.364085    1.376047    1.398227    1.705815    1.742699
    1.827872    1.855487    2.048747    2.077007    2.113863    2.135448    2.337387    2.350372
    2.357689    2.382681    2.486245    2.507931    2.523891    2.557077    2.603166    2.629763
    2.767089    2.796759    2.926045    2.954269
at   0.34375  -0.09375   0.28125    0.001953
   52 eigenvalues :
   -2.810318   -2.725188   -1.591804   -1.575320   -1.547256   -1.493097   -1.477087   -1.463606
    0.261400    0.283272    0.304018    0.311932    0.338879    0.365475    0.376132    0.402614
    0.451056    0.479850    0.544582    0.599505    0.733116    0.778427    0.809151    0.847869
    1.207844    1.234545    1.299411    1.325034    1.411163    1.436053    1.716025    1.752248
    1.826428    1.853282    1.949456    1.976601    2.208603    2.232296    2.263789    2.289018
    2.395628    2.418633    2.430593    2.460821    2.498641    2.526337    2.715960    2.743428
    2.796472    2.808386    2.827076    2.834484
at   0.09375  -0.09375   0.28125    0.000977
   52 eigenvalues :
   -2.811854   -2.726818   -1.588674   -1.571323   -1.544375   -1.489736   -1.472080   -1.461002
    0.184927    0.211210    0.305486    0.314713    0.362374    0.374777    0.376001    0.380943
    0.397734    0.436437    0.456873    0.474480    0.940358    0.977644    1.121782    1.143490
    1.171131    1.206559    1.381931    1.408745    1.423513    1.451041    1.496478    1.522514
    1.827189    1.849781    1.922420    1.953767    2.049593    2.059970    2.071175    2.092518
    2.172766    2.206046    2.367867    2.393841    2.681516    2.709037    2.862472    2.890164
    2.909464    2.940141    3.046489    3.081167
at   0.09375  -0.03125   0.21875    0.001953
   52 eigenvalues :
   -2.812234   -2.727221   -1.587733   -1.570656   -1.543458   -1.488663   -1.471398   -1.460041
    0.164737    0.189084    0.304510    0.313862    0.366553    0.373314    0.375031    0.379667
    0.391299    0.441866    0.450904    0.468653    0.990813    1.025521    1.120167    1.145081
    1.247671    1.278631    1.340770    1.367226    1.461134    1.485312    1.498235    1.527700
    1.778013    1.798591    1.885063    1.917053    1.982221    2.006631    2.081200    2.115251
    2.174483    2.205406    2.389050    2.417142    2.647751    2.675311    2.838604    2.870321
    2.914412    2.949161    3.015581    3.045647
at   0.09375   0.03125   0.15625    0.001953
   52 eigenvalues :
   -2.812488   -2.727490   -1.587024   -1.570377   -1.542737   -1.487849   -1.471193   -1.459258
    0.151517    0.174918    0.304555    0.308876    0.371605    0.373299    0.375975    0.377362
    0.385915    0.449173    0.450346    0.462985    1.044461    1.075772    1.110497    1.136979
    1.234593    1.271023    1.337560    1.354111    1.522748    1.545839    1.562979    1.595775
    1.722078    1.742362    1.805041    1.837531    1.896184    1.923926    2.130611    2.162603
    2.190388    2.220347    2.468595    2.500797    2.607005    2.634121    2.776226    2.805809
    2.834755    2.873456    2.990781    3.023165
at   0.09375   0.09375   0.09375    0.001953
   52 eigenvalues :
   -2.812577   -2.727584   -1.586650   -1.570540   -1.542322   -1.487417   -1.471497   -1.458781
    0.146937    0.170055    0.305484    0.305764    0.372610    0.373273    0.376341    0.380460
    0.381117    0.449881    0.456372    0.457444    1.089347    1.090774    1.117147    1.118547
    1.202713    1.241721    1.347377    1.361538    1.589735    1.592132    1.615432    1.617577
    1.715344    1.715700    1.744847    1.745363    1.863174    1.891612    2.172921    2.174278
    2.203658    2.205019    2.508403    2.542613    2.664505    2.665637    2.692364    2.693508
    2.798112    2.837788    2.984761    3.017896
at   0.09375   0.15625   0.03125    0.001953
   52 eigenvalues :
   -2.812488   -2.727490   -1.586660   -1.571125   -1.542275   -1.487428   -1.472262   -1.458689
    0.151518    0.174918    0.304545    0.308882    0.371604    0.373986    0.375604    0.376894
    0.386069    0.448584    0.451022    0.462900    1.044464    1.075760    1.110513    1.136972
    1.234590    1.271026    1.337559    1.354111    1.522752    1.545829    1.562985    1.595775
    1.722078    1.742362    1.805041    1.837531    1.896184    1.923925    2.130608    2.162614
    2.190376    2.220351    2.468597    2.500795    2.607007    2.634121    2.776226    2.805809
    2.834755    2.873456    2.990781    3.023165
at   0.09375   0.21875  -0.03125    0.001953
   52 eigenvalues :
   -2.812234   -2.727221   -1.587061   -1.572032   -1.542609   -1.487888   -1.473357   -1.459002
    0.164738    0.189084    0.304497    0.313865    0.366721    0.373178    0.375334    0.379228
    0.391398    0.441801    0.451033    0.468603    0.990813    1.025520    1.120169    1.145080
    1.247666    1.278638    1.340765    1.367230    1.461140    1.485277    1.498265    1.527697
    1.778014    1.798591    1.885063    1.917052    1.982222    2.006630    2.081200    2.115253
    2.174478    2.205408    2.389051    2.417142    2.647751    2.675311    2.838605    2.870320
    2.914412    2.949161    3.015581    3.045647
at   0.09375   0.28125  -0.09375    0.001953
   52 eigenvalues :
   -2.811854   -2.726818   -1.587803   -1.573106   -1.543275   -1.488732   -1.474604   -1.459670
    0.184928    0.211210    0.305467    0.314718    0.362535    0.374381    0.376556    0.380598
    0.397729    0.436485    0.456906    0.474445    0.940358    0.977645    1.121782    1.143493
    1.171122    1.206565    1.381917    1.408800    1.423457    1.451055    1.496476    1.522515
    1.827189    1.849780    1.922420    1.953767    2.049651    2.059823    2.071282    2.092501
    2.172764    2.206048    2.367867    2.393840    2.681516    2.709037    2.862471    2.890165
    2.909464    2.940141    3.046489    3.081167
at  -0.28125   0.53125   0.15625    0.001953
   52 eigenvalues :
   -2.810029   -2.724883   -1.592156   -1.576083   -1.547797   -1.493446   -1.477917   -1.464283
    0.258028    0.282710    0.310605    0.311250    0.335327    0.372571    0.377438    0.412494
    0.446730    0.490958    0.569140    0.617925    0.701268    0.748478    0.837913    0.875224
    1.150493    1.178036    1.301219    1.325881    1.406916    1.436661    1.630483    1.665743
    1.797979    1.825744    2.028751    2.056795    2.211072    2.235127    2.331757    2.358822
    2.406075    2.433490    2.442681    2.468612    2.599703    2.627974    2.638065    2.663117
    2.812618    2.838528    2.857326    2.883349
at   0.15625  -0.15625   0.28125    0.000977
   52 eigenvalues :
   -2.811515   -2.726458   -1.589215   -1.572065   -1.545250   -1.490246   -1.472916   -1.462042
    0.201411    0.228614    0.310394    0.318080    0.350278    0.373146    0.378461    0.387706
    0.409461    0.421977    0.454161    0.483934    0.957582    0.994446    1.100961    1.104234
    1.129559    1.137360    1.265162    1.292601    1.514980    1.541299    1.550312    1.575495
    1.866295    1.877000    1.898042    1.906722    2.008759    2.037235    2.068974    2.087269
    2.226507    2.259354    2.333754    2.362293    2.748527    2.772375    2.838045    2.863398
    3.003451    3.027948    3.093163    3.132885
at   0.15625  -0.09375   0.21875    0.001953
   52 eigenvalues :
   -2.811963   -2.726934   -1.588213   -1.571225   -1.544160   -1.489132   -1.472050   -1.460848
    0.178517    0.203402    0.311379    0.315793    0.354002    0.372344    0.378485    0.384156
    0.399901    0.426896    0.448682    0.476594    1.003513    1.037956    1.078781    1.109026
    1.214247    1.242708    1.299407    1.327117    1.448393    1.474307    1.540315    1.566817
    1.849630    1.881913    1.898627    1.920208    1.982495    2.005487    2.027647    2.061331
    2.215208    2.246143    2.295854    2.325052    2.723003    2.747086    2.922616    2.939351
    2.948991    2.972214    3.060189    3.093195
at   0.15625  -0.03125   0.15625    0.001953
   52 eigenvalues :
   -2.812304   -2.727295   -1.587403   -1.570746   -1.543202   -1.488229   -1.471640   -1.459748
    0.160945    0.184757    0.309377    0.309683    0.363991    0.372805    0.377207    0.378713
    0.392522    0.438505    0.448840    0.469835    1.041042    1.072136    1.075982    1.106329
    1.282113    1.302965    1.314850    1.324040    1.448153    1.472129    1.550464    1.580490
    1.820200    1.821997    1.838130    1.854472    1.928172    1.956414    2.078826    2.112140
    2.221841    2.251378    2.341778    2.372549    2.674833    2.700087    2.870753    2.871850
    2.898142    2.910912    3.039429    3.075854
at   0.15625   0.03125   0.09375    0.001953
   52 eigenvalues :
   -2.812488   -2.727490   -1.586866   -1.570706   -1.542535   -1.487640   -1.471715   -1.458977
    0.151517    0.174918    0.304545    0.308885    0.371622    0.373590    0.375790    0.377141
    0.386014    0.448974    0.450566    0.462964    1.044463    1.075765    1.110504    1.136977
    1.234591    1.271025    1.337560    1.354111    1.522750    1.545833    1.562984    1.595774
    1.722077    1.742362    1.805041    1.837531    1.896184    1.923925    2.130608    2.162613
    2.190377    2.220351    2.468596    2.500796    2.607008    2.634119    2.776225    2.805812
    2.834752    2.873456    2.990781    3.023165
at   0.15625   0.09375   0.03125    0.001953
   52 eigenvalues :
   -2.812488   -2.727490   -1.586660   -1.571125   -1.542275   -1.487428   -1.472262   -1.458689
    0.151518    0.174918    0.304545    0.308882    0.371604    0.373986    0.375604    0.376894
    0.386069    0.448584    0.451022    0.462900    1.044464    1.075760    1.110513    1.136972
    1.234590    1.271026    1.337559    1.354111    1.522752    1.545829    1.562985    1.595775
    1.722078    1.742362    1.805041    1.837531    1.896184    1.923925    2.130608    2.162614
    2.190376    2.220351    2.468597    2.500795    2.607007    2.634121    2.776226    2.805809
    2.834755    2.873456    2.990781    3.023165
at   0.15625   0.15625  -0.03125    0.001953
   52 eigenvalues :
   -2.812304   -2.727295   -1.586814   -1.571942   -1.542461   -1.487623   -1.473207   -1.458920
    0.160946    0.184757    0.309407    0.309642    0.364018    0.373333    0.376607    0.378696
    0.392582    0.438421    0.448982    0.469789    1.041044    1.072056    1.076069    1.106321
    1.282084    1.303103    1.314662    1.324120    1.448156    1.472126    1.550463    1.580491
    1.820215    1.821980    1.838133    1.854472    1.928172    1.956413    2.078826    2.112139
    2.221841    2.251378    2.341779    2.372548    2.674833    2.700087    2.870887    2.871708
    2.898156    2.910906    3.039429    3.075854
at   0.15625   0.21875  -0.09375    0.001953
   52 eigenvalues :
   -2.811963   -2.726934   -1.587328   -1.573015   -1.543055   -1.488221   -1.474412   -1.459597
    0.178518    0.203402    0.311368    0.315779    0.354056    0.372743    0.378072    0.384075
    0.399914    0.426924    0.448737    0.476564    1.003511    1.037960    1.078779    1.109026
    1.214241    1.242721    1.299395    1.327123    1.448392    1.474310    1.540309    1.566821
    1.849630    1.881913    1.898628    1.920208    1.982499    2.005478    2.027655    2.061329
    2.215207    2.246145    2.295853    2.325053    2.723003    2.747085    2.922619    2.939339
    2.949002    2.972212    3.060189    3.093194
at   0.15625   0.28125  -0.15625    0.001953
   52 eigenvalues :
   -2.811515   -2.726458   -1.588171   -1.574171   -1.543953   -1.489171   -1.475699   -1.460570
    0.201412    0.228614    0.310375    0.318063    0.350350    0.373772    0.377766    0.387701
    0.409297    0.422187    0.454175    0.483911    0.957579    0.994452    1.100950    1.104238
    1.129557    1.137370    1.265156    1.292604    1.514966    1.541400    1.550210    1.575511
    1.866293    1.877005    1.898039    1.906722    2.008760    2.037232    2.068978    2.087268
    2.226506    2.259355    2.333753    2.362293    2.748527    2.772375    2.838044    2.863398
    3.003451    3.027948    3.093163    3.132885
at  -0.28125   0.53125   0.21875    0.001953
   52 eigenvalues :
   -2.809765   -2.724605   -1.592418   -1.576811   -1.548313   -1.493737   -1.478624   -1.465008
    0.253991    0.272805    0.308234    0.325348    0.330976    0.368747    0.399624    0.420722
    0.440950    0.501069    0.590702    0.634094    0.688390    0.735642    0.868294    0.903698
    1.076045    1.106870    1.260317    1.285573    1.416562    1.451633    1.627344    1.658092
    1.778806    1.806674    2.052829    2.081889    2.249566    2.274107    2.361996    2.391551
    2.405237    2.433685    2.447544    2.468894    2.612093    2.641779    2.760160    2.788510
    2.790089    2.814183    2.910766    2.936797
at  -0.28125   0.28125   0.21875    0.000977
   52 eigenvalues :
   -2.811067   -2.725984   -1.589990   -1.573042   -1.546330   -1.491029   -1.474016   -1.463286
    0.220866    0.250616    0.302885    0.334361    0.343454    0.366113    0.376159    0.404559
    0.414091    0.424261    0.452319    0.494590    0.980539    1.016964    1.036117    1.072760
    1.081911    1.111190    1.153252    1.181158    1.611294    1.624854    1.636688    1.649262
    1.786940    1.813051    1.819330    1.845073    2.009656    2.037259    2.172088    2.189170
    2.282819    2.315716    2.322426    2.352502    2.827853    2.834135    2.850957    2.856423
    3.024798    3.047753    3.050028    3.072665
at  -0.21875   0.28125   0.15625    0.001953
   52 eigenvalues :
   -2.811554   -2.726501   -1.588979   -1.572081   -1.545167   -1.489916   -1.473020   -1.461980
    0.198734    0.225094    0.311682    0.326163    0.342520    0.370853    0.377639    0.395691
    0.409717    0.414169    0.447385    0.484636    1.017225    1.038756    1.052309    1.072641
    1.162117    1.191881    1.200973    1.228649    1.523367    1.548930    1.587420    1.611836
    1.822891    1.855706    1.894501    1.926065    1.998733    2.027143    2.050977    2.067737
    2.254258    2.270921    2.286165    2.300951    2.781403    2.804364    2.947596    2.968979
    2.971654    2.993196    3.117120    3.148836
at  -0.15625   0.28125   0.09375    0.001953
   52 eigenvalues :
   -2.811963   -2.726934   -1.588118   -1.571427   -1.544038   -1.488971   -1.472443   -1.460631
    0.178518    0.203402    0.311369    0.315800    0.354025    0.372323    0.378472    0.384170
    0.399877    0.426950    0.448645    0.476601    1.003514    1.037954    1.078780    1.109028
    1.214244    1.242712    1.299406    1.327117    1.448393    1.474307    1.540314    1.566817
    1.849630    1.881914    1.898627    1.920209    1.982498    2.005479    2.027654    2.061330
    2.215206    2.246144    2.295855    2.325052    2.723003    2.747085    2.922610    2.939373
    2.948973    2.972216    3.060189    3.093195
at  -0.09375   0.28125   0.03125    0.001953
   52 eigenvalues :
   -2.812234   -2.727221   -1.587483   -1.571180   -1.543140   -1.488287   -1.472313   -1.459546
    0.164737    0.189084    0.304497    0.313874    0.366687    0.372914    0.375500    0.379375
    0.391385    0.441910    0.450854    0.468662    0.990814    1.025519    1.120166    1.145083
    1.247667    1.278634    1.340770    1.367225    1.461138    1.485298    1.498247    1.527698
    1.778013    1.798591    1.885062    1.917053    1.982221    2.006630    2.081199    2.115256
    2.174475    2.205409    2.389050    2.417142    2.647752    2.675310    2.838603    2.870324
    2.914409    2.949162    3.015581    3.045647
at  -0.03125   0.28125  -0.03125    0.001953
   52 eigenvalues :
   -2.812329   -2.727321   -1.587121   -1.571389   -1.542636   -1.487916   -1.472629   -1.458970
    0.159891    0.184106    0.301415    0.313939    0.369663    0.374206    0.376135    0.378930
    0.386207    0.449656    0.452424    0.463060    0.986508    1.021333    1.139881    1.161104
    1.260333    1.297843    1.326150    1.347214    1.477737    1.510255    1.524004    1.545784
    1.704683    1.726220    1.905961    1.937942    1.972557    1.997343    2.114418    2.145840
    2.148515    2.177006    2.497759    2.520641    2.548950    2.583947    2.803268    2.834291
    2.915341    2.953393    2.989971    3.019730
at   0.21875   0.09375  -0.03125    0.001953
   52 eigenvalues :
   -2.812234   -2.727221   -1.587061   -1.572032   -1.542609   -1.487888   -1.473357   -1.459002
    0.164738    0.189084    0.304497    0.313865    0.366721    0.373178    0.375334    0.379228
    0.391398    0.441801    0.451033    0.468603    0.990813    1.025520    1.120169    1.145080
    1.247666    1.278638    1.340765    1.367230    1.461140    1.485277    1.498265    1.527697
    1.778014    1.798591    1.885063    1.917052    1.982222    2.006630    2.081200    2.115253
    2.174478    2.205408    2.389051    2.417142    2.647751    2.675311    2.838605    2.870320
    2.914412    2.949161    3.015581    3.045647
at   0.21875   0.15625  -0.09375    0.001953
   52 eigenvalues :
   -2.811963   -2.726934   -1.587328   -1.573015   -1.543055   -1.488221   -1.474412   -1.459597
    0.178518    0.203402    0.311368    0.315779    0.354056    0.372743    0.378072    0.384075
    0.399914    0.426924    0.448737    0.476564    1.003511    1.037960    1.078779    1.109026
    1.214241    1.242721    1.299395    1.327123    1.448392    1.474310    1.540309    1.566821
    1.849630    1.881913    1.898628    1.920208    1.982499    2.005478    2.027655    2.061329
    2.215207    2.246145    2.295853    2.325053    2.723003    2.747085    2.922619    2.939339
    2.949002    2.972212    3.060189    3.093194
at   0.21875   0.21875  -0.15625    0.001953
   52 eigenvalues :
   -2.811554   -2.726501   -1.587930   -1.574174   -1.543883   -1.488915   -1.475648   -1.460593
    0.198735    0.225093    0.311669    0.326108    0.342605    0.371340    0.377163    0.395521
    0.409590    0.414422    0.447426    0.484612    1.017177    1.038931    1.052146    1.072677
    1.162103    1.191977    1.200874    1.228664    1.523360    1.548947    1.587400    1.611844
    1.822891    1.855706    1.894504    1.926063    1.998734    2.027143    2.050978    2.067737
    2.254248    2.270953    2.286131    2.300963    2.781403    2.804364    2.947599    2.968948
    2.971685    2.993194    3.117120    3.148836
at   0.21875   0.28125  -0.21875    0.001953
   52 eigenvalues :
   -2.811067   -2.725984   -1.588850   -1.575311   -1.544945   -1.489938   -1.476879   -1.461770
    0.220868    0.250615    0.302869    0.334245    0.343601    0.366481    0.375785    0.404385
    0.414026    0.424508    0.452321    0.494571    0.980503    1.017132    1.035943    1.072835
    1.081880    1.111188    1.153248    1.181161    1.611213    1.625135    1.636396    1.649353
    1.786944    1.813051    1.819327    1.845073    2.009656    2.037259    2.172088    2.189171
    2.282816    2.315741    2.322400    2.352505    2.827850    2.834140    2.850951    2.856427
    3.024797    3.047785    3.049996    3.072667
at   0.28125   0.28125  -0.28125    0.000488
   52 eigenvalues :
   -2.810575   -2.725464   -1.589809   -1.576328   -1.546074   -1.490991   -1.477956   -1.463028
    0.237452    0.272347    0.289798    0.347201    0.348997    0.352427    0.379336    0.417710
    0.420387    0.446014    0.456501    0.509674    0.974597    0.980492    1.011507    1.017285
    1.048266    1.082015    1.095113    1.122110    1.671072    1.699992    1.704123    1.705084
    1.725275    1.728052    1.779181    1.811639    2.019182    2.047202    2.312227    2.327341
    2.338905    2.339828    2.372322    2.373247    2.781659    2.803337    2.930803    2.951695
    2.952757    2.952870    2.973592    2.974410
at   0.40625   0.40625  -0.28125    0.001953
   52 eigenvalues :
   -2.809293   -2.724108   -1.593123   -1.577719   -1.549505   -1.494499   -1.479418   -1.466539
    0.250831    0.250922    0.304791    0.306344    0.354644    0.398664    0.411917    0.424818
    0.475153    0.490952    0.657317    0.697181    0.732509    0.760265    0.770912    0.796560
    1.103892    1.134396    1.136537    1.165206    1.299268    1.336824    1.697239    1.726599
    1.919242    1.947870    2.052854    2.078428    2.181887    2.208779    2.388389    2.416144
    2.446243    2.477691    2.573241    2.599335    2.731651    2.740442    2.755055    2.762893
    2.819299    2.843298    2.894751    2.925297
at  -0.15625   0.46875   0.21875    0.001953
   52 eigenvalues :
   -2.810160   -2.725022   -1.591925   -1.576070   -1.547214   -1.493211   -1.478011   -1.463541
    0.247643    0.295611    0.300038    0.311089    0.346715    0.364330    0.378916    0.422058
    0.437037    0.502242    0.540496    0.587759    0.680458    0.731665    0.922902    0.957605
    1.086461    1.114040    1.360310    1.382846    1.453648    1.484351    1.606092    1.638547
    1.706164    1.737326    2.104318    2.135171    2.200717    2.222755    2.292324    2.312455
    2.329182    2.359490    2.499774    2.529893    2.588322    2.616661    2.715927    2.717000
    2.740218    2.742195    2.901898    2.929886
at  -0.03125   0.40625   0.21875    0.001953
   52 eigenvalues :
   -2.810505   -2.725384   -1.591442   -1.575379   -1.546497   -1.492671   -1.477401   -1.462610
    0.249309    0.287460    0.301766    0.313664    0.351176    0.363095    0.378904    0.401871
    0.454886    0.479296    0.546214    0.599292    0.678738    0.730468    0.851347    0.887396
    1.134232    1.162044    1.369079    1.394920    1.482674    1.503346    1.734302    1.761715
    1.822644    1.858953    2.031832    2.050470    2.097555    2.126883    2.287020    2.296656
    2.308867    2.328336    2.424734    2.445453    2.589230    2.621819    2.639139    2.669569
    2.686717    2.717032    2.961880    2.991390
at  -0.09375   0.40625   0.21875    0.001953
   52 eigenvalues :
   -2.810377   -2.725250   -1.591707   -1.575465   -1.546817   -1.492966   -1.477415   -1.462988
    0.247222    0.296121    0.298570    0.307443    0.354468    0.365051    0.371846    0.411752
    0.446004    0.489608    0.528101    0.581132    0.691238    0.741673    0.887762    0.923048
    1.148980    1.174717    1.363867    1.392074    1.426831    1.450036    1.683952    1.713549
    1.739400    1.773761    2.060159    2.085867    2.156575    2.180415    2.271670    2.297032
    2.335528    2.364684    2.484847    2.509087    2.573416    2.600870    2.638865    2.666791
    2.738843    2.767085    2.882306    2.910848
at   0.09375   0.34375   0.21875    0.001953
   52 eigenvalues :
   -2.810668   -2.725553   -1.590944   -1.575027   -1.546611   -1.492130   -1.476802   -1.463094
    0.261311    0.280084    0.307214    0.316341    0.339856    0.357854    0.388315    0.392431
    0.466362    0.470989    0.593563    0.644852    0.684584    0.733785    0.802786    0.840794
    0.955562    0.988649    1.528220    1.547295    1.624331    1.644212    1.801109    1.827491
    1.891648    1.909476    1.999842    2.025136    2.086210    2.117276    2.123470    2.135514
    2.294702    2.325697    2.402030    2.426380    2.546646    2.587256    2.631740    2.663282
    2.752634    2.783184    2.996324    3.025990
at   0.03125   0.34375   0.21875    0.001953
   52 eigenvalues :
   -2.810632   -2.725517   -1.591201   -1.574996   -1.546474   -1.492428   -1.476866   -1.462717
    0.253970    0.282220    0.306973    0.312467    0.343596    0.362289    0.384028    0.394701
    0.461206    0.472747    0.555638    0.610450    0.693383    0.742543    0.825329    0.862397
    1.052589    1.083345    1.437679    1.459206    1.553205    1.573604    1.770325    1.797141
    1.919655    1.945190    1.956632    1.986195    2.082234    2.108954    2.208024    2.229752
    2.301681    2.329875    2.372032    2.396702    2.598373    2.627691    2.634426    2.662362
    2.735382    2.764142    2.947473    2.976397
at  -0.03125   0.34375   0.21875    0.001953
   52 eigenvalues :
   -2.810601   -2.725486   -1.591362   -1.574882   -1.546474   -1.492612   -1.476730   -1.462632
    0.248736    0.286832    0.298471    0.311614    0.347904    0.364559    0.377413    0.400004
    0.453223    0.477377    0.517047    0.575951    0.721301    0.768591    0.858467    0.894706
    1.141018    1.168991    1.358960    1.383780    1.488778    1.510877    1.733050    1.760097
    1.824682    1.859478    1.962805    1.987796    2.134066    2.157666    2.244894    2.270946
    2.330322    2.356618    2.436852    2.459554    2.511447    2.543546    2.722830    2.741904
    2.752642    2.774915    2.838384    2.866222
at   0.21875   0.28125   0.21875    0.001953
   52 eigenvalues :
   -2.810678   -2.725562   -1.590658   -1.574973   -1.547063   -1.491835   -1.476379   -1.464095
    0.279079    0.280328    0.289629    0.336148    0.337179    0.343974    0.392217    0.392608
    0.470991    0.471439    0.670059    0.707751    0.716985    0.752971    0.762262    0.799506
    0.804205    0.835329    1.707667    1.723708    1.779449    1.789854    1.800626    1.804897
    1.836385    1.862226    1.892023    1.898561    1.917096    1.917858    2.356791    2.386422
    2.392520    2.418384    2.489591    2.499963    2.522989    2.531590    2.560092    2.593671
    2.604132    2.632593    2.996520    3.025731
at   0.15625   0.28125   0.21875    0.001953
   52 eigenvalues :
   -2.810696   -2.725582   -1.590771   -1.574898   -1.546834   -1.491971   -1.476423   -1.463631
    0.270743    0.279691    0.296997    0.326794    0.337983    0.349171    0.390615    0.392312
    0.469126    0.471061    0.612566    0.663999    0.712822    0.758188    0.789174    0.828181
    0.865941    0.901212    1.615221    1.632190    1.703862    1.723857    1.811586    1.828136
    1.833716    1.850664    1.967903    1.991736    2.007703    2.026298    2.204193    2.239367
    2.304853    2.335609    2.467015    2.493097    2.508777    2.549402    2.648043    2.679589
    2.707400    2.737939    2.988760    3.018287
at   0.09375   0.28125   0.21875    0.001953
   52 eigenvalues :
   -2.810735   -2.725625   -1.590933   -1.574691   -1.546515   -1.492181   -1.476306   -1.463014
    0.261467    0.280505    0.302207    0.314427    0.339822    0.353666    0.387186    0.392415
    0.465101    0.470931    0.556608    0.613923    0.733549    0.778157    0.809669    0.847683
    0.961096    0.994135    1.517615    1.536001    1.633477    1.653996    1.791432    1.816352
    1.849137    1.871468    2.050508    2.058491    2.080446    2.086229    2.100486    2.121139
    2.263495    2.292141    2.424454    2.452087    2.565132    2.605573    2.678397    2.711099
    2.758857    2.787240    2.927591    2.956842
at   0.03125   0.28125   0.21875    0.001953
   52 eigenvalues :
   -2.810795   -2.725691   -1.590990   -1.574379   -1.546228   -1.492263   -1.476007   -1.462521
    0.252077    0.282766    0.299459    0.305081    0.342563    0.359103    0.381275    0.394100
    0.458146    0.472169    0.509509    0.572293    0.764903    0.808353    0.839168    0.876391
    1.063752    1.094534    1.423888    1.444368    1.564765    1.586625    1.761053    1.786800
    1.862616    1.886970    1.931085    1.966391    2.071760    2.094759    2.194689    2.217002
    2.352461    2.369644    2.377189    2.398138    2.567430    2.603572    2.691380    2.726272
    2.799966    2.824741    2.826481    2.854619
at   0.21875   0.21875   0.21875    0.001953
   52 eigenvalues :
   -2.810707   -2.725593   -1.590699   -1.574854   -1.546925   -1.491906   -1.476260   -1.463864
    0.279173    0.279227    0.288401    0.337401    0.337497    0.338824    0.391596    0.392219
    0.470322    0.470948    0.615164    0.667259    0.766981    0.768616    0.808567    0.810318
    0.811193    0.846053    1.667174    1.681924    1.770065    1.770262    1.790494    1.790680
    1.801796    1.826735    1.955571    1.956012    1.976916    1.977356    2.279039    2.281438
    2.311328    2.313632    2.483244    2.525834    2.582684    2.583483    2.608966    2.609797
    2.685465    2.721359    2.995962    3.024953
at   0.15625   0.21875   0.21875    0.001953
   52 eigenvalues :
   -2.810793   -2.725685   -1.590762   -1.574518   -1.546559   -1.492032   -1.475922   -1.463272
    0.271687    0.279838    0.289087    0.323102    0.338577    0.342540    0.389407    0.391537
    0.467769    0.470136    0.555386    0.614188    0.784563    0.808898    0.825934    0.847131
    0.877905    0.912991    1.581077    1.596651    1.717475    1.738440    1.762732    1.785150
    1.801545    1.826409    2.027470    2.033277    2.048916    2.057378    2.140319    2.170859
    2.213292    2.242407    2.492290    2.530336    2.567308    2.599626    2.695641    2.723369
    2.777032    2.812521    2.925392    2.954031
at   0.09375   0.21875   0.21875    0.001953
   52 eigenvalues :
   -2.810928   -2.725830   -1.590711   -1.574029   -1.546091   -1.492021   -1.475414   -1.462570
    0.257441    0.281702    0.292967    0.301220    0.341229    0.349710    0.384948    0.391619
    0.462555    0.470012    0.505365    0.570321    0.812234    0.836928    0.852943    0.874199
    0.977930    1.010916    1.490682    1.507875    1.653027    1.674624    1.752157    1.776094
    1.814126    1.840198    1.974998    1.997965    2.008172    2.022285    2.175231    2.197021
    2.285431    2.309867    2.451408    2.483586    2.579403    2.619796    2.747918    2.777989
    2.780128    2.809473    2.820267    2.846157
at  -0.21875   0.21875   0.21875    0.000977
   52 eigenvalues :
   -2.811595   -2.726544   -1.588811   -1.571966   -1.545165   -1.489700   -1.472840   -1.462080
    0.195445    0.221182    0.319733    0.333576    0.333672    0.360866    0.386184    0.403464
    0.404055    0.410622    0.436597    0.485024    1.082594    1.091546    1.091551    1.111481
    1.128403    1.128486    1.146102    1.170893    1.576091    1.576092    1.600386    1.600387
    1.793740    1.827704    1.902001    1.935252    1.968266    1.994915    2.080508    2.094559
    2.227309    2.227309    2.259925    2.259925    2.889708    2.910063    2.974654    2.997760
    3.032862    3.032863    3.059847    3.059848
at   0.28125   0.15625   0.21875    0.001953
   52 eigenvalues :
   -2.810696   -2.725582   -1.590771   -1.574898   -1.546834   -1.491971   -1.476423   -1.463631
    0.270743    0.279691    0.296997    0.326794    0.337983    0.349171    0.390615    0.392312
    0.469126    0.471061    0.612566    0.663999    0.712822    0.758188    0.789174    0.828181
    0.865941    0.901212    1.615221    1.632190    1.703862    1.723857    1.811586    1.828136
    1.833716    1.850664    1.967903    1.991736    2.007703    2.026298    2.204193    2.239367
    2.304853    2.335609    2.467015    2.493097    2.508777    2.549402    2.648043    2.679589
    2.707400    2.737939    2.988760    3.018287
at   0.21875   0.15625   0.21875    0.001953
   52 eigenvalues :
   -2.810793   -2.725685   -1.590762   -1.574518   -1.546559   -1.492032   -1.475922   -1.463272
    0.271687    0.279838    0.289087    0.323102    0.338577    0.342540    0.389407    0.391537
    0.467769    0.470136    0.555386    0.614188    0.784563    0.808898    0.825934    0.847131
    0.877905    0.912991    1.581077    1.596651    1.717475    1.738440    1.762732    1.785150
    1.801545    1.826409    2.027470    2.033277    2.048916    2.057378    2.140319    2.170859
    2.213292    2.242407    2.492290    2.530336    2.567308    2.599626    2.695641    2.723369
    2.777032    2.812521    2.925392    2.954031
at   0.15625   0.15625   0.21875    0.001953
   52 eigenvalues :
   -2.810975   -2.725880   -1.590607   -1.573899   -1.546046   -1.491936   -1.475176   -1.462613
    0.261630    0.279932    0.287394    0.302302    0.342079    0.344277    0.387255    0.390045
    0.465256    0.468390    0.504088    0.569766    0.818633    0.858296    0.882123    0.911879
    0.918229    0.947311    1.522278    1.537524    1.714262    1.737999    1.741906    1.763060
    1.770703    1.796753    1.967960    1.983423    1.999078    2.009705    2.185220    2.208225
    2.250921    2.274812    2.519205    2.560047    2.561476    2.592810    2.733712    2.766632
    2.797549    2.825927    2.876044    2.901544
at  -0.15625   0.15625   0.21875    0.000977
   52 eigenvalues :
   -2.812077   -2.727055   -1.587804   -1.570985   -1.544010   -1.488611   -1.471759   -1.460820
    0.170526    0.194532    0.322627    0.323993    0.342336    0.357810    0.390725    0.394062
    0.401695    0.413204    0.432992    0.478303    1.066500    1.097902    1.141040    1.153297
    1.167561    1.188476    1.235337    1.263251    1.510401    1.520366    1.536326    1.545960
    1.822250    1.856210    1.947205    1.956780    1.968077    1.982202    2.009183    2.037951
    2.170997    2.203637    2.213383    2.244513    2.814189    2.835941    2.979743    3.002662
    3.009329    3.035509    3.150189    3.178358
at  -0.15625   0.21875   0.15625    0.001953
   52 eigenvalues :
   -2.812077   -2.727055   -1.587767   -1.571061   -1.543966   -1.488551   -1.471905   -1.460739
    0.170526    0.194532    0.322634    0.323980    0.342353    0.357800    0.390548    0.394435
    0.401379    0.413356    0.432959    0.478305    1.066501    1.097899    1.140989    1.153439
    1.167431    1.188520    1.235331    1.263253    1.510397    1.520375    1.536318    1.545963
    1.822249    1.856210    1.947205    1.956780    1.968078    1.982199    2.009185    2.037951
    2.170994    2.203643    2.213380    2.244513    2.814189    2.835940    2.979736    3.002703
    3.009291    3.035512    3.150189    3.178358
at   0.34375   0.09375   0.21875    0.001953
   52 eigenvalues :
   -2.810668   -2.725553   -1.590944   -1.575027   -1.546611   -1.492130   -1.476802   -1.463094
    0.261311    0.280084    0.307214    0.316341    0.339856    0.357854    0.388315    0.392431
    0.466362    0.470989    0.593563    0.644852    0.684584    0.733785    0.802786    0.840794
    0.955562    0.988649    1.528220    1.547295    1.624331    1.644212    1.801109    1.827491
    1.891648    1.909476    1.999842    2.025136    2.086210    2.117276    2.123470    2.135514
    2.294702    2.325697    2.402030    2.426380    2.546646    2.587256    2.631740    2.663282
    2.752634    2.783184    2.996324    3.025990
at   0.28125   0.09375   0.21875    0.001953
   52 eigenvalues :
   -2.810735   -2.725625   -1.590933   -1.574691   -1.546515   -1.492181   -1.476306   -1.463014
    0.261467    0.280505    0.302207    0.314427    0.339822    0.353666    0.387186    0.392415
    0.465101    0.470931    0.556608    0.613923    0.733549    0.778157    0.809669    0.847683
    0.961096    0.994135    1.517615    1.536001    1.633477    1.653996    1.791432    1.816352
    1.849137    1.871468    2.050508    2.058491    2.080446    2.086229    2.100486    2.121139
    2.263495    2.292141    2.424454    2.452087    2.565132    2.605573    2.678397    2.711099
    2.758857    2.787240    2.927591    2.956842
at   0.21875   0.09375   0.21875    0.001953
   52 eigenvalues :
   -2.810928   -2.725830   -1.590711   -1.574029   -1.546091   -1.492021   -1.475414   -1.462570
    0.257441    0.281702    0.292967    0.301220    0.341229    0.349710    0.384948    0.391619
    0.462555    0.470012    0.505365    0.570321    0.812234    0.836928    0.852943    0.874199
    0.977930    1.010916    1.490682    1.507875    1.653027    1.674624    1.752157    1.776094
    1.814126    1.840198    1.974998    1.997965    2.008172    2.022285    2.175231    2.197021
    2.285431    2.309867    2.451408    2.483586    2.579403    2.619796    2.747918    2.777989
    2.780128    2.809473    2.820267    2.846157
at  -0.09375   0.09375   0.21875    0.000977
   52 eigenvalues :
   -2.812442   -2.727442   -1.587080   -1.570245   -1.543076   -1.487864   -1.470939   -1.459763
    0.151391    0.174771    0.313225    0.319532    0.358606    0.359744    0.383296    0.387177
    0.394053    0.431950    0.435005    0.471478    1.050041    1.082019    1.166591    1.188710
    1.218603    1.250984    1.355839    1.382092    1.436286    1.464536    1.472871    1.500191
    1.827409    1.845460    1.869789    1.903228    1.960207    1.987454    2.035677    2.066268
    2.114484    2.147710    2.298206    2.328813    2.720000    2.744075    2.879908    2.916025
    2.948859    2.985574    3.138866    3.170073
at  -0.09375   0.15625   0.15625    0.001953
   52 eigenvalues :
   -2.812515   -2.727520   -1.586797   -1.570202   -1.542887   -1.487500   -1.470955   -1.459580
    0.146827    0.169903    0.319434    0.320105    0.353963    0.354473    0.389119    0.389711
    0.395431    0.426391    0.429074    0.472662    1.096291    1.124369    1.142219    1.171787
    1.244508    1.270795    1.299609    1.328143    1.444126    1.471102    1.506667    1.534919
    1.829366    1.856329    1.863343    1.871799    1.939828    1.968074    2.019578    2.053082
    2.144550    2.176028    2.229587    2.261348    2.741696    2.765656    2.923834    2.957736
    2.963035    2.993120    3.165376    3.195332
at  -0.09375   0.21875   0.09375    0.001953
   52 eigenvalues :
   -2.812442   -2.727442   -1.586942   -1.570534   -1.542901   -1.487656   -1.471456   -1.459478
    0.151391    0.174771    0.313208    0.319551    0.358606    0.359754    0.383471    0.386832
    0.394215    0.431998    0.434953    0.471480    1.050042    1.082017    1.166584    1.188730
    1.218583    1.250992    1.355839    1.382092    1.436275    1.464588    1.472826    1.500194
    1.827409    1.845460    1.869789    1.903228    1.960207    1.987454    2.035675    2.066276
    2.114474    2.147715    2.298207    2.328813    2.720001    2.744074    2.879907    2.916030
    2.948853    2.985576    3.138866    3.170073
at   0.34375   0.03125   0.21875    0.001953
   52 eigenvalues :
   -2.810632   -2.725517   -1.591201   -1.574996   -1.546474   -1.492428   -1.476866   -1.462717
    0.253970    0.282220    0.306973    0.312467    0.343596    0.362289    0.384028    0.394701
    0.461206    0.472747    0.555638    0.610450    0.693383    0.742543    0.825329    0.862397
    1.052589    1.083345    1.437679    1.459206    1.553205    1.573604    1.770325    1.797141
    1.919655    1.945190    1.956632    1.986195    2.082234    2.108954    2.208024    2.229752
    2.301681    2.329875    2.372032    2.396702    2.598373    2.627691    2.634426    2.662362
    2.735382    2.764142    2.947473    2.976397
at   0.28125   0.03125   0.21875    0.001953
   52 eigenvalues :
   -2.810795   -2.725691   -1.590990   -1.574379   -1.546228   -1.492263   -1.476007   -1.462521
    0.252077    0.282766    0.299459    0.305081    0.342563    0.359103    0.381275    0.394100
    0.458146    0.472169    0.509509    0.572293    0.764903    0.808353    0.839168    0.876391
    1.063752    1.094534    1.423888    1.444368    1.564765    1.586625    1.761053    1.786800
    1.862616    1.886970    1.931085    1.966391    2.071760    2.094759    2.194689    2.217002
    2.352461    2.369644    2.377189    2.398138    2.567430    2.603572    2.691380    2.726272
    2.799966    2.824741    2.826481    2.854619
at  -0.03125   0.03125   0.21875    0.000977
   52 eigenvalues :
   -2.812638   -2.727650   -1.586711   -1.569848   -1.542553   -1.487494   -1.470498   -1.459158
    0.141148    0.164339    0.307067    0.318274    0.361396    0.370356    0.377492    0.385479
    0.387085    0.436837    0.446285    0.464228    1.041495    1.073761    1.182255    1.201460
    1.284542    1.311564    1.364478    1.398431    1.437824    1.465653    1.469728    1.487542
    1.720974    1.740983    1.916765    1.949384    1.984125    2.009852    2.016381    2.047301
    2.067109    2.101224    2.439807    2.470997    2.600816    2.627893    2.791375    2.826515
    2.923414    2.965693    3.107871    3.143896
at  -0.03125   0.09375   0.15625    0.001953
   52 eigenvalues :
   -2.812806   -2.727828   -1.586177   -1.569634   -1.542133   -1.486852   -1.470318   -1.458751
    0.131379    0.154120    0.312584    0.317783    0.355482    0.367034    0.382754    0.386961
    0.389180    0.430122    0.441677    0.466248    1.097397    1.125987    1.170246    1.194945
    1.288775    1.310573    1.358982    1.392707    1.426031    1.448919    1.501151    1.534025
    1.750698    1.768325    1.835070    1.868175    1.955330    1.982757    1.986217    2.020579
    2.102040    2.133659    2.353650    2.385820    2.662463    2.689008    2.817921    2.855665
    2.882396    2.921712    3.125538    3.158077
at  -0.03125   0.15625   0.09375    0.001953
   52 eigenvalues :
   -2.812806   -2.727828   -1.586069   -1.569858   -1.541996   -1.486709   -1.470680   -1.458552
    0.131379    0.154120    0.312570    0.317800    0.355458    0.367096    0.382990    0.386078
    0.389801    0.430079    0.441711    0.466243    1.097399    1.125984    1.170247    1.194945
    1.288773    1.310575    1.358981    1.392711    1.426027    1.448920    1.501152    1.534025
    1.750698    1.768325    1.835070    1.868175    1.955329    1.982769    1.986205    2.020582
    2.102036    2.133660    2.353650    2.385819    2.662463    2.689008    2.817920    2.855666
    2.882394    2.921713    3.125538    3.158077
at  -0.03125   0.21875   0.03125    0.001953
   52 eigenvalues :
   -2.812638   -2.727650   -1.586405   -1.570482   -1.542166   -1.487090   -1.471508   -1.458610
    0.141148    0.164338    0.307054    0.318290    0.361315    0.370695    0.377390    0.384318
    0.388103    0.436745    0.446383    0.464206    1.041496    1.073760    1.182254    1.201462
    1.284539    1.311566    1.364469    1.398452    1.437853    1.465063    1.470350    1.487468
    1.720974    1.740983    1.916764    1.949384    1.984126    2.009837    2.016388    2.047344
    2.067062    2.101236    2.439808    2.470995    2.600817    2.627892    2.791375    2.826515
    2.923413    2.965693    3.107871    3.143896
at   0.40625  -0.03125   0.21875    0.001953
   52 eigenvalues :
   -2.810505   -2.725384   -1.591442   -1.575379   -1.546497   -1.492671   -1.477401   -1.462610
    0.249309    0.287460    0.301766    0.313664    0.351176    0.363095    0.378904    0.401871
    0.454886    0.479296    0.546214    0.599292    0.678738    0.730468    0.851347    0.887396
    1.134232    1.162044    1.369079    1.394920    1.482674    1.503346    1.734302    1.761715
    1.822644    1.858953    2.031832    2.050470    2.097555    2.126883    2.287020    2.296656
    2.308867    2.328336    2.424734    2.445453    2.589230    2.621819    2.639139    2.669569
    2.686717    2.717032    2.961880    2.991390
at   0.34375  -0.03125   0.21875    0.001953
   52 eigenvalues :
   -2.810601   -2.725486   -1.591362   -1.574882   -1.546474   -1.492612   -1.476730   -1.462632
    0.248736    0.286832    0.298471    0.311614    0.347904    0.364559    0.377413    0.400004
    0.453223    0.477377    0.517047    0.575951    0.721301    0.768591    0.858467    0.894706
    1.141018    1.168991    1.358960    1.383780    1.488778    1.510877    1.733050    1.760097
    1.824682    1.859478    1.962805    1.987796    2.134066    2.157666    2.244894    2.270946
    2.330322    2.356618    2.436852    2.459554    2.511447    2.543546    2.722830    2.741904
    2.752642    2.774915    2.838384    2.866222
at   0.03125  -0.03125   0.21875    0.000977
   52 eigenvalues :
   -2.812638   -2.727650   -1.586711   -1.569848   -1.542553   -1.487494   -1.470498   -1.459158
    0.141148    0.164339    0.307067    0.318274    0.361396    0.370356    0.377492    0.385479
    0.387085    0.436837    0.446285    0.464228    1.041495    1.073761    1.182255    1.201460
    1.284542    1.311564    1.364478    1.398431    1.437824    1.465653    1.469728    1.487542
    1.720974    1.740983    1.916765    1.949384    1.984125    2.009852    2.016381    2.047301
    2.067109    2.101224    2.439807    2.470997    2.600816    2.627893    2.791375    2.826515
    2.923414    2.965693    3.107871    3.143896
at   0.03125   0.03125   0.15625    0.001953
   52 eigenvalues :
   -2.812907   -2.727935   -1.585966   -1.569434   -1.541863   -1.486636   -1.470093   -1.458451
    0.126044    0.148702    0.309790    0.317123    0.356184    0.373810    0.380573    0.384319
    0.386326    0.430888    0.450258    0.461071    1.095305    1.124318    1.187581    1.208526
    1.311070    1.328544    1.331574    1.369945    1.482888    1.496026    1.505752    1.530140
    1.689656    1.709780    1.841121    1.874232    1.936534    1.964954    2.010269    2.042848
    2.068996    2.100723    2.443414    2.475900    2.602272    2.630824    2.760020    2.795876
    2.856537    2.897337    3.104532    3.136746
at   0.03125   0.09375   0.09375    0.001953
   52 eigenvalues :
   -2.813002   -2.728036   -1.585606   -1.569493   -1.541494   -1.486220   -1.470250   -1.458036
    0.120866    0.143368    0.312261    0.314367    0.355336    0.375189    0.382138    0.383304
    0.385354    0.429776    0.451437    0.460247    1.136079    1.161462    1.165266    1.189626
    1.312961    1.316390    1.331253    1.351673    1.496569    1.519967    1.548809    1.579726
    1.695954    1.718981    1.761046    1.793653    1.905974    1.936108    2.029405    2.061646
    2.081391    2.113023    2.414850    2.446842    2.654035    2.684336    2.757816    2.789251
    2.792296    2.830123    3.109615    3.140712
at   0.03125   0.15625   0.03125    0.001953
   52 eigenvalues :
   -2.812907   -2.727935   -1.585682   -1.570017   -1.541504   -1.486309   -1.470939   -1.457991
    0.126044    0.148702    0.309776    0.317140    0.356134    0.374364    0.380174    0.383184
    0.387375    0.430814    0.450366    0.461016    1.095307    1.124315    1.187585    1.208524
    1.311070    1.328542    1.331570    1.369953    1.482945    1.495847    1.505884    1.530128
    1.689656    1.709780    1.841120    1.874232    1.936533    1.964955    2.010265    2.042863
    2.068980    2.100728    2.443416    2.475898    2.602274    2.630823    2.760020    2.795876
    2.856536    2.897337    3.104532    3.136746
at   0.03125   0.21875  -0.03125    0.001953
   52 eigenvalues :
   -2.812638   -2.727650   -1.586190   -1.570916   -1.541895   -1.486893   -1.472035   -1.458332
    0.141148    0.164338    0.307053    0.318288    0.361245    0.371051    0.377035    0.384326
    0.388165    0.436675    0.446487    0.464174    1.041496    1.073760    1.182256    1.201459
    1.284539    1.311567    1.364459    1.398487    1.437804    1.465084    1.470361    1.487461
    1.720974    1.740983    1.916764    1.949385    1.984125    2.009839    2.016390    2.047330
    2.067075    2.101233    2.439809    2.470995    2.600817    2.627893    2.791375    2.826515
    2.923413    2.965693    3.107871    3.143896
at  -0.21875   0.53125   0.09375    0.001953
   52 eigenvalues :
   -2.810377   -2.725250   -1.591707   -1.575465   -1.546817   -1.492966   -1.477415   -1.462988
    0.247222    0.296121    0.298570    0.307443    0.354468    0.365051    0.371846    0.411752
    0.446004    0.489608    0.528101    0.581132    0.691238    0.741673    0.887762    0.923048
    1.148980    1.174717    1.363867    1.392074    1.426831    1.450036    1.683952    1.713549
    1.739400    1.773761    2.060159    2.085867    2.156575    2.180415    2.271670    2.297032
    2.335528    2.364684    2.484847    2.509087    2.573416    2.600870    2.638865    2.666791
    2.738843    2.767085    2.882306    2.910848
at   0.09375  -0.09375   0.21875    0.000977
   52 eigenvalues :
   -2.812442   -2.727442   -1.587080   -1.570245   -1.543076   -1.487864   -1.470939   -1.459763
    0.151391    0.174771    0.313225    0.319532    0.358606    0.359744    0.383296    0.387177
    0.394053    0.431950    0.435005    0.471478    1.050041    1.082019    1.166591    1.188710
    1.218603    1.250984    1.355839    1.382092    1.436286    1.464536    1.472871    1.500191
    1.827409    1.845460    1.869789    1.903228    1.960207    1.987454    2.035677    2.066268
    2.114484    2.147710    2.298206    2.328813    2.720000    2.744075    2.879908    2.916025
    2.948859    2.985574    3.138866    3.170073
at   0.09375  -0.03125   0.15625    0.001953
   52 eigenvalues :
   -2.812806   -2.727828   -1.586177   -1.569634   -1.542133   -1.486852   -1.470318   -1.458751
    0.131379    0.154120    0.312584    0.317783    0.355482    0.367034    0.382754    0.386961
    0.389180    0.430122    0.441677    0.466248    1.097397    1.125987    1.170246    1.194945
    1.288775    1.310573    1.358982    1.392707    1.426031    1.448919    1.501151    1.534025
    1.750698    1.768325    1.835070    1.868175    1.955330    1.982757    1.986217    2.020579
    2.102040    2.133659    2.353650    2.385820    2.662463    2.689008    2.817921    2.855665
    2.882396    2.921712    3.125538    3.158077
at   0.09375   0.03125   0.09375    0.001953
   52 eigenvalues :
   -2.813002   -2.728036   -1.585606   -1.569493   -1.541494   -1.486220   -1.470250   -1.458036
    0.120866    0.143368    0.312261    0.314367    0.355336    0.375189    0.382138    0.383304
    0.385354    0.429776    0.451437    0.460247    1.136079    1.161462    1.165266    1.189626
    1.312961    1.316390    1.331253    1.351673    1.496569    1.519967    1.548809    1.579726
    1.695954    1.718981    1.761046    1.793653    1.905974    1.936108    2.029405    2.061646
    2.081391    2.113023    2.414850    2.446842    2.654035    2.684336    2.757816    2.789251
    2.792296    2.830123    3.109615    3.140712
at   0.09375   0.09375   0.03125    0.001953
   52 eigenvalues :
   -2.813002   -2.728036   -1.585428   -1.569854   -1.541269   -1.486039   -1.470731   -1.457776
    0.120866    0.143368    0.312242    0.314387    0.355308    0.375683    0.380963    0.383511
    0.385862    0.429739    0.451512    0.460200    1.136084    1.161364    1.165369    1.189615
    1.312948    1.316405    1.331248    1.351675    1.496576    1.519958    1.548807    1.579729
    1.695954    1.718981    1.761047    1.793652    1.905974    1.936108    2.029404    2.061653
    2.081384    2.113025    2.414851    2.446841    2.654034    2.684338    2.757808    2.789393
    2.792156    2.830128    3.109615    3.140712
at   0.09375   0.15625  -0.03125    0.001953
   52 eigenvalues :
   -2.812806   -2.727828   -1.585671   -1.570663   -1.541496   -1.486335   -1.471688   -1.458012
    0.131379    0.154120    0.312559    0.317809    0.355362    0.367407    0.382427    0.386239
    0.389998    0.429971    0.441842    0.466212    1.097398    1.125983    1.170252    1.194941
    1.288771    1.310580    1.358974    1.392713    1.426051    1.448901    1.501143    1.534032
    1.750698    1.768325    1.835070    1.868175    1.955329    1.982759    1.986214    2.020581
    2.102037    2.133660    2.353651    2.385818    2.662463    2.689009    2.817916    2.855682
    2.882378    2.921717    3.125538    3.158077
at   0.09375   0.21875  -0.09375    0.001953
   52 eigenvalues :
   -2.812442   -2.727442   -1.586323   -1.571779   -1.542129   -1.487088   -1.472978   -1.458671
    0.151391    0.174770    0.313200    0.319549    0.357800    0.360751    0.383121    0.386861
    0.394351    0.431544    0.435438    0.471449    1.050040    1.082019    1.166596    1.188706
    1.218597    1.250992    1.355832    1.382101    1.436252    1.464763    1.472641    1.500224
    1.827409    1.845460    1.869788    1.903229    1.960207    1.987454    2.035678    2.066270
    2.114480    2.147712    2.298208    2.328812    2.720001    2.744074    2.879905    2.916035
    2.948847    2.985578    3.138866    3.170073
at  -0.21875   0.53125   0.15625    0.001953
   52 eigenvalues :
   -2.810160   -2.725022   -1.591925   -1.576070   -1.547214   -1.493211   -1.478011   -1.463541
    0.247643    0.295611    0.300038    0.311089    0.346715    0.364330    0.378916    0.422058
    0.437037    0.502242    0.540496    0.587759    0.680458    0.731665    0.922902    0.957605
    1.086461    1.114040    1.360310    1.382846    1.453648    1.484351    1.606092    1.638547
    1.706164    1.737326    2.104318    2.135171    2.200717    2.222755    2.292324    2.312455
    2.329182    2.359490    2.499774    2.529893    2.588322    2.616661    2.715927    2.717000
    2.740218    2.742195    2.901898    2.929886
at  -0.21875   0.21875   0.15625    0.000977
   52 eigenvalues :
   -2.812077   -2.727055   -1.587804   -1.570985   -1.544010   -1.488611   -1.471759   -1.460820
    0.170526    0.194532    0.322627    0.323993    0.342336    0.357810    0.390725    0.394062
    0.401695    0.413204    0.432992    0.478303    1.066500    1.097902    1.141040    1.153297
    1.167561    1.188476    1.235337    1.263251    1.510401    1.520366    1.536326    1.545960
    1.822250    1.856210    1.947205    1.956780    1.968077    1.982202    2.009183    2.037951
    2.170997    2.203637    2.213383    2.244513    2.814189    2.835941    2.979743    3.002662
    3.009329    3.035509    3.150189    3.178358
at  -0.15625   0.21875   0.09375    0.001953
   52 eigenvalues :
   -2.812515   -2.727520   -1.586797   -1.570202   -1.542887   -1.487500   -1.470955   -1.459580
    0.146827    0.169903    0.319434    0.320105    0.353963    0.354473    0.389119    0.389711
    0.395431    0.426391    0.429074    0.472662    1.096291    1.124369    1.142219    1.171787
    1.244508    1.270795    1.299609    1.328143    1.444126    1.471102    1.506667    1.534919
    1.829366    1.856329    1.863343    1.871799    1.939828    1.968074    2.019578    2.053082
    2.144550    2.176028    2.229587    2.261348    2.741696    2.765656    2.923834    2.957736
    2.963035    2.993120    3.165376    3.195332
at  -0.09375   0.21875   0.03125    0.001953
   52 eigenvalues :
   -2.812806   -2.727828   -1.586069   -1.569858   -1.541996   -1.486709   -1.470680   -1.458552
    0.131379    0.154120    0.312570    0.317800    0.355458    0.367096    0.382990    0.386078
    0.389801    0.430079    0.441711    0.466243    1.097399    1.125984    1.170247    1.194945
    1.288773    1.310575    1.358981    1.392711    1.426027    1.448920    1.501152    1.534025
    1.750698    1.768325    1.835070    1.868175    1.955329    1.982769    1.986205    2.020582
    2.102036    2.133660    2.353650    2.385819    2.662463    2.689008    2.817920    2.855666
    2.882394    2.921713    3.125538    3.158077
at   0.15625   0.03125   0.03125    0.001953
   52 eigenvalues :
   -2.812907   -2.727935   -1.585682   -1.570017   -1.541504   -1.486309   -1.470939   -1.457991
    0.126044    0.148702    0.309776    0.317140    0.356134    0.374364    0.380174    0.383184
    0.387375    0.430814    0.450366    0.461016    1.095307    1.124315    1.187585    1.208524
    1.311070    1.328542    1.331570    1.369953    1.482945    1.495847    1.505884    1.530128
    1.689656    1.709780    1.841120    1.874232    1.936533    1.964955    2.010265    2.042863
    2.068980    2.100728    2.443416    2.475898    2.602274    2.630823    2.760020    2.795876
    2.856536    2.897337    3.104532    3.136746
at   0.15625   0.09375  -0.03125    0.001953
   52 eigenvalues :
   -2.812806   -2.727828   -1.585671   -1.570663   -1.541496   -1.486335   -1.471688   -1.458012
    0.131379    0.154120    0.312559    0.317809    0.355362    0.367407    0.382427    0.386239
    0.389998    0.429971    0.441842    0.466212    1.097398    1.125983    1.170252    1.194941
    1.288771    1.310580    1.358974    1.392713    1.426051    1.448901    1.501143    1.534032
    1.750698    1.768325    1.835070    1.868175    1.955329    1.982759    1.986214    2.020581
    2.102037    2.133660    2.353651    2.385818    2.662463    2.689009    2.817916    2.855682
    2.882378    2.921717    3.125538    3.158077
at   0.15625   0.15625  -0.09375    0.001953
   52 eigenvalues :
   -2.812515   -2.727520   -1.586054   -1.571694   -1.541965   -1.486799   -1.472837   -1.458571
    0.146828    0.169902    0.319236    0.320303    0.352753    0.355837    0.388275    0.390090
    0.395764    0.425793    0.429676    0.472637    1.096288    1.124373    1.142220    1.171784
    1.244499    1.270816    1.299592    1.328147    1.444112    1.471141    1.506620    1.534939
    1.829366    1.856333    1.863335    1.871802    1.939828    1.968074    2.019579    2.053081
    2.144550    2.176028    2.229589    2.261346    2.741697    2.765655    2.923815    2.958027
    2.962740    2.993143    3.165376    3.195332
at   0.15625   0.21875  -0.15625    0.001953
   52 eigenvalues :
   -2.812077   -2.727055   -1.586828   -1.572936   -1.542811   -1.487684   -1.474227   -1.459503
    0.170527    0.194531    0.322576    0.324008    0.342308    0.358028    0.390388    0.394066
    0.401761    0.413273    0.433060    0.478282    1.066494    1.097911    1.141004    1.153389
    1.167467    1.188519    1.235321    1.263258    1.510210    1.520821    1.535846    1.546176
    1.822249    1.856210    1.947205    1.956781    1.968078    1.982199    2.009187    2.037948
    2.170993    2.203665    2.213356    2.244516    2.814190    2.835940    2.979726    3.002780
    3.009217    3.035520    3.150188    3.178359
at   0.21875   0.21875  -0.21875    0.000488
   52 eigenvalues :
   -2.811595   -2.726544   -1.587695   -1.574183   -1.543810   -1.488664   -1.475597   -1.460613
    0.195446    0.221182    0.319722    0.332499    0.334753    0.361072    0.386010    0.401983
    0.405183    0.410951    0.436616    0.485004    1.082603    1.089050    1.094432    1.111502
    1.125501    1.130928    1.146172    1.170870    1.574571    1.577836    1.598618    1.601931
    1.793740    1.827704    1.902002    1.935250    1.968266    1.994915    2.080508    2.094559
    2.226753    2.227886    2.259350    2.260480    2.889709    2.910062    2.974654    2.997760
    3.032051    3.033726    3.059010    3.060634
at   0.40625   0.34375  -0.21875    0.001953
   52 eigenvalues :
   -2.809648   -2.724482   -1.592512   -1.577157   -1.548565   -1.493841   -1.478974   -1.465350
    0.258725    0.264666    0.312759    0.318710    0.329211    0.384643    0.396547    0.411748
    0.459357    0.490258    0.613077    0.657771    0.717663    0.760616    0.791964    0.829703
    1.134640    1.164613    1.209181    1.236499    1.373364    1.407864    1.631496    1.662767
    1.880445    1.908973    2.009770    2.036044    2.212525    2.237819    2.370803    2.400175
    2.415457    2.447467    2.560774    2.583365    2.609045    2.634817    2.686448    2.711426
    2.797364    2.819012    2.874684    2.900174
at   0.34375   0.40625  -0.21875    0.001953
   52 eigenvalues :
   -2.809648   -2.724482   -1.592512   -1.577157   -1.548565   -1.493841   -1.478974   -1.465350
    0.258725    0.264666    0.312759    0.318710    0.329211    0.384643    0.396547    0.411748
    0.459357    0.490258    0.613077    0.657771    0.717663    0.760616    0.791964    0.829703
    1.134640    1.164613    1.209181    1.236499    1.373364    1.407864    1.631496    1.662767
    1.880445    1.908973    2.009770    2.036044    2.212525    2.237819    2.370803    2.400175
    2.415457    2.447467    2.560774    2.583365    2.609045    2.634817    2.686448    2.711426
    2.797364    2.819012    2.874684    2.900174
at  -0.09375   0.46875   0.15625    0.001953
   52 eigenvalues :
   -2.810490   -2.725370   -1.591603   -1.575412   -1.546254   -1.492875   -1.477451   -1.462236
    0.235331    0.286014    0.295206    0.323243    0.361917    0.370595    0.372520    0.421609
    0.445250    0.494445    0.500222    0.547117    0.676356    0.730130    0.974862    1.006217
    1.096394    1.122514    1.411465    1.442141    1.466032    1.486931    1.569308    1.598733
    1.754881    1.790233    2.086756    2.103242    2.172617    2.205380    2.220137    2.245369
    2.310045    2.340923    2.577246    2.579429    2.604458    2.607141    2.630094    2.654786
    2.684610    2.708933    2.946126    2.975576
at   0.03125   0.40625   0.15625    0.001953
   52 eigenvalues :
   -2.810690   -2.725579   -1.591220   -1.575012   -1.546019   -1.492440   -1.477027   -1.462029
    0.240145    0.281294    0.291361    0.333232    0.345571    0.379551    0.383063    0.396186
    0.459990    0.473923    0.520438    0.577021    0.677013    0.730101    0.908436    0.941169
    1.056238    1.085995    1.413838    1.437805    1.587747    1.608167    1.658267    1.686929
    1.920647    1.923943    1.936959    1.958088    2.156351    2.186699    2.253767    2.275184
    2.285487    2.299127    2.383665    2.403176    2.551044    2.586127    2.629573    2.660440
    2.733627    2.762567    2.983126    3.010755
at  -0.03125   0.40625   0.15625    0.001953
   52 eigenvalues :
   -2.810642   -2.725529   -1.591408   -1.574994   -1.546038   -1.492653   -1.477011   -1.461969
    0.235225    0.285273    0.287197    0.331388    0.352706    0.377078    0.379083    0.406596
    0.453276    0.482976    0.494674    0.553295    0.686090    0.738582    0.939949    0.971680
    1.118595    1.145222    1.368864    1.397462    1.524603    1.545459    1.614646    1.643414
    1.828224    1.862431    1.996621    2.015045    2.163651    2.192640    2.252897    2.280244
    2.282110    2.312098    2.522692    2.542017    2.542798    2.572507    2.641887    2.670666
    2.674572    2.705474    2.934464    2.963466
at   0.15625   0.34375   0.15625    0.001953
   52 eigenvalues :
   -2.810710   -2.725597   -1.590845   -1.574954   -1.546553   -1.492021   -1.476682   -1.463091
    0.261243    0.276659    0.310620    0.314596    0.338239    0.360742    0.389176    0.392174
    0.467401    0.470960    0.586128    0.637935    0.686098    0.735643    0.860421    0.884058
    0.896531    0.918669    1.558645    1.576513    1.702461    1.724279    1.762588    1.790052
    1.813316    1.828289    2.010805    2.035625    2.113685    2.132112    2.160635    2.197683
    2.260316    2.291323    2.397326    2.421275    2.497257    2.537661    2.650438    2.681762
    2.833512    2.865125    3.003489    3.034152
at   0.09375   0.34375   0.15625    0.001953
   52 eigenvalues :
   -2.810740   -2.725631   -1.590993   -1.574858   -1.546205   -1.492194   -1.476717   -1.462451
    0.249403    0.278269    0.300987    0.321830    0.341250    0.369627    0.386517    0.392251
    0.464249    0.470853    0.541495    0.597851    0.691778    0.741833    0.887193    0.921220
    0.968333    1.000939    1.485506    1.505453    1.651632    1.672695    1.708073    1.736274
    1.843675    1.860439    2.024179    2.054557    2.109582    2.140254    2.194367    2.218630
    2.273744    2.299261    2.352146    2.377852    2.514394    2.552935    2.652884    2.683740
    2.845175    2.875827    2.987592    3.017684
at   0.03125   0.34375   0.15625    0.001953
   52 eigenvalues :
   -2.810790   -2.725685   -1.591057   -1.574631   -1.545916   -1.492281   -1.476521   -1.461966
    0.239696    0.282327    0.288352    0.325938    0.346491    0.372997    0.382015    0.394916
    0.458872    0.472782    0.498275    0.560520    0.714756    0.763415    0.915356    0.948238
    1.063641    1.093665    1.409656    1.432884    1.588906    1.610153    1.658547    1.686934
    1.854722    1.877586    1.965024    1.995743    2.128307    2.154354    2.211367    2.237149
    2.315989    2.344916    2.411897    2.434295    2.528428    2.561822    2.643588    2.675950
    2.770026    2.798816    2.934718    2.963352
at   0.21875   0.28125   0.15625    0.001953
   52 eigenvalues :
   -2.810696   -2.725582   -1.590734   -1.574971   -1.546794   -1.491905   -1.476560   -1.463563
    0.270744    0.279692    0.296994    0.326793    0.337974    0.349186    0.390669    0.392251
    0.469188    0.471002    0.612566    0.663999    0.712823    0.758185    0.789180    0.828178
    0.865941    0.901212    1.615221    1.632190    1.703862    1.723857    1.811584    1.828152
    1.833700    1.850666    1.967903    1.991736    2.007703    2.026298    2.204193    2.239368
    2.304851    2.335610    2.467015    2.493096    2.508778    2.549401    2.648040    2.679597
    2.707392    2.737942    2.988760    3.018287
at   0.15625   0.28125   0.15625    0.001953
   52 eigenvalues :
   -2.810779   -2.725670   -1.590756   -1.574755   -1.546374   -1.491951   -1.476423   -1.462891
    0.262300    0.277454    0.303406    0.313553    0.339183    0.353716    0.388637    0.391638
    0.466810    0.470322    0.552456    0.610416    0.732951    0.777726    0.865864    0.890994
    0.901937    0.925796    1.550225    1.567242    1.705849    1.728230    1.763885    1.782639
    1.790940    1.800320    2.051292    2.075661    2.088598    2.107170    2.110116    2.140635
    2.234772    2.263241    2.460406    2.487812    2.501337    2.541835    2.709383    2.740870
    2.810666    2.842376    2.965233    2.993474
at   0.09375   0.28125   0.15625    0.001953
   52 eigenvalues :
   -2.810908   -2.725810   -1.590693   -1.574352   -1.545876   -1.491912   -1.476039   -1.462153
    0.248889    0.280262    0.294894    0.307574    0.343320    0.358006    0.385006    0.391381
    0.462589    0.469820    0.501929    0.566409    0.759923    0.803878    0.899856    0.934017
    0.981732    1.014668    1.475048    1.493595    1.658817    1.680976    1.709022    1.736312
    1.797011    1.817600    1.988258    2.022322    2.064647    2.089766    2.159807    2.181863
    2.320690    2.344379    2.417266    2.448045    2.532443    2.571098    2.679437    2.710349
    2.843657    2.871104    2.895692    2.926443
at   0.28125   0.21875   0.15625    0.001953
   52 eigenvalues :
   -2.810696   -2.725582   -1.590734   -1.574971   -1.546794   -1.491905   -1.476560   -1.463563
    0.270744    0.279692    0.296994    0.326793    0.337974    0.349186    0.390669    0.392251
    0.469188    0.471002    0.612566    0.663999    0.712823    0.758185    0.789180    0.828178
    0.865941    0.901212    1.615221    1.632190    1.703862    1.723857    1.811584    1.828152
    1.833700    1.850666    1.967903    1.991736    2.007703    2.026298    2.204193    2.239368
    2.304851    2.335610    2.467015    2.493096    2.508778    2.549401    2.648040    2.679597
    2.707392    2.737942    2.988760    3.018287
at   0.21875   0.21875   0.15625    0.001953
   52 eigenvalues :
   -2.810793   -2.725685   -1.590659   -1.574722   -1.546445   -1.491853   -1.476301   -1.463083
    0.271690    0.279839    0.289080    0.323095    0.338554    0.342580    0.389525    0.391402
    0.467906    0.470008    0.555386    0.614188    0.784578    0.808828    0.826023    0.847099
    0.877901    0.912994    1.581077    1.596651    1.717476    1.738440    1.762730    1.785154
    1.801541    1.826410    2.027490    2.033242    2.048944    2.057365    2.140318    2.170860
    2.213290    2.242407    2.492290    2.530336    2.567309    2.599624    2.695635    2.723380
    2.777023    2.812525    2.925391    2.954032
at   0.15625   0.21875   0.15625    0.001953
   52 eigenvalues :
   -2.810975   -2.725880   -1.590461   -1.574197   -1.545876   -1.491685   -1.475720   -1.462338
    0.261635    0.279924    0.287396    0.302297    0.342104    0.344267    0.387371    0.389912
    0.465393    0.468262    0.504088    0.569766    0.818637    0.858272    0.882144    0.911984
    0.918108    0.947326    1.522278    1.537524    1.714261    1.738001    1.741906    1.763060
    1.770701    1.796754    1.967981    1.983359    1.999157    2.009670    2.185220    2.208225
    2.250921    2.274812    2.519205    2.560015    2.561509    2.592809    2.733707    2.766643
    2.797540    2.825929    2.876044    2.901544
at   0.28125   0.15625   0.15625    0.001953
   52 eigenvalues :
   -2.810779   -2.725670   -1.590756   -1.574755   -1.546374   -1.491951   -1.476423   -1.462891
    0.262300    0.277454    0.303406    0.313553    0.339183    0.353716    0.388637    0.391638
    0.466810    0.470322    0.552456    0.610416    0.732951    0.777726    0.865864    0.890994
    0.901937    0.925796    1.550225    1.567242    1.705849    1.728230    1.763885    1.782639
    1.790940    1.800320    2.051292    2.075661    2.088598    2.107170    2.110116    2.140635
    2.234772    2.263241    2.460406    2.487812    2.501337    2.541835    2.709383    2.740870
    2.810666    2.842376    2.965233    2.993474
at   0.21875   0.15625   0.15625    0.001953
   52 eigenvalues :
   -2.810975   -2.725880   -1.590461   -1.574197   -1.545876   -1.491685   -1.475720   -1.462338
    0.261635    0.279924    0.287396    0.302297    0.342104    0.344267    0.387371    0.389912
    0.465393    0.468262    0.504088    0.569766    0.818637    0.858272    0.882144    0.911984
    0.918108    0.947326    1.522278    1.537524    1.714261    1.738001    1.741906    1.763060
    1.770701    1.796754    1.967981    1.983359    1.999157    2.009670    2.185220    2.208225
    2.250921    2.274812    2.519205    2.560015    2.561509    2.592809    2.733707    2.766643
    2.797540    2.825929    2.876044    2.901544
at  -0.15625   0.15625   0.15625    0.000977
   52 eigenvalues :
   -2.812590   -2.727599   -1.586578   -1.570008   -1.542782   -1.487235   -1.470701   -1.459542
    0.142018    0.164860    0.326249    0.326267    0.344415    0.348038    0.394700    0.397204
    0.398637    0.418685    0.418785    0.473827    1.133483    1.157063    1.206347    1.206413
    1.233390    1.238339    1.238945    1.258698    1.491521    1.491523    1.519463    1.519464
    1.814376    1.849643    1.875112    1.888870    1.898404    1.927556    2.112188    2.112271
    2.123271    2.145193    2.145367    2.154647    2.758644    2.783169    2.986756    2.986756
    3.025896    3.025896    3.198493    3.224376
at   0.34375   0.09375   0.15625    0.001953
   52 eigenvalues :
   -2.810740   -2.725631   -1.590993   -1.574858   -1.546205   -1.492194   -1.476717   -1.462451
    0.249403    0.278269    0.300987    0.321830    0.341250    0.369627    0.386517    0.392251
    0.464249    0.470853    0.541495    0.597851    0.691778    0.741833    0.887193    0.921220
    0.968333    1.000939    1.485506    1.505453    1.651632    1.672695    1.708073    1.736274
    1.843675    1.860439    2.024179    2.054557    2.109582    2.140254    2.194367    2.218630
    2.273744    2.299261    2.352146    2.377852    2.514394    2.552935    2.652884    2.683740
    2.845175    2.875827    2.987592    3.017684
at   0.28125   0.09375   0.15625    0.001953
   52 eigenvalues :
   -2.810908   -2.725810   -1.590693   -1.574352   -1.545876   -1.491912   -1.476039   -1.462153
    0.248889    0.280262    0.294894    0.307574    0.343320    0.358006    0.385006    0.391381
    0.462589    0.469820    0.501929    0.566409    0.759923    0.803878    0.899856    0.934017
    0.981732    1.014668    1.475048    1.493595    1.658817    1.680976    1.709022    1.736312
    1.797011    1.817600    1.988258    2.022322    2.064647    2.089766    2.159807    2.181863
    2.320690    2.344379    2.417266    2.448045    2.532443    2.571098    2.679437    2.710349
    2.843657    2.871104    2.895692    2.926443
at  -0.09375   0.09375   0.15625    0.000977
   52 eigenvalues :
   -2.812978   -2.728011   -1.585692   -1.569267   -1.541789   -1.486274   -1.469895   -1.458465
    0.120956    0.143406    0.320343    0.323539    0.342653    0.361702    0.389665    0.392978
    0.394317    0.416624    0.434966    0.468721    1.146079    1.170135    1.223569    1.246993
    1.254673    1.280659    1.336177    1.360920    1.461658    1.470194    1.494926    1.502868
    1.775778    1.790683    1.839387    1.873713    1.874713    1.903368    2.031788    2.051969
    2.063962    2.085795    2.249832    2.281506    2.684134    2.711699    2.872148    2.901791
    2.912259    2.943388    3.230030    3.262472
at  -0.09375   0.15625   0.09375    0.001953
   52 eigenvalues :
   -2.812978   -2.728011   -1.585653   -1.569347   -1.541741   -1.486223   -1.470025   -1.458393
    0.120956    0.143406    0.320322    0.323567    0.342641    0.361716    0.390238    0.391570
    0.395178    0.416578    0.434979    0.468720    1.146080    1.170134    1.223560    1.247065
    1.254596    1.280673    1.336176    1.360921    1.461627    1.470241    1.494887    1.502890
    1.775778    1.790683    1.839386    1.873750    1.874677    1.903369    2.031783    2.051996
    2.063931    2.085803    2.249832    2.281505    2.684134    2.711699    2.872148    2.901796
    2.912254    2.943389    3.230030    3.262472
at   0.40625   0.03125   0.15625    0.001953
   52 eigenvalues :
   -2.810690   -2.725579   -1.591220   -1.575012   -1.546019   -1.492440   -1.477027   -1.462029
    0.240145    0.281294    0.291361    0.333232    0.345571    0.379551    0.383063    0.396186
    0.459990    0.473923    0.520438    0.577021    0.677013    0.730101    0.908436    0.941169
    1.056238    1.085995    1.413838    1.437805    1.587747    1.608167    1.658267    1.686929
    1.920647    1.923943    1.936959    1.958088    2.156351    2.186699    2.253767    2.275184
    2.285487    2.299127    2.383665    2.403176    2.551044    2.586127    2.629573    2.660440
    2.733627    2.762567    2.983126    3.010755
at   0.34375   0.03125   0.15625    0.001953
   52 eigenvalues :
   -2.810790   -2.725685   -1.591057   -1.574631   -1.545916   -1.492281   -1.476521   -1.461966
    0.239696    0.282327    0.288352    0.325938    0.346491    0.372997    0.382015    0.394916
    0.458872    0.472782    0.498275    0.560520    0.714756    0.763415    0.915356    0.948238
    1.063641    1.093665    1.409656    1.432884    1.588906    1.610153    1.658547    1.686934
    1.854722    1.877586    1.965024    1.995743    2.128307    2.154354    2.211367    2.237149
    2.315989    2.344916    2.411897    2.434295    2.528428    2.561822    2.643588    2.675950
    2.770026    2.798816    2.934718    2.963352
at  -0.03125   0.03125   0.15625    0.000977
   52 eigenvalues :
   -2.813187   -2.728233   -1.585230   -1.568869   -1.541232   -1.485786   -1.469460   -1.457846
    0.109892    0.132226    0.314949    0.321877    0.344164    0.372546    0.384729    0.387206
    0.392409    0.418256    0.448014    0.462704    1.146222    1.171785    1.232593    1.250793
    1.287870    1.307550    1.432380    1.435037    1.455904    1.459270    1.475388    1.494161
    1.689220    1.707117    1.875727    1.877048    1.907288    1.911659    1.972851    1.998995
    2.002313    2.033917    2.355982    2.387227    2.637736    2.668578    2.764054    2.802230
    2.846811    2.888850    3.212041    3.243453
at  -0.03125   0.09375   0.09375    0.001953
   52 eigenvalues :
   -2.813285   -2.728337   -1.584919   -1.568780   -1.540942   -1.485427   -1.469401   -1.457541
    0.104380    0.126620    0.318826    0.321393    0.340317    0.371431    0.386225    0.390553
    0.392965    0.414011    0.446432    0.463962    1.178151    1.199902    1.230564    1.252750
    1.288984    1.306201    1.408340    1.429610    1.433174    1.468648    1.510901    1.546552
    1.698263    1.715140    1.800984    1.833624    1.890811    1.924314    1.956870    1.989769
    2.013624    2.047129    2.309054    2.339706    2.653589    2.685197    2.805325    2.806725
    2.844961    2.847964    3.245941    3.275138
at  -0.03125   0.15625   0.03125    0.001953
   52 eigenvalues :
   -2.813187   -2.728233   -1.585076   -1.569187   -1.541036   -1.485609   -1.469928   -1.457589
    0.109892    0.132226    0.314930    0.321906    0.344136    0.372694    0.385039    0.386268
    0.392962    0.418177    0.448057    0.462685    1.146223    1.171783    1.232594    1.250794
    1.287869    1.307551    1.431167    1.436774    1.454279    1.460378    1.475382    1.494159
    1.689220    1.707117    1.875711    1.877063    1.907286    1.911662    1.972852    1.998997
    2.002305    2.033921    2.355982    2.387226    2.637736    2.668577    2.764055    2.802230
    2.846810    2.888851    3.212041    3.243453
at  -0.15625   0.53125   0.03125    0.001953
   52 eigenvalues :
   -2.810642   -2.725529   -1.591408   -1.574994   -1.546038   -1.492653   -1.477011   -1.461969
    0.235225    0.285273    0.287197    0.331388    0.352706    0.377078    0.379083    0.406596
    0.453276    0.482976    0.494674    0.553295    0.686090    0.738582    0.939949    0.971680
    1.118595    1.145222    1.368864    1.397462    1.524603    1.545459    1.614646    1.643414
    1.828224    1.862431    1.996621    2.015045    2.163651    2.192640    2.252897    2.280244
    2.282110    2.312098    2.522692    2.542017    2.542798    2.572507    2.641887    2.670666
    2.674572    2.705474    2.934464    2.963466
at   0.03125  -0.03125   0.15625    0.000977
   52 eigenvalues :
   -2.813187   -2.728233   -1.585230   -1.568869   -1.541232   -1.485786   -1.469460   -1.457846
    0.109892    0.132226    0.314949    0.321877    0.344164    0.372546    0.384729    0.387206
    0.392409    0.418256    0.448014    0.462704    1.146222    1.171785    1.232593    1.250793
    1.287870    1.307550    1.432380    1.435037    1.455904    1.459270    1.475388    1.494161
    1.689220    1.707117    1.875727    1.877048    1.907288    1.911659    1.972851    1.998995
    2.002313    2.033917    2.355982    2.387227    2.637736    2.668578    2.764054    2.802230
    2.846811    2.888850    3.212041    3.243453
at   0.03125   0.03125   0.09375    0.001953
   52 eigenvalues :
   -2.813393   -2.728451   -1.584668   -1.568582   -1.540655   -1.485159   -1.469181   -1.457230
    0.098699    0.120888    0.317197    0.320491    0.340677    0.377352    0.382702    0.389096
    0.391844    0.414404    0.453713    0.459483    1.190516    1.212662    1.229152    1.248388
    1.296025    1.310966    1.413661    1.453063    1.476618    1.500302    1.516427    1.547908
    1.667407    1.691046    1.765173    1.797671    1.923004    1.927842    1.955457    1.961720
    1.978007    2.011597    2.339065    2.368835    2.670163    2.704976    2.733110    2.771019
    2.780812    2.821560    3.247437    3.275395
at   0.03125   0.09375   0.03125    0.001953
   52 eigenvalues :
   -2.813393   -2.728451   -1.584548   -1.568826   -1.540503   -1.485038   -1.469511   -1.457049
    0.098699    0.120888    0.317167    0.320530    0.340657    0.377697    0.382243    0.388874
    0.392229    0.414353    0.453768    0.459441    1.190518    1.212656    1.229158    1.248386
    1.296025    1.310966    1.413658    1.453036    1.476699    1.500254    1.516409    1.547922
    1.667407    1.691046    1.765174    1.797670    1.923018    1.927820    1.955482    1.961711
    1.977995    2.011600    2.339065    2.368835    2.670165    2.704970    2.733116    2.771043
    2.780783    2.821564    3.247437    3.275395
at   0.03125   0.15625  -0.03125    0.001953
   52 eigenvalues :
   -2.813187   -2.728233   -1.584890   -1.569562   -1.540803   -1.485441   -1.470391   -1.457337
    0.109892    0.132226    0.314920    0.321923    0.344109    0.372896    0.384066    0.387065
    0.392970    0.418144    0.448100    0.462662    1.146223    1.171784    1.232596    1.250791
    1.287869    1.307551    1.432260    1.435066    1.455235    1.460732    1.474432    1.494414
    1.689220    1.707117    1.875669    1.877111    1.907266    1.911675    1.972844    1.999131
    2.002175    2.033925    2.355983    2.387225    2.637736    2.668578    2.764052    2.802239
    2.846801    2.888854    3.212040    3.243453
at  -0.15625   0.53125   0.09375    0.001953
   52 eigenvalues :
   -2.810490   -2.725370   -1.591603   -1.575412   -1.546254   -1.492875   -1.477451   -1.462236
    0.235331    0.286014    0.295206    0.323243    0.361917    0.370595    0.372520    0.421609
    0.445250    0.494445    0.500222    0.547117    0.676356    0.730130    0.974862    1.006217
    1.096394    1.122514    1.411465    1.442141    1.466032    1.486931    1.569308    1.598733
    1.754881    1.790233    2.086756    2.103242    2.172617    2.205380    2.220137    2.245369
    2.310045    2.340923    2.577246    2.579429    2.604458    2.607141    2.630094    2.654786
    2.684610    2.708933    2.946126    2.975576
at  -0.15625   0.15625   0.09375    0.000977
   52 eigenvalues :
   -2.812978   -2.728011   -1.585692   -1.569267   -1.541789   -1.486274   -1.469895   -1.458465
    0.120956    0.143406    0.320343    0.323539    0.342653    0.361702    0.389665    0.392978
    0.394317    0.416624    0.434966    0.468721    1.146079    1.170135    1.223569    1.246993
    1.254673    1.280659    1.336177    1.360920    1.461658    1.470194    1.494926    1.502868
    1.775778    1.790683    1.839387    1.873713    1.874713    1.903368    2.031788    2.051969
    2.063962    2.085795    2.249832    2.281506    2.684134    2.711699    2.872148    2.901791
    2.912259    2.943388    3.230030    3.262472
at   0.09375  -0.03125   0.09375    0.001953
   52 eigenvalues :
   -2.813285   -2.728337   -1.584919   -1.568780   -1.540942   -1.485427   -1.469401   -1.457541
    0.104380    0.126620    0.318826    0.321393    0.340317    0.371431    0.386225    0.390553
    0.392965    0.414011    0.446432    0.463962    1.178151    1.199902    1.230564    1.252750
    1.288984    1.306201    1.408340    1.429610    1.433174    1.468648    1.510901    1.546552
    1.698263    1.715140    1.800984    1.833624    1.890811    1.924314    1.956870    1.989769
    2.013624    2.047129    2.309054    2.339706    2.653589    2.685197    2.805325    2.806725
    2.844961    2.847964    3.245941    3.275138
at   0.09375   0.03125   0.03125    0.001953
   52 eigenvalues :
   -2.813393   -2.728451   -1.584548   -1.568826   -1.540503   -1.485038   -1.469511   -1.457049
    0.098699    0.120888    0.317167    0.320530    0.340657    0.377697    0.382243    0.388874
    0.392229    0.414353    0.453768    0.459441    1.190518    1.212656    1.229158    1.248386
    1.296025    1.310966    1.413658    1.453036    1.476699    1.500254    1.516409    1.547922
    1.667407    1.691046    1.765174    1.797670    1.923018    1.927820    1.955482    1.961711
    1.977995    2.011600    2.339065    2.368835    2.670165    2.704970    2.733116    2.771043
    2.780783    2.821564    3.247437    3.275395
at   0.09375   0.09375  -0.03125    0.001953
   52 eigenvalues :
   -2.813285   -2.728337   -1.584612   -1.569403   -1.540553   -1.485140   -1.470192   -1.457108
    0.104380    0.126620    0.318737    0.321506    0.340259    0.371674    0.385539    0.390811
    0.393242    0.413918    0.446494    0.463933    1.178151    1.199901    1.230568    1.252747
    1.288983    1.306202    1.408431    1.428825    1.433852    1.468741    1.510779    1.546597
    1.698263    1.715141    1.800986    1.833622    1.890812    1.924311    1.956870    1.989782
    2.013610    2.047132    2.309055    2.339706    2.653589    2.685197    2.804573    2.807565
    2.844401    2.848437    3.245941    3.275138
at   0.09375   0.15625  -0.09375    0.001953
   52 eigenvalues :
   -2.812978   -2.728011   -1.585121   -1.570418   -1.541077   -1.485739   -1.471355   -1.457672
    0.120956    0.143406    0.320208    0.323723    0.342496    0.361967    0.388874    0.392830
    0.395206    0.416403    0.435105    0.468696    1.146079    1.170135    1.223568    1.247022
    1.254636    1.280668    1.336180    1.360916    1.461039    1.471346    1.493663    1.503599
    1.775778    1.790684    1.839386    1.873728    1.874700    1.903367    2.031772    2.052047
    2.063884    2.085811    2.249833    2.281504    2.684134    2.711699    2.872103    2.902100
    2.911952    2.943430    3.230029    3.262472
at   0.15625   0.15625  -0.15625    0.000488
   52 eigenvalues :
   -2.812590   -2.727599   -1.585777   -1.571612   -1.541794   -1.486500   -1.472698   -1.458465
    0.142019    0.164859    0.325247    0.327422    0.343364    0.349065    0.393411    0.398384
    0.398827    0.416600    0.420682    0.473806    1.133483    1.157063    1.204550    1.208503
    1.232400    1.237942    1.240111    1.258627    1.489414    1.494029    1.516861    1.521666
    1.814375    1.849644    1.875111    1.888871    1.898405    1.927555    2.111510    2.113069
    2.123100    2.144661    2.146047    2.154549    2.758644    2.783168    2.985134    2.988525
    3.024128    3.027517    3.198493    3.224376
at   0.40625   0.28125  -0.15625    0.001953
   52 eigenvalues :
   -2.810029   -2.724883   -1.591956   -1.576488   -1.547546   -1.493237   -1.478430   -1.464025
    0.258030    0.282703    0.310513    0.311352    0.335324    0.372574    0.377434    0.412493
    0.446730    0.490955    0.569146    0.617922    0.701265    0.748483    0.837910    0.875226
    1.150492    1.178037    1.301217    1.325882    1.406917    1.436660    1.630483    1.665743
    1.797979    1.825744    2.028751    2.056796    2.211072    2.235127    2.331757    2.358822
    2.406074    2.433497    2.442674    2.468614    2.599703    2.627974    2.638065    2.663117
    2.812619    2.838527    2.857326    2.883349
at   0.34375   0.34375  -0.15625    0.001953
   52 eigenvalues :
   -2.809984   -2.724836   -1.591946   -1.576643   -1.547666   -1.493222   -1.478590   -1.464202
    0.268566    0.271536    0.309671    0.318870    0.327771    0.374529    0.380967    0.405131
    0.455562    0.482486    0.577323    0.627593    0.741887    0.776933    0.785710    0.816268
    1.214403    1.235938    1.241334    1.262434    1.393287    1.422150    1.631846    1.667331
    1.902545    1.932532    1.935336    1.959595    2.225227    2.250066    2.344680    2.372199
    2.379247    2.408653    2.498244    2.524490    2.547968    2.572582    2.718380    2.733932
    2.746027    2.756777    2.841989    2.867236
at   0.28125   0.40625  -0.15625    0.001953
   52 eigenvalues :
   -2.810029   -2.724883   -1.591956   -1.576488   -1.547546   -1.493237   -1.478430   -1.464025
    0.258030    0.282703    0.310513    0.311352    0.335324    0.372574    0.377434    0.412493
    0.446730    0.490955    0.569146    0.617922    0.701265    0.748483    0.837910    0.875226
    1.150492    1.178037    1.301217    1.325882    1.406917    1.436660    1.630483    1.665743
    1.797979    1.825744    2.028751    2.056796    2.211072    2.235127    2.331757    2.358822
    2.406074    2.433497    2.442674    2.468614    2.599703    2.627974    2.638065    2.663117
    2.812619    2.838527    2.857326    2.883349
at  -0.03125   0.46875   0.09375    0.001953
   52 eigenvalues :
   -2.810710   -2.725602   -1.591438   -1.574957   -1.545600   -1.492708   -1.477048   -1.461339
    0.225092    0.274734    0.284758    0.351088    0.354845    0.378925    0.399240    0.413975
    0.455031    0.459305    0.485711    0.523900    0.674555    0.729751    1.016181    1.040540
    1.103096    1.132440    1.371745    1.402596    1.513538    1.544165    1.567517    1.588034
    1.843053    1.877217    1.960673    1.975354    2.195179    2.221301    2.240256    2.275621
    2.315323    2.346194    2.522377    2.549453    2.590962    2.615820    2.617764    2.643181
    2.666660    2.688833    2.941864    2.970833
at   0.09375   0.40625   0.09375    0.001953
   52 eigenvalues :
   -2.810755   -2.725647   -1.591148   -1.574878   -1.545853   -1.492367   -1.476883   -1.461831
    0.236944    0.278696    0.287667    0.342739    0.343487    0.384959    0.387186    0.391621
    0.462554    0.470274    0.511277    0.569499    0.676558    0.730093    0.958219    0.986287
    0.998451    1.032076    1.438626    1.461245    1.622825    1.648797    1.652751    1.670240
    1.855156    1.869717    1.967415    1.999980    2.193444    2.224422    2.235427    2.267375
    2.274628    2.299590    2.368456    2.387189    2.485267    2.520730    2.640651    2.670851
    2.810148    2.839702    2.952993    2.978952
at   0.03125   0.40625   0.09375    0.001953
   52 eigenvalues :
   -2.810784   -2.725680   -1.591245   -1.574768   -1.545588   -1.492488   -1.476816   -1.461392
    0.228174    0.277487    0.281235    0.346809    0.355032    0.382539    0.394674    0.396604
    0.459517    0.472025    0.475986    0.539885    0.684029    0.737509    0.990307    1.016443
    1.071700    1.102851    1.386620    1.413339    1.556793    1.587052    1.617721    1.638887
    1.851369    1.873284    1.948092    1.974847    2.198541    2.225194    2.241065    2.272620
    2.282495    2.313018    2.476119    2.506836    2.520622    2.540248    2.628384    2.659213
    2.699180    2.727314    2.942372    2.969311
at   0.15625   0.34375   0.09375    0.001953
   52 eigenvalues :
   -2.810740   -2.725631   -1.590955   -1.574934   -1.546161   -1.492140   -1.476830   -1.462398
    0.249403    0.278269    0.300987    0.321829    0.341246    0.369644    0.386516    0.392238
    0.464266    0.470838    0.541496    0.597851    0.691778    0.741833    0.887193    0.921220
    0.968333    1.000940    1.485506    1.505453    1.651632    1.672696    1.708073    1.736274
    1.843676    1.860439    2.024179    2.054557    2.109582    2.140254    2.194367    2.218630
    2.273744    2.299261    2.352146    2.377852    2.514394    2.552935    2.652884    2.683740
    2.845175    2.875827    2.987591    3.017685
at   0.09375   0.34375   0.09375    0.001953
   52 eigenvalues :
   -2.810856   -2.725755   -1.590906   -1.574640   -1.545659   -1.492111   -1.476571   -1.461673
    0.236540    0.279931    0.284740    0.333263    0.344609    0.378075    0.384441    0.391127
    0.461835    0.469659    0.491667    0.555335    0.712762    0.761898    0.964244    0.992451
    1.006847    1.040812    1.435660    1.457526    1.617241    1.645932    1.663561    1.686511
    1.800217    1.818697    1.997542    2.029610    2.164202    2.165284    2.189131    2.192491
    2.334221    2.364284    2.400454    2.422871    2.488053    2.522805    2.640346    2.671342
    2.808059    2.835553    2.980253    3.009608
at   0.28125   0.28125   0.09375    0.001953
   52 eigenvalues :
   -2.810644   -2.725527   -1.590907   -1.575092   -1.546762   -1.492085   -1.476828   -1.463346
    0.265915    0.286066    0.296277    0.324335    0.341276    0.349084    0.389453    0.391885
    0.467718    0.470341    0.619689    0.670349    0.695099    0.741059    0.752478    0.793496
    0.951883    0.985305    1.555293    1.574025    1.600060    1.619567    1.885510    1.887417
    1.907408    1.912956    1.983656    2.006857    2.040648    2.057473    2.085673    2.122783
    2.340309    2.370240    2.432652    2.458681    2.571555    2.612948    2.632511    2.665988
    2.667002    2.692938    2.953219    2.982235
at   0.21875   0.28125   0.09375    0.001953
   52 eigenvalues :
   -2.810735   -2.725625   -1.590792   -1.574973   -1.546354   -1.491957   -1.476781   -1.462783
    0.261469    0.280505    0.302202    0.314426    0.339803    0.353708    0.387215    0.392357
    0.465167    0.470873    0.556610    0.613922    0.733549    0.778153    0.809674    0.847682
    0.961095    0.994136    1.517615    1.536001    1.633477    1.653996    1.791431    1.816352
    1.849136    1.871468    2.050507    2.058491    2.080443    2.086239    2.100476    2.121142
    2.263495    2.292142    2.424455    2.452087    2.565132    2.605571    2.678397    2.711101
    2.758855    2.787241    2.927590    2.956843
at   0.15625   0.28125   0.09375    0.001953
   52 eigenvalues :
   -2.810908   -2.725810   -1.590587   -1.574565   -1.545750   -1.491765   -1.476360   -1.461998
    0.248889    0.280262    0.294894    0.307571    0.343307    0.358038    0.385012    0.391352
    0.462631    0.469779    0.501935    0.566408    0.759923    0.803878    0.899858    0.934016
    0.981731    1.014669    1.475048    1.493595    1.658815    1.680980    1.709019    1.736312
    1.797012    1.817599    1.988258    2.022322    2.064647    2.089766    2.159807    2.181863
    2.320690    2.344379    2.417266    2.448045    2.532443    2.571098    2.679437    2.710349
    2.843656    2.871110    2.895685    2.926445
at   0.28125   0.21875   0.09375    0.001953
   52 eigenvalues :
   -2.810735   -2.725625   -1.590792   -1.574973   -1.546354   -1.491957   -1.476781   -1.462783
    0.261469    0.280505    0.302202    0.314426    0.339803    0.353708    0.387215    0.392357
    0.465167    0.470873    0.556610    0.613922    0.733549    0.778153    0.809674    0.847682
    0.961095    0.994136    1.517615    1.536001    1.633477    1.653996    1.791431    1.816352
    1.849136    1.871468    2.050507    2.058491    2.080443    2.086239    2.100476    2.121142
    2.263495    2.292142    2.424455    2.452087    2.565132    2.605571    2.678397    2.711101
    2.758855    2.787241    2.927590    2.956843
at   0.21875   0.21875   0.09375    0.001953
   52 eigenvalues :
   -2.810928   -2.725830   -1.590458   -1.574541   -1.545793   -1.491627   -1.476274   -1.462143
    0.257444    0.281700    0.292960    0.301217    0.341209    0.349761    0.384986    0.391541
    0.462652    0.469926    0.505371    0.570321    0.812246    0.836871    0.853007    0.874181
    0.977927    1.010918    1.490682    1.507875    1.653027    1.674624    1.752156    1.776096
    1.814125    1.840199    1.975007    1.997919    2.008227    2.022269    2.175231    2.197021
    2.285431    2.309867    2.451408    2.483585    2.579403    2.619796    2.747909    2.778377
    2.779738    2.809486    2.820267    2.846157
at   0.34375   0.15625   0.09375    0.001953
   52 eigenvalues :
   -2.810740   -2.725631   -1.590955   -1.574934   -1.546161   -1.492140   -1.476830   -1.462398
    0.249403    0.278269    0.300987    0.321829    0.341246    0.369644    0.386516    0.392238
    0.464266    0.470838    0.541496    0.597851    0.691778    0.741833    0.887193    0.921220
    0.968333    1.000940    1.485506    1.505453    1.651632    1.672696    1.708073    1.736274
    1.843676    1.860439    2.024179    2.054557    2.109582    2.140254    2.194367    2.218630
    2.273744    2.299261    2.352146    2.377852    2.514394    2.552935    2.652884    2.683740
    2.845175    2.875827    2.987591    3.017685
at   0.28125   0.15625   0.09375    0.001953
   52 eigenvalues :
   -2.810908   -2.725810   -1.590587   -1.574565   -1.545750   -1.491765   -1.476360   -1.461998
    0.248889    0.280262    0.294894    0.307571    0.343307    0.358038    0.385012    0.391352
    0.462631    0.469779    0.501935    0.566408    0.759923    0.803878    0.899858    0.934016
    0.981731    1.014669    1.475048    1.493595    1.658815    1.680980    1.709019    1.736312
    1.797012    1.817599    1.988258    2.022322    2.064647    2.089766    2.159807    2.181863
    2.320690    2.344379    2.417266    2.448045    2.532443    2.571098    2.679437    2.710349
    2.843656    2.871110    2.895685    2.926445
at   0.34375   0.09375   0.09375    0.001953
   52 eigenvalues :
   -2.810856   -2.725755   -1.590906   -1.574640   -1.545659   -1.492111   -1.476571   -1.461673
    0.236540    0.279931    0.284740    0.333263    0.344609    0.378075    0.384441    0.391127
    0.461835    0.469659    0.491667    0.555335    0.712762    0.761898    0.964244    0.992451
    1.006847    1.040812    1.435660    1.457526    1.617241    1.645932    1.663561    1.686511
    1.800217    1.818697    1.997542    2.029610    2.164202    2.165284    2.189131    2.192491
    2.334221    2.364284    2.400454    2.422871    2.488053    2.522805    2.640346    2.671342
    2.808059    2.835553    2.980253    3.009608
at  -0.09375   0.09375   0.09375    0.000977
   52 eigenvalues :
   -2.813385   -2.728443   -1.584681   -1.568527   -1.540748   -1.485150   -1.469099   -1.457368
    0.098762    0.120925    0.324118    0.324197    0.332059    0.369677    0.387751    0.396053
    0.396474    0.405357    0.444180    0.465567    1.199661    1.218279    1.274062    1.274065
    1.293794    1.293798    1.356267    1.381762    1.494903    1.494915    1.533315    1.533320
    1.702265    1.716557    1.801247    1.831361    1.834701    1.870914    1.987626    1.987628
    2.022337    2.022339    2.256011    2.285587    2.654261    2.686344    2.819548    2.819548
    2.860986    2.860987    3.306770    3.333923
at  -0.09375   0.53125  -0.03125    0.001953
   52 eigenvalues :
   -2.810784   -2.725680   -1.591245   -1.574768   -1.545588   -1.492488   -1.476816   -1.461392
    0.228174    0.277487    0.281235    0.346809    0.355032    0.382539    0.394674    0.396604
    0.459517    0.472025    0.475986    0.539885    0.684029    0.737509    0.990307    1.016443
    1.071700    1.102851    1.386620    1.413339    1.556793    1.587052    1.617721    1.638887
    1.851369    1.873284    1.948092    1.974847    2.198541    2.225194    2.241065    2.272620
    2.282495    2.313018    2.476119    2.506836    2.520622    2.540248    2.628384    2.659213
    2.699180    2.727314    2.942372    2.969311
at  -0.03125   0.03125   0.09375    0.000977
   52 eigenvalues :
   -2.813603   -2.728675   -1.584154   -1.568129   -1.540164   -1.484577   -1.468670   -1.456735
    0.087185    0.109267    0.321085    0.323815    0.331678    0.377168    0.384442    0.393535
    0.395865    0.404926    0.453191    0.461595    1.224541    1.242831    1.268270    1.281408
    1.284315    1.297575    1.442184    1.467207    1.510203    1.518851    1.547129    1.560198
    1.642052    1.660407    1.759439    1.791092    1.854016    1.890083    1.929962    1.930123
    1.964389    1.965712    2.283809    2.312043    2.668122    2.704253    2.743623    2.767525
    2.783765    2.808738    3.347552    3.372025
at  -0.03125   0.09375   0.03125    0.001953
   52 eigenvalues :
   -2.813603   -2.728675   -1.584112   -1.568215   -1.540110   -1.484534   -1.468787   -1.456670
    0.087185    0.109267    0.321048    0.323871    0.331654    0.377241    0.384351    0.393238
    0.396276    0.404831    0.453204    0.461586    1.224541    1.242830    1.268270    1.281411
    1.284312    1.297575    1.442186    1.467195    1.510194    1.518921    1.547010    1.560268
    1.642052    1.660406    1.759440    1.791091    1.854016    1.890083    1.929788    1.930300
    1.964346    1.965752    2.283809    2.312042    2.668123    2.704248    2.743634    2.767520
    2.783759    2.808742    3.347552    3.372025
at  -0.09375   0.53125   0.03125    0.001953
   52 eigenvalues :
   -2.810710   -2.725602   -1.591438   -1.574957   -1.545600   -1.492708   -1.477048   -1.461339
    0.225092    0.274734    0.284758    0.351088    0.354845    0.378925    0.399240    0.413975
    0.455031    0.459305    0.485711    0.523900    0.674555    0.729751    1.016181    1.040540
    1.103096    1.132440    1.371745    1.402596    1.513538    1.544165    1.567517    1.588034
    1.843053    1.877217    1.960673    1.975354    2.195179    2.221301    2.240256    2.275621
    2.315323    2.346194    2.522377    2.549453    2.590962    2.615820    2.617764    2.643181
    2.666660    2.688833    2.941864    2.970833
at   0.03125  -0.03125   0.09375    0.000977
   52 eigenvalues :
   -2.813603   -2.728675   -1.584154   -1.568129   -1.540164   -1.484577   -1.468670   -1.456735
    0.087185    0.109267    0.321085    0.323815    0.331678    0.377168    0.384442    0.393535
    0.395865    0.404926    0.453191    0.461595    1.224541    1.242831    1.268270    1.281408
    1.284315    1.297575    1.442184    1.467207    1.510203    1.518851    1.547129    1.560198
    1.642052    1.660407    1.759439    1.791092    1.854016    1.890083    1.929962    1.930123
    1.964389    1.965712    2.283809    2.312043    2.668122    2.704253    2.743623    2.767525
    2.783765    2.808738    3.347552    3.372025
at   0.03125   0.03125   0.03125    0.001953
   52 eigenvalues :
   -2.813714   -2.728793   -1.583834   -1.568018   -1.539811   -1.484233   -1.468570   -1.456352
    0.081308    0.103353    0.321864    0.322914    0.330315    0.381374    0.381892    0.394475
    0.395263    0.403416    0.458313    0.458503    1.254363    1.254532    1.270893    1.271052
    1.283339    1.297406    1.508778    1.511821    1.515157    1.537348    1.539276    1.553271
    1.673707    1.675867    1.704779    1.707294    1.884807    1.885002    1.897019    1.920647
    1.920781    1.932524    2.277945    2.305345    2.706326    2.707891    2.731888    2.745587
    2.747056    2.772516    3.395823    3.416583
at   0.03125   0.09375  -0.03125    0.001953
   52 eigenvalues :
   -2.813603   -2.728675   -1.583987   -1.568468   -1.539952   -1.484423   -1.469102   -1.456496
    0.087185    0.109267    0.320970    0.323996    0.331597    0.377465    0.383970    0.393411
    0.396344    0.404748    0.453238    0.461562    1.224541    1.242830    1.268271    1.281409
    1.284313    1.297575    1.442230    1.467115    1.509213    1.520653    1.545717    1.560844
    1.642050    1.660409    1.759445    1.791087    1.854016    1.890082    1.929257    1.930868
    1.963987    1.966076    2.283810    2.312042    2.668125    2.704243    2.743591    2.767701
    2.783581    2.808784    3.347552    3.372025
at   0.09375   0.09375  -0.09375    0.000488
   52 eigenvalues :
   -2.813385   -2.728443   -1.584326   -1.569246   -1.540300   -1.484830   -1.469997   -1.456874
    0.098762    0.120925    0.323199    0.325327    0.331811    0.369886    0.387189    0.395988
    0.397227    0.405025    0.444239    0.465543    1.199661    1.218279    1.273628    1.274517
    1.293417    1.294156    1.356281    1.381744    1.491513    1.499074    1.529130    1.536741
    1.702264    1.716557    1.801252    1.831356    1.834701    1.870914    1.986725    1.988581
    2.021382    2.023243    2.256013    2.285586    2.654262    2.686344    2.818012    2.821211
    2.859293    2.862554    3.306770    3.333923
at   0.40625   0.21875  -0.09375    0.001953
   52 eigenvalues :
   -2.810377   -2.725250   -1.591541   -1.575803   -1.546607   -1.492791   -1.477832   -1.462784
    0.247222    0.296097    0.298585    0.307453    0.354454    0.365079    0.371834    0.411748
    0.446006    0.489599    0.528113    0.581128    0.691237    0.741674    0.887761    0.923048
    1.148980    1.174717    1.363866    1.392074    1.426831    1.450036    1.683953    1.713545
    1.739404    1.773760    2.060159    2.085867    2.156575    2.180415    2.271670    2.297031
    2.335528    2.364685    2.484846    2.509087    2.573416    2.600870    2.638865    2.666791
    2.738843    2.767085    2.882306    2.910848
at   0.34375   0.28125  -0.09375    0.001953
   52 eigenvalues :
   -2.810318   -2.725188   -1.591449   -1.576040   -1.546815   -1.492674   -1.478071   -1.463120
    0.261405    0.283256    0.304026    0.311937    0.338873    0.365521    0.376089    0.402613
    0.451060    0.479843    0.544592    0.599500    0.733111    0.778443    0.809136    0.847873
    1.207842    1.234549    1.299407    1.325036    1.411164    1.436052    1.716025    1.752247
    1.826429    1.853281    1.949456    1.976601    2.208603    2.232296    2.263789    2.289018
    2.395627    2.418639    2.430588    2.460823    2.498640    2.526338    2.715960    2.743427
    2.796474    2.808383    2.827081    2.834480
at   0.28125   0.34375  -0.09375    0.001953
   52 eigenvalues :
   -2.810318   -2.725188   -1.591449   -1.576040   -1.546815   -1.492674   -1.478071   -1.463120
    0.261405    0.283256    0.304026    0.311937    0.338873    0.365521    0.376089    0.402613
    0.451060    0.479843    0.544592    0.599500    0.733111    0.778443    0.809136    0.847873
    1.207842    1.234549    1.299407    1.325036    1.411164    1.436052    1.716025    1.752247
    1.826429    1.853281    1.949456    1.976601    2.208603    2.232296    2.263789    2.289018
    2.395627    2.418639    2.430588    2.460823    2.498640    2.526338    2.715960    2.743427
    2.796474    2.808383    2.827081    2.834480
at   0.34375   0.34375  -0.09375    0.001953
   52 eigenvalues :
   -2.810177   -2.725038   -1.591834   -1.576043   -1.547366   -1.493088   -1.478032   -1.463714
    0.276536    0.278975    0.292296    0.330722    0.333816    0.352636    0.385882    0.397089
    0.461934    0.474044    0.612172    0.661713    0.691731    0.737901    0.751105    0.792469
    1.239647    1.268745    1.307193    1.331006    1.357620    1.381320    1.702628    1.739974
    1.925705    1.955867    1.979404    2.002823    2.110850    2.134289    2.329000    2.351211
    2.416478    2.436624    2.444710    2.468497    2.518654    2.543716    2.661586    2.685293
    2.687903    2.718377    2.919361    2.946707
at   0.21875   0.40625  -0.09375    0.001953
   52 eigenvalues :
   -2.810377   -2.725250   -1.591541   -1.575803   -1.546607   -1.492791   -1.477832   -1.462784
    0.247222    0.296097    0.298585    0.307453    0.354454    0.365079    0.371834    0.411748
    0.446006    0.489599    0.528113    0.581128    0.691237    0.741674    0.887761    0.923048
    1.148980    1.174717    1.363866    1.392074    1.426831    1.450036    1.683953    1.713545
    1.739404    1.773760    2.060159    2.085867    2.156575    2.180415    2.271670    2.297031
    2.335528    2.364685    2.484846    2.509087    2.573416    2.600870    2.638865    2.666791
    2.738843    2.767085    2.882306    2.910848
at   0.03125   0.46875   0.03125    0.001953
   52 eigenvalues :
   -2.810788   -2.725684   -1.591387   -1.574793   -1.545367   -1.492658   -1.476901   -1.461019
    0.221277    0.270566    0.281123    0.347359    0.382260    0.385445    0.391181    0.415910
    0.447509    0.459320    0.469823    0.519595    0.674052    0.729701    1.033403    1.052651
    1.104560    1.137792    1.357673    1.388042    1.490430    1.521982    1.621788    1.642882
    1.880964    1.897143    1.910661    1.914215    2.187682    2.213960    2.265628    2.301720
    2.355473    2.388671    2.439108    2.465730    2.605795    2.623754    2.632046    2.651665
    2.661248    2.682041    2.908908    2.935912
at   0.09375   0.40625   0.03125    0.001953
   52 eigenvalues :
   -2.810784   -2.725680   -1.591207   -1.574845   -1.545539   -1.492448   -1.476909   -1.461348
    0.228174    0.277487    0.281235    0.346818    0.355015    0.382557    0.394737    0.396530
    0.459526    0.471953    0.476051    0.539883    0.684029    0.737509    0.990307    1.016443
    1.071700    1.102851    1.386620    1.413339    1.556793    1.587053    1.617720    1.638888
    1.851369    1.873284    1.948092    1.974847    2.198541    2.225194    2.241065    2.272614
    2.282502    2.313017    2.476119    2.506836    2.520623    2.540247    2.628384    2.659213
    2.699180    2.727314    2.942372    2.969311
at   0.21875   0.34375   0.03125    0.001953
   52 eigenvalues :
   -2.810632   -2.725517   -1.591095   -1.575209   -1.546348   -1.492279   -1.477186   -1.462564
    0.253971    0.282219    0.306974    0.312464    0.343585    0.362321    0.384019    0.394686
    0.461225    0.472732    0.555640    0.610449    0.693382    0.742544    0.825329    0.862397
    1.052588    1.083345    1.437679    1.459206    1.553205    1.573604    1.770325    1.797140
    1.919656    1.945194    1.956628    1.986196    2.082234    2.108954    2.208024    2.229752
    2.301681    2.329875    2.372032    2.396702    2.598379    2.627633    2.634486    2.662355
    2.735382    2.764142    2.947473    2.976398
at   0.15625   0.34375   0.03125    0.001953
   52 eigenvalues :
   -2.810790   -2.725685   -1.590913   -1.574924   -1.545736   -1.492107   -1.476914   -1.461777
    0.239696    0.282325    0.288353    0.325936    0.346477    0.373075    0.381968    0.394895
    0.458898    0.472747    0.498292    0.560517    0.714756    0.763415    0.915356    0.948238
    1.063640    1.093666    1.409656    1.432884    1.588905    1.610155    1.658547    1.686934
    1.854723    1.877585    1.965023    1.995743    2.128307    2.154354    2.211367    2.237148
    2.315989    2.344916    2.411897    2.434295    2.528428    2.561822    2.643589    2.675949
    2.770026    2.798816    2.934718    2.963353
at   0.28125   0.28125   0.03125    0.001953
   52 eigenvalues :
   -2.810613   -2.725496   -1.591029   -1.575285   -1.546471   -1.492196   -1.477245   -1.462773
    0.261982    0.283474    0.301170    0.317099    0.339640    0.354828    0.384844    0.393429
    0.462230    0.471465    0.567828    0.623281    0.725322    0.769702    0.770868    0.810346
    1.052073    1.083420    1.451046    1.471227    1.534378    1.555206    1.868381    1.882070
    1.891029    1.908839    1.942383    1.979167    2.098299    2.121708    2.132159    2.150991
    2.314020    2.342801    2.405017    2.430779    2.599212    2.633121    2.651646    2.692224
    2.719036    2.745005    2.899549    2.927935
at   0.21875   0.28125   0.03125    0.001953
   52 eigenvalues :
   -2.810795   -2.725691   -1.590693   -1.574982   -1.545868   -1.491853   -1.476914   -1.462079
    0.252079    0.282763    0.299460    0.305075    0.342541    0.359179    0.381244    0.394070
    0.458194    0.472124    0.509522    0.572290    0.764903    0.808354    0.839170    0.876391
    1.063751    1.094535    1.423887    1.444368    1.564764    1.586625    1.761053    1.786799
    1.862616    1.886970    1.931085    1.966390    2.071760    2.094759    2.194689    2.217002
    2.352461    2.369644    2.377189    2.398138    2.567431    2.603571    2.691383    2.726270
    2.799966    2.824768    2.826453    2.854620
at   0.34375   0.21875   0.03125    0.001953
   52 eigenvalues :
   -2.810632   -2.725517   -1.591095   -1.575209   -1.546348   -1.492279   -1.477186   -1.462564
    0.253971    0.282219    0.306974    0.312464    0.343585    0.362321    0.384019    0.394686
    0.461225    0.472732    0.555640    0.610449    0.693382    0.742544    0.825329    0.862397
    1.052588    1.083345    1.437679    1.459206    1.553205    1.573604    1.770325    1.797140
    1.919656    1.945194    1.956628    1.986196    2.082234    2.108954    2.208024    2.229752
    2.301681    2.329875    2.372032    2.396702    2.598379    2.627633    2.634486    2.662355
    2.735382    2.764142    2.947473    2.976398
at   0.28125   0.21875   0.03125    0.001953
   52 eigenvalues :
   -2.810795   -2.725691   -1.590693   -1.574982   -1.545868   -1.491853   -1.476914   -1.462079
    0.252079    0.282763    0.299460    0.305075    0.342541    0.359179    0.381244    0.394070
    0.458194    0.472124    0.509522    0.572290    0.764903    0.808354    0.839170    0.876391
    1.063751    1.094535    1.423887    1.444368    1.564764    1.586625    1.761053    1.786799
    1.862616    1.886970    1.931085    1.966390    2.071760    2.094759    2.194689    2.217002
    2.352461    2.369644    2.377189    2.398138    2.567431    2.603571    2.691383    2.726270
    2.799966    2.824768    2.826453    2.854620
at   0.34375   0.15625   0.03125    0.001953
   52 eigenvalues :
   -2.810790   -2.725685   -1.590913   -1.574924   -1.545736   -1.492107   -1.476914   -1.461777
    0.239696    0.282325    0.288353    0.325936    0.346477    0.373075    0.381968    0.394895
    0.458898    0.472747    0.498292    0.560517    0.714756    0.763415    0.915356    0.948238
    1.063640    1.093666    1.409656    1.432884    1.588905    1.610155    1.658547    1.686934
    1.854723    1.877585    1.965023    1.995743    2.128307    2.154354    2.211367    2.237148
    2.315989    2.344916    2.411897    2.434295    2.528428    2.561822    2.643589    2.675949
    2.770026    2.798816    2.934718    2.963353
at   0.40625   0.09375   0.03125    0.001953
   52 eigenvalues :
   -2.810784   -2.725680   -1.591207   -1.574845   -1.545539   -1.492448   -1.476909   -1.461348
    0.228174    0.277487    0.281235    0.346818    0.355015    0.382557    0.394737    0.396530
    0.459526    0.471953    0.476051    0.539883    0.684029    0.737509    0.990307    1.016443
    1.071700    1.102851    1.386620    1.413339    1.556793    1.587053    1.617720    1.638888
    1.851369    1.873284    1.948092    1.974847    2.198541    2.225194    2.241065    2.272614
    2.282502    2.313017    2.476119    2.506836    2.520623    2.540247    2.628384    2.659213
    2.699180    2.727314    2.942372    2.969311
at  -0.03125   0.03125   0.03125    0.000977
   52 eigenvalues :
   -2.813826   -2.728912   -1.583592   -1.567733   -1.539564   -1.483958   -1.468244   -1.456093
    0.075367    0.097380    0.323650    0.324276    0.325953    0.381226    0.383522    0.396723
    0.396804    0.398726    0.458025    0.460513    1.263394    1.276768    1.276769    1.278169
    1.291228    1.291228    1.503499    1.527740    1.583336    1.583408    1.584557    1.600211
    1.625517    1.625615    1.666748    1.699628    1.847652    1.872756    1.872779    1.884372
    1.909274    1.909278    2.260789    2.287358    2.692375    2.718727    2.718932    2.731799
    2.759487    2.759522    3.426956    3.457394
at   0.03125   0.03125  -0.03125    0.000488
   52 eigenvalues :
   -2.813826   -2.728912   -1.583548   -1.567822   -1.539508   -1.483920   -1.468355   -1.456031
    0.075367    0.097380    0.323285    0.325195    0.325396    0.381555    0.383132    0.396399
    0.397886    0.398029    0.458055    0.460485    1.263394    1.276757    1.276779    1.278169
    1.291217    1.291239    1.503544    1.527669    1.579265    1.584552    1.588609    1.600213
    1.620186    1.629786    1.666868    1.699567    1.847656    1.872123    1.873412    1.884398
    1.908580    1.909942    2.260789    2.287358    2.692413    2.717274    2.720325    2.731951
    2.758019    2.760858    3.426956    3.457394
at   0.40625   0.15625  -0.03125    0.001953
   52 eigenvalues :
   -2.810642   -2.725529   -1.591298   -1.575217   -1.545899   -1.492538   -1.477281   -1.461839
    0.235225    0.285268    0.287200    0.331393    0.352690    0.377175    0.379007    0.406586
    0.453282    0.482933    0.494715    0.553291    0.686089    0.738582    0.939949    0.971680
    1.118595    1.145223    1.368863    1.397462    1.524603    1.545460    1.614646    1.643414
    1.828224    1.862430    1.996621    2.015045    2.163651    2.192640    2.252898    2.280224
    2.282130    2.312097    2.522693    2.542004    2.542810    2.572507    2.641887    2.670666
    2.674573    2.705474    2.934464    2.963466
at   0.34375   0.21875  -0.03125    0.001953
   52 eigenvalues :
   -2.810601   -2.725486   -1.591094   -1.575428   -1.546140   -1.492290   -1.477466   -1.462275
    0.248738    0.286825    0.298474    0.311615    0.347881    0.364637    0.377366    0.399992
    0.453237    0.477356    0.517062    0.575947    0.721300    0.768593    0.858466    0.894706
    1.141017    1.168992    1.358960    1.383781    1.488778    1.510877    1.733051    1.760095
    1.824684    1.859476    1.962804    1.987796    2.134066    2.157666    2.244894    2.270946
    2.330322    2.356618    2.436852    2.459554    2.511447    2.543546    2.722830    2.741904
    2.752642    2.774915    2.838383    2.866222
at   0.28125   0.28125  -0.03125    0.001953
   52 eigenvalues :
   -2.810588   -2.725472   -1.590999   -1.575510   -1.546231   -1.492174   -1.477539   -1.462448
    0.258135    0.282127    0.304729    0.307000    0.339491    0.362623    0.377788    0.397022
    0.453836    0.474466    0.524143    0.583748    0.765844    0.798261    0.809686    0.837214
    1.151731    1.180949    1.353417    1.375822    1.474705    1.497770    1.825044    1.832774
    1.856440    1.860152    1.880290    1.910168    2.148159    2.170412    2.222794    2.246433
    2.360805    2.385807    2.409006    2.434406    2.505141    2.538773    2.760638    2.772304
    2.798446    2.799365    2.799770    2.825662
at   0.34375   0.28125  -0.03125    0.001953
   52 eigenvalues :
   -2.810434   -2.725309   -1.591406   -1.575612   -1.546761   -1.492611   -1.477639   -1.462998
    0.263706    0.284734    0.299964    0.318613    0.342402    0.354102    0.382732    0.396255
    0.459255    0.473723    0.581154    0.633606    0.695746    0.743289    0.776021    0.815906
    1.146369    1.176066    1.375651    1.398316    1.448245    1.469707    1.815855    1.851904
    1.859445    1.886691    1.974753    2.000181    2.099477    2.122836    2.239171    2.259269
    2.352401    2.381644    2.413881    2.438964    2.543901    2.575772    2.676314    2.704523
    2.711476    2.745926    2.907701    2.935533
at   0.21875   0.34375  -0.03125    0.001953
   52 eigenvalues :
   -2.810601   -2.725486   -1.591094   -1.575428   -1.546140   -1.492290   -1.477466   -1.462275
    0.248738    0.286825    0.298474    0.311615    0.347881    0.364637    0.377366    0.399992
    0.453237    0.477356    0.517062    0.575947    0.721300    0.768593    0.858466    0.894706
    1.141017    1.168992    1.358960    1.383781    1.488778    1.510877    1.733051    1.760095
    1.824684    1.859476    1.962804    1.987796    2.134066    2.157666    2.244894    2.270946
    2.330322    2.356618    2.436852    2.459554    2.511447    2.543546    2.722830    2.741904
    2.752642    2.774915    2.838383    2.866222
at   0.28125   0.34375  -0.03125    0.001953
   52 eigenvalues :
   -2.810434   -2.725309   -1.591406   -1.575612   -1.546761   -1.492611   -1.477639   -1.462998
    0.263706    0.284734    0.299964    0.318613    0.342402    0.354102    0.382732    0.396255
    0.459255    0.473723    0.581154    0.633606    0.695746    0.743289    0.776021    0.815906
    1.146369    1.176066    1.375651    1.398316    1.448245    1.469707    1.815855    1.851904
    1.859445    1.886691    1.974753    2.000181    2.099477    2.122836    2.239171    2.259269
    2.352401    2.381644    2.413881    2.438964    2.543901    2.575772    2.676314    2.704523
    2.711476    2.745926    2.907701    2.935533
at   0.15625   0.40625  -0.03125    0.001953
   52 eigenvalues :
   -2.810642   -2.725529   -1.591298   -1.575217   -1.545899   -1.492538   -1.477281   -1.461839
    0.235225    0.285268    0.287200    0.331393    0.352690    0.377175    0.379007    0.406586
    0.453282    0.482933    0.494715    0.553291    0.686089    0.738582    0.939949    0.971680
    1.118595    1.145223    1.368863    1.397462    1.524603    1.545460    1.614646    1.643414
    1.828224    1.862430    1.996621    2.015045    2.163651    2.192640    2.252898    2.280224
    2.282130    2.312097    2.522693    2.542004    2.542810    2.572507    2.641887    2.670666
    2.674573    2.705474    2.934464    2.963466

FERMIE:
          first approx. to ef    (T=0)  :  0.4124940849 htr   (energy of the highest occ. eigenvalue)
          number of occ. states  (T=0)  :     17655
          first approx. to seigv (T=0)  :  -24.16925685405753 htr
          sum of weights of occ. states : 32.000000
          sum of semicore eigenvalues   :  0.000000 htr
          sum of semicore charge        :  0.000000 e



FERHIS:  Fermi-Energy by histogram:

          bandgap                     :   0.000000 htr
          charge neutrality (T=0)     :   0.000000    (zero if the highest occ. eigenvalue is "entirely" occupied)

     EF_NEWTON:  Adjust Fermi-Energy by Newton-Method.

               Number of iterations needed  :   4
               The error in the weight is   : -0.53291E-14
               The error in ef is           :  0.96046E-16 htr


     -->  new fermi energy            :  0.4126096968 htr
          valence charge              :  32.000000 e 
          actual charge blw ef-8kt    :  29.644531 e 
          actual charge blw ef+8kt    :  32.000000 e 
          number of occ. states       :     18370
          sum of the valence weights  :  32.000000
          entropy         :   0.177431 *kb htr/K =   0.00000 htr/K

          sum of val. single particle energies:   -24.16917356042016 htr



          valence density: spin= 1

                   radial function for local orbitals
 lo  l    energy            value        derivative    nodes  ovlp with u    ovlp with udot
  1  0  -2.81098        2.7942396E-02  -7.8356510E-02    2   3.4640476E-02  -4.1618488E-02
  2  1  -1.54661       -1.1319531E-02   1.7002159E-01    1   1.4226834E-01  -1.2294186E-01
 
 overlap matrix between different local orbitals
 lo        1              2
  1   0.100000E+01   0.000000E+00
  2   0.000000E+00   0.100000E+01

                   radial function for local orbitals
 lo  l    energy            value        derivative    nodes  ovlp with u    ovlp with udot
  1  0  -2.81098        2.7942396E-02  -7.8356510E-02    2   3.4640476E-02  -4.1618488E-02
  2  1  -1.54661       -1.1319531E-02   1.7002159E-01    1   1.4226834E-01  -1.2294186E-01
 
 overlap matrix between different local orbitals
 lo        1              2
  1   0.100000E+01   0.000000E+00
  2   0.000000E+00   0.100000E+01

     l-like charge
     atom     s        p        d        f        total
 --> 1    1.19380  3.19117  4.05661  0.01633    8.46290
 --> 1    0.00000 -0.00201 -0.02662 -0.00008   -0.02873
 --> 1    0.00000  0.00057  0.00632 -0.00006    0.00681
 --> 1    0.00000  0.00023  0.00353 -0.00001    0.00374
 Energy Parameters for spin:           1
 Max. mismatch of energy parameters:    0.000000

     energy parameters for window 1
     atom     s        p        d        f
 -->  1   4.00000  4.00000  3.00000  4.00000 change: FFFF skiplo:   4
 --> lo   3.00000  3.00000
 --> change   F        F


          valence density: spin= 2

                   radial function for local orbitals
 lo  l    energy            value        derivative    nodes  ovlp with u    ovlp with udot
  1  0  -2.72588        2.8681319E-02  -7.9485454E-02    2   3.6956968E-02  -4.3656834E-02
  2  1  -1.46360       -1.3870756E-02   1.6942620E-01    1   1.4962563E-01  -1.3263700E-01
 
 overlap matrix between different local orbitals
 lo        1              2
  1   0.100000E+01   0.000000E+00
  2   0.000000E+00   0.100000E+01

                   radial function for local orbitals
 lo  l    energy            value        derivative    nodes  ovlp with u    ovlp with udot
  1  0  -2.72588        2.8681319E-02  -7.9485454E-02    2   3.6956968E-02  -4.3656834E-02
  2  1  -1.46360       -1.3870756E-02   1.6942620E-01    1   1.4962563E-01  -1.3263700E-01
 
 overlap matrix between different local orbitals
 lo        1              2
  1   0.100000E+01   0.000000E+00
  2   0.000000E+00   0.100000E+01
DOS-Output is generated!
 sigma=     0.408000000000000     
 emax=      27.2000000000000     
 emin=     -13.6000000000000     
 ef_inp=      11.2229837527284     
 no tetrahedron method with these k-points!
           8  3.906250000000000E-003

     l-like charge
     atom     s        p        d        f        total
 --> 1    1.19461  3.20966  1.88947  0.01137    6.30782
 --> 1    0.00000  0.00204  0.06917 -0.00036    0.07074
 --> 1    0.00000 -0.00054  0.01128 -0.00006    0.01065
 --> 1    0.00000 -0.00029  0.00431  0.00000    0.00401
 Energy Parameters for spin:           2
 Max. mismatch of energy parameters:    0.000000

     energy parameters for window 1
     atom     s        p        d        f
 -->  1   4.00000  4.00000  3.00000  4.00000 change: FFFF skiplo:   4
 --> lo   3.00000  3.00000
 --> change   F        F
