    0.000000000  -87.754267820
    0.012626074  -87.754221318
    0.025228680  -87.754082229
    0.037854755  -87.753850252
    0.050480829  -87.753525920
    0.063083435  -87.753110599
    0.075709510  -87.752603380
    0.088312115  -87.752006937
    0.100938190  -87.751319975
    0.113564264  -87.750544734
    0.126166870  -87.749683800
    0.138792945  -87.748735439
    0.151419019  -87.747702632
    0.164021625  -87.746589113
    0.176647699  -87.745392441
    0.189273774  -87.744116440
    0.201876380  -87.742765637
    0.214502454  -87.741337050
    0.227105060  -87.739838142
    0.239731135  -87.738259699
    0.252357209  -87.736618463
    0.264959815  -87.734914347
    0.277585889  -87.733143536
    0.290211964  -87.731311761
    0.302814570  -87.729425278
    0.315440644  -87.727470919
    0.328043250  -87.725476619
    0.340669324  -87.723428845
    0.353295399  -87.721334198
    0.365898005  -87.719199676
    0.378524079  -87.717020346
    0.391150154  -87.714803198
    0.403752760  -87.712555531
    0.416378834  -87.710272073
    0.429004908  -87.707960099
    0.441607514  -87.705627102
    0.454233589  -87.703267519
    0.466836195  -87.700893237
    0.479462269  -87.698498530
    0.492088344  -87.696090906
    0.504690949  -87.693678101
    0.517317024  -87.691249332
    0.529943098  -87.688821447
    0.542545704  -87.686397333
    0.555171779  -87.683970916
    0.567797853  -87.681549623
    0.580400459  -87.679140795
    0.593026533  -87.676738271
    0.605629139  -87.674353729
    0.618255214  -87.671980985
    0.630881288  -87.669627130
    0.643483894  -87.667299052
    0.656109969  -87.664990586
    0.668736043  -87.662708525
    0.681338649  -87.660459398
    0.693964723  -87.658238012
    0.706590798  -87.656049061
    0.719193404  -87.653899517
    0.731819478  -87.651783443
    0.744422084  -87.649710452
    0.757048158  -87.647675233
    0.769674233  -87.645683282
    0.782276839  -87.643739945
    0.794902913  -87.641839676
    0.807528988  -87.639988769
    0.820131594  -87.638190073
    0.832757668  -87.636439346
    0.845383742  -87.634742389
    0.857986348  -87.633101551
    0.870612423  -87.631512962
    0.883215029  -87.629983719
    0.895841103  -87.628509253
    0.908467178  -87.627093527
    0.921069783  -87.625740007
    0.933695858  -87.624444590
    0.946321932  -87.623210734
    0.958924538  -87.622041380
    0.971550613  -87.620932204
    0.984153219  -87.619889640
    0.996779293  -87.618909578
    1.009405367  -87.617994626
    1.022007973  -87.617146862
    1.034634048  -87.616363639
    1.047260122  -87.615647063
    1.059862728  -87.615004177
    1.072488803  -87.614422000
    1.085114877  -87.613907590
    1.097717483  -87.613462005
    1.110343557  -87.613083836
    1.122946163  -87.612774698
    1.135572238  -87.612533613
    1.148198312  -87.612361351
    1.160800918  -87.612258136
    1.173426992  -87.612223639
    1.186005823  -87.612257872
    1.198568059  -87.612360305
    1.211146890  -87.612530945
    1.223709126  -87.612768908
    1.236287957  -87.613074216
    1.248850193  -87.613445286
    1.261429024  -87.613879248
    1.274007855  -87.614380243
    1.286570091  -87.614943410
    1.299148922  -87.615568810
    1.311711158  -87.616251015
    1.324289989  -87.616994498
    1.336852225  -87.617793242
    1.349431056  -87.618647352
    1.362009887  -87.619553678
    1.374572123  -87.620509649
    1.387150954  -87.621513674
    1.399713190  -87.622561430
    1.412292021  -87.623653512
    1.424870852  -87.624784571
    1.437433088  -87.625951851
    1.450011919  -87.627154967
    1.462574155  -87.628387849
    1.475152986  -87.629650795
    1.487715222  -87.630937465
    1.500294053  -87.632248202
    1.512872883  -87.633578223
    1.525435119  -87.634922619
    1.538013950  -87.636281797
    1.550576186  -87.637649022
    1.563155017  -87.639024745
    1.575717253  -87.640402183
    1.588296084  -87.641784100
    1.600874915  -87.643143336
    1.613437151  -87.644511668
    1.626015982  -87.645872864
    1.638578218  -87.647220306
    1.651157049  -87.648554565
    1.663719285  -87.649869186
    1.676298116  -87.651164762
    1.688876947  -87.652434968
    1.701439183  -87.653678874
    1.714018014  -87.654895396
    1.726580250  -87.656078725
    1.739159081  -87.657229466
    1.751721317  -87.658342151
    1.764300148  -87.659417375
    1.776878979  -87.660451388
    1.789441215  -87.661440756
    1.802020046  -87.662386037
    1.814582282  -87.663282790
    1.827161113  -87.664125713
    1.839739943  -87.664923581
    1.852302180  -87.665694456
    1.864881010  -87.666386765
    1.877443246  -87.667022764
    1.890022077  -87.667602843
    1.902584313  -87.668175979
    1.915163144  -87.668640393
    1.927741975  -87.669044757
    1.940304211  -87.669387846
    1.952883042  -87.669669874
    1.965445278  -87.669889531
    1.978024109  -87.670046958
    1.990586345  -87.670141424
    2.003165176  -87.670172990
    2.015650439  -87.670169434
    2.028135702  -87.670158782
    2.040620966  -87.670141081
    2.053106229  -87.670116407
    2.065591492  -87.670084866
    2.078053287  -87.670046674
    2.090538550  -87.669959483
    2.103023813  -87.669909163
    2.115509076  -87.669852767
    2.127994340  -87.669790538
    2.140479603  -87.669723146
    2.152964866  -87.669650062
    2.165450129  -87.669572030
    2.177935392  -87.669488270
    2.190420656  -87.669401441
    2.202905919  -87.669310746
    2.215391182  -87.669216584
    2.227852977  -87.669119552
    2.240338240  -87.669019714
    2.252823503  -87.668917689
    2.265308766  -87.668813930
    2.277794029  -87.668708897
    2.290279293  -87.668603056
    2.302764556  -87.668496879
    2.315249819  -87.668390840
    2.327735082  -87.668284286
    2.340220345  -87.668180043
    2.352705609  -87.668077357
    2.365190872  -87.667976689
    2.377652666  -87.667878674
    2.390137930  -87.667783780
    2.402623193  -87.667691691
    2.415108456  -87.667603405
    2.427593719  -87.667519304
    2.440078982  -87.667439771
    2.452564246  -87.667366451
    2.465049509  -87.667297150
    2.477534772  -87.667233448
    2.490020035  -87.667175638
    2.502505298  -87.667123986
    2.514990562  -87.667078731
    2.527452356  -87.667040146
    2.539937619  -87.667008266
    2.552422883  -87.666983316
    2.564908146  -87.666965411
    2.577393409  -87.666954636
    2.589878672  -87.666951038
    2.602561068  -87.666955284
    2.615284112  -87.666970232
    2.627966507  -87.666999021
    2.640689552  -87.667045101
    2.653371947  -87.667111425
    2.666094991  -87.667201668
    2.678777387  -87.667318458
    2.691500431  -87.667465721
    2.704182826  -87.667645622
    2.716905870  -87.667862359
    2.729588266  -87.668117423
    2.742311310  -87.668415358
    2.754993706  -87.668764403
    2.767716750  -87.669155252
    2.780399145  -87.669594532
    2.793122189  -87.670087337
    2.805804585  -87.670640468
    2.818527629  -87.671244220
    2.831210024  -87.671903661
    2.843933069  -87.672624494
    2.856615464  -87.673403350
    2.869338508  -87.674246228
    2.882020904  -87.675148492
    2.894743948  -87.676116425
    2.907426343  -87.677144074
    2.920149387  -87.678237804
    2.932831783  -87.679390679
    2.945554827  -87.680610059
    2.958237222  -87.681885876
    2.970960267  -87.683225873
    2.983642662  -87.684620090
    2.996365706  -87.686075794
    3.009048102  -87.687581761
    3.021771146  -87.689142898
    3.034453541  -87.690751908
    3.047176586  -87.692413894
    3.059858981  -87.694115348
    3.072582025  -87.695864063
    3.085264421  -87.697645565
    3.097987465  -87.699467769
    3.110669860  -87.701315370
    3.123392904  -87.703196378
    3.136075300  -87.705094810
    3.148798344  -87.707018733
    3.161480739  -87.708951657
    3.174203784  -87.710901665
    3.186886179  -87.712851933
    3.199609223  -87.714810520
    3.212291619  -87.716760445
    3.225014663  -87.718713893
    3.237697058  -87.720645257
    3.250420103  -87.722566873
    3.263102498  -87.724461985
    3.275825542  -87.726338284
    3.288507938  -87.728179390
    3.301230982  -87.729990053
    3.313913377  -87.731760073
    3.326636421  -87.733493675
    3.339318817  -87.735194097
    3.352041861  -87.736830788
    3.364724256  -87.738408489
    3.377447301  -87.739933604
    3.390129696  -87.741392839
    3.402852740  -87.742792132
    3.415535136  -87.744119125
    3.428258180  -87.745379644
    3.440940575  -87.746562472
    3.453663620  -87.747672450
    3.466346015  -87.748699940
    3.479069059  -87.749649158
    3.491751455  -87.750511871
    3.504474499  -87.751291629
    3.517156894  -87.751981676
    3.529879938  -87.752584856
    3.542562334  -87.753095948
    3.555285378  -87.753516895
    3.567967773  -87.753844416
    3.580690818  -87.754079663
    3.593373213  -87.754220603
    3.606096257  -87.754267820
    3.618675088  -87.754221667
    3.631237324  -87.754083546
    3.643816155  -87.753853375
    3.656378391  -87.753532232
    3.668957222  -87.753119960
    3.681519458  -87.752618436
    3.694098289  -87.752027449
    3.706677120  -87.751348713
    3.719239356  -87.750584745
    3.731818187  -87.749735107
    3.744380423  -87.748803796
    3.756959254  -87.747790283
    3.769521490  -87.746699868
    3.782100321  -87.745530983
    3.794679152  -87.744287919
    3.807241388  -87.742975069
    3.819820219  -87.741591728
    3.832382455  -87.740136877
    3.844961286  -87.738624646
    3.857540116  -87.737052808
    3.870102353  -87.735420018
    3.882681183  -87.733738825
    3.895243419  -87.732010775
    3.907822250  -87.730235036
    3.920384486  -87.728420136
    3.932963317  -87.726565236
    3.945542148  -87.724679798
    3.958104384  -87.722764826
    3.970683215  -87.720822182
    3.983245451  -87.718861290
    3.995824282  -87.716881341
    4.008386518  -87.714891978
    4.020965349  -87.712893874
    4.033544180  -87.710887054
    4.046106416  -87.708888593
    4.058685247  -87.706893518
    4.071247483  -87.704911648
    4.083826314  -87.702942308
    4.096388550  -87.700995231
    4.108967381  -87.699069794
    4.121546212  -87.697173069
    4.134108448  -87.695311931
    4.146687279  -87.693485838
    4.159249515  -87.691703903
    4.171828346  -87.689965643
    4.184390582  -87.688279765
    4.196969413  -87.686645836
    4.209548243  -87.685070038
    4.222110480  -87.683558110
    4.234689310  -87.682109705
    4.247251546  -87.680732139
    4.259830377  -87.679425273
    4.272409208  -87.678193814
    4.284971444  -87.677042421
    4.297550275  -87.675955038
    4.310112511  -87.674968702
    4.322691342  -87.674067503
    4.335253578  -87.673256034
    4.347832409  -87.672534156
    4.360411240  -87.671904786
    4.372973476  -87.671370128
    4.385552307  -87.670930096
    4.398114543  -87.670586941
    4.410693374  -87.670340612
    4.423255610  -87.670222198
    4.435834441  -87.670172990
    0.000000000  -85.444690936
    0.012626074  -85.444641532
    0.025228680  -85.444493766
    0.037854755  -85.444247318
    0.050480829  -85.443902756
    0.063083435  -85.443461534
    0.075709510  -85.442922690
    0.088312115  -85.442289069
    0.100938190  -85.441559301
    0.113564264  -85.440735759
    0.126166870  -85.439821219
    0.138792945  -85.438813836
    0.151419019  -85.437716784
    0.164021625  -85.436534039
    0.176647699  -85.435263016
    0.189273774  -85.433907787
    0.201876380  -85.432473171
    0.214502454  -85.430956014
    0.227105060  -85.429364249
    0.239731135  -85.427688424
    0.252357209  -85.425945700
    0.264959815  -85.424136309
    0.277585889  -85.422256214
    0.290211964  -85.420311512
    0.302814570  -85.418308861
    0.315440644  -85.416235101
    0.328043250  -85.414118273
    0.340669324  -85.411944847
    0.353295399  -85.409721845
    0.365898005  -85.407456706
    0.378524079  -85.405144210
    0.391150154  -85.402791789
    0.403752760  -85.400407201
    0.416378834  -85.397984867
    0.429004908  -85.395532515
    0.441607514  -85.393058107
    0.454233589  -85.390555755
    0.466836195  -85.388038078
    0.479462269  -85.385499012
    0.492088344  -85.382946531
    0.504690949  -85.380388826
    0.517317024  -85.377814736
    0.529943098  -85.375241655
    0.542545704  -85.372672878
    0.555171779  -85.370101972
    0.567797853  -85.367536813
    0.580400459  -85.364985181
    0.593026533  -85.362440552
    0.605629139  -85.359915295
    0.618255214  -85.357402860
    0.630881288  -85.354910758
    0.643483894  -85.352446276
    0.656109969  -85.350002884
    0.668736043  -85.347587768
    0.681338649  -85.345207831
    0.693964723  -85.342857426
    0.706590798  -85.340541798
    0.719193404  -85.338268169
    0.731819478  -85.336030250
    0.744422084  -85.333838237
    0.757048158  -85.331686418
    0.769674233  -85.329580631
    0.782276839  -85.327526513
    0.794902913  -85.325518187
    0.807528988  -85.323562111
    0.820131594  -85.321661633
    0.832757668  -85.319812077
    0.845383742  -85.318019487
    0.857986348  -85.316286455
    0.870612423  -85.314608814
    0.883215029  -85.312994037
    0.895841103  -85.311437281
    0.908467178  -85.309942712
    0.921069783  -85.308513970
    0.933695858  -85.307146705
    0.946321932  -85.305844548
    0.958924538  -85.304610583
    0.971550613  -85.303440281
    0.984153219  -85.302340305
    0.996779293  -85.301306358
    1.009405367  -85.300341180
    1.022007973  -85.299446944
    1.034634048  -85.298620844
    1.047260122  -85.297865089
    1.059862728  -85.297186569
    1.072488803  -85.296572630
    1.085114877  -85.296030181
    1.097717483  -85.295560328
    1.110343557  -85.295161578
    1.122946163  -85.294835626
    1.135572238  -85.294581434
    1.148198312  -85.294399810
    1.160800918  -85.294290987
    1.173426992  -85.294254616
    1.186005823  -85.294290709
    1.198568059  -85.294398706
    1.211146890  -85.294578617
    1.223709126  -85.294829508
    1.236287957  -85.295151402
    1.248850193  -85.295542633
    1.261429024  -85.296000430
    1.274007855  -85.296528652
    1.286570091  -85.297122426
    1.299148922  -85.297781816
    1.311711158  -85.298501305
    1.324289989  -85.299285199
    1.336852225  -85.300127360
    1.349431056  -85.301027900
    1.362009887  -85.301983497
    1.374572123  -85.302991404
    1.387150954  -85.304050012
    1.399713190  -85.305154733
    1.412292021  -85.306306190
    1.424870852  -85.307498831
    1.437433088  -85.308729585
    1.450011919  -85.309998127
    1.462574155  -85.311298061
    1.475152986  -85.312629700
    1.487715222  -85.313986360
    1.500294053  -85.315368401
    1.512872883  -85.316770784
    1.525435119  -85.318188331
    1.538013950  -85.319621472
    1.550576186  -85.321063105
    1.563155017  -85.322513706
    1.575717253  -85.323966124
    1.588296084  -85.325423277
    1.600874915  -85.326857286
    1.613437151  -85.328300148
    1.626015982  -85.329735495
    1.638578218  -85.331156344
    1.651157049  -85.332563299
    1.663719285  -85.333949553
    1.676298116  -85.335315731
    1.688876947  -85.336655066
    1.701439183  -85.337966772
    1.714018014  -85.339249606
    1.726580250  -85.340497444
    1.739159081  -85.341710924
    1.751721317  -85.342884279
    1.764300148  -85.344018135
    1.776878979  -85.345108538
    1.789441215  -85.346151866
    1.802020046  -85.347148708
    1.814582282  -85.348094378
    1.827161113  -85.348983228
    1.839739943  -85.349824631
    1.852302180  -85.350637041
    1.864881010  -85.351367109
    1.877443246  -85.352037795
    1.890022077  -85.352649514
    1.902584313  -85.353252742
    1.915163144  -85.353742477
    1.927741975  -85.354168891
    1.940304211  -85.354530687
    1.952883042  -85.354828093
    1.965445278  -85.355059729
    1.978024109  -85.355225740
    1.990586345  -85.355325357
    2.003165176  -85.355358644
    2.015650439  -85.355354690
    2.028135702  -85.355342844
    2.040620966  -85.355323158
    2.053106229  -85.355295718
    2.065591492  -85.355260641
    2.078053287  -85.355218168
    2.090538550  -85.355124641
    2.103023813  -85.355068632
    2.115509076  -85.355005861
    2.127994340  -85.354936599
    2.140479603  -85.354861516
    2.152964866  -85.354780174
    2.165450129  -85.354693325
    2.177935392  -85.354600140
    2.190420656  -85.354503503
    2.202905919  -85.354402564
    2.215391182  -85.354297766
    2.227852977  -85.354189776
    2.240338240  -85.354078664
    2.252823503  -85.353965119
    2.265308766  -85.353849646
    2.277794029  -85.353732755
    2.290279293  -85.353614968
    2.302764556  -85.353496808
    2.315249819  -85.353378804
    2.327735082  -85.353260263
    2.340220345  -85.353144256
    2.352705609  -85.353029983
    2.365190872  -85.352917959
    2.377652666  -85.352808890
    2.390137930  -85.352703348
    2.402623193  -85.352600880
    2.415108456  -85.352502639
    2.427593719  -85.352409057
    2.440078982  -85.352320560
    2.452564246  -85.352238751
    2.465049509  -85.352161635
    2.477534772  -85.352090750
    2.490020035  -85.352026422
    2.502505298  -85.351968946
    2.514990562  -85.351918588
    2.527452356  -85.351875653
    2.539937619  -85.351840179
    2.552422883  -85.351812416
    2.564908146  -85.351792493
    2.577393409  -85.351780502
    2.589878672  -85.351776499
    2.602561068  -85.351781195
    2.615284112  -85.351797627
    2.627966507  -85.351829116
    2.640689552  -85.351879318
    2.653371947  -85.351951351
    2.666094991  -85.352049113
    2.678777387  -85.352175371
    2.691500431  -85.352334291
    2.704182826  -85.352528140
    2.716905870  -85.352761379
    2.729588266  -85.353035521
    2.742311310  -85.353355446
    2.754993706  -85.353729436
    2.767716750  -85.354148399
    2.780399145  -85.354618949
    2.793122189  -85.355146504
    2.805804585  -85.355737995
    2.818527629  -85.356383594
    2.831210024  -85.357088410
    2.843933069  -85.357858507
    2.856615464  -85.358690263
    2.869338508  -85.359590057
    2.882020904  -85.360552920
    2.894743948  -85.361585537
    2.907426343  -85.362681540
    2.920149387  -85.363847744
    2.932831783  -85.365076658
    2.945554827  -85.366376164
    2.958237222  -85.367735511
    2.970960267  -85.369162948
    2.983642662  -85.370647857
    2.996365706  -85.372197977
    3.009048102  -85.373801350
    3.021771146  -85.375463039
    3.034453541  -85.377175608
    3.047176586  -85.378944320
    3.059858981  -85.380754802
    3.072582025  -85.382615352
    3.085264421  -85.384510573
    3.097987465  -85.386448892
    3.110669860  -85.388414035
    3.123392904  -85.390414526
    3.136075300  -85.392433377
    3.148798344  -85.394479173
    3.161480739  -85.396534388
    3.174203784  -85.398607625
    3.186886179  -85.400681005
    3.199609223  -85.402763104
    3.212291619  -85.404835880
    3.225014663  -85.406912140
    3.237697058  -85.408964987
    3.250420103  -85.411007382
    3.263102498  -85.413021524
    3.275825542  -85.415015596
    3.288507938  -85.416972197
    3.301230982  -85.418896476
    3.313913377  -85.420777413
    3.326636421  -85.422619599
    3.339318817  -85.424425317
    3.352041861  -85.426164452
    3.364724256  -85.427840868
    3.377447301  -85.429461377
    3.390129696  -85.431011857
    3.402852740  -85.432498624
    3.415535136  -85.433908570
    3.428258180  -85.435247844
    3.440940575  -85.436504559
    3.453663620  -85.437683860
    3.466346015  -85.438775512
    3.479069059  -85.439783995
    3.491751455  -85.440700567
    3.504474499  -85.441528999
    3.517156894  -85.442262116
    3.529879938  -85.442902941
    3.542562334  -85.443445930
    3.555285378  -85.443893157
    3.567967773  -85.444241115
    3.580690818  -85.444491040
    3.593373213  -85.444640774
    3.606096257  -85.444690936
    3.618675088  -85.444641903
    3.631237324  -85.444495165
    3.643816155  -85.444250633
    3.656378391  -85.443909453
    3.668957222  -85.443471457
    3.681519458  -85.442938644
    3.694098289  -85.442310784
    3.706677120  -85.441589703
    3.719239356  -85.440778076
    3.731818187  -85.439875435
    3.744380423  -85.438886027
    3.756959254  -85.437809294
    3.769521490  -85.436650816
    3.782100321  -85.435409017
    3.794679152  -85.434088416
    3.807241388  -85.432693679
    3.819820219  -85.431224058
    3.832382455  -85.429679036
    3.844961286  -85.428072505
    3.857540116  -85.426402655
    3.870102353  -85.424668316
    3.882681183  -85.422882317
    3.895243419  -85.421046545
    3.907822250  -85.419160120
    3.920384486  -85.417232100
    3.932963317  -85.415261593
    3.945542148  -85.413258583
    3.958104384  -85.411224270
    3.970683215  -85.409160570
    3.983245451  -85.407077494
    3.995824282  -85.404974182
    4.008386518  -85.402860880
    4.020965349  -85.400738204
    4.033544180  -85.398606804
    4.046106416  -85.396483854
    4.058685247  -85.394364512
    4.071247483  -85.392259208
    4.083826314  -85.390167225
    4.096388550  -85.388098903
    4.108967381  -85.386053577
    4.121546212  -85.384038762
    4.134108448  -85.382061760
    4.146687279  -85.380121993
    4.159249515  -85.378229144
    4.171828346  -85.376382697
    4.184390582  -85.374591901
    4.196969413  -85.372856296
    4.209548243  -85.371182448
    4.222110480  -85.369576452
    4.234689310  -85.368037940
    4.247251546  -85.366574681
    4.259830377  -85.365186550
    4.272409208  -85.363878499
    4.284971444  -85.362655500
    4.297550275  -85.361500922
    4.310112511  -85.360453248
    4.322691342  -85.359496011
    4.335253578  -85.358634089
    4.347832409  -85.357867334
    4.360411240  -85.357198843
    4.372973476  -85.356630957
    4.385552307  -85.356163585
    4.398114543  -85.355799117
    4.410693374  -85.355537499
    4.423255610  -85.355410914
    4.435834441  -85.355358644
    0.000000000  -54.286430254
    0.012626074  -54.286546377
    0.025228680  -54.286893649
    0.037854755  -54.287472645
    0.050480829  -54.288281683
    0.063083435  -54.289317277
    0.075709510  -54.290578877
    0.088312115  -54.292059738
    0.100938190  -54.293764352
    0.113564264  -54.295689994
    0.126166870  -54.297823598
    0.138792945  -54.300171004
    0.151419019  -54.302723802
    0.164021625  -54.305471687
    0.176647699  -54.308419516
    0.189273774  -54.311556596
    0.201876380  -54.314870463
    0.214502454  -54.318366985
    0.227105060  -54.322026369
    0.239731135  -54.325851294
    0.252357209  -54.329834799
    0.264959815  -54.333957968
    0.277585889  -54.338228148
    0.290211964  -54.342629516
    0.302814570  -54.347145031
    0.315440644  -54.351769703
    0.328043250  -54.356502589
    0.340669324  -54.361339989
    0.353295399  -54.366247474
    0.365898005  -54.371235304
    0.378524079  -54.376299081
    0.391150154  -54.381419998
    0.403752760  -54.386579041
    0.416378834  -54.391786483
    0.429004908  -54.397024360
    0.441607514  -54.402275055
    0.454233589  -54.407550756
    0.466836195  -54.412824702
    0.479462269  -54.418109360
    0.492088344  -54.423387612
    0.504690949  -54.428675801
    0.517317024  -54.433911241
    0.529943098  -54.439125994
    0.542545704  -54.444295317
    0.555171779  -54.449431520
    0.567797853  -54.454518271
    0.580400459  -54.459539924
    0.593026533  -54.464509186
    0.605629139  -54.469401957
    0.618255214  -54.474231181
    0.630881288  -54.478982760
    0.643483894  -54.483643538
    0.656109969  -54.488226683
    0.668736043  -54.492719596
    0.681338649  -54.497110695
    0.693964723  -54.501424617
    0.706590798  -54.505627588
    0.719193404  -54.509720817
    0.731819478  -54.513717374
    0.744422084  -54.517582417
    0.757048158  -54.521365553
    0.769674233  -54.525040145
    0.782276839  -54.528599676
    0.794902913  -54.532059842
    0.807528988  -54.535431692
    0.820131594  -54.538700360
    0.832757668  -54.541835425
    0.845383742  -54.544832355
    0.857986348  -54.547700598
    0.870612423  -54.550458752
    0.883215029  -54.553097168
    0.895841103  -54.555625789
    0.908467178  -54.558039677
    0.921069783  -54.560334787
    0.933695858  -54.562519831
    0.946321932  -54.564590628
    0.958924538  -54.566543870
    0.971550613  -54.568352829
    0.984153219  -54.570081604
    0.996779293  -54.571700344
    1.009405367  -54.573205947
    1.022007973  -54.574596165
    1.034634048  -54.575876466
    1.047260122  -54.577044521
    1.059862728  -54.578110471
    1.072488803  -54.579054782
    1.085114877  -54.579887714
    1.097717483  -54.580608100
    1.110343557  -54.581218673
    1.122946163  -54.581717220
    1.135572238  -54.582105659
    1.148198312  -54.582383011
    1.160800918  -54.582549116
    1.173426992  -54.582604619
    1.186005823  -54.582549555
    1.198568059  -54.582384929
    1.211146890  -54.582111137
    1.223709126  -54.581730274
    1.236287957  -54.581243245
    1.248850193  -54.580653766
    1.261429024  -54.579957897
    1.274007855  -54.579170217
    1.286570091  -54.578290746
    1.299148922  -54.577321489
    1.311711158  -54.576271622
    1.324289989  -54.575138982
    1.336852225  -54.573934260
    1.349431056  -54.572659901
    1.362009887  -54.571323310
    1.374572123  -54.569934703
    1.387150954  -54.568492251
    1.399713190  -54.567008018
    1.412292021  -54.565493903
    1.424870852  -54.563940276
    1.437433088  -54.562363660
    1.450011919  -54.560766719
    1.462574155  -54.559160231
    1.475152986  -54.557546574
    1.487715222  -54.555936538
    1.500294053  -54.554332166
    1.512872883  -54.552741526
    1.525435119  -54.551172193
    1.538013950  -54.549625108
    1.550576186  -54.548109017
    1.563155017  -54.546624190
    1.575717253  -54.545178420
    1.588296084  -54.543788113
    1.600874915  -54.542414051
    1.613437151  -54.541099852
    1.626015982  -54.539832657
    1.638578218  -54.538617738
    1.651157049  -54.537453433
    1.663719285  -54.536343986
    1.676298116  -54.535287279
    1.688876947  -54.534285205
    1.701439183  -54.533339343
    1.714018014  -54.532446827
    1.726580250  -54.531609531
    1.739159081  -54.530824492
    1.751721317  -54.530092792
    1.764300148  -54.529411301
    1.776878979  -54.528779645
    1.789441215  -54.528197053
    1.802020046  -54.527660369
    1.814582282  -54.527169313
    1.827161113  -54.526719003
    1.839739943  -54.526312096
    1.852302180  -54.525952020
    1.864881010  -54.525622164
    1.877443246  -54.525328576
    1.890022077  -54.525068704
    1.902584313  -54.524857995
    1.915163144  -54.524660573
    1.927741975  -54.524492585
    1.940304211  -54.524352900
    1.952883042  -54.524240026
    1.965445278  -54.524153331
    1.978024109  -54.524091851
    1.990586345  -54.524055220
    2.003165176  -54.524043024
    2.015650439  -54.523996340
    2.028135702  -54.523856488
    2.040620966  -54.523611166
    2.053106229  -54.523289607
    2.065591492  -54.522876923
    2.078053287  -54.522377026
    2.090538550  -54.521777079
    2.103023813  -54.521106294
    2.115509076  -54.520355106
    2.127994340  -54.519526886
    2.140479603  -54.518625870
    2.152964866  -54.517655649
    2.165450129  -54.516620856
    2.177935392  -54.515514290
    2.190420656  -54.514364588
    2.202905919  -54.513166888
    2.215391182  -54.511928232
    2.227852977  -54.510659298
    2.240338240  -54.509364512
    2.252823503  -54.508052871
    2.265308766  -54.506719525
    2.277794029  -54.505351743
    2.290279293  -54.503952134
    2.302764556  -54.502536068
    2.315249819  -54.501117090
    2.327735082  -54.499651502
    2.340220345  -54.498252613
    2.352705609  -54.496874700
    2.365190872  -54.495524012
    2.377652666  -54.494209038
    2.390137930  -54.492961495
    2.402623193  -54.491719481
    2.415108456  -54.490538620
    2.427593719  -54.489417657
    2.440078982  -54.488354453
    2.452564246  -54.487403606
    2.465049509  -54.486479818
    2.477534772  -54.485630843
    2.490020035  -54.484860538
    2.502505298  -54.484172408
    2.514990562  -54.483569590
    2.527452356  -54.483055713
    2.539937619  -54.482631185
    2.552422883  -54.482298991
    2.564908146  -54.482060638
    2.577393409  -54.481917202
    2.589878672  -54.481869321
    2.602561068  -54.481898115
    2.615284112  -54.481981210
    2.627966507  -54.482111846
    2.640689552  -54.482283572
    2.653371947  -54.482487012
    2.666094991  -54.482714154
    2.678777387  -54.482953310
    2.691500431  -54.483194825
    2.704182826  -54.483425183
    2.716905870  -54.483633090
    2.729588266  -54.483772919
    2.742311310  -54.483895397
    2.754993706  -54.483995028
    2.767716750  -54.483973323
    2.780399145  -54.483858257
    2.793122189  -54.483634838
    2.805804585  -54.483323632
    2.818527629  -54.482841927
    2.831210024  -54.482214000
    2.843933069  -54.481423723
    2.856615464  -54.480388351
    2.869338508  -54.479078278
    2.882020904  -54.477739940
    2.894743948  -54.476196808
    2.907426343  -54.474452302
    2.920149387  -54.472458968
    2.932831783  -54.470289496
    2.945554827  -54.467896412
    2.958237222  -54.465292299
    2.970960267  -54.462462407
    2.983642662  -54.459427323
    2.996365706  -54.456171633
    3.009048102  -54.452721655
    3.021771146  -54.449060394
    3.034453541  -54.445223199
    3.047176586  -54.441193355
    3.059858981  -54.437007463
    3.072582025  -54.432650701
    3.085264421  -54.428163853
    3.097987465  -54.423532027
    3.110669860  -54.418848796
    3.123392904  -54.413986169
    3.136075300  -54.409055183
    3.148798344  -54.404040413
    3.161480739  -54.398990247
    3.174203784  -54.393888837
    3.186886179  -54.388785219
    3.199609223  -54.383663052
    3.212291619  -54.378559660
    3.225014663  -54.373509056
    3.237697058  -54.368489912
    3.250420103  -54.363514681
    3.263102498  -54.358629378
    3.275825542  -54.353816300
    3.288507938  -54.349119031
    3.301230982  -54.344511166
    3.313913377  -54.340050589
    3.326636421  -54.335710362
    3.339318817  -54.331526915
    3.352041861  -54.327483763
    3.364724256  -54.323614110
    3.377447301  -54.319900348
    3.390129696  -54.316372611
    3.402852740  -54.313013990
    3.415535136  -54.309847113
    3.428258180  -54.306864177
    3.440940575  -54.304083744
    3.453663620  -54.301491254
    3.466346015  -54.299106039
    3.479069059  -54.296915158
    3.491751455  -54.294934567
    3.504474499  -54.293153200
    3.517156894  -54.291583775
    3.529879938  -54.290223950
    3.542562334  -54.289072962
    3.555285378  -54.288119478
    3.567967773  -54.287381743
    3.580690818  -54.286852777
    3.593373213  -54.286536236
    3.606096257  -54.286430254
    3.618675088  -54.286545519
    3.631237324  -54.286890578
    3.643816155  -54.287465958
    3.656378391  -54.288269487
    3.668957222  -54.289303407
    3.681519458  -54.290561514
    3.694098289  -54.292044795
    3.706677120  -54.293743887
    3.719239356  -54.295670306
    3.731818187  -54.297818796
    3.744380423  -54.300181113
    3.756959254  -54.302760580
    3.769521490  -54.305549176
    3.782100321  -54.308546798
    3.794679152  -54.311747684
    3.807241388  -54.315142796
    3.819820219  -54.318736262
    3.832382455  -54.322514115
    3.844961286  -54.326479053
    3.857540116  -54.330620774
    3.870102353  -54.334928320
    3.882681183  -54.339402876
    3.895243419  -54.344026511
    3.907822250  -54.348803281
    3.920384486  -54.353711931
    3.932963317  -54.358756251
    3.945542148  -54.363932733
    3.958104384  -54.369199762
    3.970683215  -54.374572331
    3.983245451  -54.380025061
    3.995824282  -54.385560638
    4.008386518  -54.391137825
    4.020965349  -54.396788605
    4.033544180  -54.402460728
    4.046106416  -54.408164078
    4.058685247  -54.413884946
    4.071247483  -54.419593861
    4.083826314  -54.425291350
    4.096388550  -54.430947960
    4.108967381  -54.436564580
    4.121546212  -54.442120195
    4.134108448  -54.447594569
    4.146687279  -54.452989257
    4.159249515  -54.458276920
    4.171828346  -54.463457973
    4.184390582  -54.468504830
    4.196969413  -54.473414341
    4.209548243  -54.478170407
    4.222110480  -54.482750756
    4.234689310  -54.487154000
    4.247251546  -54.491355532
    4.259830377  -54.495361903
    4.272409208  -54.499139659
    4.284971444  -54.502681019
    4.297550275  -54.505981232
    4.310112511  -54.509028567
    4.322691342  -54.511818629
    4.335253578  -54.514335683
    4.347832409  -54.516578759
    4.360411240  -54.518537511
    4.372973476  -54.520203884
    4.385552307  -54.521577030
    4.398114543  -54.522648869
    4.410693374  -54.523418552
    4.423255610  -54.523888428
    4.435834441  -54.524043024
    0.000000000  -53.856188118
    0.012626074  -53.856270567
    0.025228680  -53.856517187
    0.037854755  -53.856928471
    0.050480829  -53.857502936
    0.063083435  -53.858238108
    0.075709510  -53.859134306
    0.088312115  -53.860190831
    0.100938190  -53.861410178
    0.113564264  -53.862795662
    0.126166870  -53.864331166
    0.138792945  -53.866026218
    0.151419019  -53.867876457
    0.164021625  -53.869876210
    0.176647699  -53.872030952
    0.189273774  -53.874334959
    0.201876380  -53.876781234
    0.214502454  -53.879376418
    0.227105060  -53.882108238
    0.239731135  -53.884983737
    0.252357209  -53.887995370
    0.264959815  -53.891134003
    0.277585889  -53.894408053
    0.290211964  -53.897808357
    0.302814570  -53.901324650
    0.315440644  -53.904960796
    0.328043250  -53.908709412
    0.340669324  -53.912554426
    0.353295399  -53.916522135
    0.365898005  -53.920583191
    0.378524079  -53.924747979
    0.391150154  -53.929004201
    0.403752760  -53.933338901
    0.416378834  -53.937763549
    0.429004908  -53.942265675
    0.441607514  -53.946832437
    0.454233589  -53.951476687
    0.466836195  -53.956176974
    0.479462269  -53.960946429
    0.492088344  -53.965771722
    0.504690949  -53.970721015
    0.517317024  -53.975646337
    0.529943098  -53.980610668
    0.542545704  -53.985600613
    0.555171779  -53.990629188
    0.567797853  -53.995681470
    0.580400459  -54.000742295
    0.593026533  -54.005824742
    0.605629139  -54.010904127
    0.618255214  -54.015993540
    0.630881288  -54.021077671
    0.643483894  -54.026141243
    0.656109969  -54.031197264
    0.668736043  -54.036230438
    0.681338649  -54.041225660
    0.693964723  -54.046222860
    0.706590798  -54.051153194
    0.719193404  -54.056028495
    0.731819478  -54.060861308
    0.744422084  -54.065610814
    0.757048158  -54.070324970
    0.769674233  -54.074972285
    0.782276839  -54.079540791
    0.794902913  -54.084046796
    0.807528988  -54.088509183
    0.820131594  -54.092875702
    0.832757668  -54.097137466
    0.845383742  -54.101273770
    0.857986348  -54.105264399
    0.870612423  -54.109146872
    0.883215029  -54.112904666
    0.895841103  -54.116547681
    0.908467178  -54.120064307
    0.921069783  -54.123443865
    0.933695858  -54.126694545
    0.946321932  -54.129805665
    0.958924538  -54.132767743
    0.971550613  -54.135576891
    0.984153219  -54.138242196
    0.996779293  -54.140757598
    1.009405367  -54.143114595
    1.022007973  -54.145306069
    1.034634048  -54.147337232
    1.047260122  -54.149201160
    1.059862728  -54.150923562
    1.072488803  -54.152444503
    1.085114877  -54.153791469
    1.097717483  -54.154960555
    1.110343557  -54.155954457
    1.122946163  -54.156768081
    1.135572238  -54.157403315
    1.148198312  -54.157857590
    1.160800918  -54.158129934
    1.173426992  -54.158220983
    1.186005823  -54.158130624
    1.198568059  -54.157860256
    1.211146890  -54.157409869
    1.223709126  -54.156781821
    1.236287957  -54.155976086
    1.248850193  -54.154996882
    1.261429024  -54.153841827
    1.274007855  -54.152519602
    1.286570091  -54.151033580
    1.299148922  -54.149385154
    1.311711158  -54.147549283
    1.324289989  -54.145586420
    1.336852225  -54.143478013
    1.349431056  -54.141227556
    1.362009887  -54.138837390
    1.374572123  -54.136320707
    1.387150954  -54.133674986
    1.399713190  -54.130914863
    1.412292021  -54.128043660
    1.424870852  -54.125015642
    1.437433088  -54.121933631
    1.450011919  -54.118756216
    1.462574155  -54.115499915
    1.475152986  -54.112164762
    1.487715222  -54.108768406
    1.500294053  -54.105310694
    1.512872883  -54.101804706
    1.525435119  -54.098263589
    1.538013950  -54.094686296
    1.550576186  -54.091090492
    1.563155017  -54.087474891
    1.575717253  -54.083857206
    1.588296084  -54.080244888
    1.600874915  -54.076615529
    1.613437151  -54.073026300
    1.626015982  -54.069457768
    1.638578218  -54.065927209
    1.651157049  -54.062433045
    1.663719285  -54.058992088
    1.676298116  -54.055602692
    1.688876947  -54.052226075
    1.701439183  -54.048976585
    1.714018014  -54.045800170
    1.726580250  -54.042711834
    1.739159081  -54.039709828
    1.751721317  -54.036808252
    1.764300148  -54.034005410
    1.776878979  -54.031310967
    1.789441215  -54.028733799
    1.802020046  -54.026272416
    1.814582282  -54.023938375
    1.827161113  -54.021730495
    1.839739943  -54.019656069
    1.852302180  -54.017722335
    1.864881010  -54.015926956
    1.877443246  -54.014278680
    1.890022077  -54.012776259
    1.902584313  -54.011427832
    1.915163144  -54.010229226
    1.927741975  -54.009186166
    1.940304211  -54.008301583
    1.952883042  -54.007574713
    1.965445278  -54.007008762
    1.978024109  -54.006603241
    1.990586345  -54.006359939
    2.003165176  -54.006278648
    2.015650439  -54.006333321
    2.028135702  -54.006497106
    2.040620966  -54.006769408
    2.053106229  -54.007126996
    2.065591492  -54.007612904
    2.078053287  -54.008200960
    2.090538550  -54.008888638
    2.103023813  -54.009675317
    2.115509076  -54.010556481
    2.127994340  -54.011528371
    2.140479603  -54.012591051
    2.152964866  -54.013731644
    2.165450129  -54.014949373
    2.177935392  -54.016233851
    2.190420656  -54.017590190
    2.202905919  -54.019007192
    2.215391182  -54.020478966
    2.227852977  -54.021996614
    2.240338240  -54.023559650
    2.252823503  -54.025158019
    2.265308766  -54.026782509
    2.277794029  -54.028424087
    2.290279293  -54.030076019
    2.302764556  -54.031732099
    2.315249819  -54.033385554
    2.327735082  -54.035023038
    2.340220345  -54.036649168
    2.352705609  -54.038250754
    2.365190872  -54.039820472
    2.377652666  -54.041348290
    2.390137930  -54.042888531
    2.402623193  -54.044319408
    2.415108456  -54.045694044
    2.427593719  -54.047022450
    2.440078982  -54.048258523
    2.452564246  -54.049429608
    2.465049509  -54.050507084
    2.477534772  -54.051497668
    2.490020035  -54.052396774
    2.502505298  -54.053200235
    2.514990562  -54.053904319
    2.527452356  -54.054504716
    2.539937619  -54.055000881
    2.552422883  -54.055389260
    2.564908146  -54.055668020
    2.577393409  -54.055835828
    2.589878672  -54.055891861
    2.602561068  -54.055871564
    2.615284112  -54.055804723
    2.627966507  -54.055683398
    2.640689552  -54.055498650
    2.653371947  -54.055243844
    2.666094991  -54.054909877
    2.678777387  -54.054491874
    2.691500431  -54.053980584
    2.704182826  -54.053373226
    2.716905870  -54.052660346
    2.729588266  -54.051801356
    2.742311310  -54.050868284
    2.754993706  -54.049860221
    2.767716750  -54.048689537
    2.780399145  -54.047400070
    2.793122189  -54.045981577
    2.805804585  -54.044467740
    2.818527629  -54.042794769
    2.831210024  -54.041000225
    2.843933069  -54.039072797
    2.856615464  -54.036694853
    2.869338508  -54.034516940
    2.882020904  -54.032217899
    2.894743948  -54.029789309
    2.907426343  -54.027248778
    2.920149387  -54.024534821
    2.932831783  -54.021764008
    2.945554827  -54.018876623
    2.958237222  -54.015885308
    2.970960267  -54.012778457
    2.983642662  -54.009579372
    2.996365706  -54.006271209
    3.009048102  -54.002878948
    3.021771146  -53.999379631
    3.034453541  -53.995810457
    3.047176586  -53.992147613
    3.059858981  -53.988419147
    3.072582025  -53.984606031
    3.085264421  -53.980737688
    3.097987465  -53.976794609
    3.110669860  -53.972907467
    3.123392904  -53.968838487
    3.136075300  -53.964738352
    3.148798344  -53.960587293
    3.161480739  -53.956418622
    3.174203784  -53.952212736
    3.186886179  -53.948003912
    3.199609223  -53.943772913
    3.212291619  -53.939558609
    3.225014663  -53.935318146
    3.237697058  -53.931125467
    3.250420103  -53.926944502
    3.263102498  -53.922811020
    3.275825542  -53.918707829
    3.288507938  -53.914670579
    3.301230982  -53.910672223
    3.313913377  -53.906769870
    3.326636421  -53.902936947
    3.339318817  -53.899208778
    3.352041861  -53.895568452
    3.364724256  -53.892050020
    3.377447301  -53.888640170
    3.390129696  -53.885369659
    3.402852740  -53.882226242
    3.415535136  -53.879232808
    3.428258180  -53.876389842
    3.440940575  -53.873717027
    3.453663620  -53.871204431
    3.466346015  -53.868874824
    3.479069059  -53.866719539
    3.491751455  -53.864758090
    3.504474499  -53.862983159
    3.517156894  -53.861410793
    3.529879938  -53.860035921
    3.542562334  -53.858876735
    3.555285378  -53.857908364
    3.567967773  -53.857158273
    3.580690818  -53.856619311
    3.593373213  -53.856296332
    3.606096257  -53.856188118
    3.618675088  -53.856269946
    3.631237324  -53.856514830
    3.643816155  -53.856922884
    3.656378391  -53.857492029
    3.668957222  -53.858221087
    3.681519458  -53.859097574
    3.694098289  -53.860145541
    3.706677120  -53.861344345
    3.719239356  -53.862694012
    3.731818187  -53.864195441
    3.744380423  -53.865841703
    3.756959254  -53.867633869
    3.769521490  -53.869584971
    3.782100321  -53.871655563
    3.794679152  -53.873858314
    3.807241388  -53.876185580
    3.819820219  -53.878638744
    3.832382455  -53.881207001
    3.844961286  -53.883890371
    3.857540116  -53.886680696
    3.870102353  -53.889568272
    3.882681183  -53.892554512
    3.895243419  -53.895625351
    3.907822250  -53.898782357
    3.920384486  -53.902010451
    3.932963317  -53.905311194
    3.945542148  -53.908672712
    3.958104384  -53.912084074
    3.970683215  -53.915546301
    3.983245451  -53.919042585
    3.995824282  -53.922550840
    4.008386518  -53.926100189
    4.020965349  -53.929705466
    4.033544180  -53.933281095
    4.046106416  -53.936850520
    4.058685247  -53.940414290
    4.071247483  -53.943954355
    4.083826314  -53.947471351
    4.096388550  -53.950947358
    4.108967381  -53.954383163
    4.121546212  -53.957766211
    4.134108448  -53.961084829
    4.146687279  -53.964340996
    4.159249515  -53.967519602
    4.171828346  -53.970622469
    4.184390582  -53.973634629
    4.196969413  -53.976557347
    4.209548243  -53.979378943
    4.222110480  -53.982089088
    4.234689310  -53.984688078
    4.247251546  -53.987162454
    4.259830377  -53.989521093
    4.272409208  -53.991736701
    4.284971444  -53.993810278
    4.297550275  -53.995743066
    4.310112511  -53.997522955
    4.322691342  -53.999151172
    4.335253578  -54.000619224
    4.347832409  -54.001927115
    4.360411240  -54.003069238
    4.372973476  -54.004041152
    4.385552307  -54.004842436
    4.398114543  -54.005468273
    4.410693374  -54.005917927
    4.423255610  -54.006188201
    4.435834441  -54.006278648
    0.000000000  -53.088489877
    0.012626074  -53.088617172
    0.025228680  -53.088997810
    0.037854755  -53.089632302
    0.050480829  -53.090518633
    0.063083435  -53.091655052
    0.075709510  -53.093037106
    0.088312115  -53.094658911
    0.100938190  -53.096523898
    0.113564264  -53.098637108
    0.126166870  -53.100966613
    0.138792945  -53.103526508
    0.151419019  -53.106306942
    0.164021625  -53.109296003
    0.176647699  -53.112498278
    0.189273774  -53.115901456
    0.201876380  -53.119491377
    0.214502454  -53.123273791
    0.227105060  -53.127226735
    0.239731135  -53.131336318
    0.252357209  -53.135627179
    0.264959815  -53.140062375
    0.277585889  -53.144649603
    0.290211964  -53.149371753
    0.302814570  -53.154210590
    0.315440644  -53.159149401
    0.328043250  -53.164210715
    0.340669324  -53.169379358
    0.353295399  -53.174626117
    0.365898005  -53.179950339
    0.378524079  -53.185353934
    0.391150154  -53.190817743
    0.403752760  -53.196322268
    0.416378834  -53.201878982
    0.429004908  -53.207468841
    0.441607514  -53.213072793
    0.454233589  -53.218703361
    0.466836195  -53.224331500
    0.479462269  -53.229970219
    0.492088344  -53.235601242
    0.504690949  -53.241278564
    0.517317024  -53.246852907
    0.529943098  -53.252417023
    0.542545704  -53.257933660
    0.555171779  -53.263416510
    0.567797853  -53.268848627
    0.580400459  -53.274213692
    0.593026533  -53.279525568
    0.605629139  -53.284758670
    0.618255214  -53.289926907
    0.630881288  -53.295015161
    0.643483894  -53.300009188
    0.656109969  -53.304922856
    0.668736043  -53.309742337
    0.681338649  -53.314454792
    0.693964723  -53.319095799
    0.706590798  -53.323609717
    0.719193404  -53.328006498
    0.731819478  -53.332299554
    0.744422084  -53.336455099
    0.757048158  -53.340516379
    0.769674233  -53.344458934
    0.782276839  -53.348274673
    0.794902913  -53.351978401
    0.807528988  -53.355587745
    0.820131594  -53.359061793
    0.832757668  -53.362399098
    0.845383742  -53.365610307
    0.857986348  -53.368665975
    0.870612423  -53.371599140
    0.883215029  -53.374399253
    0.895841103  -53.377076908
    0.908467178  -53.379627041
    0.921069783  -53.382045673
    0.933695858  -53.384342350
    0.946321932  -53.386513110
    0.958924538  -53.388555026
    0.971550613  -53.390421803
    0.984153219  -53.392219252
    0.996779293  -53.393897709
    1.009405367  -53.395454692
    1.022007973  -53.396888650
    1.034634048  -53.398205952
    1.047260122  -53.399404850
    1.059862728  -53.400533461
    1.072488803  -53.401498105
    1.085114877  -53.402347041
    1.097717483  -53.403079775
    1.110343557  -53.403699725
    1.122946163  -53.404205187
    1.135572238  -53.404598549
    1.148198312  -53.404879170
    1.160800918  -53.405047132
    1.173426992  -53.405103238
    1.186005823  -53.405047556
    1.198568059  -53.404880803
    1.211146890  -53.404602541
    1.223709126  -53.404213516
    1.236287957  -53.403712719
    1.248850193  -53.403101514
    1.261429024  -53.402356693
    1.274007855  -53.401521969
    1.286570091  -53.400577652
    1.299148922  -53.399521500
    1.311711158  -53.398348236
    1.324289989  -53.397071760
    1.336852225  -53.395687691
    1.349431056  -53.394193044
    1.362009887  -53.392590409
    1.374572123  -53.390883798
    1.387150954  -53.389068652
    1.399713190  -53.387151774
    1.412292021  -53.385148920
    1.424870852  -53.383020913
    1.437433088  -53.380804014
    1.450011919  -53.378488471
    1.462574155  -53.376083465
    1.475152986  -53.373586144
    1.487715222  -53.371006978
    1.500294053  -53.368343383
    1.512872883  -53.365603260
    1.525435119  -53.362795231
    1.538013950  -53.359917077
    1.550576186  -53.356981932
    1.563155017  -53.353987959
    1.575717253  -53.350949331
    1.588296084  -53.347887820
    1.600874915  -53.344716378
    1.613437151  -53.341574644
    1.626015982  -53.338408704
    1.638578218  -53.335234804
    1.651157049  -53.332052718
    1.663719285  -53.328879207
    1.676298116  -53.325714453
    1.688876947  -53.322564537
    1.701439183  -53.319456075
    1.714018014  -53.316382886
    1.726580250  -53.313362002
    1.739159081  -53.310394377
    1.751721317  -53.307496722
    1.764300148  -53.304670206
    1.776878979  -53.301927433
    1.789441215  -53.299280431
    1.802020046  -53.296730628
    1.814582282  -53.294292951
    1.827161113  -53.291965637
    1.839739943  -53.289766411
    1.852302180  -53.287709794
    1.864881010  -53.285781397
    1.877443246  -53.284000540
    1.890022077  -53.282368506
    1.902584313  -53.280920048
    1.915163144  -53.279604657
    1.927741975  -53.278455572
    1.940304211  -53.277477869
    1.952883042  -53.276672285
    1.965445278  -53.276043676
    1.978024109  -53.275592522
    1.990586345  -53.275321548
    2.003165176  -53.275230961
    2.015650439  -53.275256506
    2.028135702  -53.275333036
    2.040620966  -53.275444232
    2.053106229  -53.275622528
    2.065591492  -53.275849891
    2.078053287  -53.276124985
    2.090538550  -53.276432344
    2.103023813  -53.276800576
    2.115509076  -53.277213140
    2.127994340  -53.277668318
    2.140479603  -53.278163983
    2.152964866  -53.278698528
    2.165450129  -53.279269474
    2.177935392  -53.279862222
    2.190420656  -53.280497794
    2.202905919  -53.281162053
    2.215391182  -53.281852190
    2.227852977  -53.282563923
    2.240338240  -53.283296909
    2.252823503  -53.284046633
    2.265308766  -53.284809606
    2.277794029  -53.285582168
    2.290279293  -53.286360914
    2.302764556  -53.287142581
    2.315249819  -53.287923814
    2.327735082  -53.288657102
    2.340220345  -53.289425967
    2.352705609  -53.290183980
    2.365190872  -53.290927645
    2.377652666  -53.291652153
    2.390137930  -53.292436927
    2.402623193  -53.293109961
    2.415108456  -53.293764867
    2.427593719  -53.294410904
    2.440078982  -53.294997142
    2.452564246  -53.295606736
    2.465049509  -53.296120860
    2.477534772  -53.296593793
    2.490020035  -53.297023277
    2.502505298  -53.297407257
    2.514990562  -53.297743887
    2.527452356  -53.298031051
    2.539937619  -53.298268439
    2.552422883  -53.298454308
    2.564908146  -53.298587745
    2.577393409  -53.298668086
    2.589878672  -53.298694916
    2.602561068  -53.298645090
    2.615284112  -53.298490829
    2.627966507  -53.298227479
    2.640689552  -53.297848427
    2.653371947  -53.297351925
    2.666094991  -53.296731323
    2.678777387  -53.295987828
    2.691500431  -53.295114574
    2.704182826  -53.294115675
    2.716905870  -53.292983853
    2.729588266  -53.291669973
    2.742311310  -53.290280063
    2.754993706  -53.288803102
    2.767716750  -53.287155258
    2.780399145  -53.285386463
    2.793122189  -53.283487278
    2.805804585  -53.281503850
    2.818527629  -53.279360833
    2.831210024  -53.277107794
    2.843933069  -53.274733232
    2.856615464  -53.272255332
    2.869338508  -53.269531215
    2.882020904  -53.266840445
    2.894743948  -53.264039943
    2.907426343  -53.261151081
    2.920149387  -53.258083657
    2.932831783  -53.255013227
    2.945554827  -53.251860195
    2.958237222  -53.248620362
    2.970960267  -53.245290228
    2.983642662  -53.241894602
    2.996365706  -53.238415267
    3.009048102  -53.234877993
    3.021771146  -53.231250678
    3.034453541  -53.227586079
    3.047176586  -53.223851231
    3.059858981  -53.220073667
    3.072582025  -53.216232920
    3.085264421  -53.212357348
    3.097987465  -53.208426032
    3.110669860  -53.204510058
    3.123392904  -53.200497304
    3.136075300  -53.196467002
    3.148798344  -53.192397956
    3.161480739  -53.188321009
    3.174203784  -53.184215140
    3.186886179  -53.180111939
    3.199609223  -53.175990775
    3.212291619  -53.171879234
    3.225014663  -53.167772416
    3.237697058  -53.163687514
    3.250420103  -53.159610574
    3.263102498  -53.155574910
    3.275825542  -53.151562282
    3.288507938  -53.147606250
    3.301230982  -53.143668017
    3.313913377  -53.139825351
    3.326636421  -53.136039905
    3.339318817  -53.132352885
    3.352041861  -53.128734170
    3.364724256  -53.125223968
    3.377447301  -53.121809260
    3.390129696  -53.118521356
    3.402852740  -53.115348698
    3.415535136  -53.112310383
    3.428258180  -53.109418142
    3.440940575  -53.106688274
    3.453663620  -53.104112143
    3.466346015  -53.101714715
    3.479069059  -53.099488765
    3.491751455  -53.097456175
    3.504474499  -53.095611086
    3.517156894  -53.093971854
    3.529879938  -53.092537861
    3.542562334  -53.091314494
    3.555285378  -53.090295164
    3.567967773  -53.089508682
    3.580690818  -53.088942914
    3.593373213  -53.088603607
    3.606096257  -53.088489877
    3.618675088  -53.088616210
    3.631237324  -53.088994114
    3.643816155  -53.089623299
    3.656378391  -53.090499965
    3.668957222  -53.091626483
    3.681519458  -53.092990319
    3.694098289  -53.094596601
    3.706677120  -53.096425746
    3.719239356  -53.098482702
    3.731818187  -53.100761247
    3.744380423  -53.103247884
    3.756959254  -53.105941046
    3.769521490  -53.108836089
    3.782100321  -53.111909170
    3.794679152  -53.115157778
    3.807241388  -53.118567027
    3.819820219  -53.122135247
    3.832382455  -53.125838440
    3.844961286  -53.129682447
    3.857540116  -53.133647010
    3.870102353  -53.137707117
    3.882681183  -53.141877419
    3.895243419  -53.146126820
    3.907822250  -53.150454476
    3.920384486  -53.154836931
    3.932963317  -53.159273762
    3.945542148  -53.163769931
    3.958104384  -53.168263309
    3.970683215  -53.172775978
    3.983245451  -53.177284710
    3.995824282  -53.181790330
    4.008386518  -53.186264409
    4.020965349  -53.190730316
    4.033544180  -53.195108362
    4.046106416  -53.199467318
    4.058685247  -53.203772218
    4.071247483  -53.208002551
    4.083826314  -53.212160691
    4.096388550  -53.216227290
    4.108967381  -53.220205197
    4.121546212  -53.224081699
    4.134108448  -53.227845333
    4.146687279  -53.231500200
    4.159249515  -53.235031396
    4.171828346  -53.238443334
    4.184390582  -53.241722306
    4.196969413  -53.244870457
    4.209548243  -53.247882830
    4.222110480  -53.250749723
    4.234689310  -53.253474879
    4.247251546  -53.256047597
    4.259830377  -53.258490082
    4.272409208  -53.260758670
    4.284971444  -53.262866731
    4.297550275  -53.264808212
    4.310112511  -53.266594407
    4.322691342  -53.268218911
    4.335253578  -53.269675779
    4.347832409  -53.270967373
    4.360411240  -53.272090314
    4.372973476  -53.273042232
    4.385552307  -53.273824489
    4.398114543  -53.274433909
    4.410693374  -53.274870996
    4.423255610  -53.275143214
    4.435834441  -53.275230961
    0.000000000  -51.576038028
    0.012626074  -51.576164544
    0.025228680  -51.576542916
    0.037854755  -51.577173842
    0.050480829  -51.578055630
    0.063083435  -51.579185732
    0.075709510  -51.580563608
    0.088312115  -51.582183013
    0.100938190  -51.584046948
    0.113564264  -51.586156757
    0.126166870  -51.588489812
    0.138792945  -51.591057069
    0.151419019  -51.593849595
    0.164021625  -51.596856347
    0.176647699  -51.600082857
    0.189273774  -51.603517632
    0.201876380  -51.607147223
    0.214502454  -51.610978247
    0.227105060  -51.614989198
    0.239731135  -51.619180537
    0.252357209  -51.623550090
    0.264959815  -51.628074564
    0.277585889  -51.632762140
    0.290211964  -51.637595559
    0.302814570  -51.642556197
    0.315440644  -51.647639432
    0.328043250  -51.652842924
    0.340669324  -51.658161859
    0.353295399  -51.663579026
    0.365898005  -51.669072620
    0.378524079  -51.674652685
    0.391150154  -51.680298623
    0.403752760  -51.685989457
    0.416378834  -51.691736310
    0.429004908  -51.697518926
    0.441607514  -51.703317214
    0.454233589  -51.709143887
    0.466836195  -51.714968666
    0.479462269  -51.720804698
    0.492088344  -51.726632587
    0.504690949  -51.732493275
    0.517317024  -51.738268942
    0.529943098  -51.744022522
    0.542545704  -51.749724028
    0.555171779  -51.755386989
    0.567797853  -51.760993391
    0.580400459  -51.766526031
    0.593026533  -51.771998973
    0.605629139  -51.777385766
    0.618255214  -51.782700776
    0.630881288  -51.787928618
    0.643483894  -51.793054974
    0.656109969  -51.798094498
    0.668736043  -51.803033514
    0.681338649  -51.807859482
    0.693964723  -51.812604815
    0.706590798  -51.817222540
    0.719193404  -51.821719075
    0.731819478  -51.826108931
    0.744422084  -51.830360714
    0.757048158  -51.834514882
    0.769674233  -51.838549041
    0.782276839  -51.842455002
    0.794902913  -51.846246689
    0.807528988  -51.849933210
    0.820131594  -51.853475030
    0.832757668  -51.856898403
    0.845383742  -51.860209629
    0.857986348  -51.863374070
    0.870612423  -51.866419466
    0.883215029  -51.869334635
    0.895841103  -51.872130480
    0.908467178  -51.874801506
    0.921069783  -51.877343163
    0.933695858  -51.879764997
    0.946321932  -51.882062243
    0.958924538  -51.884231056
    0.971550613  -51.886244226
    0.984153219  -51.888167063
    0.996779293  -51.889969199
    1.009405367  -51.891646948
    1.022007973  -51.893197574
    1.034634048  -51.894626953
    1.047260122  -51.895932240
    1.059862728  -51.897144654
    1.072488803  -51.898201447
    1.085114877  -51.899134111
    1.097717483  -51.899941145
    1.110343557  -51.900625458
    1.122946163  -51.901184432
    1.135572238  -51.901620093
    1.148198312  -51.901931242
    1.160800918  -51.902117619
    1.173426992  -51.902179901
    1.186005823  -51.902118117
    1.198568059  -51.901933486
    1.211146890  -51.901626705
    1.223709126  -51.901200542
    1.236287957  -51.900656598
    1.248850193  -51.899999768
    1.261429024  -51.899222614
    1.274007855  -51.898350324
    1.286570091  -51.897380113
    1.299148922  -51.896315606
    1.311711158  -51.895151671
    1.324289989  -51.893921007
    1.336852225  -51.892620168
    1.349431056  -51.891253948
    1.362009887  -51.889831665
    1.374572123  -51.888365591
    1.387150954  -51.886857334
    1.399713190  -51.885320938
    1.412292021  -51.883772205
    1.424870852  -51.882187230
    1.437433088  -51.880611822
    1.450011919  -51.879037916
    1.462574155  -51.877477681
    1.475152986  -51.875934730
    1.487715222  -51.874420480
    1.500294053  -51.872937819
    1.512872883  -51.871495128
    1.525435119  -51.870099997
    1.538013950  -51.868753902
    1.550576186  -51.867464923
    1.563155017  -51.866233548
    1.575717253  -51.865066271
    1.588296084  -51.863982656
    1.600874915  -51.862928195
    1.613437151  -51.861963066
    1.626015982  -51.861065832
    1.638578218  -51.860238995
    1.651157049  -51.859479949
    1.663719285  -51.858789751
    1.676298116  -51.858165141
    1.688876947  -51.857586623
    1.701439183  -51.857090275
    1.714018014  -51.856652937
    1.726580250  -51.856272790
    1.739159081  -51.855945579
    1.751721317  -51.855668700
    1.764300148  -51.855437769
    1.776878979  -51.855249391
    1.789441215  -51.855099861
    1.802020046  -51.854984859
    1.814582282  -51.854900767
    1.827161113  -51.854841074
    1.839739943  -51.854806934
    1.852302180  -51.854800824
    1.864881010  -51.854801638
    1.877443246  -51.854814752
    1.890022077  -51.854836987
    1.902584313  -51.854886431
    1.915163144  -51.854917533
    1.927741975  -51.854949611
    1.940304211  -51.854980461
    1.952883042  -51.855008309
    1.965445278  -51.855031547
    1.978024109  -51.855049035
    1.990586345  -51.855059862
    2.003165176  -51.855063535
    2.015650439  -51.854999558
    2.028135702  -51.854807856
    2.040620966  -51.854489853
    2.053106229  -51.854045630
    2.065591492  -51.853477607
    2.078053287  -51.852789078
    2.090538550  -51.851961513
    2.103023813  -51.851035174
    2.115509076  -51.849995996
    2.127994340  -51.848847980
    2.140479603  -51.847601342
    2.152964866  -51.846249992
    2.165450129  -51.844804801
    2.177935392  -51.843251541
    2.190420656  -51.841636717
    2.202905919  -51.839948517
    2.215391182  -51.838195762
    2.227852977  -51.836392180
    2.240338240  -51.834541716
    2.252823503  -51.832652915
    2.265308766  -51.830718139
    2.277794029  -51.828732071
    2.290279293  -51.826707053
    2.302764556  -51.824660287
    2.315249819  -51.822605555
    2.327735082  -51.820496908
    2.340220345  -51.818458259
    2.352705609  -51.816442606
    2.365190872  -51.814459401
    2.377652666  -51.812521608
    2.390137930  -51.810673268
    2.402623193  -51.808832882
    2.415108456  -51.807074422
    2.427593719  -51.805389286
    2.440078982  -51.803796488
    2.452564246  -51.802346351
    2.465049509  -51.800952737
    2.477534772  -51.799668462
    2.490020035  -51.798500246
    2.502505298  -51.797454255
    2.514990562  -51.796536057
    2.527452356  -51.795751923
    2.539937619  -51.795103134
    2.552422883  -51.794594810
    2.564908146  -51.794229721
    2.577393409  -51.794009864
    2.589878672  -51.793936444
    2.602561068  -51.793972842
    2.615284112  -51.794079275
    2.627966507  -51.794249260
    2.640689552  -51.794476705
    2.653371947  -51.794751632
    2.666094991  -51.795065863
    2.678777387  -51.795406150
    2.691500431  -51.795762089
    2.704182826  -51.796117679
    2.716905870  -51.796460317
    2.729588266  -51.796731355
    2.742311310  -51.796999595
    2.754993706  -51.797248652
    2.767716750  -51.797371477
    2.780399145  -51.797394971
    2.793122189  -51.797301557
    2.805804585  -51.797117393
    2.818527629  -51.796736898
    2.831210024  -51.796190328
    2.843933069  -51.795458724
    2.856615464  -51.794526487
    2.869338508  -51.793290267
    2.882020904  -51.791925335
    2.894743948  -51.790321756
    2.907426343  -51.788481275
    2.920149387  -51.786338188
    2.932831783  -51.783996871
    2.945554827  -51.781397527
    2.958237222  -51.778541402
    2.970960267  -51.775417800
    2.983642662  -51.772049262
    2.996365706  -51.768418673
    3.009048102  -51.764555530
    3.021771146  -51.760435993
    3.034453541  -51.756110270
    3.047176586  -51.751555069
    3.059858981  -51.746812395
    3.072582025  -51.741866189
    3.085264421  -51.736763579
    3.097987465  -51.731488550
    3.110669860  -51.726101246
    3.123392904  -51.720561662
    3.136075300  -51.714939725
    3.148798344  -51.709218909
    3.161480739  -51.703455479
    3.174203784  -51.697632395
    3.186886179  -51.691806639
    3.199609223  -51.685960525
    3.212291619  -51.680172409
    3.225014663  -51.674380600
    3.237697058  -51.668659098
    3.250420103  -51.662991644
    3.263102498  -51.657431114
    3.275825542  -51.651957687
    3.288507938  -51.646621118
    3.301230982  -51.641384123
    3.313913377  -51.636327256
    3.326636421  -51.631412231
    3.339318817  -51.626685499
    3.352041861  -51.622117452
    3.364724256  -51.617750319
    3.377447301  -51.613563726
    3.390129696  -51.609591105
    3.402852740  -51.605812843
    3.415535136  -51.602250835
    3.428258180  -51.598901703
    3.440940575  -51.595782700
    3.453663620  -51.592876929
    3.466346015  -51.590205524
    3.479069059  -51.587753485
    3.491751455  -51.585538204
    3.504474499  -51.583546877
    3.517156894  -51.581793337
    3.529879938  -51.580273935
    3.542562334  -51.578984253
    3.555285378  -51.577918602
    3.567967773  -51.577097176
    3.580690818  -51.576508319
    3.593373213  -51.576155986
    3.606096257  -51.576038028
    3.618675088  -51.576163614
    3.631237324  -51.576539666
    3.643816155  -51.577167038
    3.656378391  -51.578043829
    3.668957222  -51.579173369
    3.681519458  -51.580548940
    3.694098289  -51.582178799
    3.706677120  -51.584055107
    3.719239356  -51.586176161
    3.731818187  -51.588546407
    3.744380423  -51.591158186
    3.756959254  -51.594016705
    3.769521490  -51.597126404
    3.782100321  -51.600466043
    3.794679152  -51.604041959
    3.807241388  -51.607845737
    3.819820219  -51.611883701
    3.832382455  -51.616140527
    3.844961286  -51.620623530
    3.857540116  -51.625321292
    3.870102353  -51.630220389
    3.882681183  -51.635328437
    3.895243419  -51.640623732
    3.907822250  -51.646112025
    3.920384486  -51.651769854
    3.932963317  -51.657602390
    3.945542148  -51.663608208
    3.958104384  -51.669735772
    3.970683215  -51.676004629
    3.983245451  -51.682385347
    3.995824282  -51.688878287
    4.008386518  -51.695457455
    4.020965349  -51.702141658
    4.033544180  -51.708848590
    4.046106416  -51.715610853
    4.058685247  -51.722409885
    4.071247483  -51.729210232
    4.083826314  -51.736011904
    4.096388550  -51.742778776
    4.108967381  -51.749510483
    4.121546212  -51.756179996
    4.134108448  -51.762760948
    4.146687279  -51.769253281
    4.159249515  -51.775622509
    4.171828346  -51.781867923
    4.184390582  -51.787955359
    4.196969413  -51.793879745
    4.209548243  -51.799622037
    4.222110480  -51.805154407
    4.234689310  -51.810474692
    4.247251546  -51.815552708
    4.259830377  -51.820404902
    4.272409208  -51.824972484
    4.284971444  -51.829254674
    4.297550275  -51.833243321
    4.310112511  -51.836928176
    4.322691342  -51.840301567
    4.335253578  -51.843344286
    4.347832409  -51.846055045
    4.360411240  -51.848421292
    4.372973476  -51.850433346
    4.385552307  -51.852090343
    4.398114543  -51.853382835
    4.410693374  -51.854310263
    4.423255610  -51.854877448
    4.435834441  -51.855063535
    0.000000000  -51.149881530
    0.012626074  -51.149969997
    0.025228680  -51.150234651
    0.037854755  -51.150676200
    0.050480829  -51.151293811
    0.063083435  -51.152088260
    0.075709510  -51.153054826
    0.088312115  -51.154191680
    0.100938190  -51.155503436
    0.113564264  -51.156998598
    0.126166870  -51.158651488
    0.138792945  -51.160476275
    0.151419019  -51.162468294
    0.164021625  -51.164621508
    0.176647699  -51.166941909
    0.189273774  -51.169423456
    0.201876380  -51.172058752
    0.214502454  -51.174855113
    0.227105060  -51.177799494
    0.239731135  -51.180895453
    0.252357209  -51.184143526
    0.264959815  -51.187529869
    0.277585889  -51.191063819
    0.290211964  -51.194735768
    0.302814570  -51.198534930
    0.315440644  -51.202463949
    0.328043250  -51.206519012
    0.340669324  -51.210704195
    0.353295399  -51.214994855
    0.365898005  -51.219401359
    0.378524079  -51.223924943
    0.391150154  -51.228552770
    0.403752760  -51.233271146
    0.416378834  -51.238092795
    0.429004908  -51.243004185
    0.441607514  -51.247991142
    0.454233589  -51.253067443
    0.466836195  -51.258209373
    0.479462269  -51.263431091
    0.492088344  -51.268717912
    0.504690949  -51.274163324
    0.517317024  -51.279564396
    0.529943098  -51.285016043
    0.542545704  -51.290499860
    0.555171779  -51.296030264
    0.567797853  -51.301590960
    0.580400459  -51.307165333
    0.593026533  -51.312767857
    0.605629139  -51.318371365
    0.618255214  -51.323990309
    0.630881288  -51.329607784
    0.643483894  -51.335206856
    0.656109969  -51.340801831
    0.668736043  -51.346375692
    0.681338649  -51.351911561
    0.693964723  -51.357457262
    0.706590798  -51.362929002
    0.719193404  -51.368343160
    0.731819478  -51.373713359
    0.744422084  -51.378998715
    0.757048158  -51.384241770
    0.769674233  -51.389411904
    0.782276839  -51.394494255
    0.794902913  -51.399504109
    0.807528988  -51.404464191
    0.820131594  -51.409305374
    0.832757668  -51.414029449
    0.845383742  -51.418645653
    0.857986348  -51.423105867
    0.870612423  -51.427450429
    0.883215029  -51.431658006
    0.895841103  -51.435738764
    0.908467178  -51.439679300
    0.921069783  -51.443467405
    0.933695858  -51.447112071
    0.946321932  -51.450601168
    0.958924538  -51.453923910
    0.971550613  -51.457073547
    0.984153219  -51.460064467
    0.996779293  -51.462887721
    1.009405367  -51.465533677
    1.022007973  -51.467994263
    1.034634048  -51.470275263
    1.047260122  -51.472368812
    1.059862728  -51.474320122
    1.072488803  -51.476028785
    1.085114877  -51.477542037
    1.097717483  -51.478855469
    1.110343557  -51.479972109
    1.122946163  -51.480886230
    1.135572238  -51.481599942
    1.148198312  -51.482110349
    1.160800918  -51.482416349
    1.173426992  -51.482518651
    1.186005823  -51.482417122
    1.198568059  -51.482113318
    1.211146890  -51.481607175
    1.223709126  -51.480901255
    1.236287957  -51.479995410
    1.248850193  -51.478894226
    1.261429024  -51.477589601
    1.274007855  -51.476101484
    1.286570091  -51.474428230
    1.299148922  -51.472569481
    1.311711158  -51.470493561
    1.324289989  -51.468280343
    1.336852225  -51.465901593
    1.349431056  -51.463356704
    1.362009887  -51.460654754
    1.374572123  -51.457806179
    1.387150954  -51.454809784
    1.399713190  -51.451680638
    1.412292021  -51.448423996
    1.424870852  -51.445010547
    1.437433088  -51.441515737
    1.450011919  -51.437910386
    1.462574155  -51.434212573
    1.475152986  -51.430421437
    1.487715222  -51.426556113
    1.500294053  -51.422615668
    1.512872883  -51.418614492
    1.525435119  -51.414567315
    1.538013950  -51.410472797
    1.550576186  -51.406351098
    1.563155017  -51.402200721
    1.575717253  -51.398042006
    1.588296084  -51.393884509
    1.600874915  -51.389689999
    1.613437151  -51.385546952
    1.626015982  -51.381422067
    1.638578218  -51.377335433
    1.651157049  -51.373285375
    1.663719285  -51.369291564
    1.676298116  -51.365352310
    1.688876947  -51.361416202
    1.701439183  -51.357629705
    1.714018014  -51.353923654
    1.726580250  -51.350315905
    1.739159081  -51.346804786
    1.751721317  -51.343407160
    1.764300148  -51.340121413
    1.776878979  -51.336959215
    1.789441215  -51.333931317
    1.802020046  -51.331036278
    1.814582282  -51.328287993
    1.827161113  -51.325684939
    1.839739943  -51.323236902
    1.852302180  -51.320953161
    1.864881010  -51.318830084
    1.877443246  -51.316878989
    1.890022077  -51.315098852
    1.902584313  -51.313503049
    1.915163144  -51.312080530
    1.927741975  -51.310841739
    1.940304211  -51.309790521
    1.952883042  -51.308926288
    1.965445278  -51.308253111
    1.978024109  -51.307770613
    1.990586345  -51.307481069
    2.003165176  -51.307384317
    2.015650439  -51.307456878
    2.028135702  -51.307674239
    2.040620966  -51.308022331
    2.053106229  -51.308526604
    2.065591492  -51.309170587
    2.078053287  -51.309950017
    2.090538550  -51.310858500
    2.103023813  -51.311900984
    2.115509076  -51.313068305
    2.127994340  -51.314355324
    2.140479603  -51.315764076
    2.152964866  -51.317272908
    2.165450129  -51.318882884
    2.177935392  -51.320578599
    2.190420656  -51.322369781
    2.202905919  -51.324239566
    2.215391182  -51.326179774
    2.227852977  -51.328178147
    2.240338240  -51.330233551
    2.252823503  -51.332333200
    2.265308766  -51.334467129
    2.277794029  -51.336624740
    2.290279293  -51.338796212
    2.302764556  -51.340972389
    2.315249819  -51.343143966
    2.327735082  -51.345298220
    2.340220345  -51.347431839
    2.352705609  -51.349532135
    2.365190872  -51.351589661
    2.377652666  -51.353591434
    2.390137930  -51.355609861
    2.402623193  -51.357483913
    2.415108456  -51.359282898
    2.427593719  -51.361005318
    2.440078982  -51.362622986
    2.452564246  -51.364152180
    2.465049509  -51.365560603
    2.477534772  -51.366854842
    2.490020035  -51.368029054
    2.502505298  -51.369077937
    2.514990562  -51.369996751
    2.527452356  -51.370779993
    2.539937619  -51.371427065
    2.552422883  -51.371933431
    2.564908146  -51.372296787
    2.577393409  -51.372515475
    2.589878672  -51.372588486
    2.602561068  -51.372593425
    2.615284112  -51.372598836
    2.627966507  -51.372590134
    2.640689552  -51.372552331
    2.653371947  -51.372470765
    2.666094991  -51.372330167
    2.678777387  -51.372117233
    2.691500431  -51.371817031
    2.704182826  -51.371418857
    2.716905870  -51.370908524
    2.729588266  -51.370231390
    2.742311310  -51.369470914
    2.754993706  -51.368618087
    2.767716750  -51.367573451
    2.780399145  -51.366382126
    2.793122189  -51.365032465
    2.805804585  -51.363567834
    2.818527629  -51.361900343
    2.831210024  -51.360078898
    2.843933069  -51.358091990
    2.856615464  -51.355915220
    2.869338508  -51.353423758
    2.882020904  -51.350972954
    2.894743948  -51.348362714
    2.907426343  -51.345612804
    2.920149387  -51.342645753
    2.932831783  -51.339612361
    2.945554827  -51.336441552
    2.958237222  -51.333138194
    2.970960267  -51.329694714
    2.983642662  -51.326137290
    2.996365706  -51.322447400
    3.009048102  -51.318652975
    3.021771146  -51.314723731
    3.034453541  -51.310710057
    3.047176586  -51.306580576
    3.059858981  -51.302366549
    3.072582025  -51.298046061
    3.085264421  -51.293652030
    3.097987465  -51.289161900
    3.110669860  -51.284687076
    3.123392904  -51.280038664
    3.136075300  -51.275342684
    3.148798344  -51.270576408
    3.161480739  -51.265778148
    3.174203784  -51.260925585
    3.186886179  -51.256058690
    3.199609223  -51.251155843
    3.212291619  -51.246249092
    3.225014663  -51.241343418
    3.237697058  -51.236459059
    3.250420103  -51.231582348
    3.263102498  -51.226756462
    3.275825542  -51.221962871
    3.288507938  -51.217244800
    3.301230982  -51.212565202
    3.313913377  -51.208006570
    3.326636421  -51.203532114
    3.339318817  -51.199189109
    3.352041861  -51.194949754
    3.364724256  -51.190859108
    3.377447301  -51.186902365
    3.390129696  -51.183115610
    3.402852740  -51.179484785
    3.415535136  -51.176034220
    3.428258180  -51.172767905
    3.440940575  -51.169705824
    3.453663620  -51.166835658
    3.466346015  -51.164182284
    3.479069059  -51.161734524
    3.491751455  -51.159513130
    3.504474499  -51.157508323
    3.517156894  -51.155736732
    3.529879938  -51.154195406
    3.542562334  -51.152885352
    3.555285378  -51.151799722
    3.567967773  -51.150962620
    3.580690818  -51.150361803
    3.593373213  -51.150002028
    3.606096257  -51.149881530
    3.618675088  -51.149969328
    3.631237324  -51.150232066
    3.643816155  -51.150669863
    3.656378391  -51.151280599
    3.668957222  -51.152064875
    3.681519458  -51.153017897
    3.694098289  -51.154145481
    3.706677120  -51.155427290
    3.719239356  -51.156876663
    3.731818187  -51.158488078
    3.744380423  -51.160253818
    3.756959254  -51.162174737
    3.769521490  -51.164272980
    3.782100321  -51.166489363
    3.794679152  -51.168845230
    3.807241388  -51.171332079
    3.819820219  -51.173951051
    3.832382455  -51.176688909
    3.844961286  -51.179548176
    3.857540116  -51.182518381
    3.870102353  -51.185586229
    3.882681183  -51.188758330
    3.895243419  -51.192016741
    3.907822250  -51.195362872
    3.920384486  -51.198780510
    3.932963317  -51.202271100
    3.945542148  -51.205825212
    3.958104384  -51.209424616
    3.970683215  -51.213073498
    3.983245451  -51.216754068
    3.995824282  -51.220467763
    4.008386518  -51.224186117
    4.020965349  -51.227982139
    4.033544180  -51.231723622
    4.046106416  -51.235461252
    4.058685247  -51.239189382
    4.071247483  -51.242889484
    4.083826314  -51.246562623
    4.096388550  -51.250190474
    4.108967381  -51.253774140
    4.121546212  -51.257300601
    4.134108448  -51.260757516
    4.146687279  -51.264146586
    4.159249515  -51.267451694
    4.171828346  -51.270674463
    4.184390582  -51.273799274
    4.196969413  -51.276826877
    4.209548243  -51.279746696
    4.222110480  -51.282547807
    4.234689310  -51.285230902
    4.247251546  -51.287782479
    4.259830377  -51.290220950
    4.272409208  -51.292500742
    4.284971444  -51.294632143
    4.297550275  -51.296614226
    4.310112511  -51.298439928
    4.322691342  -51.300108246
    4.335253578  -51.301610775
    4.347832409  -51.302947840
    4.360411240  -51.304114063
    4.372973476  -51.305105316
    4.385552307  -51.305921622
    4.398114543  -51.306558552
    4.410693374  -51.307015813
    4.423255610  -51.307292400
    4.435834441  -51.307384317
    0.000000000  -50.817743984
    0.012626074  -50.817881488
    0.025228680  -50.818292626
    0.037854755  -50.818977843
    0.050480829  -50.819934653
    0.063083435  -50.821159665
    0.075709510  -50.822650795
    0.088312115  -50.824401548
    0.100938190  -50.826414047
    0.113564264  -50.828691079
    0.126166870  -50.831201975
    0.138792945  -50.833959829
    0.151419019  -50.836953741
    0.164021625  -50.840170581
    0.176647699  -50.843614964
    0.189273774  -50.847273328
    0.201876380  -50.851130146
    0.214502454  -50.855191301
    0.227105060  -50.859432939
    0.239731135  -50.863844086
    0.252357209  -50.868442658
    0.264959815  -50.873192985
    0.277585889  -50.878103160
    0.290211964  -50.883154745
    0.302814570  -50.888328167
    0.315440644  -50.893609958
    0.328043250  -50.899015423
    0.340669324  -50.904524701
    0.353295399  -50.910132047
    0.365898005  -50.915810475
    0.378524079  -50.921571316
    0.391150154  -50.927394348
    0.403752760  -50.933259044
    0.416378834  -50.939177906
    0.429004908  -50.945130948
    0.441607514  -50.951098179
    0.454233589  -50.957093214
    0.466836195  -50.963085377
    0.479462269  -50.969088742
    0.492088344  -50.975084053
    0.504690949  -50.981123175
    0.517317024  -50.987062413
    0.529943098  -50.992987976
    0.542545704  -50.998863819
    0.555171779  -51.004704652
    0.567797853  -51.010492537
    0.580400459  -51.016210156
    0.593026533  -51.021872328
    0.605629139  -51.027451790
    0.618255214  -51.032963346
    0.630881288  -51.038390813
    0.643483894  -51.043718900
    0.656109969  -51.048962277
    0.668736043  -51.054106031
    0.681338649  -51.059136276
    0.693964723  -51.064088736
    0.706590798  -51.068907802
    0.719193404  -51.073601896
    0.731819478  -51.078185100
    0.744422084  -51.082622018
    0.757048158  -51.086956836
    0.769674233  -51.091164026
    0.782276839  -51.095234645
    0.794902913  -51.099183709
    0.807528988  -51.103024833
    0.820131594  -51.106714436
    0.832757668  -51.110267817
    0.845383742  -51.113685905
    0.857986348  -51.116936122
    0.870612423  -51.120052527
    0.883215029  -51.123024543
    0.895841103  -51.125863678
    0.908467178  -51.128564722
    0.921069783  -51.131123637
    0.933695858  -51.133550714
    0.946321932  -51.135841976
    0.958924538  -51.137994596
    0.971550613  -51.139966197
    0.984153219  -51.141856158
    0.996779293  -51.143618773
    1.009405367  -51.145251776
    1.022007973  -51.146753893
    1.034634048  -51.148132130
    1.047260122  -51.149384982
    1.059862728  -51.150555544
    1.072488803  -51.151561341
    1.085114877  -51.152445651
    1.097717483  -51.153208269
    1.110343557  -51.153853020
    1.122946163  -51.154378368
    1.135572238  -51.154786993
    1.148198312  -51.155078386
    1.160800918  -51.155252749
    1.173426992  -51.155310986
    1.186005823  -51.155253181
    1.198568059  -51.155079960
    1.211146890  -51.154790527
    1.223709126  -51.154385094
    1.236287957  -51.153861831
    1.248850193  -51.153221179
    1.261429024  -51.152440962
    1.274007855  -51.151558952
    1.286570091  -51.150556339
    1.299148922  -51.149429605
    1.311711158  -51.148171177
    1.324289989  -51.146792493
    1.336852225  -51.145287948
    1.349431056  -51.143653541
    1.362009887  -51.141887895
    1.374572123  -51.139994245
    1.387150954  -51.137965593
    1.399713190  -51.135807489
    1.412292021  -51.133531267
    1.424870852  -51.131092578
    1.437433088  -51.128537336
    1.450011919  -51.125848249
    1.462574155  -51.123034461
    1.475152986  -51.120091280
    1.487715222  -51.117029859
    1.500294053  -51.113846096
    1.512872883  -51.110548530
    1.525435119  -51.107146906
    1.538013950  -51.103638066
    1.550576186  -51.100037758
    1.563155017  -51.096343661
    1.575717253  -51.092573385
    1.588296084  -51.088744787
    1.600874915  -51.084781725
    1.613437151  -51.080823085
    1.626015982  -51.076815967
    1.638578218  -51.072781781
    1.651157049  -51.068721187
    1.663719285  -51.064656593
    1.676298116  -51.060589316
    1.688876947  -51.056529845
    1.701439183  -51.052510479
    1.714018014  -51.048526030
    1.726580250  -51.044599753
    1.739159081  -51.040734048
    1.751721317  -51.036951824
    1.764300148  -51.033255710
    1.776878979  -51.029663233
    1.789441215  -51.026191150
    1.802020046  -51.022842249
    1.814582282  -51.019636956
    1.827161113  -51.016575408
    1.839739943  -51.013678131
    1.852302180  -51.010961535
    1.864881010  -51.008417025
    1.877443246  -51.006065694
    1.890022077  -51.003909639
    1.902584313  -51.001982670
    1.915163144  -51.000243652
    1.927741975  -50.998723949
    1.940304211  -50.997430509
    1.952883042  -50.996364505
    1.965445278  -50.995532524
    1.978024109  -50.994935322
    1.990586345  -50.994576593
    2.003165176  -50.994456664
    2.015650439  -50.994508055
    2.028135702  -50.994662045
    2.040620966  -50.994918149
    2.053106229  -50.995265002
    2.065591492  -50.995722475
    2.078053287  -50.996276958
    2.090538550  -50.996917826
    2.103023813  -50.997662930
    2.115509076  -50.998499150
    2.127994340  -50.999423434
    2.140479603  -51.000432497
    2.152964866  -51.001522401
    2.165450129  -51.002689171
    2.177935392  -51.003918536
    2.190420656  -51.005224688
    2.202905919  -51.006593535
    2.215391182  -51.008019819
    2.227852977  -51.009495210
    2.240338240  -51.011019452
    2.252823503  -51.012583373
    2.265308766  -51.014179625
    2.277794029  -51.015800897
    2.290279293  -51.017440624
    2.302764556  -51.019092205
    2.315249819  -51.020748634
    2.327735082  -51.022363057
    2.340220345  -51.024005615
    2.352705609  -51.025630681
    2.365190872  -51.027230609
    2.377652666  -51.028794839
    2.390137930  -51.030406051
    2.402623193  -51.031877323
    2.415108456  -51.033303089
    2.427593719  -51.034682803
    2.440078982  -51.035973719
    2.452564246  -51.037253279
    2.465049509  -51.038388507
    2.477534772  -51.039435307
    2.490020035  -51.040388044
    2.502505298  -51.041241541
    2.514990562  -51.041991113
    2.527452356  -51.042631507
    2.539937619  -51.043161562
    2.552422883  -51.043576989
    2.564908146  -51.043875437
    2.577393409  -51.044055201
    2.589878672  -51.044115242
    2.602561068  -51.044010562
    2.615284112  -51.043693264
    2.627966507  -51.043164054
    2.640689552  -51.042420152
    2.653371947  -51.041468683
    2.666094991  -51.040307506
    2.678777387  -51.038949349
    2.691500431  -51.037391995
    2.704182826  -51.035652808
    2.716905870  -51.033728831
    2.729588266  -51.031581303
    2.742311310  -51.029327218
    2.754993706  -51.026963285
    2.767716750  -51.024414240
    2.780399145  -51.021740996
    2.793122189  -51.018935935
    2.805804585  -51.016049162
    2.818527629  -51.013024163
    2.831210024  -51.009913292
    2.843933069  -51.006705121
    2.856615464  -51.003342052
    2.869338508  -50.999981661
    2.882020904  -50.996568463
    2.894743948  -50.993086794
    2.907426343  -50.989565303
    2.920149387  -50.985908569
    2.932831783  -50.982305307
    2.945554827  -50.978669734
    2.958237222  -50.975002801
    2.970960267  -50.971298416
    2.983642662  -50.967584022
    2.996365706  -50.963839200
    3.009048102  -50.960090876
    3.021771146  -50.956305761
    3.034453541  -50.952534371
    3.047176586  -50.948742308
    3.059858981  -50.944955500
    3.072582025  -50.941151115
    3.085264421  -50.937354671
    3.097987465  -50.933542845
    3.110669860  -50.929764936
    3.123392904  -50.925944372
    3.136075300  -50.922135300
    3.148798344  -50.918314016
    3.161480739  -50.914505693
    3.174203784  -50.910686784
    3.186886179  -50.906882717
    3.199609223  -50.903070372
    3.212291619  -50.899275738
    3.225014663  -50.895475468
    3.237697058  -50.891698264
    3.250420103  -50.887921619
    3.263102498  -50.884173065
    3.275825542  -50.880432606
    3.288507938  -50.876728827
    3.301230982  -50.873024674
    3.313913377  -50.869388007
    3.326636421  -50.865782938
    3.339318817  -50.862245204
    3.352041861  -50.858750742
    3.364724256  -50.855335783
    3.377447301  -50.851988253
    3.390129696  -50.848739932
    3.402852740  -50.845580958
    3.415535136  -50.842532956
    3.428258180  -50.839608677
    3.440940575  -50.836828025
    3.453663620  -50.834185152
    3.466346015  -50.831708791
    3.479069059  -50.829394732
    3.491751455  -50.827268994
    3.504474499  -50.825328702
    3.517156894  -50.823596280
    3.529879938  -50.822069876
    3.542562334  -50.820770259
    3.555285378  -50.819682118
    3.567967773  -50.818839018
    3.580690818  -50.818231322
    3.593373213  -50.817866386
    3.606096257  -50.817743984
    3.618675088  -50.817880442
    3.631237324  -50.818288518
    3.643816155  -50.818967555
    3.656378391  -50.819912837
    3.668957222  -50.821125189
    3.681519458  -50.822587900
    3.694098289  -50.824312205
    3.706677120  -50.826277901
    3.719239356  -50.828477709
    3.731818187  -50.830908428
    3.744380423  -50.833553791
    3.756959254  -50.836410124
    3.769521490  -50.839468300
    3.782100321  -50.842705010
    3.794679152  -50.846113304
    3.807241388  -50.849675274
    3.819820219  -50.853386834
    3.832382455  -50.857221886
    3.844961286  -50.861181784
    3.857540116  -50.865244577
    3.870102353  -50.869384665
    3.882681183  -50.873610698
    3.895243419  -50.877891339
    3.907822250  -50.882223984
    3.920384486  -50.886583573
    3.932963317  -50.890968306
    3.945542148  -50.895378799
    3.958104384  -50.899758776
    3.970683215  -50.904126515
    3.983245451  -50.908459073
    3.995824282  -50.912750091
    4.008386518  -50.916991769
    4.020965349  -50.921188074
    4.033544180  -50.925275165
    4.046106416  -50.929310340
    4.058685247  -50.933265359
    4.071247483  -50.937122557
    4.083826314  -50.940885479
    4.096388550  -50.944538185
    4.108967381  -50.948084980
    4.121546212  -50.951516354
    4.134108448  -50.954824172
    4.146687279  -50.958014038
    4.159249515  -50.961074960
    4.171828346  -50.964012813
    4.184390582  -50.966817880
    4.196969413  -50.969494336
    4.209548243  -50.972039685
    4.222110480  -50.974448055
    4.234689310  -50.976724673
    4.247251546  -50.978862618
    4.259830377  -50.980880737
    4.272409208  -50.982747745
    4.284971444  -50.984475027
    4.297550275  -50.986060334
    4.310112511  -50.987512455
    4.322691342  -50.988828575
    4.335253578  -50.990005185
    4.347832409  -50.991045374
    4.360411240  -50.991947454
    4.372973476  -50.992710423
    4.385552307  -50.993336142
    4.398114543  -50.993822726
    4.410693374  -50.994171152
    4.423255610  -50.994386859
    4.435834441  -50.994456664
    0.000000000   -9.248182633
    0.012626074   -9.245759535
    0.025228680   -9.238510495
    0.037854755   -9.226415276
    0.050480829   -9.209494186
    0.063083435   -9.187807986
    0.075709510   -9.161296360
    0.088312115   -9.130083005
    0.100938190   -9.094081645
    0.113564264   -9.053380924
    0.126166870   -9.008109381
    0.138792945   -8.958143494
    0.151419019   -8.903613761
    0.164021625   -8.844690148
    0.176647699   -8.781215000
    0.189273774   -8.713361853
    0.201876380   -8.641343147
    0.214502454   -8.564971654
    0.227105060   -8.484619200
    0.239731135   -8.400078183
    0.252357209   -8.311606184
    0.264959815   -8.219487179
    0.277585889   -8.123499916
    0.290211964   -8.023944516
    0.302814570   -7.921158450
    0.315440644   -7.814913290
    0.328043250   -7.705771035
    0.340669324   -7.593506234
    0.353295399   -7.478515763
    0.365898005   -7.361233071
    0.378524079   -7.241451615
    0.391150154   -7.119637402
    0.403752760   -6.996292270
    0.416378834   -6.871249432
    0.429004908   -6.745053999
    0.441607514   -6.618284923
    0.454233589   -6.490838475
    0.466836195   -6.363583381
    0.479462269   -6.236469629
    0.492088344   -6.110186757
    0.504690949   -5.985445320
    0.517317024   -5.862277420
    0.529943098   -5.741454267
    0.542545704   -5.623728106
    0.555171779   -5.509211068
    0.567797853   -5.398677771
    0.580400459   -5.292864110
    0.593026533   -5.191897686
    0.605629139   -5.096640744
    0.618255214   -5.007179964
    0.630881288   -4.924080811
    0.643483894   -4.847791131
    0.656109969   -4.778259039
    0.668736043   -4.715780023
    0.681338649   -4.660509506
    0.693964723   -4.612223991
    0.706590798   -4.570903039
    0.719193404   -4.536429141
    0.731819478   -4.508423220
    0.744422084   -4.486683828
    0.757048158   -4.470781471
    0.769674233   -4.460378570
    0.782276839   -4.455074365
    0.794902913   -4.454429791
    0.807528988   -4.458055046
    0.820131594   -4.465465305
    0.832757668   -4.476289923
    0.845383742   -4.490118634
    0.857986348   -4.506502562
    0.870612423   -4.525130834
    0.883215029   -4.545570372
    0.895841103   -4.567550034
    0.908467178   -4.590703559
    0.921069783   -4.614674076
    0.933695858   -4.639257819
    0.946321932   -4.664135255
    0.958924538   -4.689002159
    0.971550613   -4.713680470
    0.984153219   -4.737915012
    0.996779293   -4.761558605
    1.009405367   -4.784373434
    1.022007973   -4.806143092
    1.034634048   -4.826786874
    1.047260122   -4.846115684
    1.059862728   -4.863970984
    1.072488803   -4.880285857
    1.085114877   -4.894926521
    1.097717483   -4.907777654
    1.110343557   -4.918807140
    1.122946163   -4.927907017
    1.135572238   -4.935057045
    1.148198312   -4.940198102
    1.160800918   -4.943300511
    1.173426992   -4.944347329
    1.186005823   -4.943303510
    1.198568059   -4.940177750
    1.211146890   -4.934961917
    1.223709126   -4.927669756
    1.236287957   -4.918282114
    1.248850193   -4.906824367
    1.261429024   -4.893268370
    1.274007855   -4.877636226
    1.286570091   -4.860000363
    1.299148922   -4.840621125
    1.311711158   -4.819831092
    1.324289989   -4.797538479
    1.336852225   -4.773881123
    1.349431056   -4.748931456
    1.362009887   -4.722877694
    1.374572123   -4.695935926
    1.387150954   -4.668221525
    1.399713190   -4.640026209
    1.412292021   -4.611518848
    1.424870852   -4.582978056
    1.437433088   -4.554728708
    1.450011919   -4.526998268
    1.462574155   -4.500183525
    1.475152986   -4.474558646
    1.487715222   -4.450553955
    1.500294053   -4.428483749
    1.512872883   -4.408767595
    1.525435119   -4.391813388
    1.538013950   -4.377954131
    1.550576186   -4.367582264
    1.563155017   -4.360991931
    1.575717253   -4.358472152
    1.588296084   -4.360235469
    1.600874915   -4.366397208
    1.613437151   -4.377002835
    1.626015982   -4.392034277
    1.638578218   -4.411318387
    1.651157049   -4.434687183
    1.663719285   -4.461785019
    1.676298116   -4.492326368
    1.688876947   -4.525859245
    1.701439183   -4.561923885
    1.714018014   -4.600146419
    1.726580250   -4.639966509
    1.739159081   -4.681034658
    1.751721317   -4.722802504
    1.764300148   -4.764959627
    1.776878979   -4.807054159
    1.789441215   -4.848661107
    1.802020046   -4.889548071
    1.814582282   -4.929293335
    1.827161113   -4.967708303
    1.839739943   -5.004492513
    1.852302180   -5.039363171
    1.864881010   -5.072193365
    1.877443246   -5.102711961
    1.890022077   -5.130832195
    1.902584313   -5.156373591
    1.915163144   -5.179194010
    1.927741975   -5.199186479
    1.940304211   -5.216235897
    1.952883042   -5.230308755
    1.965445278   -5.241304676
    1.978024109   -5.249204001
    1.990586345   -5.253951457
    2.003165176   -5.255539010
    2.015650439   -5.253856654
    2.028135702   -5.248814334
    2.040620966   -5.240426299
    2.053106229   -5.228716044
    2.065591492   -5.213717463
    2.078053287   -5.195510622
    2.090538550   -5.174048510
    2.103023813   -5.149488300
    2.115509076   -5.121870208
    2.127994340   -5.091276766
    2.140479603   -5.057803835
    2.152964866   -5.021547927
    2.165450129   -4.982626055
    2.177935392   -4.941152091
    2.190420656   -4.897282334
    2.202905919   -4.851151671
    2.215391182   -4.802916993
    2.227852977   -4.752842299
    2.240338240   -4.700917827
    2.252823503   -4.647426370
    2.265308766   -4.592569277
    2.277794029   -4.536558860
    2.290279293   -4.479618191
    2.302764556   -4.421980787
    2.315249819   -4.363890196
    2.327735082   -4.305597435
    2.340220345   -4.247368328
    2.352705609   -4.189470563
    2.365190872   -4.132180716
    2.377652666   -4.075886004
    2.390137930   -4.020667117
    2.402623193   -3.966904202
    2.415108456   -3.914898462
    2.427593719   -3.864935455
    2.440078982   -3.817300979
    2.452564246   -3.772272480
    2.465049509   -3.730122225
    2.477534772   -3.691108359
    2.490020035   -3.655476135
    2.502505298   -3.639971799
    2.514990562   -3.627175851
    2.527452356   -3.612801640
    2.539937619   -3.596749850
    2.552422883   -3.579010860
    2.564908146   -3.559579422
    2.577393409   -3.538613611
    2.589878672   -3.520968979
    2.602561068   -3.532281191
    2.615284112   -3.545270790
    2.627966507   -3.557730595
    2.640689552   -3.569597059
    2.653371947   -3.580706909
    2.666094991   -3.591056203
    2.678777387   -3.600510204
    2.691500431   -3.609065280
    2.704182826   -3.616606972
    2.716905870   -3.623127610
    2.729588266   -3.628530420
    2.742311310   -3.632808951
    2.754993706   -3.635893437
    2.767716750   -3.637756533
    2.780399145   -3.638643789
    2.793122189   -3.638238541
    2.805804585   -3.636554194
    2.818527629   -3.633924389
    2.831210024   -3.651186502
    2.843933069   -3.710577873
    2.856615464   -3.777225750
    2.869338508   -3.850288062
    2.882020904   -3.929061939
    2.894743948   -4.013856740
    2.907426343   -4.103916998
    2.920149387   -4.199577249
    2.932831783   -4.299956756
    2.945554827   -4.405403377
    2.958237222   -4.514922605
    2.970960267   -4.628879769
    2.983642662   -4.746195526
    2.996365706   -4.867258637
    3.009048102   -4.990927182
    3.021771146   -5.117618081
    3.034453541   -5.246156728
    3.047176586   -5.376994840
    3.059858981   -5.508934574
    3.072582025   -5.642466333
    3.085264421   -5.776392700
    3.097987465   -5.911237568
    3.110669860   -6.045815613
    3.123392904   -6.180684689
    3.136075300   -6.314684756
    3.148798344   -6.448391058
    3.161480739   -6.580679807
    3.174203784   -6.712141372
    3.186886179   -6.841691804
    3.199609223   -6.969928831
    3.212291619   -7.095812541
    3.225014663   -7.219943614
    3.237697058   -7.341325986
    3.250420103   -7.460551697
    3.263102498   -7.576681184
    3.275825542   -7.690289763
    3.288507938   -7.800492016
    3.301230982   -7.907841935
    3.313913377   -8.011512359
    3.326636421   -8.112031185
    3.339318817   -8.208632475
    3.352041861   -8.301805776
    3.364724256   -8.390846311
    3.377447301   -8.476217188
    3.390129696   -8.557272092
    3.402852740   -8.634435588
    3.415535136   -8.707126018
    3.428258180   -8.775726366
    3.440940575   -8.839721335
    3.453663620   -8.899449585
    3.466346015   -8.954463770
    3.479069059   -9.005056079
    3.491751455   -9.050848442
    3.504474499   -9.092084755
    3.517156894   -9.128457402
    3.529879938   -9.160160522
    3.542562334   -9.186957925
    3.555285378   -9.208992855
    3.567967773   -9.226101324
    3.580690818   -9.238374871
    3.593373213   -9.245722194
    3.606096257   -9.248182633
    3.618675088   -9.245777649
    3.631237324   -9.238577794
    3.643816155   -9.226571300
    3.656378391   -9.209801955
    3.668957222   -9.188242542
    3.681519458   -9.161972026
    3.694098289   -9.130948337
    3.706677120   -9.095235681
    3.719239356   -9.054928593
    3.731818187   -9.009964534
    3.744380423   -8.960512065
    3.756959254   -8.906496924
    3.769521490   -8.848124715
    3.782100321   -8.785311558
    3.794679152   -8.718209878
    3.807241388   -8.647003030
    3.819820219   -8.571598366
    3.832382455   -8.492299369
    3.844961286   -8.409013561
    3.857540116   -8.321970524
    3.870102353   -8.231428396
    3.882681183   -8.137311862
    3.895243419   -8.040035411
    3.907822250   -7.939530323
    3.920384486   -7.836269150
    3.932963317   -7.730208403
    3.945542148   -7.621739628
    3.958104384   -7.511283837
    3.970683215   -7.398861254
    3.983245451   -7.285109103
    3.995824282   -7.170102940
    4.008386518   -7.054558308
    4.020965349   -6.938624985
    4.033544180   -6.822947879
    4.046106416   -6.708215422
    4.058685247   -6.594697944
    4.071247483   -6.483302793
    4.083826314   -6.374371445
    4.096388550   -6.268841153
    4.108967381   -6.167083291
    4.121546212   -6.069869446
    4.134108448   -5.977902692
    4.146687279   -5.891454645
    4.159249515   -5.811172587
    4.171828346   -5.737148578
    4.184390582   -5.669751406
    4.196969413   -5.608837884
    4.209548243   -5.554410678
    4.222110480   -5.506310537
    4.234689310   -5.464093050
    4.247251546   -5.427475321
    4.259830377   -5.395915824
    4.272409208   -5.368983069
    4.284971444   -5.346222164
    4.297550275   -5.327082940
    4.310112511   -5.311189954
    4.322691342   -5.298064301
    4.335253578   -5.287355263
    4.347832409   -5.278689228
    4.360411240   -5.271778578
    4.372973476   -5.266369149
    4.385552307   -5.262228865
    4.398114543   -5.259192684
    4.410693374   -5.257116820
    4.423255610   -5.255935114
    4.435834441   -5.255539010
    0.000000000   -8.649794466
    0.012626074   -8.647361004
    0.025228680   -8.640080807
    0.037854755   -8.627933095
    0.050480829   -8.610937494
    0.063083435   -8.589153941
    0.075709510   -8.562520398
    0.088312115   -8.531159312
    0.100938190   -8.494981760
    0.113564264   -8.454074112
    0.126166870   -8.408562383
    0.138792945   -8.358318631
    0.151419019   -8.303469640
    0.164021625   -8.244181301
    0.176647699   -8.180289050
    0.189273774   -8.111960639
    0.201876380   -8.039402192
    0.214502454   -7.962415992
    0.227105060   -7.881366454
    0.239731135   -7.796030892
    0.252357209   -7.706657950
    0.264959815   -7.613517811
    0.277585889   -7.516368831
    0.290211964   -7.415493983
    0.302814570   -7.311212163
    0.315440644   -7.203265009
    0.328043250   -7.092193035
    0.340669324   -6.977732241
    0.353295399   -6.860247288
    0.365898005   -6.740137082
    0.378524079   -6.617139432
    0.391150154   -6.491674600
    0.403752760   -6.364195958
    0.416378834   -6.234458385
    0.429004908   -6.102944448
    0.441607514   -5.970168274
    0.454233589   -5.835920208
    0.466836195   -5.701004218
    0.479462269   -5.565245388
    0.492088344   -5.429245138
    0.504690949   -5.293630622
    0.517317024   -5.158285573
    0.529943098   -5.023901179
    0.542545704   -4.891160035
    0.555171779   -4.760033067
    0.567797853   -4.631253397
    0.580400459   -4.505551258
    0.593026533   -4.382966238
    0.605629139   -4.264463371
    0.618255214   -4.150106767
    0.630881288   -4.040612670
    0.643483894   -3.936636524
    0.656109969   -3.838221737
    0.668736043   -3.745951554
    0.681338649   -3.660306439
    0.693964723   -3.581239117
    0.706590798   -3.581140973
    0.719193404   -3.646206631
    0.731819478   -3.710432851
    0.744422084   -3.773498374
    0.757048158   -3.835596887
    0.769674233   -3.896530951
    0.782276839   -3.956126966
    0.794902913   -4.014545182
    0.807528988   -4.071613983
    0.820131594   -4.127172915
    0.832757668   -4.181373567
    0.845383742   -4.234057583
    0.857986348   -4.285079721
    0.870612423   -4.334580649
    0.883215029   -4.382329101
    0.895841103   -4.428457607
    0.908467178   -4.472832372
    0.921069783   -4.515334679
    0.933695858   -4.556083664
    0.946321932   -4.594961310
    0.958924538   -4.631865522
    0.971550613   -4.666897560
    0.984153219   -4.699902404
    0.996779293   -4.730970646
    1.009405367   -4.760011761
    1.022007973   -4.786952228
    1.034634048   -4.811869084
    1.047260122   -4.834688827
    1.059862728   -4.855375892
    1.072488803   -4.873949714
    1.085114877   -4.890373597
    1.097717483   -4.904609143
    1.110343557   -4.916697269
    1.122946163   -4.926582636
    1.135572238   -4.934292983
    1.148198312   -4.939799159
    1.160800918   -4.943087927
    1.173426992   -4.944179116
    1.186005823   -4.943100712
    1.198568059   -4.939875673
    1.211146890   -4.934509444
    1.223709126   -4.927039762
    1.236287957   -4.917480083
    1.248850193   -4.905898214
    1.261429024   -4.892309843
    1.274007855   -4.876795359
    1.286570091   -4.859401583
    1.299148922   -4.839863019
    1.311711158   -4.818026114
    1.324289989   -4.794030739
    1.336852225   -4.767964468
    1.349431056   -4.739765777
    1.362009887   -4.709469624
    1.374572123   -4.677121555
    1.387150954   -4.642633734
    1.399713190   -4.606097955
    1.412292021   -4.567431729
    1.424870852   -4.526640394
    1.437433088   -4.483821453
    1.450011919   -4.438849221
    1.462574155   -4.391842612
    1.475152986   -4.342677900
    1.487715222   -4.291485512
    1.500294053   -4.238131161
    1.512872883   -4.182682338
    1.525435119   -4.125217892
    1.538013950   -4.065587891
    1.550576186   -4.003951913
    1.563155017   -3.940149743
    1.575717253   -3.874352758
    1.588296084   -3.806400866
    1.600874915   -3.736338275
    1.613437151   -3.664326977
    1.626015982   -3.590155418
    1.638578218   -3.514024746
    1.651157049   -3.435739842
    1.663719285   -3.355513868
    1.676298116   -3.273142119
    1.688876947   -3.188731488
    1.701439183   -3.147327786
    1.714018014   -3.191811848
    1.726580250   -3.237683081
    1.739159081   -3.284586713
    1.751721317   -3.331943012
    1.764300148   -3.379444512
    1.776878979   -3.426623222
    1.789441215   -3.473041859
    1.802020046   -3.518476479
    1.814582282   -3.562490486
    1.827161113   -3.604903534
    1.839739943   -3.645410478
    1.852302180   -3.683722691
    1.864881010   -3.719721555
    1.877443246   -3.753127850
    1.890022077   -3.783862640
    1.902584313   -3.811742041
    1.915163144   -3.836624237
    1.927741975   -3.858402414
    1.940304211   -3.876960058
    1.952883042   -3.892268008
    1.965445278   -3.904222951
    1.978024109   -3.912808026
    1.990586345   -3.917966346
    2.003165176   -3.919691081
    2.015650439   -3.917865918
    2.028135702   -3.912395215
    2.040620966   -3.903293115
    2.053106229   -3.890584053
    2.065591492   -3.874301584
    2.078053287   -3.854529822
    2.090538550   -3.831214317
    2.103023813   -3.804521468
    2.115509076   -3.774491407
    2.127994340   -3.741211516
    2.140479603   -3.704789125
    2.152964866   -3.665363510
    2.165450129   -3.623539377
    2.177935392   -3.612372803
    2.190420656   -3.618606917
    2.202905919   -3.625157255
    2.215391182   -3.631794339
    2.227852977   -3.638417424
    2.240338240   -3.644978487
    2.252823503   -3.651394574
    2.265308766   -3.657595309
    2.277794029   -3.663509803
    2.290279293   -3.669066559
    2.302764556   -3.674193575
    2.315249819   -3.678818511
    2.327735082   -3.682864860
    2.340220345   -3.686268350
    2.352705609   -3.688952711
    2.365190872   -3.690846238
    2.377652666   -3.691876775
    2.390137930   -3.691989000
    2.402623193   -3.691087649
    2.415108456   -3.689118314
    2.427593719   -3.686013454
    2.440078982   -3.681705856
    2.452564246   -3.676138310
    2.465049509   -3.669237110
    2.477534772   -3.660947530
    2.490020035   -3.651211157
    2.502505298   -3.623454164
    2.514990562   -3.595251732
    2.527452356   -3.571097833
    2.539937619   -3.551064342
    2.552422883   -3.535337232
    2.564908146   -3.524024846
    2.577393409   -3.517205692
    2.589878672   -3.514927331
    2.602561068   -3.525686375
    2.615284112   -3.539334144
    2.627966507   -3.552454024
    2.640689552   -3.564957615
    2.653371947   -3.576672478
    2.666094991   -3.587596947
    2.678777387   -3.597592051
    2.691500431   -3.606657524
    2.704182826   -3.614675807
    2.716905870   -3.621642630
    2.729588266   -3.627457999
    2.742311310   -3.632120451
    2.754993706   -3.635557522
    2.767716750   -3.637745534
    2.780399145   -3.638356825
    2.793122189   -3.637673166
    2.805804585   -3.635703237
    2.818527629   -3.632473429
    2.831210024   -3.628120747
    2.843933069   -3.622295951
    2.856615464   -3.614960433
    2.869338508   -3.606140369
    2.882020904   -3.595908244
    2.894743948   -3.584208215
    2.907426343   -3.571126247
    2.920149387   -3.556583550
    2.932831783   -3.540721220
    2.945554827   -3.524023264
    2.958237222   -3.646290020
    2.970960267   -3.782007273
    2.983642662   -3.919834273
    2.996365706   -4.060262235
    3.009048102   -4.202022532
    3.021771146   -4.345658968
    3.034453541   -4.489915701
    3.047176586   -4.635378007
    3.059858981   -4.780796326
    3.072582025   -4.926795243
    3.085264421   -5.072149434
    3.097987465   -5.217510746
    3.110669860   -5.361682637
    3.123392904   -5.505340879
    3.136075300   -5.647325174
    3.148798344   -5.788316857
    3.161480739   -5.927198569
    3.174203784   -6.064654059
    3.186886179   -6.199609607
    3.199609223   -6.332743780
    3.212291619   -6.463029837
    3.225014663   -6.591134905
    3.237697058   -6.716077330
    3.250420103   -6.838507190
    3.263102498   -6.957497294
    3.275825542   -7.073671828
    3.288507938   -7.186157060
    3.301230982   -7.295547443
    3.313913377   -7.401026925
    3.326636421   -7.503156747
    3.339318817   -7.601182083
    3.352041861   -7.695617157
    3.364724256   -7.785767305
    3.377447301   -7.872118060
    3.390129696   -7.954030716
    3.402852740   -8.031947990
    3.415535136   -8.105294819
    3.428258180   -8.174468777
    3.440940575   -8.238960198
    3.453663620   -8.299119327
    3.466346015   -8.354503555
    3.479069059   -8.405414146
    3.491751455   -8.451476915
    3.504474499   -8.492942722
    3.517156894   -8.529507031
    3.529879938   -8.561369144
    3.542562334   -8.588295186
    3.555285378   -8.610432005
    3.567967773   -8.627617192
    3.580690818   -8.639944502
    3.593373213   -8.647323503
    3.606096257   -8.649794466
    3.618675088   -8.647379189
    3.631237324   -8.640148302
    3.643816155   -8.628089322
    3.656378391   -8.611245109
    3.668957222   -8.589586714
    3.681519458   -8.563191334
    3.694098289   -8.532013987
    3.706677120   -8.496115823
    3.719239356   -8.455587811
    3.731818187   -8.410362168
    3.744380423   -8.360602599
    3.756959254   -8.306227463
    3.769521490   -8.247435585
    3.782100321   -8.184132865
    3.794679152   -8.116461567
    3.807241388   -8.044593487
    3.819820219   -7.968419650
    3.832382455   -7.888228662
    3.844961286   -7.803905669
    3.857540116   -7.715658287
    3.870102353   -7.623718021
    3.882681183   -7.527977831
    3.895243419   -7.428818616
    3.907822250   -7.326124495
    3.920384486   -7.220325006
    3.932963317   -7.111313432
    3.945542148   -6.999419559
    3.958104384   -6.884994186
    3.970683215   -6.767961514
    3.983245451   -6.648873217
    3.995824282   -6.527679148
    4.008386518   -6.404989352
    4.020965349   -6.280794611
    4.033544180   -6.155597660
    4.046106416   -6.029940795
    4.058685247   -5.903895277
    4.071247483   -5.778229776
    4.083826314   -5.653081878
    4.096388550   -5.529282384
    4.108967381   -5.407035196
    4.121546212   -5.287061482
    4.134108448   -5.170088736
    4.146687279   -5.056391115
    4.159249515   -4.946846927
    4.171828346   -4.841726743
    4.184390582   -4.741829875
    4.196969413   -4.647357005
    4.209548243   -4.558840026
    4.222110480   -4.476682003
    4.234689310   -4.400862657
    4.247251546   -4.331668505
    4.259830377   -4.268896754
    4.272409208   -4.212510369
    4.284971444   -4.162359276
    4.297550275   -4.118007334
    4.310112511   -4.079264647
    4.322691342   -4.045641884
    4.335253578   -4.016845262
    4.347832409   -3.992420593
    4.360411240   -3.972049936
    4.372973476   -3.955424805
    4.385552307   -3.942213089
    4.398114543   -3.932207760
    4.410693374   -3.925190330
    4.423255610   -3.921067077
    4.435834441   -3.919691081
    0.000000000   -2.421329368
    0.012626074   -2.421018919
    0.025228680   -2.420118472
    0.037854755   -2.418709596
    0.050480829   -2.416929781
    0.063083435   -2.414957544
    0.075709510   -2.412967731
    0.088312115   -2.411127280
    0.100938190   -2.409533066
    0.113564264   -2.408227707
    0.126166870   -2.407187166
    0.138792945   -2.406351499
    0.151419019   -2.405646223
    0.164021625   -2.404990286
    0.176647699   -2.404299919
    0.189273774   -2.403498190
    0.201876380   -2.402512661
    0.214502454   -2.401268533
    0.227105060   -2.399702063
    0.239731135   -2.397738281
    0.252357209   -2.395319957
    0.264959815   -2.392386312
    0.277585889   -2.388863470
    0.290211964   -2.384694189
    0.302814570   -2.379826840
    0.315440644   -2.374176795
    0.328043250   -2.367718030
    0.340669324   -2.360461590
    0.353295399   -2.352345390
    0.365898005   -2.343263694
    0.378524079   -2.333141734
    0.391150154   -2.321964852
    0.403752760   -2.309746226
    0.416378834   -2.296475124
    0.429004908   -2.282334142
    0.441607514   -2.267988344
    0.454233589   -2.257126782
    0.466836195   -2.277584185
    0.479462269   -2.337107285
    0.492088344   -2.403814821
    0.504690949   -2.472227917
    0.517317024   -2.541620820
    0.529943098   -2.611555070
    0.542545704   -2.681717213
    0.555171779   -2.752237035
    0.567797853   -2.822873745
    0.580400459   -2.893396093
    0.593026533   -2.963972758
    0.605629139   -3.034251337
    0.618255214   -3.104405981
    0.630881288   -3.174220045
    0.643483894   -3.243481281
    0.656109969   -3.312365802
    0.668736043   -3.380663942
    0.681338649   -3.448172079
    0.693964723   -3.515064926
    0.706590798   -3.509078945
    0.719193404   -3.444059483
    0.731819478   -3.385965338
    0.744422084   -3.334958354
    0.757048158   -3.290721190
    0.769674233   -3.253154544
    0.782276839   -3.222048450
    0.794902913   -3.196972479
    0.807528988   -3.177657011
    0.820131594   -3.163683790
    0.832757668   -3.154610707
    0.845383742   -3.150050084
    0.857986348   -3.149542648
    0.870612423   -3.152661120
    0.883215029   -3.158964944
    0.895841103   -3.168057483
    0.908467178   -3.179522521
    0.921069783   -3.192942240
    0.933695858   -3.207993980
    0.946321932   -3.224300555
    0.958924538   -3.241495500
    0.971550613   -3.259298863
    0.984153219   -3.277415036
    0.996779293   -3.295609084
    1.009405367   -3.313595812
    1.022007973   -3.331111476
    1.034634048   -3.348009531
    1.047260122   -3.364063880
    1.059862728   -3.379080560
    1.072488803   -3.392944525
    1.085114877   -3.405496103
    1.097717483   -3.416594936
    1.110343557   -3.426178418
    1.122946163   -3.434123928
    1.135572238   -3.440390664
    1.148198312   -3.444910576
    1.160800918   -3.447674906
    1.173426992   -3.448728720
    1.186005823   -3.447595259
    1.198568059   -3.444541041
    1.211146890   -3.439636396
    1.223709126   -3.432778676
    1.236287957   -3.423949237
    1.248850193   -3.413170721
    1.261429024   -3.400413855
    1.274007855   -3.385690732
    1.286570091   -3.369023677
    1.299148922   -3.350367346
    1.311711158   -3.329751366
    1.324289989   -3.307158298
    1.336852225   -3.282627523
    1.349431056   -3.256093906
    1.362009887   -3.227587088
    1.374572123   -3.197151120
    1.387150954   -3.164720675
    1.399713190   -3.133292206
    1.412292021   -3.104409071
    1.424870852   -3.075726922
    1.437433088   -3.047592912
    1.450011919   -3.020275110
    1.462574155   -2.994212311
    1.475152986   -2.969723859
    1.487715222   -2.947278430
    1.500294053   -2.927232091
    1.512872883   -2.910034284
    1.525435119   -2.896111688
    1.538013950   -2.885817478
    1.550576186   -2.879533750
    1.563155017   -2.877549851
    1.575717253   -2.880111855
    1.588296084   -2.887401192
    1.600874915   -2.899466346
    1.613437151   -2.916277586
    1.626015982   -2.937759026
    1.638578218   -2.963644779
    1.651157049   -2.993710483
    1.663719285   -3.027514324
    1.676298116   -3.064727309
    1.688876947   -3.104835396
    1.701439183   -3.102417598
    1.714018014   -3.013975931
    1.726580250   -2.923650162
    1.739159081   -2.904271980
    1.751721317   -2.963216693
    1.764300148   -3.019737009
    1.776878979   -3.073693888
    1.789441215   -3.124965754
    1.802020046   -3.173636279
    1.814582282   -3.219528927
    1.827161113   -3.262720170
    1.839739943   -3.303106116
    1.852302180   -3.340600905
    1.864881010   -3.375268364
    1.877443246   -3.406985083
    1.890022077   -3.435805779
    1.902584313   -3.461628467
    1.915163144   -3.484497739
    1.927741975   -3.504357228
    1.940304211   -3.521169057
    1.952883042   -3.534962754
    1.965445278   -3.545689799
    1.978024109   -3.553369105
    1.990586345   -3.557973698
    2.003165176   -3.559511713
    2.015650439   -3.559817275
    2.028135702   -3.560731487
    2.040620966   -3.562246822
    2.053106229   -3.564351786
    2.065591492   -3.567027849
    2.078053287   -3.570247094
    2.090538550   -3.573994343
    2.103023813   -3.578233513
    2.115509076   -3.582927346
    2.127994340   -3.588032928
    2.140479603   -3.593497024
    2.152964866   -3.599232142
    2.165450129   -3.604702568
    2.177935392   -3.576909358
    2.190420656   -3.529225590
    2.202905919   -3.478809293
    2.215391182   -3.425990626
    2.227852977   -3.371074017
    2.240338240   -3.314046686
    2.252823503   -3.255212840
    2.265308766   -3.194786762
    2.277794029   -3.132995365
    2.290279293   -3.070078928
    2.302764556   -3.006292107
    2.315249819   -2.941906381
    2.327735082   -2.877216461
    2.340220345   -2.812590658
    2.352705609   -2.748968928
    2.365190872   -2.745386033
    2.377652666   -2.805641044
    2.390137930   -2.864632688
    2.402623193   -2.921486628
    2.415108456   -2.976131988
    2.427593719   -3.028551622
    2.440078982   -3.078753562
    2.452564246   -3.126748625
    2.465049509   -3.172541786
    2.477534772   -3.216152965
    2.490020035   -3.257600465
    2.502505298   -3.296904541
    2.514990562   -3.334087003
    2.527452356   -3.369106505
    2.539937619   -3.402116700
    2.552422883   -3.433065587
    2.564908146   -3.461943408
    2.577393409   -3.488581349
    2.589878672   -3.508117408
    2.602561068   -3.486477619
    2.615284112   -3.461265699
    2.627966507   -3.438289671
    2.640689552   -3.417918450
    2.653371947   -3.400665556
    2.666094991   -3.386778178
    2.678777387   -3.376686994
    2.691500431   -3.370657518
    2.704182826   -3.369042426
    2.716905870   -3.372129767
    2.729588266   -3.380174824
    2.742311310   -3.393489855
    2.754993706   -3.412218795
    2.767716750   -3.436676446
    2.780399145   -3.466874053
    2.793122189   -3.503126146
    2.805804585   -3.545242549
    2.818527629   -3.593116408
    2.831210024   -3.625502609
    2.843933069   -3.620763103
    2.856615464   -3.613425046
    2.869338508   -3.604533649
    2.882020904   -3.594236651
    2.894743948   -3.582489037
    2.907426343   -3.569380126
    2.920149387   -3.554831177
    2.932831783   -3.538973402
    2.945554827   -3.521734241
    2.958237222   -3.504736427
    2.970960267   -3.484794400
    2.983642662   -3.463624777
    2.996365706   -3.441145235
    3.009048102   -3.417547466
    3.021771146   -3.392729863
    3.034453541   -3.366914220
    3.047176586   -3.340004573
    3.059858981   -3.312296894
    3.072582025   -3.283765757
    3.085264421   -3.254597713
    3.097987465   -3.224644880
    3.110669860   -3.194174019
    3.123392904   -3.163077686
    3.136075300   -3.131645728
    3.148798344   -3.099772983
    3.161480739   -3.067762486
    3.174203784   -3.035511748
    3.186886179   -3.003331417
    3.199609223   -2.971121891
    3.212291619   -2.939196142
    3.225014663   -2.907460207
    3.237697058   -2.876217621
    3.250420103   -2.845376241
    3.263102498   -2.815235219
    3.275825542   -2.785700062
    3.288507938   -2.757052938
    3.301230982   -2.729195143
    3.313913377   -2.702391501
    3.326636421   -2.676540108
    3.339318817   -2.651875807
    3.352041861   -2.628285159
    3.364724256   -2.605969645
    3.377447301   -2.584822173
    3.390129696   -2.565004073
    3.402852740   -2.546405361
    3.415535136   -2.529150692
    3.428258180   -2.513135644
    3.440940575   -2.498454364
    3.453663620   -2.485002458
    3.466346015   -2.472852884
    3.479069059   -2.461914509
    3.491751455   -2.452247236
    3.504474499   -2.443787083
    3.517156894   -2.436600951
    3.529879938   -2.430679869
    3.542562334   -2.426128195
    3.555285378   -2.423010186
    3.567967773   -2.421370093
    3.580690818   -2.420955175
    3.593373213   -2.421164647
    3.606096257   -2.421329368
    3.618675088   -2.421037333
    3.631237324   -2.420382143
    3.643816155   -2.419991152
    3.656378391   -2.420732508
    3.668957222   -2.423349037
    3.681519458   -2.428149883
    3.694098289   -2.435098412
    3.706677120   -2.443989656
    3.719239356   -2.454608118
    3.731818187   -2.466818218
    3.744380423   -2.480460734
    3.756959254   -2.495470403
    3.769521490   -2.511726159
    3.782100321   -2.529190299
    3.794679152   -2.547776318
    3.807241388   -2.567392090
    3.819820219   -2.588025583
    3.832382455   -2.609559238
    3.844961286   -2.631986737
    3.857540116   -2.655216670
    3.870102353   -2.679152129
    3.882681183   -2.703793537
    3.895243419   -2.729010183
    3.907822250   -2.754803315
    3.920384486   -2.781039303
    3.932963317   -2.807721573
    3.945542148   -2.834749744
    3.958104384   -2.862021688
    3.970683215   -2.889543798
    3.983245451   -2.917178271
    3.995824282   -2.944933295
    4.008386518   -2.972671607
    4.020965349   -3.000407283
    4.033544180   -3.028026544
    4.046106416   -3.055448667
    4.058685247   -3.082679054
    4.071247483   -3.109586763
    4.083826314   -3.136184993
    4.096388550   -3.162347172
    4.108967381   -3.188087411
    4.121546212   -3.213317358
    4.134108448   -3.237952980
    4.146687279   -3.262009226
    4.159249515   -3.285374316
    4.171828346   -3.308063387
    4.184390582   -3.329971906
    4.196969413   -3.351114811
    4.209548243   -3.371421840
    4.222110480   -3.390828847
    4.234689310   -3.409350119
    4.247251546   -3.426901882
    4.259830377   -3.443500728
    4.272409208   -3.459085821
    4.284971444   -3.473612838
    4.297550275   -3.487093471
    4.310112511   -3.499467658
    4.322691342   -3.510745652
    4.335253578   -3.520877444
    4.347832409   -3.529871668
    4.360411240   -3.537698190
    4.372973476   -3.544335191
    4.385552307   -3.549788539
    4.398114543   -3.554034339
    4.410693374   -3.557076424
    4.423255610   -3.558901919
    4.435834441   -3.559511713
    0.000000000   -2.394415105
    0.012626074   -2.394477323
    0.025228680   -2.394661473
    0.037854755   -2.394962117
    0.050480829   -2.395368844
    0.063083435   -2.395867832
    0.075709510   -2.396440512
    0.088312115   -2.397064011
    0.100938190   -2.397714854
    0.113564264   -2.398365438
    0.126166870   -2.398977041
    0.138792945   -2.399518821
    0.151419019   -2.399950858
    0.164021625   -2.400231243
    0.176647699   -2.400316945
    0.189273774   -2.400160787
    0.201876380   -2.399715282
    0.214502454   -2.398928365
    0.227105060   -2.397751078
    0.239731135   -2.396123054
    0.252357209   -2.393997033
    0.264959815   -2.391320417
    0.277585889   -2.388027512
    0.290211964   -2.384066764
    0.302814570   -2.379391718
    0.315440644   -2.373923608
    0.328043250   -2.367641035
    0.340669324   -2.360361547
    0.353295399   -2.352061432
    0.365898005   -2.342779348
    0.378524079   -2.332426194
    0.391150154   -2.320965145
    0.403752760   -2.308369360
    0.416378834   -2.294542513
    0.429004908   -2.279459559
    0.441607514   -2.263107025
    0.454233589   -2.245381325
    0.466836195   -2.226308341
    0.479462269   -2.205779668
    0.492088344   -2.183795027
    0.504690949   -2.160376549
    0.517317024   -2.135392212
    0.529943098   -2.108868144
    0.542545704   -2.080837499
    0.555171779   -2.051179798
    0.567797853   -2.019934741
    0.580400459   -1.987159995
    0.593026533   -1.952736916
    0.605629139   -1.916809446
    0.618255214   -1.879282785
    0.630881288   -1.840314535
    0.643483894   -1.800239168
    0.656109969   -1.760021935
    0.668736043   -1.733339878
    0.681338649   -1.784786395
    0.693964723   -1.857205278
    0.706590798   -1.930574296
    0.719193404   -2.003256492
    0.731819478   -2.075143079
    0.744422084   -2.145774477
    0.757048158   -2.215320609
    0.769674233   -2.283541073
    0.782276839   -2.350231103
    0.794902913   -2.415565031
    0.807528988   -2.479348963
    0.820131594   -2.541403754
    0.832757668   -2.601900016
    0.845383742   -2.660663019
    0.857986348   -2.717533458
    0.870612423   -2.772671175
    0.883215029   -2.825821813
    0.895841103   -2.877136299
    0.908467178   -2.926469187
    0.921069783   -2.973692090
    0.933695858   -3.018940876
    0.946321932   -3.062087876
    0.958924538   -3.103023226
    0.971550613   -3.141862458
    0.984153219   -3.178437007
    0.996779293   -3.212850239
    1.009405367   -3.245004732
    1.022007973   -3.274821858
    1.034634048   -3.302389448
    1.047260122   -3.327628551
    1.059862728   -3.350500932
    1.072488803   -3.371032305
    1.085114877   -3.389182857
    1.097717483   -3.404911806
    1.110343557   -3.418265831
    1.122946163   -3.429185098
    1.135572238   -3.437701363
    1.148198312   -3.443782235
    1.160800918   -3.447384767
    1.173426992   -3.448461418
    1.186005823   -3.447480048
    1.198568059   -3.444206242
    1.211146890   -3.438568950
    1.223709126   -3.430725408
    1.236287957   -3.420693290
    1.248850193   -3.408548881
    1.261429024   -3.394316460
    1.274007855   -3.378096017
    1.286570091   -3.359994574
    1.299148922   -3.340065385
    1.311711158   -3.318471159
    1.324289989   -3.295297052
    1.336852225   -3.270745841
    1.349431056   -3.244917856
    1.362009887   -3.218028539
    1.374572123   -3.190322296
    1.387150954   -3.161924302
    1.399713190   -3.130251569
    1.412292021   -3.093888661
    1.424870852   -3.055495575
    1.437433088   -3.015192399
    1.450011919   -2.972860341
    1.462574155   -2.928612706
    1.475152986   -2.882334365
    1.487715222   -2.834149682
    1.500294053   -2.783934286
    1.512872883   -2.731754330
    1.525435119   -2.677687449
    1.538013950   -2.621597273
    1.550576186   -2.563640646
    1.563155017   -2.503677565
    1.575717253   -2.441888621
    1.588296084   -2.378170601
    1.600874915   -2.312727762
    1.613437151   -2.247565890
    1.626015982   -2.274222955
    1.638578218   -2.351203655
    1.651157049   -2.427354121
    1.663719285   -2.501686891
    1.676298116   -2.574202725
    1.688876947   -2.644677428
    1.701439183   -2.712934555
    1.714018014   -2.779063430
    1.726580250   -2.842810816
    1.739159081   -2.831212976
    1.751721317   -2.736920720
    1.764300148   -2.640538104
    1.776878979   -2.542203925
    1.789441215   -2.442069493
    1.802020046   -2.339891108
    1.814582282   -2.235963966
    1.827161113   -2.130043365
    1.839739943   -2.022324139
    1.852302180   -1.913044399
    1.864881010   -1.802163656
    1.877443246   -1.691465644
    1.890022077   -1.630104169
    1.902584313   -1.652204746
    1.915163144   -1.675265904
    1.927741975   -1.695699323
    1.940304211   -1.713114290
    1.952883042   -1.727448058
    1.965445278   -1.738614291
    1.978024109   -1.746615949
    1.990586345   -1.751416510
    2.003165176   -1.753020389
    2.015650439   -1.753509887
    2.028135702   -1.754975418
    2.040620966   -1.757408704
    2.053106229   -1.760793650
    2.065591492   -1.765110648
    2.078053287   -1.770322754
    2.090538550   -1.776417564
    2.103023813   -1.783349837
    2.115509076   -1.791077028
    2.127994340   -1.799552035
    2.140479603   -1.808723289
    2.152964866   -1.818534224
    2.165450129   -1.828924768
    2.177935392   -1.839827277
    2.190420656   -1.851181650
    2.202905919   -1.862913363
    2.215391182   -1.874948959
    2.227852977   -1.918728454
    2.240338240   -2.004797710
    2.252823503   -2.088705481
    2.265308766   -2.170423718
    2.277794029   -2.249928096
    2.290279293   -2.327198474
    2.302764556   -2.402217417
    2.315249819   -2.474966161
    2.327735082   -2.545413202
    2.340220345   -2.613479995
    2.352705609   -2.678516965
    2.365190872   -2.681796183
    2.377652666   -2.619840717
    2.390137930   -2.558080867
    2.402623193   -2.497706798
    2.415108456   -2.439146804
    2.427593719   -2.382755314
    2.440078982   -2.328875238
    2.452564246   -2.277838528
    2.465049509   -2.229970869
    2.477534772   -2.185583585
    2.490020035   -2.144974080
    2.502505298   -2.108421407
    2.514990562   -2.076182666
    2.527452356   -2.048537083
    2.539937619   -2.032905637
    2.552422883   -2.023574523
    2.564908146   -2.012524683
    2.577393409   -1.999715676
    2.589878672   -1.985712691
    2.602561068   -1.993978704
    2.615284112   -2.002217385
    2.627966507   -2.009871094
    2.640689552   -2.016855071
    2.653371947   -2.023016321
    2.666094991   -2.028311928
    2.678777387   -2.032638104
    2.691500431   -2.035959056
    2.704182826   -2.038195702
    2.716905870   -2.039312038
    2.729588266   -2.039339393
    2.742311310   -2.068433300
    2.754993706   -2.111902006
    2.767716750   -2.162215881
    2.780399145   -2.219089942
    2.793122189   -2.282894275
    2.805804585   -2.353182017
    2.818527629   -2.430306873
    2.831210024   -2.513640113
    2.843933069   -2.603531252
    2.856615464   -2.699180201
    2.869338508   -2.800936187
    2.882020904   -2.907851125
    2.894743948   -3.020285348
    2.907426343   -3.137172824
    2.920149387   -3.258894582
    2.932831783   -3.384286352
    2.945554827   -3.513176424
    2.958237222   -3.503195294
    2.970960267   -3.483328913
    2.983642662   -3.462276288
    2.996365706   -3.439943964
    3.009048102   -3.416520284
    3.021771146   -3.391903465
    3.034453541   -3.366307260
    3.047176586   -3.339614983
    3.059858981   -3.312003525
    3.072582025   -3.283284207
    3.085264421   -3.253785604
    3.097987465   -3.223438690
    3.110669860   -3.192529313
    3.123392904   -3.160948017
    3.136075300   -3.128989369
    3.148798344   -3.096544195
    3.161480739   -3.063918272
    3.174203784   -3.031004226
    3.186886179   -2.998116135
    3.199609223   -2.965149292
    3.212291619   -2.932421276
    3.225014663   -2.899833151
    3.237697058   -2.867694603
    3.250420103   -2.835909015
    3.263102498   -2.804783514
    3.275825542   -2.774219976
    3.288507938   -2.744510576
    3.301230982   -2.715553552
    3.313913377   -2.687626830
    3.326636421   -2.660626617
    3.339318817   -2.634802089
    3.352041861   -2.610038726
    3.364724256   -2.586553682
    3.377447301   -2.564240590
    3.390129696   -2.543276723
    3.402852740   -2.523553485
    3.415535136   -2.505212198
    3.428258180   -2.488149058
    3.440940575   -2.472474657
    3.453663620   -2.458087768
    3.466346015   -2.445077810
    3.479069059   -2.433360818
    3.491751455   -2.423018744
    3.504474499   -2.414009513
    3.517156894   -2.406447835
    3.529879938   -2.400401558
    3.542562334   -2.396108217
    3.555285378   -2.393757077
    3.567967773   -2.393238318
    3.580690818   -2.393707785
    3.593373213   -2.394225749
    3.606096257   -2.394415105
    3.618675088   -2.394477345
    3.631237324   -2.394667522
    3.643816155   -2.394997486
    3.656378391   -2.395485145
    3.668957222   -2.396159480
    3.681519458   -2.397048879
    3.694098289   -2.398198123
    3.706677120   -2.399651926
    3.719239356   -2.401456745
    3.731818187   -2.403675676
    3.744380423   -2.406362768
    3.756959254   -2.409587341
    3.769521490   -2.413404752
    3.782100321   -2.417883655
    3.794679152   -2.423077715
    3.807241388   -2.429028633
    3.819820219   -2.435791985
    3.832382455   -2.443371336
    3.844961286   -2.451804895
    3.857540116   -2.461065723
    3.870102353   -2.471100464
    3.882681183   -2.481872745
    3.895243419   -2.493253985
    3.907822250   -2.505140905
    3.920384486   -2.517331977
    3.932963317   -2.529650106
    3.945542148   -2.541838292
    3.958104384   -2.553574555
    3.970683215   -2.564566856
    3.983245451   -2.574414870
    3.995824282   -2.582732087
    4.008386518   -2.589044927
    4.020965349   -2.592879569
    4.033544180   -2.593697082
    4.046106416   -2.590943187
    4.058685247   -2.584021036
    4.071247483   -2.572339978
    4.083826314   -2.555249192
    4.096388550   -2.532179685
    4.108967381   -2.502479313
    4.121546212   -2.465630239
    4.134108448   -2.421227168
    4.146687279   -2.368788699
    4.159249515   -2.308223725
    4.171828346   -2.239303724
    4.184390582   -2.162325430
    4.196969413   -2.077398563
    4.209548243   -1.985150033
    4.222110480   -1.886467436
    4.234689310   -1.782141358
    4.247251546   -1.674604673
    4.259830377   -1.625812492
    4.272409208   -1.641547862
    4.284971444   -1.657430718
    4.297550275   -1.672342208
    4.310112511   -1.686085378
    4.322691342   -1.698635291
    4.335253578   -1.709922078
    4.347832409   -1.719948529
    4.360411240   -1.728677339
    4.372973476   -1.736081935
    4.385552307   -1.742167440
    4.398114543   -1.746906240
    4.410693374   -1.750301971
    4.423255610   -1.752339630
    4.435834441   -1.753020389
    0.000000000   -2.363956116
    0.012626074   -2.363640407
    0.025228680   -2.362665636
    0.037854755   -2.360939067
    0.050480829   -2.358318643
    0.063083435   -2.354629459
    0.075709510   -2.349660410
    0.088312115   -2.343256673
    0.100938190   -2.335273604
    0.113564264   -2.325666007
    0.126166870   -2.314455122
    0.138792945   -2.301634382
    0.151419019   -2.287274553
    0.164021625   -2.271461907
    0.176647699   -2.254190800
    0.189273774   -2.235538272
    0.201876380   -2.215587094
    0.214502454   -2.194303422
    0.227105060   -2.171803765
    0.239731135   -2.148039639
    0.252357209   -2.123085888
    0.264959815   -2.097025254
    0.277585889   -2.069793472
    0.290211964   -2.041470850
    0.302814570   -2.012146067
    0.315440644   -1.981743364
    0.328043250   -1.950410018
    0.340669324   -1.918064210
    0.353295399   -1.884799286
    0.365898005   -1.850716417
    0.378524079   -1.815726615
    0.391150154   -1.868311132
    0.403752760   -1.930927002
    0.416378834   -1.994574983
    0.429004908   -2.058849779
    0.441607514   -2.122866248
    0.454233589   -2.182993670
    0.466836195   -2.211089281
    0.479462269   -2.199463764
    0.492088344   -2.179785851
    0.504690949   -2.157359755
    0.517317024   -2.132909394
    0.529943098   -2.106701493
    0.542545704   -2.078862198
    0.555171779   -2.049313512
    0.567797853   -2.018114236
    0.580400459   -1.985329444
    0.593026533   -1.950838437
    0.605629139   -1.914772204
    0.618255214   -1.877001945
    0.630881288   -1.837602426
    0.643483894   -1.796664685
    0.656109969   -1.754054141
    0.668736043   -1.709868394
    0.681338649   -1.664221979
    0.693964723   -1.616982557
    0.706590798   -1.568265344
    0.719193404   -1.518214122
    0.731819478   -1.466694306
    0.744422084   -1.413994492
    0.757048158   -1.360066856
    0.769674233   -1.304927823
    0.782276839   -1.248775935
    0.794902913   -1.191498656
    0.807528988   -1.133306198
    0.820131594   -1.074412665
    0.832757668   -1.014720848
    0.845383742   -0.954469490
    0.857986348   -0.893909601
    0.870612423   -0.832965912
    0.883215029   -0.772025387
    0.895841103   -0.711033552
    0.908467178   -0.650288697
    0.921069783   -0.590099646
    0.933695858   -0.530451843
    0.946321932   -0.471680591
    0.958924538   -0.414127520
    0.971550613   -0.357808198
    0.984153219   -0.303228645
    0.996779293   -0.250441198
    1.009405367   -0.199836282
    1.022007973   -0.151801498
    1.034634048   -0.106472470
    1.047260122   -0.064271828
    1.059862728   -0.025655943
    1.072488803    0.009236096
    1.085114877    0.039928096
    1.097717483    0.066053208
    1.110343557    0.087509020
    1.122946163    0.104239188
    1.135572238    0.116587027
    1.148198312    0.124957799
    1.160800918    0.129776142
    1.173426992    0.131352470
    1.186005823    0.129754216
    1.198568059    0.124471666
    1.211146890    0.114134895
    1.223709126    0.097206649
    1.236287957    0.072835084
    1.248850193    0.041236543
    1.261429024    0.002909813
    1.274007855   -0.041520234
    1.286570091   -0.091444668
    1.299148922   -0.146527236
    1.311711158   -0.206172293
    1.324289989   -0.270184389
    1.336852225   -0.337983302
    1.349431056   -0.409375469
    1.362009887   -0.483911836
    1.374572123   -0.561140026
    1.387150954   -0.640926377
    1.399713190   -0.722737873
    1.412292021   -0.806484819
    1.424870852   -0.891752250
    1.437433088   -0.978153008
    1.450011919   -1.065643817
    1.462574155   -1.153739527
    1.475152986   -1.242431513
    1.487715222   -1.331257707
    1.500294053   -1.420236708
    1.512872883   -1.509046720
    1.525435119   -1.597377805
    1.538013950   -1.685280015
    1.550576186   -1.772347124
    1.563155017   -1.858640933
    1.575717253   -1.943766689
    1.588296084   -2.027770684
    1.600874915   -2.110229031
    1.613437151   -2.189076607
    1.626015982   -2.172674287
    1.638578218   -2.102390998
    1.651157049   -2.029307186
    1.663719285   -1.954319558
    1.676298116   -1.877351133
    1.688876947   -1.798548392
    1.701439183   -1.718069417
    1.714018014   -1.635733878
    1.726580250   -1.551799087
    1.739159081   -1.466088016
    1.751721317   -1.378877828
    1.764300148   -1.289997404
    1.776878979   -1.280067348
    1.789441215   -1.312263034
    1.802020046   -1.355489746
    1.814582282   -1.400138105
    1.827161113   -1.443562929
    1.839739943   -1.484743829
    1.852302180   -1.523167268
    1.864881010   -1.558511491
    1.877443246   -1.589119525
    1.890022077   -1.565608636
    1.902584313   -1.454114262
    1.915163144   -1.336994672
    1.927741975   -1.218176996
    1.940304211   -1.098707926
    1.952883042   -0.980066557
    1.965445278   -0.875701468
    1.978024109   -0.840917217
    1.990586345   -0.833073121
    2.003165176   -0.830940723
    2.015650439   -0.830644155
    2.028135702   -0.829755556
    2.040620966   -0.828278254
    2.053106229   -0.826217738
    2.065591492   -0.823581905
    2.078053287   -0.820387333
    2.090538550   -0.849303226
    2.103023813   -0.953028637
    2.115509076   -1.056350400
    2.127994340   -1.158764045
    2.140479603   -1.259929574
    2.152964866   -1.359598203
    2.165450129   -1.457597666
    2.177935392   -1.553794554
    2.190420656   -1.648094134
    2.202905919   -1.740415922
    2.215391182   -1.830698402
    2.227852977   -1.887189312
    2.240338240   -1.899602631
    2.252823503   -1.912086276
    2.265308766   -1.924559053
    2.277794029   -1.936938694
    2.290279293   -1.949142166
    2.302764556   -1.961085970
    2.315249819   -1.972686448
    2.327735082   -1.983857078
    2.340220345   -1.994520781
    2.352705609   -2.004592034
    2.365190872   -2.013989259
    2.377652666   -2.022616513
    2.390137930   -2.030436532
    2.402623193   -2.037335324
    2.415108456   -2.043248183
    2.427593719   -2.048101065
    2.440078982   -2.051819607
    2.452564246   -2.054340214
    2.465049509   -2.055585060
    2.477534772   -2.055493867
    2.490020035   -2.054003808
    2.502505298   -2.051054618
    2.514990562   -2.046588669
    2.527452356   -2.040563914
    2.539937619   -2.025582859
    2.552422883   -2.007546987
    2.564908146   -1.994565216
    2.577393409   -1.986736206
    2.589878672   -1.984454236
    2.602561068   -1.993246786
    2.615284112   -2.001546492
    2.627966507   -2.009046082
    2.640689552   -2.015774351
    2.653371947   -2.021653835
    2.666094991   -2.026668257
    2.678777387   -2.030726628
    2.691500431   -2.033796350
    2.704182826   -2.035802741
    2.716905870   -2.036712408
    2.729588266   -2.036662283
    2.742311310   -2.037855649
    2.754993706   -2.035298228
    2.767716750   -2.031398531
    2.780399145   -2.026160299
    2.793122189   -2.019519899
    2.805804585   -2.011495090
    2.818527629   -2.002005927
    2.831210024   -1.991096061
    2.843933069   -1.978680332
    2.856615464   -1.964825281
    2.869338508   -1.949434746
    2.882020904   -1.932613388
    2.894743948   -1.914250997
    2.907426343   -1.894472514
    2.920149387   -1.873154480
    2.932831783   -1.850469118
    2.945554827   -1.826284790
    2.958237222   -1.800783083
    2.970960267   -1.773834527
    2.983642662   -1.745650503
    2.996365706   -1.716095865
    3.009048102   -1.685411479
    3.021771146   -1.653458416
    3.034453541   -1.620513228
    3.047176586   -1.586441259
    3.059858981   -1.551548966
    3.072582025   -1.515709510
    3.085264421   -1.479249848
    3.097987465   -1.442032509
    3.110669860   -1.404392331
    3.123392904   -1.366193839
    3.136075300   -1.327798250
    3.148798344   -1.289092357
    3.161480739   -1.250474566
    3.174203784   -1.211874460
    3.186886179   -1.173754130
    3.199609223   -1.136164734
    3.212291619   -1.100106945
    3.225014663   -1.081627698
    3.237697058   -1.123998257
    3.250420103   -1.198405764
    3.263102498   -1.276525962
    3.275825542   -1.354067535
    3.288507938   -1.429412052
    3.301230982   -1.502636554
    3.313913377   -1.573097421
    3.326636421   -1.641134129
    3.339318817   -1.706247452
    3.352041861   -1.768786755
    3.364724256   -1.828314093
    3.377447301   -1.885170758
    3.390129696   -1.938956236
    3.402852740   -1.989979578
    3.415535136   -2.037878913
    3.428258180   -2.082928250
    3.440940575   -2.124802495
    3.453663620   -2.163731202
    3.466346015   -2.199422049
    3.479069059   -2.232051334
    3.491751455   -2.261343014
    3.504474499   -2.287389969
    3.517156894   -2.309883924
    3.529879938   -2.328746286
    3.542562334   -2.343523704
    3.555285378   -2.353943663
    3.567967773   -2.359999291
    3.580690818   -2.362766636
    3.593373213   -2.363739132
    3.606096257   -2.363956116
    3.618675088   -2.363626758
    3.631237324   -2.362420707
    3.643816155   -2.359704691
    3.656378391   -2.354617154
    3.668957222   -2.346401916
    3.681519458   -2.334761724
    3.694098289   -2.319713461
    3.706677120   -2.301463310
    3.719239356   -2.280240259
    3.731818187   -2.256148524
    3.744380423   -2.229375608
    3.756959254   -2.199949487
    3.769521490   -2.168033150
    3.782100321   -2.133610591
    3.794679152   -2.096794102
    3.807241388   -2.057704180
    3.819820219   -2.016305010
    3.832382455   -1.972774583
    3.844961286   -1.927069447
    3.857540116   -1.879320190
    3.870102353   -1.829670218
    3.882681183   -1.778074326
    3.895243419   -1.724753791
    3.907822250   -1.669660154
    3.920384486   -1.613037075
    3.932963317   -1.554840536
    3.945542148   -1.495259220
    3.958104384   -1.434499316
    3.970683215   -1.372542899
    3.983245451   -1.309721154
    3.995824282   -1.246081756
    4.008386518   -1.182098251
    4.020965349   -1.151688386
    4.033544180   -1.175385119
    4.046106416   -1.201223808
    4.058685247   -1.228375879
    4.071247483   -1.256165896
    4.083826314   -1.284265555
    4.096388550   -1.312326280
    4.108967381   -1.340224500
    4.121546212   -1.367772965
    4.134108448   -1.394816688
    4.146687279   -1.421327780
    4.159249515   -1.447150882
    4.171828346   -1.472278256
    4.184390582   -1.496574230
    4.196969413   -1.520036543
    4.209548243   -1.542565011
    4.222110480   -1.564046987
    4.234689310   -1.584369473
    4.247251546   -1.602418967
    4.259830377   -1.557346872
    4.272409208   -1.445119655
    4.284971444   -1.332312528
    4.297550275   -1.222536671
    4.310112511   -1.120158109
    4.322691342   -1.030594901
    4.335253578   -0.960495800
    4.347832409   -0.912175107
    4.360411240   -0.881427111
    4.372973476   -0.861880683
    4.385552307   -0.849040541
    4.398114543   -0.840516249
    4.410693374   -0.835026408
    4.423255610   -0.831940680
    4.435834441   -0.830940723
    0.000000000   -0.810567871
    0.012626074   -0.811358429
    0.025228680   -0.814062005
    0.037854755   -0.819199388
    0.050480829   -0.826918864
    0.063083435   -0.837146174
    0.075709510   -0.849854082
    0.088312115   -0.864955885
    0.100938190   -0.882482530
    0.113564264   -0.902397541
    0.126166870   -0.924620712
    0.138792945   -0.949222060
    0.151419019   -0.976137735
    0.164021625   -1.005282939
    0.176647699   -1.036734034
    0.189273774   -1.070402926
    0.201876380   -1.106181515
    0.214502454   -1.144160294
    0.227105060   -1.184152236
    0.239731135   -1.226257226
    0.252357209   -1.270350743
    0.264959815   -1.316290470
    0.277585889   -1.364189787
    0.290211964   -1.413904293
    0.302814570   -1.465273270
    0.315440644   -1.518416743
    0.328043250   -1.573078490
    0.340669324   -1.629384561
    0.353295399   -1.687157133
    0.365898005   -1.746204265
    0.378524079   -1.806658066
    0.391150154   -1.779931768
    0.403752760   -1.743441104
    0.416378834   -1.706160800
    0.429004908   -1.668202094
    0.441607514   -1.629683514
    0.454233589   -1.590510690
    0.466836195   -1.550882223
    0.479462269   -1.510709554
    0.492088344   -1.470134545
    0.504690949   -1.429321322
    0.517317024   -1.388227216
    0.529943098   -1.347110821
    0.542545704   -1.306385454
    0.555171779   -1.266709454
    0.567797853   -1.230898477
    0.580400459   -1.212869397
    0.593026533   -1.248875343
    0.605629139   -1.317456342
    0.618255214   -1.392893202
    0.630881288   -1.469746207
    0.643483894   -1.546296891
    0.656109969   -1.621218883
    0.668736043   -1.680517261
    0.681338649   -1.659394994
    0.693964723   -1.615024707
    0.706590798   -1.567289979
    0.719193404   -1.517738120
    0.731819478   -1.466526794
    0.744422084   -1.413948667
    0.757048158   -1.359860338
    0.769674233   -1.304592488
    0.782276839   -1.248331734
    0.794902913   -1.190957516
    0.807528988   -1.132675090
    0.820131594   -1.073694677
    0.832757668   -1.013915446
    0.845383742   -0.953573782
    0.857986348   -0.892918548
    0.870612423   -0.831871486
    0.883215029   -0.770817327
    0.895841103   -0.709698269
    0.908467178   -0.648809432
    0.921069783   -0.588455944
    0.933695858   -0.528617705
    0.946321932   -0.469624130
    0.958924538   -0.411809507
    0.971550613   -0.355178202
    0.984153219   -0.300224223
    0.996779293   -0.246980753
    1.009405367   -0.195814993
    1.022007973   -0.147083555
    1.034634048   -0.100875201
    1.047260122   -0.057553235
    1.059862728   -0.017497453
    1.072488803    0.019262974
    1.085114877    0.052363364
    1.097717483    0.081520526
    1.110343557    0.106630463
    1.122946163    0.127411632
    1.135572238    0.143780704
    1.148198312    0.155565554
    1.160800918    0.162662635
    1.173426992    0.165040671
    1.186005823    0.162679569
    1.198568059    0.155618116
    1.211146890    0.143865971
    1.223709126    0.127501512
    1.236287957    0.106548476
    1.248850193    0.081148997
    1.261429024    0.051362072
    1.274007855    0.017309469
    1.286570091   -0.020785077
    1.299148922   -0.062848274
    1.311711158   -0.108571773
    1.324289989   -0.157854871
    1.336852225   -0.210320999
    1.349431056   -0.265836357
    1.362009887   -0.324035350
    1.374572123   -0.384527543
    1.387150954   -0.447089740
    1.399713190   -0.511195963
    1.412292021   -0.576620552
    1.424870852   -0.642827342
    1.437433088   -0.709291851
    1.450011919   -0.775706196
    1.462574155   -0.841395951
    1.475152986   -0.906015775
    1.487715222   -0.968862398
    1.500294053   -1.029558793
    1.512872883   -1.087474844
    1.525435119   -1.142002026
    1.538013950   -1.192764190
    1.550576186   -1.239139253
    1.563155017   -1.280806538
    1.575717253   -1.317274674
    1.588296084   -1.348335013
    1.600874915   -1.373707133
    1.613437151   -1.393271020
    1.626015982   -1.407055400
    1.638578218   -1.415115835
    1.651157049   -1.417667039
    1.663719285   -1.414988642
    1.676298116   -1.407444028
    1.688876947   -1.395475758
    1.701439183   -1.379630620
    1.714018014   -1.360463777
    1.726580250   -1.338761070
    1.739159081   -1.315513156
    1.751721317   -1.292761046
    1.764300148   -1.275900168
    1.776878979   -1.199630581
    1.789441215   -1.160817234
    1.802020046   -1.136788156
    1.814582282   -1.108409562
    1.827161113   -1.078680781
    1.839739943   -1.048874782
    1.852302180   -1.019717826
    1.864881010   -0.991576316
    1.877443246   -0.964885598
    1.890022077   -0.939860466
    1.902584313   -0.916798272
    1.915163144   -0.895811763
    1.927741975   -0.877020604
    1.940304211   -0.860318169
    1.952883042   -0.844569772
    1.965445278   -0.817862199
    1.978024109   -0.727386033
    1.990586345   -0.625712022
    2.003165176   -0.573537214
    2.015650439   -0.573492562
    2.028135702   -0.573358943
    2.040620966   -0.573138119
    2.053106229   -0.572830213
    2.065591492   -0.644365122
    2.078053287   -0.745945418
    2.090538550   -0.816633753
    2.103023813   -0.812342802
    2.115509076   -0.807531270
    2.127994340   -0.802219458
    2.140479603   -0.796441997
    2.152964866   -0.790205288
    2.165450129   -0.783554329
    2.177935392   -0.776525999
    2.190420656   -0.769209033
    2.202905919   -0.761738655
    2.215391182   -0.754577771
    2.227852977   -0.751352585
    2.240338240   -0.788879884
    2.252823503   -0.852770816
    2.265308766   -0.917694896
    2.277794029   -0.981737105
    2.290279293   -1.044473048
    2.302764556   -1.105707038
    2.315249819   -1.165314459
    2.327735082   -1.223201957
    2.340220345   -1.279300427
    2.352705609   -1.333549729
    2.365190872   -1.385901742
    2.377652666   -1.436223966
    2.390137930   -1.484676847
    2.402623193   -1.531129908
    2.415108456   -1.575569132
    2.427593719   -1.617974248
    2.440078982   -1.658342489
    2.452564246   -1.696667200
    2.465049509   -1.732939380
    2.477534772   -1.767164201
    2.490020035   -1.799347249
    2.502505298   -1.829497665
    2.514990562   -1.857628026
    2.527452356   -1.883706994
    2.539937619   -1.907851879
    2.552422883   -1.930033881
    2.564908146   -1.950277908
    2.577393409   -1.968609418
    2.589878672   -1.984119844
    2.602561068   -1.967901783
    2.615284112   -1.954068956
    2.627966507   -1.943729698
    2.640689552   -1.937232181
    2.653371947   -1.935016710
    2.666094991   -1.937454105
    2.678777387   -1.944892630
    2.691500431   -1.957720918
    2.704182826   -1.976166315
    2.716905870   -2.000614919
    2.729588266   -2.030860513
    2.742311310   -2.034864233
    2.754993706   -2.032162957
    2.767716750   -2.028133896
    2.780399145   -2.022785217
    2.793122189   -2.016053010
    2.805804585   -2.007955520
    2.818527629   -1.998412224
    2.831210024   -1.987466875
    2.843933069   -1.975033888
    2.856615464   -1.961180479
    2.869338508   -1.945815733
    2.882020904   -1.929030837
    2.894743948   -1.910722802
    2.907426343   -1.891016118
    2.920149387   -1.869788386
    2.932831783   -1.847209594
    2.945554827   -1.823149182
    2.958237222   -1.797787418
    2.970960267   -1.770994697
    2.983642662   -1.742979662
    2.996365706   -1.713605245
    3.009048102   -1.683106069
    3.021771146   -1.651336307
    3.034453541   -1.618556090
    3.047176586   -1.584610303
    3.059858981   -1.549774353
    3.072582025   -1.513889241
    3.085264421   -1.477260725
    3.097987465   -1.439748028
    3.110669860   -1.401700303
    3.123392904   -1.362993461
    3.136075300   -1.324007682
    3.148798344   -1.284642922
    3.161480739   -1.245329645
    3.174203784   -1.206054672
    3.186886179   -1.167443169
    3.199609223   -1.130015331
    3.212291619   -1.096123099
    3.225014663   -1.063607944
    3.237697058   -1.030688372
    3.250420103   -1.000619555
    3.263102498   -0.975021581
    3.275825542   -0.954861482
    3.288507938   -0.940270670
    3.301230982   -0.929877482
    3.313913377   -0.922144688
    3.326636421   -0.915779996
    3.339318817   -0.910072943
    3.352041861   -0.904525327
    3.364724256   -0.898950208
    3.377447301   -0.893196080
    3.390129696   -0.887257619
    3.402852740   -0.881101654
    3.415535136   -0.874778110
    3.428258180   -0.868355968
    3.440940575   -0.861923243
    3.453663620   -0.855521115
    3.466346015   -0.849277707
    3.479069059   -0.843241857
    3.491751455   -0.837538354
    3.504474499   -0.832211856
    3.517156894   -0.827369437
    3.529879938   -0.823043719
    3.542562334   -0.819315620
    3.555285378   -0.816194630
    3.567967773   -0.813752214
    3.580690818   -0.811986505
    3.593373213   -0.810924378
    3.606096257   -0.810567871
    3.618675088   -0.811315916
    3.631237324   -0.813552893
    3.643816155   -0.817271622
    3.656378391   -0.822434463
    3.668957222   -0.829012855
    3.681519458   -0.836923741
    3.694098289   -0.846118578
    3.706677120   -0.856477378
    3.719239356   -0.867878279
    3.731818187   -0.880222173
    3.744380423   -0.893332966
    3.756959254   -0.907088909
    3.769521490   -0.921306331
    3.782100321   -0.935811338
    3.794679152   -0.950424840
    3.807241388   -0.964947862
    3.819820219   -0.979241773
    3.832382455   -0.993096284
    3.844961286   -1.006394831
    3.857540116   -1.018972969
    3.870102353   -1.030693039
    3.882681183   -1.041495525
    3.895243419   -1.051291863
    3.907822250   -1.060094394
    3.920384486   -1.067926093
    3.932963317   -1.074937777
    3.945542148   -1.081376247
    3.958104384   -1.087677198
    3.970683215   -1.094608072
    3.983245451   -1.103291499
    3.995824282   -1.115170907
    4.008386518   -1.131289153
    4.020965349   -1.118137061
    4.033544180   -1.055405638
    4.046106416   -1.015299736
    4.058685247   -1.011282046
    4.071247483   -1.005435170
    4.083826314   -0.998170181
    4.096388550   -0.989806564
    4.108967381   -0.980545748
    4.121546212   -0.970572847
    4.134108448   -0.960044002
    4.146687279   -0.949049537
    4.159249515   -0.937717785
    4.171828346   -0.926101990
    4.184390582   -0.914299907
    4.196969413   -0.902319367
    4.209548243   -0.890226838
    4.222110480   -0.878028598
    4.234689310   -0.865654650
    4.247251546   -0.853040636
    4.259830377   -0.839961034
    4.272409208   -0.826071845
    4.284971444   -0.810738624
    4.297550275   -0.792705094
    4.310112511   -0.769787992
    4.322691342   -0.738206630
    4.335253578   -0.694117869
    4.347832409   -0.639835503
    4.360411240   -0.597824290
    4.372973476   -0.584209741
    4.385552307   -0.579193921
    4.398114543   -0.576442980
    4.410693374   -0.574762143
    4.423255610   -0.573839809
    4.435834441   -0.573537214
    0.000000000   -0.797657717
    0.012626074   -0.797566524
    0.025228680   -0.796959129
    0.037854755   -0.795332001
    0.050480829   -0.792548700
    0.063083435   -0.788715150
    0.075709510   -0.783848447
    0.088312115   -0.778051077
    0.100938190   -0.771344151
    0.113564264   -0.763776029
    0.126166870   -0.755386090
    0.138792945   -0.746177207
    0.151419019   -0.736194375
    0.164021625   -0.725489003
    0.176647699   -0.714052844
    0.189273774   -0.701937730
    0.201876380   -0.689201389
    0.214502454   -0.675830544
    0.227105060   -0.661909695
    0.239731135   -0.647401871
    0.252357209   -0.632410773
    0.264959815   -0.616982112
    0.277585889   -0.601097571
    0.290211964   -0.584826922
    0.302814570   -0.568245872
    0.315440644   -0.551330381
    0.328043250   -0.534216378
    0.340669324   -0.516884563
    0.353295399   -0.499419282
    0.365898005   -0.481894792
    0.378524079   -0.464262201
    0.391150154   -0.446529789
    0.403752760   -0.428655181
    0.416378834   -0.410444957
    0.429004908   -0.391766996
    0.441607514   -0.372474641
    0.454233589   -0.359904407
    0.466836195   -0.424590034
    0.479462269   -0.500791062
    0.492088344   -0.578985170
    0.504690949   -0.657857376
    0.517317024   -0.737233823
    0.529943098   -0.816657811
    0.542545704   -0.895547609
    0.555171779   -0.973310292
    0.567797853   -1.046991496
    0.580400459   -1.102541175
    0.593026533   -1.103782476
    0.605629139   -1.071968518
    0.618255214   -1.032871072
    0.630881288   -0.991730552
    0.643483894   -0.949911812
    0.656109969   -0.907732412
    0.668736043   -0.865502077
    0.681338649   -0.823439928
    0.693964723   -0.781489617
    0.706590798   -0.739809645
    0.719193404   -0.698545554
    0.731819478   -0.657605996
    0.744422084   -0.617200440
    0.757048158   -0.577235194
    0.769674233   -0.537838350
    0.782276839   -0.499132912
    0.794902913   -0.461024741
    0.807528988   -0.423635319
    0.820131594   -0.387079456
    0.832757668   -0.351267249
    0.845383742   -0.316343651
    0.857986348   -0.282354093
    0.870612423   -0.249243752
    0.883215029   -0.217176269
    0.895841103   -0.186071198
    0.908467178   -0.156026376
    0.921069783   -0.127129702
    0.933695858   -0.099306274
    0.946321932   -0.072640986
    0.958924538   -0.047206935
    0.971550613   -0.022931471
    0.984153219    0.000075246
    0.996779293    0.021887654
    1.009405367    0.042457396
    1.022007973    0.061755607
    1.034634048    0.079873742
    1.047260122    0.096812268
    1.059862728    0.112589803
    1.072488803    0.127372623
    1.085114877    0.141216253
    1.097717483    0.154171927
    1.110343557    0.166261680
    1.122946163    0.177217643
    1.135572238    0.186629578
    1.148198312    0.193898548
    1.160800918    0.198488287
    1.173426992    0.200062590
    1.186005823    0.198534179
    1.198568059    0.194478634
    1.211146890    0.189316846
    1.223709126    0.184750502
    1.236287957    0.181743242
    1.248850193    0.180359701
    1.261429024    0.180266232
    1.274007855    0.181136310
    1.286570091    0.182735181
    1.299148922    0.184915870
    1.311711158    0.187594044
    1.324289989    0.190671301
    1.336852225    0.194113716
    1.349431056    0.197896294
    1.362009887    0.201988165
    1.374572123    0.206360288
    1.387150954    0.211007654
    1.399713190    0.215899930
    1.412292021    0.221029370
    1.424870852    0.226422458
    1.437433088    0.231974837
    1.450011919    0.237726070
    1.462574155    0.243646665
    1.475152986    0.249737875
    1.487715222    0.255969118
    1.500294053    0.262342087
    1.512872883    0.268833508
    1.525435119    0.275418973
    1.538013950    0.255745074
    1.550576186    0.160978165
    1.563155017    0.067274229
    1.575717253   -0.024971277
    1.588296084   -0.115867767
    1.600874915   -0.205146871
    1.613437151   -0.292577890
    1.626015982   -0.378269949
    1.638578218   -0.461881578
    1.651157049   -0.543520880
    1.663719285   -0.622860248
    1.676298116   -0.699993501
    1.688876947   -0.774684212
    1.701439183   -0.846698474
    1.714018014   -0.916022881
    1.726580250   -0.982158649
    1.739159081   -1.044660288
    1.751721317   -1.101808483
    1.764300148   -1.148715697
    1.776878979   -1.170599652
    1.789441215   -1.107982012
    1.802020046   -1.014908632
    1.814582282   -0.920775939
    1.827161113   -0.825480138
    1.839739943   -0.729333228
    1.852302180   -0.632692332
    1.864881010   -0.535595068
    1.877443246   -0.438679776
    1.890022077   -0.342193252
    1.902584313   -0.247062923
    1.915163144   -0.153943592
    1.927741975   -0.064212346
    1.940304211    0.020306526
    1.952883042    0.097495834
    1.965445278   -0.011083589
    1.978024109   -0.137363602
    1.990586345   -0.247467754
    2.003165176   -0.301966526
    2.015650439   -0.322289349
    2.028135702   -0.377282236
    2.040620966   -0.455163721
    2.053106229   -0.546209262
    2.065591492   -0.572438906
    2.078053287   -0.571968684
    2.090538550   -0.571407054
    2.103023813   -0.570793671
    2.115509076   -0.570122595
    2.127994340   -0.569409350
    2.140479603   -0.568680205
    2.152964866   -0.567984095
    2.165450129   -0.567433077
    2.177935392   -0.567355562
    2.190420656   -0.569324700
    2.202905919   -0.588309840
    2.215391182   -0.646406782
    2.227852977   -0.708215425
    2.240338240   -0.729463893
    2.252823503   -0.723387469
    2.265308766   -0.714979408
    2.277794029   -0.705983699
    2.290279293   -0.696719287
    2.302764556   -0.687310771
    2.315249819   -0.677833291
    2.327735082   -0.668342709
    2.340220345   -0.658894123
    2.352705609   -0.649532930
    2.365190872   -0.640304505
    2.377652666   -0.631269580
    2.390137930   -0.622448209
    2.402623193   -0.613860902
    2.415108456   -0.605590003
    2.427593719   -0.597656394
    2.440078982   -0.590097304
    2.452564246   -0.582946349
    2.465049509   -0.576230770
    2.477534772   -0.569977787
    2.490020035   -0.564209188
    2.502505298   -0.558941737
    2.514990562   -0.554186463
    2.527452356   -0.549955481
    2.539937619   -0.546230593
    2.552422883   -0.543010976
    2.564908146   -0.540281267
    2.577393409   -0.538026746
    2.589878672   -0.536504112
    2.602561068   -0.537386635
    2.615284112   -0.538929431
    2.627966507   -0.540877220
    2.640689552   -0.543224252
    2.653371947   -0.545948759
    2.666094991   -0.549063307
    2.678777387   -0.552543580
    2.691500431   -0.556407547
    2.704182826   -0.560626144
    2.716905870   -0.565221867
    2.729588266   -0.570145515
    2.742311310   -0.575454685
    2.754993706   -0.581102264
    2.767716750   -0.587101821
    2.780399145   -0.593416528
    2.793122189   -0.600079422
    2.805804585   -0.607048669
    2.818527629   -0.614341975
    2.831210024   -0.621911106
    2.843933069   -0.629793066
    2.856615464   -0.637925005
    2.869338508   -0.646344384
    2.882020904   -0.654982080
    2.894743948   -0.663876269
    2.907426343   -0.672951394
    2.920149387   -0.682245037
    2.932831783   -0.691675837
    2.945554827   -0.701293205
    2.958237222   -0.710983795
    2.970960267   -0.720794990
    2.983642662   -0.730634477
    2.996365706   -0.740533615
    3.009048102   -0.750395584
    3.021771146   -0.760240499
    3.034453541   -0.769982945
    3.047176586   -0.779637726
    3.059858981   -0.789101400
    3.072582025   -0.798390589
    3.085264421   -0.807399957
    3.097987465   -0.816138953
    3.110669860   -0.824501510
    3.123392904   -0.832489385
    3.136075300   -0.839998909
    3.148798344   -0.847027997
    3.161480739   -0.853494627
    3.174203784   -0.859455878
    3.186886179   -0.865150045
    3.199609223   -0.873415271
    3.212291619   -0.918067717
    3.225014663   -0.980151230
    3.237697058   -0.985765258
    3.250420103   -0.959294772
    3.263102498   -0.929726135
    3.275825542   -0.905530959
    3.288507938   -0.892307885
    3.301230982   -0.886624633
    3.313913377   -0.883580385
    3.326636421   -0.881159875
    3.339318817   -0.878703712
    3.352041861   -0.875907077
    3.364724256   -0.872700832
    3.377447301   -0.869038869
    3.390129696   -0.864959043
    3.402852740   -0.860474340
    3.415535136   -0.855644186
    3.428258180   -0.850554774
    3.440940575   -0.845290011
    3.453663620   -0.839898640
    3.466346015   -0.834501485
    3.479069059   -0.829153310
    3.491751455   -0.823978414
    3.504474499   -0.819033820
    3.517156894   -0.814439003
    3.529879938   -0.810248933
    3.542562334   -0.806568538
    3.555285378   -0.803435551
    3.567967773   -0.800948676
    3.580690818   -0.799130832
    3.593373213   -0.798028990
    3.606096257   -0.797657717
    3.618675088   -0.797603076
    3.631237324   -0.797437091
    3.643816155   -0.797155237
    3.656378391   -0.796756094
    3.668957222   -0.796240534
    3.681519458   -0.795606784
    3.694098289   -0.794869563
    3.706677120   -0.794003321
    3.719239356   -0.793022879
    3.731818187   -0.791926033
    3.744380423   -0.790716514
    3.756959254   -0.789393069
    3.769521490   -0.787986317
    3.782100321   -0.786453940
    3.794679152   -0.784835870
    3.807241388   -0.783161491
    3.819820219   -0.781477292
    3.832382455   -0.779887843
    3.844961286   -0.778604524
    3.857540116   -0.778149731
    3.870102353   -0.779923569
    3.882681183   -0.787541540
    3.895243419   -0.804378792
    3.907822250   -0.827666398
    3.920384486   -0.853586484
    3.932963317   -0.880464378
    3.945542148   -0.907363582
    3.958104384   -0.933494633
    3.970683215   -0.958013996
    3.983245451   -0.979620681
    3.995824282   -0.996896313
    4.008386518   -1.008691347
    4.020965349   -1.015036322
    4.033544180   -1.016851677
    4.046106416   -0.997467710
    4.058685247   -0.955784804
    4.071247483   -0.943544299
    4.083826314   -0.945979215
    4.096388550   -0.950224986
    4.108967381   -0.952277292
    4.121546212   -0.950577103
    4.134108448   -0.944260547
    4.146687279   -0.932684610
    4.159249515   -0.915384731
    4.171828346   -0.891919488
    4.184390582   -0.862056673
    4.196969413   -0.825535267
    4.209548243   -0.782346449
    4.222110480   -0.732661586
    4.234689310   -0.676619475
    4.247251546   -0.614814749
    4.259830377   -0.606793767
    4.272409208   -0.601794120
    4.284971444   -0.596976990
    4.297550275   -0.592289767
    4.310112511   -0.587703234
    4.322691342   -0.582982022
    4.335253578   -0.577470576
    4.347832409   -0.568098471
    4.360411240   -0.538672679
    4.372973476   -0.481438223
    4.385552307   -0.422261100
    4.398114543   -0.371726915
    4.410693374   -0.333572202
    4.423255610   -0.309967997
    4.435834441   -0.301966526
    0.000000000   -0.430832786
    0.012626074   -0.430579662
    0.025228680   -0.429864041
    0.037854755   -0.428806520
    0.050480829   -0.427599740
    0.063083435   -0.426472070
    0.075709510   -0.425621269
    0.088312115   -0.425451865
    0.100938190   -0.427226846
    0.113564264   -0.429132913
    0.126166870   -0.431122275
    0.138792945   -0.433161724
    0.151419019   -0.435200990
    0.164021625   -0.437186475
    0.176647699   -0.439072617
    0.189273774   -0.440799838
    0.201876380   -0.442307262
    0.214502454   -0.443540105
    0.227105060   -0.444431663
    0.239731135   -0.444918973
    0.252357209   -0.444939930
    0.264959815   -0.444427284
    0.277585889   -0.443312533
    0.290211964   -0.441529182
    0.302814570   -0.439015832
    0.315440644   -0.435691543
    0.328043250   -0.431514851
    0.340669324   -0.426401037
    0.353295399   -0.420296498
    0.365898005   -0.413158465
    0.378524079   -0.404911001
    0.391150154   -0.395530002
    0.403752760   -0.385027985
    0.416378834   -0.373431528
    0.429004908   -0.361082629
    0.441607514   -0.349820838
    0.454233589   -0.352314196
    0.466836195   -0.331193658
    0.479462269   -0.308888007
    0.492088344   -0.285311468
    0.504690949   -0.260416280
    0.517317024   -0.234008400
    0.529943098   -0.206073054
    0.542545704   -0.176607271
    0.555171779   -0.145453378
    0.567797853   -0.112624694
    0.580400459   -0.078153580
    0.593026533   -0.041884038
    0.605629139   -0.003928650
    0.618255214    0.035871102
    0.630881288    0.077458171
    0.643483894    0.120756893
    0.656109969    0.165929577
    0.668736043    0.212892456
    0.681338649    0.261542345
    0.693964723    0.312038932
    0.706590798    0.364277133
    0.719193404    0.418120159
    0.731819478    0.473730131
    0.744422084    0.530862614
    0.757048158    0.589660018
    0.769674233    0.649962622
    0.782276839    0.711582634
    0.794902913    0.774668396
    0.807528988    0.839009985
    0.820131594    0.904392300
    0.832757668    0.970941994
    0.845383742    1.038411512
    0.857986348    1.106536511
    0.870612423    1.175418043
    0.883215029    1.244634068
    0.895841103    1.314260490
    0.908467178    1.383970191
    0.921069783    1.453418142
    0.933695858    1.522629158
    0.946321932    1.591220456
    0.958924538    1.658794123
    0.971550613    1.725333611
    0.984153219    1.790229200
    0.996779293    1.853411642
    1.009405367    1.914401046
    1.022007973    1.972711713
    1.034634048    2.028158644
    1.047260122    2.080203207
    1.059862728    2.128246875
    1.072488803    2.172095359
    1.085114877    2.211084679
    1.097717483    2.244631108
    1.110343557    2.272400873
    1.122946163    2.294067434
    1.135572238    2.309906688
    1.148198312    2.320467055
    1.160800918    2.326447585
    1.173426992    2.328385468
    1.186005823    2.326416606
    1.198568059    2.319810676
    1.211146890    2.306678987
    1.223709126    2.285164242
    1.236287957    2.254603956
    1.248850193    2.215605517
    1.261429024    2.168907365
    1.274007855    2.115299942
    1.286570091    2.055539977
    1.299148922    1.990060491
    1.311711158    1.919613536
    1.324289989    1.844457711
    1.336852225    1.765318147
    1.349431056    1.682453812
    1.362009887    1.596412137
    1.374572123    1.507734413
    1.387150954    1.416586870
    1.399713190    1.323584984
    1.412292021    1.228831018
    1.424870852    1.132793033
    1.437433088    1.035897138
    1.450011919    0.938180634
    1.462574155    0.840171317
    1.475152986    0.741862621
    1.487715222    0.643749025
    1.500294053    0.545791136
    1.512872883    0.448324184
    1.525435119    0.351667430
    1.538013950    0.282099521
    1.550576186    0.288840142
    1.563155017    0.295639762
    1.575717253    0.302459662
    1.588296084    0.309238594
    1.600874915    0.316054797
    1.613437151    0.322815175
    1.626015982    0.329516959
    1.638578218    0.336126044
    1.651157049    0.342652797
    1.663719285    0.349081043
    1.676298116    0.355431691
    1.688876947    0.361716666
    1.701439183    0.367882150
    1.714018014    0.373952701
    1.726580250    0.379896147
    1.739159081    0.385710154
    1.751721317    0.391361176
    1.764300148    0.396846593
    1.776878979    0.402142326
    1.789441215    0.407226427
    1.802020046    0.412098046
    1.814582282    0.416731044
    1.827161113    0.421125273
    1.839739943    0.425262654
    1.852302180    0.429127270
    1.864881010    0.432718944
    1.877443246    0.436018190
    1.890022077    0.439024004
    1.902584313    0.441709318
    1.915163144    0.444089962
    1.927741975    0.397005123
    1.940304211    0.258001496
    1.952883042    0.121503589
    1.965445278    0.164055901
    1.978024109    0.216319781
    1.990586345    0.249990547
    2.003165176    0.261695650
    2.015650439    0.256423184
    2.028135702    0.240803459
    2.040620966    0.215400229
    2.053106229    0.181065829
    2.065591492    0.138837384
    2.078053287    0.089931831
    2.090538550    0.035280887
    2.103023813   -0.023974413
    2.115509076   -0.086869525
    2.127994340   -0.152544881
    2.140479603   -0.220241224
    2.152964866   -0.289275169
    2.165450129   -0.358992427
    2.177935392   -0.428590140
    2.190420656   -0.496077129
    2.202905919   -0.546043746
    2.215391182   -0.555690166
    2.227852977   -0.556482069
    2.240338240   -0.555937565
    2.252823503   -0.554966824
    2.265308766   -0.553801439
    2.277794029   -0.552529202
    2.290279293   -0.551193130
    2.302764556   -0.549818701
    2.315249819   -0.548423434
    2.327735082   -0.547012026
    2.340220345   -0.545614103
    2.352705609   -0.544230613
    2.365190872   -0.542871255
    2.377652666   -0.541547907
    2.390137930   -0.540283114
    2.402623193   -0.539051471
    2.415108456   -0.537883700
    2.427593719   -0.536788942
    2.440078982   -0.535776895
    2.452564246   -0.534865808
    2.465049509   -0.534056737
    2.477534772   -0.533369491
    2.490020035   -0.532819885
    2.502505298   -0.532425840
    2.514990562   -0.532207792
    2.527452356   -0.532188908
    2.539937619   -0.532395532
    2.552422883   -0.532857348
    2.564908146   -0.533605655
    2.577393409   -0.534666690
    2.589878672   -0.535790718
    2.602561068   -0.535324018
    2.615284112   -0.535033358
    2.627966507   -0.535163820
    2.640689552   -0.535730931
    2.653371947   -0.536733235
    2.666094991   -0.538176543
    2.678777387   -0.540049778
    2.691500431   -0.542362262
    2.704182826   -0.545095878
    2.716905870   -0.548264182
    2.729588266   -0.551826406
    2.742311310   -0.555833246
    2.754993706   -0.560245449
    2.767716750   -0.565066814
    2.780399145   -0.570268341
    2.793122189   -0.575875462
    2.805804585   -0.581853212
    2.818527629   -0.588211349
    2.831210024   -0.594907826
    2.843933069   -0.601973755
    2.856615464   -0.609350176
    2.869338508   -0.617071738
    2.882020904   -0.625072737
    2.894743948   -0.633387233
    2.907426343   -0.641943510
    2.920149387   -0.650775926
    2.932831783   -0.659806681
    2.945554827   -0.669082162
    2.958237222   -0.678493427
    2.970960267   -0.688086054
    2.983642662   -0.697770079
    2.996365706   -0.707577028
    3.009048102   -0.717412059
    3.021771146   -0.727296655
    3.034453541   -0.737147373
    3.047176586   -0.746981930
    3.059858981   -0.756698495
    3.072582025   -0.766318575
    3.085264421   -0.775738541
    3.097987465   -0.784974957
    3.110669860   -0.793923802
    3.123392904   -0.802596223
    3.136075300   -0.810890217
    3.148798344   -0.818813408
    3.161480739   -0.826276558
    3.174203784   -0.833317361
    3.186886179   -0.840028327
    3.199609223   -0.848106318
    3.212291619   -0.863759737
    3.225014663   -0.868126053
    3.237697058   -0.868740471
    3.250420103   -0.867233075
    3.263102498   -0.863127650
    3.275825542   -0.852820065
    3.288507938   -0.831885073
    3.301230982   -0.803768239
    3.313913377   -0.773753090
    3.326636421   -0.743765629
    3.339318817   -0.714771690
    3.352041861   -0.686871332
    3.364724256   -0.660369811
    3.377447301   -0.635164454
    3.390129696   -0.611465139
    3.402852740   -0.589157304
    3.415535136   -0.568406414
    3.428258180   -0.549097067
    3.440940575   -0.531351648
    3.453663620   -0.515047653
    3.466346015   -0.500272410
    3.479069059   -0.486908340
    3.491751455   -0.475014670
    3.504474499   -0.464488453
    3.517156894   -0.455373875
    3.529879938   -0.447597130
    3.542562334   -0.441218844
    3.555285378   -0.436245105
    3.567967773   -0.432832611
    3.580690818   -0.431096763
    3.593373213   -0.430755853
    3.606096257   -0.430832786
    3.618675088   -0.430604543
    3.631237324   -0.430233038
    3.643816155   -0.430577143
    3.656378391   -0.432665199
    3.668957222   -0.437120370
    3.681519458   -0.443978592
    3.694098289   -0.453040573
    3.706677120   -0.464057819
    3.719239356   -0.476827048
    3.731818187   -0.491240190
    3.744380423   -0.507146918
    3.756959254   -0.524492364
    3.769521490   -0.543143049
    3.782100321   -0.563053133
    3.794679152   -0.584104956
    3.807241388   -0.606159333
    3.819820219   -0.629139426
    3.832382455   -0.652797259
    3.844961286   -0.676888838
    3.857540116   -0.700766265
    3.870102353   -0.722872057
    3.882681183   -0.739583795
    3.895243419   -0.747310733
    3.907822250   -0.748734560
    3.920384486   -0.747419558
    3.932963317   -0.744856551
    3.945542148   -0.741599283
    3.958104384   -0.737885374
    3.970683215   -0.740129181
    3.983245451   -0.765241667
    3.995824282   -0.789784046
    4.008386518   -0.813160434
    4.020965349   -0.834663835
    4.033544180   -0.852843070
    4.046106416   -0.863965316
    4.058685247   -0.856143012
    4.071247483   -0.816022102
    4.083826314   -0.757924595
    4.096388550   -0.694550305
    4.108967381   -0.675886407
    4.121546212   -0.669924769
    4.134108448   -0.663936084
    4.146687279   -0.657925242
    4.159249515   -0.651929371
    4.171828346   -0.645954401
    4.184390582   -0.640038133
    4.196969413   -0.634186890
    4.209548243   -0.628430921
    4.222110480   -0.622798781
    4.234689310   -0.617295815
    4.247251546   -0.611954721
    4.259830377   -0.547714258
    4.272409208   -0.476204277
    4.284971444   -0.401367014
    4.297550275   -0.324140608
    4.310112511   -0.246004374
    4.322691342   -0.168145856
    4.335253578   -0.092259644
    4.347832409   -0.019709467
    4.360411240    0.047792118
    4.372973476    0.108547700
    4.385552307    0.161127910
    4.398114543    0.203892402
    4.410693374    0.235608335
    4.423255610    0.255100831
    4.435834441    0.261695650
    0.000000000   -0.419023826
    0.012626074   -0.419164987
    0.025228680   -0.419584951
    0.037854755   -0.420277885
    0.050480829   -0.421231009
    0.063083435   -0.422426282
    0.075709510   -0.423843431
    0.088312115   -0.425179231
    0.100938190   -0.425179001
    0.113564264   -0.425584295
    0.126166870   -0.426308700
    0.138792945   -0.427260826
    0.151419019   -0.428341841
    0.164021625   -0.429455254
    0.176647699   -0.430514780
    0.189273774   -0.431430547
    0.201876380   -0.432115016
    0.214502454   -0.432484146
    0.227105060   -0.432448677
    0.239731135   -0.431914617
    0.252357209   -0.430792604
    0.264959815   -0.428983254
    0.277585889   -0.426372652
    0.290211964   -0.422847420
    0.302814570   -0.418290263
    0.315440644   -0.412539239
    0.328043250   -0.405473553
    0.340669324   -0.396893328
    0.353295399   -0.386630570
    0.365898005   -0.374526074
    0.378524079   -0.360359213
    0.391150154   -0.343996514
    0.403752760   -0.325351070
    0.416378834   -0.304257555
    0.429004908   -0.280665187
    0.441607514   -0.256684725
    0.454233589   -0.307386169
    0.466836195   -0.302585645
    0.479462269   -0.285428507
    0.492088344   -0.265153988
    0.504690949   -0.242816927
    0.517317024   -0.218537947
    0.529943098   -0.192422592
    0.542545704   -0.164534938
    0.555171779   -0.134765024
    0.567797853   -0.103151470
    0.580400459   -0.069745770
    0.593026533   -0.034412503
    0.605629139    0.002725290
    0.618255214    0.041810822
    0.630881288    0.082777609
    0.643483894    0.125540808
    0.656109969    0.170251482
    0.668736043    0.216818454
    0.681338649    0.265131382
    0.693964723    0.315341888
    0.706590798    0.367338880
    0.719193404    0.420980484
    0.731819478    0.476423088
    0.744422084    0.533418454
    0.757048158    0.592104820
    0.769674233    0.652319431
    0.782276839    0.713871882
    0.794902913    0.776908046
    0.807528988    0.841216556
    0.820131594    0.906580693
    0.832757668    0.973125924
    0.845383742    1.040604813
    0.857986348    1.108752459
    0.870612423    1.177670430
    0.883215029    1.246937296
    0.895841103    1.316630394
    0.908467178    1.386424340
    0.921069783    1.455976387
    0.933695858    1.525315078
    0.946321932    1.594061893
    0.958924538    1.661824402
    0.971550613    1.728594481
    0.984153219    1.793772141
    0.996779293    1.857303253
    1.009405367    1.918726936
    1.022007973    1.977583500
    1.034634048    2.033728284
    1.047260122    2.086676587
    1.059862728    2.135905128
    1.072488803    2.181336540
    1.085114877    2.222454646
    1.097717483    2.258845408
    1.110343557    2.290317550
    1.122946163    2.316459697
    1.135572238    2.337113983
    1.148198312    2.352018686
    1.160800918    2.361008830
    1.173426992    2.364023593
    1.186005823    2.361029933
    1.198568059    2.352079496
    1.211146890    2.337193034
    1.223709126    2.316483919
    1.236287957    2.290001825
    1.248850193    2.257951348
    1.261429024    2.220440384
    1.274007855    2.177650450
    1.286570091    2.129905567
    1.299148922    2.077340955
    1.311711158    2.020388594
    1.324289989    1.959223402
    1.336852225    1.894363864
    1.349431056    1.826027598
    1.362009887    1.754718052
    1.374572123    1.680962899
    1.387150954    1.605089087
    1.399713190    1.527780180
    1.412292021    1.449352667
    1.424870852    1.370494311
    1.437433088    1.291865092
    1.450011919    1.213862396
    1.462574155    1.137306205
    1.475152986    1.062621296
    1.487715222    0.990636628
    1.500294053    0.921793565
    1.512872883    0.856810517
    1.525435119    0.796363497
    1.538013950    0.740856278
    1.550576186    0.690948043
    1.563155017    0.646955398
    1.575717253    0.609362087
    1.588296084    0.578342291
    1.600874915    0.554132157
    1.613437151    0.536787730
    1.626015982    0.526214770
    1.638578218    0.522267416
    1.651157049    0.524652027
    1.663719285    0.532985155
    1.676298116    0.546837447
    1.688876947    0.565702798
    1.701439183    0.589006404
    1.714018014    0.616263994
    1.726580250    0.646849435
    1.739159081    0.680290963
    1.751721317    0.715957921
    1.764300148    0.753415575
    1.776878979    0.792107045
    1.789441215    0.831490123
    1.802020046    0.871202582
    1.814582282    0.910698355
    1.827161113    0.949664633
    1.839739943    0.987656187
    1.852302180    1.024245879
    1.864881010    1.059211792
    1.877443246    0.973395760
    1.890022077    0.826630921
    1.902584313    0.681718513
    1.915163144    0.538393199
    1.927741975    0.446142123
    1.940304211    0.447851750
    1.952883042    0.449210434
    1.965445278    0.450204247
    1.978024109    0.450840302
    1.990586345    0.451160011
    2.003165176    0.451249601
    2.015650439    0.473652496
    2.028135702    0.534882228
    2.040620966    0.623145828
    2.053106229    0.728693414
    2.065591492    0.845417388
    2.078053287    0.969450741
    2.090538550    1.098771435
    2.103023813    1.227844286
    2.115509076    1.282807528
    2.127994340    1.291968237
    2.140479603    1.299675640
    2.152964866    1.307570023
    2.165450129    1.315856215
    2.177935392    1.324589308
    2.190420656    1.333740432
    2.202905919    1.343300401
    2.215391182    1.353238909
    2.227852977    1.363500852
    2.240338240    1.374085887
    2.252823503    1.384933202
    2.265308766    1.395998772
    2.277794029    1.407236703
    2.290279293    1.418599530
    2.302764556    1.430038475
    2.315249819    1.441503703
    2.327735082    1.452947817
    2.340220345    1.464313473
    2.352705609    1.475552221
    2.365190872    1.486612705
    2.377652666    1.497423840
    2.390137930    1.507960431
    2.402623193    1.518205821
    2.415108456    1.528051597
    2.427593719    1.537476036
    2.440078982    1.546434662
    2.452564246    1.554885488
    2.465049509    1.562796570
    2.477534772    1.570133664
    2.490020035    1.576869762
    2.502505298    1.582983965
    2.514990562    1.588462537
    2.527452356    1.593291538
    2.539937619    1.597493077
    2.552422883    1.601071624
    2.564908146    1.604051910
    2.577393409    1.606468529
    2.589878672    1.608302636
    2.602561068    1.607166891
    2.615284112    1.605502156
    2.627966507    1.603384826
    2.640689552    1.600807017
    2.653371947    1.597790324
    2.666094991    1.594320315
    2.678777387    1.590423849
    2.691500431    1.586080495
    2.704182826    1.581322431
    2.716905870    1.576123584
    2.729588266    1.570542876
    2.742311310    1.564505472
    2.754993706    1.558065512
    2.767716750    1.551211035
    2.780399145    1.543980165
    2.793122189    1.536333426
    2.805804585    1.528315279
    2.818527629    1.519907045
    2.831210024    1.511160592
    2.843933069    1.502031013
    2.856615464    1.492589118
    2.869338508    1.482787847
    2.882020904    1.472705496
    2.894743948    1.462293410
    2.907426343    1.451634720
    2.920149387    1.440676496
    2.932831783    1.429495692
    2.945554827    1.417970416
    2.958237222    1.405757843
    2.970960267    1.344822832
    2.983642662    1.202168955
    2.996365706    1.056145600
    3.009048102    0.913538201
    3.021771146    0.774135444
    3.034453541    0.638849909
    3.047176586    0.506782326
    3.059858981    0.378676831
    3.072582025    0.253603433
    3.085264421    0.132256494
    3.097987465    0.013762552
    3.110669860   -0.101202635
    3.123392904   -0.213439627
    3.136075300   -0.322270065
    3.148798344   -0.428392812
    3.161480739   -0.531061554
    3.174203784   -0.630698980
    3.186886179   -0.725849758
    3.199609223   -0.811790987
    3.212291619   -0.845156993
    3.225014663   -0.850245245
    3.237697058   -0.851934904
    3.250420103   -0.850097134
    3.263102498   -0.843024771
    3.275825542   -0.829444024
    3.288507938   -0.809803333
    3.301230982   -0.785605620
    3.313913377   -0.758851099
    3.326636421   -0.730775600
    3.339318817   -0.702510241
    3.352041861   -0.674511762
    3.364724256   -0.647406496
    3.377447301   -0.621316109
    3.390129696   -0.596597467
    3.402852740   -0.573214163
    3.415535136   -0.551390631
    3.428258180   -0.531037425
    3.440940575   -0.512309038
    3.453663620   -0.495097819
    3.466346015   -0.479517833
    3.479069059   -0.465470906
    3.491751455   -0.453053632
    3.504474499   -0.442210104
    3.517156894   -0.433070122
    3.529879938   -0.425709024
    3.542562334   -0.420435194
    3.555285378   -0.417586125
    3.567967773   -0.417208119
    3.580690818   -0.418136435
    3.593373213   -0.418844066
    3.606096257   -0.419023826
    3.618675088   -0.419164594
    3.631237324   -0.419591604
    3.643816155   -0.420322345
    3.656378391   -0.421382026
    3.668957222   -0.422812829
    3.681519458   -0.424658377
    3.694098289   -0.426980561
    3.706677120   -0.429845367
    3.719239356   -0.433326066
    3.731818187   -0.437517067
    3.744380423   -0.442499105
    3.756959254   -0.448382371
    3.769521490   -0.455252334
    3.782100321   -0.463225130
    3.794679152   -0.472391193
    3.807241388   -0.482827137
    3.819820219   -0.494641316
    3.832382455   -0.507864133
    3.844961286   -0.522586154
    3.857540116   -0.538809570
    3.870102353   -0.556503797
    3.882681183   -0.575682905
    3.895243419   -0.596224563
    3.907822250   -0.618076528
    3.920384486   -0.641037246
    3.932963317   -0.664984889
    3.945542148   -0.689676032
    3.958104384   -0.714800800
    3.970683215   -0.733818128
    3.983245451   -0.729470853
    3.995824282   -0.724871364
    4.008386518   -0.720059243
    4.020965349   -0.715050662
    4.033544180   -0.709828080
    4.046106416   -0.704479142
    4.058685247   -0.698978366
    4.071247483   -0.693357062
    4.083826314   -0.687617622
    4.096388550   -0.681793013
    4.108967381   -0.629434374
    4.121546212   -0.563904132
    4.134108448   -0.498628799
    4.146687279   -0.433797435
    4.159249515   -0.369854158
    4.171828346   -0.306863963
    4.184390582   -0.245207044
    4.196969413   -0.184909672
    4.209548243   -0.126280424
    4.222110480   -0.069572781
    4.234689310   -0.014826811
    4.247251546    0.037626899
    4.259830377    0.087713814
    4.272409208    0.135242407
    4.284971444    0.179954458
    4.297550275    0.221800850
    4.310112511    0.260510817
    4.322691342    0.296034126
    4.335253578    0.328133717
    4.347832409    0.356761244
    4.360411240    0.381751226
    4.372973476    0.402973116
    4.385552307    0.420399174
    4.398114543    0.433928428
    4.410693374    0.443577625
    4.423255610    0.449331947
    4.435834441    0.451249601
    0.000000000   -0.385354892
    0.012626074   -0.385053172
    0.025228680   -0.384103343
    0.037854755   -0.382363880
    0.050480829   -0.379620945
    0.063083435   -0.375627816
    0.075709510   -0.370130724
    0.088312115   -0.362983896
    0.100938190   -0.354085382
    0.113564264   -0.343444976
    0.126166870   -0.331125536
    0.138792945   -0.317134609
    0.151419019   -0.301547860
    0.164021625   -0.284448602
    0.176647699   -0.265818035
    0.189273774   -0.245727161
    0.201876380   -0.224254575
    0.214502454   -0.201355320
    0.227105060   -0.177148035
    0.239731135   -0.151575353
    0.252357209   -0.124713655
    0.264959815   -0.096648875
    0.277585889   -0.067309245
    0.290211964   -0.036779131
    0.302814570   -0.005152344
    0.315440644    0.027654404
    0.328043250    0.061483917
    0.340669324    0.096426046
    0.353295399    0.132381698
    0.365898005    0.169243312
    0.378524079    0.108318152
    0.391150154    0.036610203
    0.403752760   -0.036112560
    0.416378834   -0.109896634
    0.429004908   -0.184124920
    0.441607514   -0.254532399
    0.454233589   -0.225638858
    0.466836195   -0.193924139
    0.479462269   -0.159049057
    0.492088344   -0.120793858
    0.504690949   -0.078912223
    0.517317024   -0.032855893
    0.529943098    0.017689420
    0.542545704    0.073083292
    0.555171779    0.134009736
    0.567797853    0.200863882
    0.580400459    0.274000288
    0.593026533    0.354178384
    0.605629139    0.441563326
    0.618255214    0.536908605
    0.630881288    0.640437653
    0.643483894    0.752251977
    0.656109969    0.873014512
    0.668736043    1.002694179
    0.681338649    1.141112183
    0.693964723    1.288757284
    0.706590798    1.370493474
    0.719193404    1.415714550
    0.731819478    1.460549979
    0.744422084    1.504783880
    0.757048158    1.548526052
    0.769674233    1.591640797
    0.782276839    1.633996717
    0.794902913    1.675699039
    0.807528988    1.716616327
    0.820131594    1.756623806
    0.832757668    1.795820361
    0.845383742    1.834036903
    0.857986348    1.871243982
    0.870612423    1.907491144
    0.883215029    1.942598469
    0.895841103    1.976652977
    0.908467178    2.009546213
    0.921069783    2.041180288
    0.933695858    2.071635163
    0.946321932    2.100815415
    0.958924538    2.128638044
    0.971550613    2.155179134
    0.984153219    2.180312905
    0.996779293    2.204115279
    1.009405367    2.226526205
    1.022007973    2.247505480
    1.034634048    2.267141941
    1.047260122    2.285424398
    1.059862728    2.302360169
    1.072488803    2.318134977
    1.085114877    2.332831163
    1.097717483    2.346582414
    1.110343557    2.359556853
    1.122946163    2.371622466
    1.135572238    2.382363280
    1.148198312    2.390945279
    1.160800918    2.396495421
    1.173426992    2.398421638
    1.186005823    2.396555909
    1.198568059    2.391718658
    1.211146890    2.385888067
    1.223709126    2.381165618
    1.236287957    2.378406654
    1.248850193    2.377411942
    1.261429024    2.377717079
    1.274007855    2.378964677
    1.286570091    2.380923069
    1.299148922    2.383455944
    1.311711158    2.386496054
    1.324289989    2.389932889
    1.336852225    2.393745540
    1.349431056    2.397912754
    1.362009887    2.402404818
    1.374572123    2.407192322
    1.387150954    2.412273258
    1.399713190    2.417615353
    1.412292021    2.423208870
    1.424870852    2.429101476
    1.437433088    2.435150485
    1.450011919    2.441413017
    1.462574155    2.447857096
    1.475152986    2.454484123
    1.487715222    2.461260826
    1.500294053    2.468189078
    1.512872883    2.475243753
    1.525435119    2.482398831
    1.538013950    2.489656504
    1.550576186    2.496980720
    1.563155017    2.504373689
    1.575717253    2.511798584
    1.588296084    2.519168349
    1.600874915    2.526633358
    1.613437151    2.534073312
    1.626015982    2.541492892
    1.638578218    2.548853579
    1.651157049    2.556154945
    1.663719285    2.563356278
    1.676298116    2.570451975
    1.688876947    2.577432533
    1.701439183    2.584177111
    1.714018014    2.590636571
    1.726580250    2.596471630
    1.739159081    2.599001299
    1.751721317    2.514777805
    1.764300148    2.357432067
    1.776878979    2.198833927
    1.789441215    2.041264829
    1.802020046    1.884613030
    1.814582282    1.729405393
    1.827161113    1.575319136
    1.839739943    1.422575545
    1.852302180    1.271415666
    1.864881010    1.121548474
    1.877443246    1.092132655
    1.890022077    1.122801405
    1.902584313    1.150866257
    1.915163144    1.176154000
    1.927741975    1.198397939
    1.940304211    1.217369340
    1.952883042    1.232938411
    1.965445278    1.244927572
    1.978024109    1.253318948
    1.990586345    1.258188718
    2.003165176    1.259771756
    2.015650439    1.260140649
    2.028135702    1.261248043
    2.040620966    1.263097131
    2.053106229    1.265697346
    2.065591492    1.269076849
    2.078053287    1.273316571
    2.090538550    1.278812532
    2.103023813    1.289413691
    2.115509076    1.377443943
    2.127994340    1.507437760
    2.140479603    1.562079766
    2.152964866    1.568119209
    2.165450129    1.570703916
    2.177935392    1.572639705
    2.190420656    1.574376533
    2.202905919    1.576051087
    2.215391182    1.577713492
    2.227852977    1.579381186
    2.240338240    1.581068334
    2.252823503    1.582773450
    2.265308766    1.584494788
    2.277794029    1.586228592
    2.290279293    1.587969774
    2.302764556    1.589712344
    2.315249819    1.591449701
    2.327735082    1.593187369
    2.340220345    1.594892125
    2.352705609    1.596569484
    2.365190872    1.598211435
    2.377652666    1.599806732
    2.390137930    1.601327385
    2.402623193    1.602813363
    2.415108456    1.604227080
    2.427593719    1.605560047
    2.440078982    1.606802819
    2.452564246    1.607934309
    2.465049509    1.608960349
    2.477534772    1.609858182
    2.490020035    1.610611990
    2.502505298    1.611203378
    2.514990562    1.611610622
    2.527452356    1.611807668
    2.539937619    1.611764393
    2.552422883    1.611443654
    2.564908146    1.610803094
    2.577393409    1.609795421
    2.589878672    1.608431816
    2.602561068    1.609084819
    2.615284112    1.609298990
    2.627966507    1.609013514
    2.640689552    1.608227673
    2.653371947    1.606948364
    2.666094991    1.605169583
    2.678777387    1.602905102
    2.691500431    1.600143005
    2.704182826    1.596903731
    2.716905870    1.593169554
    2.729588266    1.588990108
    2.742311310    1.584295996
    2.754993706    1.579132161
    2.767716750    1.573496090
    2.780399145    1.567416276
    2.793122189    1.560859749
    2.805804585    1.553862149
    2.818527629    1.546411608
    2.831210024    1.538551195
    2.843933069    1.530238964
    2.856615464    1.521536334
    2.869338508    1.512395819
    2.882020904    1.502878562
    2.894743948    1.492922228
    2.907426343    1.482572245
    2.920149387    1.471703577
    2.932831783    1.460204783
    2.945554827    1.447306473
    2.958237222    1.428625729
    2.970960267    1.396419009
    2.983642662    1.383856558
    2.996365706    1.371824095
    3.009048102    1.359878678
    3.021771146    1.347928109
    3.034453541    1.336051520
    3.047176586    1.324217622
    3.059858981    1.312541695
    3.072582025    1.300991527
    3.085264421    1.289685058
    3.097987465    1.278594933
    3.110669860    1.267836777
    3.123392904    1.257383934
    3.136075300    1.247339894
    3.148798344    1.237662040
    3.161480739    1.228392801
    3.174203784    1.219308376
    3.186886179    1.209482276
    3.199609223    1.185684586
    3.212291619    1.109032247
    3.225014663    1.020126172
    3.237697058    0.931990358
    3.250420103    0.845457180
    3.263102498    0.761452065
    3.275825542    0.679603124
    3.288507938    0.600535989
    3.301230982    0.523828077
    3.313913377    0.450024095
    3.326636421    0.378718463
    3.339318817    0.310416827
    3.352041861    0.244750419
    3.364724256    0.182183999
    3.377447301    0.122367330
    3.390129696    0.065731578
    3.402852740    0.011961317
    3.415535136   -0.038552886
    3.428258180   -0.086091760
    3.440940575   -0.130306181
    3.453663620   -0.171434995
    3.466346015   -0.209169399
    3.479069059   -0.243700729
    3.491751455   -0.274748484
    3.504474499   -0.302431857
    3.517156894   -0.326454768
    3.529879938   -0.346772008
    3.542562334   -0.362916767
    3.555285378   -0.374505517
    3.567967773   -0.381271188
    3.580690818   -0.384238050
    3.593373213   -0.385173796
    3.606096257   -0.385354892
    3.618675088   -0.385032489
    3.631237324   -0.383750594
    3.643816155   -0.380633397
    3.656378391   -0.374640586
    3.668957222   -0.365114649
    3.681519458   -0.352006311
    3.694098289   -0.335473029
    3.706677120   -0.315738595
    3.719239356   -0.292996083
    3.731818187   -0.267301887
    3.744380423   -0.238811406
    3.756959254   -0.207521449
    3.769521490   -0.173581265
    3.782100321   -0.136957189
    3.794679152   -0.097755473
    3.807241388   -0.056094580
    3.819820219   -0.011928289
    3.832382455    0.034560382
    3.844961286    0.083424448
    3.857540116    0.134530669
    3.870102353    0.187732093
    3.882681183    0.243084391
    3.895243419    0.300358408
    3.907822250    0.359615919
    3.920384486    0.420606697
    3.932963317    0.483393200
    3.945542148    0.547792156
    3.958104384    0.613607667
    3.970683215    0.680899908
    3.983245451    0.749372867
    3.995824282    0.819083399
    4.008386518    0.889718543
    4.020965349    0.961316371
    4.033544180    1.024773055
    4.046106416    1.033491882
    4.058685247    1.043131085
    4.071247483    1.053545662
    4.083826314    1.064643382
    4.096388550    1.076276344
    4.108967381    1.088358010
    4.121546212    1.100757936
    4.134108448    1.113346253
    4.146687279    1.126045575
    4.159249515    1.138714366
    4.171828346    1.151280265
    4.184390582    1.163606784
    4.196969413    1.175640236
    4.209548243    1.187234441
    4.222110480    1.198293629
    4.234689310    1.208752448
    4.247251546    1.218491654
    4.259830377    1.227447843
    4.272409208    1.235525909
    4.284971444    1.242639897
    4.297550275    1.248744187
    4.310112511    1.253769020
    4.322691342    1.257700356
    4.335253578    1.260529480
    4.347832409    1.262306408
    4.360411240    1.263121065
    4.372973476    1.263128782
    4.385552307    1.262546714
    4.398114543    1.261644922
    4.410693374    1.260713747
    4.423255610    1.260025029
    4.435834441    1.259771756
    0.000000000    1.289894312
    0.012626074    1.288633298
    0.025228680    1.284372799
    0.037854755    1.277188205
    0.050480829    1.267126162
    0.063083435    1.254230330
    0.075709510    1.238469388
    0.088312115    1.219920574
    0.100938190    1.198536727
    0.113564264    1.174363011
    0.126166870    1.147504198
    0.138792945    1.117880818
    0.151419019    1.085575954
    0.164021625    1.050696129
    0.176647699    1.013154046
    0.189273774    0.973058450
    0.201876380    0.930540612
    0.214502454    0.885495463
    0.227105060    0.838147153
    0.239731135    0.788379731
    0.252357209    0.736343126
    0.264959815    0.682207671
    0.277585889    0.625842619
    0.290211964    0.567421204
    0.302814570    0.507135403
    0.315440644    0.444847873
    0.328043250    0.380862695
    0.340669324    0.315036852
    0.353295399    0.247580814
    0.365898005    0.178724472
    0.378524079    0.207109258
    0.391150154    0.245871841
    0.403752760    0.285415738
    0.416378834    0.325846402
    0.429004908    0.367048123
    0.441607514    0.408898509
    0.454233589    0.451508749
    0.466836195    0.494674959
    0.479462269    0.538511416
    0.492088344    0.582890885
    0.504690949    0.627677817
    0.517317024    0.672996562
    0.529943098    0.718711192
    0.542545704    0.764685230
    0.555171779    0.811038719
    0.567797853    0.857634446
    0.580400459    0.904332811
    0.593026533    0.951254781
    0.605629139    0.998172620
    0.618255214    1.045207202
    0.630881288    1.092216911
    0.643483894    1.139060026
    0.656109969    1.185856306
    0.668736043    1.232463638
    0.681338649    1.278742016
    0.693964723    1.324822617
    0.706590798    1.445420595
    0.719193404    1.610526446
    0.731819478    1.784534320
    0.744422084    1.966534543
    0.757048158    2.156898528
    0.769674233    2.354954502
    0.782276839    2.559945019
    0.794902913    2.772244033
    0.807528988    2.990997690
    0.820131594    3.215504964
    0.832757668    3.446108817
    0.845383742    3.681904737
    0.857986348    3.922104884
    0.870612423    4.167097346
    0.883215029    4.415503255
    0.895841103    4.667759469
    0.908467178    4.922892797
    0.921069783    5.179876369
    0.933695858    5.439080311
    0.946321932    5.699387968
    0.958924538    5.959609619
    0.971550613    6.220112262
    0.984153219    6.478683556
    0.996779293    6.735463417
    1.009405367    6.988819082
    1.022007973    7.236969518
    1.034634048    7.479309396
    1.047260122    7.713594650
    1.059862728    7.937327972
    1.072488803    8.149007288
    1.085114877    8.345390368
    1.097717483    8.522913977
    1.110343557    8.678377979
    1.122946163    8.806438770
    1.135572238    8.901624103
    1.148198312    8.958955403
    1.160800918    8.983651619
    1.173426992    8.989685580
    1.186005823    8.984270422
    1.198568059    8.967901479
    1.211146890    8.940088465
    1.223709126    8.900219087
    1.236287957    8.847428872
    1.248850193    8.781340201
    1.261429024    8.701822590
    1.274007855    8.609643879
    1.286570091    8.506081769
    1.299148922    8.392162422
    1.311711158    8.269585865
    1.324289989    8.138954878
    1.336852225    8.001762355
    1.349431056    7.858557130
    1.362009887    7.710315492
    1.374572123    7.557926410
    1.387150954    7.401629403
    1.399713190    7.242361176
    1.412292021    7.080005422
    1.424870852    6.915650925
    1.437433088    6.749467055
    1.450011919    6.581466489
    1.462574155    6.412379884
    1.475152986    6.242015905
    1.487715222    6.071050771
    1.500294053    5.899235279
    1.512872883    5.726976028
    1.525435119    5.554663290
    1.538013950    5.381987845
    1.550576186    5.209536846
    1.563155017    5.036973995
    1.575717253    4.864862841
    1.588296084    4.692683186
    1.600874915    4.521301402
    1.613437151    4.350411479
    1.626015982    4.179871721
    1.638578218    4.010204086
    1.651157049    3.841028349
    1.663719285    3.672856088
    1.676298116    3.505307695
    1.688876947    3.338731128
    1.701439183    3.173308492
    1.714018014    3.008794987
    1.726580250    2.845976605
    1.739159081    2.687147706
    1.751721317    2.616195256
    1.764300148    2.619104257
    1.776878979    2.624235790
    1.789441215    2.629533958
    1.802020046    2.634733389
    1.814582282    2.639732576
    1.827161113    2.644503240
    1.839739943    2.649013070
    1.852302180    2.653238423
    1.864881010    2.548642342
    1.877443246    2.418807091
    1.890022077    2.292495307
    1.902584313    2.170729826
    1.915163144    2.054142400
    1.927741975    1.944171799
    1.940304211    1.842702779
    1.952883042    1.751849639
    1.965445278    1.674971097
    1.978024109    1.615655022
    1.990586345    1.578006253
    2.003165176    1.565037702
    2.015650439    1.565104661
    2.028135702    1.565306612
    2.040620966    1.565647315
    2.053106229    1.566133295
    2.065591492    1.566781445
    2.078053287    1.567620206
    2.090538550    1.568745673
    2.103023813    1.570305835
    2.115509076    1.573073913
    2.127994340    1.583677205
    2.140479603    1.674638020
    2.152964866    1.817426441
    2.165450129    1.966413740
    2.177935392    2.118643584
    2.190420656    2.273407278
    2.202905919    2.430526326
    2.215391182    2.589871626
    2.227852977    2.751052580
    2.240338240    2.914614163
    2.252823503    3.080206575
    2.265308766    3.247791373
    2.277794029    3.417336751
    2.290279293    3.588814356
    2.302764556    3.762198629
    2.315249819    3.937466971
    2.327735082    4.114855221
    2.340220345    4.293846932
    2.352705609    4.474667547
    2.365190872    4.657301114
    2.377652666    4.841384136
    2.390137930    5.027546197
    2.402623193    5.215588606
    2.415108456    5.405324641
    2.427593719    5.596813180
    2.440078982    5.790016463
    2.452564246    5.984327005
    2.465049509    6.180880715
    2.477534772    6.379112440
    2.490020035    6.579005032
    2.502505298    6.780539476
    2.514990562    6.983693813
    2.527452356    7.188054646
    2.539937619    7.394354531
    2.552422883    7.602148064
    2.564908146    7.811291103
    2.577393409    8.021164961
    2.589878672    8.204118494
    2.602561068    7.975827272
    2.615284112    7.705946988
    2.627966507    7.430283175
    2.640689552    7.151103232
    2.653371947    6.872604392
    2.666094991    6.594592717
    2.678777387    6.319932513
    2.691500431    6.047642197
    2.704182826    5.780034122
    2.716905870    5.515830383
    2.729588266    5.257285699
    2.742311310    5.002540164
    2.754993706    4.753536911
    2.767716750    4.509176502
    2.780399145    4.271001580
    2.793122189    4.037601305
    2.805804585    3.810446555
    2.818527629    3.588375520
    2.831210024    3.372727063
    2.843933069    3.162136611
    2.856615464    2.957935149
    2.869338508    2.758811131
    2.882020904    2.565983649
    2.894743948    2.378162036
    2.907426343    2.196491080
    2.920149387    2.019781934
    2.932831783    1.849244286
    2.945554827    1.684394393
    2.958237222    1.531162470
    2.970960267    1.443993109
    2.983642662    1.423758772
    2.996365706    1.409995295
    3.009048102    1.397358881
    3.021771146    1.385033504
    3.034453541    1.372898046
    3.047176586    1.360840084
    3.059858981    1.348938946
    3.072582025    1.337140724
    3.085264421    1.325552905
    3.097987465    1.314138471
    3.110669860    1.303009498
    3.123392904    1.292132956
    3.136075300    1.281611248
    3.148798344    1.271394636
    3.161480739    1.261521927
    3.174203784    1.251741911
    3.186886179    1.240969373
    3.199609223    1.219346846
    3.212291619    1.203908704
    3.225014663    1.196683077
    3.237697058    1.191324943
    3.250420103    1.187094225
    3.263102498    1.183877117
    3.275825542    1.181616015
    3.288507938    1.180314408
    3.301230982    1.179961704
    3.313913377    1.180539781
    3.326636421    1.182037919
    3.339318817    1.184401384
    3.352041861    1.187635734
    3.364724256    1.191652779
    3.377447301    1.196413333
    3.390129696    1.201810406
    3.402852740    1.207790392
    3.415535136    1.214252433
    3.428258180    1.221059814
    3.440940575    1.228090296
    3.453663620    1.235269267
    3.466346015    1.242428590
    3.479069059    1.249490446
    3.491751455    1.256287784
    3.504474499    1.262745064
    3.517156894    1.268707609
    3.529879938    1.274106569
    3.542562334    1.278809254
    3.555285378    1.282770818
    3.567967773    1.285872952
    3.580690818    1.288107686
    3.593373213    1.289446167
    3.606096257    1.289894312
    3.618675088    1.288959601
    3.631237324    1.286169620
    3.643816155    1.281550023
    3.656378391    1.275168008
    3.668957222    1.267080036
    3.681519458    1.257411165
    3.694098289    1.246241604
    3.706677120    1.233739951
    3.719239356    1.220072490
    3.731818187    1.205377240
    3.744380423    1.189882512
    3.756959254    1.173750909
    3.769521490    1.157214212
    3.782100321    1.140500876
    3.794679152    1.123835998
    3.807241388    1.107469296
    3.819820219    1.091581995
    3.832382455    1.076435202
    3.844961286    1.062185160
    3.857540116    1.049042206
    3.870102353    1.037187187
    3.882681183    1.026725051
    3.895243419    1.017796918
    3.907822250    1.010462249
    3.920384486    1.004793965
    3.932963317    1.000802024
    3.945542148    0.998489703
    3.958104384    0.997836203
    3.970683215    0.998787544
    3.983245451    1.001273712
    3.995824282    1.005218208
    4.008386518    1.010515086
    4.020965349    1.017066188
    4.033544180    1.033688794
    4.046106416    1.106542806
    4.058685247    1.179937517
    4.071247483    1.253522035
    4.083826314    1.327327593
    4.096388550    1.400990978
    4.108967381    1.433433809
    4.121546212    1.440916219
    4.134108448    1.448430720
    4.146687279    1.455969873
    4.159249515    1.463485192
    4.171828346    1.470966670
    4.184390582    1.478363687
    4.196969413    1.485664143
    4.209548243    1.492825278
    4.222110480    1.499805149
    4.234689310    1.506588996
    4.247251546    1.513125871
    4.259830377    1.519376607
    4.272409208    1.525347422
    4.284971444    1.530977362
    4.297550275    1.536274176
    4.310112511    1.541153195
    4.322691342    1.545625953
    4.335253578    1.549660035
    4.347832409    1.553249031
    4.360411240    1.556374040
    4.372973476    1.559022387
    4.385552307    1.561195087
    4.398114543    1.562883349
    4.410693374    1.564090681
    4.423255610    1.564796473
    4.435834441    1.565037702
    0.000000000    1.290927557
    0.012626074    1.291305583
    0.025228680    1.292923454
    0.037854755    1.295695265
    0.050480829    1.299576572
    0.063083435    1.304501127
    0.075709510    1.310542663
    0.088312115    1.317622133
    0.100938190    1.325742160
    0.113564264    1.334858182
    0.126166870    1.344931838
    0.138792945    1.355962079
    0.151419019    1.367895599
    0.164021625    1.380670032
    0.176647699    1.394293172
    0.189273774    1.408700500
    0.201876380    1.423820404
    0.214502454    1.439665682
    0.227105060    1.456133761
    0.239731135    1.473270842
    0.252357209    1.490947719
    0.264959815    1.509117792
    0.277585889    1.527810732
    0.290211964    1.546958694
    0.302814570    1.566495048
    0.315440644    1.586482705
    0.328043250    1.606802620
    0.340669324    1.627535369
    0.353295399    1.648644677
    0.365898005    1.670102947
    0.378524079    1.692016045
    0.391150154    1.714385467
    0.403752760    1.737226319
    0.416378834    1.760700820
    0.429004908    1.784865434
    0.441607514    1.809794807
    0.454233589    1.835729034
    0.466836195    1.862746156
    0.479462269    1.891151308
    0.492088344    1.921131587
    0.504690949    1.952894230
    0.517317024    1.986881997
    0.529943098    2.023334059
    0.542545704    2.062566548
    0.555171779    2.105129550
    0.567797853    2.151387828
    0.580400459    2.201705345
    0.593026533    2.256752174
    0.605629139    2.316819989
    0.618255214    2.382636660
    0.630881288    2.454597108
    0.643483894    2.533036634
    0.656109969    2.618708765
    0.668736043    2.711898133
    0.681338649    2.812784376
    0.693964723    2.922035428
    0.706590798    3.039762433
    0.719193404    3.165871765
    0.731819478    3.300925844
    0.744422084    3.444436924
    0.757048158    3.596871884
    0.769674233    3.757834253
    0.782276839    3.926794412
    0.794902913    4.104113113
    0.807528988    4.289090251
    0.820131594    4.481126159
    0.832757668    4.680460330
    0.845383742    4.886239988
    0.857986348    5.097694841
    0.870612423    5.315055253
    0.883215029    5.536980274
    0.895841103    5.763732751
    0.908467178    5.994306819
    0.921069783    6.227630906
    0.933695858    6.463896131
    0.946321932    6.701938284
    0.958924538    6.940515063
    0.971550613    7.179779702
    0.984153219    7.417591355
    0.996779293    7.653884248
    1.009405367    7.886974796
    1.022007973    8.115020113
    1.034634048    8.337208117
    1.047260122    8.551098646
    1.059862728    8.753680351
    1.072488803    8.941575775
    1.085114877    9.103403113
    1.097717483    9.191379243
    1.110343557    9.179017039
    1.122946163    9.145091977
    1.135572238    9.114282329
    1.148198312    9.091154206
    1.160800918    9.077003576
    1.173426992    9.072234657
    1.186005823    9.076971221
    1.198568059    9.091082317
    1.211146890    9.114362719
    1.223709126    9.092259003
    1.236287957    9.046730323
    1.248850193    8.995602242
    1.261429024    8.940249377
    1.274007855    8.881712824
    1.286570091    8.820674721
    1.299148922    8.757397169
    1.311711158    8.692461756
    1.324289989    8.626076895
    1.336852225    8.558877076
    1.349431056    8.491132287
    1.362009887    8.423366297
    1.374572123    8.355971117
    1.387150954    8.289341207
    1.399713190    8.189667473
    1.412292021    8.043583386
    1.424870852    7.895124160
    1.437433088    7.744498141
    1.450011919    7.591746055
    1.462574155    7.437561755
    1.475152986    7.281798536
    1.487715222    7.125101040
    1.500294053    6.967266231
    1.512872883    6.808691439
    1.525435119    6.649760328
    1.538013950    6.490210845
    1.550576186    6.330608104
    1.563155017    6.170663089
    1.575717253    6.010920029
    1.588296084    5.850920556
    1.600874915    5.691492953
    1.613437151    5.532362204
    1.626015982    5.373425712
    1.638578218    5.215191741
    1.651157049    5.057327523
    1.663719285    4.900331789
    1.676298116    4.743869991
    1.688876947    4.588290355
    1.701439183    4.433748585
    1.714018014    4.279980748
    1.726580250    4.127473157
    1.739159081    3.975906434
    1.751721317    3.825768145
    1.764300148    3.676755435
    1.776878979    3.529169595
    1.789441215    3.383315350
    1.802020046    3.238934945
    1.814582282    3.096556028
    1.827161113    2.956000329
    1.839739943    2.817613022
    1.852302180    2.681817791
    1.864881010    2.657176056
    1.877443246    2.660803396
    1.890022077    2.664119527
    1.902584313    2.667091397
    1.915163144    2.669748793
    1.927741975    2.672065720
    1.940304211    2.674033767
    1.952883042    2.675653049
    1.965445278    2.676915148
    1.978024109    2.677820174
    1.990586345    2.678363441
    2.003165176    2.678545002
    2.015650439    2.685905730
    2.028135702    2.707790382
    2.040620966    2.743635520
    2.053106229    2.792589762
    2.065591492    2.853617214
    2.078053287    2.925455817
    2.090538550    3.007274414
    2.103023813    3.097876613
    2.115509076    3.196315789
    2.127994340    3.301745906
    2.140479603    3.413353878
    2.152964866    3.530656168
    2.165450129    3.653042228
    2.177935392    3.780130310
    2.190420656    3.911380309
    2.202905919    4.046535766
    2.215391182    4.185314708
    2.227852977    4.327205830
    2.240338240    4.472537060
    2.252823503    4.620866361
    2.265308766    4.772040307
    2.277794029    4.925925181
    2.290279293    5.082403161
    2.302764556    5.241370427
    2.315249819    5.402735294
    2.327735082    5.566692034
    2.340220345    5.732629007
    2.352705609    5.900743659
    2.365190872    6.070976183
    2.377652666    6.242945987
    2.390137930    6.417195637
    2.402623193    6.593529422
    2.415108456    6.771717533
    2.427593719    6.951789772
    2.440078982    7.133676361
    2.452564246    7.316694086
    2.465049509    7.501963266
    2.477534772    7.688628751
    2.490020035    7.873408291
    2.502505298    7.968323163
    2.514990562    8.026469329
    2.527452356    8.081046419
    2.539937619    8.130940917
    2.552422883    8.173773683
    2.564908146    8.206981130
    2.577393409    8.228119979
    2.589878672    8.235389228
    2.602561068    8.344453939
    2.615284112    8.473840892
    2.627966507    8.600031409
    2.640689552    8.425488142
    2.653371947    8.168750148
    2.666094991    7.912897462
    2.678777387    7.661347092
    2.691500431    7.413297867
    2.704182826    7.170850602
    2.716905870    6.932807307
    2.729588266    6.701180337
    2.742311310    6.474141637
    2.754993706    6.253351855
    2.767716750    6.037782004
    2.780399145    5.828647002
    2.793122189    5.624574912
    2.805804585    5.426688073
    2.818527629    5.233860548
    2.831210024    5.047072690
    2.843933069    4.864976135
    2.856615464    4.688563412
    2.869338508    4.516506119
    2.882020904    4.349721993
    2.894743948    4.186922058
    2.907426343    4.028932711
    2.920149387    3.874529893
    2.932831783    3.724478569
    2.945554827    3.577597348
    2.958237222    3.434664573
    2.970960267    3.294557922
    2.983642662    3.157999384
    2.996365706    3.023954061
    3.009048102    2.893135039
    3.021771146    2.764610627
    3.034453541    2.639017278
    3.047176586    2.515494160
    3.059858981    2.394751780
    3.072582025    2.275952889
    3.085264421    2.159809106
    3.097987465    2.045543794
    3.110669860    1.933871210
    3.123392904    1.824077941
    3.136075300    1.716892303
    3.148798344    1.611695433
    3.161480739    1.509321754
    3.174203784    1.409591377
    3.186886179    1.315402452
    3.199609223    1.249238820
    3.212291619    1.233794694
    3.225014663    1.225856661
    3.237697058    1.219590654
    3.250420103    1.214360476
    3.263102498    1.210080088
    3.275825542    1.206693577
    3.288507938    1.204217515
    3.301230982    1.202639922
    3.313913377    1.201955740
    3.326636421    1.202153501
    3.339318817    1.203193426
    3.352041861    1.205082985
    3.364724256    1.207750677
    3.377447301    1.211158298
    3.390129696    1.215217457
    3.402852740    1.219876156
    3.415535136    1.225050788
    3.428258180    1.230609185
    3.440940575    1.236445261
    3.453663620    1.242485999
    3.466346015    1.248579281
    3.479069059    1.254648827
    3.491751455    1.260542028
    3.504474499    1.266185824
    3.517156894    1.271439739
    3.529879938    1.276241074
    3.542562334    1.280473777
    3.555285378    1.284103034
    3.567967773    1.287011571
    3.580690818    1.289163575
    3.593373213    1.290481190
    3.606096257    1.290927557
    3.618675088    1.290986855
    3.631237324    1.291166692
    3.643816155    1.291468948
    3.656378391    1.291894893
    3.668957222    1.292446037
    3.681519458    1.293130053
    3.694098289    1.293932021
    3.706677120    1.294893765
    3.719239356    1.296001725
    3.731818187    1.297265543
    3.744380423    1.298689062
    3.756959254    1.300283618
    3.769521490    1.302020383
    3.782100321    1.303977433
    3.794679152    1.306127746
    3.807241388    1.308476102
    3.819820219    1.311036535
    3.832382455    1.313809883
    3.844961286    1.316810383
    3.857540116    1.320041142
    3.870102353    1.323530494
    3.882681183    1.327237185
    3.895243419    1.331183834
    3.907822250    1.335383962
    3.920384486    1.339828438
    3.932963317    1.344529710
    3.945542148    1.349481328
    3.958104384    1.354674415
    3.970683215    1.360119000
    3.983245451    1.365795557
    3.995824282    1.371712265
    4.008386518    1.377844946
    4.020965349    1.384190294
    4.033544180    1.390783698
    4.046106416    1.397519426
    4.058685247    1.404436399
    4.071247483    1.411498964
    4.083826314    1.418706573
    4.096388550    1.426019296
    4.108967381    1.474532552
    4.121546212    1.547675156
    4.134108448    1.620138634
    4.146687279    1.691924920
    4.159249515    1.762650977
    4.171828346    1.832305689
    4.184390582    1.900504186
    4.196969413    1.967242976
    4.209548243    2.032184850
    4.222110480    2.095059349
    4.234689310    2.155824644
    4.247251546    2.214113575
    4.259830377    2.269828071
    4.272409208    2.322776448
    4.284971444    2.372654613
    4.297550275    2.419403042
    4.310112511    2.462714810
    4.322691342    2.502529857
    4.335253578    2.538579685
    4.347832409    2.570808236
    4.360411240    2.599027932
    4.372973476    2.623087752
    4.385552307    2.642946111
    4.398114543    2.658463422
    4.410693374    2.669611993
    4.423255610    2.676304317
    4.435834441    2.678545002
    0.000000000   23.472344640
    0.012626074   23.462138839
    0.025228680   23.431684785
    0.037854755   23.381666230
    0.050480829   23.313283008
    0.063083435   23.228189489
    0.075709510   23.127765184
    0.088312115   23.014172047
    0.100938190   22.888797687
    0.113564264   22.753108360
    0.126166870   22.609860252
    0.138792945   22.459688203
    0.151419019   22.304232051
    0.164021625   22.145024010
    0.176647699   21.982559719
    0.189273774   21.818089518
    0.201876380   21.652757658
    0.214502454   21.486673945
    0.227105060   21.321083062
    0.239731135   21.155911859
    0.252357209   20.991938371
    0.264959815   20.829866481
    0.277585889   20.669438436
    0.290211964   20.511253950
    0.302814570   20.355852392
    0.315440644   20.204134982
    0.328043250   20.054291349
    0.340669324   19.907204850
    0.353295399   19.763282645
    0.365898005   19.622884802
    0.378524079   19.485569748
    0.391150154   19.351665289
    0.403752760   19.221457792
    0.416378834   19.094494975
    0.429004908   18.971042346
    0.441607514   18.851327753
    0.454233589   18.734902972
    0.466836195   18.622188678
    0.479462269   18.512743248
    0.492088344   18.406746645
    0.504690949   18.298753899
    0.517317024   18.199163119
    0.529943098   18.097638975
    0.542545704   17.835916319
    0.555171779   17.562462513
    0.567797853   17.290382182
    0.580400459   17.020511466
    0.593026533   16.752065402
    0.605629139   16.486228589
    0.618255214   16.222178772
    0.630881288   15.960566969
    0.643483894   15.702015086
    0.656109969   15.445694149
    0.668736043   15.192215415
    0.681338649   14.942163824
    0.693964723   14.693731844
    0.706590798   14.449532310
    0.719193404   14.209090441
    0.731819478   13.971624737
    0.744422084   13.741147192
    0.757048158   13.510668546
    0.769674233   13.283975172
    0.782276839   13.061599963
    0.794902913   12.842840179
    0.807528988   12.627573684
    0.820131594   12.417690675
    0.832757668   12.211875523
    0.845383742   12.010665340
    0.857986348   11.814597926
    0.870612423   11.623092433
    0.883215029   11.437037734
    0.895841103   11.255928428
    0.908467178   11.080313995
    0.921069783   10.910713752
    0.933695858   10.746715628
    0.946321932   10.588871924
    0.958924538   10.437700416
    0.971550613   10.293315771
    0.984153219   10.155607742
    0.996779293   10.024833449
    1.009405367    9.901541815
    1.022007973    9.786237652
    1.034634048    9.678801732
    1.047260122    9.579784028
    1.059862728    9.489616838
    1.072488803    9.408546485
    1.085114877    9.337132128
    1.097717483    9.276142989
    1.110343557    9.226396632
    1.122946163    9.189913137
    1.135572238    9.169632804
    1.148198312    9.167788431
    1.160800918    9.177136977
    1.173426992    9.182614310
    1.186005823    9.176583469
    1.198568059    9.158826506
    1.211146890    9.130205413
    1.223709126    9.146256357
    1.236287957    9.185857634
    1.248850193    9.230826689
    1.261429024    9.274992201
    1.274007855    9.297834822
    1.286570091    9.265658155
    1.299148922    9.188470389
    1.311711158    9.090582243
    1.324289989    8.980657081
    1.336852225    8.862483679
    1.349431056    8.737479786
    1.362009887    8.606910105
    1.374572123    8.471767508
    1.387150954    8.332383038
    1.399713190    8.223891023
    1.412292021    8.159700668
    1.424870852    8.097198624
    1.437433088    8.036590156
    1.450011919    7.977904387
    1.462574155    7.921426682
    1.475152986    7.867105774
    1.487715222    7.815153386
    1.500294053    7.765474688
    1.512872883    7.718159443
    1.525435119    7.673265191
    1.538013950    7.630656177
    1.550576186    7.590413431
    1.563155017    7.552387246
    1.575717253    7.516624862
    1.588296084    7.482543837
    1.600874915    7.451291117
    1.613437151    7.421789112
    1.626015982    7.394188803
    1.638578218    7.368485041
    1.651157049    7.344530296
    1.663719285    7.322307569
    1.676298116    7.301677732
    1.688876947    7.282919957
    1.701439183    7.265310245
    1.714018014    7.249062981
    1.726580250    7.234145099
    1.739159081    7.220442973
    1.751721317    7.207920726
    1.764300148    7.196475342
    1.776878979    7.186056481
    1.789441215    7.176610880
    1.802020046    7.168051127
    1.814582282    7.160340170
    1.827161113    7.153634974
    1.839739943    7.147411172
    1.852302180    7.141375289
    1.864881010    7.136445731
    1.877443246    7.132106576
    1.890022077    7.128305134
    1.902584313    7.123755120
    1.915163144    7.120910248
    1.927741975    7.118507740
    1.940304211    7.116523271
    1.952883042    7.114928842
    1.965445278    7.113709936
    1.978024109    7.112848651
    1.990586345    7.112336740
    2.003165176    7.112166509
    2.015650439    7.112313148
    2.028135702    7.112756450
    2.040620966    7.113506558
    2.053106229    7.114580517
    2.065591492    7.116001751
    2.078053287    7.117797110
    2.090538550    7.120980501
    2.103023813    7.123631701
    2.115509076    7.126792404
    2.127994340    7.130520315
    2.140479603    7.134816650
    2.152964866    7.139884948
    2.165450129    7.145733997
    2.177935392    7.152688294
    2.190420656    7.160350501
    2.202905919    7.169066601
    2.215391182    7.178940281
    2.227852977    7.190058956
    2.240338240    7.202579523
    2.252823503    7.216602603
    2.265308766    7.232253097
    2.277794029    7.249659744
    2.290279293    7.268954197
    2.302764556    7.290269856
    2.315249819    7.313740413
    2.327735082    7.339774074
    2.340220345    7.367953925
    2.352705609    7.398670170
    2.365190872    7.432034071
    2.377652666    7.468071548
    2.390137930    7.506506855
    2.402623193    7.548344728
    2.415108456    7.593002401
    2.427593719    7.640499277
    2.440078982    7.690743411
    2.452564246    7.743591054
    2.465049509    7.798722018
    2.477534772    7.855950682
    2.490020035    7.917870681
    2.502505298    8.071521679
    2.514990562    8.262553827
    2.527452356    8.455670892
    2.539937619    8.650871754
    2.552422883    8.847621686
    2.564908146    8.666606592
    2.577393409    8.452456286
    2.589878672    8.268067208
    2.602561068    8.382600846
    2.615284112    8.513618555
    2.627966507    8.647379318
    2.640689552    8.749421831
    2.653371947    8.888914174
    2.666094991    9.033328124
    2.678777387    9.180926791
    2.691500431    9.332481742
    2.704182826    9.486944720
    2.716905870    9.645253463
    2.729588266    9.807003735
    2.742311310    9.971926024
    2.754993706   10.138357389
    2.767716750   10.309661715
    2.780399145   10.483605662
    2.793122189   10.661284916
    2.805804585   10.841036769
    2.818527629   11.024980842
    2.831210024   11.211456386
    2.843933069   11.401646047
    2.856615464   11.594405108
    2.869338508   11.790814135
    2.882020904   11.989644667
    2.894743948   12.192182225
    2.907426343   12.397120299
    2.920149387   12.607017602
    2.932831783   12.818049637
    2.945554827   13.032731226
    2.958237222   13.249751913
    2.970960267   13.470441624
    2.983642662   13.693365982
    2.996365706   13.919926140
    3.009048102   14.148642632
    3.021771146   14.381526931
    3.034453541   14.615914842
    3.047176586   14.853816850
    3.059858981   15.093657961
    3.072582025   15.336912651
    3.085264421   15.581954988
    3.097987465   15.830273741
    3.110669860   16.080161959
    3.123392904   16.333174050
    3.136075300   16.587540801
    3.148798344   16.844754902
    3.161480739   17.103016716
    3.174203784   17.363803566
    3.186886179   17.625247422
    3.199609223   17.888794086
    3.212291619   18.152499449
    3.225014663   18.413603992
    3.237697058   18.678289020
    3.250420103   18.943821873
    3.263102498   19.208076086
    3.275825542   19.472256872
    3.288507938   19.734126199
    3.301230982   19.996279919
    3.313913377   20.253241651
    3.326636421   20.507446857
    3.339318817   20.750054048
    3.352041861   20.994406364
    3.364724256   21.231609001
    3.377447301   21.462080226
    3.390129696   21.683194787
    3.402852740   21.895184264
    3.415535136   22.098254008
    3.428258180   22.287029572
    3.440940575   22.462065145
    3.453663620   22.623641233
    3.466346015   22.770108941
    3.479069059   22.902049476
    3.491751455   23.018541713
    3.504474499   23.120525496
    3.517156894   23.207778151
    3.529879938   23.281472101
    3.542562334   23.341859451
    3.555285378   23.390200539
    3.567967773   23.426622421
    3.580690818   23.452229451
    3.593373213   23.467343481
    3.606096257   23.472344640
    3.618675088   23.464419759
    3.631237324   23.440483272
    3.643816155   23.400417425
    3.656378391   23.344153145
    3.668957222   23.271151680
    3.681519458   23.181532357
    3.694098289   23.073815778
    3.706677120   22.949367620
    3.719239356   22.807517032
    3.731818187   22.647756176
    3.744380423   22.470488483
    3.756959254   22.275372404
    3.769521490   22.062696013
    3.782100321   21.833339300
    3.794679152   21.587770541
    3.807241388   21.327161833
    3.819820219   21.051783890
    3.832382455   20.767285229
    3.844961286   20.466410036
    3.857540116   20.154472813
    3.870102353   19.836137384
    3.882681183   19.505740558
    3.895243419   19.168244951
    3.907822250   18.823852855
    3.920384486   18.474501272
    3.932963317   18.120227886
    3.945542148   17.759824794
    3.958104384   17.399749965
    3.970683215   17.037206906
    3.983245451   16.673838547
    3.995824282   16.309315038
    4.008386518   15.945178625
    4.020965349   15.580886062
    4.033544180   15.217757028
    4.046106416   14.856344001
    4.058685247   14.496274821
    4.071247483   14.138906276
    4.083826314   13.783684030
    4.096388550   13.431922101
    4.108967381   13.083061277
    4.121546212   12.737936732
    4.134108448   12.397367063
    4.146687279   12.060832223
    4.159249515   11.729613465
    4.171828346   11.403249975
    4.184390582   11.083043098
    4.196969413   10.768850509
    4.209548243   10.461131927
    4.222110480   10.161102829
    4.234689310    9.868595119
    4.247251546    9.585072617
    4.259830377    9.310529995
    4.272409208    9.046274393
    4.284971444    8.793558383
    4.297550275    8.553287604
    4.310112511    8.326255442
    4.322691342    8.113694378
    4.335253578    7.917581531
    4.347832409    7.738916756
    4.360411240    7.579561696
    4.372973476    7.441304680
    4.385552307    7.325366944
    4.398114543    7.233529891
    4.410693374    7.166833140
    4.423255610    7.125728956
    4.435834441    7.112166509
    0.000000000   23.472400665
    0.012626074   23.473685798
    0.025228680   23.477486923
    0.037854755   23.483682616
    0.050480829   23.492038035
    0.063083435   23.502180025
    0.075709510   23.513711766
    0.088312115   23.423931202
    0.100938190   23.305935848
    0.113564264   23.178236231
    0.126166870   23.043398253
    0.138792945   22.902065700
    0.151419019   22.755810462
    0.164021625   22.606104665
    0.176647699   22.453445936
    0.189273774   22.299040583
    0.201876380   22.143992096
    0.214502454   21.988431062
    0.227105060   21.833548321
    0.239731135   21.679297752
    0.252357209   21.526425908
    0.264959815   21.375604623
    0.277585889   21.226607424
    0.290211964   21.080002652
    0.302814570   20.936297068
    0.315440644   20.796360482
    0.328043250   20.658457331
    0.340669324   20.523437891
    0.353295399   20.391674420
    0.365898005   20.263492314
    0.378524079   20.138482280
    0.391150154   20.016935969
    0.403752760   19.899102571
    0.416378834   19.784560836
    0.429004908   19.673536183
    0.441607514   19.566210989
    0.454233589   19.462140439
    0.466836195   19.361504113
    0.479462269   19.220082047
    0.492088344   18.943930716
    0.504690949   18.663666789
    0.517317024   18.387195358
    0.529943098   18.111194138
    0.542545704   17.836697789
    0.555171779   17.562975018
    0.567797853   17.290783590
    0.580400459   17.020843777
    0.593026533   16.752347565
    0.605629139   16.486471911
    0.618255214   16.222390795
    0.630881288   15.960753299
    0.643483894   15.702180091
    0.656109969   15.445841244
    0.668736043   15.192347422
    0.681338649   14.942283112
    0.693964723   14.693840351
    0.706590798   14.449631749
    0.719193404   14.209182296
    0.731819478   13.971710289
    0.744422084   13.741227608
    0.757048158   13.510744875
    0.769674233   13.284048400
    0.782276839   13.061671064
    0.794902913   12.842910410
    0.807528988   12.627646165
    0.820131594   12.417771806
    0.832757668   12.211958839
    0.845383742   12.010749885
    0.857986348   11.814687461
    0.870612423   11.623189964
    0.883215029   11.437146236
    0.895841103   11.256051445
    0.908467178   11.080455961
    0.921069783   10.910880394
    0.933695858   10.746914697
    0.946321932   10.589113966
    0.958924538   10.438000087
    0.971550613   10.293694250
    0.984153219   10.156096503
    0.996779293   10.025481150
    1.009405367    9.902426274
    1.022007973    9.787489637
    1.034634048    9.680659612
    1.047260122    9.582718320
    1.059862728    9.494679749
    1.072488803    9.418638433
    1.085114877    9.363398820
    1.097717483    9.374002536
    1.110343557    9.474313422
    1.122946163    9.581569682
    1.135572238    9.666530616
    1.148198312    9.719328408
    1.160800918    9.741397868
    1.173426992    9.746293583
    1.186005823    9.742097468
    1.198568059    9.729398937
    1.211146890    9.707780212
    1.223709126    9.676774509
    1.236287957    9.636061498
    1.248850193    9.586915754
    1.261429024    9.534800259
    1.274007855    9.499255857
    1.286570091    9.509358364
    1.299148922    9.530568136
    1.311711158    9.511832254
    1.324289989    9.474207095
    1.336852225    9.431723206
    1.349431056    9.387633149
    1.362009887    9.343197417
    1.374572123    9.298974482
    1.387150954    9.255520147
    1.399713190    9.213138546
    1.412292021    9.171901260
    1.424870852    9.132183093
    1.437433088    9.094069364
    1.450011919    9.057590504
    1.462574155    9.022915102
    1.475152986    8.989996677
    1.487715222    8.958943787
    1.500294053    8.929676284
    1.512872883    8.902221619
    1.525435119    8.876583897
    1.538013950    8.852655546
    1.550576186    8.830450915
    1.563155017    8.809855366
    1.575717253    8.790861953
    1.588296084    8.772918006
    1.600874915    8.757201079
    1.613437151    8.742538813
    1.626015982    8.729160063
    1.638578218    8.717029107
    1.651157049    8.706043072
    1.663719285    8.696161014
    1.676298116    8.687287894
    1.688876947    8.679700294
    1.701439183    8.672671051
    1.714018014    8.666456970
    1.726580250    8.661012315
    1.739159081    8.656262414
    1.751721317    8.652161631
    1.764300148    8.648642914
    1.776878979    8.645657905
    1.789441215    8.643157544
    1.802020046    8.641085360
    1.814582282    8.639399218
    1.827161113    8.638285491
    1.839739943    8.637218180
    1.852302180    8.635870550
    1.864881010    8.635261361
    1.877443246    8.634833079
    1.890022077    8.634551255
    1.902584313    8.633089341
    1.915163144    8.632990485
    1.927741975    8.632956497
    1.940304211    8.632965484
    1.952883042    8.632998766
    1.965445278    8.633040821
    1.978024109    8.633079632
    1.990586345    8.633106390
    2.003165176    8.633115911
    2.015650439    8.633052282
    2.028135702    8.632864819
    2.040620966    8.632563938
    2.053106229    8.632166463
    2.065591492    8.631696547
    2.078053287    8.631186074
    2.090538550    8.631670014
    2.103023813    8.631173039
    2.115509076    8.630768320
    2.127994340    8.630514756
    2.140479603    8.630410058
    2.152964866    8.630669879
    2.165450129    8.631299992
    2.177935392    8.632638232
    2.190420656    8.634268853
    2.202905919    8.636553142
    2.215391182    8.639599702
    2.227852977    8.643515775
    2.240338240    8.648438164
    2.252823503    8.654489065
    2.265308766    8.661803303
    2.277794029    8.670521322
    2.290279293    8.680788530
    2.302764556    8.692754435
    2.315249819    8.706571513
    2.327735082    8.722682444
    2.340220345    8.740669876
    2.352705609    8.760966223
    2.365190872    8.783716286
    2.377652666    8.809004743
    2.390137930    8.836555420
    2.402623193    8.867454176
    2.415108456    8.901162735
    2.427593719    8.937765348
    2.440078982    8.977235892
    2.452564246    9.019497377
    2.465049509    9.064255918
    2.477534772    9.111186613
    2.490020035    9.159720769
    2.502505298    9.208967541
    2.514990562    9.257253547
    2.527452356    9.286773790
    2.539937619    9.099432711
    2.552422883    8.882723389
    2.564908146    9.045774272
    2.577393409    9.244910957
    2.589878672    9.423364746
    2.602561068    9.202646380
    2.615284112    8.948813026
    2.627966507    8.698547827
    2.640689552    8.787107044
    2.653371947    8.928731681
    2.666094991    9.074349987
    2.678777387    9.222928909
    2.691500431    9.375366202
    2.704182826    9.530644249
    2.716905870    9.689720340
    2.729588266    9.852213814
    2.742311310   10.017818834
    2.754993706   10.184902367
    2.767716750   10.356811547
    2.780399145   10.531319544
    2.793122189   10.709525364
    2.805804585   10.889772195
    2.818527629   11.074163249
    2.831210024   11.261043488
    2.843933069   11.451597469
    2.856615464   11.644601747
    2.869338508   11.841292467
    2.882020904   12.040358446
    2.894743948   12.243088039
    2.907426343   12.448172978
    2.920149387   12.658212223
    2.932831783   12.869300736
    2.945554827   13.083999106
    2.958237222   13.300984174
    2.970960267   13.521591433
    2.983642662   13.744386728
    2.996365706   13.970770068
    3.009048102   14.199262796
    3.021771146   14.431889978
    3.034453541   14.665958150
    3.047176586   14.903490440
    3.059858981   15.142913645
    3.072582025   15.385698882
    3.085264421   15.630222418
    3.097987465   15.877968757
    3.110669860   16.127256231
    3.123392904   16.379585160
    3.136075300   16.633215521
    3.148798344   16.889633716
    3.161480739   17.147043448
    3.174203784   17.406914647
    3.186886179   17.667383036
    3.199609223   17.929885896
    3.212291619   18.192483365
    3.225014663   18.452432229
    3.237697058   18.715868848
    3.250420103   18.980074224
    3.263102498   19.242928118
    3.275825542   19.505624872
    3.288507938   19.765934663
    3.301230982   20.026462617
    3.313913377   20.281702896
    3.326636421   20.534103909
    3.339318817   20.774888703
    3.352041861   21.017302976
    3.364724256   21.252521592
    3.377447301   21.480966108
    3.390129696   21.700044832
    3.402852740   21.910001737
    3.415535136   22.111106391
    3.428258180   22.297956842
    3.440940575   22.471179315
    3.453663620   22.631075179
    3.466346015   22.776034014
    3.479069059   22.906647686
    3.491751455   23.022014201
    3.504474499   23.123066368
    3.517156894   23.209577765
    3.529879938   23.282698282
    3.542562334   23.342660739
    3.555285378   23.390696893
    3.567967773   23.426912697
    3.580690818   23.452388750
    3.593373213   23.467431315
    3.606096257   23.472400665
    3.618675088   23.471446355
    3.631237324   23.468519613
    3.643816155   23.463417724
    3.656378391   23.455827337
    3.668957222   23.445261201
    3.681519458   23.431180503
    3.694098289   23.412696452
    3.706677120   23.383290683
    3.719239356   23.255606776
    3.731818187   23.111783892
    3.744380423   22.952117503
    3.756959254   22.776201873
    3.769521490   22.584124214
    3.782100321   22.376613785
    3.794679152   22.153889421
    3.807241388   21.916844600
    3.819820219   21.665560080
    3.832382455   21.405099786
    3.844961286   21.128617481
    3.857540116   20.840911316
    3.870102353   20.546267548
    3.882681183   20.239337128
    3.895243419   19.924736420
    3.907822250   19.602668015
    3.920384486   19.274977915
    3.932963317   18.941752404
    3.945542148   18.601889410
    3.958104384   18.261590264
    3.970683215   17.918279439
    3.983245451   17.573593774
    3.995824282   17.227306142
    4.008386518   16.880956494
    4.020965349   16.534099931
    4.033544180   16.188107642
    4.046106416   15.843571523
    4.058685247   15.500213963
    4.071247483   15.159406333
    4.083826314   14.820696458
    4.096388550   14.485412591
    4.108967381   14.153096359
    4.121546212   13.824617812
    4.134108448   13.500828978
    4.146687279   13.181308610
    4.159249515   12.867345828
    4.171828346   12.558576030
    4.184390582   12.256301570
    4.196969413   11.960478596
    4.209548243   11.671563773
    4.222110480   11.390784325
    4.234689310   11.118040189
    4.247251546   10.854744901
    4.259830377   10.600932960
    4.272409208   10.357830621
    4.284971444   10.126589586
    4.297550275    9.908056990
    4.310112511    9.702794744
    4.322691342    9.511869826
    4.335253578    9.336912762
    4.347832409    9.178621993
    4.360411240    9.038408525
    4.372973476    8.917563197
    4.385552307    8.816846033
    4.398114543    8.737492611
    4.410693374    8.680111304
    4.423255610    8.644731091
    4.435834441    8.633115911
    0.000000000   23.472457377
    0.012626074   23.473686570
    0.025228680   23.477487556
    0.037854755   23.483683352
    0.050480829   23.492039081
    0.063083435   23.502182088
    0.075709510   23.513730426
    0.088312115   23.526079335
    0.100938190   23.538588019
    0.113564264   23.549866749
    0.126166870   23.559794001
    0.138792945   23.566864227
    0.151419019   23.569711295
    0.164021625   23.566816108
    0.176647699   23.556463524
    0.189273774   23.536796866
    0.201876380   23.505931077
    0.214502454   23.461782316
    0.227105060   23.402641838
    0.239731135   23.329236657
    0.252357209   23.235320436
    0.264959815   23.122704983
    0.277585889   22.990687675
    0.290211964   22.839740013
    0.302814570   22.670987736
    0.315440644   22.492045051
    0.328043250   22.291030210
    0.340669324   22.075840182
    0.353295399   21.848572318
    0.365898005   21.611356773
    0.378524079   21.364897922
    0.391150154   21.111074669
    0.403752760   20.851669090
    0.416378834   20.586857852
    0.429004908   20.318124593
    0.441607514   20.046857895
    0.454233589   19.772817312
    0.466836195   19.497693796
    0.479462269   19.221053737
    0.492088344   18.944192301
    0.504690949   18.663908311
    0.517317024   18.387208679
    0.529943098   18.116700538
    0.542545704   18.011384063
    0.555171779   17.921626310
    0.567797853   17.835181056
    0.580400459   17.751959511
    0.593026533   17.671003915
    0.605629139   17.504317065
    0.618255214   17.240982706
    0.630881288   16.978824858
    0.643483894   16.719157718
    0.656109969   16.461237611
    0.668736043   16.205710940
    0.681338649   15.953186481
    0.693964723   15.701860206
    0.706590798   15.454357562
    0.719193404   15.210218439
    0.731819478   14.968652633
    0.744422084   14.733716322
    0.757048158   14.498355284
    0.769674233   14.266392150
    0.782276839   14.038372708
    0.794902913   13.813575454
    0.807528988   13.591895244
    0.820131594   13.375232131
    0.832757668   13.162244759
    0.845383742   12.953486259
    0.857986348   12.749518900
    0.870612423   12.549741280
    0.883215029   12.355083801
    0.895841103   12.165022807
    0.908467178   11.980140933
    0.921069783   11.800997255
    0.933695858   11.627170729
    0.946321932   11.459263262
    0.958924538   11.297849978
    0.971550613   11.143062436
    0.984153219   10.994857724
    0.996779293   10.853522836
    1.009405367   10.719688904
    1.022007973   10.593946138
    1.034634048   10.476201911
    1.047260122   10.367083780
    1.059862728   10.267072450
    1.072488803   10.176386144
    1.085114877   10.095494035
    1.097717483   10.024889930
    1.110343557    9.964653433
    1.122946163    9.915299119
    1.135572238    9.876849700
    1.148198312    9.849490594
    1.160800918    9.833190168
    1.173426992    9.827764878
    1.186005823    9.833144146
    1.198568059    9.849262008
    1.211146890    9.854401683
    1.223709126    9.825299369
    1.236287957    9.791355873
    1.248850193    9.754581174
    1.261429024    9.716542221
    1.274007855    9.679244009
    1.286570091    9.648412968
    1.299148922    9.649446338
    1.311711158    9.710398843
    1.324289989    9.801929677
    1.336852225    9.907369727
    1.349431056   10.022647791
    1.362009887   10.145975951
    1.374572123   10.276271470
    1.387150954   10.413324793
    1.399713190   10.556302585
    1.412292021   10.705000979
    1.424870852   10.859365606
    1.437433088   11.018549417
    1.450011919   11.182772982
    1.462574155   11.351350919
    1.475152986   11.524493651
    1.487715222   11.701525072
    1.500294053   11.882706777
    1.512872883   12.067613208
    1.525435119   12.255809667
    1.538013950   12.447618885
    1.550576186   12.642368389
    1.563155017   12.840412538
    1.575717253   13.041074069
    1.588296084   13.242630247
    1.600874915   13.449232170
    1.613437151   13.657524789
    1.626015982   13.868378922
    1.638578218   14.081088603
    1.651157049   14.296061845
    1.663719285   14.512571602
    1.676298116   14.731021283
    1.688876947   14.951712857
    1.701439183   15.172644392
    1.714018014   15.394932725
    1.726580250   15.617756925
    1.739159081   15.841443194
    1.751721317   16.065105079
    1.764300148   16.288993953
    1.776878979   16.512420110
    1.789441215   16.734624453
    1.802020046   16.955624531
    1.814582282   17.174089533
    1.827161113   17.213039416
    1.839739943   17.215343301
    1.852302180   17.217252033
    1.864881010   17.219169818
    1.877443246   17.220896389
    1.890022077   17.222445070
    1.902584313   17.223634279
    1.915163144   17.224883191
    1.927741975   17.225960650
    1.940304211   17.226867966
    1.952883042   17.227609304
    1.965445278   17.228183991
    1.978024109   17.228594452
    1.990586345   17.228840199
    2.003165176   17.228922222
    2.015650439   17.218744595
    2.028135702   17.188372924
    2.040620966   17.138282646
    2.053106229   17.069215835
    2.065591492   16.982154789
    2.078053287   16.878457894
    2.090538550   16.759090756
    2.103023813   16.625371996
    2.115509076   16.478698046
    2.127994340   16.320358958
    2.140479603   16.151587987
    2.152964866   15.973544376
    2.165450129   15.787302848
    2.177935392   15.595761913
    2.190420656   15.396018364
    2.202905919   15.190757958
    2.215391182   14.980716537
    2.227852977   14.766961981
    2.240338240   14.549282376
    2.252823503   14.328609619
    2.265308766   14.105422767
    2.277794029   13.880152505
    2.290279293   13.653183498
    2.302764556   13.424858970
    2.315249819   13.195486711
    2.327735082   12.966880516
    2.340220345   12.736186923
    2.352705609   12.505189599
    2.365190872   12.274090186
    2.377652666   12.043504308
    2.390137930   11.811304871
    2.402623193   11.581511113
    2.415108456   11.351673971
    2.427593719   11.122468543
    2.440078982   10.894037635
    2.452564246   10.665464140
    2.465049509   10.438877199
    2.477534772   10.213346706
    2.490020035    9.988988858
    2.502505298    9.765998544
    2.514990562    9.545043085
    2.527452356    9.342868093
    2.539937619    9.355106942
    2.552422883    9.392371033
    2.564908146    9.422277820
    2.577393409    9.441578044
    2.589878672    9.448255759
    2.602561068    9.553815258
    2.615284112    9.676924354
    2.627966507    9.803317145
    2.640689552    9.933569534
    2.653371947   10.066730706
    2.666094991   10.203535308
    2.678777387   10.342951117
    2.691500431   10.485613538
    2.704182826   10.630121900
    2.716905870   10.776393025
    2.729588266   10.922234272
    2.742311310   11.066703039
    2.754993706   11.211495822
    2.767716750   11.361497492
    2.780399145   11.516930013
    2.793122189   11.679494225
    2.805804585   11.848295907
    2.818527629   12.024587052
    2.831210024   12.206923290
    2.843933069   12.395971521
    2.856615464   12.589626922
    2.869338508   12.787771678
    2.882020904   12.987440039
    2.894743948   13.188793371
    2.907426343   13.390373597
    2.920149387   13.594984888
    2.932831783   13.799734227
    2.945554827   14.007259115
    2.958237222   14.216569475
    2.970960267   14.429101054
    2.983642662   14.643575550
    2.996365706   14.861407423
    3.009048102   15.081216985
    3.021771146   15.304966199
    3.034453541   15.530110945
    3.047176586   15.758592434
    3.059858981   15.988902369
    3.072582025   16.222456641
    3.085264421   16.457690585
    3.097987465   16.696026669
    3.110669860   16.935817969
    3.123392904   17.178541676
    3.136075300   17.422486838
    3.148798344   17.669067341
    3.161480739   17.916537604
    3.174203784   18.166289888
    3.186886179   18.416508937
    3.199609223   18.668548883
    3.212291619   18.920517680
    3.225014663   19.169773372
    3.237697058   19.422126211
    3.250420103   19.674945875
    3.263102498   19.926160542
    3.275825542   20.176865244
    3.288507938   20.424882802
    3.301230982   20.672591926
    3.313913377   20.914801662
    3.326636421   21.153737181
    3.339318817   21.381040250
    3.352041861   21.609215325
    3.364724256   21.829874239
    3.377447301   22.043388550
    3.390129696   22.247329260
    3.402852740   22.441938422
    3.415535136   22.627533235
    3.428258180   22.799113364
    3.440940575   22.957406167
    3.453663620   23.102808361
    3.466346015   23.233995517
    3.479069059   23.351655267
    3.491751455   23.455128858
    3.504474499   23.545401340
    3.517156894   23.579165653
    3.529879938   23.550804322
    3.542562334   23.526882254
    3.555285378   23.507247870
    3.567967773   23.492023283
    3.580690818   23.481112730
    3.593373213   23.474586105
    3.606096257   23.472457377
    3.618675088   23.473679560
    3.631237324   23.477505424
    3.643816155   23.483876131
    3.656378391   23.492754564
    3.668957222   23.504135701
    3.681519458   23.517951939
    3.694098289   23.495327497
    3.706677120   23.389243336
    3.719239356   23.359880911
    3.731818187   23.323587119
    3.744380423   23.279501678
    3.756959254   23.226588381
    3.769521490   23.162723583
    3.782100321   23.089844872
    3.794679152   23.006271245
    3.807241388   22.911940665
    3.819820219   22.806684471
    3.832382455   22.691130717
    3.844961286   22.565568663
    3.857540116   22.430938651
    3.870102353   22.290316139
    3.882681183   22.140431039
    3.895243419   21.984703032
    3.907822250   21.823783826
    3.920384486   21.659122792
    3.932963317   21.491253295
    3.945542148   21.321288165
    3.958104384   21.150276941
    3.970683215   20.978510486
    3.983245451   20.807109624
    3.995824282   20.636220496
    4.008386518   20.466828141
    4.020965349   20.298854479
    4.033544180   20.135021612
    4.046106416   19.972031811
    4.058685247   19.811721987
    4.071247483   19.654821114
    4.083826314   19.501190463
    4.096388550   19.351483857
    4.108967381   19.205531116
    4.121546212   19.063737407
    4.134108448   18.926467810
    4.146687279   18.793530152
    4.159249515   18.665431316
    4.171828346   18.541976791
    4.184390582   18.423624889
    4.196969413   18.310186858
    4.209548243   18.201933914
    4.222110480   18.099105073
    4.234689310   18.001526434
    4.247251546   17.909545954
    4.259830377   17.822931636
    4.272409208   17.742046762
    4.284971444   17.666969466
    4.297550275   17.597680062
    4.310112511   17.534176623
    4.322691342   17.476480738
    4.335253578   17.424793824
    4.347832409   17.379023324
    4.360411240   17.339280282
    4.372973476   17.305638781
    4.385552307   17.278038413
    4.398114543   17.256575314
    4.410693374   17.241211014
    4.423255610   17.231999067
    4.435834441   17.228922222
    0.000000000   23.854673725
    0.012626074   23.845095586
    0.025228680   23.816498995
    0.037854755   23.769517127
    0.050480829   23.705259970
    0.063083435   23.625264910
    0.075709510   23.530831587
    0.088312115   23.526083831
    0.100938190   23.538591242
    0.113564264   23.549870323
    0.126166870   23.559798683
    0.138792945   23.566870866
    0.151419019   23.569721066
    0.164021625   23.566830727
    0.176647699   23.556485568
    0.189273774   23.536830165
    0.201876380   23.505981240
    0.214502454   23.461857574
    0.227105060   23.402753777
    0.239731135   23.329401038
    0.252357209   23.235558969
    0.264959815   23.123044337
    0.277585889   22.991159512
    0.290211964   22.840377796
    0.302814570   22.671821684
    0.315440644   22.493106253
    0.328043250   22.292316719
    0.340669324   22.077339393
    0.353295399   21.850234849
    0.365898005   21.613128836
    0.378524079   21.366713224
    0.391150154   21.112869377
    0.403752760   20.853391291
    0.416378834   20.588472420
    0.429004908   20.319615908
    0.441607514   20.048232874
    0.454233589   19.774121388
    0.466836195   19.499160163
    0.479462269   19.266728076
    0.492088344   19.171682239
    0.504690949   19.076092313
    0.517317024   18.988742379
    0.529943098   18.904495491
    0.542545704   18.820013910
    0.555171779   18.577601068
    0.567797853   18.307724994
    0.580400459   18.039214864
    0.593026533   17.771529501
    0.605629139   17.505913925
    0.618255214   17.241582132
    0.630881288   16.979209786
    0.643483894   16.719441516
    0.656109969   16.461459980
    0.668736043   16.205891459
    0.681338649   15.953336635
    0.693964723   15.701987363
    0.706590798   15.454466906
    0.719193404   15.210313773
    0.731819478   14.968736793
    0.744422084   14.733791486
    0.757048158   14.498423309
    0.769674233   14.266454497
    0.782276839   14.038430626
    0.794902913   13.813630217
    0.807528988   13.591949292
    0.820131594   13.375290079
    0.832757668   13.162302142
    0.845383742   12.953542317
    0.857986348   12.749576042
    0.870612423   12.549801233
    0.883215029   12.355148085
    0.895841103   12.165093066
    0.908467178   11.980219079
    0.921069783   11.801085600
    0.933695858   11.627272221
    0.946321932   11.459381673
    0.958924538   11.297990215
    0.971550613   11.143231051
    0.984153219   10.995063845
    0.996779293   10.853779243
    1.009405367   10.720013825
    1.022007973   10.594366166
    1.034634048   10.476757711
    1.047260122   10.367838599
    1.059862728   10.268127879
    1.072488803   10.177914647
    1.085114877   10.097798508
    1.097717483   10.028528659
    1.110343557    9.970728793
    1.122946163    9.926077725
    1.135572238    9.897077616
    1.148198312    9.887001857
    1.160800918    9.891512207
    1.173426992    9.895659063
    1.186005823    9.890856168
    1.198568059    9.876794023
    1.211146890    9.876169104
    1.223709126    9.913762894
    1.236287957    9.962035310
    1.248850193   10.020659660
    1.261429024   10.089513787
    1.274007855   10.168148092
    1.286570091   10.256037674
    1.299148922   10.352972775
    1.311711158   10.458321146
    1.324289989   10.571759496
    1.336852225   10.692600236
    1.349431056   10.820723267
    1.362009887   10.955551879
    1.374572123   11.096473397
    1.387150954   11.243523281
    1.399713190   11.395939127
    1.412292021   11.553588432
    1.424870852   11.716417461
    1.437433088   11.883596891
    1.450011919   12.055365780
    1.462574155   12.231022796
    1.475152986   12.410801099
    1.487715222   12.594011946
    1.500294053   12.780939284
    1.512872883   12.971156336
    1.525435119   13.164230606
    1.538013950   13.360507061
    1.550576186   13.559311588
    1.563155017   13.761020052
    1.575717253   13.964956755
    1.588296084   14.169429916
    1.600874915   14.378558275
    1.613437151   14.589044771
    1.626015982   14.801757255
    1.638578218   15.015995833
    1.651157049   15.232182851
    1.663719285   15.449597172
    1.676298116   15.668651725
    1.688876947   15.889591934
    1.701439183   16.110526992
    1.714018014   16.332496470
    1.726580250   16.554612505
    1.739159081   16.776961063
    1.751721317   16.997338733
    1.764300148   17.178839930
    1.776878979   17.199218363
    1.789441215   17.204028132
    1.802020046   17.207460521
    1.814582282   17.210359516
    1.827161113   17.389393289
    1.839739943   17.597624949
    1.852302180   17.748308056
    1.864881010   17.757780786
    1.877443246   17.750634499
    1.890022077   17.742227489
    1.902584313   17.733863884
    1.915163144   17.726274413
    1.927741975   17.719461405
    1.940304211   17.713548577
    1.952883042   17.708603237
    1.965445278   17.704700597
    1.978024109   17.701876784
    1.990586345   17.700171710
    2.003165176   17.699600209
    2.015650439   17.691072109
    2.028135702   17.665594166
    2.040620966   17.623479213
    2.053106229   17.565232128
    2.065591492   17.491511956
    2.078053287   17.403295190
    2.090538550   17.301217597
    2.103023813   17.186240628
    2.115509076   17.059402087
    2.127994340   16.921679633
    2.140479603   16.774029817
    2.152964866   16.617371182
    2.165450129   16.452570713
    2.177935392   16.282132772
    2.190420656   16.103420978
    2.202905919   15.918740233
    2.215391182   15.728635056
    2.227852977   15.533861467
    2.240338240   15.333771628
    2.252823503   15.128101160
    2.265308766   14.914205188
    2.277794029   14.685165015
    2.290279293   14.437152454
    2.302764556   14.179573379
    2.315249819   13.920613130
    2.327735082   13.663798918
    2.340220345   13.410145596
    2.352705609   13.160720458
    2.365190872   12.916119889
    2.377652666   12.677287693
    2.390137930   12.443468948
    2.402623193   12.216255027
    2.415108456   11.995676677
    2.427593719   11.782264256
    2.440078982   11.576556211
    2.452564246   11.379070943
    2.465049509   11.190614283
    2.477534772   11.011933186
    2.490020035   10.843989222
    2.502505298   10.687932389
    2.514990562   10.545055343
    2.527452356   10.416017031
    2.539937619   10.262417793
    2.552422883   10.059287978
    2.564908146    9.854793065
    2.577393409    9.651691334
    2.589878672    9.471901112
    2.602561068    9.583195007
    2.615284112    9.707730033
    2.627966507    9.835502120
    2.640689552    9.967148579
    2.653371947   10.101750065
    2.666094991   10.240108871
    2.678777387   10.381282702
    2.691500431   10.526106002
    2.704182826   10.673526565
    2.716905870   10.824025544
    2.729588266   10.973490883
    2.742311310   11.120794551
    2.754993706   11.273918040
    2.767716750   11.434340326
    2.780399145   11.598955637
    2.793122189   11.768178830
    2.805804585   11.940288219
    2.818527629   12.117192365
    2.831210024   12.297550853
    2.843933069   12.482883145
    2.856615464   12.672508617
    2.869338508   12.867360565
    2.882020904   13.062888588
    2.894743948   13.258849945
    2.907426343   13.455868044
    2.920149387   13.657229945
    2.932831783   13.859518830
    2.945554827   14.065227107
    2.958237222   14.273139027
    2.970960267   14.484545184
    2.983642662   14.698079363
    2.996365706   14.915086366
    3.009048102   15.134148545
    3.021771146   15.357212163
    3.034453541   15.581676182
    3.047176586   15.809481565
    3.059858981   16.039112108
    3.072582025   16.271969794
    3.085264421   16.506486807
    3.097987465   16.744074749
    3.110669860   16.983109644
    3.123392904   17.225008783
    3.136075300   17.468089358
    3.148798344   17.713755993
    3.161480739   17.960265495
    3.174203784   18.209000679
    3.186886179   18.458149645
    3.199609223   18.709056625
    3.212291619   18.959833110
    3.225014663   19.207854760
    3.237697058   19.458885424
    3.250420103   19.710308661
    3.263102498   19.960059758
    3.275825542   20.209223172
    3.288507938   20.455631261
    3.301230982   20.701670572
    3.313913377   20.942127213
    3.326636421   21.179238463
    3.339318817   21.404712577
    3.352041861   21.630958071
    3.364724256   21.849658518
    3.377447301   22.061190298
    3.390129696   22.263158323
    3.402852740   22.455816998
    3.415535136   22.639541527
    3.428258180   22.809309358
    3.440940575   22.965909989
    3.453663620   23.109755512
    3.466346015   23.239552396
    3.479069059   23.355993229
    3.491751455   23.458432528
    3.504474499   23.547845727
    3.517156894   23.622405722
    3.529879938   23.687283584
    3.542562334   23.740340765
    3.555285378   23.782740003
    3.567967773   23.814655365
    3.580690818   23.837075508
    3.593373213   23.850301533
    3.606096257   23.854673725
    3.618675088   23.847519665
    3.631237324   23.825898919
    3.643816155   23.789722774
    3.656378391   23.738947350
    3.668957222   23.673122900
    3.681519458   23.592356703
    3.694098289   23.534172727
    3.706677120   23.552742956
    3.719239356   23.573581268
    3.731818187   23.596670418
    3.744380423   23.621872483
    3.756959254   23.638379629
    3.769521490   23.580728342
    3.782100321   23.514477502
    3.794679152   23.438001853
    3.807241388   23.351107210
    3.819820219   23.253495830
    3.832382455   23.145613559
    3.844961286   23.027607682
    3.857540116   22.900258743
    3.870102353   22.766393268
    3.882681183   22.622894069
    3.895243419   22.472973858
    3.907822250   22.317257691
    3.920384486   22.157163495
    3.932963317   21.993238490
    3.945542148   21.826605656
    3.958104384   21.658338125
    3.970683215   21.488767721
    3.983245451   21.319046939
    3.995824282   21.149365643
    4.008386518   20.980745122
    4.020965349   20.813154224
    4.033544180   20.649268796
    4.046106416   20.485977267
    4.058685247   20.325075473
    4.071247483   20.167325620
    4.083826314   20.012616563
    4.096388550   19.861632970
    4.108967381   19.714227678
    4.121546212   19.570832321
    4.134108448   19.431837843
    4.146687279   19.297069727
    4.159249515   19.167060707
    4.171828346   19.041631235
    4.184390582   18.921263864
    4.196969413   18.805783646
    4.209548243   18.695479962
    4.222110480   18.590612079
    4.234689310   18.491016605
    4.247251546   18.397061974
    4.259830377   18.308527570
    4.272409208   18.225788434
    4.284971444   18.148940612
    4.297550275   18.077966126
    4.310112511   18.012891642
    4.322691342   17.953738486
    4.335253578   17.900721775
    4.347832409   17.853754429
    4.360411240   17.812957407
    4.372973476   17.778412982
    4.385552307   17.750064441
    4.398114543   17.728014903
    4.410693374   17.712228274
    4.423255610   17.702762074
    4.435834441   17.699600209
    0.000000000   23.854730237
    0.012626074   23.856322046
    0.025228680   23.861047177
    0.037854755   23.868806711
    0.050480829   23.879397340
    0.063083435   23.892493755
    0.075709510   23.907781495
    0.088312115   23.924726481
    0.100938190   23.942808026
    0.113564264   23.960849603
    0.126166870   23.978705247
    0.138792945   23.995145573
    0.151419019   24.008992325
    0.164021625   24.018921008
    0.176647699   24.023492219
    0.189273774   24.021044944
    0.201876380   24.009834662
    0.214502454   23.987955557
    0.227105060   23.953604922
    0.239731135   23.907125983
    0.252357209   23.842494473
    0.264959815   23.760621988
    0.277585889   23.660197442
    0.290211964   23.540734665
    0.302814570   23.402130850
    0.315440644   23.249321342
    0.328043250   23.065159516
    0.340669324   22.842346791
    0.353295399   22.595296268
    0.365898005   22.347156601
    0.378524079   22.102997578
    0.391150154   21.864682187
    0.403752760   21.632929413
    0.416378834   21.406512453
    0.429004908   21.184220669
    0.441607514   20.960785184
    0.454233589   20.722836741
    0.466836195   20.468064654
    0.479462269   20.203919948
    0.492088344   19.935709724
    0.504690949   19.662358100
    0.517317024   19.391188174
    0.529943098   19.119644477
    0.542545704   18.848722719
    0.555171779   18.577812943
    0.567797853   18.307767410
    0.580400459   18.039434348
    0.593026533   17.772626520
    0.605629139   17.596782914
    0.618255214   17.521673334
    0.630881288   17.450227134
    0.643483894   17.381832100
    0.656109969   17.316092928
    0.668736043   17.253051498
    0.681338649   17.192741508
    0.693964723   17.134866191
    0.706590798   17.079469930
    0.719193404   17.026579668
    0.731819478   16.975930143
    0.744422084   16.936270794
    0.757048158   16.889891074
    0.769674233   16.845652477
    0.782276839   16.803567416
    0.794902913   16.763416397
    0.807528988   16.725112341
    0.820131594   16.688866544
    0.832757668   16.654385377
    0.845383742   16.621680947
    0.857986348   16.590753941
    0.870612423   16.561435472
    0.883215029   16.533782771
    0.895841103   16.507642774
    0.908467178   16.483020181
    0.921069783   16.459910324
    0.933695858   16.438182792
    0.946321932   16.417839556
    0.958924538   16.398874316
    0.971550613   16.382533734
    0.984153219   16.366067684
    0.996779293   16.350807744
    1.009405367   16.336753664
    1.022007973   16.323898371
    1.034634048   16.312166259
    1.047260122   16.301556754
    1.059862728   16.288534630
    1.072488803   16.279958209
    1.085114877   16.272436372
    1.097717483   16.265963376
    1.110343557   16.260500528
    1.122946163   16.256055814
    1.135572238   16.252602565
    1.148198312   16.250142112
    1.160800918   16.248670641
    1.173426992   16.248161281
    1.186005823   16.251778959
    1.198568059   16.262426612
    1.211146890   16.279820358
    1.223709126   16.303378809
    1.236287957   16.332460511
    1.248850193   16.366161229
    1.261429024   16.404752309
    1.274007855   16.445120816
    1.286570091   16.487332895
    1.299148922   16.530632313
    1.311711158   16.574829635
    1.324289989   16.617868654
    1.336852225   16.659871325
    1.349431056   16.700508686
    1.362009887   16.739396472
    1.374572123   16.773736045
    1.387150954   16.808476923
    1.399713190   16.841008070
    1.412292021   16.867899958
    1.424870852   16.896215360
    1.437433088   16.922413774
    1.450011919   16.946692300
    1.462574155   16.969095393
    1.475152986   16.989798507
    1.487715222   17.008865770
    1.500294053   17.026465671
    1.512872883   17.042686865
    1.525435119   17.057620253
    1.538013950   17.071408925
    1.550576186   17.084113312
    1.563155017   17.095857080
    1.575717253   17.106692339
    1.588296084   17.114558836
    1.600874915   17.126821977
    1.613437151   17.135310970
    1.626015982   17.143188090
    1.638578218   17.150487041
    1.651157049   17.157277443
    1.663719285   17.163588229
    1.676298116   17.169480827
    1.688876947   17.175815271
    1.701439183   17.180896298
    1.714018014   17.185720737
    1.726580250   17.190383266
    1.739159081   17.195172905
    1.751721317   17.201435616
    1.764300148   17.246376276
    1.776878979   17.451593018
    1.789441215   17.670830039
    1.802020046   17.825756973
    1.814582282   17.814171037
    1.827161113   17.803745742
    1.839739943   17.797215445
    1.852302180   17.843881984
    1.864881010   18.027280221
    1.877443246   18.220896222
    1.890022077   18.408425874
    1.902584313   18.586233726
    1.915163144   18.752465033
    1.927741975   18.904444535
    1.940304211   19.039434368
    1.952883042   19.155106769
    1.965445278   19.248488539
    1.978024109   19.317360539
    1.990586345   19.359525153
    2.003165176   19.373760443
    2.015650439   19.356774793
    2.028135702   19.306281786
    2.040620966   19.223619948
    2.053106229   19.110863202
    2.065591492   18.970588784
    2.078053287   18.806033132
    2.090538550   18.619986865
    2.103023813   18.414939526
    2.115509076   18.194028289
    2.127994340   17.959832999
    2.140479603   17.714685430
    2.152964866   17.460666604
    2.165450129   17.199618454
    2.177935392   16.933735147
    2.190420656   16.663300450
    2.202905919   16.390194299
    2.215391182   16.115608364
    2.227852977   15.841225787
    2.240338240   15.567314524
    2.252823503   15.296266337
    2.265308766   15.031853097
    2.277794029   14.782013902
    2.290279293   14.551503055
    2.302764556   14.331760951
    2.315249819   14.115381561
    2.327735082   13.901158240
    2.340220345   13.685532361
    2.352705609   13.469690329
    2.365190872   13.253644599
    2.377652666   13.037890054
    2.390137930   12.820415059
    2.402623193   12.604941008
    2.415108456   12.389182652
    2.427593719   12.173787688
    2.440078982   11.958895699
    2.452564246   11.743662254
    2.465049509   11.530095525
    2.477534772   11.317335217
    2.490020035   11.105489051
    2.502505298   10.894694066
    2.514990562   10.685224798
    2.527452356   10.478945901
    2.539937619   10.315279256
    2.552422883   10.222485500
    2.564908146   10.155264633
    2.577393409   10.113832262
    2.589878672   10.099805716
    2.602561068   10.112862874
    2.615284112   10.147367360
    2.627966507   10.197888887
    2.640689552   10.261499584
    2.653371947   10.335808734
    2.666094991   10.420094706
    2.678777387   10.513155534
    2.691500431   10.615343850
    2.704182826   10.726251865
    2.716905870   10.847823231
    2.729588266   10.984926177
    2.742311310   11.139562134
    2.754993706   11.298145010
    2.767716750   11.461744414
    2.780399145   11.628011037
    2.793122189   11.797935811
    2.805804585   11.969927424
    2.818527629   12.146017236
    2.831210024   12.324670571
    2.843933069   12.507148207
    2.856615464   12.692678938
    2.869338508   12.884068966
    2.882020904   13.084917033
    2.894743948   13.299146531
    2.907426343   13.523612025
    2.920149387   13.758746675
    2.932831783   14.001538000
    2.945554827   14.253257631
    2.958237222   14.512110943
    2.970960267   14.779400810
    2.983642662   15.053215339
    2.996365706   15.335141950
    3.009048102   15.623233972
    3.021771146   15.919247656
    3.034453541   16.221096439
    3.047176586   16.530628442
    3.059858981   16.845750776
    3.072582025   17.168370130
    3.085264421   17.496313559
    3.097987465   17.831572021
    3.110669860   18.171902605
    3.123392904   18.519355590
    3.136075300   18.871608312
    3.148798344   19.230804484
    3.161480739   19.594532595
    3.174203784   19.965003990
    3.186886179   20.339727249
    3.199609223   20.720974008
    3.212291619   21.106175515
    3.225014663   21.497172137
    3.237697058   21.892272850
    3.250420103   22.293355877
    3.263102498   22.697673036
    3.275825542   23.107610948
    3.288507938   23.520323273
    3.301230982   23.938907325
    3.313913377   24.359041057
    3.326636421   24.526321630
    3.339318817   24.432838407
    3.352041861   24.343415730
    3.364724256   24.258625239
    3.377447301   24.177923641
    3.390129696   24.101826822
    3.402852740   24.029847191
    3.415535136   23.962515537
    3.428258180   23.899256576
    3.440940575   23.840547523
    3.453663620   23.786012192
    3.466346015   23.735999195
    3.479069059   23.690188067
    3.491751455   23.648871652
    3.504474499   23.611785237
    3.517156894   23.624160566
    3.529879938   23.688498215
    3.542562334   23.741147774
    3.555285378   23.783247869
    3.567967773   23.814955809
    3.580690818   23.837240663
    3.593373213   23.850391244
    3.606096257   23.854730237
    3.618675088   23.853934492
    3.631237324   23.851487477
    3.643816155   23.847201099
    3.656378391   23.840782000
    3.668957222   23.831777768
    3.681519458   23.819681967
    3.694098289   23.803672891
    3.706677120   23.783202696
    3.719239356   23.757384856
    3.731818187   23.725248245
    3.744380423   23.685953199
    3.756959254   23.649278399
    3.769521490   23.677454022
    3.782100321   23.708402457
    3.794679152   23.741123914
    3.807241388   23.775468355
    3.819820219   23.811420605
    3.832382455   23.848776857
    3.844961286   23.887523705
    3.857540116   23.927498049
    3.870102353   23.968820506
    3.882681183   24.010902397
    3.895243419   24.053799871
    3.907822250   24.097506765
    3.920384486   24.141788463
    3.932963317   24.186642886
    3.945542148   24.231893560
    3.958104384   24.277363022
    3.970683215   24.323055304
    3.983245451   24.368733342
    3.995824282   24.414385124
    4.008386518   24.423284533
    4.020965349   24.157271315
    4.033544180   23.905013481
    4.046106416   23.650872943
    4.058685247   23.401858247
    4.071247483   23.158828852
    4.083826314   22.921339142
    4.096388550   22.690207817
    4.108967381   22.465013667
    4.121546212   22.246253411
    4.134108448   22.034388043
    4.146687279   21.829041793
    4.159249515   21.630939068
    4.171828346   21.439738532
    4.184390582   21.256125578
    4.196969413   21.081580472
    4.209548243   20.912836006
    4.222110480   20.752186706
    4.234689310   20.599383698
    4.247251546   20.455002592
    4.259830377   20.318240257
    4.272409208   20.190729632
    4.284971444   20.072095443
    4.297550275   19.962177059
    4.310112511   19.861410535
    4.322691342   19.769667232
    4.335253578   19.687317680
    4.347832409   19.614262866
    4.360411240   19.550725289
    4.372973476   19.496865201
    4.385552307   19.452622759
    4.398114543   19.418183328
    4.410693374   19.393510283
    4.423255610   19.378704819
    4.435834441   19.373760443
    0.000000000   23.854786988
    0.012626074   23.856322614
    0.025228680   23.861047579
    0.037854755   23.868807148
    0.050480829   23.879397867
    0.063083435   23.892494418
    0.075709510   23.907782370
    0.088312115   23.924727684
    0.100938190   23.942809733
    0.113564264   23.960852096
    0.126166870   23.978708957
    0.138792945   23.995151186
    0.151419019   24.009000913
    0.164021625   24.018934246
    0.176647699   24.023512787
    0.189273774   24.021077117
    0.201876380   24.009885307
    0.214502454   23.988036001
    0.227105060   23.953733826
    0.239731135   23.907334643
    0.252357209   23.842838446
    0.264959815   23.761199527
    0.277585889   23.661194029
    0.290211964   23.542521852
    0.302814570   23.405533407
    0.315440644   23.256838889
    0.328043250   23.084944185
    0.340669324   22.896948252
    0.353295399   22.694672365
    0.365898005   22.480152863
    0.378524079   22.254215455
    0.391150154   22.018803314
    0.403752760   21.775809599
    0.416378834   21.525619903
    0.429004908   21.269831287
    0.441607514   21.009952891
    0.454233589   20.745920511
    0.466836195   20.479513669
    0.479462269   20.210447684
    0.492088344   19.939843249
    0.504690949   19.665162798
    0.517317024   19.393282675
    0.529943098   19.121489611
    0.542545704   18.854070210
    0.555171779   18.747670694
    0.567797853   18.672705382
    0.580400459   18.601164932
    0.593026533   18.532485661
    0.605629139   18.466809801
    0.618255214   18.403805984
    0.630881288   18.343518992
    0.643483894   18.285975607
    0.656109969   18.230884562
    0.668736043   18.178278913
    0.681338649   18.128173734
    0.693964723   18.080307061
    0.706590798   18.034699653
    0.719193404   17.991356288
    0.731819478   17.950042675
    0.744422084   17.919164652
    0.757048158   17.881661428
    0.769674233   17.846057800
    0.782276839   17.812347282
    0.794902913   17.780338347
    0.807528988   17.749930814
    0.820131594   17.721308271
    0.832757668   17.694208540
    0.845383742   17.668627141
    0.857986348   17.644550370
    0.870612423   17.621833150
    0.883215029   17.600506686
    0.895841103   17.580440172
    0.908467178   17.561625142
    0.921069783   17.544045887
    0.933695858   17.527591748
    0.946321932   17.512253420
    0.958924538   17.498015440
    0.971550613   17.486099189
    0.984153219   17.473824495
    0.996779293   17.462493455
    1.009405367   17.403789983
    1.022007973   17.317234319
    1.034634048   17.220704179
    1.047260122   17.115217292
    1.059862728   17.000939336
    1.072488803   16.883614907
    1.085114877   16.764864124
    1.097717483   16.648892926
    1.110343557   16.539704248
    1.122946163   16.442299220
    1.135572238   16.360779245
    1.148198312   16.299327144
    1.160800918   16.261157373
    1.173426992   16.248185332
    1.186005823   16.257987693
    1.198568059   16.287293159
    1.211146890   16.335797491
    1.223709126   16.402805397
    1.236287957   16.487751874
    1.248850193   16.589542504
    1.261429024   16.707490213
    1.274007855   16.840472629
    1.286570091   16.987283109
    1.299148922   17.147330523
    1.311711158   17.322701547
    1.324289989   17.506119173
    1.336852225   17.699705943
    1.349431056   17.766757126
    1.362009887   17.797752531
    1.374572123   17.824118369
    1.387150954   17.850625332
    1.399713190   17.874743017
    1.412292021   17.893100136
    1.424870852   17.912554385
    1.437433088   17.929656539
    1.450011919   17.944559840
    1.462574155   17.957315111
    1.475152986   17.968055343
    1.487715222   17.976855718
    1.500294053   17.983844234
    1.512872883   17.989111541
    1.525435119   17.992754457
    1.538013950   17.994879214
    1.550576186   17.995572278
    1.563155017   17.994923203
    1.575717253   17.993016893
    1.588296084   17.987828900
    1.600874915   17.986547839
    1.613437151   17.981231842
    1.626015982   17.974947768
    1.638578218   17.967780931
    1.651157049   17.959780042
    1.663719285   17.951033185
    1.676298116   17.941584435
    1.688876947   17.932268162
    1.701439183   17.921571943
    1.714018014   17.910386529
    1.726580250   17.898815240
    1.739159081   17.886905045
    1.751721317   17.874769537
    1.764300148   17.862465613
    1.776878979   17.850108432
    1.789441215   17.837831378
    1.802020046   17.890012298
    1.814582282   18.107150822
    1.827161113   18.321962746
    1.839739943   18.533309313
    1.852302180   18.739966464
    1.864881010   18.941382764
    1.877443246   19.135741761
    1.890022077   19.322057214
    1.902584313   19.498088131
    1.915163144   19.662336654
    1.927741975   19.812301821
    1.940304211   19.945361651
    1.952883042   20.059280014
    1.965445278   20.151178604
    1.978024109   20.218917649
    1.990586345   20.260371930
    2.003165176   20.274364488
    2.015650439   20.257473860
    2.028135702   20.207260737
    2.040620966   20.125058620
    2.053106229   20.012892073
    2.065591492   19.873337124
    2.078053287   19.709592851
    2.090538550   19.524415676
    2.103023813   19.320286145
    2.115509076   19.100310978
    2.127994340   18.867049599
    2.140479603   18.622815001
    2.152964866   18.369668766
    2.165450129   18.109431629
    2.177935392   17.844270157
    2.190420656   17.574426087
    2.202905919   17.301717368
    2.215391182   17.027223315
    2.227852977   16.752412689
    2.240338240   16.477091194
    2.252823503   16.202526038
    2.265308766   15.929390178
    2.277794029   15.658292126
    2.290279293   15.389786978
    2.302764556   15.124385960
    2.315249819   14.862564755
    2.327735082   14.604929081
    2.340220345   14.351585070
    2.352705609   14.103103537
    2.365190872   13.859885432
    2.377652666   13.622769040
    2.390137930   13.390946231
    2.402623193   13.165963697
    2.415108456   12.947833012
    2.427593719   12.737054982
    2.440078982   12.534134317
    2.452564246   12.339556711
    2.465049509   12.154089551
    2.477534772   11.978430826
    2.490020035   11.813492274
    2.502505298   11.660395340
    2.514990562   11.520536006
    2.527452356   11.395873157
    2.539937619   11.288068049
    2.552422883   11.199887194
    2.564908146   11.134082167
    2.577393409   11.093281092
    2.589878672   11.079437437
    2.602561068   11.092235047
    2.615284112   11.125778526
    2.627966507   11.174617020
    2.640689552   11.235924087
    2.653371947   11.307449640
    2.666094991   11.388539929
    2.678777387   11.478019790
    2.691500431   11.576079624
    2.704182826   11.681882518
    2.716905870   11.796003083
    2.729588266   11.917794248
    2.742311310   12.047792393
    2.754993706   12.185311482
    2.767716750   12.331289139
    2.780399145   12.484818448
    2.793122189   12.646916754
    2.805804585   12.816566788
    2.818527629   12.994885628
    2.831210024   13.180726085
    2.843933069   13.375268191
    2.856615464   13.577244742
    2.869338508   13.787909731
    2.882020904   14.005874211
    2.894743948   14.232470787
    2.907426343   14.466180167
    2.920149387   14.708663509
    2.932831783   14.957802579
    2.945554827   15.215216405
    2.958237222   15.479374638
    2.970960267   15.751761467
    2.983642662   16.030525396
    2.996365706   16.317338939
    3.009048102   16.610253342
    3.021771146   16.911061505
    3.034453541   17.217669445
    3.047176586   17.531946157
    3.059858981   17.851764743
    3.072582025   18.179056214
    3.085264421   18.511610861
    3.097987465   18.851441721
    3.110669860   19.196268954
    3.123392904   19.548164279
    3.136075300   19.904769433
    3.148798344   20.268249187
    3.161480739   20.636158289
    3.174203784   21.010728958
    3.186886179   21.389438146
    3.199609223   21.774578041
    3.212291619   22.163541753
    3.225014663   22.558197458
    3.237697058   22.956837831
    3.250420103   23.361350150
    3.263102498   23.768960837
    3.275825542   24.182074084
    3.288507938   24.597819419
    3.301230982   24.726639325
    3.313913377   24.624464414
    3.326636421   24.783747946
    3.339318817   24.816523844
    3.352041861   24.726972541
    3.364724256   24.642060529
    3.377447301   24.561243669
    3.390129696   24.485038521
    3.402852740   24.412956737
    3.415535136   24.345530115
    3.428258180   24.282181933
    3.440940575   24.223390286
    3.453663620   24.168778412
    3.466346015   24.118695370
    3.479069059   24.072820207
    3.491751455   24.031446138
    3.504474499   23.994308022
    3.517156894   23.961643229
    3.529879938   23.933242432
    3.542562334   23.909287157
    3.555285378   23.889625549
    3.567967773   23.874379873
    3.580690818   23.863454217
    3.593373213   23.856918583
    3.606096257   23.854786988
    3.618675088   23.856312933
    3.631237324   23.861047785
    3.643816155   23.868932650
    3.656378391   23.879922412
    3.668957222   23.894012163
    3.681519458   23.911121428
    3.694098289   23.931213073
    3.706677120   23.954237252
    3.719239356   23.980074580
    3.731818187   24.008713505
    3.744380423   24.039990728
    3.756959254   24.073893317
    3.769521490   24.109372793
    3.782100321   24.147917954
    3.794679152   24.188692671
    3.807241388   24.231516109
    3.819820219   24.276373432
    3.832382455   24.323013929
    3.844961286   24.371424181
    3.857540116   24.421403532
    3.870102353   24.473010187
    3.882681183   24.525699951
    3.895243419   24.579451100
    3.907822250   24.634257741
    3.920384486   24.689827146
    3.932963317   24.746157832
    3.945542148   24.803029071
    3.958104384   24.860218391
    3.970683215   24.917731814
    3.983245451   24.966800577
    3.995824282   24.692934217
    4.008386518   24.460533867
    4.020965349   24.501248570
    4.033544180   24.560580932
    4.046106416   24.604903242
    4.058685247   24.435305638
    4.071247483   24.186849796
    4.083826314   23.943802137
    4.096388550   23.707012390
    4.108967381   23.476060376
    4.121546212   23.251466572
    4.134108448   23.033716823
    4.146687279   22.822437732
    4.159249515   22.618388291
    4.171828346   22.421231594
    4.184390582   22.231690099
    4.196969413   22.051312179
    4.209548243   21.876736847
    4.222110480   21.710355665
    4.234689310   21.551930761
    4.247251546   21.402079597
    4.259830377   21.260010348
    4.272409208   21.127396737
    4.284971444   21.003895359
    4.297550275   20.889361396
    4.310112511   20.784271305
    4.322691342   20.688512714
    4.335253578   20.602493328
    4.347832409   20.526129650
    4.360411240   20.459672682
    4.372973476   20.403306944
    4.385552307   20.356984640
    4.398114543   20.320912408
    4.410693374   20.295061998
    4.423255610   20.279546331
    4.435834441   20.274364488
    0.000000000   31.372377562
    0.012626074   31.255501612
    0.025228680   30.991270179
    0.037854755   30.670448791
    0.050480829   30.327732874
    0.063083435   29.967101550
    0.075709510   29.611616046
    0.088312115   29.255232422
    0.100938190   28.898305330
    0.113564264   28.542492549
    0.126166870   28.189564408
    0.138792945   27.838637166
    0.151419019   27.490888318
    0.164021625   27.147393295
    0.176647699   26.807255592
    0.189273774   26.471460300
    0.201876380   26.140928772
    0.214502454   25.814715540
    0.227105060   25.494299737
    0.239731135   25.180663381
    0.252357209   24.870572478
    0.264959815   24.567022556
    0.277585889   24.269161593
    0.290211964   23.977921752
    0.302814570   23.694435753
    0.315440644   23.419785046
    0.328043250   23.160050164
    0.340669324   22.929075902
    0.353295399   22.714854484
    0.365898005   22.496779454
    0.378524079   22.269733839
    0.391150154   22.034354648
    0.403752760   21.792345288
    0.416378834   21.544581359
    0.429004908   21.294431825
    0.441607514   21.049169258
    0.454233589   20.821412280
    0.466836195   20.616067360
    0.479462269   20.424719580
    0.492088344   20.243569090
    0.504690949   20.071014501
    0.517317024   19.906957264
    0.529943098   19.750745316
    0.542545704   19.602567563
    0.555171779   19.461746852
    0.567797853   19.328451491
    0.580400459   19.202792266
    0.593026533   19.084177067
    0.605629139   18.972911748
    0.618255214   18.868433127
    0.630881288   18.770791368
    0.643483894   18.679970465
    0.656109969   18.595437459
    0.668736043   18.517156284
    0.681338649   18.445027872
    0.693964723   18.377164031
    0.706590798   18.316120627
    0.719193404   18.260415612
    0.731819478   18.209545087
    0.744422084   18.163441334
    0.757048158   18.121507493
    0.769674233   18.083519123
    0.782276839   18.049162006
    0.794902913   18.017910592
    0.807528988   17.985610920
    0.820131594   17.959232535
    0.832757668   17.934613561
    0.845383742   17.910754095
    0.857986348   17.888127627
    0.870612423   17.865583757
    0.883215029   17.842552869
    0.895841103   17.818235644
    0.908467178   17.791894565
    0.921069783   17.762737106
    0.933695858   17.729733516
    0.946321932   17.691943617
    0.958924538   17.648407595
    0.971550613   17.605697287
    0.984153219   17.547613600
    0.996779293   17.480520079
    1.009405367   17.452097483
    1.022007973   17.442623242
    1.034634048   17.434007545
    1.047260122   17.426243137
    1.059862728   17.415902159
    1.072488803   17.409631593
    1.085114877   17.404144190
    1.097717483   17.399431157
    1.110343557   17.395460341
    1.122946163   17.392234176
    1.135572238   17.389730531
    1.148198312   17.387948219
    1.160800918   17.386882926
    1.173426992   17.386521831
    1.186005823   17.389597114
    1.198568059   17.398707496
    1.211146890   17.413584805
    1.223709126   17.433722857
    1.236287957   17.458558830
    1.248850193   17.487299098
    1.261429024   17.520274433
    1.274007855   17.554541460
    1.286570091   17.590238542
    1.299148922   17.626673144
    1.311711158   17.663715407
    1.324289989   17.699390752
    1.336852225   17.733847803
    1.349431056   17.903234623
    1.362009887   18.115785981
    1.374572123   18.336105468
    1.387150954   18.564901166
    1.399713190   18.800774003
    1.412292021   19.038735635
    1.424870852   19.291240791
    1.437433088   19.546780572
    1.450011919   19.808580265
    1.462574155   20.075676096
    1.475152986   20.348528062
    1.487715222   20.626194957
    1.500294053   20.909209265
    1.512872883   21.197023671
    1.525435119   21.489080094
    1.538013950   21.785993025
    1.550576186   22.086831778
    1.563155017   22.392250993
    1.575717253   22.701310138
    1.588296084   23.007082482
    1.600874915   23.331286219
    1.613437151   23.651359814
    1.626015982   23.975389744
    1.638578218   24.302383478
    1.651157049   24.633059932
    1.663719285   24.966392137
    1.676298116   25.303093403
    1.688876947   25.645516148
    1.701439183   25.987012445
    1.714018014   26.331265361
    1.726580250   26.677109836
    1.739159081   27.025166145
    1.751721317   27.374178722
    1.764300148   27.724677253
    1.776878979   28.075740368
    1.789441215   28.426353426
    1.802020046   28.316867805
    1.814582282   28.034979768
    1.827161113   27.758813933
    1.839739943   27.489675329
    1.852302180   27.228952712
    1.864881010   26.977160397
    1.877443246   26.736346734
    1.890022077   26.507475084
    1.902584313   26.292495027
    1.915163144   26.093919503
    1.927741975   25.913890941
    1.940304211   25.755166814
    1.952883042   25.620021708
    1.965445278   25.511494644
    1.978024109   25.431778697
    1.990586345   25.383111093
    2.003165176   25.366703533
    2.015650439   25.377099975
    2.028135702   25.408139978
    2.040620966   25.459387225
    2.053106229   25.530150288
    2.065591492   25.619534007
    2.078053287   25.726276451
    2.090538550   25.851484673
    2.103023813   25.990178461
    2.115509076   26.142982510
    2.127994340   26.308786631
    2.140479603   26.486552775
    2.152964866   26.675331260
    2.165450129   26.874268213
    2.177935392   27.092391894
    2.190420656   27.308663754
    2.202905919   27.533148868
    2.215391182   27.765363057
    2.227852977   28.004440949
    2.240338240   28.250942685
    2.252823503   28.504143572
    2.265308766   28.763814538
    2.277794029   29.029771578
    2.290279293   29.301869132
    2.302764556   29.579994089
    2.315249819   29.864060496
    2.327735082   30.158357389
    2.340220345   30.453827153
    2.352705609   30.755102379
    2.365190872   31.062163575
    2.377652666   31.374405062
    2.390137930   31.688667433
    2.402623193   32.014052450
    2.415108456   32.344447109
    2.427593719   32.680560387
    2.440078982   33.022364464
    2.452564246   33.367075105
    2.465049509   33.720318861
    2.477534772   34.079005441
    2.490020035   34.442950098
    2.502505298   34.811865168
    2.514990562   35.185295097
    2.527452356   35.561785333
    2.539937619   35.941493369
    2.552422883   36.321438812
    2.564908146   36.697198511
    2.577393409   37.059337667
    2.589878672   37.385841009
    2.602561068   37.041605059
    2.615284112   36.700494735
    2.627966507   36.364751428
    2.640689552   36.032226720
    2.653371947   35.705048901
    2.666094991   35.381124014
    2.678777387   35.062524988
    2.691500431   34.747212476
    2.704182826   34.437204022
    2.716905870   34.130515018
    2.729588266   33.829109439
    2.742311310   33.531053702
    2.754993706   33.238238874
    2.767716750   32.948825680
    2.780399145   32.664647461
    2.793122189   32.383884436
    2.805804585   32.108332385
    2.818527629   31.836226634
    2.831210024   31.569307471
    2.843933069   31.305865396
    2.856615464   31.047585183
    2.869338508   30.792812568
    2.882020904   30.543176794
    2.894743948   30.297078881
    2.907426343   30.056092525
    2.920149387   29.818674079
    2.932831783   29.586341672
    2.945554827   29.357607033
    2.958237222   29.133932710
    2.970960267   28.913885842
    2.983642662   28.698873383
    2.996365706   28.487517916
    3.009048102   28.281170785
    3.021771146   28.078510048
    3.034453541   27.880831426
    3.047176586   27.686868479
    3.059858981   27.497861290
    3.072582025   27.312598948
    3.085264421   27.132265885
    3.097987465   26.955706742
    3.110669860   26.784050286
    3.123392904   26.616196733
    3.136075300   26.453219176
    3.148798344   26.294073418
    3.161480739   26.139776871
    3.174203784   25.989340944
    3.186886179   25.843727354
    3.199609223   25.702003132
    3.212291619   25.565074294
    3.225014663   25.432039481
    3.237697058   25.303796843
    3.250420103   25.179500858
    3.263102498   25.059946111
    3.275825542   24.944366574
    3.288507938   24.833501116
    3.301230982   25.019283613
    3.313913377   25.008427135
    3.326636421   24.910142104
    3.339318817   25.203777189
    3.352041861   25.633419249
    3.364724256   26.063605435
    3.377447301   26.496511299
    3.390129696   26.928686059
    3.402852740   27.362077751
    3.415535136   27.795077734
    3.428258180   28.224735802
    3.440940575   28.648936000
    3.453663620   29.067856616
    3.466346015   29.473022093
    3.479069059   29.822130163
    3.491751455   29.973925749
    3.504474499   30.107439060
    3.517156894   30.256964109
    3.529879938   30.423355891
    3.542562334   30.602890457
    3.555285378   30.797143149
    3.567967773   30.988627511
    3.580690818   31.170037937
    3.593373213   31.313522540
    3.606096257   31.372377562
    3.618675088   31.286721412
    3.631237324   31.087386556
    3.643816155   30.844196491
    3.656378391   30.588978619
    3.668957222   30.332792475
    3.681519458   30.084218073
    3.694098289   29.840870620
    3.706677120   29.614349077
    3.719239356   29.402229484
    3.731818187   29.205584705
    3.744380423   29.026371609
    3.756959254   28.865384457
    3.769521490   28.721990300
    3.782100321   28.601367304
    3.794679152   28.501574376
    3.807241388   28.422836518
    3.819820219   28.364552609
    3.832382455   28.325624322
    3.844961286   28.190899439
    3.857540116   27.889456472
    3.870102353   27.590142410
    3.882681183   27.288677726
    3.895243419   26.988992683
    3.907822250   26.690865019
    3.920384486   26.395552075
    3.932963317   26.102680922
    3.945542148   25.812833460
    3.958104384   25.527039820
    3.970683215   25.244687424
    3.983245451   24.975274381
    3.995824282   25.032855331
    4.008386518   25.090172869
    4.020965349   25.143324714
    4.033544180   24.948847936
    4.046106416   24.689610214
    4.058685247   24.648683904
    4.071247483   24.691714572
    4.083826314   24.734022167
    4.096388550   24.775413382
    4.108967381   24.815920388
    4.121546212   24.855415181
    4.134108448   24.893779546
    4.146687279   24.931051026
    4.159249515   24.967071868
    4.171828346   25.001881915
    4.184390582   25.035338164
    4.196969413   25.067481867
    4.209548243   25.098224026
    4.222110480   25.127487170
    4.234689310   25.155312150
    4.247251546   25.181592408
    4.259830377   25.200233077
    4.272409208   25.223091048
    4.284971444   25.244319550
    4.297550275   25.263953163
    4.310112511   25.281920836
    4.322691342   25.298253200
    4.335253578   25.312892384
    4.347832409   25.325864214
    4.360411240   25.337137200
    4.372973476   25.346690511
    4.385552307   25.354541651
    4.398114543   25.360663682
    4.410693374   25.365067974
    4.423255610   25.365836533
    4.435834441   25.366703533
    0.000000000   31.372379917
    0.012626074   31.388162928
    0.025228680   31.435140235
    0.037854755   31.261347033
    0.050480829   30.952232486
    0.063083435   30.613095700
    0.075709510   30.273563976
    0.088312115   29.928416677
    0.100938190   29.579499451
    0.113564264   29.229325917
    0.126166870   28.880368304
    0.138792945   28.532110351
    0.151419019   28.186014766
    0.164021625   27.843369802
    0.176647699   27.503441429
    0.189273774   27.167334155
    0.201876380   26.836065218
    0.214502454   26.508759406
    0.227105060   26.186955377
    0.239731135   25.871727685
    0.252357209   25.559742522
    0.264959815   25.254060132
    0.277585889   24.953769886
    0.290211964   24.659656906
    0.302814570   24.372442991
    0.315440644   24.091571721
    0.328043250   23.817520525
    0.340669324   23.549791712
    0.353295399   23.289017060
    0.365898005   23.035763056
    0.378524079   22.789184976
    0.391150154   22.549868582
    0.403752760   22.318360501
    0.416378834   22.093931959
    0.429004908   21.877155152
    0.441607514   21.668534414
    0.454233589   21.467396859
    0.466836195   21.274571995
    0.479462269   21.089401385
    0.492088344   20.912290181
    0.504690949   20.743119358
    0.517317024   20.582277497
    0.529943098   20.429425180
    0.542545704   20.284862960
    0.555171779   20.147997042
    0.567797853   20.019030070
    0.580400459   19.898087271
    0.593026533   19.784606546
    0.605629139   19.678879215
    0.618255214   19.580361280
    0.630881288   19.489086678
    0.643483894   19.405016076
    0.656109969   19.327627751
    0.668736043   19.256856407
    0.681338649   19.192568319
    0.693964723   19.132915765
    0.706590798   19.080349271
    0.719193404   19.033377668
    0.731819478   18.991502202
    0.744422084   18.954587489
    0.757048158   18.922051787
    0.769674233   18.893619181
    0.782276839   18.868927245
    0.794902913   18.847456539
    0.807528988   18.825084684
    0.820131594   18.808577931
    0.832757668   18.793862191
    0.845383742   18.779905271
    0.857986348   18.767120132
    0.870612423   18.754385182
    0.883215029   18.741081612
    0.895841103   18.726440068
    0.908467178   18.709706905
    0.921069783   18.690084462
    0.933695858   18.666604117
    0.946321932   18.638349346
    0.958924538   18.604402173
    0.971550613   18.571333089
    0.984153219   18.523227411
    0.996779293   18.466493973
    1.009405367   18.400608765
    1.022007973   18.325472023
    1.034634048   18.241056143
    1.047260122   18.148379020
    1.059862728   18.047559884
    1.072488803   17.944143599
    1.085114877   17.839497596
    1.097717483   17.737419145
    1.110343557   17.641481920
    1.122946163   17.556082080
    1.135572238   17.484769514
    1.148198312   17.431121799
    1.160800918   17.397851463
    1.173426992   17.386543831
    1.186005823   17.395083985
    1.198568059   17.420577580
    1.211146890   17.462850888
    1.223709126   17.521406504
    1.236287957   17.595887917
    1.248850193   17.685489291
    1.261429024   17.789765348
    1.274007855   17.907880120
    1.286570091   18.038904852
    1.299148922   18.182440701
    1.311711158   18.340726919
    1.324289989   18.506810020
    1.336852225   18.682914527
    1.349431056   18.868891066
    1.362009887   19.063947668
    1.374572123   19.266941482
    1.387150954   19.478588120
    1.399713190   19.697591740
    1.412292021   19.919100023
    1.424870852   20.155272296
    1.437433088   20.394930032
    1.450011919   20.641200577
    1.462574155   20.893175224
    1.475152986   21.151284552
    1.487715222   21.414633996
    1.500294053   21.683723821
    1.512872883   21.958029854
    1.525435119   22.237013711
    1.538013950   22.521257100
    1.550576186   22.809863812
    1.563155017   23.103456720
    1.575717253   23.401126690
    1.588296084   23.696260324
    1.600874915   24.009496853
    1.613437151   24.319462279
    1.626015982   24.633792332
    1.638578218   24.951519991
    1.651157049   25.273339835
    1.663719285   25.598248706
    1.676298116   25.926938498
    1.688876947   26.261603798
    1.701439183   26.595950617
    1.714018014   26.933474110
    1.726580250   27.273030150
    1.739159081   27.615225997
    1.751721317   27.958824264
    1.764300148   28.304334059
    1.776878979   28.650681946
    1.789441215   28.604331842
    1.802020046   28.776712123
    1.814582282   28.871598396
    1.827161113   28.599003393
    1.839739943   28.333279268
    1.852302180   28.075955152
    1.864881010   27.827551225
    1.877443246   27.590087868
    1.890022077   27.364510445
    1.902584313   27.152735562
    1.915163144   26.957222030
    1.927741975   26.780065364
    1.940304211   26.623957574
    1.952883042   26.491109233
    1.965445278   26.384477152
    1.978024109   26.306184244
    1.990586345   26.258399212
    2.003165176   26.242291649
    2.015650439   26.251107856
    2.028135702   26.277463879
    2.040620966   26.321087262
    2.053106229   26.381545068
    2.065591492   26.458265694
    2.078053287   26.550385456
    2.090538550   26.659294317
    2.103023813   26.780514468
    2.115509076   26.914983106
    2.127994340   27.061918064
    2.140479603   27.220570799
    2.152964866   27.390240626
    2.165450129   27.570282491
    2.177935392   27.769515859
    2.190420656   27.967828494
    2.202905919   28.174982085
    2.215391182   28.390574184
    2.227852977   28.613827814
    2.240338240   28.845283842
    2.252823503   29.084272590
    2.265308766   29.330576193
    2.277794029   29.584010780
    2.290279293   29.844421730
    2.302764556   30.111679376
    2.315249819   30.385675095
    2.327735082   30.670516893
    2.340220345   30.957430678
    2.352705609   31.250852188
    2.365190872   31.550723996
    2.377652666   31.856411895
    2.390137930   32.164880973
    2.402623193   32.484774903
    2.415108456   32.810200415
    2.427593719   33.141786438
    2.440078982   33.479452713
    2.452564246   33.820485438
    2.465049509   34.170186663
    2.477534772   34.525529930
    2.490020035   34.886247434
    2.502505298   35.251951297
    2.514990562   35.622061274
    2.527452356   35.994971256
    2.539937619   36.370624244
    2.552422883   36.745810554
    2.564908146   37.115935782
    2.577393409   37.388267535
    2.589878672   37.385898480
    2.602561068   37.449900023
    2.615284112   37.107896768
    2.627966507   36.771291004
    2.640689552   36.437927782
    2.653371947   36.109939733
    2.666094991   35.785226735
    2.678777387   35.465865841
    2.691500431   35.149811950
    2.704182826   34.839086527
    2.716905870   34.531699585
    2.729588266   34.229618663
    2.742311310   33.930905487
    2.754993706   33.637455313
    2.767716750   33.347422478
    2.780399145   33.062644527
    2.793122189   32.781297260
    2.805804585   32.505179650
    2.818527629   32.232522875
    2.831210024   31.965070253
    2.843933069   31.701108391
    2.856615464   31.442324938
    2.869338508   31.187061972
    2.882020904   30.936951463
    2.894743948   30.690390996
    2.907426343   30.448956849
    2.920149387   30.211102147
    2.932831783   29.978347468
    2.945554827   29.749201505
    2.958237222   29.525129124
    2.970960267   29.304694614
    2.983642662   29.089307118
    2.996365706   28.877586543
    3.009048102   28.670886304
    3.021771146   28.467881944
    3.034453541   28.269871138
    3.047176586   28.075585088
    3.059858981   27.886265720
    3.072582025   27.700699911
    3.085264421   27.520073829
    3.097987465   27.343230042
    3.110669860   27.171298951
    3.123392904   27.003178831
    3.136075300   26.839944311
    3.148798344   26.680549381
    3.161480739   26.526012888
    3.174203784   26.375344553
    3.186886179   26.229507436
    3.199609223   26.087566996
    3.212291619   25.950430500
    3.225014663   25.817195744
    3.237697058   25.688760827
    3.250420103   25.564279479
    3.263102498   25.444547362
    3.275825542   25.328797206
    3.288507938   25.217768861
    3.301230982   25.110750848
    3.313913377   25.442169334
    3.326636421   25.869484996
    3.339318817   26.291842540
    3.352041861   26.723735421
    3.364724256   27.155934739
    3.377447301   27.590546647
    3.390129696   28.023932975
    3.402852740   28.457608875
    3.415535136   28.888579960
    3.428258180   29.306845642
    3.440940575   29.628021077
    3.453663620   29.720363640
    3.466346015   29.793576141
    3.479069059   29.904913934
    3.491751455   30.047835724
    3.504474499   30.179433004
    3.517156894   30.325449220
    3.529879938   30.487192686
    3.542562334   30.660729401
    3.555285378   30.847293120
    3.567967773   31.028150996
    3.580690818   31.195293860
    3.593373213   31.322358721
    3.606096257   31.372379917
    3.618675088   31.352806720
    3.631237324   31.295177390
    3.643816155   31.202158485
    3.656378391   31.078241431
    3.668957222   30.926757154
    3.681519458   30.727985358
    3.694098289   30.494944575
    3.706677120   30.275505243
    3.719239356   30.067541594
    3.731818187   29.872658183
    3.744380423   29.693113835
    3.756959254   29.529822644
    3.769521490   29.381627307
    3.782100321   29.220820696
    3.794679152   29.055112956
    3.807241388   28.901134950
    3.819820219   28.759275226
    3.832382455   28.489639167
    3.844961286   28.302214971
    3.857540116   28.281915239
    3.870102353   28.234315776
    3.882681183   28.150682010
    3.895243419   28.008689009
    3.907822250   27.755879638
    3.920384486   27.468905741
    3.932963317   27.176877815
    3.945542148   26.885356918
    3.958104384   26.596740628
    3.970683215   26.310889300
    3.983245451   26.029055998
    3.995824282   25.750871971
    4.008386518   25.477401777
    4.020965349   25.206432065
    4.033544180   25.213870092
    4.046106416   25.269870955
    4.058685247   25.325263287
    4.071247483   25.379755566
    4.083826314   25.433375086
    4.096388550   25.485872520
    4.108967381   25.537284788
    4.121546212   25.587445692
    4.134108448   25.636201228
    4.146687279   25.683595295
    4.159249515   25.729423505
    4.171828346   25.773732793
    4.184390582   25.816337447
    4.196969413   25.857286574
    4.209548243   25.896463001
    4.222110480   25.933764810
    4.234689310   25.969240886
    4.247251546   26.002752363
    4.259830377   26.028537036
    4.272409208   26.057792473
    4.284971444   26.084969955
    4.297550275   26.110111661
    4.310112511   26.133124391
    4.322691342   26.154045667
    4.335253578   26.172799736
    4.347832409   26.189418243
    4.360411240   26.203859590
    4.372973476   26.216096020
    4.385552307   26.226149052
    4.398114543   26.233983467
    4.410693374   26.239613255
    4.423255610   26.241178768
    4.435834441   26.242291649
    0.000000000   31.809162307
    0.012626074   31.732095372
    0.025228680   31.532594332
    0.037854755   31.512740251
    0.050480829   31.619735054
    0.063083435   31.754304227
    0.075709510   31.815040934
    0.088312115   31.617773987
    0.100938190   31.406084680
    0.113564264   31.181589375
    0.126166870   30.955056679
    0.138792945   30.726578231
    0.151419019   30.500117529
    0.164021625   30.279441360
    0.176647699   30.066955217
    0.189273774   29.866203313
    0.201876380   29.680530409
    0.214502454   29.512098293
    0.227105060   29.364143894
    0.239731135   29.240508629
    0.252357209   29.138713821
    0.264959815   29.062641637
    0.277585889   29.012664140
    0.290211964   28.988985605
    0.302814570   28.991058249
    0.315440644   29.019155881
    0.328043250   29.069048141
    0.340669324   29.141117789
    0.353295399   29.233731609
    0.365898005   29.345088671
    0.378524079   29.474123377
    0.391150154   29.619262637
    0.403752760   29.778938057
    0.416378834   29.952617066
    0.429004908   30.139011321
    0.441607514   30.336852952
    0.454233589   30.546094903
    0.466836195   30.765268662
    0.479462269   30.994577805
    0.492088344   31.233078679
    0.504690949   31.478388396
    0.517317024   31.733610601
    0.529943098   31.996696761
    0.542545704   32.266779749
    0.555171779   32.544537124
    0.567797853   32.829167248
    0.580400459   33.119834821
    0.593026533   33.417344948
    0.605629139   33.720311928
    0.618255214   34.029542714
    0.630881288   34.343918544
    0.643483894   34.658368331
    0.656109969   34.401499510
    0.668736043   33.869386012
    0.681338649   33.339319300
    0.693964723   32.810629794
    0.706590798   32.285845891
    0.719193404   31.765813801
    0.731819478   31.248931255
    0.744422084   30.737483445
    0.757048158   30.229769767
    0.769674233   29.727163596
    0.782276839   29.230922080
    0.794902913   28.739552691
    0.807528988   28.252530805
    0.820131594   27.774898618
    0.832757668   27.303415133
    0.845383742   26.835984241
    0.857986348   26.381040790
    0.870612423   25.933944078
    0.883215029   25.497040461
    0.895841103   25.069477882
    0.908467178   24.652958092
    0.921069783   24.249216658
    0.933695858   23.857871739
    0.946321932   23.480945796
    0.958924538   23.120488582
    0.971550613   22.779233410
    0.984153219   22.454501817
    0.996779293   22.149721537
    1.009405367   21.867086675
    1.022007973   21.608443421
    1.034634048   21.373893477
    1.047260122   21.164558445
    1.059862728   20.980142289
    1.072488803   20.820766406
    1.085114877   20.685238183
    1.097717483   20.572400415
    1.110343557   20.480280703
    1.122946163   20.407637753
    1.135572238   20.352727837
    1.148198312   20.314458375
    1.160800918   20.291921287
    1.173426992   20.284455292
    1.186005823   20.291851768
    1.198568059   20.314031562
    1.211146890   20.351138254
    1.223709126   20.403204533
    1.236287957   20.470529262
    1.248850193   20.553106445
    1.261429024   20.651712747
    1.274007855   20.765540779
    1.286570091   20.894908749
    1.299148922   21.040150798
    1.311711158   21.201508989
    1.324289989   21.377799547
    1.336852225   21.568960092
    1.349431056   21.775114456
    1.362009887   21.995556262
    1.374572123   22.228990096
    1.387150954   22.476210271
    1.399713190   22.735589845
    1.412292021   23.006514308
    1.424870852   23.289973418
    1.437433088   23.582606583
    1.450011919   23.885317305
    1.462574155   24.196566709
    1.475152986   24.516416321
    1.487715222   24.843236470
    1.500294053   25.177066539
    1.512872883   25.516602764
    1.525435119   25.860440003
    1.538013950   26.208442349
    1.550576186   26.558518650
    1.563155017   26.910244448
    1.575717253   27.261113990
    1.588296084   27.607958433
    1.600874915   27.952475216
    1.613437151   28.288959703
    1.626015982   28.615041248
    1.638578218   28.925604781
    1.651157049   29.216296231
    1.663719285   29.480279395
    1.676298116   29.711532919
    1.688876947   29.906378291
    1.701439183   30.052544279
    1.714018014   30.150796258
    1.726580250   30.097523031
    1.739159081   29.793390080
    1.751721317   29.491761629
    1.764300148   29.192451130
    1.776878979   28.896622505
    1.789441215   28.997827279
    1.802020046   29.150680897
    1.814582282   29.125828719
    1.827161113   29.473456773
    1.839739943   29.507888599
    1.852302180   29.397978040
    1.864881010   29.293473741
    1.877443246   29.194931237
    1.890022077   29.103194175
    1.902584313   29.004104848
    1.915163144   28.928496954
    1.927741975   28.861989766
    1.940304211   28.805103851
    1.952883042   28.758047285
    1.965445278   28.721222220
    1.978024109   28.694739427
    1.990586345   28.678812824
    2.003165176   28.673485257
    2.015650439   28.693513374
    2.028135702   28.753119005
    2.040620966   28.850919156
    2.053106229   28.984773186
    2.065591492   29.151982511
    2.078053287   29.349115357
    2.090538550   29.583612435
    2.103023813   29.831719452
    2.115509076   30.100769283
    2.127994340   30.387907092
    2.140479603   30.683628905
    2.152964866   30.999236187
    2.165450129   31.325616975
    2.177935392   31.666321271
    2.190420656   32.008050301
    2.202905919   32.354800461
    2.215391182   32.704885647
    2.227852977   33.056032774
    2.240338240   33.408008763
    2.252823503   33.758624315
    2.265308766   33.977386874
    2.277794029   34.091356786
    2.290279293   34.210482157
    2.302764556   34.334751406
    2.315249819   34.464144987
    2.327735082   34.599201708
    2.340220345   34.738811901
    2.352705609   34.883454425
    2.365190872   35.033085501
    2.377652666   35.187357191
    2.390137930   35.345951121
    2.402623193   35.510898429
    2.415108456   35.679809878
    2.427593719   35.853285692
    2.440078982   36.031141369
    2.452564246   36.210704664
    2.465049509   36.396281007
    2.477534772   36.585148411
    2.490020035   36.776532359
    2.502505298   36.969167766
    2.514990562   37.160843319
    2.527452356   37.347019584
    2.539937619   37.423757020
    2.552422883   37.407206445
    2.564908146   37.395372689
    2.577393409   37.471969216
    2.589878672   37.385956857
    2.602561068   37.515194814
    2.615284112   37.560565759
    2.627966507   37.542851065
    2.640689552   37.486459360
    2.653371947   37.408686339
    2.666094991   37.319018615
    2.678777387   37.223716214
    2.691500431   37.125522482
    2.704182826   37.027108665
    2.716905870   36.929153676
    2.729588266   36.834921461
    2.742311310   36.740849267
    2.754993706   36.647819849
    2.767716750   36.559138919
    2.780399145   36.473874937
    2.793122189   36.391633329
    2.805804585   36.312281756
    2.818527629   36.236918326
    2.831210024   36.165308165
    2.843933069   36.097014875
    2.856615464   36.032499859
    2.869338508   35.971298626
    2.882020904   35.913783636
    2.894743948   35.859548571
    2.907426343   35.808882042
    2.920149387   35.767641409
    2.932831783   35.723646010
    2.945554827   35.681185919
    2.958237222   35.643064043
    2.970960267   35.607087826
    2.983642662   35.573739815
    2.996365706   35.542492999
    3.009048102   35.513100522
    3.021771146   35.484865314
    3.034453541   35.456416718
    3.047176586   35.425622686
    3.059858981   35.388099774
    3.072582025   35.332431905
    3.085264421   35.231170587
    3.097987465   35.021687880
    3.110669860   34.732176922
    3.123392904   34.413876191
    3.136075300   34.091487936
    3.148798344   33.771037754
    3.161480739   33.457896197
    3.174203784   33.151719574
    3.186886179   32.855448901
    3.199609223   32.567873506
    3.212291619   32.291377147
    3.225014663   32.024178943
    3.237697058   31.769597618
    3.250420103   31.525783041
    3.263102498   31.294783055
    3.275825542   31.075642919
    3.288507938   30.870330792
    3.301230982   30.678313602
    3.313913377   30.501116426
    3.326636421   30.338596265
    3.339318817   30.192512020
    3.352041861   30.062893159
    3.364724256   29.951505200
    3.377447301   29.858691580
    3.390129696   29.786215188
    3.402852740   29.735028959
    3.415535136   29.708381747
    3.428258180   29.712251647
    3.440940575   29.773769697
    3.453663620   29.816446841
    3.466346015   29.881389446
    3.479069059   29.995631310
    3.491751455   30.300507207
    3.504474499   30.645552651
    3.517156894   30.897960139
    3.529879938   31.070488498
    3.542562334   31.232601119
    3.555285378   31.398323640
    3.567967773   31.550210745
    3.580690818   31.681852821
    3.593373213   31.774675076
    3.606096257   31.809162307
    3.618675088   31.754867046
    3.631237324   31.611859801
    3.643816155   31.415692605
    3.656378391   31.193867093
    3.668957222   30.960685813
    3.681519458   30.756575795
    3.694098289   30.569099970
    3.706677120   30.374581967
    3.719239356   30.175262504
    3.731818187   29.974677296
    3.744380423   29.776795279
    3.756959254   29.583935517
    3.769521490   29.397088111
    3.782100321   29.253613021
    3.794679152   29.139306269
    3.807241388   29.010581260
    3.819820219   28.777715294
    3.832382455   28.631672717
    3.844961286   28.518964355
    3.857540116   28.432950261
    3.870102353   28.400655532
    3.882681183   28.383773484
    3.895243419   28.188978161
    3.907822250   28.078126329
    3.920384486   28.009622081
    3.932963317   27.955513136
    3.945542148   27.910009472
    3.958104384   27.873312381
    3.970683215   27.843703684
    3.983245451   27.820669186
    3.995824282   27.803665552
    4.008386518   27.792322505
    4.020965349   27.785911724
    4.033544180   27.785217873
    4.046106416   27.788560875
    4.058685247   27.796213108
    4.071247483   27.807875355
    4.083826314   27.823312828
    4.096388550   27.842230577
    4.108967381   27.864432108
    4.121546212   27.889653576
    4.134108448   27.917618389
    4.146687279   27.948163616
    4.159249515   27.980970781
    4.171828346   28.015884481
    4.184390582   28.052564884
    4.196969413   28.097565858
    4.209548243   28.137060050
    4.222110480   28.177497147
    4.234689310   28.218690626
    4.247251546   28.260222541
    4.259830377   28.299780671
    4.272409208   28.341220845
    4.284971444   28.381967853
    4.297550275   28.427170183
    4.310112511   28.465630200
    4.322691342   28.502289566
    4.335253578   28.536624336
    4.347832409   28.568294464
    4.360411240   28.596827815
    4.372973476   28.621785635
    4.385552307   28.642855322
    4.398114543   28.659646094
    4.410693374   28.671922800
    4.423255610   28.671039770
    4.435834441   28.673485257
    0.000000000   31.809165998
    0.012626074   31.824576949
    0.025228680   31.870467009
    0.037854755   31.946314051
    0.050480829   32.050964177
    0.063083435   31.993697291
    0.075709510   31.816835450
    0.088312115   31.619143136
    0.100938190   31.407209310
    0.113564264   31.182551850
    0.126166870   30.955899218
    0.138792945   30.727325418
    0.151419019   30.500784348
    0.164021625   30.280037422
    0.176647699   30.067486748
    0.189273774   29.866674953
    0.201876380   29.680946059
    0.214502454   29.512461393
    0.227105060   29.364458196
    0.239731135   29.240777884
    0.252357209   29.138942556
    0.264959815   29.062834531
    0.277585889   29.012825856
    0.290211964   28.989120794
    0.302814570   28.991171325
    0.315440644   29.019250770
    0.328043250   29.069128313
    0.340669324   29.141193189
    0.353295399   29.233790146
    0.365898005   29.345139880
    0.378524079   29.474168875
    0.391150154   29.619303745
    0.403752760   29.778975856
    0.416378834   29.952652436
    0.429004908   30.139045004
    0.441607514   30.336885597
    0.454233589   30.546127097
    0.466836195   30.765300977
    0.479462269   30.994610837
    0.492088344   31.233113095
    0.504690949   31.478425062
    0.517317024   31.733650384
    0.529943098   31.996741065
    0.542545704   32.266830455
    0.555171779   32.544597066
    0.567797853   32.829240918
    0.580400459   33.119929875
    0.593026533   33.417475994
    0.605629139   33.720510453
    0.618255214   34.029893661
    0.630881288   34.344758174
    0.643483894   34.663977362
    0.656109969   34.984883603
    0.668736043   34.756870091
    0.681338649   34.231529206
    0.693964723   33.706391211
    0.706590798   33.185153644
    0.719193404   32.668865242
    0.731819478   32.155977108
    0.744422084   31.648774306
    0.757048158   31.145572896
    0.769674233   30.647742794
    0.782276839   30.156533738
    0.794902913   29.670474212
    0.807528988   29.189264418
    0.820131594   28.717474375
    0.832757668   28.252118339
    0.845383742   27.791198520
    0.857986348   27.342925220
    0.870612423   26.902788062
    0.883215029   26.473104390
    0.895841103   26.053041769
    0.908467178   25.644275555
    0.921069783   25.248504856
    0.933695858   24.865345176
    0.946321932   24.496757811
    0.958924538   24.144712885
    0.971550613   23.811697289
    0.984153219   23.495309744
    0.996779293   23.198664947
    1.009405367   22.923801517
    1.022007973   22.672409887
    1.034634048   22.444488729
    1.047260122   22.241044997
    1.059862728   22.061663437
    1.072488803   21.906583845
    1.085114877   21.774585757
    1.097717483   21.664575455
    1.110343557   21.574674874
    1.122946163   21.503718912
    1.135572238   21.450045012
    1.148198312   21.412616480
    1.160800918   21.390566672
    1.173426992   21.383260803
    1.186005823   21.390499017
    1.198568059   21.412204869
    1.211146890   21.448520853
    1.223709126   21.499482466
    1.236287957   21.565387555
    1.248850193   21.646237728
    1.261429024   21.742833832
    1.274007855   21.854336739
    1.286570091   21.981104287
    1.299148922   22.123482120
    1.311711158   22.281756581
    1.324289989   22.454732789
    1.336852225   22.642399794
    1.349431056   22.844901264
    1.362009887   23.061563955
    1.374572123   23.291142778
    1.387150954   23.534412260
    1.399713190   23.789790373
    1.412292021   24.056696114
    1.424870852   24.336088603
    1.437433088   24.624621121
    1.450011919   24.923194782
    1.462574155   25.230273259
    1.475152986   25.545892356
    1.487715222   25.868412214
    1.500294053   26.197832187
    1.512872883   26.532817249
    1.525435119   26.871922289
    1.538013950   27.214941313
    1.550576186   27.559725184
    1.563155017   27.905747420
    1.575717253   28.250408865
    1.588296084   28.590436508
    1.600874915   28.927240317
    1.613437151   29.255065529
    1.626015982   29.571255784
    1.638578218   29.870492176
    1.651157049   30.148188971
    1.663719285   30.397435218
    1.676298116   30.612177357
    1.688876947   30.787827672
    1.701439183   30.707482871
    1.714018014   30.402647332
    1.726580250   30.201465390
    1.739159081   30.208655608
    1.751721317   30.177754083
    1.764300148   30.013870879
    1.776878979   29.723002622
    1.789441215   29.434776659
    1.802020046   29.344663716
    1.814582282   29.690255438
    1.827161113   29.621616374
    1.839739943   29.818622547
    1.852302180   30.152831050
    1.864881010   30.129257157
    1.877443246   30.034993027
    1.890022077   29.947400570
    1.902584313   29.852967003
    1.915163144   29.781004297
    1.927741975   29.717781065
    1.940304211   29.663760330
    1.952883042   29.619112506
    1.965445278   29.584196609
    1.978024109   29.559099827
    1.990586345   29.544011994
    2.003165176   29.538965877
    2.015650439   29.558770380
    2.028135702   29.617710322
    2.040620966   29.714418129
    2.053106229   29.846772911
    2.065591492   30.012104453
    2.078053287   30.207012591
    2.090538550   30.438384213
    2.103023813   30.683652209
    2.115509076   30.949584297
    2.127994340   31.233343123
    2.140479603   31.525586963
    2.152964866   31.837325993
    2.165450129   32.159605085
    2.177935392   32.495656251
    2.190420656   32.832771555
    2.202905919   33.174443265
    2.215391182   33.515467482
    2.227852977   33.665718581
    2.240338240   33.764832074
    2.252823503   33.868566549
    2.265308766   34.106332458
    2.277794029   34.449321372
    2.290279293   34.774212327
    2.302764556   34.921295114
    2.315249819   35.052587782
    2.327735082   35.188988997
    2.340220345   35.329759550
    2.352705609   35.475475349
    2.365190872   35.626103797
    2.377652666   35.781286626
    2.390137930   35.940700211
    2.402623193   36.106337775
    2.415108456   36.275750813
    2.427593719   36.449497863
    2.440078982   36.627317060
    2.452564246   36.806351263
    2.465049509   36.990897010
    2.477534772   37.177922650
    2.490020035   37.366280842
    2.502505298   37.501453651
    2.514990562   37.470882970
    2.527452356   37.445007538
    2.539937619   37.519635330
    2.552422883   37.658175107
    2.564908146   37.716638857
    2.577393409   37.627349375
    2.589878672   37.795055927
    2.602561068   37.515671150
    2.615284112   37.562142225
    2.627966507   37.545623777
    2.640689552   37.490192072
    2.653371947   37.413092672
    2.666094991   37.323870866
    2.678777387   37.228844177
    2.691500431   37.130804063
    2.704182826   37.032453066
    2.716905870   36.934492778
    2.729588266   36.840229262
    2.742311310   36.746056879
    2.754993706   36.652882778
    2.767716750   36.564036233
    2.780399145   36.478582170
    2.793122189   36.396127701
    2.805804585   36.316540777
    2.818527629   36.240925262
    2.831210024   36.169046066
    2.843933069   36.100465469
    2.856615464   36.035626762
    2.869338508   35.974102941
    2.882020904   35.916247513
    2.894743948   35.861650323
    2.907426343   35.810599966
    2.920149387   35.769059796
    2.932831783   35.724627594
    2.945554827   35.681672573
    2.958237222   35.643099005
    2.970960267   35.607699706
    2.983642662   35.575001412
    2.996365706   35.544503168
    3.009048102   35.515986429
    3.021771146   35.488824480
    3.034453541   35.461661247
    3.047176586   35.432436821
    3.059858981   35.396605097
    3.072582025   35.341359082
    3.085264421   35.232661700
    3.097987465   35.041494310
    3.110669860   34.770511009
    3.123392904   34.462312460
    3.136075300   34.145450180
    3.148798344   33.828377387
    3.161480739   33.517494445
    3.174203784   33.212962296
    3.186886179   32.917959817
    3.199609223   32.631422524
    3.212291619   32.355809051
    3.225014663   32.089370837
    3.237697058   31.835509162
    3.250420103   31.592369683
    3.263102498   31.362010479
    3.275825542   31.143489706
    3.288507938   30.938775361
    3.301230982   30.747320520
    3.313913377   30.570676455
    3.326636421   30.408670441
    3.339318817   30.263034487
    3.352041861   30.133766325
    3.364724256   30.022566775
    3.377447301   29.929677436
    3.390129696   29.856669590
    3.402852740   29.804068513
    3.415535136   29.774021719
    3.428258180   29.766653103
    3.440940575   29.839396093
    3.453663620   30.199650390
    3.466346015   30.501154575
    3.479069059   30.599251569
    3.491751455   30.707752047
    3.504474499   30.846203446
    3.517156894   30.991560048
    3.529879938   31.134388577
    3.542562334   31.282565232
    3.555285378   31.436856488
    3.567967773   31.576874876
    3.580690818   31.696363012
    3.593373213   31.778929688
    3.606096257   31.809165998
    3.618675088   31.800808677
    3.631237324   31.775147022
    3.643816155   31.730360738
    3.656378391   31.664281008
    3.668957222   31.573270706
    3.681519458   31.459616067
    3.694098289   31.319536350
    3.706677120   31.160204739
    3.719239356   30.978815528
    3.731818187   30.771785420
    3.744380423   30.536594352
    3.756959254   30.277308388
    3.769521490   29.997974303
    3.782100321   29.715108264
    3.794679152   29.432011095
    3.807241388   29.179994972
    3.819820219   29.049527642
    3.832382455   28.993715254
    3.844961286   28.967551764
    3.857540116   28.963430329
    3.870102353   28.723360476
    3.882681183   28.474079860
    3.895243419   28.490428200
    3.907822250   28.561006189
    3.920384486   28.650371238
    3.932963317   28.755533978
    3.945542148   28.789577068
    3.958104384   28.749334224
    3.970683215   28.716045695
    3.983245451   28.689455198
    3.995824282   28.669124196
    4.008386518   28.654727995
    4.020965349   28.645592681
    4.033544180   28.642449746
    4.046106416   28.643614859
    4.058685247   28.649358019
    4.071247483   28.659370353
    4.083826314   28.673397658
    4.096388550   28.691134254
    4.108967381   28.712367164
    4.121546212   28.736822262
    4.134108448   28.764213108
    4.146687279   28.794366277
    4.159249515   28.826956812
    4.171828346   28.861822510
    4.184390582   28.898618551
    4.196969413   28.943702714
    4.209548243   28.983633431
    4.222110480   29.024658097
    4.234689310   29.066587409
    4.247251546   29.108996061
    4.259830377   29.149608193
    4.272409208   29.192181766
    4.284971444   29.234172781
    4.297550275   29.280396447
    4.310112511   29.320268173
    4.322691342   29.358389553
    4.335253578   29.394200723
    4.347832409   29.427328128
    4.360411240   29.457255680
    4.372973476   29.483497899
    4.385552307   29.505699543
    4.398114543   29.523422702
    4.410693374   29.536395485
    4.423255610   29.536373142
    4.435834441   29.538965877
    0.000000000   32.310524078
    0.012626074   32.350163286
    0.025228680   32.346797051
    0.037854755   32.269453838
    0.050480829   32.147687273
    0.063083435   31.996182025
    0.075709510   31.915390897
    0.088312115   32.100413489
    0.100938190   32.308320128
    0.113564264   32.320061484
    0.126166870   32.088712428
    0.138792945   31.854215474
    0.151419019   31.620338154
    0.164021625   31.390613229
    0.176647699   31.167147774
    0.189273774   30.953246727
    0.201876380   30.752071635
    0.214502454   30.565589369
    0.227105060   30.397084744
    0.239731135   30.250788286
    0.252357209   30.123906188
    0.264959815   30.021186360
    0.277585889   29.943527152
    0.290211964   29.891882704
    0.302814570   29.866454607
    0.315440644   29.868505080
    0.328043250   29.893383678
    0.340669324   29.942273972
    0.353295399   30.013790461
    0.365898005   30.106241995
    0.378524079   30.218463428
    0.391150154   30.348821781
    0.403752760   30.495630565
    0.416378834   30.658146811
    0.429004908   30.834937890
    0.441607514   31.024582899
    0.454233589   31.226846399
    0.466836195   31.440140632
    0.479462269   31.664515446
    0.492088344   31.898920986
    0.504690949   32.141129521
    0.517317024   32.393645380
    0.529943098   32.654584979
    0.542545704   32.923012849
    0.555171779   33.199538292
    0.567797853   33.483308435
    0.580400459   33.773439693
    0.593026533   34.070688631
    0.605629139   34.373615623
    0.618255214   34.682902182
    0.630881288   34.996322676
    0.643483894   34.946621527
    0.656109969   34.994897952
    0.668736043   35.323467621
    0.681338649   35.657678414
    0.693964723   35.994950714
    0.706590798   36.338689433
    0.719193404   36.685842792
    0.731819478   37.037348266
    0.744422084   37.047828486
    0.757048158   37.035450664
    0.769674233   37.024700905
    0.782276839   37.015557261
    0.794902913   37.007939805
    0.807528988   37.001814728
    0.820131594   36.997131239
    0.832757668   36.993807991
    0.845383742   36.974649227
    0.857986348   36.974614371
    0.870612423   36.975739743
    0.883215029   36.977934806
    0.895841103   36.981116557
    0.908467178   36.985186336
    0.921069783   36.990035123
    0.933695858   36.995578558
    0.946321932   37.001703043
    0.958924538   37.008288617
    0.971550613   37.015252108
    0.984153219   37.022456359
    0.996779293   37.029823120
    1.009405367   37.037230795
    1.022007973   37.044559457
    1.034634048   37.051733060
    1.047260122   37.058638219
    1.059862728   37.062284846
    1.072488803   37.068489653
    1.085114877   37.074173246
    1.097717483   37.079251118
    1.110343557   37.083674851
    1.122946163   37.087369771
    1.135572238   37.090300899
    1.148198312   37.092422069
    1.160800918   37.093703785
    1.173426992   37.094133966
    1.186005823   37.093702758
    1.198568059   37.092366211
    1.211146890   37.089984512
    1.223709126   37.086335666
    1.236287957   37.081086745
    1.248850193   37.073831672
    1.261429024   37.065173437
    1.274007855   37.052319544
    1.286570091   37.035599900
    1.299148922   37.014136217
    1.311711158   36.991244594
    1.324289989   36.958093864
    1.336852225   36.917250645
    1.349431056   36.867435645
    1.362009887   36.807493978
    1.374572123   36.735750182
    1.387150954   36.652003193
    1.399713190   36.554898123
    1.412292021   36.441638535
    1.424870852   36.315985968
    1.437433088   36.174091945
    1.450011919   36.016402507
    1.462574155   35.843442406
    1.475152986   35.655121721
    1.487715222   35.452532323
    1.500294053   35.235923515
    1.512872883   35.006481330
    1.525435119   34.765554952
    1.538013950   34.513582923
    1.550576186   34.252319301
    1.563155017   33.982152203
    1.575717253   33.704837192
    1.588296084   33.402218077
    1.600874915   33.122944352
    1.613437151   32.828223283
    1.626015982   32.529293365
    1.638578218   32.227713634
    1.651157049   31.923415824
    1.663719285   31.617912793
    1.676298116   31.311199265
    1.688876947   31.021558393
    1.701439183   30.923866878
    1.714018014   31.004207398
    1.726580250   30.914664032
    1.739159081   30.613430921
    1.751721317   30.316260383
    1.764300148   30.125292707
    1.776878979   30.042919174
    1.789441215   29.947182664
    1.802020046   29.841764081
    1.814582282   29.731195562
    1.827161113   30.036157048
    1.839739943   30.332695350
    1.852302180   30.229405705
    1.864881010   30.485295724
    1.877443246   30.809160108
    1.890022077   31.122867543
    1.902584313   31.422259208
    1.915163144   31.705629122
    1.927741975   31.967825036
    1.940304211   32.203715716
    1.952883042   32.408501588
    1.965445278   32.575890018
    1.978024109   32.700681685
    1.990586345   32.777696988
    2.003165176   32.803810358
    2.015650439   32.806483096
    2.028135702   32.814501049
    2.040620966   32.827863441
    2.053106229   32.846568901
    2.065591492   32.870615740
    2.078053287   32.899941383
    2.090538550   32.934726498
    2.103023813   32.974784547
    2.115509076   33.020174133
    2.127994340   33.070891785
    2.140479603   33.126886049
    2.152964866   33.188232579
    2.165450129   33.254898741
    2.177935392   33.327258231
    2.190420656   33.404660086
    2.202905919   33.487619582
    2.215391182   33.579656163
    2.227852977   33.868455998
    2.240338240   34.214491381
    2.252823503   34.453423578
    2.265308766   34.563410670
    2.277794029   34.679114938
    2.290279293   34.812472089
    2.302764556   35.121773777
    2.315249819   35.443615010
    2.327735082   35.757499347
    2.340220345   36.059402153
    2.352705609   36.349239814
    2.365190872   36.625923716
    2.377652666   36.888024689
    2.390137930   37.127713876
    2.402623193   37.362282722
    2.415108456   37.578382886
    2.427593719   37.778133201
    2.440078982   37.724122762
    2.452564246   37.669505327
    2.465049509   37.620716215
    2.477534772   37.576411692
    2.490020035   37.536642706
    2.502505298   37.554093186
    2.514990562   37.738085493
    2.527452356   37.854193295
    2.539937619   37.832955223
    2.552422883   37.816412587
    2.564908146   37.804583547
    2.577393409   37.797480994
    2.589878672   37.795112628
    2.602561068   37.932206826
    2.615284112   37.997601956
    2.627966507   38.003850118
    2.640689552   37.969474142
    2.653371947   37.909948043
    2.666094991   37.835200167
    2.678777387   37.752156024
    2.691500431   37.664326989
    2.704182826   37.574838638
    2.716905870   37.484803954
    2.729588266   37.397720357
    2.742311310   37.310233917
    2.754993706   37.223268209
    2.767716750   37.140386809
    2.780399145   37.060641277
    2.793122189   36.983725303
    2.805804585   36.909452060
    2.818527629   36.839089664
    2.831210024   36.772337149
    2.843933069   36.708799565
    2.856615464   36.648895282
    2.869338508   36.592236421
    2.882020904   36.539108945
    2.894743948   36.489136350
    2.907426343   36.442557908
    2.920149387   36.405379360
    2.932831783   36.364946665
    2.945554827   36.325423140
    2.958237222   36.289733720
    2.970960267   36.256193738
    2.983642662   36.224630997
    2.996365706   36.194304435
    3.009048102   36.164628596
    3.021771146   36.134300966
    3.034453541   36.101356386
    3.047176586   36.062291070
    3.059858981   36.011044466
    3.072582025   35.934820201
    3.085264421   35.771279037
    3.097987465   35.596890823
    3.110669860   35.359864238
    3.123392904   35.069253105
    3.136075300   34.763885703
    3.148798344   34.453968282
    3.161480739   34.147380991
    3.174203784   33.845321487
    3.186886179   33.551586132
    3.199609223   33.265529113
    3.212291619   32.989881562
    3.225014663   32.723117768
    3.237697058   32.468725987
    3.250420103   32.224991547
    3.263102498   31.994067338
    3.275825542   31.775083654
    3.288507938   31.570074823
    3.301230982   31.378523180
    3.313913377   31.202072616
    3.326636421   31.040555114
    3.339318817   30.895668207
    3.352041861   30.767490409
    3.364724256   30.657664936
    3.377447301   30.566392959
    3.390129696   30.495151606
    3.402852740   30.444344392
    3.415535136   30.416223941
    3.428258180   30.409488074
    3.440940575   30.425763867
    3.453663620   30.467462972
    3.466346015   30.562746076
    3.479069059   30.651676215
    3.491751455   30.750868813
    3.504474499   30.871590300
    3.517156894   31.093019625
    3.529879938   31.398908294
    3.542562334   31.691195412
    3.555285378   31.948892964
    3.567967773   32.154974493
    3.580690818   32.294599880
    3.593373213   32.333672113
    3.606096257   32.310524078
    3.618675088   32.361167884
    3.631237324   32.371484072
    3.643816155   32.283560894
    3.656378391   32.161175917
    3.668957222   32.007940549
    3.681519458   31.828798198
    3.694098289   31.626928481
    3.706677120   31.409741835
    3.719239356   31.184177633
    3.731818187   30.960302912
    3.744380423   30.748842896
    3.756959254   30.550895522
    3.769521490   30.362081107
    3.782100321   30.184288665
    3.794679152   30.015741004
    3.807241388   29.857260733
    3.819820219   29.709059596
    3.832382455   29.572927596
    3.844961286   29.322757053
    3.857540116   29.018952592
    3.870102353   28.978650900
    3.882681183   29.004446937
    3.895243419   29.005142235
    3.907822250   28.952183948
    3.920384486   28.892298774
    3.932963317   28.837787134
    3.945542148   28.874862125
    3.958104384   29.007106615
    3.970683215   29.151761643
    3.983245451   29.307726726
    3.995824282   29.474792929
    4.008386518   29.651978950
    4.020965349   29.839106960
    4.033544180   30.035868711
    4.046106416   30.241423504
    4.058685247   30.456024609
    4.071247483   30.678812984
    4.083826314   30.910114693
    4.096388550   31.149083697
    4.108967381   31.396137719
    4.121546212   31.650771575
    4.134108448   31.912456189
    4.146687279   32.181717956
    4.159249515   32.457692523
    4.171828346   32.740962727
    4.184390582   33.030638363
    4.196969413   33.327331664
    4.209548243   33.630407301
    4.222110480   33.873883893
    4.234689310   33.774684454
    4.247251546   33.675590414
    4.259830377   33.578619631
    4.272409208   33.484848667
    4.284971444   33.394867979
    4.297550275   33.310601116
    4.310112511   33.229570289
    4.322691342   33.153892180
    4.335253578   33.084341160
    4.347832409   33.021292005
    4.360411240   32.965375404
    4.372973476   32.917150566
    4.385552307   32.876945030
    4.398114543   32.845261334
    4.410693374   32.822342340
    4.423255610   32.808422252
    4.435834441   32.803810358
    0.000000000   32.438749986
    0.012626074   32.422217880
    0.025228680   32.369163250
    0.037854755   32.277775991
    0.050480829   32.151793924
    0.063083435   32.182790923
    0.075709510   32.340653924
    0.088312115   32.522278366
    0.100938190   32.548606133
    0.113564264   32.320599481
    0.126166870   32.089107208
    0.138792945   31.854535113
    0.151419019   31.620609223
    0.164021625   31.390849757
    0.176647699   31.167357604
    0.189273774   30.953434546
    0.201876380   30.752240364
    0.214502454   30.565740862
    0.227105060   30.397220383
    0.239731135   30.250909086
    0.252357209   30.124013264
    0.264959815   30.021280795
    0.277585889   29.943610049
    0.290211964   29.891955260
    0.302814570   29.866518075
    0.315440644   29.868560689
    0.328043250   29.893432609
    0.340669324   29.942322605
    0.353295399   30.013828857
    0.365898005   30.106276690
    0.378524079   30.218495183
    0.391150154   30.348851261
    0.403752760   30.495658348
    0.416378834   30.658173400
    0.429004908   30.834963739
    0.441607514   31.024608433
    0.454233589   31.226872034
    0.466836195   31.440166806
    0.479462269   31.664542652
    0.492088344   31.898949811
    0.504690949   32.141160751
    0.517317024   32.393679895
    0.529943098   32.654624214
    0.542545704   32.923058825
    0.555171779   33.199594207
    0.567797853   33.483379654
    0.580400459   33.773536044
    0.593026533   34.070830789
    0.605629139   34.373855370
    0.618255214   34.683421340
    0.630881288   34.998548266
    0.643483894   35.317143792
    0.656109969   35.295952836
    0.668736043   35.325580008
    0.681338649   35.658192942
    0.693964723   35.995179975
    0.706590798   36.338817610
    0.719193404   36.685921231
    0.731819478   37.037438264
    0.744422084   37.398392836
    0.757048158   37.757197506
    0.769674233   37.877145856
    0.782276839   37.864673787
    0.794902913   37.853764391
    0.807528988   37.844400798
    0.820131594   37.836543608
    0.832757668   37.830104482
    0.845383742   37.807993638
    0.857986348   37.804983877
    0.870612423   37.803206245
    0.883215029   37.802585356
    0.895841103   37.803031988
    0.908467178   37.804456972
    0.921069783   37.806759993
    0.933695858   37.809851126
    0.946321932   37.813625394
    0.958924538   37.817970547
    0.971550613   37.822798175
    0.984153219   37.827983625
    0.996779293   37.833443314
    1.009405367   37.839062481
    1.022007973   37.844726965
    1.034634048   37.850357107
    1.047260122   37.855845125
    1.059862728   37.858206738
    1.072488803   37.863252690
    1.085114877   37.867909665
    1.097717483   37.872096265
    1.110343557   37.875762112
    1.122946163   37.878836495
    1.135572238   37.881283066
    1.148198312   37.883057676
    1.160800918   37.884131608
    1.173426992   37.884492320
    1.186005823   37.884129983
    1.198568059   37.882998644
    1.211146890   37.880955868
    1.223709126   37.877773388
    1.236287957   37.873111734
    1.248850193   37.866552924
    1.261429024   37.858688166
    1.274007855   37.846708310
    1.286570091   37.830922051
    1.299148922   37.810430267
    1.311711158   37.788510856
    1.324289989   37.756321317
    1.336852225   37.716385552
    1.349431056   37.667392453
    1.362009887   37.608151692
    1.374572123   37.536956674
    1.387150954   37.453579809
    1.399713190   37.356647617
    1.412292021   37.243403001
    1.424870852   37.117526218
    1.437433088   36.975228584
    1.450011919   36.816983925
    1.462574155   36.643358576
    1.475152986   36.454307886
    1.487715222   36.250975705
    1.500294053   36.033659004
    1.512872883   35.803590939
    1.525435119   35.562161678
    1.538013950   35.309841844
    1.550576186   35.048412381
    1.563155017   34.778279762
    1.575717253   34.501211580
    1.588296084   34.199742957
    1.600874915   33.920891307
    1.613437151   33.627103215
    1.626015982   33.329313711
    1.638578218   33.029064097
    1.651157049   32.726263606
    1.663719285   32.422364496
    1.676298116   32.117177481
    1.688876947   31.827033629
    1.701439183   31.522076546
    1.714018014   31.217498958
    1.726580250   31.041253247
    1.739159081   31.038352494
    1.751721317   31.002039369
    1.764300148   30.939474544
    1.776878979   30.857584622
    1.789441215   30.762502987
    1.802020046   30.658931836
    1.814582282   30.551122512
    1.827161113   30.444248353
    1.839739943   30.381121915
    1.852302180   30.711518671
    1.864881010   31.043039570
    1.877443246   31.366583934
    1.890022077   31.680564903
    1.902584313   31.980823990
    1.915163144   32.265593747
    1.927741975   32.529673802
    1.940304211   32.767811657
    1.952883042   32.975032050
    1.965445278   33.144788436
    1.978024109   33.271592203
    1.990586345   33.349963856
    2.003165176   33.376558095
    2.015650439   33.379260866
    2.028135702   33.387368841
    2.040620966   33.400880967
    2.053106229   33.419795592
    2.065591492   33.444110316
    2.078053287   33.473761157
    2.090538550   33.508927766
    2.103023813   33.549424223
    2.115509076   33.595306197
    2.127994340   33.646567946
    2.140479603   33.703152921
    2.152964866   33.765135089
    2.165450129   33.832471940
    2.177935392   33.905520642
    2.190420656   33.983580023
    2.202905919   34.066966702
    2.215391182   34.155670574
    2.227852977   34.249500956
    2.240338240   34.348806367
    2.252823503   34.559679082
    2.265308766   34.902085095
    2.277794029   35.240204871
    2.290279293   35.572617447
    2.302764556   35.897947974
    2.315249819   36.214865965
    2.327735082   36.523138330
    2.340220345   36.819433728
    2.352705609   37.103682586
    2.365190872   37.374864509
    2.377652666   37.631612984
    2.390137930   37.866418897
    2.402623193   37.909843757
    2.415108456   37.843706597
    2.427593719   37.781849688
    2.440078982   37.961619271
    2.452564246   38.078400325
    2.465049509   38.029699689
    2.477534772   37.985463174
    2.490020035   37.945745362
    2.502505298   37.910593946
    2.514990562   37.880050130
    2.527452356   37.911815871
    2.539937619   38.063630748
    2.552422883   38.167541962
    2.564908146   38.176939433
    2.577393409   38.047669043
    2.589878672   37.795170161
    2.602561068   37.932561524
    2.615284112   37.998794903
    2.627966507   38.006068365
    2.640689552   37.972617827
    2.653371947   37.913808277
    2.666094991   37.839576119
    2.678777387   37.756878043
    2.691500431   37.669262926
    2.704182826   37.579883211
    2.716905870   37.489873900
    2.729588266   37.402776330
    2.742311310   37.315192122
    2.754993706   37.228071553
    2.767716750   37.145004043
    2.780399145   37.065039116
    2.793122189   36.987873428
    2.805804585   36.913322242
    2.818527629   36.842659563
    2.831210024   36.775585308
    2.843933069   36.711703193
    2.856615464   36.651434075
    2.869338508   36.594365915
    2.882020904   36.540827498
    2.894743948   36.490416622
    2.907426343   36.443372315
    2.920149387   36.405795877
    2.932831783   36.365069389
    2.945554827   36.326146487
    2.958237222   36.291095830
    2.970960267   36.258265014
    2.983642662   36.227492997
    2.996365706   36.198063344
    3.009048102   36.169406799
    3.021771146   36.140253813
    3.034453541   36.108600410
    3.047176586   36.070838359
    3.059858981   36.020401486
    3.072582025   35.943075752
    3.085264421   35.808572342
    3.097987465   35.608057392
    3.110669860   35.384755490
    3.123392904   35.105196701
    3.136075300   34.806715952
    3.148798344   34.501391524
    3.161480739   34.197998020
    3.174203784   33.898285868
    3.186886179   33.606343536
    3.199609223   33.321721375
    3.212291619   33.047256254
    3.225014663   32.781474672
    3.237697058   32.527971339
    3.250420103   32.285035230
    3.263102498   32.054836909
    3.275825542   31.836526322
    3.288507938   31.632142295
    3.301230982   31.441161316
    3.313913377   31.265251918
    3.326636421   31.104226542
    3.339318817   30.959766068
    3.352041861   30.831937191
    3.364724256   30.722351585
    3.377447301   30.631176513
    3.390129696   30.559841886
    3.402852740   30.508688916
    3.415535136   30.480045382
    3.428258180   30.472199649
    3.440940575   30.486696949
    3.453663620   30.525269695
    3.466346015   30.652959440
    3.479069059   31.032336301
    3.491751455   31.422317677
    3.504474499   31.800645295
    3.517156894   32.158108993
    3.529879938   32.489357459
    3.542562334   32.777230964
    3.555285378   32.928602387
    3.567967773   32.781819523
    3.580690818   32.596976921
    3.593373213   32.472273177
    3.606096257   32.438749986
    3.618675088   32.422550390
    3.631237324   32.435741961
    3.643816155   32.488698476
    3.656378391   32.536636789
    3.668957222   32.588223624
    3.681519458   32.642751542
    3.694098289   32.658368477
    3.706677120   32.484979475
    3.719239356   32.244820330
    3.731818187   31.985129704
    3.744380423   31.713086479
    3.756959254   31.431002763
    3.769521490   31.136244318
    3.782100321   30.840771975
    3.794679152   30.540990269
    3.807241388   30.238531697
    3.819820219   29.933696802
    3.832382455   29.628336529
    3.844961286   29.446804707
    3.857540116   29.332458913
    3.870102353   29.231473572
    3.882681183   29.147926165
    3.895243419   29.117736842
    3.907822250   29.167858425
    3.920384486   29.250072165
    3.932963317   29.350676717
    3.945542148   29.466484394
    3.958104384   29.595883837
    3.970683215   29.738230642
    3.983245451   29.892364340
    3.995824282   30.058025189
    4.008386518   30.234197559
    4.020965349   30.420693695
    4.033544180   30.617128566
    4.046106416   30.822642532
    4.058685247   31.037474289
    4.071247483   31.260740880
    4.083826314   31.492748749
    4.096388550   31.732631575
    4.108967381   31.980793429
    4.121546212   32.236714305
    4.134108448   32.499851649
    4.146687279   32.770726534
    4.159249515   33.048463553
    4.171828346   33.333645934
    4.184390582   33.625377198
    4.196969413   33.924278609
    4.209548243   33.978868290
    4.222110480   33.942487430
    4.234689310   34.256517996
    4.247251546   34.276533878
    4.259830377   34.177275788
    4.272409208   34.081122406
    4.284971444   33.988689819
    4.297550275   33.901938209
    4.310112511   33.818404702
    4.322691342   33.740246737
    4.335253578   33.668286323
    4.347832409   33.602937141
    4.360411240   33.544881874
    4.372973476   33.494732949
    4.385552307   33.452863593
    4.398114543   33.419828679
    4.410693374   33.395909625
    4.423255610   33.381376790
    4.435834441   33.376558095
    0.000000000   32.608683715
    0.012626074   32.664151714
    0.025228680   32.866403830
    0.037854755   33.147890101
    0.050480829   33.274082286
    0.063083435   33.139617907
    0.075709510   32.962180447
    0.088312115   32.763176884
    0.100938190   32.549244552
    0.113564264   32.530016583
    0.126166870   32.777060620
    0.138792945   33.042128681
    0.151419019   33.323346454
    0.164021625   33.618882825
    0.176647699   33.928713562
    0.189273774   34.251305412
    0.201876380   34.585148306
    0.214502454   34.930714930
    0.227105060   35.286045242
    0.239731135   35.651867669
    0.252357209   36.027005868
    0.264959815   36.410276416
    0.277585889   36.802699683
    0.290211964   37.203208995
    0.302814570   37.610717502
    0.315440644   38.026801823
    0.328043250   38.287804125
    0.340669324   38.237905184
    0.353295399   38.187743095
    0.365898005   38.137570151
    0.378524079   38.087331994
    0.391150154   38.037247425
    0.403752760   37.987529588
    0.416378834   37.938110024
    0.429004908   37.889194523
    0.441607514   37.840981054
    0.454233589   37.793394466
    0.466836195   37.746711426
    0.479462269   37.700853524
    0.492088344   37.655999374
    0.504690949   37.602670370
    0.517317024   37.559854191
    0.529943098   37.518292209
    0.542545704   37.478129374
    0.555171779   37.439282140
    0.567797853   37.401887295
    0.580400459   37.366065372
    0.593026533   37.110934020
    0.605629139   36.568264574
    0.618255214   36.026058318
    0.630881288   35.487499791
    0.643483894   35.324632851
    0.656109969   35.648029181
    0.668736043   35.979003603
    0.681338649   36.314512703
    0.693964723   36.653193734
    0.706590798   36.998215886
    0.719193404   37.077038430
    0.731819478   37.061364995
    0.744422084   37.398456499
    0.757048158   37.757267240
    0.769674233   38.119041023
    0.782276839   38.482827637
    0.794902913   38.849654908
    0.807528988   39.213255107
    0.820131594   39.582644938
    0.832757668   39.953999777
    0.845383742   40.323149764
    0.857986348   40.695092657
    0.870612423   41.067669227
    0.883215029   41.438975384
    0.895841103   41.809827748
    0.908467178   42.178914868
    0.921069783   42.544879620
    0.933695858   42.908341018
    0.946321932   43.267794279
    0.958924538   43.621678949
    0.971550613   43.975029157
    0.984153219   44.315434188
    0.996779293   44.648204927
    1.009405367   44.971334638
    1.022007973   45.282736114
    1.034634048   45.581885140
    1.047260122   45.866322432
    1.059862728   46.116440886
    1.072488803   46.365831158
    1.085114877   46.593919446
    1.097717483   46.797663068
    1.110343557   46.974864124
    1.122946163   47.121498941
    1.135572238   47.234135825
    1.148198312   47.308996335
    1.160800918   47.348199639
    1.173426992   47.359934617
    1.186005823   47.345936801
    1.198568059   47.281593866
    1.211146890   47.152195356
    1.223709126   46.968496534
    1.236287957   46.739013164
    1.248850193   46.471287440
    1.261429024   46.175598437
    1.274007855   45.847834957
    1.286570091   45.498339927
    1.299148922   45.130424062
    1.311711158   44.748946507
    1.324289989   44.355523349
    1.336852225   43.954111913
    1.349431056   43.545930202
    1.362009887   43.133459069
    1.374572123   42.717331403
    1.387150954   42.301036512
    1.399713190   41.885447891
    1.412292021   41.470567960
    1.424870852   41.060024835
    1.437433088   40.651173576
    1.450011919   40.245860007
    1.462574155   39.845955709
    1.475152986   39.451176309
    1.487715222   39.063321444
    1.500294053   38.682132038
    1.512872883   38.308918463
    1.525435119   37.944999768
    1.538013950   37.590337104
    1.550576186   37.246900786
    1.563155017   36.914977261
    1.575717253   36.596847044
    1.588296084   36.293064740
    1.600874915   36.007209868
    1.613437151   35.740861135
    1.626015982   35.497063669
    1.638578218   35.280414318
    1.651157049   35.095176029
    1.663719285   34.947525050
    1.676298116   34.843358277
    1.688876947   34.793901179
    1.701439183   34.794051337
    1.714018014   34.851231830
    1.726580250   34.963970613
    1.739159081   35.127676551
    1.751721317   35.334499568
    1.764300148   35.576437971
    1.776878979   35.844759543
    1.789441215   36.131342859
    1.802020046   36.430203385
    1.814582282   36.734770819
    1.827161113   37.043290950
    1.839739943   37.345852425
    1.852302180   37.631546815
    1.864881010   37.916558249
    1.877443246   38.187588093
    1.890022077   38.442437285
    1.902584313   38.676622957
    1.915163144   38.890820492
    1.927741975   39.081117545
    1.940304211   39.245351262
    1.952883042   39.382264011
    1.965445278   39.490091906
    1.978024109   39.568014364
    1.990586345   39.615030720
    2.003165176   39.630784127
    2.015650439   39.639967624
    2.028135702   39.667496754
    2.040620966   39.713321428
    2.053106229   39.777304586
    2.065591492   39.859311205
    2.078053287   39.958940692
    2.090538550   40.076353221
    2.103023813   40.211066395
    2.115509076   40.144211372
    2.127994340   40.050876063
    2.140479603   39.952758844
    2.152964866   39.850801732
    2.165450129   39.745879843
    2.177935392   39.639168755
    2.190420656   39.530597753
    2.202905919   39.421271403
    2.215391182   39.311787449
    2.227852977   39.202887389
    2.240338240   39.094641835
    2.252823503   38.987687524
    2.265308766   38.882410146
    2.277794029   38.779154653
    2.290279293   38.678229614
    2.302764556   38.579911171
    2.315249819   38.484446603
    2.327735082   38.392335736
    2.340220345   38.303145999
    2.352705609   38.217422766
    2.365190872   38.135324775
    2.377652666   38.057138226
    2.390137930   37.980087688
    2.402623193   38.095908180
    2.415108456   38.252096982
    2.427593719   38.190347793
    2.440078982   38.132845767
    2.452564246   38.125167205
    2.465049509   38.276134147
    2.477534772   38.411061239
    2.490020035   38.530273135
    2.502505298   38.634147986
    2.514990562   38.723088842
    2.527452356   38.797368955
    2.539937619   38.857635878
    2.552422883   38.904049237
    2.564908146   38.936883748
    2.577393409   38.907198702
    2.589878672   38.948614324
    2.602561068   38.829255223
    2.615284112   38.698265132
    2.627966507   38.570393628
    2.640689552   38.445480807
    2.653371947   38.324813044
    2.666094991   38.208054532
    2.678777387   38.096351097
    2.691500431   37.989356108
    2.704182826   37.888090880
    2.716905870   37.792216153
    2.729588266   37.703131820
    2.742311310   37.619363689
    2.754993706   37.541753797
    2.767716750   37.471305942
    2.780399145   37.407931619
    2.793122189   37.351377303
    2.805804585   37.302128005
    2.818527629   37.259964729
    2.831210024   37.225242624
    2.843933069   37.197807202
    2.856615464   37.177879718
    2.869338508   37.165369522
    2.882020904   37.160366248
    2.894743948   37.162834096
    2.907426343   37.172737294
    2.920149387   37.190116786
    2.932831783   37.214783379
    2.945554827   37.246441307
    2.958237222   37.285658438
    2.970960267   37.332128894
    2.983642662   37.385435158
    2.996365706   37.445764373
    3.009048102   37.512460211
    3.021771146   37.546419597
    3.034453541   37.150710841
    3.047176586   36.763466078
    3.059858981   36.394233544
    3.072582025   36.054061117
    3.085264421   35.822948802
    3.097987465   35.650433829
    3.110669860   35.545670927
    3.123392904   35.507008828
    3.136075300   35.486218636
    3.148798344   35.473460276
    3.161480739   35.465201802
    3.174203784   35.459629943
    3.186886179   35.455748492
    3.199609223   35.452812793
    3.212291619   35.450270381
    3.225014663   35.440728901
    3.237697058   35.437121489
    3.250420103   35.432406865
    3.263102498   35.426104892
    3.275825542   35.417627327
    3.288507938   35.406435547
    3.301230982   35.392143687
    3.313913377   35.373386238
    3.326636421   35.349638641
    3.339318817   35.314186439
    3.352041861   35.277770855
    3.364724256   35.233635855
    3.377447301   35.180317974
    3.390129696   35.116899998
    3.402852740   35.041658075
    3.415535136   34.986786520
    3.428258180   34.882769320
    3.440940575   34.763775916
    3.453663620   34.628247972
    3.466346015   34.476664526
    3.479069059   34.308195249
    3.491751455   34.124698110
    3.504474499   33.926547555
    3.517156894   33.717549125
    3.529879938   33.500740620
    3.542562334   33.288706250
    3.555285378   33.130633087
    3.567967773   32.931297105
    3.580690818   32.752493607
    3.593373213   32.638318580
    3.606096257   32.608683715
    3.618675088   32.657373964
    3.631237324   32.822308135
    3.643816155   33.073154853
    3.656378391   33.254134230
    3.668957222   33.137296405
    3.681519458   32.962029510
    3.694098289   32.804042078
    3.706677120   32.825623771
    3.719239356   32.905794338
    3.731818187   32.999497534
    3.744380423   33.101943722
    3.756959254   33.211835420
    3.769521490   33.304055819
    3.782100321   33.424265228
    3.794679152   33.548808999
    3.807241388   33.676442999
    3.819820219   33.806366662
    3.832382455   33.937867693
    3.844961286   34.068470725
    3.857540116   34.197363054
    3.870102353   34.324040340
    3.882681183   34.445467968
    3.895243419   34.560685704
    3.907822250   34.668508446
    3.920384486   34.767209803
    3.932963317   34.855697789
    3.945542148   34.930793112
    3.958104384   34.994694278
    3.970683215   35.045309831
    3.983245451   35.081998793
    3.995824282   35.104632731
    4.008386518   35.113207951
    4.020965349   35.103341344
    4.033544180   35.085838315
    4.046106416   35.055307800
    4.058685247   35.013227259
    4.071247483   34.960683414
    4.083826314   34.898575141
    4.096388550   34.828128476
    4.108967381   34.750220664
    4.121546212   34.665983244
    4.134108448   34.576546783
    4.146687279   34.482640547
    4.159249515   34.385429809
    4.171828346   34.285530457
    4.184390582   34.184035209
    4.196969413   34.081484540
    4.209548243   34.229733941
    4.222110480   34.479087068
    4.234689310   34.377788315
    4.247251546   34.578136447
    4.259830377   34.903511784
    4.272409208   35.237366355
    4.284971444   35.576503958
    4.297550275   35.923062672
    4.310112511   36.273106172
    4.322691342   36.628673228
    4.335253578   36.988487350
    4.347832409   37.353034097
    4.360411240   37.721153193
    4.372973476   38.091242194
    4.385552307   38.462269765
    4.398114543   38.829075511
    4.410693374   39.182088656
    4.423255610   39.485662557
    4.435834441   39.630784127
    0.000000000   33.502912362
    0.012626074   33.521700837
    0.025228680   33.506064925
    0.037854755   33.425504901
    0.050480829   33.301580654
    0.063083435   33.145494353
    0.075709510   32.964464230
    0.088312115   32.764377646
    0.100938190   32.726733635
    0.113564264   32.945052802
    0.126166870   33.188514090
    0.138792945   33.450036158
    0.151419019   33.727815319
    0.164021625   34.020061527
    0.176647699   34.326762704
    0.189273774   34.646408496
    0.201876380   34.977504364
    0.214502454   35.320518739
    0.227105060   35.673503543
    0.239731135   36.037178292
    0.252357209   36.410368954
    0.264959815   36.791891063
    0.277585889   37.182751850
    0.290211964   37.581874575
    0.302814570   37.988116708
    0.315440644   38.336350580
    0.328043250   38.448895105
    0.340669324   38.878694051
    0.353295399   39.149560005
    0.365898005   39.097009415
    0.378524079   39.044083865
    0.391150154   38.991218176
    0.403752760   38.938648780
    0.416378834   38.886302720
    0.429004908   38.834394888
    0.441607514   38.783132237
    0.454233589   38.732431342
    0.466836195   38.682583514
    0.479462269   38.633501677
    0.492088344   38.585373492
    0.504690949   38.528801848
    0.517317024   38.482622964
    0.529943098   38.437658256
    0.542545704   38.394062665
    0.555171779   38.351743515
    0.567797853   38.198772704
    0.580400459   37.655333568
    0.593026533   37.331732576
    0.605629139   37.299060415
    0.618255214   36.907324602
    0.630881288   36.368036484
    0.643483894   35.833939521
    0.656109969   35.651212346
    0.668736043   35.979536978
    0.681338649   36.314727491
    0.693964723   36.653304795
    0.706590798   36.998244558
    0.719193404   37.346722470
    0.731819478   37.699745377
    0.744422084   37.907098422
    0.757048158   37.891327091
    0.769674233   38.119059926
    0.782276839   38.482851281
    0.794902913   38.849678210
    0.807528988   39.213279820
    0.820131594   39.582675569
    0.832757668   39.954030521
    0.845383742   40.323179775
    0.857986348   40.695124270
    0.870612423   41.067703951
    0.883215029   41.439014511
    0.895841103   41.809872722
    0.908467178   42.178967445
    0.921069783   42.544942015
    0.933695858   42.908416167
    0.946321932   43.267886061
    0.958924538   43.621792552
    0.971550613   43.975171281
    0.984153219   44.315615101
    0.996779293   44.648438769
    1.009405367   44.971641711
    1.022007973   45.283146068
    1.034634048   45.582443054
    1.047260122   45.867097606
    1.059862728   46.117514532
    1.072488803   46.367393478
    1.085114877   46.596262525
    1.097717483   46.801300622
    1.110343557   46.980756811
    1.122946163   47.131494024
    1.135572238   47.251759516
    1.148198312   47.339233057
    1.160800918   47.392286274
    1.173426992   47.410127577
    1.186005823   47.392447639
    1.198568059   47.340167869
    1.211146890   47.255083104
    1.223709126   47.140395503
    1.236287957   46.999496546
    1.248850193   46.836740213
    1.261429024   46.657350895
    1.274007855   46.459113717
    1.286570091   46.220363835
    1.299148922   45.875108690
    1.311711158   45.493282551
    1.324289989   45.096769166
    1.336852225   44.692032318
    1.349431056   44.280749063
    1.362009887   43.865556873
    1.374572123   43.447178443
    1.387150954   43.029058886
    1.399713190   42.612101311
    1.412292021   42.196293774
    1.424870852   41.785258517
    1.437433088   41.376376126
    1.450011919   40.971475046
    1.462574155   40.572429144
    1.475152986   40.178964100
    1.487715222   39.792888999
    1.500294053   39.413968447
    1.512872883   39.043536914
    1.525435119   38.682943389
    1.538013950   38.332202903
    1.550576186   37.993333236
    1.563155017   37.666706674
    1.575717253   37.354682904
    1.588296084   37.057996626
    1.600874915   36.780202548
    1.613437151   36.523230059
    1.626015982   36.290268909
    1.638578218   36.086088172
    1.651157049   35.915144860
    1.663719285   35.783614514
    1.676298116   35.697224936
    1.688876947   35.666459427
    1.701439183   35.685468231
    1.714018014   35.760328300
    1.726580250   35.888364131
    1.739159081   36.064292884
    1.751721317   36.280042878
    1.764300148   36.527871672
    1.776878979   36.799486158
    1.789441215   37.087263453
    1.802020046   37.385673426
    1.814582282   37.688519229
    1.827161113   37.994272703
    1.839739943   38.293398297
    1.852302180   38.575177805
    1.864881010   38.855815922
    1.877443246   39.122236813
    1.890022077   39.372366060
    1.902584313   39.601847435
    1.915163144   39.811510764
    1.927741975   39.997558881
    1.940304211   40.157955948
    1.952883042   40.291548177
    1.965445278   40.396682031
    1.978024109   40.472614946
    1.990586345   40.518414873
    2.003165176   40.533758469
    2.015650439   40.542994741
    2.028135702   40.567813184
    2.040620966   40.536757099
    2.053106229   40.494083698
    2.065591492   40.440581179
    2.078053287   40.377283399
    2.090538550   40.312492850
    2.103023813   40.231764692
    2.115509076   40.362743269
    2.127994340   40.429395745
    2.140479603   40.334019372
    2.152964866   40.234703073
    2.165450129   40.132299064
    2.177935392   40.027952652
    2.190420656   39.921604503
    2.202905919   39.814338721
    2.215391182   39.706751115
    2.227852977   39.599581752
    2.240338240   39.492912137
    2.252823503   39.387381931
    2.265308766   39.283384501
    2.277794029   39.181273355
    2.290279293   39.081366110
    2.302764556   38.983948178
    2.315249819   38.889276110
    2.327735082   38.797860167
    2.340220345   38.709275124
    2.352705609   38.624074599
    2.365190872   38.542425528
    2.377652666   38.464621216
    2.390137930   38.388003857
    2.402623193   38.318024248
    2.415108456   38.307325670
    2.427593719   38.502745620
    2.440078982   38.682064178
    2.452564246   38.841882553
    2.465049509   38.989429636
    2.477534772   39.121282248
    2.490020035   39.237762283
    2.502505298   39.339236859
    2.514990562   39.426081479
    2.527452356   39.498477285
    2.539937619   39.555683518
    2.552422883   39.283527177
    2.564908146   39.016005034
    2.577393409   38.956453599
    2.589878672   38.962970755
    2.602561068   39.068200565
    2.615284112   39.268865489
    2.627966507   39.260182214
    2.640689552   39.133593445
    2.653371947   39.010990668
    2.666094991   38.892370450
    2.678777387   38.778944150
    2.691500431   38.670372624
    2.704182826   38.567696592
    2.716905870   38.470573620
    2.729588266   38.380457358
    2.742311310   38.295779520
    2.754993706   38.217405392
    2.767716750   38.146404685
    2.780399145   38.082656956
    2.793122189   38.025906818
    2.805804585   37.976644436
    2.818527629   37.934648647
    2.831210024   37.900272293
    2.843933069   37.873362999
    2.856615464   37.854141241
    2.869338508   37.842511885
    2.882020904   37.838566638
    2.894743948   37.842272636
    2.907426343   37.853584757
    2.920149387   37.872550564
    2.932831783   37.898968760
    2.945554827   37.932535188
    2.958237222   37.973823658
    2.970960267   38.022502183
    2.983642662   38.078044660
    2.996365706   38.139738610
    3.009048102   37.951682115
    3.021771146   37.588909143
    3.034453541   37.227378159
    3.047176586   36.841553623
    3.059858981   36.473918336
    3.072582025   36.134068391
    3.085264421   35.860094372
    3.097987465   35.679817185
    3.110669860   35.578502922
    3.123392904   35.530410954
    3.136075300   35.504206544
    3.148798344   35.488228576
    3.161480739   35.477949085
    3.174203784   35.471055623
    3.186886179   35.466315663
    3.199609223   35.462846562
    3.212291619   35.460025069
    3.225014663   35.450407916
    3.237697058   35.446908231
    3.250420103   35.442478950
    3.263102498   35.436635508
    3.275825542   35.428796468
    3.288507938   35.418428174
    3.301230982   35.405185302
    3.313913377   35.387669835
    3.326636421   35.365407273
    3.339318817   35.331627426
    3.352041861   35.297238990
    3.364724256   35.255440716
    3.377447301   35.204811290
    3.390129696   35.144440452
    3.402852740   35.072641907
    3.415535136   35.021606773
    3.428258180   34.921781482
    3.440940575   34.807321601
    3.453663620   34.676652274
    3.466346015   34.530155591
    3.479069059   34.366946562
    3.491751455   34.188734130
    3.504474499   33.995744946
    3.517156894   33.791358162
    3.529879938   33.577379627
    3.542562334   33.360032672
    3.555285378   33.189855196
    3.567967773   33.322334730
    3.580690818   33.459320918
    3.593373213   33.509362312
    3.606096257   33.502912362
    3.618675088   33.526457071
    3.631237324   33.551182615
    3.643816155   33.466852543
    3.656378391   33.463109046
    3.668957222   33.507472782
    3.681519458   33.499609090
    3.694098289   33.505473009
    3.706677120   33.529863065
    3.719239356   33.571655098
    3.731818187   33.629898550
    3.744380423   33.702799080
    3.756959254   33.788717510
    3.769521490   33.862976056
    3.782100321   33.968171433
    3.794679152   34.081206509
    3.807241388   34.200310068
    3.819820219   34.324230714
    3.832382455   34.451900501
    3.844961286   34.580598996
    3.857540116   34.709292856
    3.870102353   34.837181717
    3.882681183   34.961247629
    3.895243419   35.080291425
    3.907822250   35.192982316
    3.920384486   35.297419059
    3.932963317   35.392351909
    3.945542148   35.474669721
    3.958104384   35.545869723
    3.970683215   35.603916096
    3.983245451   35.647956543
    3.995824282   35.677704591
    4.008386518   35.692983290
    4.020965349   35.689490229
    4.033544180   35.677513040
    4.046106416   35.651848881
    4.058685247   35.613937744
    4.071247483   35.564854041
    4.083826314   35.505525195
    4.096388550   35.437204321
    4.108967381   35.360818613
    4.121546212   35.277546204
    4.134108448   35.188569153
    4.146687279   35.094669077
    4.159249515   34.997059933
    4.171828346   34.896401864
    4.184390582   34.793830536
    4.196969413   34.689914940
    4.209548243   34.585673253
    4.222110480   34.544111816
    4.234689310   34.860921672
    4.247251546   35.185406714
    4.259830377   35.513964543
    4.272409208   35.851115763
    4.284971444   36.193823089
    4.297550275   36.544354212
    4.310112511   36.898746212
    4.322691342   37.259211747
    4.335253578   37.624638342
    4.347832409   37.995799355
    4.360411240   38.371971310
    4.372973476   38.752307498
    4.385552307   39.137266179
    4.398114543   39.524765894
    4.410693374   39.913038917
    4.423255610   40.286916751
    4.435834441   40.533758469
    0.000000000   33.628136979
    0.012626074   33.608644219
    0.025228680   33.552339604
    0.037854755   33.471708387
    0.050480829   33.544896416
    0.063083435   33.845269313
    0.075709510   34.182717984
    0.088312115   34.522716914
    0.100938190   34.862152839
    0.113564264   35.193061928
    0.126166870   35.524113561
    0.138792945   35.850295886
    0.151419019   36.170225904
    0.164021625   36.482708604
    0.176647699   36.788400887
    0.189273774   37.086303763
    0.201876380   37.375564939
    0.214502454   37.657024848
    0.227105060   37.929480560
    0.239731135   38.203220028
    0.252357209   38.459467734
    0.264959815   38.529680706
    0.277585889   38.482826900
    0.290211964   38.435099547
    0.302814570   38.386779148
    0.315440644   38.404491328
    0.328043250   38.824824066
    0.340669324   39.202869633
    0.353295399   39.315966785
    0.365898005   39.758200451
    0.378524079   40.207941359
    0.391150154   40.664008364
    0.403752760   40.930487014
    0.416378834   41.092114570
    0.429004908   41.246984805
    0.441607514   41.393415633
    0.454233589   41.527734378
    0.466836195   41.634039820
    0.479462269   41.635555310
    0.492088344   41.342552762
    0.504690949   40.867125676
    0.517317024   40.354010910
    0.529943098   39.822016714
    0.542545704   39.284460425
    0.555171779   38.742500288
    0.567797853   38.310847705
    0.580400459   38.271506186
    0.593026533   37.991171705
    0.605629139   37.448912417
    0.618255214   37.267965485
    0.630881288   37.238542684
    0.643483894   37.210868667
    0.656109969   37.184861157
    0.668736043   37.160588224
    0.681338649   37.138099358
    0.693964723   37.113846981
    0.706590798   37.094614360
    0.719193404   37.346800621
    0.731819478   37.699814079
    0.744422084   38.061784590
    0.757048158   38.422193962
    0.769674233   38.785691308
    0.782276839   39.151281928
    0.794902913   39.520015420
    0.807528988   39.885921463
    0.820131594   40.257461141
    0.832757668   40.631101642
    0.845383742   41.002778730
    0.857986348   41.377307659
    0.870612423   41.752655103
    0.883215029   42.126925961
    0.895841103   42.500969027
    0.908467178   42.873490363
    0.921069783   43.243149937
    0.933695858   43.610605656
    0.946321932   43.974371447
    0.958924538   44.332902171
    0.971550613   44.691271628
    0.984153219   45.037090395
    0.996779293   45.375662886
    1.009405367   45.704952378
    1.022007973   46.022791252
    1.034634048   46.328491196
    1.047260122   46.618982853
    1.059862728   46.872480482
    1.072488803   47.089378142
    1.085114877   47.181737834
    1.097717483   47.245814355
    1.110343557   47.300737065
    1.122946163   47.348357991
    1.135572238   47.390391417
    1.148198312   47.427887990
    1.160800918   47.456780665
    1.173426992   47.467938204
    1.186005823   47.459267987
    1.198568059   47.456752675
    1.211146890   47.477800787
    1.223709126   47.515989366
    1.236287957   47.532523882
    1.248850193   47.258266169
    1.261429024   46.957112620
    1.274007855   46.628078898
    1.286570091   46.309483940
    1.299148922   46.073937518
    1.311711158   45.872053269
    1.324289989   45.662867061
    1.336852225   45.459097963
    1.349431056   45.262524825
    1.362009887   45.075844354
    1.374572123   44.901523537
    1.387150954   44.741352787
    1.399713190   44.597555741
    1.412292021   44.471189714
    1.424870852   44.372301726
    1.437433088   44.285196159
    1.450011919   44.218619406
    1.462574155   44.173044183
    1.475152986   44.148334136
    1.487715222   44.144261697
    1.500294053   44.160291706
    1.512872883   44.195737614
    1.525435119   44.249680691
    1.538013950   44.321344646
    1.550576186   44.409577848
    1.563155017   44.513634165
    1.575717253   44.632268650
    1.588296084   44.763100068
    1.600874915   44.908533977
    1.613437151   45.065374630
    1.626015982   45.233500927
    1.638578218   45.411645878
    1.651157049   45.599479498
    1.663719285   45.795723993
    1.676298116   46.000123266
    1.688876947   46.212150129
    1.701439183   46.429806819
    1.714018014   46.653295718
    1.726580250   46.881194869
    1.739159081   47.113233240
    1.751721317   47.347867921
    1.764300148   47.193594598
    1.776878979   46.686880088
    1.789441215   46.189076672
    1.802020046   45.699550542
    1.814582282   45.220379163
    1.827161113   44.755080458
    1.839739943   44.297969257
    1.852302180   43.853749173
    1.864881010   43.424196495
    1.877443246   43.011819213
    1.890022077   42.617912360
    1.902584313   42.243331512
    1.915163144   41.896944963
    1.927741975   41.580144475
    1.940304211   41.298113890
    1.952883042   41.055528491
    1.965445278   40.858778785
    1.978024109   40.712985514
    1.990586345   40.623383916
    2.003165176   40.593067483
    2.015650439   40.586728448
    2.028135702   40.570702284
    2.040620966   40.616738278
    2.053106229   40.681050676
    2.065591492   40.763419891
    2.078053287   40.745277935
    2.090538550   40.682704104
    2.103023813   40.604716080
    2.115509076   40.519960528
    2.127994340   40.531009325
    2.140479603   40.715352853
    2.152964866   40.915263309
    2.165450129   41.130097151
    2.177935392   41.363542295
    2.190420656   41.606364869
    2.202905919   41.861287461
    2.215391182   42.126824245
    2.227852977   42.400467216
    2.240338240   42.680483053
    2.252823503   42.962331431
    2.265308766   43.239883962
    2.277794029   43.503518471
    2.290279293   43.738057143
    2.302764556   43.920974025
    2.315249819   44.024908084
    2.327735082   44.042029637
    2.340220345   43.950295414
    2.352705609   43.783529580
    2.365190872   43.566949332
    2.377652666   43.320201455
    2.390137930   43.046103621
    2.402623193   42.773415874
    2.415108456   42.492476920
    2.427593719   42.209050105
    2.440078982   41.925297116
    2.452564246   41.639854681
    2.465049509   41.359770347
    2.477534772   41.082833460
    2.490020035   40.809804977
    2.502505298   40.541407634
    2.514990562   40.278377754
    2.527452356   40.020191817
    2.539937619   39.644645274
    2.552422883   39.534388109
    2.564908146   39.313339987
    2.577393409   39.115696874
    2.589878672   38.977939173
    2.602561068   39.084599114
    2.615284112   39.285236781
    2.627966507   39.540140881
    2.640689552   39.851266356
    2.653371947   40.186613434
    2.666094991   40.537439943
    2.678777387   40.894949330
    2.691500431   41.256908992
    2.704182826   41.617335357
    2.716905870   41.974912083
    2.729588266   42.330332687
    2.742311310   42.667371057
    2.754993706   42.982039970
    2.767716750   43.266053117
    2.780399145   43.501903800
    2.793122189   43.670504940
    2.805804585   43.744944880
    2.818527629   43.712070002
    2.831210024   43.568124261
    2.843933069   43.327065369
    2.856615464   43.013991087
    2.869338508   42.649137974
    2.882020904   42.252337190
    2.894743948   41.833443768
    2.907426343   41.403531407
    2.920149387   40.973195947
    2.932831783   40.533748910
    2.945554827   40.092536303
    2.958237222   39.655509446
    2.970960267   39.220879943
    2.983642662   38.792766590
    2.996365706   38.370375545
    3.009048102   38.027569873
    3.021771146   37.627868296
    3.034453541   37.670061566
    3.047176586   37.603318687
    3.059858981   37.252597761
    3.072582025   36.935830566
    3.085264421   36.678967197
    3.097987465   36.501335450
    3.110669860   36.396642300
    3.123392904   36.337342987
    3.136075300   36.302929057
    3.148798344   36.282045586
    3.161480739   36.269200282
    3.174203784   36.261250313
    3.186886179   36.256426507
    3.199609223   36.253484839
    3.212291619   36.251554495
    3.225014663   36.243201419
    3.237697058   36.240848626
    3.250420103   36.237540023
    3.263102498   36.232705009
    3.275825542   36.225703173
    3.288507938   36.215940576
    3.301230982   36.202979229
    3.313913377   36.185486427
    3.326636421   36.162902665
    3.339318817   36.128523692
    3.352041861   36.093094338
    3.364724256   36.049912817
    3.377447301   35.997592476
    3.390129696   35.935311865
    3.402852740   35.861494409
    3.415535136   35.806866942
    3.428258180   35.705350861
    3.440940575   35.589797393
    3.453663620   35.458970238
    3.466346015   35.313642884
    3.479069059   35.153366986
    3.491751455   34.980293860
    3.504474499   34.795191233
    3.517156894   34.601966104
    3.529879938   34.403153289
    3.542562334   34.205199381
    3.555285378   34.015435349
    3.567967773   33.843077255
    3.580690818   33.707180013
    3.593373213   33.640482804
    3.606096257   33.628136979
    3.618675088   33.608759200
    3.631237324   33.552276057
    3.643816155   33.544956712
    3.656378391   33.525490596
    3.668957222   33.751322044
    3.681519458   34.091720218
    3.694098289   34.440700593
    3.706677120   34.806510152
    3.719239356   35.180035495
    3.731818187   35.561056205
    3.744380423   35.947740164
    3.756959254   36.340474851
    3.769521490   36.714824603
    3.782100321   37.116493186
    3.794679152   37.522344815
    3.807241388   37.931422242
    3.819820219   38.344396784
    3.832382455   38.759765485
    3.844961286   39.178196758
    3.857540116   39.598695922
    3.870102353   40.027019736
    3.882681183   40.236407660
    3.895243419   40.352815271
    3.907822250   40.474971140
    3.920384486   40.602561884
    3.932963317   40.735927551
    3.945542148   40.874899772
    3.958104384   41.019273469
    3.970683215   41.169411423
    3.983245451   41.324890005
    3.995824282   41.486082582
    4.008386518   41.652515531
    4.020965349   41.801192165
    4.033544180   42.019493655
    4.046106416   42.199076442
    4.058685247   42.384130168
    4.071247483   42.574046976
    4.083826314   42.769187914
    4.096388550   42.968874279
    4.108967381   43.173443284
    4.121546212   43.382414108
    4.134108448   43.595249333
    4.146687279   43.812219984
    4.159249515   44.032419716
    4.171828346   44.256046546
    4.184390582   44.482070976
    4.196969413   44.710585118
    4.209548243   44.940711792
    4.222110480   45.171479680
    4.234689310   45.402734368
    4.247251546   45.632989890
    4.259830377   45.830754417
    4.272409208   45.456375845
    4.284971444   45.069280098
    4.297550275   44.680382981
    4.310112511   44.276642510
    4.322691342   43.867943108
    4.335253578   43.457358325
    4.347832409   43.045573959
    4.360411240   42.634847094
    4.372973476   42.227630876
    4.385552307   41.825483471
    4.398114543   41.434122907
    4.410693374   41.063405510
    4.423255610   40.741845588
    4.435834441   40.593067483
    0.000000000   33.732670393
    0.012626074   33.766020235
    0.025228680   33.911960506
    0.037854755   34.156847554
    0.050480829   34.449392245
    0.063083435   34.750807310
    0.075709510   35.074524945
    0.088312115   35.402305285
    0.100938190   35.731592132
    0.113564264   36.054158203
    0.126166870   36.378001748
    0.138792945   36.697916081
    0.151419019   37.012296604
    0.164021625   37.319787647
    0.176647699   37.620906754
    0.189273774   37.914579077
    0.201876380   38.199899709
    0.214502454   38.477653863
    0.227105060   38.663498487
    0.239731135   38.620111905
    0.252357209   38.575431556
    0.264959815   38.706704781
    0.277585889   38.945962916
    0.290211964   39.176936276
    0.302814570   39.358550113
    0.315440644   39.307108154
    0.328043250   39.255211239
    0.340669324   39.254024539
    0.353295399   39.690238903
    0.365898005   40.132418447
    0.378524079   40.582032405
    0.391150154   40.762892541
    0.403752760   41.125381409
    0.416378834   41.593647778
    0.429004908   42.046555351
    0.441607514   42.199804599
    0.454233589   42.347638152
    0.466836195   42.486280343
    0.479462269   42.263646504
    0.492088344   42.160948354
    0.504690949   41.784076207
    0.517317024   41.254096078
    0.529943098   40.712872938
    0.542545704   40.170151382
    0.555171779   39.625193081
    0.567797853   39.079812547
    0.580400459   38.535639476
    0.593026533   38.233625977
    0.605629139   38.197395769
    0.618255214   38.162722989
    0.630881288   38.129713307
    0.643483894   38.098454272
    0.656109969   38.068854503
    0.668736043   38.040992966
    0.681338649   38.014929778
    0.693964723   37.987133415
    0.706590798   37.964314380
    0.719193404   37.943288774
    0.731819478   37.923977380
    0.744422084   38.061787273
    0.757048158   38.422213320
    0.769674233   38.785710548
    0.782276839   39.151300248
    0.794902913   39.520033370
    0.807528988   39.885940996
    0.820131594   40.257486053
    0.832757668   40.631127364
    0.845383742   41.002804716
    0.857986348   41.377336037
    0.870612423   41.752687423
    0.883215029   42.126963744
    0.895841103   42.501014141
    0.908467178   42.873545253
    0.921069783   43.243217912
    0.933695858   43.610691417
    0.946321932   43.974481736
    0.958924538   44.333046903
    0.971550613   44.691465118
    0.984153219   45.037357453
    0.996779293   45.376044132
    1.009405367   45.705520178
    1.022007973   46.023686149
    1.034634048   46.330028553
    1.047260122   46.622041059
    1.059862728   46.880067835
    1.072488803   47.137532709
    1.085114877   47.373807937
    1.097717483   47.585690877
    1.110343557   47.770865337
    1.122946163   47.925157089
    1.135572238   48.044988048
    1.148198312   48.125672035
    1.160800918   48.167787072
    1.173426992   48.180176052
    1.186005823   48.165099016
    1.198568059   48.095398484
    1.211146890   47.959315187
    1.223709126   47.768857879
    1.236287957   47.565577223
    1.248850193   47.587398622
    1.261429024   47.436239808
    1.274007855   47.241122562
    1.286570091   47.035020818
    1.299148922   46.823166361
    1.311711158   46.621585700
    1.324289989   46.409955036
    1.336852225   46.203527457
    1.349431056   46.004617649
    1.362009887   45.816133384
    1.374572123   45.640641206
    1.387150954   45.479977983
    1.399713190   45.336388811
    1.412292021   45.210945758
    1.424870852   45.113486658
    1.437433088   45.028605956
    1.450011919   44.964863229
    1.462574155   44.922668547
    1.475152986   44.901832845
    1.487715222   44.902054365
    1.500294053   44.922746465
    1.512872883   44.963158632
    1.525435119   45.022313053
    1.538013950   45.099402931
    1.550576186   45.193226202
    1.563155017   45.303023158
    1.575717253   45.427512572
    1.588296084   45.564130444
    1.600874915   45.715702924
    1.613437151   45.878676717
    1.626015982   46.053034410
    1.638578218   46.237494306
    1.651157049   46.431747201
    1.663719285   46.634504342
    1.676298116   46.845534328
    1.688876947   47.064369617
    1.701439183   47.288909454
    1.714018014   47.519425709
    1.726580250   47.754480713
    1.739159081   47.993708615
    1.751721317   47.707938815
    1.764300148   47.583268392
    1.776878979   47.105857715
    1.789441215   46.605436007
    1.802020046   46.113148560
    1.814582282   45.631090611
    1.827161113   45.162501628
    1.839739943   44.702196225
    1.852302180   44.254727291
    1.864881010   43.821654203
    1.877443246   43.405567569
    1.890022077   43.007746003
    1.902584313   42.629276327
    1.915163144   42.278599218
    1.927741975   41.957411230
    1.940304211   41.671019350
    1.952883042   41.424268210
    1.965445278   41.223805793
    1.978024109   41.075037376
    1.990586345   40.983500315
    2.003165176   40.952508818
    2.015650439   40.946440596
    2.028135702   40.928348828
    2.040620966   40.898565025
    2.053106229   40.857618584
    2.065591492   40.806206424
    2.078053287   40.863421659
    2.090538550   40.981186055
    2.103023813   41.116165068
    2.115509076   41.267972243
    2.127994340   41.436141241
    2.140479603   41.620128977
    2.152964866   41.819301547
    2.165450129   42.032911022
    2.177935392   42.264455542
    2.190420656   42.504642095
    2.202905919   42.755918573
    2.215391182   43.016503423
    2.227852977   43.283496556
    2.240338240   43.554571364
    2.252823503   43.824398964
    2.265308766   44.085760012
    2.277794029   44.327704904
    2.290279293   44.534011485
    2.302764556   44.682979226
    2.315249819   44.752202662
    2.327735082   44.741586324
    2.340220345   44.633768382
    2.352705609   44.460254559
    2.365190872   44.242031840
    2.377652666   43.995767869
    2.390137930   43.722552643
    2.402623193   43.451036451
    2.415108456   43.171004394
    2.427593719   42.888235350
    2.440078982   42.604919861
    2.452564246   42.319564996
    2.465049509   42.039674563
    2.477534772   41.762917540
    2.490020035   41.387077782
    2.502505298   40.926661404
    2.514990562   40.479226015
    2.527452356   40.051813819
    2.539937619   39.775623882
    2.552422883   39.606234426
    2.564908146   39.636516509
    2.577393409   39.593247619
    2.589878672   39.647657117
    2.602561068   39.525435755
    2.615284112   39.393442956
    2.627966507   39.552488461
    2.640689552   39.862985045
    2.653371947   40.197705718
    2.666094991   40.548161896
    2.678777387   40.905566306
    2.691500431   41.267685858
    2.704182826   41.628556162
    2.716905870   41.986912073
    2.729588266   42.343417310
    2.742311310   42.682180147
    2.754993706   42.999315735
    2.767716750   43.286834593
    2.780399145   43.527524892
    2.793122189   43.702554566
    2.805804585   43.784811635
    2.818527629   43.760157435
    2.831210024   43.623510756
    2.843933069   43.388046790
    2.856615464   43.078633767
    2.869338508   42.716306890
    2.882020904   42.321128542
    2.894743948   41.903307806
    2.907426343   41.474128947
    2.920149387   41.044107482
    2.932831783   40.605084620
    2.945554827   40.164194736
    2.958237222   39.727513662
    2.970960267   39.293217063
    2.983642662   38.865366634
    2.996365706   38.442372030
    3.009048102   38.213213208
    3.021771146   38.290584512
    3.034453541   37.981957847
    3.047176586   37.681976476
    3.059858981   37.330793534
    3.072582025   37.012587333
    3.085264421   36.749247403
    3.097987465   36.558717158
    3.110669860   36.440243088
    3.123392904   36.370627148
    3.136075300   36.329456510
    3.148798344   36.304147447
    3.161480739   36.288355079
    3.174203784   36.278391979
    3.186886179   36.272199573
    3.199609223   36.268346786
    3.212291619   36.265861834
    3.225014663   36.257237971
    3.237697058   36.254859936
    3.250420103   36.251756700
    3.263102498   36.247346614
    3.275825542   36.240991049
    3.288507938   36.232097882
    3.301230982   36.220269159
    3.313913377   36.204135860
    3.326636421   36.183190208
    3.339318817   36.150668874
    3.352041861   36.117490402
    3.364724256   36.076904798
    3.377447301   36.027569897
    3.390129696   35.968670166
    3.402852740   35.898670073
    3.415535136   35.848266817
    3.428258180   35.751404294
    3.440940575   35.640899873
    3.453663620   35.515519711
    3.466346015   35.375962974
    3.479069059   35.221775873
    3.491751455   35.055035106
    3.504474499   34.876528667
    3.517156894   34.690120450
    3.529879938   34.498403438
    3.542562334   34.307737791
    3.555285378   34.125145552
    3.567967773   33.959344454
    3.580690818   33.825940631
    3.593373213   33.748894211
    3.606096257   33.732670393
    3.618675088   33.762138448
    3.631237324   33.881540575
    3.643816155   34.096108629
    3.656378391   34.368249920
    3.668957222   34.674552451
    3.681519458   35.003392191
    3.694098289   35.342575195
    3.706677120   35.699781232
    3.719239356   36.066722485
    3.731818187   36.442769787
    3.744380423   36.825778902
    3.756959254   37.215879248
    3.769521490   37.589483376
    3.782100321   37.989995746
    3.794679152   38.395317213
    3.807241388   38.804411464
    3.819820219   39.217886256
    3.832382455   39.634142614
    3.844961286   39.918627605
    3.857540116   40.018756166
    3.870102353   40.125425581
    3.882681183   40.450000905
    3.895243419   40.872911666
    3.907822250   41.296138500
    3.920384486   41.509474897
    3.932963317   41.636233267
    3.945542148   41.768459149
    3.958104384   41.906009314
    3.970683215   42.049252139
    3.983245451   42.197802419
    3.995824282   42.352034682
    4.008386518   42.511512810
    4.020965349   42.653301380
    4.033544180   42.864858357
    4.046106416   43.037603736
    4.058685247   43.215877478
    4.071247483   43.399107520
    4.083826314   43.587654759
    4.096388550   43.780874899
    4.108967381   43.979104582
    4.121546212   44.181887578
    4.134108448   44.388709660
    4.146687279   44.599840686
    4.159249515   44.814403763
    4.171828346   45.032595426
    4.184390582   45.253413239
    4.196969413   45.476947634
    4.209548243   45.702339803
    4.222110480   45.928634737
    4.234689310   46.155675014
    4.247251546   46.188353360
    4.259830377   45.851034339
    4.272409208   46.077169203
    4.284971444   45.767945137
    4.297550275   45.363880176
    4.310112511   44.946790525
    4.322691342   44.525671648
    4.335253578   44.103230005
    4.347832409   43.679664425
    4.360411240   43.256656620
    4.372973476   42.835790330
    4.385552307   42.417032855
    4.398114543   42.002959651
    4.410693374   41.595566343
    4.423255610   41.203276977
    4.435834441   40.952508818
    0.000000000   39.076036112
    0.012626074   39.081475652
    0.025228680   39.080672966
    0.037854755   39.074315504
    0.050480829   39.064583650
    0.063083435   39.051898898
    0.075709510   39.036387147
    0.088312115   39.018173248
    0.100938190   38.997271303
    0.113564264   38.973791604
    0.126166870   38.947881409
    0.138792945   38.919532486
    0.151419019   38.888891423
    0.164021625   38.856127941
    0.176647699   38.821232334
    0.189273774   38.784381340
    0.201876380   38.745770876
    0.214502454   38.705383407
    0.227105060   38.746626081
    0.239731135   39.016655698
    0.252357209   39.269842748
    0.264959815   39.508042751
    0.277585889   39.459109494
    0.290211964   39.409200837
    0.302814570   39.399423743
    0.315440644   39.619932259
    0.328043250   39.827511497
    0.340669324   40.028180405
    0.353295399   40.221826659
    0.365898005   40.408382149
    0.378524079   40.588789480
    0.391150154   41.038105764
    0.403752760   41.499630461
    0.416378834   41.887942978
    0.429004908   42.067835445
    0.441607514   42.546937943
    0.454233589   43.032638775
    0.466836195   42.653512221
    0.479462269   42.585355901
    0.492088344   42.302036946
    0.504690949   42.232884391
    0.517317024   42.356232238
    0.529943098   42.476166888
    0.542545704   42.598638112
    0.555171779   42.721676608
    0.567797853   42.844103149
    0.580400459   42.965297856
    0.593026533   43.085560311
    0.605629139   43.204408827
    0.618255214   43.322311560
    0.630881288   43.439103790
    0.643483894   43.554646235
    0.656109969   43.669452973
    0.668736043   43.783395811
    0.681338649   43.896354006
    0.693964723   43.997797135
    0.706590798   44.110081697
    0.719193404   44.221652123
    0.731819478   44.333001435
    0.744422084   44.448624675
    0.757048158   44.559869760
    0.769674233   44.670892541
    0.782276839   44.781534337
    0.794902913   44.892245051
    0.807528988   44.988235744
    0.820131594   45.099036163
    0.832757668   45.209970560
    0.845383742   45.320486810
    0.857986348   45.431018333
    0.870612423   45.541585877
    0.883215029   45.651702817
    0.895841103   45.761678167
    0.908467178   45.871177212
    0.921069783   45.979837891
    0.933695858   46.087870965
    0.946321932   46.194842746
    0.958924538   46.300288865
    0.971550613   46.413831201
    0.984153219   46.514669993
    0.996779293   46.613350220
    1.009405367   46.709273075
    1.022007973   46.801857086
    1.034634048   46.891106275
    1.047260122   46.976870650
    1.059862728   47.060411874
    1.072488803   47.174676821
    1.085114877   47.386323853
    1.097717483   47.595534830
    1.110343557   47.781246300
    1.122946163   47.938246464
    1.135572238   48.064060328
    1.148198312   48.155870220
    1.160800918   48.211680309
    1.173426992   48.230470908
    1.186005823   48.211856472
    1.198568059   48.156951411
    1.211146890   48.068050145
    1.223709126   47.949310508
    1.236287957   47.806909255
    1.248850193   47.683649750
    1.261429024   47.730522587
    1.274007855   47.819127475
    1.286570091   47.922564120
    1.299148922   48.039124520
    1.311711158   48.168035066
    1.324289989   48.309323869
    1.336852225   48.462547841
    1.349431056   48.627984025
    1.362009887   48.805313500
    1.374572123   48.994022840
    1.387150954   49.194749562
    1.399713190   49.406649100
    1.412292021   49.628024588
    1.424870852   49.862476497
    1.437433088   50.106884217
    1.450011919   50.362137612
    1.462574155   50.627239420
    1.475152986   50.902504450
    1.487715222   51.186740566
    1.500294053   51.480119702
    1.512872883   51.781527275
    1.525435119   51.618835935
    1.538013950   51.445220162
    1.550576186   51.274229025
    1.563155017   51.105664865
    1.575717253   50.940205910
    1.588296084   50.735729893
    1.600874915   50.577673947
    1.613437151   50.423318821
    1.626015982   50.272439550
    1.638578218   50.125586133
    1.651157049   49.982511043
    1.663719285   49.843721280
    1.676298116   49.708970020
    1.688876947   49.579306628
    1.701439183   49.453341720
    1.714018014   49.290568451
    1.726580250   48.757060184
    1.739159081   48.229083632
    1.751721317   48.132069516
    1.764300148   47.616787798
    1.776878979   47.822783776
    1.789441215   48.060089184
    1.802020046   48.296348257
    1.814582282   48.529644106
    1.827161113   48.455103970
    1.839739943   48.382836439
    1.852302180   48.315863213
    1.864881010   48.254041750
    1.877443246   48.197566248
    1.890022077   48.146315518
    1.902584313   48.099820461
    1.915163144   48.059315970
    1.927741975   48.024177005
    1.940304211   47.994455679
    1.952883042   47.970087223
    1.965445278   47.951147095
    1.978024109   47.937593902
    1.990586345   47.929469549
    2.003165176   47.926756252
    2.015650439   47.937575148
    2.028135702   47.969901947
    2.040620966   48.023355613
    2.053106229   48.097328512
    2.065591492   48.191023084
    2.078053287   48.303267283
    2.090538550   48.438530580
    2.103023813   48.586243682
    2.115509076   48.749496341
    2.127994340   48.927165769
    2.140479603   49.118160235
    2.152964866   49.321432594
    2.165450129   49.535984711
    2.177935392   49.763480584
    2.190420656   49.397453598
    2.202905919   49.028219344
    2.215391182   48.666440346
    2.227852977   48.314698510
    2.240338240   47.974294059
    2.252823503   47.649733190
    2.265308766   47.346905861
    2.277794029   47.075162839
    2.290279293   46.849371723
    2.302764556   46.691715243
    2.315249819   46.629186125
    2.327735082   46.681443774
    2.340220345   46.845864284
    2.352705609   47.026314249
    2.365190872   46.479913342
    2.377652666   45.936569927
    2.390137930   45.397894735
    2.402623193   44.868656599
    2.415108456   44.346894443
    2.427593719   43.832891950
    2.440078982   43.326775408
    2.452564246   42.828338434
    2.465049509   42.338890847
    2.477534772   41.858229566
    2.490020035   41.490130266
    2.502505298   41.222076817
    2.514990562   40.958459126
    2.527452356   40.584744643
    2.539937619   40.201758107
    2.552422883   39.878190318
    2.564908146   39.660755317
    2.577393409   39.655569856
    2.589878672   39.661934262
    2.602561068   39.761323083
    2.615284112   39.945388921
    2.627966507   40.192076580
    2.640689552   40.484123913
    2.653371947   40.803987439
    2.666094991   41.142825655
    2.678777387   41.491224211
    2.691500431   41.846257142
    2.704182826   42.201543463
    2.716905870   42.555487876
    2.729588266   42.908323376
    2.742311310   43.244753376
    2.754993706   43.560959663
    2.767716750   43.849620669
    2.780399145   44.094661564
    2.793122189   44.278936217
    2.805804585   44.377142933
    2.818527629   44.374251545
    2.831210024   44.262190221
    2.843933069   44.050098464
    2.856615464   43.760114849
    2.869338508   43.412913763
    2.882020904   43.028874468
    2.894743948   42.619261803
    2.907426343   42.196089398
    2.920149387   41.769683865
    2.932831783   41.334018512
    2.945554827   40.895710797
    2.958237222   40.461171113
    2.970960267   40.028814284
    2.983642662   39.602941047
    2.996365706   39.182220893
    3.009048102   38.770795231
    3.021771146   38.373230494
    3.034453541   38.056933645
    3.047176586   37.759714612
    3.059858981   37.850715739
    3.072582025   37.949214655
    3.085264421   38.053098880
    3.097987465   38.162663995
    3.110669860   38.276887388
    3.123392904   38.396162220
    3.136075300   38.519364779
    3.148798344   38.646887605
    3.161480739   38.777481811
    3.174203784   38.911504499
    3.186886179   39.047571441
    3.199609223   39.185968036
    3.212291619   39.325161739
    3.225014663   39.461710151
    3.237697058   39.601207762
    3.250420103   39.740003189
    3.263102498   39.876214157
    3.275825542   40.009599050
    3.288507938   40.138069378
    3.301230982   40.280692211
    3.313913377   40.397077011
    3.326636421   40.504799877
    3.339318817   40.578531176
    3.352041861   40.661349929
    3.364724256   40.729051191
    3.377447301   40.779932379
    3.390129696   40.811542424
    3.402852740   40.822042536
    3.415535136   40.815201284
    3.428258180   40.777435927
    3.440940575   40.712814542
    3.453663620   40.526192377
    3.466346015   40.276322128
    3.479069059   40.050135877
    3.491751455   39.849961734
    3.504474499   39.673164237
    3.517156894   39.519808951
    3.529879938   39.389899850
    3.542562334   39.283192178
    3.555285378   39.230588699
    3.567967773   39.164168037
    3.580690818   39.117041527
    3.593373213   39.087962688
    3.606096257   39.076036112
    3.618675088   39.083938808
    3.631237324   39.095868843
    3.643816155   39.109868566
    3.656378391   39.128177194
    3.668957222   39.151385574
    3.681519458   39.179591342
    3.694098289   39.189363659
    3.706677120   39.226677790
    3.719239356   39.269077020
    3.731818187   39.316700382
    3.744380423   39.369448476
    3.756959254   39.427487111
    3.769521490   39.433827658
    3.782100321   39.501182114
    3.794679152   39.573906547
    3.807241388   39.651927679
    3.819820219   39.735489245
    3.832382455   39.824453619
    3.844961286   40.054277752
    3.857540116   40.476442643
    3.870102353   40.906604953
    3.882681183   41.162671908
    3.895243419   41.272838481
    3.907822250   41.388745564
    3.920384486   41.718548956
    3.932963317   42.139663720
    3.945542148   42.558482853
    3.958104384   42.921741918
    3.970683215   43.067675563
    3.983245451   43.228670081
    3.995824282   43.406956419
    4.008386518   43.602816321
    4.020965349   43.816870580
    4.033544180   44.053432845
    4.046106416   44.303758917
    4.058685247   44.571935128
    4.071247483   44.856657039
    4.083826314   45.157953898
    4.096388550   45.474220000
    4.108967381   45.805416299
    4.121546212   46.150212083
    4.134108448   46.507153520
    4.146687279   46.876091068
    4.159249515   47.254245776
    4.171828346   47.559519252
    4.184390582   47.468648618
    4.196969413   47.306232565
    4.209548243   47.088148034
    4.222110480   46.823664861
    4.234689310   46.520827982
    4.247251546   46.382007614
    4.259830377   46.564258419
    4.272409208   46.171401993
    4.284971444   46.298912615
    4.297550275   46.515308578
    4.310112511   46.724115727
    4.322691342   46.923986234
    4.335253578   47.112291004
    4.347832409   47.287230794
    4.360411240   47.446094731
    4.372973476   47.586166664
    4.385552307   47.705281635
    4.398114543   47.800730369
    4.410693374   47.870655473
    4.423255610   47.912380371
    4.435834441   47.926756252
    0.000000000   39.087765443
    0.012626074   39.109410831
    0.025228680   39.173298125
    0.037854755   39.277154692
    0.050480829   39.417177229
    0.063083435   39.563813679
    0.075709510   39.761232455
    0.088312115   39.978434270
    0.100938190   39.993634696
    0.113564264   39.969569012
    0.126166870   39.942818392
    0.138792945   39.913472277
    0.151419019   39.881716669
    0.164021625   39.847735004
    0.176647699   39.811517838
    0.189273774   39.773246677
    0.201876380   39.733122057
    0.214502454   39.691122105
    0.227105060   39.647533468
    0.239731135   39.602348054
    0.252357209   39.555775204
    0.264959815   39.514217825
    0.277585889   39.750805395
    0.290211964   39.979312360
    0.302814570   40.199552335
    0.315440644   40.418017452
    0.328043250   40.623857863
    0.340669324   40.823065082
    0.353295399   41.015565882
    0.365898005   41.201343521
    0.378524079   41.381411757
    0.391150154   41.555731143
    0.403752760   41.724283041
    0.416378834   41.968195291
    0.429004908   42.442827095
    0.441607514   42.922516956
    0.454233589   43.139012989
    0.466836195   43.432962649
    0.479462269   42.944727599
    0.492088344   42.831796726
    0.504690949   42.945826971
    0.517317024   43.085453457
    0.529943098   43.214931745
    0.542545704   43.343178968
    0.555171779   43.470124844
    0.567797853   43.595407792
    0.580400459   43.718822439
    0.593026533   43.840907595
    0.605629139   43.961311351
    0.618255214   44.080593127
    0.630881288   44.198640718
    0.643483894   44.315349992
    0.656109969   44.431264916
    0.668736043   44.546272975
    0.681338649   44.660264291
    0.693964723   44.762810956
    0.706590798   44.876079243
    0.719193404   44.988623397
    0.731819478   45.100944075
    0.744422084   45.217459013
    0.757048158   45.329663620
    0.769674233   45.441650821
    0.782276839   45.553262639
    0.794902913   45.664955065
    0.807528988   45.762124032
    0.820131594   45.873916605
    0.832757668   45.985863554
    0.845383742   46.097470977
    0.857986348   46.209055911
    0.870612423   46.320705318
    0.883215029   46.431931118
    0.895841103   46.543048714
    0.908467178   46.653723083
    0.921069783   46.763590796
    0.933695858   46.872866804
    0.946321932   46.981113104
    0.958924538   47.087858157
    0.971550613   47.202838820
    0.984153219   47.305005658
    0.996779293   47.404991615
    1.009405367   47.502150095
    1.022007973   47.595809532
    1.034634048   47.685776803
    1.047260122   47.771296451
    1.059862728   47.851480039
    1.072488803   47.926100918
    1.085114877   47.994383676
    1.097717483   48.055718407
    1.110343557   48.110018775
    1.122946163   48.157183072
    1.135572238   48.198329536
    1.148198312   48.234896805
    1.160800918   48.263975353
    1.173426992   48.275543180
    1.186005823   48.266906088
    1.198568059   48.266820716
    1.211146890   48.290325851
    1.223709126   48.330804330
    1.236287957   48.385408932
    1.248850193   48.453073956
    1.261429024   48.533616078
    1.274007855   48.626755195
    1.286570091   48.732220393
    1.299148922   48.850185024
    1.311711158   48.980264711
    1.324289989   49.122629479
    1.336852225   49.276869422
    1.349431056   49.443274994
    1.362009887   49.621526546
    1.374572123   49.811116234
    1.387150954   50.012622959
    1.399713190   50.225197703
    1.412292021   50.447042435
    1.424870852   50.681894767
    1.437433088   50.926456869
    1.450011919   51.181597619
    1.462574155   51.446250593
    1.475152986   51.720637530
    1.487715222   52.003439885
    1.500294053   51.971902393
    1.512872883   51.794342488
    1.525435119   52.089543031
    1.538013950   52.128318626
    1.550576186   51.960602621
    1.563155017   51.795108124
    1.575717253   51.632515164
    1.588296084   51.431380248
    1.600874915   51.275793536
    1.613437151   51.123729366
    1.626015982   50.974981601
    1.638578218   50.830103170
    1.651157049   50.688860135
    1.663719285   50.551762791
    1.676298116   50.418576656
    1.688876947   50.290387421
    1.701439183   49.830320504
    1.714018014   49.331760408
    1.726580250   49.185392044
    1.739159081   48.655149201
    1.751721317   48.236183590
    1.764300148   48.480749664
    1.776878979   48.726461460
    1.789441215   48.702646611
    1.802020046   48.614999633
    1.814582282   48.532544655
    1.827161113   48.759230908
    1.839739943   48.983339175
    1.852302180   49.037511462
    1.864881010   48.976061362
    1.877443246   48.919913960
    1.890022077   48.868951834
    1.902584313   48.822717463
    1.915163144   48.782428203
    1.927741975   48.747471603
    1.940304211   48.717901380
    1.952883042   48.693654669
    1.965445278   48.674807836
    1.978024109   48.661320691
    1.990586345   48.653235644
    2.003165176   48.650535427
    2.015650439   48.661060776
    2.028135702   48.692519806
    2.040620966   48.744568627
    2.053106229   48.816656851
    2.065591492   48.908058435
    2.078053287   49.017685573
    2.090538550   49.149830557
    2.103023813   49.294458613
    2.115509076   49.454523567
    2.127994340   49.628961992
    2.140479603   49.816730577
    2.152964866   49.914914781
    2.165450129   49.838272816
    2.177935392   49.770354368
    2.190420656   49.705325421
    2.202905919   49.647565917
    2.215391182   49.499124218
    2.227852977   49.157911800
    2.240338240   48.823753504
    2.252823503   48.507845535
    2.265308766   48.217633575
    2.277794029   47.963890042
    2.290279293   47.762546419
    2.302764556   47.634962359
    2.315249819   47.603165870
    2.327735082   47.678862288
    2.340220345   47.592909016
    2.352705609   47.107523556
    2.365190872   46.981934690
    2.377652666   46.437894717
    2.390137930   45.898690405
    2.402623193   45.369112821
    2.415108456   44.847212957
    2.427593719   44.333330440
    2.440078982   43.827673400
    2.452564246   43.330268442
    2.465049509   42.842336224
    2.477534772   42.364056152
    2.490020035   41.896541139
    2.502505298   41.441691095
    2.514990562   41.003958711
    2.527452356   40.706369173
    2.539937619   40.459522505
    2.552422883   40.224334898
    2.564908146   40.005394310
    2.577393409   39.812048229
    2.589878672   39.675674887
    2.602561068   39.776932871
    2.615284112   39.959967674
    2.627966507   40.205471570
    2.640689552   40.496485914
    2.653371947   40.815589696
    2.666094991   41.153949404
    2.678777387   41.502141289
    2.691500431   41.857233340
    2.704182826   42.212858723
    2.716905870   42.567464145
    2.729588266   42.921250860
    2.742311310   43.259219656
    2.754993706   43.577631039
    2.767716750   43.869427027
    2.780399145   44.118790966
    2.793122189   44.308836320
    2.805804585   44.414186177
    2.818527629   44.419085972
    2.831210024   44.314289591
    2.843933069   44.108052940
    2.856615464   43.822249959
    2.869338508   43.477718618
    2.882020904   43.095560984
    2.894743948   42.687228556
    2.907426343   42.264961406
    2.920149387   41.839043594
    2.932831783   41.403948388
    2.945554827   40.966112792
    2.958237222   40.532086312
    2.970960267   40.100272655
    2.983642662   39.674998451
    2.996365706   39.254960749
    3.009048102   38.844301621
    3.021771146   38.446998993
    3.034453541   38.375802767
    3.047176586   38.465609665
    3.059858981   38.561566309
    3.072582025   38.663884612
    3.085264421   38.771630382
    3.097987465   38.885211748
    3.110669860   39.003604030
    3.123392904   39.127238546
    3.136075300   39.254972392
    3.148798344   39.387235528
    3.161480739   39.522757811
    3.174203784   39.661938193
    3.186886179   39.803371185
    3.199609223   39.947390030
    3.212291619   40.092441470
    3.225014663   40.235226657
    3.237697058   40.381137051
    3.250420103   40.526677155
    3.263102498   40.669944685
    3.275825542   40.810767907
    3.288507938   40.947036094
    3.301230982   41.097354167
    3.313913377   41.222355320
    3.326636421   41.339173858
    3.339318817   41.423037163
    3.352041861   41.515884849
    3.364724256   41.594000000
    3.377447301   41.655645838
    3.390129696   41.697918282
    3.402852740   41.704506108
    3.415535136   41.425200364
    3.428258180   41.103682520
    3.440940575   40.805775957
    3.453663620   40.538489302
    3.466346015   40.285071354
    3.479069059   40.055440824
    3.491751455   39.851970892
    3.504474499   39.674450679
    3.517156894   39.523900334
    3.529879938   39.396527155
    3.542562334   39.291981140
    3.555285378   39.241155647
    3.567967773   39.176093934
    3.580690818   39.129870005
    3.593373213   39.100648965
    3.606096257   39.087765443
    3.618675088   39.109231933
    3.631237324   39.159460150
    3.643816155   39.242425049
    3.656378391   39.355438909
    3.668957222   39.494725700
    3.681519458   39.656061225
    3.694098289   39.810619794
    3.706677120   40.005212426
    3.719239356   40.211666402
    3.731818187   40.300235518
    3.744380423   40.349715950
    3.756959254   40.404107467
    3.769521490   40.407206523
    3.782100321   40.470301274
    3.794679152   40.538487666
    3.807241388   40.611709730
    3.819820219   40.690204316
    3.832382455   40.773807142
    3.844961286   40.862780810
    3.857540116   40.957059444
    3.870102353   41.057791100
    3.882681183   41.332182122
    3.895243419   41.758068585
    3.907822250   42.184783380
    3.920384486   42.585424177
    3.932963317   42.691486775
    3.945542148   42.792547358
    3.958104384   42.974957722
    3.970683215   43.385841488
    3.983245451   43.791711100
    3.995824282   44.003553582
    4.008386518   44.186655062
    4.020965349   44.389178510
    4.033544180   44.615257263
    4.046106416   44.856462353
    4.058685247   45.116729486
    4.071247483   45.394744753
    4.083826314   45.690472862
    4.096388550   46.002264960
    4.108967381   46.330006050
    4.121546212   46.672305861
    4.134108448   47.027647793
    4.146687279   47.395823634
    4.159249515   47.610880498
    4.171828346   47.659701638
    4.184390582   48.047500857
    4.196969413   48.168059103
    4.209548243   47.921938949
    4.222110480   47.628703423
    4.234689310   47.299243897
    4.247251546   46.942990486
    4.259830377   46.596433758
    4.272409208   46.819223401
    4.284971444   47.037894207
    4.297550275   47.251532363
    4.310112511   47.457886610
    4.322691342   47.655602246
    4.335253578   47.842051428
    4.347832409   48.015421416
    4.360411240   48.172990863
    4.372973476   48.312027196
    4.385552307   48.430341280
    4.398114543   48.525202277
    4.410693374   48.594727728
    4.423255610   48.636234495
    4.435834441   48.650535427
    0.000000000   39.099797981
    0.012626074   39.114566227
    0.025228680   39.174958717
    0.037854755   39.278014668
    0.050480829   39.417785894
    0.063083435   39.564366162
    0.075709510   39.761905470
    0.088312115   39.981831033
    0.100938190   40.220892394
    0.113564264   40.417864672
    0.126166870   40.684092036
    0.138792945   40.960319781
    0.151419019   41.243899671
    0.164021625   41.532448902
    0.176647699   41.825512653
    0.189273774   42.121290959
    0.201876380   42.418185079
    0.214502454   42.716444439
    0.227105060   43.014263903
    0.239731135   43.324108093
    0.252357209   43.620205458
    0.264959815   43.914550270
    0.277585889   44.207971587
    0.290211964   44.499724627
    0.302814570   44.789137779
    0.315440644   45.092447847
    0.328043250   45.376710956
    0.340669324   45.659601264
    0.353295399   45.940494873
    0.365898005   46.217690503
    0.378524079   46.100250118
    0.391150154   45.628352224
    0.403752760   45.144604830
    0.416378834   44.650268416
    0.429004908   44.148593633
    0.441607514   43.643574433
    0.454233589   43.408949569
    0.466836195   43.523038404
    0.479462269   44.019874730
    0.492088344   44.522155786
    0.504690949   45.021077898
    0.517317024   45.533880288
    0.529943098   46.051895215
    0.542545704   46.574072555
    0.555171779   47.102285160
    0.567797853   47.635493561
    0.580400459   48.172620653
    0.593026533   48.715593397
    0.605629139   49.262317869
    0.618255214   49.814751646
    0.630881288   50.371798252
    0.643483894   50.932321806
    0.656109969   51.498315717
    0.668736043   52.068638070
    0.681338649   52.642104616
    0.693964723   53.076484838
    0.706590798   53.319803295
    0.719193404   53.558132273
    0.731819478   53.791666350
    0.744422084   54.018872602
    0.757048158   54.239530146
    0.769674233   54.452667395
    0.782276839   54.656992710
    0.794902913   54.852307357
    0.807528988   55.033053112
    0.820131594   55.206903133
    0.832757668   55.368747067
    0.845383742   55.516576739
    0.857986348   55.650843324
    0.870612423   55.770444425
    0.883215029   55.874312217
    0.895841103   55.962371735
    0.908467178   56.034138189
    0.921069783   56.089449469
    0.933695858   56.128649129
    0.946321932   56.151972022
    0.958924538   56.159983426
    0.971550613   56.202778829
    0.984153219   56.183365069
    0.996779293   56.151225848
    1.009405367   56.107736693
    1.022007973   56.054540356
    1.034634048   55.993156434
    1.047260122   55.925560057
    1.059862728   55.840495704
    1.072488803   55.757909637
    1.085114877   55.667872430
    1.097717483   55.589415999
    1.110343557   55.522706119
    1.122946163   55.468069779
    1.135572238   55.425315464
    1.148198312   55.394442291
    1.160800918   55.375232442
    1.173426992   55.368430909
    1.186005823   55.363096749
    1.198568059   55.340358224
    1.211146890   55.302439809
    1.223709126   55.249957443
    1.236287957   55.183327133
    1.248850193   55.103387847
    1.261429024   55.010689368
    1.274007855   54.906165819
    1.286570091   54.790867200
    1.299148922   54.665411051
    1.311711158   54.542110645
    1.324289989   54.398322809
    1.336852225   54.247590582
    1.349431056   54.090404000
    1.362009887   53.927810667
    1.374572123   53.758911446
    1.387150954   53.587947524
    1.399713190   53.414108359
    1.412292021   53.226641966
    1.424870852   53.054424797
    1.437433088   52.874105010
    1.450011919   52.692933491
    1.462574155   52.511881708
    1.475152986   52.330927120
    1.487715222   52.150969237
    1.500294053   52.294661546
    1.512872883   52.470237047
    1.525435119   52.298447004
    1.538013950   52.403530063
    1.550576186   52.720289231
    1.563155017   53.035228876
    1.575717253   52.918400293
    1.588296084   52.798498766
    1.600874915   52.684461397
    1.613437151   52.574012501
    1.626015982   52.468431591
    1.638578218   52.368401709
    1.651157049   52.020700259
    1.663719285   51.470845011
    1.676298116   50.919802585
    1.688876947   50.374188479
    1.701439183   50.165746487
    1.714018014   49.720833744
    1.726580250   49.214972148
    1.739159081   49.102740943
    1.751721317   48.995443149
    1.764300148   48.892861385
    1.776878979   48.795203517
    1.789441215   48.971853909
    1.802020046   49.216379377
    1.814582282   49.252787342
    1.827161113   49.175868526
    1.839739943   49.104067858
    1.852302180   49.200152013
    1.864881010   49.408632302
    1.877443246   49.606562643
    1.890022077   49.792756536
    1.902584313   49.960513482
    1.915163144   50.117404389
    1.927741975   50.257242108
    1.940304211   50.378341773
    1.952883042   50.479631431
    1.965445278   50.559640060
    1.978024109   50.617597252
    1.990586345   50.652625681
    2.003165176   50.664372459
    2.015650439   50.655979533
    2.028135702   50.631200200
    2.040620966   50.591177059
    2.053106229   50.537653327
    2.065591492   50.472748082
    2.078053287   50.398944956
    2.090538550   50.334384779
    2.103023813   50.251648380
    2.115509076   50.166558705
    2.127994340   50.081063504
    2.140479603   49.995996641
    2.152964866   50.016819944
    2.165450129   50.145891399
    2.177935392   49.772589343
    2.190420656   49.999015039
    2.202905919   49.875852884
    2.215391182   49.618129561
    2.227852977   49.575788932
    2.240338240   49.551784041
    2.252823503   49.541326438
    2.265308766   49.544981014
    2.277794029   49.563671613
    2.290279293   49.598369539
    2.302764556   49.316754273
    2.315249819   48.734512604
    2.327735082   48.159837864
    2.340220345   47.854015119
    2.352705609   47.534252944
    2.365190872   47.420931837
    2.377652666   47.783941399
    2.390137930   48.154255861
    2.402623193   48.574725532
    2.415108456   49.010883232
    2.427593719   49.461727923
    2.440078982   49.924727123
    2.452564246   50.373035689
    2.465049509   50.852700283
    2.477534772   51.339251210
    2.490020035   51.831353042
    2.502505298   52.327723055
    2.514990562   52.827077281
    2.527452356   53.327141472
    2.539937619   53.828372262
    2.552422883   54.328227509
    2.564908146   54.824733713
    2.577393409   55.314394948
    2.589878672   55.727243122
    2.602561068   55.410585150
    2.615284112   54.974295068
    2.627966507   54.490905630
    2.640689552   53.978694322
    2.653371947   53.452158032
    2.666094991   52.914961958
    2.678777387   52.375654174
    2.691500431   51.835065167
    2.704182826   51.300659434
    2.716905870   50.773225539
    2.729588266   50.287642821
    2.742311310   49.790166224
    2.754993706   49.296423236
    2.767716750   48.866574708
    2.780399145   48.493057720
    2.793122189   48.194379089
    2.805804585   47.988449842
    2.818527629   47.908225152
    2.831210024   47.947827420
    2.843933069   48.092617372
    2.856615464   48.318153630
    2.869338508   48.602903643
    2.882020904   48.927088190
    2.894743948   49.279657537
    2.907426343   49.648645693
    2.920149387   50.030415786
    2.932831783   50.414315431
    2.945554827   50.793220375
    2.958237222   51.170688933
    2.970960267   51.537699059
    2.983642662   51.884704669
    2.996365706   52.204802254
    3.009048102   52.483669395
    3.021771146   52.725769372
    3.034453541   52.882366033
    3.047176586   52.954291809
    3.059858981   52.931079054
    3.072582025   52.811563366
    3.085264421   52.604841281
    3.097987465   52.323857608
    3.110669860   51.985978197
    3.123392904   51.603237711
    3.136075300   51.189414930
    3.148798344   50.750658071
    3.161480739   50.296389730
    3.174203784   49.828716363
    3.186886179   49.354439892
    3.199609223   48.873495862
    3.212291619   48.391312320
    3.225014663   47.886816018
    3.237697058   47.404186766
    3.250420103   46.922211655
    3.263102498   46.445217355
    3.275825542   45.971305640
    3.288507938   45.504609026
    3.301230982   45.062335792
    3.313913377   44.609761777
    3.326636421   44.164819124
    3.339318817   43.707554361
    3.352041861   43.283670847
    3.364724256   42.874045174
    3.377447301   42.477587666
    3.390129696   42.098696624
    3.402852740   41.749459590
    3.415535136   41.447818984
    3.428258180   41.122660733
    3.440940575   40.821567353
    3.453663620   40.631507775
    3.466346015   40.517605250
    3.479069059   40.382291560
    3.491751455   40.228097244
    3.504474499   40.058029409
    3.517156894   39.878465891
    3.529879938   39.694838072
    3.542562334   39.516124118
    3.555285378   39.436748951
    3.567967773   39.294518540
    3.580690818   39.184314715
    3.593373213   39.117486162
    3.606096257   39.099797981
    3.618675088   39.111968288
    3.631237324   39.172430046
    3.643816155   39.274419233
    3.656378391   39.410240765
    3.668957222   39.536426541
    3.681519458   39.720979382
    3.694098289   39.894925557
    3.706677120   40.105207323
    3.719239356   40.254872280
    3.731818187   40.427892081
    3.744380423   40.651085865
    3.756959254   40.879965957
    3.769521490   41.043840884
    3.782100321   41.282702177
    3.794679152   41.465696378
    3.807241388   41.614570324
    3.819820219   41.749657628
    3.832382455   41.890334036
    3.844961286   42.000541589
    3.857540116   42.101905636
    3.870102353   42.213335833
    3.882681183   42.304373622
    3.895243419   42.394690631
    3.907822250   42.487492900
    3.920384486   42.610534755
    3.932963317   43.035687906
    3.945542148   43.447565721
    3.958104384   43.563632508
    3.970683215   43.693044587
    3.983245451   43.839145436
    3.995824282   44.191666923
    4.008386518   44.583175895
    4.020965349   44.959017163
    4.033544180   45.331137079
    4.046106416   45.687648170
    4.058685247   46.028101495
    4.071247483   46.348358316
    4.083826314   46.645357374
    4.096388550   46.913620754
    4.108967381   47.130797948
    4.121546212   47.336592059
    4.134108448   47.488504980
    4.146687279   47.579925496
    4.159249515   47.774100543
    4.171828346   48.123404759
    4.184390582   48.296753719
    4.196969413   48.457810177
    4.209548243   48.712564644
    4.222110480   48.892771189
    4.234689310   49.068924842
    4.247251546   49.239653935
    4.259830377   49.379641749
    4.272409208   49.538664413
    4.284971444   49.690205085
    4.297550275   49.833913923
    4.310112511   49.968635808
    4.322691342   50.093931375
    4.335253578   50.208667923
    4.347832409   50.312351754
    4.360411240   50.404050450
    4.372973476   50.482937997
    4.385552307   50.548557079
    4.398114543   50.600154761
    4.410693374   50.637391398
    4.423255610   50.656841687
    4.435834441   50.664372459
    0.000000000   40.075484786
    0.012626074   40.081075400
    0.025228680   40.080543265
    0.037854755   40.074067149
    0.050480829   40.064051437
    0.063083435   40.050984463
    0.075709510   40.035115377
    0.088312115   40.019014337
    0.100938190   40.221245952
    0.113564264   40.417965581
    0.126166870   40.684099737
    0.138792945   40.960350154
    0.151419019   41.243949054
    0.164021625   41.532508451
    0.176647699   41.825577542
    0.189273774   42.121358255
    0.201876380   42.418252935
    0.214502454   42.716511725
    0.227105060   43.014330017
    0.239731135   43.324172703
    0.252357209   43.620269018
    0.264959815   43.914613499
    0.277585889   44.208035816
    0.290211964   44.499792119
    0.302814570   44.789212429
    0.315440644   45.092536544
    0.328043250   45.376829105
    0.340669324   45.659788928
    0.353295399   45.940889877
    0.365898005   46.219573448
    0.378524079   46.496174128
    0.391150154   46.473628636
    0.403752760   45.989181030
    0.416378834   45.491376659
    0.429004908   44.984439475
    0.441607514   44.471180039
    0.454233589   43.951846278
    0.466836195   43.900222103
    0.479462269   44.398075633
    0.492088344   44.901517194
    0.504690949   45.402284387
    0.517317024   45.916556085
    0.529943098   46.436189937
    0.542545704   46.960135778
    0.555171779   47.490277327
    0.567797853   48.025577224
    0.580400459   48.564960344
    0.593026533   49.110369583
    0.605629139   49.659710816
    0.618255214   50.214961757
    0.630881288   50.775033356
    0.643483894   51.338797546
    0.656109969   51.908275979
    0.668736043   52.482337762
    0.681338649   52.837678769
    0.693964723   53.076488060
    0.706590798   53.319804868
    0.719193404   53.558133491
    0.731819478   53.791667349
    0.744422084   54.018873429
    0.757048158   54.239530798
    0.769674233   54.452667867
    0.782276839   54.656993010
    0.794902913   54.852307670
    0.807528988   55.033054605
    0.820131594   55.206908434
    0.832757668   55.368752251
    0.845383742   55.516580647
    0.857986348   55.650846880
    0.870612423   55.770447994
    0.883215029   55.874315930
    0.895841103   55.962375639
    0.908467178   56.034142296
    0.921069783   56.089453765
    0.933695858   56.128653576
    0.946321932   56.151976543
    0.958924538   56.159987897
    0.971550613   56.202782915
    0.984153219   56.183368421
    0.996779293   56.151227700
    1.009405367   56.107737827
    1.022007973   56.054547650
    1.034634048   55.993177959
    1.047260122   55.925624589
    1.059862728   55.840691210
    1.072488803   55.764349609
    1.085114877   55.688324810
    1.097717483   55.615285458
    1.110343557   55.547544257
    1.122946163   55.487892061
    1.135572238   55.438492396
    1.148198312   55.401550981
    1.160800918   55.378728939
    1.173426992   55.370983104
    1.186005823   55.378591127
    1.198568059   55.400094766
    1.211146890   55.431964441
    1.223709126   55.468934050
    1.236287957   55.505235505
    1.248850193   55.535155481
    1.261429024   55.564221107
    1.274007855   55.473718966
    1.286570091   55.364358469
    1.299148922   55.245122785
    1.311711158   55.128240417
    1.324289989   54.991028398
    1.336852225   54.846908647
    1.349431056   54.696326212
    1.362009887   54.540266252
    1.374572123   54.377843070
    1.387150954   54.213141457
    1.399713190   54.045374422
    1.412292021   53.864042001
    1.424870852   53.697554626
    1.437433088   53.522649520
    1.450011919   53.346655171
    1.462574155   53.170525739
    1.475152986   52.994250791
    1.487715222   52.818715900
    1.500294053   52.643846965
    1.512872883   52.592893005
    1.525435119   52.896289016
    1.538013950   53.203407490
    1.550576186   53.167426617
    1.563155017   53.042243625
    1.575717253   53.340949021
    1.588296084   53.582616690
    1.600874915   53.471497839
    1.613437151   53.363684288
    1.626015982   53.085084090
    1.638578218   52.564770084
    1.651157049   52.274170227
    1.663719285   51.905337916
    1.676298116   51.354151826
    1.688876947   50.807423774
    1.701439183   50.262248665
    1.714018014   50.045382613
    1.726580250   49.929707386
    1.739159081   49.818501300
    1.751721317   49.712137479
    1.764300148   49.610408868
    1.776878979   49.513527625
    1.789441215   49.421675183
    1.802020046   49.334667308
    1.814582282   49.458110952
    1.827161113   49.696307737
    1.839739943   49.929168343
    1.852302180   50.154822470
    1.864881010   50.372199416
    1.877443246   50.578982187
    1.890022077   50.773909961
    1.902584313   50.950095613
    1.915163144   51.115069566
    1.927741975   51.262434781
    1.940304211   51.390321634
    1.952883042   51.497494467
    1.965445278   51.582291593
    1.978024109   51.643799351
    1.990586345   51.681008214
    2.003165176   51.693492148
    2.015650439   51.683330047
    2.028135702   51.653421783
    2.040620966   51.605406894
    2.053106229   51.541677265
    2.065591492   51.465099302
    2.078053287   51.378832003
    2.090538550   51.302171456
    2.103023813   51.206693975
    2.115509076   51.109016635
    2.127994340   51.010425997
    2.140479603   50.885401088
    2.152964866   50.527436456
    2.165450129   50.228268638
    2.177935392   50.453631550
    2.190420656   50.242799511
    2.202905919   50.242078917
    2.215391182   50.482127922
    2.227852977   50.442220421
    2.240338240   50.414642198
    2.252823503   50.400502376
    2.265308766   50.400792902
    2.277794029   50.415730786
    2.290279293   49.906476104
    2.302764556   49.649699219
    2.315249819   49.239207465
    2.327735082   48.663971374
    2.340220345   48.097520307
    2.352705609   48.114159937
    2.365190872   48.430163328
    2.377652666   48.788427777
    2.390137930   49.154445044
    2.402623193   49.569066899
    2.415108456   49.999685430
    2.427593719   50.445065958
    2.440078982   50.902533301
    2.452564246   51.346218516
    2.465049509   51.819124931
    2.477534772   52.296131361
    2.490020035   52.769142345
    2.502505298   53.215041168
    2.514990562   53.630926194
    2.527452356   54.043251755
    2.539937619   54.460576476
    2.552422883   54.877995740
    2.564908146   55.281765437
    2.577393409   55.632008397
    2.589878672   55.799716617
    2.602561068   55.497572866
    2.615284112   55.057311159
    2.627966507   54.570414611
    2.640689552   54.055391739
    2.653371947   53.526562932
    2.666094991   52.987389698
    2.678777387   52.446290488
    2.691500431   51.903972274
    2.704182826   51.367811409
    2.716905870   50.838481692
    2.729588266   50.350718137
    2.742311310   49.850683864
    2.754993706   49.353585596
    2.767716750   48.919622422
    2.780399145   48.540736508
    2.793122189   48.235154886
    2.805804585   48.020884608
    2.818527629   47.932020686
    2.831210024   47.963937275
    2.843933069   48.102800380
    2.856615464   48.324211391
    2.869338508   48.606260742
    2.882020904   48.928700542
    2.894743948   49.280134804
    2.907426343   49.648903217
    2.920149387   50.031149190
    2.932831783   50.415327702
    2.945554827   50.794357385
    2.958237222   51.171817274
    2.970960267   51.538658755
    2.983642662   51.885288495
    2.996365706   52.204890718
    3.009048102   52.484853489
    3.021771146   52.728631200
    3.034453541   52.887674005
    3.047176586   52.962872709
    3.059858981   52.943576832
    3.072582025   52.828265818
    3.085264421   52.625575036
    3.097987465   52.348168382
    3.110669860   52.013302322
    3.123392904   51.632974722
    3.136075300   51.221059518
    3.148798344   50.783806566
    3.161480739   50.330708952
    3.174203784   49.863945382
    3.186886179   49.390360879
    3.199609223   48.909931225
    3.212291619   48.428106148
    3.225014663   47.923743469
    3.237697058   47.441213813
    3.250420103   46.959215301
    3.263102498   46.482074183
    3.275825542   46.007886562
    3.288507938   45.540778184
    3.301230982   45.097870806
    3.313913377   44.644571423
    3.326636421   44.198716599
    3.339318817   43.740316825
    3.352041861   43.315087169
    3.364724256   42.903841083
    3.377447301   42.505398924
    3.390129696   42.123872818
    3.402852740   41.760037009
    3.415535136   41.727959872
    3.428258180   41.701155908
    3.440940575   41.648281333
    3.453663620   41.486520071
    3.466346015   41.244390617
    3.479069059   41.024963694
    3.491751455   40.830310634
    3.504474499   40.657314139
    3.517156894   40.508304219
    3.529879938   40.381932636
    3.542562334   40.277992924
    3.555285378   40.226977123
    3.567967773   40.162112020
    3.580690818   40.115991875
    3.593373213   40.087334776
    3.606096257   40.075484786
    3.618675088   40.083354203
    3.631237324   40.095171345
    3.643816155   40.108488041
    3.656378391   40.125682965
    3.668957222   40.147413099
    3.681519458   40.173827635
    3.694098289   40.181864424
    3.706677120   40.217125428
    3.719239356   40.321904277
    3.731818187   40.535630618
    3.744380423   40.744952022
    3.756959254   40.946235653
    3.769521490   41.124427826
    3.782100321   41.302156484
    3.794679152   41.523079127
    3.807241388   41.763817363
    3.819820219   42.004886800
    3.832382455   42.245143379
    3.844961286   42.484760748
    3.857540116   42.722985959
    3.870102353   42.960342973
    3.882681183   43.050748458
    3.895243419   43.122767570
    3.907822250   43.197278644
    3.920384486   43.277231027
    3.932963317   43.365707469
    3.945542148   43.461216390
    3.958104384   43.878774597
    3.970683215   44.294747930
    3.983245451   44.703863919
    3.995824282   45.100361748
    4.008386518   45.427999588
    4.020965349   45.633340434
    4.033544180   45.859752031
    4.046106416   46.075988379
    4.058685247   46.290446080
    4.071247483   46.502895428
    4.083826314   46.713981056
    4.096388550   46.923125173
    4.108967381   47.148249572
    4.121546212   47.342337766
    4.134108448   47.540069474
    4.146687279   47.741581018
    4.159249515   47.940718840
    4.171828346   48.174799330
    4.184390582   48.400753695
    4.196969413   48.530219528
    4.209548243   48.870631412
    4.222110480   49.288484987
    4.234689310   49.710927272
    4.247251546   50.133394701
    4.259830377   50.360881776
    4.272409208   50.525326116
    4.284971444   50.681737821
    4.297550275   50.830205036
    4.310112511   50.969584597
    4.322691342   51.099411534
    4.335253578   51.218482274
    4.347832409   51.326245157
    4.360411240   51.421687110
    4.372973476   51.503901822
    4.385552307   51.572367003
    4.398114543   51.626254795
    4.410693374   51.665174153
    4.423255610   51.685615978
    4.435834441   51.693492148
    0.000000000   40.088391566
    0.012626074   40.109807133
    0.025228680   40.173005361
    0.037854755   40.275709190
    0.050480829   40.414120409
    0.063083435   40.559027334
    0.075709510   40.754080789
    0.088312115   40.971062529
    0.100938190   41.206761535
    0.113564264   41.401008714
    0.126166870   41.663207956
    0.138792945   41.935169343
    0.151419019   42.214259055
    0.164021625   42.498153709
    0.176647699   42.786431467
    0.189273774   43.077347009
    0.201876380   43.369353475
    0.214502454   43.662721721
    0.227105060   43.955701327
    0.239731135   44.260402613
    0.252357209   44.551858618
    0.264959815   44.841704122
    0.277585889   45.130775596
    0.290211964   45.418357343
    0.302814570   45.703800774
    0.315440644   46.002903050
    0.328043250   46.283620837
    0.340669324   46.563004303
    0.353295399   46.837298109
    0.365898005   46.564460286
    0.378524079   46.500425617
    0.391150154   46.775211185
    0.403752760   47.049198214
    0.416378834   47.322526898
    0.429004908   47.594680860
    0.441607514   47.865236070
    0.454233589   48.135294435
    0.466836195   48.403945412
    0.479462269   48.672275918
    0.492088344   48.939860051
    0.504690949   49.182139273
    0.517317024   49.449644077
    0.529943098   49.716523542
    0.542545704   49.982282808
    0.555171779   50.247886792
    0.567797853   50.512788051
    0.580400459   50.776414714
    0.593026533   51.039634454
    0.605629139   51.301319372
    0.618255214   51.562255519
    0.630881288   51.821723424
    0.643483894   52.078968815
    0.656109969   52.334623649
    0.668736043   52.587827209
    0.681338649   52.837680666
    0.693964723   53.220734264
    0.706590798   53.803314278
    0.719193404   54.388602827
    0.731819478   54.717217353
    0.744422084   54.946707391
    0.757048158   55.169236457
    0.769674233   55.383734546
    0.782276839   55.588782278
    0.794902913   55.784046580
    0.807528988   55.963845577
    0.820131594   56.135667687
    0.832757668   56.294272422
    0.845383742   56.437450902
    0.857986348   56.565693112
    0.870612423   56.677712332
    0.883215029   56.772412350
    0.895841103   56.849665444
    0.908467178   56.909024609
    0.921069783   56.950417925
    0.933695858   56.974237443
    0.946321932   56.980875235
    0.958924538   56.971082770
    0.971550613   56.896635316
    0.984153219   56.715624360
    0.996779293   56.545217631
    1.009405367   56.385911908
    1.022007973   56.238112099
    1.034634048   56.101405079
    1.047260122   55.976223658
    1.059862728   55.861133427
    1.072488803   55.765079998
    1.085114877   55.688582971
    1.097717483   55.615506676
    1.110343557   55.547787673
    1.122946163   55.488208384
    1.135572238   55.438979608
    1.148198312   55.402467377
    1.160800918   55.380606951
    1.173426992   55.373562530
    1.186005823   55.392616877
    1.198568059   55.455822148
    1.211146890   55.559285568
    1.223709126   55.699539300
    1.236287957   55.735909540
    1.248850193   55.660455145
    1.261429024   55.573370736
    1.274007855   55.568957425
    1.286570091   55.556839501
    1.299148922   55.527889685
    1.311711158   55.482874517
    1.324289989   55.422139890
    1.336852225   55.347415599
    1.349431056   55.260068334
    1.362009887   55.161796431
    1.374572123   55.015186607
    1.387150954   54.900635409
    1.399713190   54.779778428
    1.412292021   54.638597928
    1.424870852   54.510157067
    1.437433088   54.377926654
    1.450011919   54.243260198
    1.462574155   54.107308338
    1.475152986   53.970433424
    1.487715222   53.833651982
    1.500294053   53.697203535
    1.512872883   53.561823259
    1.525435119   53.428201399
    1.538013950   53.296467273
    1.550576186   53.509580620
    1.563155017   53.807311681
    1.575717253   53.699647122
    1.588296084   53.589483122
    1.600874915   53.724389936
    1.613437151   53.527481055
    1.626015982   53.260642181
    1.638578218   52.996807480
    1.651157049   52.454452624
    1.663719285   52.186302722
    1.676298116   52.105104988
    1.688876947   52.036298507
    1.701439183   51.970441914
    1.714018014   51.912816643
    1.726580250   51.864161477
    1.739159081   51.824976604
    1.751721317   51.796036908
    1.764300148   51.777984549
    1.776878979   51.771630566
    1.789441215   51.777769122
    1.802020046   51.797266935
    1.814582282   51.830953918
    1.827161113   51.887538711
    1.839739943   51.952802955
    1.852302180   52.032916380
    1.864881010   52.131959085
    1.877443246   52.249123930
    1.890022077   52.385303071
    1.902584313   52.539349135
    1.915163144   52.713655743
    1.927741975   52.907064613
    1.940304211   53.118593262
    1.952883042   53.347354973
    1.965445278   53.589842682
    1.978024109   53.839904557
    1.990586345   54.074896597
    2.003165176   54.199399130
    2.015650439   54.146246439
    2.028135702   53.995163139
    2.040620966   53.766021544
    2.053106229   53.480528671
    2.065591492   53.156636346
    2.078053287   52.808018770
    2.090538550   52.448219108
    2.103023813   52.072093215
    2.115509076   51.690157892
    2.127994340   51.306298154
    2.140479603   50.949372914
    2.152964866   50.830941487
    2.165450129   50.743716340
    2.177935392   50.619244189
    2.190420656   50.595095828
    2.202905919   50.533475214
    2.215391182   50.492983577
    2.227852977   50.750485272
    2.240338240   51.014835799
    2.252823503   51.284860782
    2.265308766   51.108994286
    2.277794029   50.505002626
    2.290279293   50.413105597
    2.302764556   49.823014603
    2.315249819   49.720309704
    2.327735082   49.811326887
    2.340220345   49.920608987
    2.352705609   50.050619759
    2.365190872   50.202026437
    2.377652666   50.375025715
    2.390137930   50.550354481
    2.402623193   50.773880232
    2.415108456   51.013123057
    2.427593719   51.274720088
    2.440078982   51.558413738
    2.452564246   51.859061929
    2.465049509   52.186182227
    2.477534772   52.535671929
    2.490020035   52.913040428
    2.502505298   53.338601937
    2.514990562   53.812068070
    2.527452356   54.301385304
    2.539937619   54.796128881
    2.552422883   55.291158359
    2.564908146   55.783652442
    2.577393409   56.268818638
    2.589878672   55.886024166
    2.602561068   56.184654857
    2.615284112   55.893466489
    2.627966507   55.400771090
    2.640689552   54.880527271
    2.653371947   54.347982026
    2.666094991   53.806161502
    2.678777387   53.263139838
    2.691500431   52.719349009
    2.704182826   52.181973560
    2.716905870   51.651495249
    2.729588266   51.161942337
    2.742311310   50.660243359
    2.754993706   50.161324656
    2.767716750   49.723144929
    2.780399145   49.337163188
    2.793122189   49.019923240
    2.805804585   48.788139048
    2.818527629   48.675967125
    2.831210024   48.682047254
    2.843933069   48.796347309
    2.856615464   48.997112462
    2.869338508   49.262818109
    2.882020904   49.572752116
    2.894743948   49.914664539
    2.907426343   50.275813183
    2.920149387   50.651825249
    2.932831783   51.031504401
    2.945554827   51.407801383
    2.958237222   51.783946783
    2.970960267   52.151172618
    2.983642662   52.500217593
    2.996365706   52.824760967
    3.009048102   53.111254122
    3.021771146   53.363801300
    3.034453541   53.535978514
    3.047176586   53.627761592
    3.059858981   53.627207029
    3.072582025   53.530977329
    3.085264421   53.345740238
    3.097987465   53.083222040
    3.110669860   52.760381483
    3.123392904   52.389730199
    3.136075300   51.985582546
    3.148798344   51.554757224
    3.161480739   51.107132242
    3.174203784   50.645251687
    3.186886179   50.176177160
    3.199609223   49.700100502
    3.212291619   49.222585554
    3.225014663   48.722879067
    3.237697058   48.244936243
    3.250420103   47.767782968
    3.263102498   47.295777252
    3.275825542   46.827103919
    3.288507938   46.365903922
    3.301230982   45.929203427
    3.313913377   45.482768709
    3.326636421   45.044339842
    3.339318817   44.594278726
    3.352041861   44.177666956
    3.364724256   43.775611538
    3.377447301   43.386979153
    3.390129696   43.015764993
    3.402852740   42.661162295
    3.415535136   42.362052371
    3.428258180   42.048305480
    3.440940575   41.758367792
    3.453663620   41.497425115
    3.466346015   41.251435735
    3.479069059   41.028607939
    3.491751455   40.831536703
    3.504474499   40.660450250
    3.517156894   40.514039480
    3.529879938   40.390017581
    3.542562334   40.288095644
    3.555285378   40.238751348
    3.567967773   40.175172367
    3.580690818   40.129924510
    3.593373213   40.101136253
    3.606096257   40.088391566
    3.618675088   40.109625165
    3.631237324   40.159656476
    3.643816155   40.241873573
    3.656378391   40.353969821
    3.668957222   40.492072067
    3.681519458   40.651923479
    3.694098289   40.804974843
    3.706677120   40.997463924
    3.719239356   41.201527293
    3.731818187   41.415096577
    3.744380423   41.635411476
    3.756959254   41.861225286
    3.769521490   42.023264565
    3.782100321   42.198772112
    3.794679152   42.345008411
    3.807241388   42.475880947
    3.819820219   42.592431547
    3.832382455   42.713960358
    3.844961286   42.805215800
    3.857540116   42.887786437
    3.870102353   42.984676403
    3.882681183   43.201334066
    3.895243419   43.434019649
    3.907822250   43.665649308
    3.920384486   43.895424540
    3.932963317   44.123955120
    3.945542148   44.350043278
    3.958104384   44.575354756
    3.970683215   44.799985439
    3.983245451   45.024378162
    3.995824282   45.254732619
    4.008386518   45.544207981
    4.020965349   45.909170441
    4.033544180   46.285698929
    4.046106416   46.648744452
    4.058685247   46.996514764
    4.071247483   47.324187152
    4.083826314   47.628121002
    4.096388550   47.869051294
    4.108967381   48.078418257
    4.121546212   48.286121195
    4.134108448   48.475356601
    4.146687279   48.555447182
    4.159249515   48.567647746
    4.171828346   48.510591628
    4.184390582   48.573124089
    4.196969413   48.982713818
    4.209548243   49.398083287
    4.222110480   49.819395767
    4.234689310   50.043300432
    4.247251546   50.221083287
    4.259830377   50.563733257
    4.272409208   50.988793265
    4.284971444   51.411075815
    4.297550275   51.830167875
    4.310112511   52.239713671
    4.322691342   52.638318290
    4.335253578   53.020868898
    4.347832409   53.383549099
    4.360411240   53.720034242
    4.372973476   54.019993604
    4.385552307   54.120192096
    4.398114543   54.157858003
    4.410693374   54.184278370
    4.423255610   54.193936994
    4.435834441   54.199399130
    0.000000000   40.100975453
    0.012626074   40.115310254
    0.025228680   40.174586276
    0.037854755   40.276347513
    0.050480829   40.414428603
    0.063083435   40.559199245
    0.075709510   40.754168999
    0.088312115   40.971103177
    0.100938190   41.206772844
    0.113564264   41.401015383
    0.126166870   41.663228167
    0.138792945   41.935198607
    0.151419019   42.214294351
    0.164021625   42.498192943
    0.176647699   42.786473187
    0.189273774   43.077390219
    0.201876380   43.369397545
    0.214502454   43.662766346
    0.227105060   43.955746512
    0.239731135   44.260448513
    0.252357209   44.551906191
    0.264959815   44.841754737
    0.277585889   45.130831639
    0.290211964   45.418423052
    0.302814570   45.703884270
    0.315440644   46.003021890
    0.328043250   46.283823773
    0.340669324   46.563492760
    0.353295399   46.841412889
    0.365898005   47.115685966
    0.378524079   46.952991237
    0.391150154   46.777449991
    0.403752760   47.049590315
    0.416378834   47.322693416
    0.429004908   47.594774259
    0.441607514   47.865296394
    0.454233589   48.135336758
    0.466836195   48.403976778
    0.479462269   48.672300031
    0.492088344   48.939879084
    0.504690949   49.182154794
    0.517317024   49.449656739
    0.529943098   49.716533988
    0.542545704   49.982291513
    0.555171779   50.247894101
    0.567797853   50.512794233
    0.580400459   50.776419979
    0.593026533   51.039638967
    0.605629139   51.301323269
    0.618255214   51.562258912
    0.630881288   51.821726416
    0.643483894   52.078971524
    0.656109969   52.334626314
    0.668736043   52.587832128
    0.681338649   53.059824143
    0.693964723   53.642773122
    0.706590798   54.229983404
    0.719193404   54.481115911
    0.731819478   54.717218230
    0.744422084   54.946707814
    0.757048158   55.169236774
    0.769674233   55.383734799
    0.782276839   55.588782485
    0.794902913   55.784046934
    0.807528988   55.963847283
    0.820131594   56.135673517
    0.832757668   56.294278305
    0.845383742   56.437455586
    0.857986348   56.565697519
    0.870612423   56.677716814
    0.883215029   56.772417009
    0.895841103   56.849670285
    0.908467178   56.909029569
    0.921069783   56.950422847
    0.933695858   56.974241937
    0.946321932   56.980878077
    0.958924538   56.971088812
    0.971550613   56.994040315
    0.984153219   56.954965914
    0.996779293   56.902548481
    1.009405367   56.838395851
    1.022007973   56.764284255
    1.034634048   56.646355350
    1.047260122   56.520567275
    1.059862728   56.404863980
    1.072488803   56.302076720
    1.085114877   56.211128791
    1.097717483   56.132247920
    1.110343557   56.065218115
    1.122946163   56.010347848
    1.135572238   55.967458360
    1.148198312   55.936585401
    1.160800918   55.917278855
    1.173426992   55.909965614
    1.186005823   55.905202832
    1.198568059   55.883838333
    1.211146890   55.848158046
    1.223709126   55.798729129
    1.236287957   55.873120743
    1.248850193   56.075128498
    1.261429024   56.166132062
    1.274007855   56.183246596
    1.286570091   56.183864931
    1.299148922   56.167182084
    1.311711158   56.133815009
    1.324289989   56.084110951
    1.336852225   56.019743094
    1.349431056   55.942116148
    1.362009887   55.852940189
    1.374572123   55.715914420
    1.387150954   55.609262231
    1.399713190   55.495774972
    1.412292021   55.361541262
    1.424870852   55.239577460
    1.437433088   55.113349885
    1.450011919   54.984305522
    1.462574155   54.853607536
    1.475152986   54.721657965
    1.487715222   54.589484728
    1.500294053   54.457362793
    1.512872883   54.326043369
    1.525435119   54.196233359
    1.538013950   54.068093153
    1.550576186   53.942440363
    1.563155017   53.820060193
    1.575717253   54.079914334
    1.588296084   54.262707660
    1.600874915   54.265140892
    1.613437151   53.975565329
    1.626015982   53.516723887
    1.638578218   53.163185585
    1.651157049   53.071306177
    1.663719285   52.985845500
    1.676298116   52.907037742
    1.688876947   52.840698065
    1.701439183   52.777264587
    1.714018014   52.722107749
    1.726580250   52.675976915
    1.739159081   52.639394910
    1.751721317   52.613144071
    1.764300148   52.597885773
    1.776878979   52.594436722
    1.789441215   52.603592341
    1.802020046   52.626227878
    1.814582282   52.663159827
    1.827161113   52.723245412
    1.839739943   52.791941554
    1.852302180   52.875267404
    1.864881010   52.977740282
    1.877443246   53.098307366
    1.890022077   53.237839360
    1.902584313   53.394799335
    1.915163144   53.572218911
    1.927741975   53.768764614
    1.940304211   53.983705017
    1.952883042   54.216779800
    1.965445278   54.465992781
    1.978024109   54.729470307
    1.990586345   54.927522757
    2.003165176   54.790850324
    2.015650439   54.801689040
    2.028135702   54.833711713
    2.040620966   54.718439317
    2.053106229   54.413769477
    2.065591492   54.072579683
    2.078053287   53.709071186
    2.090538550   53.336561448
    2.103023813   52.949614764
    2.115509076   52.558265848
    2.127994340   52.165301295
    2.140479603   51.772783738
    2.152964866   51.382338246
    2.165450129   50.995354822
    2.177935392   50.666157782
    2.190420656   50.685272277
    2.202905919   50.925464045
    2.215391182   51.173649794
    2.227852977   51.428541984
    2.240338240   51.690373671
    2.252823503   51.721348711
    2.265308766   51.559876942
    2.277794029   51.011118892
    2.290279293   50.449210925
    2.302764556   50.498871362
    2.315249819   50.566988323
    2.327735082   50.656840051
    2.340220345   50.765103292
    2.352705609   50.894325000
    2.365190872   51.045136486
    2.377652666   51.217691523
    2.390137930   51.393130157
    2.402623193   51.616582617
    2.415108456   51.855621735
    2.427593719   52.116940948
    2.440078982   52.400163661
    2.452564246   52.699851262
    2.465049509   53.025152062
    2.477534772   53.370184619
    2.490020035   53.733865072
    2.502505298   54.114904145
    2.514990562   54.511729645
    2.527452356   54.921508574
    2.539937619   55.342757926
    2.552422883   55.769217888
    2.564908146   56.186765303
    2.577393409   56.283000450
    2.589878672   56.354279264
    2.602561068   56.352793518
    2.615284112   55.976435683
    2.627966507   55.477389720
    2.640689552   54.953868560
    2.653371947   54.419014115
    2.666094991   53.875327642
    2.678777387   53.330665662
    2.691500431   52.785311011
    2.704182826   52.246353581
    2.716905870   51.714165699
    2.729588266   51.222631372
    2.742311310   50.718624497
    2.754993706   50.216682171
    2.767716750   49.774817962
    2.780399145   49.384041581
    2.793122189   49.060613430
    2.805804585   48.821223537
    2.818527629   48.700898728
    2.831210024   48.699384985
    2.843933069   48.807557563
    2.856615464   49.003934398
    2.869338508   49.266652388
    2.882020904   49.574652343
    2.894743948   49.915297307
    2.907426343   50.276005773
    2.920149387   50.652558093
    2.932831783   51.032562313
    2.945554827   51.409019954
    2.958237222   51.785191588
    2.970960267   52.152288537
    2.983642662   52.501010404
    2.996365706   52.824958513
    3.009048102   53.112038547
    3.021771146   53.366101072
    3.034453541   53.540519303
    3.047176586   53.635361217
    3.059858981   53.638565955
    3.072582025   53.546494515
    3.085264421   53.365359560
    3.097987465   53.106567688
    3.110669860   52.786924317
    3.123392904   52.418862082
    3.136075300   52.016778020
    3.148798344   51.587588926
    3.161480739   51.141243261
    3.174203784   50.680360733
    3.186886179   50.212048368
    3.199609223   49.736541205
    3.212291619   49.259426984
    3.225014663   48.759888259
    3.237697058   48.282064001
    3.250420103   47.804896150
    3.263102498   47.332742656
    3.275825542   46.863782955
    3.288507938   46.402151589
    3.301230982   45.964786330
    3.313913377   45.517590378
    3.326636421   45.078207436
    3.339318817   44.626973263
    3.352041861   44.208977728
    3.364724256   43.805290459
    3.377447301   43.414747220
    3.390129696   43.041339045
    3.402852740   42.684235876
    3.415535136   42.382142851
    3.428258180   42.065329231
    3.440940575   41.772146585
    3.453663620   41.577744988
    3.466346015   41.473854837
    3.479069059   41.348039970
    3.491751455   41.202261226
    3.504474499   41.039439473
    3.517156894   40.865862716
    3.529879938   40.687025766
    3.542562334   40.511944377
    3.555285378   40.433945944
    3.567967773   40.293444085
    3.580690818   40.184338352
    3.593373213   40.118342790
    3.606096257   40.100975453
    3.618675088   40.112898347
    3.631237324   40.172069402
    3.643816155   40.272628673
    3.656378391   40.406140032
    3.668957222   40.529501176
    3.681519458   40.709401453
    3.694098289   40.877850256
    3.706677120   41.080881683
    3.719239356   41.286446586
    3.731818187   41.490129275
    3.744380423   41.687158649
    3.756959254   41.874595867
    3.769521490   42.037409848
    3.782100321   42.258782200
    3.794679152   42.495771901
    3.807241388   42.733130534
    3.819820219   42.970863222
    3.832382455   43.207862465
    3.844961286   43.444379519
    3.857540116   43.679831018
    3.870102353   43.918810300
    3.882681183   44.150949835
    3.895243419   44.381381762
    3.907822250   44.610674214
    3.920384486   44.838214208
    3.932963317   45.064619554
    3.945542148   45.288670584
    3.958104384   45.511900026
    3.970683215   45.734115231
    3.983245451   45.954783793
    3.995824282   46.174540093
    4.008386518   46.392852601
    4.020965349   46.580410619
    4.033544180   46.803430510
    4.046106416   47.018723900
    4.058685247   47.233222370
    4.071247483   47.446314301
    4.083826314   47.658483237
    4.096388550   47.902074281
    4.108967381   48.140164790
    4.121546212   48.334200315
    4.134108448   48.491697697
    4.146687279   48.695501532
    4.159249515   48.896796726
    4.171828346   49.095879963
    4.184390582   49.291932971
    4.196969413   49.487738141
    4.209548243   49.677134305
    4.222110480   49.862287467
    4.234689310   50.246220308
    4.247251546   50.675933476
    4.259830377   51.106796472
    4.272409208   51.538710802
    4.284971444   51.967946886
    4.297550275   52.394514857
    4.310112511   52.812271551
    4.322691342   53.219808813
    4.335253578   53.611977887
    4.347832409   53.950014659
    4.360411240   54.017928607
    4.372973476   54.079677218
    4.385552307   54.291855728
    4.398114543   54.508457331
    4.410693374   54.671068103
    4.423255610   54.757096117
    4.435834441   54.790850324
    0.000000000   50.167739852
    0.012626074   50.171314303
    0.025228680   50.181890847
    0.037854755   50.199143408
    0.050480829   50.222435766
    0.063083435   50.250796591
    0.075709510   50.283135848
    0.088312115   50.317806696
    0.100938190   50.353049644
    0.113564264   50.386505005
    0.126166870   50.415479547
    0.138792945   50.436972409
    0.151419019   50.447461766
    0.164021625   50.443207033
    0.176647699   50.420254734
    0.189273774   50.374650780
    0.201876380   50.302825578
    0.214502454   50.201245242
    0.227105060   50.067712028
    0.239731135   49.914268348
    0.252357209   49.712570120
    0.264959815   49.476716952
    0.277585889   49.206791808
    0.290211964   48.904830695
    0.302814570   48.573584329
    0.315440644   48.225482839
    0.328043250   47.841997769
    0.340669324   47.435644931
    0.353295399   47.012982405
    0.365898005   47.120024819
    0.378524079   47.394556077
    0.391150154   47.668421039
    0.403752760   47.940724827
    0.416378834   48.212514057
    0.429004908   48.483369784
    0.441607514   48.752892169
    0.454233589   49.022186060
    0.466836195   49.290345277
    0.479462269   49.558454055
    0.492088344   49.826085437
    0.504690949   50.068953649
    0.517317024   50.337000166
    0.529943098   50.604679224
    0.542545704   50.871488283
    0.555171779   51.138389689
    0.567797853   51.404826618
    0.580400459   51.670214631
    0.593026533   51.935417159
    0.605629139   52.199286020
    0.618255214   52.462599830
    0.630881288   52.724616425
    0.643483894   52.984553668
    0.656109969   53.243026117
    0.668736043   53.499134990
    0.681338649   53.751935457
    0.693964723   53.993817163
    0.706590798   54.240025181
    0.719193404   54.481119526
    0.731819478   54.978613172
    0.744422084   55.570963836
    0.757048158   56.167577762
    0.769674233   56.767167427
    0.782276839   57.368308095
    0.794902913   57.972884689
    0.807528988   58.579158723
    0.820131594   59.185895159
    0.832757668   59.591099992
    0.845383742   59.276572469
    0.857986348   58.994502322
    0.870612423   58.721369106
    0.883215029   58.458332368
    0.895841103   58.204559041
    0.908467178   57.960696492
    0.921069783   57.727319804
    0.933695858   57.503710489
    0.946321932   57.290464402
    0.958924538   57.088105329
    0.971550613   56.994070850
    0.984153219   56.954988896
    0.996779293   56.902575813
    1.009405367   56.838440916
    1.022007973   56.764474847
    1.034634048   56.682332560
    1.047260122   56.594266669
    1.059862728   56.489787181
    1.072488803   56.394282598
    1.085114877   56.300123567
    1.097717483   56.210315705
    1.110343557   56.127447806
    1.122946163   56.054729058
    1.135572238   55.994644027
    1.148198312   55.949773007
    1.160800918   55.922072571
    1.173426992   55.912673974
    1.186005823   55.921916315
    1.198568059   55.948177381
    1.211146890   55.987561542
    1.223709126   56.034247040
    1.236287957   56.081903366
    1.248850193   56.124466987
    1.261429024   56.304134154
    1.274007855   56.551524696
    1.286570091   56.815107638
    1.299148922   57.091700503
    1.311711158   57.386634868
    1.324289989   57.676615796
    1.336852225   57.968540392
    1.349431056   58.259897034
    1.362009887   58.547030103
    1.374572123   58.823490795
    1.387150954   59.092440708
    1.399713190   59.346913317
    1.412292021   59.566179819
    1.424870852   59.784954980
    1.437433088   59.977503398
    1.450011919   60.144671810
    1.462574155   60.284277282
    1.475152986   60.395692412
    1.487715222   59.964254965
    1.500294053   59.342402566
    1.512872883   58.724734004
    1.525435119   58.112947072
    1.538013950   57.506656382
    1.550576186   56.909466362
    1.563155017   56.323708257
    1.575717253   55.760185238
    1.588296084   55.235357038
    1.600874915   54.889216728
    1.613437151   54.851690779
    1.626015982   55.066012300
    1.638578218   55.363936185
    1.651157049   55.689176028
    1.663719285   56.022849789
    1.676298116   56.357941807
    1.688876947   56.693703957
    1.701439183   57.017287741
    1.714018014   57.330996674
    1.726580250   57.631330875
    1.739159081   57.916692161
    1.751721317   58.184266036
    1.764300148   58.433092153
    1.776878979   58.661601343
    1.789441215   58.711642234
    1.802020046   58.636997469
    1.814582282   58.568133763
    1.827161113   58.505047772
    1.839739943   58.447951938
    1.852302180   58.396958941
    1.864881010   58.176281545
    1.877443246   57.857941494
    1.890022077   57.532614689
    1.902584313   57.174582257
    1.915163144   56.839770031
    1.927741975   56.502983901
    1.940304211   56.166988351
    1.952883042   55.833873232
    1.965445278   55.508782771
    1.978024109   55.198783061
    1.990586345   54.999055777
    2.003165176   55.192860849
    2.015650439   55.133648539
    2.028135702   54.967201917
    2.040620966   54.885997711
    2.053106229   54.956002342
    2.065591492   55.041629943
    2.078053287   55.139931367
    2.090538550   55.260870667
    2.103023813   55.374987698
    2.115509076   55.493903600
    2.127994340   55.615172394
    2.140479603   55.703762545
    2.152964866   55.820749932
    2.165450129   55.934018048
    2.177935392   55.552484459
    2.190420656   54.895014179
    2.202905919   54.245020480
    2.215391182   53.602527226
    2.227852977   52.968736809
    2.240338240   52.341273585
    2.252823503   51.957967190
    2.265308766   51.616663266
    2.277794029   51.839215296
    2.290279293   52.122191030
    2.302764556   52.408117257
    2.315249819   52.696284327
    2.327735082   53.012033949
    2.340220345   53.302750394
    2.352705609   53.593306009
    2.365190872   53.882811330
    2.377652666   54.169768608
    2.390137930   54.437788539
    2.402623193   54.718510964
    2.415108456   54.991234846
    2.427593719   55.257044009
    2.440078982   55.514468965
    2.452564246   55.749264506
    2.465049509   55.983309436
    2.477534772   56.203667929
    2.490020035   56.408409567
    2.502505298   56.517272041
    2.514990562   56.502096924
    2.527452356   56.487714042
    2.539937619   56.473374730
    2.552422883   56.457188426
    2.564908146   56.434083461
    2.577393409   56.394923739
    2.589878672   56.691948407
    2.602561068   56.433336249
    2.615284112   56.221381785
    2.627966507   56.208277625
    2.640689552   56.201199620
    2.653371947   56.202151644
    2.666094991   56.211485407
    2.678777387   56.228995289
    2.691500431   56.254483402
    2.704182826   56.287416656
    2.716905870   56.327610382
    2.729588266   56.398856369
    2.742311310   56.452665331
    2.754993706   56.508835146
    2.767716750   56.573850973
    2.780399145   56.643762927
    2.793122189   56.718619026
    2.805804585   56.784511549
    2.818527629   56.867343512
    2.831210024   56.953416336
    2.843933069   57.042857878
    2.856615464   57.134656494
    2.869338508   57.228951343
    2.882020904   57.324659381
    2.894743948   57.421886664
    2.907426343   57.519472647
    2.920149387   57.617866522
    2.932831783   57.715094522
    2.945554827   57.810693617
    2.958237222   57.904569592
    2.970960267   57.995908264
    2.983642662   58.083184987
    2.996365706   58.165884291
    3.009048102   58.242220717
    3.021771146   58.376871954
    3.034453541   58.428403208
    3.047176586   58.355527470
    3.059858981   58.326016257
    3.072582025   58.379265572
    3.085264421   58.503422429
    3.097987465   58.548728396
    3.110669860   58.520870559
    3.123392904   58.467446212
    3.136075300   58.388069408
    3.148798344   58.280489645
    3.161480739   58.143926171
    3.174203784   57.976598245
    3.186886179   57.779401817
    3.199609223   57.551704934
    3.212291619   57.296393991
    3.225014663   57.011928455
    3.237697058   56.707471613
    3.250420103   56.381389306
    3.263102498   56.039098137
    3.275825542   55.681876145
    3.288507938   55.315497262
    3.301230982   54.960142445
    3.313913377   54.581788611
    3.326636421   54.202226113
    3.339318817   53.825714042
    3.352041861   53.456034707
    3.364724256   53.097282940
    3.377447301   52.750304590
    3.390129696   52.420335245
    3.402852740   52.108111446
    3.415535136   51.818522189
    3.428258180   51.551140931
    3.440940575   51.309849820
    3.453663620   51.094183446
    3.466346015   50.905904720
    3.479069059   50.743465244
    3.491751455   50.606864617
    3.504474499   50.493570653
    3.517156894   50.402184542
    3.529879938   50.329685379
    3.542562334   50.273994079
    3.555285378   50.232273608
    3.567967773   50.202508556
    3.580690818   50.182666045
    3.593373213   50.171405773
    3.606096257   50.167739852
    3.618675088   50.171313838
    3.631237324   50.182211221
    3.643816155   50.201040094
    3.656378391   50.228699349
    3.668957222   50.266498832
    3.681519458   50.315960637
    3.694098289   50.378755571
    3.706677120   50.457174610
    3.719239356   50.553061074
    3.731818187   50.668774539
    3.744380423   50.805996800
    3.756959254   50.966842736
    3.769521490   51.151319213
    3.782100321   51.362367903
    3.794679152   51.599501591
    3.807241388   51.862167676
    3.819820219   52.150295221
    3.832382455   52.461823386
    3.844961286   52.795839131
    3.857540116   53.149762758
    3.870102353   53.521288378
    3.882681183   53.907617730
    3.895243419   54.305115074
    3.907822250   54.711668869
    3.920384486   55.122912406
    3.932963317   55.536511761
    3.945542148   55.918679659
    3.958104384   56.322215493
    3.970683215   56.717315006
    3.983245451   57.099105004
    3.995824282   57.325888248
    4.008386518   56.971963248
    4.020965349   56.598727394
    4.033544180   56.281295562
    4.046106416   55.911704237
    4.058685247   55.542812749
    4.071247483   55.179064016
    4.083826314   54.823616386
    4.096388550   54.482297109
    4.108967381   54.159988931
    4.121546212   53.863836880
    4.134108448   53.601512142
    4.146687279   53.379705872
    4.159249515   53.205312692
    4.171828346   53.081720110
    4.184390582   53.009470815
    4.196969413   52.984700718
    4.209548243   53.000806845
    4.222110480   53.049403921
    4.234689310   53.122176948
    4.247251546   53.211292509
    4.259830377   53.278839844
    4.272409208   53.384524567
    4.284971444   53.490894377
    4.297550275   53.595277302
    4.310112511   53.694522091
    4.322691342   53.787631400
    4.335253578   53.873035259
    4.347832409   53.984942290
    4.360411240   54.332377404
    4.372973476   54.647085037
    4.385552307   54.921985576
    4.398114543   55.135993531
    4.410693374   55.174903076
    4.423255610   55.186725173
    4.435834441   55.192860849
    0.000000000   50.881311439
    0.012626074   50.885146914
    0.025228680   50.896508056
    0.037854755   50.915082090
    0.050480829   50.940248984
    0.063083435   50.971054279
    0.075709510   51.006447586
    0.088312115   51.044803434
    0.100938190   51.084411506
    0.113564264   51.122948549
    0.126166870   51.157719578
    0.138792945   51.185768458
    0.151419019   51.203553888
    0.164021625   51.207276247
    0.176647699   51.192923394
    0.189273774   51.156385783
    0.201876380   51.093881050
    0.214502454   51.001669383
    0.227105060   50.877251478
    0.239731135   50.731722284
    0.252357209   50.537872394
    0.264959815   50.308927680
    0.277585889   50.044878089
    0.290211964   49.747694824
    0.302814570   49.420129198
    0.315440644   49.074302252
    0.328043250   48.692393829
    0.340669324   48.286531735
    0.353295399   47.860113464
    0.365898005   47.417946294
    0.378524079   47.395828242
    0.391150154   47.668725565
    0.403752760   47.940863105
    0.416378834   48.212593272
    0.429004908   48.483421116
    0.441607514   48.752928031
    0.454233589   49.022212340
    0.466836195   49.290365181
    0.479462269   49.558469457
    0.492088344   49.826097532
    0.504690949   50.068963426
    0.517317024   50.337007965
    0.529943098   50.604685461
    0.542545704   50.871493278
    0.555171779   51.138393683
    0.567797853   51.404829805
    0.580400459   51.670217167
    0.593026533   51.935419170
    0.605629139   52.199287610
    0.618255214   52.462601085
    0.630881288   52.724617418
    0.643483894   52.984554463
    0.656109969   53.243026770
    0.668736043   53.499135562
    0.681338649   53.751936032
    0.693964723   53.993818045
    0.706590798   54.240056100
    0.719193404   54.820323944
    0.731819478   55.415764032
    0.744422084   56.013993935
    0.757048158   56.617003373
    0.769674233   57.223557928
    0.782276839   57.832292995
    0.794902913   58.445210156
    0.807528988   59.060689979
    0.820131594   59.677547491
    0.832757668   59.794574198
    0.845383742   59.837655964
    0.857986348   59.554122468
    0.870612423   59.279581765
    0.883215029   59.015198513
    0.895841103   58.760134044
    0.908467178   58.515037727
    0.921069783   58.280486248
    0.933695858   58.055756143
    0.946321932   57.841444374
    0.958924538   57.638070286
    0.971550613   57.445641250
    0.984153219   57.263731315
    0.996779293   57.092490727
    1.009405367   56.932418759
    1.022007973   56.784034403
    1.034634048   56.682430316
    1.047260122   56.594314583
    1.059862728   56.489832457
    1.072488803   56.394328027
    1.085114877   56.300175574
    1.097717483   56.210381353
    1.110343557   56.127538500
    1.122946163   56.054867548
    1.135572238   55.994886677
    1.148198312   55.950300428
    1.160800918   55.923571933
    1.173426992   55.915357597
    1.186005823   55.935507256
    1.198568059   56.002235847
    1.211146890   56.111341770
    1.223709126   56.259016514
    1.236287957   56.441482822
    1.248850193   56.653752561
    1.261429024   56.892906077
    1.274007855   57.151844184
    1.286570091   57.427406988
    1.299148922   57.716431084
    1.311711158   58.023681166
    1.324289989   58.326993162
    1.336852225   58.632674596
    1.349431056   58.938275056
    1.362009887   59.240135544
    1.374572123   59.531876197
    1.387150954   59.816460106
    1.399713190   60.086891288
    1.412292021   60.322846531
    1.424870852   60.557610027
    1.437433088   60.765971612
    1.450011919   60.948330590
    1.462574155   61.102107153
    1.475152986   60.588706467
    1.487715222   60.478446152
    1.500294053   59.895656739
    1.512872883   59.274490937
    1.525435119   58.660933101
    1.538013950   58.055286222
    1.550576186   57.462581109
    1.563155017   56.888368361
    1.575717253   56.351493438
    1.588296084   55.886516721
    1.600874915   55.665422589
    1.613437151   55.714204203
    1.626015982   55.938430278
    1.638578218   56.229111316
    1.651157049   56.545736992
    1.663719285   56.871473544
    1.676298116   57.199310667
    1.688876947   57.528249704
    1.701439183   57.845467998
    1.714018014   58.153126685
    1.726580250   58.447743457
    1.739159081   58.727724434
    1.751721317   58.965653564
    1.764300148   58.876879676
    1.776878979   58.791634796
    1.789441215   58.868820561
    1.802020046   59.054944564
    1.814582282   59.217143930
    1.827161113   59.097765735
    1.839739943   58.804465340
    1.852302180   58.487673179
    1.864881010   58.351907024
    1.877443246   58.312773028
    1.890022077   58.235587851
    1.902584313   57.893104300
    1.915163144   57.571214377
    1.927741975   57.246014124
    1.940304211   56.919683681
    1.952883042   56.593420301
    1.965445278   56.270565661
    1.978024109   55.953717763
    1.990586345   55.651863647
    2.003165176   55.447234993
    2.015650439   55.460448136
    2.028135702   55.499457609
    2.040620966   55.562481483
    2.053106229   55.646860713
    2.065591492   55.749402803
    2.078053287   55.866464156
    2.090538550   56.006319982
    2.103023813   56.141380860
    2.115509076   56.281730813
    2.127994340   56.424642205
    2.140479603   56.536011422
    2.152964866   56.674362557
    2.165450129   56.216693022
    2.177935392   56.049233903
    2.190420656   55.405008917
    2.202905919   54.754991482
    2.215391182   54.112281199
    2.227852977   53.478130036
    2.240338240   52.850190261
    2.252823503   52.229692700
    2.265308766   52.230628654
    2.277794029   52.507672806
    2.290279293   52.788409217
    2.302764556   53.072136126
    2.315249819   53.358131488
    2.327735082   53.670755914
    2.340220345   53.959319282
    2.352705609   54.247715425
    2.365190872   54.535044721
    2.377652666   54.819804717
    2.390137930   55.086201514
    2.402623193   55.364607146
    2.415108456   55.635085423
    2.427593719   55.898615163
    2.440078982   56.153732325
    2.452564246   56.386598087
    2.465049509   56.568263372
    2.477534772   56.550472815
    2.490020035   56.533418678
    2.502505298   56.595548357
    2.514990562   56.763046303
    2.527452356   56.908674023
    2.539937619   57.031092526
    2.552422883   57.128297278
    2.564908146   56.765428743
    2.577393409   56.582153784
    2.589878672   56.762209166
    2.602561068   56.558134263
    2.615284112   57.104291941
    2.627966507   57.365545999
    2.640689552   57.364239223
    2.653371947   57.366635841
    2.666094991   57.375765844
    2.678777387   57.392290642
    2.691500431   57.416370440
    2.704182826   57.447658815
    2.716905870   57.486057431
    2.729588266   57.555583981
    2.742311310   57.607467526
    2.754993706   57.661470476
    2.767716750   57.724516549
    2.780399145   57.792449690
    2.793122189   57.865308489
    2.805804585   57.928700281
    2.818527629   58.009527036
    2.831210024   58.093579842
    2.843933069   58.180966774
    2.856615464   58.270684124
    2.869338508   58.362834490
    2.882020904   58.456346858
    2.894743948   58.551292179
    2.907426343   58.646503907
    2.920149387   58.742423886
    2.932831783   58.836998298
    2.945554827   58.929796692
    2.958237222   59.020521574
    2.970960267   59.108166838
    2.983642662   59.189887764
    2.996365706   59.154500519
    3.009048102   58.889332801
    3.021771146   58.655318597
    3.034453541   58.477874105
    3.047176586   58.403926806
    3.059858981   58.371589454
    3.072582025   58.420909844
    3.085264421   58.538230933
    3.097987465   58.702439187
    3.110669860   58.934545211
    3.123392904   59.196072826
    3.136075300   59.394843445
    3.148798344   59.288912732
    3.161480739   59.140638782
    3.174203784   58.960204484
    3.186886179   58.749518107
    3.199609223   58.508268863
    3.212291619   58.239684117
    3.225014663   57.942440726
    3.237697058   57.625758975
    3.250420103   57.288057810
    3.263102498   56.934829289
    3.275825542   56.567236979
    3.288507938   56.191045028
    3.301230982   55.826243488
    3.313913377   55.438858570
    3.326636421   55.050454258
    3.339318817   54.665167847
    3.352041861   54.286798900
    3.364724256   53.919347864
    3.377447301   53.563560033
    3.390129696   53.224713009
    3.402852740   52.903507201
    3.415535136   52.604976762
    3.428258180   52.328664318
    3.440940575   52.078672131
    3.453663620   51.854621872
    3.466346015   51.658475091
    3.479069059   51.488764734
    3.491751455   51.345639803
    3.504474499   51.226592098
    3.517156894   51.130285417
    3.529879938   51.053657644
    3.542562334   50.994619632
    3.555285378   50.950265901
    3.567967773   50.918521783
    3.580690818   50.897305894
    3.593373213   50.885242861
    3.606096257   50.881311439
    3.618675088   50.885144870
    3.631237324   50.896827055
    3.643816155   50.916991273
    3.656378391   50.946569838
    3.668957222   50.986919258
    3.681519458   51.039617211
    3.694098289   51.106378398
    3.706677120   51.189569674
    3.719239356   51.291053180
    3.731818187   51.413218710
    3.744380423   51.557715355
    3.756959254   51.726624439
    3.769521490   51.919794524
    3.782100321   52.140149749
    3.794679152   52.387002290
    3.807241388   52.659622587
    3.819820219   52.957805381
    3.832382455   53.279320578
    3.844961286   53.623164451
    3.857540116   53.986660314
    3.870102353   54.367499446
    3.882681183   54.762790870
    3.895243419   55.168938612
    3.907822250   55.583893929
    3.920384486   56.003322538
    3.932963317   56.424973253
    3.945542148   56.815269111
    3.958104384   57.226746827
    3.970683215   57.629739891
    3.983245451   57.679772483
    3.995824282   57.470501381
    4.008386518   57.608691680
    4.020965349   57.219920748
    4.033544180   56.885370916
    4.046106416   56.501876804
    4.058685247   56.120371679
    4.071247483   55.745565330
    4.083826314   55.380961219
    4.096388550   55.032986542
    4.108967381   54.707348460
    4.121546212   54.412336361
    4.134108448   54.156944147
    4.146687279   53.949118718
    4.159249515   53.796327200
    4.171828346   53.701457323
    4.184390582   53.663134273
    4.196969413   53.674974509
    4.209548243   53.727798333
    4.222110480   53.811322369
    4.234689310   53.916291145
    4.247251546   54.034400941
    4.259830377   54.128542141
    4.272409208   54.257067491
    4.284971444   54.383562572
    4.297550275   54.505628573
    4.310112511   54.620459329
    4.322691342   54.727191241
    4.335253578   54.824376967
    4.347832409   54.911426676
    4.360411240   54.987605337
    4.372973476   55.052442618
    4.385552307   55.106027511
    4.398114543   55.160032565
    4.410693374   55.320825599
    4.423255610   55.411804531
    4.435834441   55.447234993
    0.000000000   62.342256363
    0.012626074   62.340503082
    0.025228680   62.321823832
    0.037854755   62.274389849
    0.050480829   62.202756158
    0.063083435   62.100150808
    0.075709510   61.995183852
    0.088312115   61.877651510
    0.100938190   61.750779255
    0.113564264   61.617623671
    0.126166870   61.485188856
    0.138792945   61.356744316
    0.151419019   61.237666073
    0.164021625   61.133449700
    0.176647699   61.049053940
    0.189273774   60.989877887
    0.201876380   60.960726452
    0.214502454   60.965597087
    0.227105060   61.007659022
    0.239731135   61.107302219
    0.252357209   61.228581703
    0.264959815   61.389610727
    0.277585889   61.589602833
    0.290211964   61.825949186
    0.302814570   62.094992063
    0.315440644   62.394388992
    0.328043250   62.717960747
    0.340669324   63.062863679
    0.353295399   63.423698319
    0.365898005   63.794743718
    0.378524079   64.172223513
    0.391150154   64.550217926
    0.403752760   64.922830463
    0.416378834   65.286408431
    0.429004908   65.635538728
    0.441607514   65.965450503
    0.454233589   66.273945475
    0.466836195   66.557376692
    0.479462269   66.815327609
    0.492088344   67.046831108
    0.504690949   67.251686659
    0.517317024   67.437375616
    0.529943098   67.595686304
    0.542545704   67.733669505
    0.555171779   67.854468620
    0.567797853   67.637190135
    0.580400459   67.178647888
    0.593026533   66.726174002
    0.605629139   66.281556316
    0.618255214   65.843243311
    0.630881288   65.412173143
    0.643483894   64.989229789
    0.656109969   64.572941311
    0.668736043   64.164206242
    0.681338649   63.763868021
    0.693964723   63.365161191
    0.706590798   62.980235529
    0.719193404   62.603969186
    0.731819478   62.235071550
    0.744422084   61.875030567
    0.757048158   61.522638191
    0.769674233   61.178692855
    0.782276839   60.843930816
    0.794902913   60.517228914
    0.807528988   60.199345414
    0.820131594   59.890978919
    0.832757668   60.152853557
    0.845383742   60.403367662
    0.857986348   61.010280049
    0.870612423   61.616544848
    0.883215029   62.218652560
    0.895841103   62.817309516
    0.908467178   63.409510851
    0.921069783   63.991886992
    0.933695858   64.563826890
    0.946321932   64.438057934
    0.958924538   64.012772271
    0.971550613   63.604724381
    0.984153219   63.214946005
    0.996779293   62.843709046
    1.009405367   62.492620689
    1.022007973   62.163141219
    1.034634048   61.854914537
    1.047260122   61.569451225
    1.059862728   61.276158615
    1.072488803   61.038924369
    1.085114877   60.827166801
    1.097717483   60.642029138
    1.110343557   60.483592645
    1.122946163   60.353144725
    1.135572238   60.250808848
    1.148198312   60.177353489
    1.160800918   60.133204568
    1.173426992   60.118425992
    1.186005823   60.133122245
    1.198568059   60.177380180
    1.211146890   60.251969482
    1.223709126   60.357502499
    1.236287957   60.494872751
    1.248850193   60.663762422
    1.261429024   60.877045097
    1.274007855   61.106329522
    1.286570091   61.361644639
    1.299148922   61.640039461
    1.311711158   61.949170151
    1.324289989   62.259613092
    1.336852225   62.578469595
    1.349431056   62.901413801
    1.362009887   63.222603317
    1.374572123   63.530951208
    1.387150954   63.830877539
    1.399713190   64.110185328
    1.412292021   63.733858967
    1.424870852   63.106406755
    1.437433088   62.476559501
    1.450011919   61.845714831
    1.462574155   61.216686057
    1.475152986   61.152943614
    1.487715222   60.522395496
    1.500294053   60.533422873
    1.512872883   60.561862015
    1.525435119   60.565756837
    1.538013950   60.547501262
    1.550576186   60.509750077
    1.563155017   60.455082459
    1.575717253   60.386260247
    1.588296084   60.291306632
    1.600874915   60.207694144
    1.613437151   60.111921345
    1.626015982   60.010247132
    1.638578218   59.904578932
    1.651157049   59.796082013
    1.663719285   59.686306163
    1.676298116   59.576068524
    1.688876947   59.474399051
    1.701439183   59.367226914
    1.714018014   59.262195904
    1.726580250   59.160240502
    1.739159081   59.061695818
    1.751721317   58.992015135
    1.764300148   59.235148421
    1.776878979   59.459878663
    1.789441215   59.492866046
    1.802020046   59.408449787
    1.814582282   59.329166912
    1.827161113   59.255758312
    1.839739943   59.187275608
    1.852302180   59.124589832
    1.864881010   58.851529301
    1.877443246   58.547590817
    1.890022077   58.280241849
    1.902584313   58.251285976
    1.915163144   58.228522304
    1.927741975   58.210389368
    1.940304211   58.196372871
    1.952883042   58.185888584
    1.965445278   58.178428124
    1.978024109   58.173487599
    1.990586345   58.170694047
    2.003165176   58.169790070
    2.015650439   58.227132235
    2.028135702   58.390780012
    2.040620966   58.640867631
    2.053106229   58.955608675
    2.065591492   59.317011662
    2.078053287   59.711108735
    2.090538550   60.125789978
    2.103023813   59.661276196
    2.115509076   58.960024824
    2.127994340   58.265628630
    2.140479603   57.568431539
    2.152964866   56.889022726
    2.165450129   56.725848021
    2.177935392   56.064472528
    2.190420656   56.153284426
    2.202905919   56.247555968
    2.215391182   56.333495703
    2.227852977   56.410431360
    2.240338240   56.478359245
    2.252823503   56.537050050
    2.265308766   56.586622404
    2.277794029   56.627362842
    2.290279293   56.659697086
    2.302764556   56.684160821
    2.315249819   56.701371417
    2.327735082   56.712044854
    2.340220345   56.716761998
    2.352705609   56.716360447
    2.365190872   56.711553667
    2.377652666   56.703056940
    2.390137930   56.691259277
    2.402623193   56.684555579
    2.415108456   56.668756856
    2.427593719   56.651675678
    2.440078982   56.633811693
    2.452564246   56.586519479
    2.465049509   56.618365304
    2.477534772   56.836472747
    2.490020035   57.039020633
    2.502505298   57.224049549
    2.514990562   57.389581199
    2.527452356   57.533419940
    2.539937619   57.622173648
    2.552422883   57.214883804
    2.564908146   57.198839135
    2.577393409   57.230432767
    2.589878672   56.823661926
    2.602561068   57.227847211
    2.615284112   57.355561042
    2.627966507   57.611343471
    2.640689552   57.802462454
    2.653371947   58.000307811
    2.666094991   58.204435920
    2.678777387   58.410873901
    2.691500431   58.619056784
    2.704182826   58.826198006
    2.716905870   59.032379124
    2.729588266   59.243183220
    2.742311310   59.441389577
    2.754993706   59.614975621
    2.767716750   59.802105679
    2.780399145   59.981001993
    2.793122189   60.151118728
    2.805804585   60.293734168
    2.818527629   60.439127257
    2.831210024   60.567541999
    2.843933069   60.676189098
    2.856615464   60.760519722
    2.869338508   60.815094963
    2.882020904   60.834020315
    2.894743948   60.811716294
    2.907426343   60.743278362
    2.920149387   60.646914109
    2.932831783   60.482558929
    2.945554827   60.259871995
    2.958237222   60.014115287
    2.970960267   59.740347856
    2.983642662   59.454459458
    2.996365706   59.218998360
    3.009048102   58.947762532
    3.021771146   58.711182740
    3.034453541   58.528690595
    3.047176586   58.497120283
    3.059858981   58.532982536
    3.072582025   58.558583647
    3.085264421   58.580236642
    3.097987465   58.738705510
    3.110669860   58.969164470
    3.123392904   59.231193317
    3.136075300   59.495932842
    3.148798344   59.770210833
    3.161480739   60.052977968
    3.174203784   60.329440576
    3.186886179   60.592469242
    3.199609223   60.840127601
    3.212291619   61.068426605
    3.225014663   61.257908198
    3.237697058   61.443755219
    3.250420103   61.609764842
    3.263102498   61.755513513
    3.275825542   61.882946529
    3.288507938   61.992499807
    3.301230982   62.086277029
    3.313913377   62.165109381
    3.326636421   62.230972132
    3.339318817   62.259201178
    3.352041861   62.302140574
    3.364724256   62.335877136
    3.377447301   62.361793239
    3.390129696   62.380793537
    3.402852740   62.393985145
    3.415535136   62.403241028
    3.428258180   62.406775618
    3.440940575   62.407127550
    3.453663620   62.404966127
    3.466346015   62.400900575
    3.479069059   62.395437577
    3.491751455   62.389080434
    3.504474499   62.382197743
    3.517156894   62.375178896
    3.529879938   62.368254540
    3.542562334   62.361658851
    3.555285378   62.364485844
    3.567967773   62.358507744
    3.580690818   62.351972445
    3.593373213   62.345363211
    3.606096257   62.342256363
    3.618675088   62.341796253
    3.631237324   62.337993431
    3.643816155   62.325369277
    3.656378391   62.300829883
    3.668957222   62.260922006
    3.681519458   62.214481254
    3.694098289   62.153972261
    3.706677120   62.088610198
    3.719239356   62.013411460
    3.731818187   61.928028085
    3.744380423   61.832460992
    3.756959254   61.726180507
    3.769521490   61.603229947
    3.782100321   61.473851464
    3.794679152   61.332779836
    3.807241388   61.179848302
    3.819820219   61.014267552
    3.832382455   60.836092236
    3.844961286   60.644484949
    3.857540116   60.439337040
    3.870102353   60.278548145
    3.882681183   60.044914236
    3.895243419   59.797229071
    3.907822250   59.534835694
    3.920384486   59.258561829
    3.932963317   58.967972060
    3.945542148   58.663893009
    3.958104384   58.347427646
    3.970683215   58.018647526
    3.983245451   58.018794682
    3.995824282   57.981798547
    4.008386518   57.814910661
    4.020965349   58.132138459
    4.033544180   58.437086545
    4.046106416   58.712179910
    4.058685247   58.961756329
    4.071247483   59.185209968
    4.083826314   59.383850312
    4.096388550   59.558399279
    4.108967381   59.710934864
    4.121546212   59.843040123
    4.134108448   59.956478918
    4.146687279   60.053418217
    4.159249515   60.135359680
    4.171828346   60.204128173
    4.184390582   60.260972595
    4.196969413   60.329584212
    4.209548243   60.366898852
    4.222110480   60.395437258
    4.234689310   60.416010267
    4.247251546   60.429149453
    4.259830377   60.430735060
    4.272409208   60.431356017
    4.284971444   60.425528481
    4.297550275   60.405863933
    4.310112511   60.054145931
    4.322691342   59.724846364
    4.335253578   59.420923804
    4.347832409   59.143860674
    4.360411240   58.896519166
    4.372973476   58.681695877
    4.385552307   58.501350209
    4.398114543   58.358346282
    4.410693374   58.254410531
    4.423255610   58.190967552
    4.435834441   58.169790070
    0.000000000   62.379594143
    0.012626074   62.390173432
    0.025228680   62.421820129
    0.037854755   62.474609697
    0.050480829   62.548409762
    0.063083435   62.640794384
    0.075709510   62.755714056
    0.088312115   62.875658726
    0.100938190   62.789608053
    0.113564264   62.645300702
    0.126166870   62.498632205
    0.138792945   62.354290623
    0.151419019   62.218021388
    0.164021625   62.095543617
    0.176647699   61.991919704
    0.189273774   61.912775309
    0.201876380   61.863180339
    0.214502454   61.847311525
    0.227105060   61.868682841
    0.239731135   61.948066728
    0.252357209   62.049339365
    0.264959815   62.191032475
    0.277585889   62.372369840
    0.290211964   62.590788901
    0.302814570   62.842612113
    0.315440644   63.125286295
    0.328043250   63.432700318
    0.340669324   63.761773753
    0.353295399   64.107049217
    0.365898005   64.462786332
    0.378524079   64.825159655
    0.391150154   65.188352804
    0.403752760   65.546642081
    0.416378834   65.896536332
    0.429004908   66.232918866
    0.441607514   66.551335580
    0.454233589   66.849832260
    0.466836195   67.125035502
    0.479462269   67.376649608
    0.492088344   67.603768835
    0.504690949   67.806167818
    0.517317024   67.990963073
    0.529943098   68.150018662
    0.542545704   68.289976776
    0.555171779   68.103400078
    0.567797853   67.960480321
    0.580400459   67.786914587
    0.593026533   67.331157253
    0.605629139   66.883399293
    0.618255214   66.442068206
    0.630881288   66.008099866
    0.643483894   65.582375986
    0.656109969   65.163407746
    0.668736043   64.752093123
    0.681338649   64.349274881
    0.693964723   63.948389675
    0.706590798   63.561137528
    0.719193404   63.182631841
    0.731819478   62.811570336
    0.744422084   62.449446756
    0.757048158   62.095041420
    0.769674233   61.749153680
    0.782276839   61.412521167
    0.794902913   61.084011915
    0.807528988   60.764385982
    0.820131594   60.454340598
    0.832757668   60.297488987
    0.845383742   60.918821421
    0.857986348   61.539754911
    0.870612423   62.161822426
    0.883215029   62.781758451
    0.895841103   63.400693405
    0.908467178   64.016008002
    0.921069783   64.624752980
    0.933695858   64.880668945
    0.946321932   65.120897198
    0.958924538   64.728900025
    0.971550613   64.317417245
    0.984153219   63.923999649
    0.996779293   63.549065240
    1.009405367   63.194279525
    1.022007973   62.861154645
    1.034634048   62.549362288
    1.047260122   62.260459405
    1.059862728   61.963436507
    1.072488803   61.723129597
    1.085114877   61.508541390
    1.097717483   61.320857856
    1.110343557   61.160187696
    1.122946163   61.027861097
    1.135572238   60.924025483
    1.148198312   60.849479177
    1.160800918   60.804668627
    1.173426992   60.789667566
    1.186005823   60.804585617
    1.198568059   60.849515576
    1.211146890   60.925254526
    1.223709126   61.032459737
    1.236287957   61.172101969
    1.248850193   61.343950143
    1.261429024   61.561105063
    1.274007855   61.794978289
    1.286570091   62.055804311
    1.299148922   62.340668042
    1.311711158   62.657486804
    1.324289989   62.976206998
    1.336852225   63.304085593
    1.349431056   63.636658838
    1.362009887   63.967836704
    1.374572123   64.285918326
    1.387150954   64.595307742
    1.399713190   64.364224350
    1.412292021   64.349652076
    1.424870852   63.708184531
    1.437433088   63.066663442
    1.450011919   62.425820755
    1.462574155   61.788220705
    1.475152986   61.226408444
    1.487715222   61.320431450
    1.500294053   61.384905013
    1.512872883   61.420994879
    1.525435119   61.430706240
    1.538013950   61.416554870
    1.550576186   61.381344646
    1.563155017   61.327847794
    1.575717253   61.259012370
    1.588296084   61.163519063
    1.600874915   61.078048484
    1.613437151   60.979632117
    1.626015982   60.874687699
    1.638578218   60.765211923
    1.651157049   60.652419087
    1.663719285   60.537910701
    1.676298116   60.422516191
    1.688876947   60.315645558
    1.701439183   60.202523463
    1.714018014   60.091118761
    1.726580250   59.982364106
    1.739159081   59.876528711
    1.751721317   59.774375604
    1.764300148   59.676056898
    1.776878979   59.582076907
    1.789441215   59.663963504
    1.802020046   59.667499175
    1.814582282   59.391963849
    1.827161113   59.373475005
    1.839739943   59.450367969
    1.852302180   59.148691588
    1.864881010   59.067521395
    1.877443246   59.016225883
    1.890022077   58.970535842
    1.902584313   58.930050518
    1.915163144   58.895566166
    1.927741975   58.866354640
    1.940304211   58.842235000
    1.952883042   58.822913348
    1.965445278   58.808208436
    1.978024109   58.797867758
    1.990586345   58.791746208
    2.003165176   58.789715121
    2.015650439   58.853179957
    2.028135702   59.032426579
    2.040620966   59.302159420
    2.053106229   59.636539985
    2.065591492   60.015734051
    2.078053287   60.154195916
    2.090538550   60.184569050
    2.103023813   60.134933158
    2.115509076   59.453634858
    2.127994340   58.766812598
    2.140479603   58.074415505
    2.152964866   57.396889469
    2.165450129   56.808898333
    2.177935392   56.947028431
    2.190420656   57.068936646
    2.202905919   57.182549088
    2.215391182   57.286986524
    2.227852977   57.381463848
    2.240338240   57.465972992
    2.252823503   57.540198751
    2.265308766   57.604228421
    2.277794029   57.658337942
    2.290279293   57.702961892
    2.302764556   57.738661943
    2.315249819   57.766095589
    2.327735082   57.786014428
    2.340220345   57.799100277
    2.352705609   57.806229862
    2.365190872   57.808181610
    2.377652666   57.805725175
    2.390137930   57.799350944
    2.402623193   57.798062008
    2.415108456   57.786586234
    2.427593719   57.773363843
    2.440078982   57.758950805
    2.452564246   57.715323139
    2.465049509   57.699926040
    2.477534772   57.684775754
    2.490020035   57.670227601
    2.502505298   57.656583233
    2.514990562   57.644081670
    2.527452356   57.632889754
    2.539937619   57.650308250
    2.552422883   57.614292752
    2.564908146   57.604925653
    2.577393409   57.242412813
    2.589878672   57.256052659
    2.602561068   57.315329503
    2.615284112   57.449084367
    2.627966507   57.621520730
    2.640689552   57.813910660
    2.653371947   58.014081252
    2.666094991   58.220160298
    2.678777387   58.428288508
    2.691500431   58.638001698
    2.704182826   58.846565708
    2.716905870   59.054117042
    2.729588266   59.266222783
    2.742311310   59.465802102
    2.754993706   59.640954382
    2.767716750   59.829533181
    2.780399145   60.009956839
    2.793122189   60.181715326
    2.805804585   60.326164454
    2.818527629   60.473484995
    2.831210024   60.604006670
    2.843933069   60.714971086
    2.856615464   60.801335612
    2.869338508   60.858630300
    2.882020904   60.880364830
    2.894743948   60.860877638
    2.907426343   60.795078637
    2.920149387   60.700883390
    2.932831783   60.538309557
    2.945554827   60.316901657
    2.958237222   60.071659702
    2.970960267   59.797620571
    2.983642662   59.509589419
    2.996365706   59.281519106
    3.009048102   59.346962293
    3.021771146   59.467383199
    3.034453541   59.293455732
    3.047176586   59.157207415
    3.059858981   59.101357384
    3.072582025   59.129691251
    3.085264421   59.236162909
    3.097987465   59.407978319
    3.110669860   59.564110595
    3.123392904   59.507979964
    3.136075300   59.511930051
    3.148798344   59.796556883
    3.161480739   60.080373785
    3.174203784   60.357398534
    3.186886179   60.620996611
    3.199609223   60.869306339
    3.212291619   61.098329436
    3.225014663   61.288707700
    3.237697058   61.475359016
    3.250420103   61.642182672
    3.263102498   61.788734257
    3.275825542   61.916953018
    3.288507938   62.027262572
    3.301230982   62.121767291
    3.313913377   62.201291506
    3.326636421   62.267814398
    3.339318817   62.296772809
    3.352041861   62.340303554
    3.364724256   62.374598832
    3.377447301   62.401046141
    3.390129696   62.420548269
    3.402852740   62.434217004
    3.415535136   62.443927414
    3.428258180   62.447887176
    3.440940575   62.448639971
    3.453663620   62.446858145
    3.466346015   62.443148379
    3.479069059   62.438018565
    3.491751455   62.431967161
    3.504474499   62.425358995
    3.517156894   62.418570138
    3.529879938   62.411808429
    3.542562334   62.405256528
    3.555285378   62.407782594
    3.567967773   62.400741230
    3.580690818   62.391685932
    3.593373213   62.382931598
    3.606096257   62.379594143
    3.618675088   62.390090780
    3.631237324   62.421279688
    3.643816155   62.430135597
    3.656378391   62.448936250
    3.668957222   62.476483743
    3.681519458   62.511812590
    3.694098289   62.545291416
    3.706677120   62.591932713
    3.719239356   62.643360658
    3.731818187   62.699107238
    3.744380423   62.758488237
    3.756959254   62.741542943
    3.769521490   62.605159538
    3.782100321   62.461009358
    3.794679152   62.304089801
    3.807241388   62.134335532
    3.819820219   61.950988728
    3.832382455   61.754233393
    3.844961286   61.543276680
    3.857540116   61.318140597
    3.870102353   61.135028345
    3.882681183   60.880365649
    3.895243419   60.611449901
    3.907822250   60.327721497
    3.920384486   60.030220314
    3.932963317   59.718609165
    3.945542148   59.393891163
    3.958104384   59.057338059
    3.970683215   58.709125151
    3.983245451   58.352185343
    3.995824282   58.396666228
    4.008386518   58.750991840
    4.020965349   59.075966142
    4.033544180   59.387920010
    4.046106416   59.669632184
    4.058685247   59.925133348
    4.071247483   60.153680695
    4.083826314   60.356513332
    4.096388550   60.534301721
    4.108967381   60.689131956
    4.121546212   60.822612533
    4.134108448   60.936556726
    4.146687279   61.033190291
    4.159249515   61.114071863
    4.171828346   61.181071932
    4.184390582   61.235480162
    4.196969413   61.300455637
    4.209548243   61.334025808
    4.222110480   61.358165177
    4.234689310   61.373643800
    4.247251546   61.380960109
    4.259830377   61.375891152
    4.272409208   61.171007466
    4.284971444   60.779042233
    4.297550275   60.423237247
    4.310112511   60.404292331
    4.322691342   60.350513091
    4.335253578   60.045759908
    4.347832409   59.767732374
    4.360411240   59.519478955
    4.372973476   59.303821640
    4.385552307   59.122742139
    4.398114543   58.979132252
    4.410693374   58.874741841
    4.423255610   58.810989218
    4.435834441   58.789715121
    0.000000000   62.419822221
    0.012626074   62.420914989
    0.025228680   62.437899137
    0.037854755   62.483442787
    0.050480829   62.554399583
    0.063083435   62.645867539
    0.075709510   62.761708272
    0.088312115   62.898468018
    0.100938190   63.056377806
    0.113564264   63.222774014
    0.126166870   63.418912538
    0.138792945   63.635301720
    0.151419019   63.871270801
    0.164021625   64.125945629
    0.176647699   64.399822443
    0.189273774   64.691907657
    0.201876380   65.000973477
    0.214502454   65.327418861
    0.227105060   65.669142475
    0.239731135   66.037696523
    0.252357209   66.408905174
    0.264959815   66.791444215
    0.277585889   67.184961064
    0.290211964   67.586629866
    0.302814570   67.993147806
    0.315440644   68.423613963
    0.328043250   68.831420393
    0.340669324   69.234218941
    0.353295399   69.626070216
    0.365898005   70.000171582
    0.378524079   70.351061229
    0.391150154   70.670522903
    0.403752760   70.950411163
    0.416378834   71.184672235
    0.429004908   71.367114243
    0.441607514   71.494285673
    0.454233589   71.566304631
    0.466836195   71.547873816
    0.479462269   71.037115292
    0.492088344   70.532272852
    0.504690949   70.033209196
    0.517317024   69.540899450
    0.529943098   69.054931124
    0.542545704   68.576318283
    0.555171779   68.413714252
    0.567797853   68.248881704
    0.580400459   68.054128158
    0.593026533   68.138182401
    0.605629139   68.214538925
    0.618255214   68.285468908
    0.630881288   68.352584215
    0.643483894   68.417304511
    0.656109969   68.481198482
    0.668736043   68.545270683
    0.681338649   68.610252804
    0.693964723   68.618551588
    0.706590798   68.463915719
    0.719193404   68.319103398
    0.731819478   68.185704246
    0.744422084   68.108056997
    0.757048158   68.001838109
    0.769674233   67.910184162
    0.782276839   67.834214352
    0.794902913   67.774629259
    0.807528988   67.730914503
    0.820131594   67.706704388
    0.832757668   67.701647288
    0.845383742   67.716015096
    0.857986348   67.749032028
    0.870612423   67.299637256
    0.883215029   66.793955181
    0.895841103   66.296495354
    0.908467178   65.810629864
    0.921069783   65.338850897
    0.933695858   65.226928225
    0.946321932   65.157493022
    0.958924538   65.658188483
    0.971550613   66.185744634
    0.984153219   66.672192898
    0.996779293   67.126400349
    1.009405367   67.542905747
    1.022007973   67.917568518
    1.034634048   68.249882743
    1.047260122   68.539046245
    1.059862728   68.768173129
    1.072488803   68.975994981
    1.085114877   69.148967445
    1.097717483   69.290581441
    1.110343557   69.404818492
    1.122946163   69.494215441
    1.135572238   69.561500883
    1.148198312   69.608301926
    1.160800918   69.635841586
    1.173426992   69.644724053
    1.186005823   69.634215844
    1.198568059   69.602050431
    1.211146890   69.548413296
    1.223709126   69.473376029
    1.236287957   69.376350882
    1.248850193   69.256540253
    1.261429024   69.111352744
    1.274007855   68.936580381
    1.286570091   68.724957254
    1.299148922   68.464279853
    1.311711158   68.146904622
    1.324289989   67.749760270
    1.336852225   67.282346952
    1.349431056   66.757247924
    1.362009887   66.191847972
    1.374572123   65.592002876
    1.387150954   64.983005438
    1.399713190   64.882838220
    1.412292021   64.361853020
    1.424870852   64.582052387
    1.437433088   64.757073384
    1.450011919   64.884650815
    1.462574155   64.961050878
    1.475152986   64.986227970
    1.487715222   64.963021619
    1.500294053   64.896655454
    1.512872883   64.793624505
    1.525435119   64.660753771
    1.538013950   64.503756568
    1.550576186   64.328220663
    1.563155017   64.137922291
    1.575717253   63.936730290
    1.588296084   63.717946478
    1.600874915   63.544266392
    1.613437151   63.323637765
    1.626015982   63.098973947
    1.638578218   62.871662981
    1.651157049   62.641637596
    1.663719285   62.409818835
    1.676298116   62.175724345
    1.688876947   61.941145963
    1.701439183   61.702976731
    1.714018014   61.462068619
    1.726580250   61.218666621
    1.739159081   60.971646500
    1.751721317   60.721107153
    1.764300148   60.465781425
    1.776878979   60.205370437
    1.789441215   59.939635865
    1.802020046   59.847341481
    1.814582282   59.981504259
    1.827161113   59.731551786
    1.839739943   59.499139800
    1.852302180   59.603010314
    1.864881010   59.697927277
    1.877443246   59.778797013
    1.890022077   59.847313843
    1.902584313   59.903924987
    1.915163144   59.951277023
    1.927741975   59.989996666
    1.940304211   60.021055800
    1.952883042   60.045379194
    1.965445278   60.063581721
    1.978024109   60.076233532
    1.990586345   60.083669255
    2.003165176   60.086127920
    2.015650439   60.088037590
    2.028135702   60.093758655
    2.040620966   60.103267809
    2.053106229   60.116528370
    2.065591492   60.133504278
    2.078053287   60.425280107
    2.090538550   60.370259837
    2.103023813   60.205430861
    2.115509076   60.236117536
    2.127994340   60.269547611
    2.140479603   60.304099445
    2.152964866   60.342989248
    2.165450129   60.384131616
    2.177935392   60.441729881
    2.190420656   60.486829711
    2.202905919   60.533031351
    2.215391182   60.579821101
    2.227852977   60.626518179
    2.240338240   60.672614756
    2.252823503   60.717233782
    2.265308766   60.759470308
    2.277794029   60.798285832
    2.290279293   60.832480223
    2.302764556   60.860671555
    2.315249819   60.881282380
    2.327735082   60.931095500
    2.340220345   60.932187011
    2.352705609   60.919570370
    2.365190872   60.890763316
    2.377652666   60.843211144
    2.390137930   60.773945056
    2.402623193   60.692603071
    2.415108456   60.571431809
    2.427593719   60.420766070
    2.440078982   60.238572324
    2.452564246   60.028643808
    2.465049509   59.779166255
    2.477534772   59.496662501
    2.490020035   59.182298029
    2.502505298   58.837940642
    2.514990562   58.466011560
    2.527452356   58.070101704
    2.539937619   57.656560560
    2.552422883   57.750264204
    2.564908146   57.675400894
    2.577393409   57.401583032
    2.589878672   57.256127748
    2.602561068   57.317686708
    2.615284112   57.452409675
    2.627966507   57.706937457
    2.640689552   58.297698274
    2.653371947   58.676611397
    2.666094991   58.892235793
    2.678777387   59.106164100
    2.691500431   59.321009273
    2.704182826   59.534562234
    2.716905870   59.747245260
    2.729588266   59.964232428
    2.742311310   60.169738474
    2.754993706   60.352014205
    2.767716750   60.547522572
    2.780399145   60.735504340
    2.793122189   60.915568889
    2.805804585   61.069486886
    2.818527629   61.226667115
    2.831210024   61.367846416
    2.843933069   61.490285851
    2.856615464   61.588841886
    2.869338508   61.659034129
    2.882020904   61.692990768
    2.894743948   61.684833518
    2.907426343   61.628478126
    2.920149387   61.540897693
    2.932831783   61.381813892
    2.945554827   61.160895551
    2.958237222   60.912443467
    2.970960267   60.632410294
    2.983642662   60.335985978
    2.996365706   60.036272133
    3.009048102   59.751599276
    3.021771146   59.507174772
    3.034453541   59.345290860
    3.047176586   59.205765193
    3.059858981   59.146047848
    3.072582025   59.170540988
    3.085264421   59.273637603
    3.097987465   59.442632055
    3.110669860   59.635967800
    3.123392904   59.888980908
    3.136075300   60.165463781
    3.148798344   60.453386902
    3.161480739   60.742267321
    3.174203784   61.027289483
    3.186886179   61.301537955
    3.199609223   61.562930319
    3.212291619   61.807051730
    3.225014663   62.015679535
    3.237697058   62.220423438
    3.250420103   62.406254005
    3.263102498   62.572224918
    3.275825542   62.720056374
    3.288507938   62.849753793
    3.301230982   62.963305326
    3.313913377   63.061225577
    3.326636421   63.145468326
    3.339318817   63.191974762
    3.352041861   63.251396776
    3.364724256   63.300569283
    3.377447301   63.340925401
    3.390129696   63.373207577
    3.402852740   63.398444062
    3.415535136   63.418343579
    3.428258180   63.428790796
    3.440940575   63.410453211
    3.453663620   63.316212779
    3.466346015   63.204602384
    3.479069059   63.090719726
    3.491751455   62.978696237
    3.504474499   62.870262947
    3.517156894   62.768420033
    3.529879938   62.674810918
    3.542562334   62.592326224
    3.555285378   62.524275892
    3.567967773   62.470976381
    3.580690818   62.437763221
    3.593373213   62.423412742
    3.606096257   62.419822221
    3.618675088   62.419597495
    3.631237324   62.421469710
    3.643816155   62.473644812
    3.656378391   62.546189120
    3.668957222   62.638850867
    3.681519458   62.750761899
    3.694098289   62.876259400
    3.706677120   63.019708363
    3.719239356   63.055045736
    3.731818187   62.965949474
    3.744380423   62.860100056
    3.756959254   62.821188465
    3.769521490   62.878620193
    3.782100321   62.947194759
    3.794679152   63.017871965
    3.807241388   63.090440349
    3.819820219   63.165095699
    3.832382455   63.250781211
    3.844961286   63.330365812
    3.857540116   63.412694223
    3.870102353   63.501066807
    3.882681183   63.591349552
    3.895243419   63.686408873
    3.907822250   63.787533161
    3.920384486   63.895659794
    3.932963317   64.012439112
    3.945542148   64.137240274
    3.958104384   64.275994787
    3.970683215   64.428079365
    3.983245451   64.594520413
    3.995824282   64.776896619
    4.008386518   64.975360428
    4.020965349   65.178528368
    4.033544180   65.424646272
    4.046106416   65.666178411
    4.058685247   65.916173515
    4.071247483   66.168150588
    4.083826314   66.415264801
    4.096388550   66.647978308
    4.108967381   66.857311658
    4.121546212   66.996743844
    4.134108448   66.448269094
    4.146687279   65.909028972
    4.159249515   65.380781241
    4.171828346   64.862512397
    4.184390582   64.356025469
    4.196969413   63.860481509
    4.209548243   63.377129701
    4.222110480   62.907239216
    4.234689310   62.450322808
    4.247251546   62.008452070
    4.259830377   61.581404711
    4.272409208   61.369079872
    4.284971444   61.354805700
    4.297550275   61.033850682
    4.310112511   60.681079997
    4.322691342   60.379487820
    4.335253578   60.348601579
    4.347832409   60.312767880
    4.360411240   60.272934431
    4.372973476   60.230844115
    4.385552307   60.188805735
    4.398114543   60.150064245
    4.410693374   60.118122087
    4.423255610   60.092910595
    4.435834441   60.086127920
    0.000000000   63.443401246
    0.012626074   63.441055167
    0.025228680   63.419312101
    0.037854755   63.366821499
    0.050480829   63.288867422
    0.063083435   63.178923548
    0.075709510   63.066128485
    0.088312115   62.954904147
    0.100938190   63.059885037
    0.113564264   63.223984797
    0.126166870   63.419485822
    0.138792945   63.635615875
    0.151419019   63.871458153
    0.164021625   64.126064069
    0.176647699   64.399900685
    0.189273774   64.691961464
    0.201876380   65.001012052
    0.214502454   65.327447790
    0.227105060   65.669165345
    0.239731135   66.037715569
    0.252357209   66.408922094
    0.264959815   66.791460099
    0.277585889   67.184976669
    0.290211964   67.586645734
    0.302814570   67.993164329
    0.315440644   68.423631382
    0.328043250   68.831439009
    0.340669324   69.234259781
    0.353295399   69.626087231
    0.365898005   70.000189053
    0.378524079   70.351079031
    0.391150154   70.670540899
    0.403752760   70.950429225
    0.416378834   71.184690264
    0.429004908   71.367132185
    0.441607514   71.494303525
    0.454233589   71.566322420
    0.466836195   71.585426218
    0.479462269   71.556558589
    0.492088344   71.168409147
    0.504690949   70.664743963
    0.517317024   70.168049768
    0.529943098   69.677923009
    0.542545704   69.195364934
    0.555171779   68.718682552
    0.567797853   68.523364620
    0.580400459   68.621110255
    0.593026533   68.709537051
    0.605629139   68.790358859
    0.618255214   68.865726532
    0.630881288   68.937125735
    0.643483894   69.005834905
    0.656109969   69.072633358
    0.668736043   68.961600259
    0.681338649   68.787270260
    0.693964723   68.619969335
    0.706590798   68.464056117
    0.719193404   68.319159523
    0.731819478   68.185734813
    0.744422084   68.108078290
    0.757048158   68.001853399
    0.769674233   67.910196325
    0.782276839   67.834225287
    0.794902913   67.774641644
    0.807528988   67.730936556
    0.820131594   67.706756919
    0.832757668   67.701736578
    0.845383742   67.716210146
    0.857986348   67.751761940
    0.870612423   67.808031024
    0.883215029   67.520306484
    0.895841103   67.024055393
    0.908467178   66.537456811
    0.921069783   66.063839893
    0.933695858   65.603112356
    0.946321932   65.818570690
    0.958924538   66.395137489
    0.971550613   66.966587417
    0.984153219   67.502330121
    0.996779293   68.010147907
    1.009405367   68.483046443
    1.022007973   68.914621733
    1.034634048   69.302018351
    1.047260122   69.641891551
    1.059862728   69.910584984
    1.072488803   69.898268929
    1.085114877   69.864840950
    1.097717483   69.821201493
    1.110343557   69.775052110
    1.122946163   69.731959567
    1.135572238   69.695391064
    1.148198312   69.667817949
    1.160800918   69.650757790
    1.173426992   69.644969491
    1.186005823   69.650715275
    1.198568059   69.667675534
    1.211146890   69.695155400
    1.223709126   69.731858438
    1.236287957   69.776181225
    1.248850193   69.825857742
    1.261429024   69.878451264
    1.274007855   69.930973779
    1.286570091   69.868529047
    1.299148922   69.538776355
    1.311711158   69.133212274
    1.324289989   68.645018165
    1.336852225   68.099133537
    1.349431056   67.513532216
    1.362009887   66.903304744
    1.374572123   66.269900903
    1.387150954   65.635323966
    1.399713190   64.996308678
    1.412292021   65.140489828
    1.424870852   65.363597329
    1.437433088   65.536793609
    1.450011919   65.657130939
    1.462574155   65.720810613
    1.475152986   65.728627636
    1.487715222   65.685051678
    1.500294053   65.597025424
    1.512872883   65.472565621
    1.525435119   65.319538732
    1.538013950   65.144164434
    1.550576186   64.952306259
    1.563155017   64.747721468
    1.575717253   64.534233865
    1.588296084   64.305144079
    1.600874915   64.120044802
    1.613437151   63.892244950
    1.626015982   63.661856650
    1.638578218   63.430186541
    1.651157049   63.197078975
    1.663719285   62.963404751
    1.676298116   62.728634529
    1.688876947   62.494389506
    1.701439183   62.257857567
    1.714018014   62.019719589
    1.726580250   61.780213211
    1.739159081   61.538228049
    1.751721317   61.293853588
    1.764300148   61.045839942
    1.776878979   60.793877609
    1.789441215   60.537719901
    1.802020046   60.276493884
    1.814582282   60.038647490
    1.827161113   60.162147058
    1.839739943   60.288169252
    1.852302180   60.391896924
    1.864881010   60.487004396
    1.877443246   60.568283167
    1.890022077   60.637362130
    1.902584313   60.694839175
    1.915163144   60.742924641
    1.927741975   60.782355872
    1.940304211   60.814066900
    1.952883042   60.838956219
    1.965445278   60.857616742
    1.978024109   60.870605421
    1.990586345   60.878246560
    2.003165176   60.880774392
    2.015650439   60.882388102
    2.028135702   60.887132976
    2.040620966   60.894652456
    2.053106229   60.904012636
    2.065591492   60.912353102
    2.078053287   60.905915866
    2.090538550   60.730804923
    2.103023813   60.571379713
    2.115509076   61.023425998
    2.127994340   61.095611818
    2.140479603   61.126350751
    2.152964866   61.163841886
    2.165450129   61.204403835
    2.177935392   61.260643459
    2.190420656   61.306105540
    2.202905919   61.352953388
    2.215391182   61.400635759
    2.227852977   61.448451526
    2.240338240   61.495891550
    2.252823503   61.542081473
    2.265308766   61.586129379
    2.277794029   61.627010905
    2.290279293   61.663540781
    2.302764556   61.694357167
    2.315249819   61.717905467
    2.327735082   61.769360082
    2.340220345   61.774068046
    2.352705609   61.765444834
    2.365190872   61.741017372
    2.377652666   61.698218353
    2.390137930   61.634079887
    2.402623193   61.557785825
    2.415108456   61.442336637
    2.427593719   61.297552400
    2.440078982   61.121281815
    2.452564246   60.917243404
    2.465049509   60.673435149
    2.477534772   60.396189711
    2.490020035   60.086473715
    2.502505298   59.745869458
    2.514990562   59.376280963
    2.527452356   58.980224846
    2.539937619   58.557689219
    2.552422883   58.116131030
    2.564908146   57.761650911
    2.577393409   57.588971980
    2.589878672   57.566556737
    2.602561068   57.661037608
    2.615284112   58.085250054
    2.627966507   58.280537526
    2.640689552   58.484470157
    2.653371947   58.697789975
    2.666094991   58.911101050
    2.678777387   59.125631510
    2.691500431   59.341448714
    2.704182826   59.556061723
    2.716905870   59.769847127
    2.729588266   59.987929246
    2.742311310   60.194631589
    2.754993706   60.378321461
    2.767716750   60.575145583
    2.780399145   60.764537692
    2.793122189   60.946140539
    2.805804585   61.101801242
    2.818527629   61.260835198
    2.831210024   61.404068497
    2.843933069   61.528799621
    2.856615464   61.629869522
    2.869338508   61.702206453
    2.882020904   61.739086976
    2.894743948   61.733913963
    2.907426343   61.680401045
    2.920149387   61.595185643
    2.932831783   61.438078486
    2.945554827   61.218614906
    2.958237222   60.970888907
    2.970960267   60.691018376
    2.983642662   60.394272130
    2.996365706   60.093778146
    3.009048102   59.807789815
    3.021771146   59.556623369
    3.034453541   59.537561899
    3.047176586   59.581644316
    3.059858981   59.613825263
    3.072582025   59.631606572
    3.085264421   59.632704625
    3.097987465   59.615831816
    3.110669860   59.667413755
    3.123392904   59.919695541
    3.136075300   60.195129441
    3.148798344   60.482426163
    3.161480739   60.771058751
    3.174203784   61.056141082
    3.186886179   61.330692608
    3.199609223   61.592575411
    3.212291619   61.837323004
    3.225014663   62.046790526
    3.237697058   62.252314108
    3.250420103   62.438958943
    3.263102498   62.605753244
    3.275825542   62.754408053
    3.288507938   62.884914233
    3.301230982   62.999260089
    3.313913377   63.097953165
    3.326636421   63.182954161
    3.339318817   63.230310990
    3.352041861   63.290474983
    3.364724256   63.340402416
    3.377447301   63.381563041
    3.390129696   63.414759409
    3.402852740   63.441186318
    3.415535136   63.462646462
    3.428258180   63.477158955
    3.440940575   63.471880557
    3.453663620   63.461183235
    3.466346015   63.462386548
    3.479069059   63.463342573
    3.491751455   63.463168601
    3.504474499   63.461968232
    3.517156894   63.459998388
    3.529879938   63.457481407
    3.542562334   63.454624938
    3.555285378   63.460360258
    3.567967773   63.456791981
    3.580690818   63.451961944
    3.593373213   63.446264809
    3.606096257   63.443401246
    3.618675088   63.442535904
    3.631237324   63.437214848
    3.643816155   63.421545175
    3.656378391   63.392728399
    3.668957222   63.347755745
    3.681519458   63.295512202
    3.694098289   63.229200178
    3.706677120   63.162680914
    3.719239356   63.210655657
    3.731818187   63.388470339
    3.744380423   63.586514810
    3.756959254   63.796213953
    3.769521490   63.932869072
    3.782100321   64.006257620
    3.794679152   64.073619438
    3.807241388   64.141599702
    3.819820219   64.211049243
    3.832382455   64.290762885
    3.844961286   64.364279146
    3.857540116   64.440136355
    3.870102353   64.521483402
    3.882681183   64.604410177
    3.895243419   64.691634149
    3.907822250   64.784370955
    3.920384486   64.883519067
    3.932963317   64.990636313
    3.945542148   65.104954872
    3.958104384   65.232497617
    3.970683215   65.372462066
    3.983245451   65.525837817
    3.995824282   65.694110128
    4.008386518   65.877409514
    4.020965349   66.063495846
    4.033544180   66.291549592
    4.046106416   66.514352730
    4.058685247   66.744325636
    4.071247483   66.975046264
    4.083826314   67.199756135
    4.096388550   67.409379056
    4.108967381   67.555584715
    4.121546212   67.033849746
    4.134108448   67.090574962
    4.146687279   66.550202139
    4.159249515   66.020818428
    4.171828346   65.501418355
    4.184390582   64.993808692
    4.196969413   64.497147882
    4.209548243   64.012686739
    4.222110480   63.541695792
    4.234689310   63.083684484
    4.247251546   62.640725843
    4.259830377   62.212615517
    4.272409208   61.801178196
    4.284971444   61.408107750
    4.297550275   61.343337328
    4.310112511   61.313851545
    4.322691342   61.277107248
    4.335253578   61.233569273
    4.347832409   61.183873495
    4.360411240   61.129418259
    4.372973476   61.072440726
    4.385552307   61.015928839
    4.398114543   60.964132010
    4.410693374   60.921660003
    4.423255610   60.889971930
    4.435834441   60.880774392
    0.000000000   63.481735764
    0.012626074   63.492452329
    0.025228680   63.524520693
    0.037854755   63.578051174
    0.050480829   63.652978481
    0.063083435   63.747200929
    0.075709510   63.865177214
    0.088312115   64.003982401
    0.100938190   64.163971161
    0.113564264   64.332389757
    0.126166870   64.530741661
    0.138792945   64.749404132
    0.151419019   64.987671250
    0.164021625   65.244623746
    0.176647699   65.520717068
    0.189273774   65.814895784
    0.201876380   66.125862380
    0.214502454   66.453946488
    0.227105060   66.796952410
    0.239731135   67.165909591
    0.252357209   67.537336426
    0.264959815   67.919367133
    0.277585889   68.311472163
    0.290211964   68.710613886
    0.302814570   69.113241378
    0.315440644   69.537082091
    0.328043250   69.937164100
    0.340669324   70.329741942
    0.353295399   70.708420677
    0.365898005   71.065960865
    0.378524079   71.396438472
    0.391150154   71.691451010
    0.403752760   71.943027659
    0.416378834   72.145584363
    0.429004908   72.294040752
    0.441607514   72.386427606
    0.454233589   72.063409590
    0.466836195   71.585445673
    0.479462269   71.556577139
    0.492088344   71.485884873
    0.504690949   71.364457673
    0.517317024   71.233669018
    0.529943098   71.080054055
    0.542545704   70.909294634
    0.555171779   70.725325631
    0.567797853   70.532306470
    0.580400459   70.333836356
    0.593026533   70.131871562
    0.605629139   69.929425616
    0.618255214   69.727672692
    0.630881288   69.528653975
    0.643483894   69.334185900
    0.656109969   69.144848138
    0.668736043   68.962210111
    0.681338649   68.787804732
    0.693964723   68.659665773
    0.706590798   68.729103526
    0.719193404   68.802192332
    0.731819478   68.725957071
    0.744422084   68.640362460
    0.757048158   68.526645787
    0.769674233   68.427957834
    0.782276839   68.345562350
    0.794902913   68.280271524
    0.807528988   68.231524809
    0.820131594   68.203489665
    0.832757668   68.195751963
    0.845383742   68.207685829
    0.857986348   67.814979185
    0.870612423   67.809107843
    0.883215029   67.886897053
    0.895841103   67.986275265
    0.908467178   68.106658386
    0.921069783   68.246988101
    0.933695858   68.406520042
    0.946321932   68.583098425
    0.958924538   68.773575164
    0.971550613   68.976605726
    0.984153219   69.182694954
    0.996779293   69.385747390
    1.009405367   69.574047011
    1.022007973   69.733252976
    1.034634048   69.850286551
    1.047260122   69.917594398
    1.059862728   69.910613055
    1.072488803   69.898269718
    1.085114877   69.864841893
    1.097717483   69.821202399
    1.110343557   69.775052932
    1.122946163   69.731960262
    1.135572238   69.695391534
    1.148198312   69.667818059
    1.160800918   69.650760918
    1.173426992   69.645213045
    1.186005823   69.652431794
    1.198568059   69.674488189
    1.211146890   69.710353811
    1.223709126   69.758504550
    1.236287957   69.817036751
    1.248850193   69.883144589
    1.261429024   69.967944987
    1.274007855   70.039533872
    1.286570091   69.980177361
    1.299148922   70.022882426
    1.311711158   69.974632626
    1.324289989   69.587921477
    1.336852225   69.261943269
    1.349431056   68.984881663
    1.362009887   68.742842635
    1.374572123   68.522662682
    1.387150954   68.320106843
    1.399713190   68.128683866
    1.412292021   67.945019409
    1.424870852   67.769446646
    1.437433088   67.598410755
    1.450011919   67.432355535
    1.462574155   67.271534669
    1.475152986   67.115514426
    1.487715222   66.964815694
    1.500294053   66.819232904
    1.512872883   66.679223322
    1.525435119   66.545264099
    1.538013950   66.417347494
    1.550576186   66.296195278
    1.563155017   66.181909658
    1.575717253   66.075250740
    1.588296084   65.967678167
    1.600874915   65.889412327
    1.613437151   65.809419206
    1.626015982   65.738947094
    1.638578218   65.678772028
    1.651157049   65.629320274
    1.663719285   65.591272206
    1.676298116   65.565002864
    1.688876947   65.554715488
    1.701439183   65.553263415
    1.714018014   65.563950845
    1.726580250   65.586218384
    1.739159081   65.619142866
    1.751721317   65.661166575
    1.764300148   65.710453045
    1.776878979   65.764624133
    1.789441215   65.739971158
    1.802020046   65.655538744
    1.814582282   65.576162989
    1.827161113   65.501670389
    1.839739943   65.432201132
    1.852302180   65.367865160
    1.864881010   65.308517411
    1.877443246   65.254336324
    1.890022077   65.205197909
    1.902584313   65.161235737
    1.915163144   65.122378142
    1.927741975   65.088680333
    1.940304211   65.060187072
    1.952883042   65.036831784
    1.965445278   65.018683063
    1.978024109   65.005698310
    1.990586345   64.997915555
    2.003165176   64.995316484
    2.015650439   64.623310135
    2.028135702   63.959107378
    2.040620966   63.245320983
    2.053106229   62.521761373
    2.065591492   61.798437826
    2.078053287   61.080318790
    2.090538550   60.861427419
    2.103023813   61.057146023
    2.115509076   61.069006034
    2.127994340   61.486897486
    2.140479603   61.959213042
    2.152964866   62.438537498
    2.165450129   62.923405368
    2.177935392   63.430556814
    2.190420656   63.922110270
    2.202905919   64.415800221
    2.215391182   64.910566183
    2.227852977   65.404380554
    2.240338240   65.897925527
    2.252823503   66.388967297
    2.265308766   66.876035667
    2.277794029   67.357437620
    2.290279293   67.831165625
    2.302764556   68.294706924
    2.315249819   67.941570907
    2.327735082   67.516114250
    2.340220345   67.043341345
    2.352705609   66.552298734
    2.365190872   66.046989674
    2.377652666   65.531480117
    2.390137930   64.996463777
    2.402623193   64.508427624
    2.415108456   63.969743343
    2.427593719   63.427777035
    2.440078982   62.884070615
    2.452564246   62.362477147
    2.465049509   61.818475367
    2.477534772   61.276833687
    2.490020035   60.739060192
    2.502505298   60.206965844
    2.514990562   59.683006221
    2.527452356   59.171939730
    2.539937619   58.677863016
    2.552422883   58.206753061
    2.564908146   57.819862126
    2.577393409   57.862069570
    2.589878672   57.876233402
    2.602561068   57.946980027
    2.615284112   58.100681416
    2.627966507   58.288605676
    2.640689552   58.491369845
    2.653371947   58.911647950
    2.666094991   59.503739710
    2.678777387   60.092756058
    2.691500431   60.678584049
    2.704182826   61.256144713
    2.716905870   61.828029193
    2.729588266   62.389719094
    2.742311310   62.943157843
    2.754993706   63.442302204
    2.767716750   63.970207568
    2.780399145   64.482076233
    2.793122189   64.979335228
    2.805804585   65.411995021
    2.818527629   65.870110966
    2.831210024   66.303808183
    2.843933069   66.713091898
    2.856615464   67.091041469
    2.869338508   66.953233977
    2.882020904   66.637746279
    2.894743948   66.353718354
    2.907426343   66.111200136
    2.920149387   65.932701062
    2.932831783   65.784809237
    2.945554827   65.654631260
    2.958237222   65.603159357
    2.970960267   65.593833567
    2.983642662   65.620736887
    2.996365706   65.678221964
    3.009048102   65.760899474
    3.021771146   65.866033364
    3.034453541   65.988000709
    3.047176586   66.126940917
    3.059858981   66.280737698
    3.072582025   66.449860287
    3.085264421   66.633323187
    3.097987465   66.832916010
    3.110669860   66.699653949
    3.123392904   66.440216987
    3.136075300   66.190301581
    3.148798344   65.952206561
    3.161480739   65.730545576
    3.174203784   65.526166936
    3.186886179   65.341714496
    3.199609223   65.176393022
    3.212291619   65.030741251
    3.225014663   64.892029822
    3.237697058   64.780785349
    3.250420103   64.682932956
    3.263102498   64.596526949
    3.275825542   64.518358124
    3.288507938   64.446335834
    3.301230982   64.392016160
    3.313913377   64.325019619
    3.326636421   64.256874302
    3.339318817   64.147808775
    3.352041861   64.074699896
    3.364724256   63.996891229
    3.377447301   63.913169876
    3.390129696   63.823737301
    3.402852740   63.728144184
    3.415535136   63.657808495
    3.428258180   63.556115564
    3.440940575   63.490747788
    3.453663620   63.496509186
    3.466346015   63.500938839
    3.479069059   63.503286525
    3.491751455   63.503944142
    3.504474499   63.503325963
    3.517156894   63.501790777
    3.529879938   63.499611631
    3.542562334   63.496982465
    3.555285378   63.502775391
    3.567967773   63.498778254
    3.580690818   63.492326051
    3.593373213   63.484819740
    3.606096257   63.481735764
    3.618675088   63.492368262
    3.631237324   63.518098807
    3.643816155   63.526285244
    3.656378391   63.544232249
    3.668957222   63.570450294
    3.681519458   63.603978377
    3.694098289   63.635127441
    3.706677120   63.679255035
    3.719239356   63.727932272
    3.731818187   63.780837005
    3.744380423   63.837771618
    3.756959254   63.901814930
    3.769521490   64.010111901
    3.782100321   64.238785530
    3.794679152   64.486253763
    3.807241388   64.743841556
    3.819820219   65.010018047
    3.832382455   65.282321131
    3.844961286   65.559743951
    3.857540116   65.840217843
    3.870102353   66.124727313
    3.882681183   66.405712869
    3.895243419   66.684165824
    3.907822250   66.959115216
    3.920384486   67.228159841
    3.932963317   67.490367940
    3.945542148   67.743754114
    3.958104384   67.986443713
    3.970683215   68.217537312
    3.983245451   68.434899161
    3.995824282   68.637585781
    4.008386518   68.823384591
    4.020965349   68.962367323
    4.033544180   69.123604821
    4.046106416   69.248526452
    4.058685247   69.348766494
    4.071247483   69.286998443
    4.083826314   68.700575667
    4.096388550   68.123887087
    4.108967381   67.595682255
    4.121546212   67.640212741
    4.134108448   67.170437227
    4.146687279   67.263869023
    4.159249515   67.314480222
    4.171828346   67.326445105
    4.184390582   67.305929789
    4.196969413   67.263407649
    4.209548243   67.197156466
    4.222110480   67.118165165
    4.234689310   67.030971020
    4.247251546   66.939632151
    4.259830377   66.846966484
    4.272409208   66.725602234
    4.284971444   66.492445885
    4.297550275   66.270960558
    4.310112511   66.063341620
    4.322691342   65.870503171
    4.335253578   65.694288298
    4.347832409   65.535455295
    4.360411240   65.395363990
    4.372973476   65.275162698
    4.385552307   65.175413989
    4.398114543   65.097126010
    4.410693374   65.040690827
    4.423255610   65.006687168
    4.435834441   64.995316484
    0.000000000   63.517712358
    0.012626074   63.518641713
    0.025228680   63.536447422
    0.037854755   63.583373205
    0.050480829   63.655659635
    0.063083435   63.748652605
    0.075709510   63.866040798
    0.088312115   64.004518267
    0.100938190   64.164314361
    0.113564264   64.332617822
    0.126166870   64.530895165
    0.138792945   64.749509294
    0.151419019   64.987744458
    0.164021625   65.244675500
    0.176647699   65.520754184
    0.189273774   65.814922863
    0.201876380   66.125882574
    0.214502454   66.453961972
    0.227105060   66.796964736
    0.239731135   67.165919758
    0.252357209   67.537345352
    0.264959815   67.919375413
    0.277585889   68.311480241
    0.290211964   68.710622107
    0.302814570   69.113250022
    0.315440644   69.537091396
    0.328043250   69.937174326
    0.340669324   70.329773585
    0.353295399   70.708428400
    0.365898005   71.065968730
    0.378524079   71.396446401
    0.391150154   71.691458921
    0.403752760   71.943035477
    0.416378834   72.145592030
    0.429004908   72.294048220
    0.441607514   72.386434582
    0.454233589   72.424228808
    0.466836195   72.194118022
    0.479462269   71.678152780
    0.492088344   71.485903539
    0.504690949   71.364477324
    0.517317024   71.233689663
    0.529943098   71.080075913
    0.542545704   70.909318098
    0.555171779   70.725351249
    0.567797853   70.532335037
    0.580400459   70.333869086
    0.593026533   70.131910480
    0.605629139   69.929474332
    0.618255214   69.727738612
    0.630881288   69.528755398
    0.643483894   69.334387974
    0.656109969   69.145945316
    0.668736043   69.141833015
    0.681338649   69.209558899
    0.693964723   69.184999476
    0.706590798   69.021040216
    0.719193404   68.867778360
    0.731819478   68.726173678
    0.744422084   68.640435085
    0.757048158   68.526678772
    0.769674233   68.427976546
    0.782276839   68.345575516
    0.794902913   68.280285468
    0.807528988   68.231553239
    0.820131594   68.203568934
    0.832757668   68.195937291
    0.845383742   68.209182057
    0.857986348   68.244753055
    0.870612423   68.023069146
    0.883215029   67.887159071
    0.895841103   67.986334706
    0.908467178   68.106684106
    0.921069783   68.247002756
    0.933695858   68.406529909
    0.946321932   68.583105865
    0.958924538   68.773581219
    0.971550613   68.976610893
    0.984153219   69.182699492
    0.996779293   69.385751421
    1.009405367   69.574050591
    1.022007973   69.733256140
    1.034634048   69.850289373
    1.047260122   69.917597151
    1.059862728   69.916875486
    1.072488803   70.162047563
    1.085114877   70.365474606
    1.097717483   70.531202846
    1.110343557   70.664160484
    1.122946163   70.767667196
    1.135572238   70.845229754
    1.148198312   70.898997645
    1.160800918   70.930566367
    1.173426992   70.940774100
    1.186005823   70.929004637
    1.198568059   70.893060642
    1.211146890   70.833065308
    1.223709126   70.748938850
    1.236287957   70.639629566
    1.248850193   70.503385917
    1.261429024   70.335561421
    1.274007855   70.128247898
    1.286570091   70.106654547
    1.299148922   70.164477617
    1.311711158   70.085019624
    1.324289989   70.104553768
    1.336852225   70.108426872
    1.349431056   69.999038939
    1.362009887   69.782046983
    1.374572123   69.577284512
    1.387150954   69.382733170
    1.399713190   69.195068904
    1.412292021   69.012326666
    1.424870852   68.836110274
    1.437433088   68.663199833
    1.450011919   68.494529283
    1.462574155   68.330628960
    1.475152986   68.171240047
    1.487715222   68.017017072
    1.500294053   67.867830263
    1.512872883   67.724198291
    1.525435119   67.586638762
    1.538013950   67.455153488
    1.550576186   67.330478590
    1.563155017   67.212698841
    1.575717253   67.102562269
    1.588296084   66.991731671
    1.600874915   66.909936372
    1.613437151   66.826104765
    1.626015982   66.751525055
    1.638578218   66.686858270
    1.651157049   66.632359479
    1.663719285   66.588525507
    1.676298116   66.555478003
    1.688876947   66.537027731
    1.701439183   66.465054257
    1.714018014   66.347456359
    1.726580250   66.234531482
    1.739159081   66.126068122
    1.751721317   66.022428138
    1.764300148   65.923404577
    1.776878979   65.829196603
    1.789441215   65.821074267
    1.802020046   65.877455529
    1.814582282   65.931397389
    1.827161113   65.978756201
    1.839739943   65.907811550
    1.852302180   65.842088432
    1.864881010   65.781483688
    1.877443246   65.726173675
    1.890022077   65.676026459
    1.902584313   65.631171572
    1.915163144   65.591536254
    1.927741975   65.557170880
    1.940304211   65.528118083
    1.952883042   65.504307480
    1.965445278   65.485806996
    1.978024109   65.472571660
    1.990586345   65.464639146
    2.003165176   65.461990135
    2.015650439   65.116160472
    2.028135702   64.471209908
    2.040620966   63.767851285
    2.053106229   63.052833146
    2.065591492   62.341050695
    2.078053287   61.652075862
    2.090538550   61.140657188
    2.103023813   61.310972832
    2.115509076   61.772877789
    2.127994340   62.245232721
    2.140479603   62.725479360
    2.152964866   63.211946236
    2.165450129   63.703303523
    2.177935392   64.216274467
    2.190420656   64.713339990
    2.202905919   65.212138560
    2.215391182   65.711657714
    2.227852977   66.209895535
    2.240338240   66.707570453
    2.252823503   67.202444379
    2.265308766   67.693020774
    2.277794029   68.177404305
    2.290279293   68.645108640
    2.302764556   68.357222523
    2.315249819   68.738458429
    2.327735082   68.403550809
    2.340220345   67.923457959
    2.352705609   67.423947559
    2.365190872   66.909977181
    2.377652666   66.386021476
    2.390137930   65.843115523
    2.402623193   65.344696601
    2.415108456   64.798886291
    2.427593719   64.250202050
    2.440078982   63.700128400
    2.452564246   63.171005206
    2.465049509   62.620985813
    2.477534772   62.073164807
    2.490020035   61.528706776
    2.502505298   60.988862834
    2.514990562   60.455091722
    2.527452356   59.930280310
    2.539937619   59.415363747
    2.552422883   58.916811543
    2.564908146   58.447945013
    2.577393409   58.052704862
    2.589878672   57.876250733
    2.602561068   57.948545267
    2.615284112   58.125543731
    2.627966507   58.687812227
    2.640689552   59.282141612
    2.653371947   59.877284503
    2.666094991   60.472786942
    2.678777387   61.062932283
    2.691500431   61.650219732
    2.704182826   62.229804540
    2.716905870   62.804329943
    2.729588266   63.369460370
    2.742311310   63.926779517
    2.754993706   64.432162780
    2.767716750   64.965169558
    2.780399145   65.482690813
    2.793122189   65.986156006
    2.805804585   66.427500390
    2.818527629   66.892640720
    2.831210024   67.333556651
    2.843933069   67.650677104
    2.856615464   67.299859277
    2.869338508   66.962347670
    2.882020904   66.645078828
    2.894743948   66.359175563
    2.907426343   66.114875749
    2.920149387   65.934935580
    2.932831783   65.785954033
    2.945554827   65.655209076
    2.958237222   65.603627624
    2.970960267   65.594590472
    2.983642662   65.622057367
    2.996365706   65.680268525
    3.009048102   65.763737427
    3.021771146   65.869659970
    3.034453541   65.992377550
    3.047176586   66.131996275
    3.059858981   66.286376567
    3.072582025   66.455979385
    3.085264421   66.639808799
    3.097987465   66.839652657
    3.110669860   67.052127279
    3.123392904   67.285876631
    3.136075300   67.232336251
    3.148798344   66.997884624
    3.161480739   66.780804212
    3.174203784   66.581786040
    3.186886179   66.403163876
    3.199609223   66.243888808
    3.212291619   66.104188172
    3.225014663   65.971213420
    3.237697058   65.865173910
    3.250420103   65.771967194
    3.263102498   65.689562977
    3.275825542   65.614765366
    3.288507938   65.545480318
    3.301230982   65.493908872
    3.313913377   65.428505889
    3.326636421   65.361471215
    3.339318817   65.253564037
    3.352041861   65.180754560
    3.364724256   65.102887985
    3.377447301   65.018765122
    3.390129696   64.928560960
    3.402852740   64.831675265
    3.415535136   64.759317376
    3.428258180   64.652521088
    3.440940575   64.541652075
    3.453663620   64.427268814
    3.466346015   64.311640786
    3.479069059   64.195809674
    3.491751455   64.082481393
    3.504474499   63.973042450
    3.517156894   63.870380124
    3.529879938   63.776070100
    3.542562334   63.692951903
    3.555285378   63.624308450
    3.567967773   63.570033885
    3.580690818   63.535732148
    3.593373213   63.521152391
    3.606096257   63.517712358
    3.618675088   63.517141230
    3.631237324   63.524160351
    3.643816155   63.577046665
    3.656378391   63.650635873
    3.668957222   63.744761313
    3.681519458   63.858714294
    3.694098289   63.987742553
    3.706677120   64.140604933
    3.719239356   64.311096576
    3.731818187   64.498760305
    3.744380423   64.702083017
    3.756959254   64.920477276
    3.769521490   65.115236078
    3.782100321   65.356647645
    3.794679152   65.609126269
    3.807241388   65.870866391
    3.819820219   66.141027399
    3.832382455   66.417297270
    3.844961286   66.698740085
    3.857540116   66.983280462
    3.870102353   67.271837712
    3.882681183   67.556916758
    3.895243419   67.839388777
    3.907822250   68.118213091
    3.920384486   68.390871924
    3.932963317   68.656304976
    3.945542148   68.912333559
    3.958104384   69.156870900
    3.970683215   69.388736027
    3.983245451   69.605437196
    3.995824282   69.805552045
    4.008386518   69.986444826
    4.020965349   70.117795764
    4.033544180   70.265743145
    4.046106416   70.374020931
    4.058685247   69.881427338
    4.071247483   69.421100975
    4.083826314   69.347509321
    4.096388550   68.769662465
    4.108967381   68.200230038
    4.121546212   67.750364684
    4.134108448   67.867683946
    4.146687279   67.945510877
    4.159249515   67.984703439
    4.171828346   67.989248559
    4.184390582   67.964662575
    4.196969413   67.920085135
    4.209548243   67.853795915
    4.222110480   67.738376948
    4.234689310   67.478695637
    4.247251546   67.221238499
    4.259830377   66.969239102
    4.272409208   66.755558422
    4.284971444   66.667459431
    4.297550275   66.585554320
    4.310112511   66.508490467
    4.322691342   66.371631197
    4.335253578   66.188591325
    4.347832409   66.023559258
    4.360411240   65.877977964
    4.372973476   65.753037663
    4.385552307   65.649328087
    4.398114543   65.567908948
    4.410693374   65.509202188
    4.423255610   65.473821578
    4.435834441   65.461990135
    0.000000000   81.788495021
    0.012626074   81.799970155
    0.025228680   81.833414754
    0.037854755   81.885766941
    0.050480829   81.949421548
    0.063083435   81.996389011
    0.075709510   81.987079195
    0.088312115   81.862479359
    0.100938190   81.637432980
    0.113564264   81.345472065
    0.126166870   81.044092633
    0.138792945   80.729192306
    0.151419019   80.408673981
    0.164021625   80.087932733
    0.176647699   79.769229178
    0.189273774   79.455830039
    0.201876380   79.150456159
    0.214502454   78.853786730
    0.227105060   78.568506614
    0.239731135   78.319914462
    0.252357209   78.058511016
    0.264959815   77.812593655
    0.277585889   77.582527238
    0.290211964   77.370103375
    0.302814570   77.177047922
    0.315440644   77.025326237
    0.328043250   76.874300259
    0.340669324   76.746712935
    0.353295399   76.368617734
    0.365898005   75.817187249
    0.378524079   75.267824091
    0.391150154   74.722089495
    0.403752760   74.181435189
    0.416378834   73.644229398
    0.429004908   73.111811584
    0.441607514   72.585442505
    0.454233589   72.424236614
    0.466836195   72.411093418
    0.479462269   72.352647798
    0.492088344   72.255507136
    0.504690949   72.113114510
    0.517317024   71.961416156
    0.529943098   71.789387568
    0.542545704   71.602336724
    0.555171779   71.403753092
    0.567797853   71.197486622
    0.580400459   70.986869058
    0.593026533   70.773573969
    0.605629139   70.560466137
    0.618255214   70.348528363
    0.630881288   70.139703751
    0.643483894   69.935735367
    0.656109969   69.737098327
    0.668736043   69.545320210
    0.681338649   69.361816266
    0.693964723   69.185920757
    0.706590798   69.021398393
    0.719193404   68.868594952
    0.731819478   68.880350450
    0.744422084   68.978312939
    0.757048158   69.062010419
    0.769674233   69.146802361
    0.782276839   69.228693919
    0.794902913   69.297356415
    0.807528988   69.304970733
    0.820131594   69.175763484
    0.832757668   68.811228607
    0.845383742   68.322858904
    0.857986348   68.245774627
    0.870612423   68.304328207
    0.883215029   68.386105755
    0.895841103   68.491401342
    0.908467178   68.619881105
    0.921069783   68.770695213
    0.933695858   68.943444634
    0.946321932   69.136417206
    0.958924538   69.347145361
    0.971550613   69.575677294
    0.984153219   69.813950129
    0.996779293   70.058738203
    1.009405367   70.301724574
    1.022007973   70.531491215
    1.034634048   70.734645990
    1.047260122   70.895555695
    1.059862728   70.977906812
    1.072488803   71.036020178
    1.085114877   71.054750393
    1.097717483   71.047918566
    1.110343557   71.027453922
    1.122946163   71.002121810
    1.135572238   70.977690984
    1.148198312   70.957994230
    1.160800918   70.945368804
    1.173426992   70.941017902
    1.186005823   70.945345890
    1.198568059   70.958038487
    1.211146890   70.978324337
    1.223709126   71.004818683
    1.236287957   71.035745536
    1.248850193   71.068701342
    1.261429024   71.101025425
    1.274007855   71.129598415
    1.286570091   71.151140075
    1.299148922   71.162468917
    1.311711158   70.824818845
    1.324289989   70.506025444
    1.336852225   70.236511695
    1.349431056   70.094859647
    1.362009887   70.062850792
    1.374572123   70.012236235
    1.387150954   69.943672254
    1.399713190   69.858498225
    1.412292021   69.755168731
    1.424870852   69.660365421
    1.437433088   69.535141298
    1.450011919   69.400434223
    1.462574155   69.258412125
    1.475152986   69.110351636
    1.487715222   68.958113185
    1.500294053   68.802588273
    1.512872883   68.645102367
    1.525435119   68.486839015
    1.538013950   68.328218118
    1.550576186   68.170377103
    1.563155017   68.013517373
    1.575717253   67.858583039
    1.588296084   67.693321201
    1.600874915   67.542917232
    1.613437151   67.394743483
    1.626015982   67.249564275
    1.638578218   67.108016355
    1.651157049   66.969946427
    1.663719285   66.835910526
    1.676298116   66.705722166
    1.688876947   66.586925402
    1.701439183   66.525906877
    1.714018014   66.524996071
    1.726580250   66.533469846
    1.739159081   66.550129601
    1.751721317   66.512120111
    1.764300148   66.410549175
    1.776878979   66.313991460
    1.789441215   66.222603900
    1.802020046   66.136179963
    1.814582282   66.054978707
    1.827161113   65.981592533
    1.839739943   66.026055536
    1.852302180   66.061875084
    1.864881010   66.094535305
    1.877443246   66.121406578
    1.890022077   66.143064507
    1.902584313   66.141073570
    1.915163144   66.155791215
    1.927741975   66.167024514
    1.940304211   66.175400229
    1.952883042   66.181495124
    1.965445278   66.185752124
    1.978024109   66.188541286
    1.990586345   66.190110747
    2.003165176   66.190617830
    2.015650439   66.569997747
    2.028135702   67.256315841
    2.040620966   67.852290327
    2.053106229   67.865215645
    2.065591492   67.883785741
    2.078053287   67.909275028
    2.090538550   67.944109622
    2.103023813   67.988168537
    2.115509076   68.043859705
    2.127994340   68.112709588
    2.140479603   68.185704196
    2.152964866   68.285766885
    2.165450129   68.402142334
    2.177935392   68.535173656
    2.190420656   68.682653706
    2.202905919   68.841821095
    2.215391182   69.005757585
    2.227852977   69.160350361
    2.240338240   69.279831639
    2.252823503   69.321169705
    2.265308766   69.241682164
    2.277794029   69.035375585
    2.290279293   68.739812040
    2.302764556   69.123250287
    2.315249819   68.844393353
    2.327735082   69.183206843
    2.340220345   69.598201957
    2.352705609   69.989392492
    2.365190872   70.351456230
    2.377652666   70.678297682
    2.390137930   70.934489174
    2.402623193   71.178883447
    2.415108456   71.374117461
    2.427593719   71.440457754
    2.440078982   71.161504874
    2.452564246   70.904429164
    2.465049509   70.704618089
    2.477534772   70.544742584
    2.490020035   70.423941116
    2.502505298   70.340573785
    2.514990562   70.292374760
    2.527452356   70.276624653
    2.539937619   70.290255570
    2.552422883   70.330151680
    2.564908146   70.393066605
    2.577393409   70.475730847
    2.589878672   70.574859289
    2.602561068   70.524799994
    2.615284112   70.495481501
    2.627966507   70.481324448
    2.640689552   70.476194182
    2.653371947   70.473850043
    2.666094991   70.467736322
    2.678777387   70.451211168
    2.691500431   70.417454123
    2.704182826   70.360270824
    2.716905870   70.273534628
    2.729588266   70.204046974
    2.742311310   70.048221055
    2.754993706   69.851411446
    2.767716750   69.617885490
    2.780399145   69.350042717
    2.793122189   69.050710346
    2.805804585   68.712634515
    2.818527629   68.367340520
    2.831210024   68.012202570
    2.843933069   67.752254274
    2.856615464   68.012971075
    2.869338508   67.662214325
    2.882020904   67.337017838
    2.894743948   67.044702822
    2.907426343   66.796426901
    2.920149387   66.616205891
    2.932831783   66.470076631
    2.945554827   66.347284668
    2.958237222   66.305489439
    2.970960267   66.308805314
    2.983642662   66.350336697
    2.996365706   66.423754980
    3.009048102   66.522984251
    3.021771146   66.644972844
    3.034453541   66.783702088
    3.047176586   66.939175601
    3.059858981   67.108973600
    3.072582025   67.293476199
    3.085264421   67.491399686
    3.097987465   67.704408709
    3.110669860   67.738301398
    3.123392904   67.480288669
    3.136075300   67.539041496
    3.148798344   67.813811542
    3.161480739   68.110657237
    3.174203784   68.432968820
    3.186886179   68.779932109
    3.199609223   69.154622630
    3.212291619   69.555000312
    3.225014663   69.968865747
    3.237697058   70.424108118
    3.250420103   70.905768650
    3.263102498   71.409241431
    3.275825542   71.935919511
    3.288507938   72.480384717
    3.301230982   73.055863369
    3.313913377   73.633501373
    3.326636421   74.225432046
    3.339318817   74.822486256
    3.352041861   75.431642281
    3.364724256   76.042744304
    3.377447301   76.656493777
    3.390129696   77.265482339
    3.402852740   77.869785037
    3.415535136   78.486123093
    3.428258180   79.068676842
    3.440940575   79.629838987
    3.453663620   80.168207231
    3.466346015   80.675351580
    3.479069059   81.149746971
    3.491751455   81.584118146
    3.504474499   81.977757885
    3.517156894   82.325614028
    3.529879938   82.208290247
    3.542562334   82.079374314
    3.555285378   81.975928945
    3.567967773   81.893946210
    3.580690818   81.835274318
    3.593373213   81.800220793
    3.606096257   81.788495021
    3.618675088   81.799938624
    3.631237324   81.834011134
    3.643816155   81.890107438
    3.656378391   81.966468406
    3.668957222   82.058167836
    3.681519458   82.154360468
    3.694098289   82.201625218
    3.706677120   81.892510859
    3.719239356   81.506081147
    3.731818187   81.088895899
    3.744380423   80.647363372
    3.756959254   80.185712251
    3.769521490   79.685352764
    3.782100321   79.205207287
    3.794679152   78.719659710
    3.807241388   78.233564353
    3.819820219   77.749448372
    3.832382455   77.272013956
    3.844961286   76.803077355
    3.857540116   76.346031526
    3.870102353   75.909501027
    3.882681183   75.485260528
    3.895243419   75.080258933
    3.907822250   74.695104637
    3.920384486   74.332260925
    3.932963317   73.991999406
    3.945542148   73.675835800
    3.958104384   73.384960395
    3.970683215   73.119241459
    3.983245451   72.879846910
    3.995824282   72.666461043
    4.008386518   72.329443168
    4.020965349   71.698439373
    4.033544180   71.096794056
    4.046106416   70.485271596
    4.058685247   70.451717506
    4.071247483   69.935092698
    4.083826314   69.462390756
    4.096388550   69.469053822
    4.108967381   69.437951439
    4.121546212   69.366943678
    4.134108448   69.255950856
    4.146687279   69.106788703
    4.159249515   68.924209509
    4.171828346   68.713653971
    4.184390582   68.482202315
    4.196969413   68.257432040
    4.209548243   68.001039802
    4.222110480   67.778099457
    4.234689310   67.691109493
    4.247251546   67.601282818
    4.259830377   67.509947093
    4.272409208   67.262239857
    4.284971444   67.018947813
    4.297550275   66.788274659
    4.310112511   66.572382687
    4.322691342   66.438977184
    4.335253578   66.377388462
    4.347832409   66.324758630
    4.360411240   66.281663484
    4.372973476   66.248375634
    4.385552307   66.224583632
    4.398114543   66.209468847
    4.410693374   66.201325539
    4.423255610   66.191456839
    4.435834441   66.190617830
    0.000000000   82.890678157
    0.012626074   82.902110462
    0.025228680   82.934660907
    0.037854755   82.981592752
    0.050480829   83.021538392
    0.063083435   82.955409262
    0.075709510   82.785908937
    0.088312115   82.548691898
    0.100938190   82.277052678
    0.113564264   81.973024864
    0.126166870   81.673823018
    0.138792945   81.367919899
    0.151419019   81.059913099
    0.164021625   80.753592004
    0.176647699   80.450456947
    0.189273774   80.153303909
    0.201876380   79.864572495
    0.214502454   79.584864670
    0.227105060   79.316729504
    0.239731135   79.083346036
    0.252357209   78.839650692
    0.264959815   78.611578763
    0.277585889   78.399593820
    0.290211964   78.205491655
    0.302814570   78.031000897
    0.315440644   77.898000682
    0.328043250   77.766191671
    0.340669324   77.650499399
    0.353295399   77.083846587
    0.365898005   76.521850744
    0.378524079   75.962884811
    0.391150154   75.408391811
    0.403752760   74.859722845
    0.416378834   74.315120785
    0.429004908   73.775860611
    0.441607514   73.243146883
    0.454233589   72.715188125
    0.466836195   72.411100600
    0.479462269   72.352655204
    0.492088344   72.255514745
    0.504690949   72.113122551
    0.517317024   71.961424636
    0.529943098   71.789396560
    0.542545704   71.602346368
    0.555171779   71.403763569
    0.567797853   71.197498176
    0.580400459   70.986882030
    0.593026533   70.773588868
    0.605629139   70.560483737
    0.618255214   70.348549936
    0.630881288   70.139731516
    0.643483894   69.935773632
    0.656109969   69.737157034
    0.668736043   69.545429733
    0.681338649   69.362165111
    0.693964723   69.260953059
    0.706590798   69.333094348
    0.719193404   69.408051829
    0.731819478   69.485707623
    0.744422084   69.581964314
    0.757048158   69.663493678
    0.769674233   69.743876608
    0.782276839   69.818004575
    0.794902913   69.874167974
    0.807528988   69.868731353
    0.820131594   69.757839693
    0.832757668   69.457113308
    0.845383742   69.013700041
    0.857986348   68.526516101
    0.870612423   68.304710381
    0.883215029   68.386170383
    0.895841103   68.491422214
    0.908467178   68.619888435
    0.921069783   68.770696957
    0.933695858   68.943445570
    0.946321932   69.136419529
    0.958924538   69.347148421
    0.971550613   69.575680739
    0.984153219   69.813953728
    0.996779293   70.058741808
    1.009405367   70.301728072
    1.022007973   70.531494516
    1.034634048   70.734649022
    1.047260122   70.895558418
    1.059862728   70.977909206
    1.072488803   71.036022321
    1.085114877   71.054752343
    1.097717483   71.047920364
    1.110343557   71.027455583
    1.122946163   71.002123319
    1.135572238   70.977692255
    1.148198312   70.957994920
    1.160800918   70.945371097
    1.173426992   70.941258219
    1.186005823   70.947010014
    1.198568059   70.964610937
    1.211146890   70.992852468
    1.223709126   71.029930485
    1.236287957   71.073460905
    1.248850193   71.120058040
    1.261429024   71.179498665
    1.274007855   71.219841852
    1.286570091   71.248586607
    1.299148922   71.206023910
    1.311711158   71.188005070
    1.324289989   71.169624032
    1.336852225   71.133546085
    1.349431056   71.069477070
    1.362009887   70.962271297
    1.374572123   70.843287569
    1.387150954   70.721952040
    1.399713190   70.607785468
    1.412292021   70.505889186
    1.424870852   70.420873954
    1.437433088   70.267685579
    1.450011919   70.107688683
    1.462574155   69.942933175
    1.475152986   69.774417743
    1.487715222   69.603830035
    1.500294053   69.431791656
    1.512872883   69.259446307
    1.525435119   69.087805528
    1.538013950   68.917085151
    1.550576186   68.748305588
    1.563155017   68.581508389
    1.575717253   68.417549684
    1.588296084   68.244942482
    1.600874915   68.086978326
    1.613437151   67.931974027
    1.626015982   67.780525654
    1.638578218   67.633229566
    1.651157049   67.489867447
    1.663719285   67.350965710
    1.676298116   67.216286591
    1.688876947   67.092866567
    1.701439183   66.967217838
    1.714018014   66.846119653
    1.726580250   66.729966022
    1.739159081   66.618515628
    1.751721317   66.573349124
    1.764300148   66.601317215
    1.776878979   66.631982535
    1.789441215   66.663309135
    1.802020046   66.693601820
    1.814582282   66.721368749
    1.827161113   66.745852325
    1.839739943   66.766187117
    1.852302180   66.780366542
    1.864881010   66.792818966
    1.877443246   66.801776858
    1.890022077   66.807774020
    1.902584313   66.793439295
    1.915163144   66.796484665
    1.927741975   66.797996637
    1.940304211   66.798454901
    1.952883042   66.798271422
    1.965445278   66.797782723
    1.978024109   66.797248303
    1.990586345   66.796854449
    2.003165176   66.796710682
    2.015650439   67.150196617
    2.028135702   67.818199521
    2.040620966   68.560326012
    2.053106229   68.602483222
    2.065591492   68.619763596
    2.078053287   68.643540957
    2.090538550   68.676426308
    2.103023813   68.717808214
    2.115509076   68.770326542
    2.127994340   68.835543101
    2.140479603   68.904332539
    2.152964866   69.000105220
    2.165450129   69.112139886
    2.177935392   69.241162257
    2.190420656   69.385270745
    2.202905919   69.542661694
    2.215391182   69.708020745
    2.227852977   69.870366326
    2.240338240   70.009657206
    2.252823503   70.089065654
    2.265308766   70.060741756
    2.277794029   69.897601379
    2.290279293   69.616813213
    2.302764556   69.254108065
    2.315249819   69.576369910
    2.327735082   70.013640269
    2.340220345   70.430705181
    2.352705609   70.823048998
    2.365190872   71.185517338
    2.377652666   71.511942395
    2.390137930   71.766238802
    2.402623193   72.008447853
    2.415108456   72.200544987
    2.427593719   72.276540241
    2.440078982   71.989970576
    2.452564246   71.725741839
    2.465049509   71.519330283
    2.477534772   71.353477484
    2.490020035   71.227377620
    2.502505298   71.139419924
    2.514990562   71.087341133
    2.527452356   71.068407603
    2.539937619   71.079504601
    2.552422883   71.117480265
    2.564908146   71.179044546
    2.577393409   71.260888572
    2.589878672   71.359696222
    2.602561068   71.309796963
    2.615284112   71.280855783
    2.627966507   71.267262828
    2.640689552   71.262842842
    2.653371947   71.261287219
    2.666094991   71.255957781
    2.678777387   71.240092692
    2.691500431   71.206730697
    2.704182826   71.149504797
    2.716905870   71.062103008
    2.729588266   70.991024898
    2.742311310   70.832834611
    2.754993706   70.632702223
    2.767716750   70.394653327
    2.780399145   70.121215586
    2.793122189   69.815227227
    2.805804585   69.469884654
    2.818527629   69.116161651
    2.831210024   68.751773659
    2.843933069   68.382534343
    2.856615464   68.024075391
    2.869338508   67.672297862
    2.882020904   67.345218190
    2.894743948   67.050876954
    2.907426343   66.800639088
    2.920149387   66.618806809
    2.932831783   66.471447507
    2.945554827   66.348008181
    2.958237222   66.306079684
    2.970960267   66.309702273
    2.983642662   66.351836334
    2.996365706   66.426025373
    3.009048102   66.526087414
    3.021771146   66.648899483
    3.034453541   66.788408195
    3.047176586   66.944585084
    3.059858981   67.114989031
    3.072582025   67.299994059
    3.085264421   67.498307571
    3.097987465   67.711593842
    3.110669860   67.936270879
    3.123392904   68.180451496
    3.136075300   68.441898958
    3.148798344   68.723434511
    3.161480739   69.024745497
    3.174203784   69.349188624
    3.186886179   69.695907584
    3.199609223   70.068034421
    3.212291619   70.463715796
    3.225014663   70.870138810
    3.237697058   71.316978631
    3.250420103   71.788827869
    3.263102498   72.281408880
    3.275825542   72.796275973
    3.288507938   73.328266837
    3.301230982   73.890085962
    3.313913377   74.454148353
    3.326636421   75.031960741
    3.339318817   75.614106887
    3.352041861   76.208063510
    3.364724256   76.803270066
    3.377447301   77.400174933
    3.390129696   77.991311222
    3.402852740   78.576473814
    3.415535136   79.172531157
    3.428258180   79.733240085
    3.440940575   80.271164284
    3.453663620   80.784873625
    3.466346015   81.266376758
    3.479069059   81.714440115
    3.491751455   82.122564338
    3.504474499   82.490584858
    3.517156894   82.814344031
    3.529879938   83.095036477
    3.542562334   83.181886203
    3.555285378   83.078280757
    3.567967773   82.996220630
    3.580690818   82.937498003
    3.593373213   82.902414214
    3.606096257   82.890678157
    3.618675088   82.902118867
    3.631237324   82.935999931
    3.643816155   82.990885661
    3.656378391   83.061889416
    3.668957222   83.125600056
    3.681519458   83.102003062
    3.694098289   82.746437108
    3.706677120   82.421168921
    3.719239356   82.062333264
    3.731818187   81.673328839
    3.744380423   81.259981212
    3.756959254   80.826217924
    3.769521490   80.353166847
    3.782100321   79.899650121
    3.794679152   79.439947438
    3.807241388   78.978857466
    3.819820219   78.518978608
    3.832382455   78.064963025
    3.844961286   77.618697486
    3.857540116   77.183537710
    3.870102353   76.768891446
    3.882681183   76.364999600
    3.895243419   75.979382658
    3.907822250   75.612612098
    3.920384486   75.267002486
    3.932963317   74.942763971
    3.945542148   74.641281118
    3.958104384   74.363625588
    3.970683215   74.109609336
    3.983245451   73.880293420
    3.995824282   73.621317883
    4.008386518   72.983191529
    4.020965349   72.351262079
    4.033544180   71.748363553
    4.046106416   71.135684728
    4.058685247   70.530680714
    4.071247483   70.494700153
    4.083826314   70.499130235
    4.096388550   70.461655647
    4.108967381   70.380301281
    4.121546212   70.255501056
    4.134108448   70.090546681
    4.146687279   69.890300153
    4.159249515   69.661900980
    4.171828346   69.411672863
    4.184390582   69.146747585
    4.196969413   68.891351465
    4.209548243   68.611533561
    4.222110480   68.331522959
    4.234689310   68.053819371
    4.247251546   67.781854708
    4.259830377   67.517171460
    4.272409208   67.419540287
    4.284971444   67.331860811
    4.297550275   67.249355425
    4.310112511   67.171159267
    4.322691342   67.099122630
    4.335253578   67.034238583
    4.347832409   66.976980721
    4.360411240   66.927921264
    4.372973476   66.887396087
    4.385552307   66.855339903
    4.398114543   66.831576709
    4.410693374   66.815468365
    4.423255610   66.799639793
    4.435834441   66.796710682
