 -24.81663  0.000D+00  0.000D+00  0.000D+00  0.000D+00  0.000D+00  0.000D+00  0.000D+00  0.000D+00  0.000D+00
 -24.79570  0.000D+00  0.000D+00  0.000D+00  0.000D+00  0.000D+00  0.000D+00  0.000D+00  0.000D+00  0.000D+00
 -24.77478  0.000D+00  0.000D+00  0.000D+00  0.000D+00  0.000D+00  0.000D+00  0.000D+00  0.000D+00  0.000D+00
 -24.75386  0.000D+00  0.000D+00  0.000D+00  0.000D+00  0.000D+00  0.000D+00  0.000D+00  0.000D+00  0.000D+00
 -24.73293  0.000D+00  0.000D+00  0.000D+00  0.000D+00  0.000D+00  0.000D+00  0.000D+00  0.000D+00  0.000D+00
 -24.71201  0.000D+00  0.000D+00  0.000D+00  0.000D+00  0.000D+00  0.000D+00  0.000D+00  0.000D+00  0.000D+00
 -24.69109  0.000D+00  0.000D+00  0.000D+00  0.000D+00  0.000D+00  0.000D+00  0.000D+00  0.000D+00  0.000D+00
 -24.67016  0.000D+00  0.000D+00  0.000D+00  0.000D+00  0.000D+00  0.000D+00  0.000D+00  0.000D+00  0.000D+00
 -24.64924  0.000D+00  0.000D+00  0.000D+00  0.000D+00  0.000D+00  0.000D+00  0.000D+00  0.000D+00  0.000D+00
 -24.62832  0.000D+00  0.000D+00  0.000D+00  0.000D+00  0.000D+00  0.000D+00  0.000D+00  0.000D+00  0.000D+00
 -24.60739  0.000D+00  0.000D+00  0.000D+00  0.000D+00  0.000D+00  0.000D+00  0.000D+00  0.000D+00  0.000D+00
 -24.58647  0.000D+00  0.000D+00  0.000D+00  0.000D+00  0.000D+00  0.000D+00  0.000D+00  0.000D+00  0.000D+00
 -24.56555  0.000D+00  0.000D+00  0.000D+00  0.000D+00  0.000D+00  0.000D+00  0.000D+00  0.000D+00  0.000D+00
 -24.54463  0.000D+00  0.000D+00  0.000D+00  0.000D+00  0.000D+00  0.000D+00  0.000D+00  0.000D+00  0.000D+00
 -24.52370  0.000D+00  0.000D+00  0.000D+00  0.000D+00  0.000D+00  0.000D+00  0.000D+00  0.000D+00  0.000D+00
 -24.50278  0.000D+00  0.000D+00  0.000D+00  0.000D+00  0.000D+00  0.000D+00  0.000D+00  0.000D+00  0.000D+00
 -24.48186  0.000D+00  0.000D+00  0.000D+00  0.000D+00  0.000D+00  0.000D+00  0.000D+00  0.000D+00  0.000D+00
 -24.46093  0.000D+00  0.000D+00  0.000D+00  0.000D+00  0.000D+00  0.000D+00  0.000D+00  0.000D+00  0.000D+00
 -24.44001  0.000D+00  0.000D+00  0.000D+00  0.000D+00  0.000D+00  0.000D+00  0.000D+00  0.000D+00  0.000D+00
 -24.41909  0.000D+00  0.000D+00  0.000D+00  0.000D+00  0.000D+00  0.000D+00  0.000D+00  0.000D+00  0.000D+00
 -24.39816  0.000D+00  0.000D+00  0.000D+00  0.000D+00  0.000D+00  0.000D+00  0.000D+00  0.000D+00  0.000D+00
 -24.37724  0.000D+00  0.000D+00  0.000D+00  0.000D+00  0.000D+00  0.000D+00  0.000D+00  0.000D+00  0.000D+00
 -24.35632  0.000D+00  0.000D+00  0.000D+00  0.000D+00  0.000D+00  0.000D+00  0.000D+00  0.000D+00  0.000D+00
 -24.33539  0.000D+00  0.000D+00  0.000D+00  0.000D+00  0.000D+00  0.000D+00  0.000D+00  0.000D+00  0.000D+00
 -24.31447  0.000D+00  0.000D+00  0.000D+00  0.000D+00  0.000D+00  0.000D+00  0.000D+00  0.000D+00  0.000D+00
 -24.29355  0.000D+00  0.000D+00  0.000D+00  0.000D+00  0.000D+00  0.000D+00  0.000D+00  0.000D+00  0.000D+00
 -24.27263  0.000D+00  0.000D+00  0.000D+00  0.000D+00  0.000D+00  0.000D+00  0.000D+00  0.000D+00  0.000D+00
 -24.25170  0.000D+00  0.000D+00  0.000D+00  0.000D+00  0.000D+00  0.000D+00  0.000D+00  0.000D+00  0.000D+00
 -24.23078  0.000D+00  0.000D+00  0.000D+00  0.000D+00  0.000D+00  0.000D+00  0.000D+00  0.000D+00  0.000D+00
 -24.20986  0.000D+00  0.000D+00  0.000D+00  0.000D+00  0.000D+00  0.000D+00  0.000D+00  0.000D+00  0.000D+00
 -24.18893  0.000D+00  0.000D+00  0.000D+00  0.000D+00  0.000D+00  0.000D+00  0.000D+00  0.000D+00  0.000D+00
 -24.16801  0.000D+00  0.000D+00  0.000D+00  0.000D+00  0.000D+00  0.000D+00  0.000D+00  0.000D+00  0.000D+00
 -24.14709  0.000D+00  0.000D+00  0.000D+00  0.000D+00  0.000D+00  0.000D+00  0.000D+00  0.000D+00  0.000D+00
 -24.12616  0.000D+00  0.000D+00  0.000D+00  0.000D+00  0.000D+00  0.000D+00  0.000D+00  0.000D+00  0.000D+00
 -24.10524  0.000D+00  0.000D+00  0.000D+00  0.000D+00  0.000D+00  0.000D+00  0.000D+00  0.000D+00  0.000D+00
 -24.08432  0.000D+00  0.000D+00  0.000D+00  0.000D+00  0.000D+00  0.000D+00  0.000D+00  0.000D+00  0.000D+00
 -24.06339  0.000D+00  0.000D+00  0.000D+00  0.000D+00  0.000D+00  0.000D+00  0.000D+00  0.000D+00  0.000D+00
 -24.04247  0.000D+00  0.000D+00  0.000D+00  0.000D+00  0.000D+00  0.000D+00  0.000D+00  0.000D+00  0.000D+00
 -24.02155  0.000D+00  0.000D+00  0.000D+00  0.000D+00  0.000D+00  0.000D+00  0.000D+00  0.000D+00  0.000D+00
 -24.00063  0.000D+00  0.000D+00  0.000D+00  0.000D+00  0.000D+00  0.000D+00  0.000D+00  0.000D+00  0.000D+00
 -23.97970  0.000D+00  0.000D+00  0.000D+00  0.000D+00  0.000D+00  0.000D+00  0.000D+00  0.000D+00  0.000D+00
 -23.95878  0.000D+00  0.000D+00  0.000D+00  0.000D+00  0.000D+00  0.000D+00  0.000D+00  0.000D+00  0.000D+00
 -23.93786  0.000D+00  0.000D+00  0.000D+00  0.000D+00  0.000D+00  0.000D+00  0.000D+00  0.000D+00  0.000D+00
 -23.91693  0.000D+00  0.000D+00  0.000D+00  0.000D+00  0.000D+00  0.000D+00  0.000D+00  0.000D+00  0.000D+00
 -23.89601  0.000D+00  0.000D+00  0.000D+00  0.000D+00  0.000D+00  0.000D+00  0.000D+00  0.000D+00  0.000D+00
 -23.87509  0.000D+00  0.000D+00  0.000D+00  0.000D+00  0.000D+00  0.000D+00  0.000D+00  0.000D+00  0.000D+00
 -23.85416  0.000D+00  0.000D+00  0.000D+00  0.000D+00  0.000D+00  0.000D+00  0.000D+00  0.000D+00  0.000D+00
 -23.83324  0.000D+00  0.000D+00  0.000D+00  0.000D+00  0.000D+00  0.000D+00  0.000D+00  0.000D+00  0.000D+00
 -23.81232  0.000D+00  0.000D+00  0.000D+00  0.000D+00  0.000D+00  0.000D+00  0.000D+00  0.000D+00  0.000D+00
 -23.79139  0.000D+00  0.000D+00  0.000D+00  0.000D+00  0.000D+00  0.000D+00  0.000D+00  0.000D+00  0.000D+00
 -23.77047  0.000D+00  0.000D+00  0.000D+00  0.000D+00  0.000D+00  0.000D+00  0.000D+00  0.000D+00  0.000D+00
 -23.74955  0.000D+00  0.000D+00  0.000D+00  0.000D+00  0.000D+00  0.000D+00  0.000D+00  0.000D+00  0.000D+00
 -23.72863  0.000D+00  0.000D+00  0.000D+00  0.000D+00  0.000D+00  0.000D+00  0.000D+00  0.000D+00  0.000D+00
 -23.70770  0.000D+00  0.000D+00  0.000D+00  0.000D+00  0.000D+00  0.000D+00  0.000D+00  0.000D+00  0.000D+00
 -23.68678  0.000D+00  0.000D+00  0.000D+00  0.000D+00  0.000D+00  0.000D+00  0.000D+00  0.000D+00  0.000D+00
 -23.66586  0.000D+00  0.000D+00  0.000D+00  0.000D+00  0.000D+00  0.000D+00  0.000D+00  0.000D+00  0.000D+00
 -23.64493  0.000D+00  0.000D+00  0.000D+00  0.000D+00  0.000D+00  0.000D+00  0.000D+00  0.000D+00  0.000D+00
 -23.62401  0.000D+00  0.000D+00  0.000D+00  0.000D+00  0.000D+00  0.000D+00  0.000D+00  0.000D+00  0.000D+00
 -23.60309  0.000D+00  0.000D+00  0.000D+00  0.000D+00  0.000D+00  0.000D+00  0.000D+00  0.000D+00  0.000D+00
 -23.58216  0.000D+00  0.000D+00  0.000D+00  0.000D+00  0.000D+00  0.000D+00  0.000D+00  0.000D+00  0.000D+00
 -23.56124  0.000D+00  0.000D+00  0.000D+00  0.000D+00  0.000D+00  0.000D+00  0.000D+00  0.000D+00  0.000D+00
 -23.54032  0.000D+00  0.000D+00  0.000D+00  0.000D+00  0.000D+00  0.000D+00  0.000D+00  0.000D+00  0.000D+00
 -23.51939  0.000D+00  0.000D+00  0.000D+00  0.000D+00  0.000D+00  0.000D+00  0.000D+00  0.000D+00  0.000D+00
 -23.49847  0.000D+00  0.000D+00  0.000D+00  0.000D+00  0.000D+00  0.000D+00  0.000D+00  0.000D+00  0.000D+00
 -23.47755  0.000D+00  0.000D+00  0.000D+00  0.000D+00  0.000D+00  0.000D+00  0.000D+00  0.000D+00  0.000D+00
 -23.45663  0.000D+00  0.000D+00  0.000D+00  0.000D+00  0.000D+00  0.000D+00  0.000D+00  0.000D+00  0.000D+00
 -23.43570  0.000D+00  0.000D+00  0.000D+00  0.000D+00  0.000D+00  0.000D+00  0.000D+00  0.000D+00  0.000D+00
 -23.41478  0.000D+00  0.000D+00  0.000D+00  0.000D+00  0.000D+00  0.000D+00  0.000D+00  0.000D+00  0.000D+00
 -23.39386  0.000D+00  0.000D+00  0.000D+00  0.000D+00  0.000D+00  0.000D+00  0.000D+00  0.000D+00  0.000D+00
 -23.37293  0.000D+00  0.000D+00  0.000D+00  0.000D+00  0.000D+00  0.000D+00  0.000D+00  0.000D+00  0.000D+00
 -23.35201  0.000D+00  0.000D+00  0.000D+00  0.000D+00  0.000D+00  0.000D+00  0.000D+00  0.000D+00  0.000D+00
 -23.33109  0.000D+00  0.000D+00  0.000D+00  0.000D+00  0.000D+00  0.000D+00  0.000D+00  0.000D+00  0.000D+00
 -23.31016  0.000D+00  0.000D+00  0.000D+00  0.000D+00  0.000D+00  0.000D+00  0.000D+00  0.000D+00  0.000D+00
 -23.28924  0.000D+00  0.000D+00  0.000D+00  0.000D+00  0.000D+00  0.000D+00  0.000D+00  0.000D+00  0.000D+00
 -23.26832  0.000D+00  0.000D+00  0.000D+00  0.000D+00  0.000D+00  0.000D+00  0.000D+00  0.000D+00  0.000D+00
 -23.24739  0.000D+00  0.000D+00  0.000D+00  0.000D+00  0.000D+00  0.000D+00  0.000D+00  0.000D+00  0.000D+00
 -23.22647  0.000D+00  0.000D+00  0.000D+00  0.000D+00  0.000D+00  0.000D+00  0.000D+00  0.000D+00  0.000D+00
 -23.20555  0.000D+00  0.000D+00  0.000D+00  0.000D+00  0.000D+00  0.000D+00  0.000D+00  0.000D+00  0.000D+00
 -23.18463  0.000D+00  0.000D+00  0.000D+00  0.000D+00  0.000D+00  0.000D+00  0.000D+00  0.000D+00  0.000D+00
 -23.16370  0.000D+00  0.000D+00  0.000D+00  0.000D+00  0.000D+00  0.000D+00  0.000D+00  0.000D+00  0.000D+00
 -23.14278  0.000D+00  0.000D+00  0.000D+00  0.000D+00  0.000D+00  0.000D+00  0.000D+00  0.000D+00  0.000D+00
 -23.12186  0.000D+00  0.000D+00  0.000D+00  0.000D+00  0.000D+00  0.000D+00  0.000D+00  0.000D+00  0.000D+00
 -23.10093  0.000D+00  0.000D+00  0.000D+00  0.000D+00  0.000D+00  0.000D+00  0.000D+00  0.000D+00  0.000D+00
 -23.08001  0.000D+00  0.000D+00  0.000D+00  0.000D+00  0.000D+00  0.000D+00  0.000D+00  0.000D+00  0.000D+00
 -23.05909  0.000D+00  0.000D+00  0.000D+00  0.000D+00  0.000D+00  0.000D+00  0.000D+00  0.000D+00  0.000D+00
 -23.03816  0.000D+00  0.000D+00  0.000D+00  0.000D+00  0.000D+00  0.000D+00  0.000D+00  0.000D+00  0.000D+00
 -23.01724  0.000D+00  0.000D+00  0.000D+00  0.000D+00  0.000D+00  0.000D+00  0.000D+00  0.000D+00  0.000D+00
 -22.99632  0.000D+00  0.000D+00  0.000D+00  0.000D+00  0.000D+00  0.000D+00  0.000D+00  0.000D+00  0.000D+00
 -22.97539  0.000D+00  0.000D+00  0.000D+00  0.000D+00  0.000D+00  0.000D+00  0.000D+00  0.000D+00  0.000D+00
 -22.95447  0.000D+00  0.000D+00  0.000D+00  0.000D+00  0.000D+00  0.000D+00  0.000D+00  0.000D+00  0.000D+00
 -22.93355  0.000D+00  0.000D+00  0.000D+00  0.000D+00  0.000D+00  0.000D+00  0.000D+00  0.000D+00  0.000D+00
 -22.91263  0.000D+00  0.000D+00  0.000D+00  0.000D+00  0.000D+00  0.000D+00  0.000D+00  0.000D+00  0.000D+00
 -22.89170  0.000D+00  0.000D+00  0.000D+00  0.000D+00  0.000D+00  0.000D+00  0.000D+00  0.000D+00  0.000D+00
 -22.87078  0.000D+00  0.000D+00  0.000D+00  0.000D+00  0.000D+00  0.000D+00  0.000D+00  0.000D+00  0.000D+00
 -22.84986  0.000D+00  0.000D+00  0.000D+00  0.000D+00  0.000D+00  0.000D+00  0.000D+00  0.000D+00  0.000D+00
 -22.82893  0.000D+00  0.000D+00  0.000D+00  0.000D+00  0.000D+00  0.000D+00  0.000D+00  0.000D+00  0.000D+00
 -22.80801  0.000D+00  0.000D+00  0.000D+00  0.000D+00  0.000D+00  0.000D+00  0.000D+00  0.000D+00  0.000D+00
 -22.78709  0.000D+00  0.000D+00  0.000D+00  0.000D+00  0.000D+00  0.000D+00  0.000D+00  0.000D+00  0.000D+00
 -22.76616  0.000D+00  0.000D+00  0.000D+00  0.000D+00  0.000D+00  0.000D+00  0.000D+00  0.000D+00  0.000D+00
 -22.74524  0.000D+00  0.000D+00  0.000D+00  0.000D+00  0.000D+00  0.000D+00  0.000D+00  0.000D+00  0.000D+00
 -22.72432  0.000D+00  0.000D+00  0.000D+00  0.000D+00  0.000D+00  0.000D+00  0.000D+00  0.000D+00  0.000D+00
 -22.70339  0.000D+00  0.000D+00  0.000D+00  0.000D+00  0.000D+00  0.000D+00  0.000D+00  0.000D+00  0.000D+00
 -22.68247  0.000D+00  0.000D+00  0.000D+00  0.000D+00  0.000D+00  0.000D+00  0.000D+00  0.000D+00  0.000D+00
 -22.66155  0.000D+00  0.000D+00  0.000D+00  0.000D+00  0.000D+00  0.000D+00  0.000D+00  0.000D+00  0.000D+00
 -22.64063  0.000D+00  0.000D+00  0.000D+00  0.000D+00  0.000D+00  0.000D+00  0.000D+00  0.000D+00  0.000D+00
 -22.61970  0.000D+00  0.000D+00  0.000D+00  0.000D+00  0.000D+00  0.000D+00  0.000D+00  0.000D+00  0.000D+00
 -22.59878  0.000D+00  0.000D+00  0.000D+00  0.000D+00  0.000D+00  0.000D+00  0.000D+00  0.000D+00  0.000D+00
 -22.57786  0.000D+00  0.000D+00  0.000D+00  0.000D+00  0.000D+00  0.000D+00  0.000D+00  0.000D+00  0.000D+00
 -22.55693  0.000D+00  0.000D+00  0.000D+00  0.000D+00  0.000D+00  0.000D+00  0.000D+00  0.000D+00  0.000D+00
 -22.53601  0.000D+00  0.000D+00  0.000D+00  0.000D+00  0.000D+00  0.000D+00  0.000D+00  0.000D+00  0.000D+00
 -22.51509  0.000D+00  0.000D+00  0.000D+00  0.000D+00  0.000D+00  0.000D+00  0.000D+00  0.000D+00  0.000D+00
 -22.49416  0.000D+00  0.000D+00  0.000D+00  0.000D+00  0.000D+00  0.000D+00  0.000D+00  0.000D+00  0.000D+00
 -22.47324  0.000D+00  0.000D+00  0.000D+00  0.000D+00  0.000D+00  0.000D+00  0.000D+00  0.000D+00  0.000D+00
 -22.45232  0.000D+00  0.000D+00  0.000D+00  0.000D+00  0.000D+00  0.000D+00  0.000D+00  0.000D+00  0.000D+00
 -22.43139  0.000D+00  0.000D+00  0.000D+00  0.000D+00  0.000D+00  0.000D+00  0.000D+00  0.000D+00  0.000D+00
 -22.41047  0.000D+00  0.000D+00  0.000D+00  0.000D+00  0.000D+00  0.000D+00  0.000D+00  0.000D+00  0.000D+00
 -22.38955  0.000D+00  0.000D+00  0.000D+00  0.000D+00  0.000D+00  0.000D+00  0.000D+00  0.000D+00  0.000D+00
 -22.36863  0.000D+00  0.000D+00  0.000D+00  0.000D+00  0.000D+00  0.000D+00  0.000D+00  0.000D+00  0.000D+00
 -22.34770  0.000D+00  0.000D+00  0.000D+00  0.000D+00  0.000D+00  0.000D+00  0.000D+00  0.000D+00  0.000D+00
 -22.32678  0.000D+00  0.000D+00  0.000D+00  0.000D+00  0.000D+00  0.000D+00  0.000D+00  0.000D+00  0.000D+00
 -22.30586  0.000D+00  0.000D+00  0.000D+00  0.000D+00  0.000D+00  0.000D+00  0.000D+00  0.000D+00  0.000D+00
 -22.28493  0.000D+00  0.000D+00  0.000D+00  0.000D+00  0.000D+00  0.000D+00  0.000D+00  0.000D+00  0.000D+00
 -22.26401  0.000D+00  0.000D+00  0.000D+00  0.000D+00  0.000D+00  0.000D+00  0.000D+00  0.000D+00  0.000D+00
 -22.24309  0.000D+00  0.000D+00  0.000D+00  0.000D+00  0.000D+00  0.000D+00  0.000D+00  0.000D+00  0.000D+00
 -22.22216  0.000D+00  0.000D+00  0.000D+00  0.000D+00  0.000D+00  0.000D+00  0.000D+00  0.000D+00  0.000D+00
 -22.20124  0.000D+00  0.000D+00  0.000D+00  0.000D+00  0.000D+00  0.000D+00  0.000D+00  0.000D+00  0.000D+00
 -22.18032  0.000D+00  0.000D+00  0.000D+00  0.000D+00  0.000D+00  0.000D+00  0.000D+00  0.000D+00  0.000D+00
 -22.15939  0.000D+00  0.000D+00  0.000D+00  0.000D+00  0.000D+00  0.000D+00  0.000D+00  0.000D+00  0.000D+00
 -22.13847  0.000D+00  0.000D+00  0.000D+00  0.000D+00  0.000D+00  0.000D+00  0.000D+00  0.000D+00  0.000D+00
 -22.11755  0.000D+00  0.000D+00  0.000D+00  0.000D+00  0.000D+00  0.000D+00  0.000D+00  0.000D+00  0.000D+00
 -22.09663  0.000D+00  0.000D+00  0.000D+00  0.000D+00  0.000D+00  0.000D+00  0.000D+00  0.000D+00  0.000D+00
 -22.07570  0.000D+00  0.000D+00  0.000D+00  0.000D+00  0.000D+00  0.000D+00  0.000D+00  0.000D+00  0.000D+00
 -22.05478  0.000D+00  0.000D+00  0.000D+00  0.000D+00  0.000D+00  0.000D+00  0.000D+00  0.000D+00  0.000D+00
 -22.03386  0.000D+00  0.000D+00  0.000D+00  0.000D+00  0.000D+00  0.000D+00  0.000D+00  0.000D+00  0.000D+00
 -22.01293  0.000D+00  0.000D+00  0.000D+00  0.000D+00  0.000D+00  0.000D+00  0.000D+00  0.000D+00  0.000D+00
 -21.99201  0.000D+00  0.000D+00  0.000D+00  0.000D+00  0.000D+00  0.000D+00  0.000D+00  0.000D+00  0.000D+00
 -21.97109  0.000D+00  0.000D+00  0.000D+00  0.000D+00  0.000D+00  0.000D+00  0.000D+00  0.000D+00  0.000D+00
 -21.95016  0.000D+00  0.000D+00  0.000D+00  0.000D+00  0.000D+00  0.000D+00  0.000D+00  0.000D+00  0.000D+00
 -21.92924  0.000D+00  0.000D+00  0.000D+00  0.000D+00  0.000D+00  0.000D+00  0.000D+00  0.000D+00  0.000D+00
 -21.90832  0.000D+00  0.000D+00  0.000D+00  0.000D+00  0.000D+00  0.000D+00  0.000D+00  0.000D+00  0.000D+00
 -21.88739  0.000D+00  0.000D+00  0.000D+00  0.000D+00  0.000D+00  0.000D+00  0.000D+00  0.000D+00  0.000D+00
 -21.86647  0.000D+00  0.000D+00  0.000D+00  0.000D+00  0.000D+00  0.000D+00  0.000D+00  0.000D+00  0.000D+00
 -21.84555  0.000D+00  0.000D+00  0.000D+00  0.000D+00  0.000D+00  0.000D+00  0.000D+00  0.000D+00  0.000D+00
 -21.82463  0.000D+00  0.000D+00  0.000D+00  0.000D+00  0.000D+00  0.000D+00  0.000D+00  0.000D+00  0.000D+00
 -21.80370  0.000D+00  0.000D+00  0.000D+00  0.000D+00  0.000D+00  0.000D+00  0.000D+00  0.000D+00  0.000D+00
 -21.78278  0.000D+00  0.000D+00  0.000D+00  0.000D+00  0.000D+00  0.000D+00  0.000D+00  0.000D+00  0.000D+00
 -21.76186  0.000D+00  0.000D+00  0.000D+00  0.000D+00  0.000D+00  0.000D+00  0.000D+00  0.000D+00  0.000D+00
 -21.74093  0.000D+00  0.000D+00  0.000D+00  0.000D+00  0.000D+00  0.000D+00  0.000D+00  0.000D+00  0.000D+00
 -21.72001  0.000D+00  0.000D+00  0.000D+00  0.000D+00  0.000D+00  0.000D+00  0.000D+00  0.000D+00  0.000D+00
 -21.69909  0.000D+00  0.000D+00  0.000D+00  0.000D+00  0.000D+00  0.000D+00  0.000D+00  0.000D+00  0.000D+00
 -21.67816  0.000D+00  0.000D+00  0.000D+00  0.000D+00  0.000D+00  0.000D+00  0.000D+00  0.000D+00  0.000D+00
 -21.65724  0.000D+00  0.000D+00  0.000D+00  0.000D+00  0.000D+00  0.000D+00  0.000D+00  0.000D+00  0.000D+00
 -21.63632  0.000D+00  0.000D+00  0.000D+00  0.000D+00  0.000D+00  0.000D+00  0.000D+00  0.000D+00  0.000D+00
 -21.61539  0.000D+00  0.000D+00  0.000D+00  0.000D+00  0.000D+00  0.000D+00  0.000D+00  0.000D+00  0.000D+00
 -21.59447  0.000D+00  0.000D+00  0.000D+00  0.000D+00  0.000D+00  0.000D+00  0.000D+00  0.000D+00  0.000D+00
 -21.57355  0.000D+00  0.000D+00  0.000D+00  0.000D+00  0.000D+00  0.000D+00  0.000D+00  0.000D+00  0.000D+00
 -21.55263  0.000D+00  0.000D+00  0.000D+00  0.000D+00  0.000D+00  0.000D+00  0.000D+00  0.000D+00  0.000D+00
 -21.53170  0.000D+00  0.000D+00  0.000D+00  0.000D+00  0.000D+00  0.000D+00  0.000D+00  0.000D+00  0.000D+00
 -21.51078  0.000D+00  0.000D+00  0.000D+00  0.000D+00  0.000D+00  0.000D+00  0.000D+00  0.000D+00  0.000D+00
 -21.48986  0.000D+00  0.000D+00  0.000D+00  0.000D+00  0.000D+00  0.000D+00  0.000D+00  0.000D+00  0.000D+00
 -21.46893  0.000D+00  0.000D+00  0.000D+00  0.000D+00  0.000D+00  0.000D+00  0.000D+00  0.000D+00  0.000D+00
 -21.44801  0.000D+00  0.000D+00  0.000D+00  0.000D+00  0.000D+00  0.000D+00  0.000D+00  0.000D+00  0.000D+00
 -21.42709  0.000D+00  0.000D+00  0.000D+00  0.000D+00  0.000D+00  0.000D+00  0.000D+00  0.000D+00  0.000D+00
 -21.40616  0.000D+00  0.000D+00  0.000D+00  0.000D+00  0.000D+00  0.000D+00  0.000D+00  0.000D+00  0.000D+00
 -21.38524  0.000D+00  0.000D+00  0.000D+00  0.000D+00  0.000D+00  0.000D+00  0.000D+00  0.000D+00  0.000D+00
 -21.36432  0.000D+00  0.000D+00  0.000D+00  0.000D+00  0.000D+00  0.000D+00  0.000D+00  0.000D+00  0.000D+00
 -21.34339  0.000D+00  0.000D+00  0.000D+00  0.000D+00  0.000D+00  0.000D+00  0.000D+00  0.000D+00  0.000D+00
 -21.32247  0.000D+00  0.000D+00  0.000D+00  0.000D+00  0.000D+00  0.000D+00  0.000D+00  0.000D+00  0.000D+00
 -21.30155  0.000D+00  0.000D+00  0.000D+00  0.000D+00  0.000D+00  0.000D+00  0.000D+00  0.000D+00  0.000D+00
 -21.28063  0.000D+00  0.000D+00  0.000D+00  0.000D+00  0.000D+00  0.000D+00  0.000D+00  0.000D+00  0.000D+00
 -21.25970  0.000D+00  0.000D+00  0.000D+00  0.000D+00  0.000D+00  0.000D+00  0.000D+00  0.000D+00  0.000D+00
 -21.23878  0.000D+00  0.000D+00  0.000D+00  0.000D+00  0.000D+00  0.000D+00  0.000D+00  0.000D+00  0.000D+00
 -21.21786  0.000D+00  0.000D+00  0.000D+00  0.000D+00  0.000D+00  0.000D+00  0.000D+00  0.000D+00  0.000D+00
 -21.19693  0.000D+00  0.000D+00  0.000D+00  0.000D+00  0.000D+00  0.000D+00  0.000D+00  0.000D+00  0.000D+00
 -21.17601  0.000D+00  0.000D+00  0.000D+00  0.000D+00  0.000D+00  0.000D+00  0.000D+00  0.000D+00  0.000D+00
 -21.15509  0.000D+00  0.000D+00  0.000D+00  0.000D+00  0.000D+00  0.000D+00  0.000D+00  0.000D+00  0.000D+00
 -21.13416  0.000D+00  0.000D+00  0.000D+00  0.000D+00  0.000D+00  0.000D+00  0.000D+00  0.000D+00  0.000D+00
 -21.11324  0.000D+00  0.000D+00  0.000D+00  0.000D+00  0.000D+00  0.000D+00  0.000D+00  0.000D+00  0.000D+00
 -21.09232  0.000D+00  0.000D+00  0.000D+00  0.000D+00  0.000D+00  0.000D+00  0.000D+00  0.000D+00  0.000D+00
 -21.07139  0.000D+00  0.000D+00  0.000D+00  0.000D+00  0.000D+00  0.000D+00  0.000D+00  0.000D+00  0.000D+00
 -21.05047  0.000D+00  0.000D+00  0.000D+00  0.000D+00  0.000D+00  0.000D+00  0.000D+00  0.000D+00  0.000D+00
 -21.02955  0.000D+00  0.000D+00  0.000D+00  0.000D+00  0.000D+00  0.000D+00  0.000D+00  0.000D+00  0.000D+00
 -21.00863  0.000D+00  0.000D+00  0.000D+00  0.000D+00  0.000D+00  0.000D+00  0.000D+00  0.000D+00  0.000D+00
 -20.98770  0.000D+00  0.000D+00  0.000D+00  0.000D+00  0.000D+00  0.000D+00  0.000D+00  0.000D+00  0.000D+00
 -20.96678  0.000D+00  0.000D+00  0.000D+00  0.000D+00  0.000D+00  0.000D+00  0.000D+00  0.000D+00  0.000D+00
 -20.94586  0.000D+00  0.000D+00  0.000D+00  0.000D+00  0.000D+00  0.000D+00  0.000D+00  0.000D+00  0.000D+00
 -20.92493  0.000D+00  0.000D+00  0.000D+00  0.000D+00  0.000D+00  0.000D+00  0.000D+00  0.000D+00  0.000D+00
 -20.90401  0.000D+00  0.000D+00  0.000D+00  0.000D+00  0.000D+00  0.000D+00  0.000D+00  0.000D+00  0.000D+00
 -20.88309  0.000D+00  0.000D+00  0.000D+00  0.000D+00  0.000D+00  0.000D+00  0.000D+00  0.000D+00  0.000D+00
 -20.86216  0.000D+00  0.000D+00  0.000D+00  0.000D+00  0.000D+00  0.000D+00  0.000D+00  0.000D+00  0.000D+00
 -20.84124  0.000D+00  0.000D+00  0.000D+00  0.000D+00  0.000D+00  0.000D+00  0.000D+00  0.000D+00  0.000D+00
 -20.82032  0.000D+00  0.000D+00  0.000D+00  0.000D+00  0.000D+00  0.000D+00  0.000D+00  0.000D+00  0.000D+00
 -20.79939  0.000D+00  0.000D+00  0.000D+00  0.000D+00  0.000D+00  0.000D+00  0.000D+00  0.000D+00  0.000D+00
 -20.77847  0.000D+00  0.000D+00  0.000D+00  0.000D+00  0.000D+00  0.000D+00  0.000D+00  0.000D+00  0.000D+00
 -20.75755  0.000D+00  0.000D+00  0.000D+00  0.000D+00  0.000D+00  0.000D+00  0.000D+00  0.000D+00  0.000D+00
 -20.73663  0.000D+00  0.000D+00  0.000D+00  0.000D+00  0.000D+00  0.000D+00  0.000D+00  0.000D+00  0.000D+00
 -20.71570  0.000D+00  0.000D+00  0.000D+00  0.000D+00  0.000D+00  0.000D+00  0.000D+00  0.000D+00  0.000D+00
 -20.69478  0.000D+00  0.000D+00  0.000D+00  0.000D+00  0.000D+00  0.000D+00  0.000D+00  0.000D+00  0.000D+00
 -20.67386  0.000D+00  0.000D+00  0.000D+00  0.000D+00  0.000D+00  0.000D+00  0.000D+00  0.000D+00  0.000D+00
 -20.65293  0.000D+00  0.000D+00  0.000D+00  0.000D+00  0.000D+00  0.000D+00  0.000D+00  0.000D+00  0.000D+00
 -20.63201  0.000D+00  0.000D+00  0.000D+00  0.000D+00  0.000D+00  0.000D+00  0.000D+00  0.000D+00  0.000D+00
 -20.61109  0.000D+00  0.000D+00  0.000D+00  0.000D+00  0.000D+00  0.000D+00  0.000D+00  0.000D+00  0.000D+00
 -20.59016  0.000D+00  0.000D+00  0.000D+00  0.000D+00  0.000D+00  0.000D+00  0.000D+00  0.000D+00  0.000D+00
 -20.56924  0.000D+00  0.000D+00  0.000D+00  0.000D+00  0.000D+00  0.000D+00  0.000D+00  0.000D+00  0.000D+00
 -20.54832  0.000D+00  0.000D+00  0.000D+00  0.000D+00  0.000D+00  0.000D+00  0.000D+00  0.000D+00  0.000D+00
 -20.52739  0.000D+00  0.000D+00  0.000D+00  0.000D+00  0.000D+00  0.000D+00  0.000D+00  0.000D+00  0.000D+00
 -20.50647  0.000D+00  0.000D+00  0.000D+00  0.000D+00  0.000D+00  0.000D+00  0.000D+00  0.000D+00  0.000D+00
 -20.48555  0.000D+00  0.000D+00  0.000D+00  0.000D+00  0.000D+00  0.000D+00  0.000D+00  0.000D+00  0.000D+00
 -20.46463  0.000D+00  0.000D+00  0.000D+00  0.000D+00  0.000D+00  0.000D+00  0.000D+00  0.000D+00  0.000D+00
 -20.44370  0.000D+00  0.000D+00  0.000D+00  0.000D+00  0.000D+00  0.000D+00  0.000D+00  0.000D+00  0.000D+00
 -20.42278  0.000D+00  0.000D+00  0.000D+00  0.000D+00  0.000D+00  0.000D+00  0.000D+00  0.000D+00  0.000D+00
 -20.40186  0.000D+00  0.000D+00  0.000D+00  0.000D+00  0.000D+00  0.000D+00  0.000D+00  0.000D+00  0.000D+00
 -20.38093  0.000D+00  0.000D+00  0.000D+00  0.000D+00  0.000D+00  0.000D+00  0.000D+00  0.000D+00  0.000D+00
 -20.36001  0.000D+00  0.000D+00  0.000D+00  0.000D+00  0.000D+00  0.000D+00  0.000D+00  0.000D+00  0.000D+00
 -20.33909  0.000D+00  0.000D+00  0.000D+00  0.000D+00  0.000D+00  0.000D+00  0.000D+00  0.000D+00  0.000D+00
 -20.31816  0.000D+00  0.000D+00  0.000D+00  0.000D+00  0.000D+00  0.000D+00  0.000D+00  0.000D+00  0.000D+00
 -20.29724  0.000D+00  0.000D+00  0.000D+00  0.000D+00  0.000D+00  0.000D+00  0.000D+00  0.000D+00  0.000D+00
 -20.27632  0.000D+00  0.000D+00  0.000D+00  0.000D+00  0.000D+00  0.000D+00  0.000D+00  0.000D+00  0.000D+00
 -20.25539  0.000D+00  0.000D+00  0.000D+00  0.000D+00  0.000D+00  0.000D+00  0.000D+00  0.000D+00  0.000D+00
 -20.23447  0.000D+00  0.000D+00  0.000D+00  0.000D+00  0.000D+00  0.000D+00  0.000D+00  0.000D+00  0.000D+00
 -20.21355  0.000D+00  0.000D+00  0.000D+00  0.000D+00  0.000D+00  0.000D+00  0.000D+00  0.000D+00  0.000D+00
 -20.19263  0.000D+00  0.000D+00  0.000D+00  0.000D+00  0.000D+00  0.000D+00  0.000D+00  0.000D+00  0.000D+00
 -20.17170  0.000D+00  0.000D+00  0.000D+00  0.000D+00  0.000D+00  0.000D+00  0.000D+00  0.000D+00  0.000D+00
 -20.15078  0.000D+00  0.000D+00  0.000D+00  0.000D+00  0.000D+00  0.000D+00  0.000D+00  0.000D+00  0.000D+00
 -20.12986  0.000D+00  0.000D+00  0.000D+00  0.000D+00  0.000D+00  0.000D+00  0.000D+00  0.000D+00  0.000D+00
 -20.10893  0.000D+00  0.000D+00  0.000D+00  0.000D+00  0.000D+00  0.000D+00  0.000D+00  0.000D+00  0.000D+00
 -20.08801  0.000D+00  0.000D+00  0.000D+00  0.000D+00  0.000D+00  0.000D+00  0.000D+00  0.000D+00  0.000D+00
 -20.06709  0.000D+00  0.000D+00  0.000D+00  0.000D+00  0.000D+00  0.000D+00  0.000D+00  0.000D+00  0.000D+00
 -20.04616  0.000D+00  0.000D+00  0.000D+00  0.000D+00  0.000D+00  0.000D+00  0.000D+00  0.000D+00  0.000D+00
 -20.02524  0.000D+00  0.000D+00  0.000D+00  0.000D+00  0.000D+00  0.000D+00  0.000D+00  0.000D+00  0.000D+00
 -20.00432  0.000D+00  0.000D+00  0.000D+00  0.000D+00  0.000D+00  0.000D+00  0.000D+00  0.000D+00  0.000D+00
 -19.98339  0.000D+00  0.000D+00  0.000D+00  0.000D+00  0.000D+00  0.000D+00  0.000D+00  0.000D+00  0.000D+00
 -19.96247  0.000D+00  0.000D+00  0.000D+00  0.000D+00  0.000D+00  0.000D+00  0.000D+00  0.000D+00  0.000D+00
 -19.94155  0.000D+00  0.000D+00  0.000D+00  0.000D+00  0.000D+00  0.000D+00  0.000D+00  0.000D+00  0.000D+00
 -19.92063  0.000D+00  0.000D+00  0.000D+00  0.000D+00  0.000D+00  0.000D+00  0.000D+00  0.000D+00  0.000D+00
 -19.89970  0.000D+00  0.000D+00  0.000D+00  0.000D+00  0.000D+00  0.000D+00  0.000D+00  0.000D+00  0.000D+00
 -19.87878  0.000D+00  0.000D+00  0.000D+00  0.000D+00  0.000D+00  0.000D+00  0.000D+00  0.000D+00  0.000D+00
 -19.85786  0.000D+00  0.000D+00  0.000D+00  0.000D+00  0.000D+00  0.000D+00  0.000D+00  0.000D+00  0.000D+00
 -19.83693  0.000D+00  0.000D+00  0.000D+00  0.000D+00  0.000D+00  0.000D+00  0.000D+00  0.000D+00  0.000D+00
 -19.81601  0.000D+00  0.000D+00  0.000D+00  0.000D+00  0.000D+00  0.000D+00  0.000D+00  0.000D+00  0.000D+00
 -19.79509  0.000D+00  0.000D+00  0.000D+00  0.000D+00  0.000D+00  0.000D+00  0.000D+00  0.000D+00  0.000D+00
 -19.77416  0.000D+00  0.000D+00  0.000D+00  0.000D+00  0.000D+00  0.000D+00  0.000D+00  0.000D+00  0.000D+00
 -19.75324  0.000D+00  0.000D+00  0.000D+00  0.000D+00  0.000D+00  0.000D+00  0.000D+00  0.000D+00  0.000D+00
 -19.73232  0.000D+00  0.000D+00  0.000D+00  0.000D+00  0.000D+00  0.000D+00  0.000D+00  0.000D+00  0.000D+00
 -19.71139  0.000D+00  0.000D+00  0.000D+00  0.000D+00  0.000D+00  0.000D+00  0.000D+00  0.000D+00  0.000D+00
 -19.69047  0.000D+00  0.000D+00  0.000D+00  0.000D+00  0.000D+00  0.000D+00  0.000D+00  0.000D+00  0.000D+00
 -19.66955  0.000D+00  0.000D+00  0.000D+00  0.000D+00  0.000D+00  0.000D+00  0.000D+00  0.000D+00  0.000D+00
 -19.64863  0.000D+00  0.000D+00  0.000D+00  0.000D+00  0.000D+00  0.000D+00  0.000D+00  0.000D+00  0.000D+00
 -19.62770  0.000D+00  0.000D+00  0.000D+00  0.000D+00  0.000D+00  0.000D+00  0.000D+00  0.000D+00  0.000D+00
 -19.60678  0.000D+00  0.000D+00  0.000D+00  0.000D+00  0.000D+00  0.000D+00  0.000D+00  0.000D+00  0.000D+00
 -19.58586  0.000D+00  0.000D+00  0.000D+00  0.000D+00  0.000D+00  0.000D+00  0.000D+00  0.000D+00  0.000D+00
 -19.56493  0.000D+00  0.000D+00  0.000D+00  0.000D+00  0.000D+00  0.000D+00  0.000D+00  0.000D+00  0.000D+00
 -19.54401  0.000D+00  0.000D+00  0.000D+00  0.000D+00  0.000D+00  0.000D+00  0.000D+00  0.000D+00  0.000D+00
 -19.52309  0.000D+00  0.000D+00  0.000D+00  0.000D+00  0.000D+00  0.000D+00  0.000D+00  0.000D+00  0.000D+00
 -19.50216  0.000D+00  0.000D+00  0.000D+00  0.000D+00  0.000D+00  0.000D+00  0.000D+00  0.000D+00  0.000D+00
 -19.48124  0.000D+00  0.000D+00  0.000D+00  0.000D+00  0.000D+00  0.000D+00  0.000D+00  0.000D+00  0.000D+00
 -19.46032  0.000D+00  0.000D+00  0.000D+00  0.000D+00  0.000D+00  0.000D+00  0.000D+00  0.000D+00  0.000D+00
 -19.43939  0.000D+00  0.000D+00  0.000D+00  0.000D+00  0.000D+00  0.000D+00  0.000D+00  0.000D+00  0.000D+00
 -19.41847  0.000D+00  0.000D+00  0.000D+00  0.000D+00  0.000D+00  0.000D+00  0.000D+00  0.000D+00  0.000D+00
 -19.39755  0.000D+00  0.000D+00  0.000D+00  0.000D+00  0.000D+00  0.000D+00  0.000D+00  0.000D+00  0.000D+00
 -19.37663  0.000D+00  0.000D+00  0.000D+00  0.000D+00  0.000D+00  0.000D+00  0.000D+00  0.000D+00  0.000D+00
 -19.35570  0.000D+00  0.000D+00  0.000D+00  0.000D+00  0.000D+00  0.000D+00  0.000D+00  0.000D+00  0.000D+00
 -19.33478  0.000D+00  0.000D+00  0.000D+00  0.000D+00  0.000D+00  0.000D+00  0.000D+00  0.000D+00  0.000D+00
 -19.31386  0.000D+00  0.000D+00  0.000D+00  0.000D+00  0.000D+00  0.000D+00  0.000D+00  0.000D+00  0.000D+00
 -19.29293  0.000D+00  0.000D+00  0.000D+00  0.000D+00  0.000D+00  0.000D+00  0.000D+00  0.000D+00  0.000D+00
 -19.27201  0.000D+00  0.000D+00  0.000D+00  0.000D+00  0.000D+00  0.000D+00  0.000D+00  0.000D+00  0.000D+00
 -19.25109  0.000D+00  0.000D+00  0.000D+00  0.000D+00  0.000D+00  0.000D+00  0.000D+00  0.000D+00  0.000D+00
 -19.23016  0.000D+00  0.000D+00  0.000D+00  0.000D+00  0.000D+00  0.000D+00  0.000D+00  0.000D+00  0.000D+00
 -19.20924  0.000D+00  0.000D+00  0.000D+00  0.000D+00  0.000D+00  0.000D+00  0.000D+00  0.000D+00  0.000D+00
 -19.18832  0.000D+00  0.000D+00  0.000D+00  0.000D+00  0.000D+00  0.000D+00  0.000D+00  0.000D+00  0.000D+00
 -19.16739  0.000D+00  0.000D+00  0.000D+00  0.000D+00  0.000D+00  0.000D+00  0.000D+00  0.000D+00  0.000D+00
 -19.14647  0.000D+00  0.000D+00  0.000D+00  0.000D+00  0.000D+00  0.000D+00  0.000D+00  0.000D+00  0.000D+00
 -19.12555  0.000D+00  0.000D+00  0.000D+00  0.000D+00  0.000D+00  0.000D+00  0.000D+00  0.000D+00  0.000D+00
 -19.10463  0.000D+00  0.000D+00  0.000D+00  0.000D+00  0.000D+00  0.000D+00  0.000D+00  0.000D+00  0.000D+00
 -19.08370  0.000D+00  0.000D+00  0.000D+00  0.000D+00  0.000D+00  0.000D+00  0.000D+00  0.000D+00  0.000D+00
 -19.06278  0.000D+00  0.000D+00  0.000D+00  0.000D+00  0.000D+00  0.000D+00  0.000D+00  0.000D+00  0.000D+00
 -19.04186  0.000D+00  0.000D+00  0.000D+00  0.000D+00  0.000D+00  0.000D+00  0.000D+00  0.000D+00  0.000D+00
 -19.02093  0.000D+00  0.000D+00  0.000D+00  0.000D+00  0.000D+00  0.000D+00  0.000D+00  0.000D+00  0.000D+00
 -19.00001  0.000D+00  0.000D+00  0.000D+00  0.000D+00  0.000D+00  0.000D+00  0.000D+00  0.000D+00  0.000D+00
 -18.97909  0.000D+00  0.000D+00  0.000D+00  0.000D+00  0.000D+00  0.000D+00  0.000D+00  0.000D+00  0.000D+00
 -18.95816  0.000D+00  0.000D+00  0.000D+00  0.000D+00  0.000D+00  0.000D+00  0.000D+00  0.000D+00  0.000D+00
 -18.93724  0.000D+00  0.000D+00  0.000D+00  0.000D+00  0.000D+00  0.000D+00  0.000D+00  0.000D+00  0.000D+00
 -18.91632  0.000D+00  0.000D+00  0.000D+00  0.000D+00  0.000D+00  0.000D+00  0.000D+00  0.000D+00  0.000D+00
 -18.89539  0.000D+00  0.000D+00  0.000D+00  0.000D+00  0.000D+00  0.000D+00  0.000D+00  0.000D+00  0.000D+00
 -18.87447  0.000D+00  0.000D+00  0.000D+00  0.000D+00  0.000D+00  0.000D+00  0.000D+00  0.000D+00  0.000D+00
 -18.85355  0.000D+00  0.000D+00  0.000D+00  0.000D+00  0.000D+00  0.000D+00  0.000D+00  0.000D+00  0.000D+00
 -18.83263  0.000D+00  0.000D+00  0.000D+00  0.000D+00  0.000D+00  0.000D+00  0.000D+00  0.000D+00  0.000D+00
 -18.81170  0.000D+00  0.000D+00  0.000D+00  0.000D+00  0.000D+00  0.000D+00  0.000D+00  0.000D+00  0.000D+00
 -18.79078  0.000D+00  0.000D+00  0.000D+00  0.000D+00  0.000D+00  0.000D+00  0.000D+00  0.000D+00  0.000D+00
 -18.76986  0.000D+00  0.000D+00  0.000D+00  0.000D+00  0.000D+00  0.000D+00  0.000D+00  0.000D+00  0.000D+00
 -18.74893  0.000D+00  0.000D+00  0.000D+00  0.000D+00  0.000D+00  0.000D+00  0.000D+00  0.000D+00  0.000D+00
 -18.72801  0.000D+00  0.000D+00  0.000D+00  0.000D+00  0.000D+00  0.000D+00  0.000D+00  0.000D+00  0.000D+00
 -18.70709  0.000D+00  0.000D+00  0.000D+00  0.000D+00  0.000D+00  0.000D+00  0.000D+00  0.000D+00  0.000D+00
 -18.68616  0.000D+00  0.000D+00  0.000D+00  0.000D+00  0.000D+00  0.000D+00  0.000D+00  0.000D+00  0.000D+00
 -18.66524  0.000D+00  0.000D+00  0.000D+00  0.000D+00  0.000D+00  0.000D+00  0.000D+00  0.000D+00  0.000D+00
 -18.64432  0.000D+00  0.000D+00  0.000D+00  0.000D+00  0.000D+00  0.000D+00  0.000D+00  0.000D+00  0.000D+00
 -18.62339  0.000D+00  0.000D+00  0.000D+00  0.000D+00  0.000D+00  0.000D+00  0.000D+00  0.000D+00  0.000D+00
 -18.60247  0.000D+00  0.000D+00  0.000D+00  0.000D+00  0.000D+00  0.000D+00  0.000D+00  0.000D+00  0.000D+00
 -18.58155  0.000D+00  0.000D+00  0.000D+00  0.000D+00  0.000D+00  0.000D+00  0.000D+00  0.000D+00  0.000D+00
 -18.56063  0.000D+00  0.000D+00  0.000D+00  0.000D+00  0.000D+00  0.000D+00  0.000D+00  0.000D+00  0.000D+00
 -18.53970  0.000D+00  0.000D+00  0.000D+00  0.000D+00  0.000D+00  0.000D+00  0.000D+00  0.000D+00  0.000D+00
 -18.51878  0.000D+00  0.000D+00  0.000D+00  0.000D+00  0.000D+00  0.000D+00  0.000D+00  0.000D+00  0.000D+00
 -18.49786  0.000D+00  0.000D+00  0.000D+00  0.000D+00  0.000D+00  0.000D+00  0.000D+00  0.000D+00  0.000D+00
 -18.47693  0.000D+00  0.000D+00  0.000D+00  0.000D+00  0.000D+00  0.000D+00  0.000D+00  0.000D+00  0.000D+00
 -18.45601  0.000D+00  0.000D+00  0.000D+00  0.000D+00  0.000D+00  0.000D+00  0.000D+00  0.000D+00  0.000D+00
 -18.43509  0.000D+00  0.000D+00  0.000D+00  0.000D+00  0.000D+00  0.000D+00  0.000D+00  0.000D+00  0.000D+00
 -18.41416  0.000D+00  0.000D+00  0.000D+00  0.000D+00  0.000D+00  0.000D+00  0.000D+00  0.000D+00  0.000D+00
 -18.39324  0.000D+00  0.000D+00  0.000D+00  0.000D+00  0.000D+00  0.000D+00  0.000D+00  0.000D+00  0.000D+00
 -18.37232  0.000D+00  0.000D+00  0.000D+00  0.000D+00  0.000D+00  0.000D+00  0.000D+00  0.000D+00  0.000D+00
 -18.35139  0.000D+00  0.000D+00  0.000D+00  0.000D+00  0.000D+00  0.000D+00  0.000D+00  0.000D+00  0.000D+00
 -18.33047  0.000D+00  0.000D+00  0.000D+00  0.000D+00  0.000D+00  0.000D+00  0.000D+00  0.000D+00  0.000D+00
 -18.30955  0.000D+00  0.000D+00  0.000D+00  0.000D+00  0.000D+00  0.000D+00  0.000D+00  0.000D+00  0.000D+00
 -18.28863  0.000D+00  0.000D+00  0.000D+00  0.000D+00  0.000D+00  0.000D+00  0.000D+00  0.000D+00  0.000D+00
 -18.26770  0.000D+00  0.000D+00  0.000D+00  0.000D+00  0.000D+00  0.000D+00  0.000D+00  0.000D+00  0.000D+00
 -18.24678  0.000D+00  0.000D+00  0.000D+00  0.000D+00  0.000D+00  0.000D+00  0.000D+00  0.000D+00  0.000D+00
 -18.22586  0.000D+00  0.000D+00  0.000D+00  0.000D+00  0.000D+00  0.000D+00  0.000D+00  0.000D+00  0.000D+00
 -18.20493  0.000D+00  0.000D+00  0.000D+00  0.000D+00  0.000D+00  0.000D+00  0.000D+00  0.000D+00  0.000D+00
 -18.18401  0.000D+00  0.000D+00  0.000D+00  0.000D+00  0.000D+00  0.000D+00  0.000D+00  0.000D+00  0.000D+00
 -18.16309  0.000D+00  0.000D+00  0.000D+00  0.000D+00  0.000D+00  0.000D+00  0.000D+00  0.000D+00  0.000D+00
 -18.14216  0.000D+00  0.000D+00  0.000D+00  0.000D+00  0.000D+00  0.000D+00  0.000D+00  0.000D+00  0.000D+00
 -18.12124  0.000D+00  0.000D+00  0.000D+00  0.000D+00  0.000D+00  0.000D+00  0.000D+00  0.000D+00  0.000D+00
 -18.10032  0.000D+00  0.000D+00  0.000D+00  0.000D+00  0.000D+00  0.000D+00  0.000D+00  0.000D+00  0.000D+00
 -18.07939  0.000D+00  0.000D+00  0.000D+00  0.000D+00  0.000D+00  0.000D+00  0.000D+00  0.000D+00  0.000D+00
 -18.05847  0.000D+00  0.000D+00  0.000D+00  0.000D+00  0.000D+00  0.000D+00  0.000D+00  0.000D+00  0.000D+00
 -18.03755  0.000D+00  0.000D+00  0.000D+00  0.000D+00  0.000D+00  0.000D+00  0.000D+00  0.000D+00  0.000D+00
 -18.01663  0.000D+00  0.000D+00  0.000D+00  0.000D+00  0.000D+00  0.000D+00  0.000D+00  0.000D+00  0.000D+00
 -17.99570  0.000D+00  0.000D+00  0.000D+00  0.000D+00  0.000D+00  0.000D+00  0.000D+00  0.000D+00  0.000D+00
 -17.97478  0.000D+00  0.000D+00  0.000D+00  0.000D+00  0.000D+00  0.000D+00  0.000D+00  0.000D+00  0.000D+00
 -17.95386  0.000D+00  0.000D+00  0.000D+00  0.000D+00  0.000D+00  0.000D+00  0.000D+00  0.000D+00  0.000D+00
 -17.93293  0.000D+00  0.000D+00  0.000D+00  0.000D+00  0.000D+00  0.000D+00  0.000D+00  0.000D+00  0.000D+00
 -17.91201  0.000D+00  0.000D+00  0.000D+00  0.000D+00  0.000D+00  0.000D+00  0.000D+00  0.000D+00  0.000D+00
 -17.89109  0.000D+00  0.000D+00  0.000D+00  0.000D+00  0.000D+00  0.000D+00  0.000D+00  0.000D+00  0.000D+00
 -17.87016  0.000D+00  0.000D+00  0.000D+00  0.000D+00  0.000D+00  0.000D+00  0.000D+00  0.000D+00  0.000D+00
 -17.84924  0.000D+00  0.000D+00  0.000D+00  0.000D+00  0.000D+00  0.000D+00  0.000D+00  0.000D+00  0.000D+00
 -17.82832  0.000D+00  0.000D+00  0.000D+00  0.000D+00  0.000D+00  0.000D+00  0.000D+00  0.000D+00  0.000D+00
 -17.80739  0.000D+00  0.000D+00  0.000D+00  0.000D+00  0.000D+00  0.000D+00  0.000D+00  0.000D+00  0.000D+00
 -17.78647  0.000D+00  0.000D+00  0.000D+00  0.000D+00  0.000D+00  0.000D+00  0.000D+00  0.000D+00  0.000D+00
 -17.76555  0.000D+00  0.000D+00  0.000D+00  0.000D+00  0.000D+00  0.000D+00  0.000D+00  0.000D+00  0.000D+00
 -17.74463  0.000D+00  0.000D+00  0.000D+00  0.000D+00  0.000D+00  0.000D+00  0.000D+00  0.000D+00  0.000D+00
 -17.72370  0.000D+00  0.000D+00  0.000D+00  0.000D+00  0.000D+00  0.000D+00  0.000D+00  0.000D+00  0.000D+00
 -17.70278  0.000D+00  0.000D+00  0.000D+00  0.000D+00  0.000D+00  0.000D+00  0.000D+00  0.000D+00  0.000D+00
 -17.68186  0.000D+00  0.000D+00  0.000D+00  0.000D+00  0.000D+00  0.000D+00  0.000D+00  0.000D+00  0.000D+00
 -17.66093  0.000D+00  0.000D+00  0.000D+00  0.000D+00  0.000D+00  0.000D+00  0.000D+00  0.000D+00  0.000D+00
 -17.64001  0.000D+00  0.000D+00  0.000D+00  0.000D+00  0.000D+00  0.000D+00  0.000D+00  0.000D+00  0.000D+00
 -17.61909  0.000D+00  0.000D+00  0.000D+00  0.000D+00  0.000D+00  0.000D+00  0.000D+00  0.000D+00  0.000D+00
 -17.59816  0.000D+00  0.000D+00  0.000D+00  0.000D+00  0.000D+00  0.000D+00  0.000D+00  0.000D+00  0.000D+00
 -17.57724  0.000D+00  0.000D+00  0.000D+00  0.000D+00  0.000D+00  0.000D+00  0.000D+00  0.000D+00  0.000D+00
 -17.55632  0.000D+00  0.000D+00  0.000D+00  0.000D+00  0.000D+00  0.000D+00  0.000D+00  0.000D+00  0.000D+00
 -17.53539  0.000D+00  0.000D+00  0.000D+00  0.000D+00  0.000D+00  0.000D+00  0.000D+00  0.000D+00  0.000D+00
 -17.51447  0.000D+00  0.000D+00  0.000D+00  0.000D+00  0.000D+00  0.000D+00  0.000D+00  0.000D+00  0.000D+00
 -17.49355  0.000D+00  0.000D+00  0.000D+00  0.000D+00  0.000D+00  0.000D+00  0.000D+00  0.000D+00  0.000D+00
 -17.47263  0.000D+00  0.000D+00  0.000D+00  0.000D+00  0.000D+00  0.000D+00  0.000D+00  0.000D+00  0.000D+00
 -17.45170  0.000D+00  0.000D+00  0.000D+00  0.000D+00  0.000D+00  0.000D+00  0.000D+00  0.000D+00  0.000D+00
 -17.43078  0.000D+00  0.000D+00  0.000D+00  0.000D+00  0.000D+00  0.000D+00  0.000D+00  0.000D+00  0.000D+00
 -17.40986  0.000D+00  0.000D+00  0.000D+00  0.000D+00  0.000D+00  0.000D+00  0.000D+00  0.000D+00  0.000D+00
 -17.38893  0.000D+00  0.000D+00  0.000D+00  0.000D+00  0.000D+00  0.000D+00  0.000D+00  0.000D+00  0.000D+00
 -17.36801  0.000D+00  0.000D+00  0.000D+00  0.000D+00  0.000D+00  0.000D+00  0.000D+00  0.000D+00  0.000D+00
 -17.34709  0.000D+00  0.000D+00  0.000D+00  0.000D+00  0.000D+00  0.000D+00  0.000D+00  0.000D+00  0.000D+00
 -17.32616  0.000D+00  0.000D+00  0.000D+00  0.000D+00  0.000D+00  0.000D+00  0.000D+00  0.000D+00  0.000D+00
 -17.30524  0.000D+00  0.000D+00  0.000D+00  0.000D+00  0.000D+00  0.000D+00  0.000D+00  0.000D+00  0.000D+00
 -17.28432  0.000D+00  0.000D+00  0.000D+00  0.000D+00  0.000D+00  0.000D+00  0.000D+00  0.000D+00  0.000D+00
 -17.26339  0.000D+00  0.000D+00  0.000D+00  0.000D+00  0.000D+00  0.000D+00  0.000D+00  0.000D+00  0.000D+00
 -17.24247  0.000D+00  0.000D+00  0.000D+00  0.000D+00  0.000D+00  0.000D+00  0.000D+00  0.000D+00  0.000D+00
 -17.22155  0.000D+00  0.000D+00  0.000D+00  0.000D+00  0.000D+00  0.000D+00  0.000D+00  0.000D+00  0.000D+00
 -17.20063  0.000D+00  0.000D+00  0.000D+00  0.000D+00  0.000D+00  0.000D+00  0.000D+00  0.000D+00  0.000D+00
 -17.17970  0.000D+00  0.000D+00  0.000D+00  0.000D+00  0.000D+00  0.000D+00  0.000D+00  0.000D+00  0.000D+00
 -17.15878  0.000D+00  0.000D+00  0.000D+00  0.000D+00  0.000D+00  0.000D+00  0.000D+00  0.000D+00  0.000D+00
 -17.13786  0.000D+00  0.000D+00  0.000D+00  0.000D+00  0.000D+00  0.000D+00  0.000D+00  0.000D+00  0.000D+00
 -17.11693  0.000D+00  0.000D+00  0.000D+00  0.000D+00  0.000D+00  0.000D+00  0.000D+00  0.000D+00  0.000D+00
 -17.09601  0.000D+00  0.000D+00  0.000D+00  0.000D+00  0.000D+00  0.000D+00  0.000D+00  0.000D+00  0.000D+00
 -17.07509  0.000D+00  0.000D+00  0.000D+00  0.000D+00  0.000D+00  0.000D+00  0.000D+00  0.000D+00  0.000D+00
 -17.05416  0.000D+00  0.000D+00  0.000D+00  0.000D+00  0.000D+00  0.000D+00  0.000D+00  0.000D+00  0.000D+00
 -17.03324  0.000D+00  0.000D+00  0.000D+00  0.000D+00  0.000D+00  0.000D+00  0.000D+00  0.000D+00  0.000D+00
 -17.01232  0.000D+00  0.000D+00  0.000D+00  0.000D+00  0.000D+00  0.000D+00  0.000D+00  0.000D+00  0.000D+00
 -16.99139  0.000D+00  0.000D+00  0.000D+00  0.000D+00  0.000D+00  0.000D+00  0.000D+00  0.000D+00  0.000D+00
 -16.97047  0.000D+00  0.000D+00  0.000D+00  0.000D+00  0.000D+00  0.000D+00  0.000D+00  0.000D+00  0.000D+00
 -16.94955  0.000D+00  0.000D+00  0.000D+00  0.000D+00  0.000D+00  0.000D+00  0.000D+00  0.000D+00  0.000D+00
 -16.92863  0.000D+00  0.000D+00  0.000D+00  0.000D+00  0.000D+00  0.000D+00  0.000D+00  0.000D+00  0.000D+00
 -16.90770  0.000D+00  0.000D+00  0.000D+00  0.000D+00  0.000D+00  0.000D+00  0.000D+00  0.000D+00  0.000D+00
 -16.88678  0.000D+00  0.000D+00  0.000D+00  0.000D+00  0.000D+00  0.000D+00  0.000D+00  0.000D+00  0.000D+00
 -16.86586  0.000D+00  0.000D+00  0.000D+00  0.000D+00  0.000D+00  0.000D+00  0.000D+00  0.000D+00  0.000D+00
 -16.84493  0.000D+00  0.000D+00  0.000D+00  0.000D+00  0.000D+00  0.000D+00  0.000D+00  0.000D+00  0.000D+00
 -16.82401  0.000D+00  0.000D+00  0.000D+00  0.000D+00  0.000D+00  0.000D+00  0.000D+00  0.000D+00  0.000D+00
 -16.80309  0.000D+00  0.000D+00  0.000D+00  0.000D+00  0.000D+00  0.000D+00  0.000D+00  0.000D+00  0.000D+00
 -16.78216  0.000D+00  0.000D+00  0.000D+00  0.000D+00  0.000D+00  0.000D+00  0.000D+00  0.000D+00  0.000D+00
 -16.76124  0.000D+00  0.000D+00  0.000D+00  0.000D+00  0.000D+00  0.000D+00  0.000D+00  0.000D+00  0.000D+00
 -16.74032  0.000D+00  0.000D+00  0.000D+00  0.000D+00  0.000D+00  0.000D+00  0.000D+00  0.000D+00  0.000D+00
 -16.71939  0.000D+00  0.000D+00  0.000D+00  0.000D+00  0.000D+00  0.000D+00  0.000D+00  0.000D+00  0.000D+00
 -16.69847  0.000D+00  0.000D+00  0.000D+00  0.000D+00  0.000D+00  0.000D+00  0.000D+00  0.000D+00  0.000D+00
 -16.67755  0.000D+00  0.000D+00  0.000D+00  0.000D+00  0.000D+00  0.000D+00  0.000D+00  0.000D+00  0.000D+00
 -16.65663  0.000D+00  0.000D+00  0.000D+00  0.000D+00  0.000D+00  0.000D+00  0.000D+00  0.000D+00  0.000D+00
 -16.63570  0.000D+00  0.000D+00  0.000D+00  0.000D+00  0.000D+00  0.000D+00  0.000D+00  0.000D+00  0.000D+00
 -16.61478  0.000D+00  0.000D+00  0.000D+00  0.000D+00  0.000D+00  0.000D+00  0.000D+00  0.000D+00  0.000D+00
 -16.59386  0.000D+00  0.000D+00  0.000D+00  0.000D+00  0.000D+00  0.000D+00  0.000D+00  0.000D+00  0.000D+00
 -16.57293  0.000D+00  0.000D+00  0.000D+00  0.000D+00  0.000D+00  0.000D+00  0.000D+00  0.000D+00  0.000D+00
 -16.55201  0.000D+00  0.000D+00  0.000D+00  0.000D+00  0.000D+00  0.000D+00  0.000D+00  0.000D+00  0.000D+00
 -16.53109  0.000D+00  0.000D+00  0.000D+00  0.000D+00  0.000D+00  0.000D+00  0.000D+00  0.000D+00  0.000D+00
 -16.51016  0.000D+00  0.000D+00  0.000D+00  0.000D+00  0.000D+00  0.000D+00  0.000D+00  0.000D+00  0.000D+00
 -16.48924  0.000D+00  0.000D+00  0.000D+00  0.000D+00  0.000D+00  0.000D+00  0.000D+00  0.000D+00  0.000D+00
 -16.46832  0.000D+00  0.000D+00  0.000D+00  0.000D+00  0.000D+00  0.000D+00  0.000D+00  0.000D+00  0.000D+00
 -16.44739  0.000D+00  0.000D+00  0.000D+00  0.000D+00  0.000D+00  0.000D+00  0.000D+00  0.000D+00  0.000D+00
 -16.42647  0.000D+00  0.000D+00  0.000D+00  0.000D+00  0.000D+00  0.000D+00  0.000D+00  0.000D+00  0.000D+00
 -16.40555  0.000D+00  0.000D+00  0.000D+00  0.000D+00  0.000D+00  0.000D+00  0.000D+00  0.000D+00  0.000D+00
 -16.38463  0.000D+00  0.000D+00  0.000D+00  0.000D+00  0.000D+00  0.000D+00  0.000D+00  0.000D+00  0.000D+00
 -16.36370  0.000D+00  0.000D+00  0.000D+00  0.000D+00  0.000D+00  0.000D+00  0.000D+00  0.000D+00  0.000D+00
 -16.34278  0.000D+00  0.000D+00  0.000D+00  0.000D+00  0.000D+00  0.000D+00  0.000D+00  0.000D+00  0.000D+00
 -16.32186  0.000D+00  0.000D+00  0.000D+00  0.000D+00  0.000D+00  0.000D+00  0.000D+00  0.000D+00  0.000D+00
 -16.30093  0.000D+00  0.000D+00  0.000D+00  0.000D+00  0.000D+00  0.000D+00  0.000D+00  0.000D+00  0.000D+00
 -16.28001  0.000D+00  0.000D+00  0.000D+00  0.000D+00  0.000D+00  0.000D+00  0.000D+00  0.000D+00  0.000D+00
 -16.25909  0.000D+00  0.000D+00  0.000D+00  0.000D+00  0.000D+00  0.000D+00  0.000D+00  0.000D+00  0.000D+00
 -16.23816  0.000D+00  0.000D+00  0.000D+00  0.000D+00  0.000D+00  0.000D+00  0.000D+00  0.000D+00  0.000D+00
 -16.21724  0.000D+00  0.000D+00  0.000D+00  0.000D+00  0.000D+00  0.000D+00  0.000D+00  0.000D+00  0.000D+00
 -16.19632  0.000D+00  0.000D+00  0.000D+00  0.000D+00  0.000D+00  0.000D+00  0.000D+00  0.000D+00  0.000D+00
 -16.17539  0.000D+00  0.000D+00  0.000D+00  0.000D+00  0.000D+00  0.000D+00  0.000D+00  0.000D+00  0.000D+00
 -16.15447  0.000D+00  0.000D+00  0.000D+00  0.000D+00  0.000D+00  0.000D+00  0.000D+00  0.000D+00  0.000D+00
 -16.13355  0.000D+00  0.000D+00  0.000D+00  0.000D+00  0.000D+00  0.000D+00  0.000D+00  0.000D+00  0.000D+00
 -16.11263  0.000D+00  0.000D+00  0.000D+00  0.000D+00  0.000D+00  0.000D+00  0.000D+00  0.000D+00  0.000D+00
 -16.09170  0.000D+00  0.000D+00  0.000D+00  0.000D+00  0.000D+00  0.000D+00  0.000D+00  0.000D+00  0.000D+00
 -16.07078  0.000D+00  0.000D+00  0.000D+00  0.000D+00  0.000D+00  0.000D+00  0.000D+00  0.000D+00  0.000D+00
 -16.04986  0.000D+00  0.000D+00  0.000D+00  0.000D+00  0.000D+00  0.000D+00  0.000D+00  0.000D+00  0.000D+00
 -16.02893  0.000D+00  0.000D+00  0.000D+00  0.000D+00  0.000D+00  0.000D+00  0.000D+00  0.000D+00  0.000D+00
 -16.00801  0.000D+00  0.000D+00  0.000D+00  0.000D+00  0.000D+00  0.000D+00  0.000D+00  0.000D+00  0.000D+00
 -15.98709  0.000D+00  0.000D+00  0.000D+00  0.000D+00  0.000D+00  0.000D+00  0.000D+00  0.000D+00  0.000D+00
 -15.96616  0.000D+00  0.000D+00  0.000D+00  0.000D+00  0.000D+00  0.000D+00  0.000D+00  0.000D+00  0.000D+00
 -15.94524  0.000D+00  0.000D+00  0.000D+00  0.000D+00  0.000D+00  0.000D+00  0.000D+00  0.000D+00  0.000D+00
 -15.92432  0.000D+00  0.000D+00  0.000D+00  0.000D+00  0.000D+00  0.000D+00  0.000D+00  0.000D+00  0.000D+00
 -15.90339  0.000D+00  0.000D+00  0.000D+00  0.000D+00  0.000D+00  0.000D+00  0.000D+00  0.000D+00  0.000D+00
 -15.88247  0.000D+00  0.000D+00  0.000D+00  0.000D+00  0.000D+00  0.000D+00  0.000D+00  0.000D+00  0.000D+00
 -15.86155  0.000D+00  0.000D+00  0.000D+00  0.000D+00  0.000D+00  0.000D+00  0.000D+00  0.000D+00  0.000D+00
 -15.84063  0.000D+00  0.000D+00  0.000D+00  0.000D+00  0.000D+00  0.000D+00  0.000D+00  0.000D+00  0.000D+00
 -15.81970  0.000D+00  0.000D+00  0.000D+00  0.000D+00  0.000D+00  0.000D+00  0.000D+00  0.000D+00  0.000D+00
 -15.79878  0.000D+00  0.000D+00  0.000D+00  0.000D+00  0.000D+00  0.000D+00  0.000D+00  0.000D+00  0.000D+00
 -15.77786  0.000D+00  0.000D+00  0.000D+00  0.000D+00  0.000D+00  0.000D+00  0.000D+00  0.000D+00  0.000D+00
 -15.75693  0.000D+00  0.000D+00  0.000D+00  0.000D+00  0.000D+00  0.000D+00  0.000D+00  0.000D+00  0.000D+00
 -15.73601  0.000D+00  0.000D+00  0.000D+00  0.000D+00  0.000D+00  0.000D+00  0.000D+00  0.000D+00  0.000D+00
 -15.71509  0.000D+00  0.000D+00  0.000D+00  0.000D+00  0.000D+00  0.000D+00  0.000D+00  0.000D+00  0.000D+00
 -15.69416  0.000D+00  0.000D+00  0.000D+00  0.000D+00  0.000D+00  0.000D+00  0.000D+00  0.000D+00  0.000D+00
 -15.67324  0.000D+00  0.000D+00  0.000D+00  0.000D+00  0.000D+00  0.000D+00  0.000D+00  0.000D+00  0.000D+00
 -15.65232  0.000D+00  0.000D+00  0.000D+00  0.000D+00  0.000D+00  0.000D+00  0.000D+00  0.000D+00  0.000D+00
 -15.63139  0.000D+00  0.000D+00  0.000D+00  0.000D+00  0.000D+00  0.000D+00  0.000D+00  0.000D+00  0.000D+00
 -15.61047  0.000D+00  0.000D+00  0.000D+00  0.000D+00  0.000D+00  0.000D+00  0.000D+00  0.000D+00  0.000D+00
 -15.58955  0.000D+00  0.000D+00  0.000D+00  0.000D+00  0.000D+00  0.000D+00  0.000D+00  0.000D+00  0.000D+00
 -15.56863  0.000D+00  0.000D+00  0.000D+00  0.000D+00  0.000D+00  0.000D+00  0.000D+00  0.000D+00  0.000D+00
 -15.54770  0.000D+00  0.000D+00  0.000D+00  0.000D+00  0.000D+00  0.000D+00  0.000D+00  0.000D+00  0.000D+00
 -15.52678  0.000D+00  0.000D+00  0.000D+00  0.000D+00  0.000D+00  0.000D+00  0.000D+00  0.000D+00  0.000D+00
 -15.50586  0.000D+00  0.000D+00  0.000D+00  0.000D+00  0.000D+00  0.000D+00  0.000D+00  0.000D+00  0.000D+00
 -15.48493  0.000D+00  0.000D+00  0.000D+00  0.000D+00  0.000D+00  0.000D+00  0.000D+00  0.000D+00  0.000D+00
 -15.46401  0.000D+00  0.000D+00  0.000D+00  0.000D+00  0.000D+00  0.000D+00  0.000D+00  0.000D+00  0.000D+00
 -15.44309  0.000D+00  0.000D+00  0.000D+00  0.000D+00  0.000D+00  0.000D+00  0.000D+00  0.000D+00  0.000D+00
 -15.42216  0.000D+00  0.000D+00  0.000D+00  0.000D+00  0.000D+00  0.000D+00  0.000D+00  0.000D+00  0.000D+00
 -15.40124  0.000D+00  0.000D+00  0.000D+00  0.000D+00  0.000D+00  0.000D+00  0.000D+00  0.000D+00  0.000D+00
 -15.38032  0.000D+00  0.000D+00  0.000D+00  0.000D+00  0.000D+00  0.000D+00  0.000D+00  0.000D+00  0.000D+00
 -15.35939  0.000D+00  0.000D+00  0.000D+00  0.000D+00  0.000D+00  0.000D+00  0.000D+00  0.000D+00  0.000D+00
 -15.33847  0.000D+00  0.000D+00  0.000D+00  0.000D+00  0.000D+00  0.000D+00  0.000D+00  0.000D+00  0.000D+00
 -15.31755  0.000D+00  0.000D+00  0.000D+00  0.000D+00  0.000D+00  0.000D+00  0.000D+00  0.000D+00  0.000D+00
 -15.29663  0.000D+00  0.000D+00  0.000D+00  0.000D+00  0.000D+00  0.000D+00  0.000D+00  0.000D+00  0.000D+00
 -15.27570  0.000D+00  0.000D+00  0.000D+00  0.000D+00  0.000D+00  0.000D+00  0.000D+00  0.000D+00  0.000D+00
 -15.25478  0.000D+00  0.000D+00  0.000D+00  0.000D+00  0.000D+00  0.000D+00  0.000D+00  0.000D+00  0.000D+00
 -15.23386  0.000D+00  0.000D+00  0.000D+00  0.000D+00  0.000D+00  0.000D+00  0.000D+00  0.000D+00  0.000D+00
 -15.21293  0.000D+00  0.000D+00  0.000D+00  0.000D+00  0.000D+00  0.000D+00  0.000D+00  0.000D+00  0.000D+00
 -15.19201  0.000D+00  0.000D+00  0.000D+00  0.000D+00  0.000D+00  0.000D+00  0.000D+00  0.000D+00  0.000D+00
 -15.17109  0.000D+00  0.000D+00  0.000D+00  0.000D+00  0.000D+00  0.000D+00  0.000D+00  0.000D+00  0.000D+00
 -15.15016  0.000D+00  0.000D+00  0.000D+00  0.000D+00  0.000D+00  0.000D+00  0.000D+00  0.000D+00  0.000D+00
 -15.12924  0.000D+00  0.000D+00  0.000D+00  0.000D+00  0.000D+00  0.000D+00  0.000D+00  0.000D+00  0.000D+00
 -15.10832  0.000D+00  0.000D+00  0.000D+00  0.000D+00  0.000D+00  0.000D+00  0.000D+00  0.000D+00  0.000D+00
 -15.08739  0.000D+00  0.000D+00  0.000D+00  0.000D+00  0.000D+00  0.000D+00  0.000D+00  0.000D+00  0.000D+00
 -15.06647  0.000D+00  0.000D+00  0.000D+00  0.000D+00  0.000D+00  0.000D+00  0.000D+00  0.000D+00  0.000D+00
 -15.04555  0.000D+00  0.000D+00  0.000D+00  0.000D+00  0.000D+00  0.000D+00  0.000D+00  0.000D+00  0.000D+00
 -15.02463  0.000D+00  0.000D+00  0.000D+00  0.000D+00  0.000D+00  0.000D+00  0.000D+00  0.000D+00  0.000D+00
 -15.00370  0.000D+00  0.000D+00  0.000D+00  0.000D+00  0.000D+00  0.000D+00  0.000D+00  0.000D+00  0.000D+00
 -14.98278  0.000D+00  0.000D+00  0.000D+00  0.000D+00  0.000D+00  0.000D+00  0.000D+00  0.000D+00  0.000D+00
 -14.96186  0.000D+00  0.000D+00  0.000D+00  0.000D+00  0.000D+00  0.000D+00  0.000D+00  0.000D+00  0.000D+00
 -14.94093  0.000D+00  0.000D+00  0.000D+00  0.000D+00  0.000D+00  0.000D+00  0.000D+00  0.000D+00  0.000D+00
 -14.92001  0.000D+00  0.000D+00  0.000D+00  0.000D+00  0.000D+00  0.000D+00  0.000D+00  0.000D+00  0.000D+00
 -14.89909  0.000D+00  0.000D+00  0.000D+00  0.000D+00  0.000D+00  0.000D+00  0.000D+00  0.000D+00  0.000D+00
 -14.87816  0.000D+00  0.000D+00  0.000D+00  0.000D+00  0.000D+00  0.000D+00  0.000D+00  0.000D+00  0.000D+00
 -14.85724  0.000D+00  0.000D+00  0.000D+00  0.000D+00  0.000D+00  0.000D+00  0.000D+00  0.000D+00  0.000D+00
 -14.83632  0.000D+00  0.000D+00  0.000D+00  0.000D+00  0.000D+00  0.000D+00  0.000D+00  0.000D+00  0.000D+00
 -14.81539  0.000D+00  0.000D+00  0.000D+00  0.000D+00  0.000D+00  0.000D+00  0.000D+00  0.000D+00  0.000D+00
 -14.79447  0.000D+00  0.000D+00  0.000D+00  0.000D+00  0.000D+00  0.000D+00  0.000D+00  0.000D+00  0.000D+00
 -14.77355  0.000D+00  0.000D+00  0.000D+00  0.000D+00  0.000D+00  0.000D+00  0.000D+00  0.000D+00  0.000D+00
 -14.75263  0.000D+00  0.000D+00  0.000D+00  0.000D+00  0.000D+00  0.000D+00  0.000D+00  0.000D+00  0.000D+00
 -14.73170  0.000D+00  0.000D+00  0.000D+00  0.000D+00  0.000D+00  0.000D+00  0.000D+00  0.000D+00  0.000D+00
 -14.71078  0.000D+00  0.000D+00  0.000D+00  0.000D+00  0.000D+00  0.000D+00  0.000D+00  0.000D+00  0.000D+00
 -14.68986  0.000D+00  0.000D+00  0.000D+00  0.000D+00  0.000D+00  0.000D+00  0.000D+00  0.000D+00  0.000D+00
 -14.66893  0.000D+00  0.000D+00  0.000D+00  0.000D+00  0.000D+00  0.000D+00  0.000D+00  0.000D+00  0.000D+00
 -14.64801  0.000D+00  0.000D+00  0.000D+00  0.000D+00  0.000D+00  0.000D+00  0.000D+00  0.000D+00  0.000D+00
 -14.62709  0.000D+00  0.000D+00  0.000D+00  0.000D+00  0.000D+00  0.000D+00  0.000D+00  0.000D+00  0.000D+00
 -14.60616  0.000D+00  0.000D+00  0.000D+00  0.000D+00  0.000D+00  0.000D+00  0.000D+00  0.000D+00  0.000D+00
 -14.58524  0.000D+00  0.000D+00  0.000D+00  0.000D+00  0.000D+00  0.000D+00  0.000D+00  0.000D+00  0.000D+00
 -14.56432  0.000D+00  0.000D+00  0.000D+00  0.000D+00  0.000D+00  0.000D+00  0.000D+00  0.000D+00  0.000D+00
 -14.54339  0.000D+00  0.000D+00  0.000D+00  0.000D+00  0.000D+00  0.000D+00  0.000D+00  0.000D+00  0.000D+00
 -14.52247  0.000D+00  0.000D+00  0.000D+00  0.000D+00  0.000D+00  0.000D+00  0.000D+00  0.000D+00  0.000D+00
 -14.50155  0.000D+00  0.000D+00  0.000D+00  0.000D+00  0.000D+00  0.000D+00  0.000D+00  0.000D+00  0.000D+00
 -14.48063  0.000D+00  0.000D+00  0.000D+00  0.000D+00  0.000D+00  0.000D+00  0.000D+00  0.000D+00  0.000D+00
 -14.45970  0.000D+00  0.000D+00  0.000D+00  0.000D+00  0.000D+00  0.000D+00  0.000D+00  0.000D+00  0.000D+00
 -14.43878  0.000D+00  0.000D+00  0.000D+00  0.000D+00  0.000D+00  0.000D+00  0.000D+00  0.000D+00  0.000D+00
 -14.41786  0.000D+00  0.000D+00  0.000D+00  0.000D+00  0.000D+00  0.000D+00  0.000D+00  0.000D+00  0.000D+00
 -14.39693  0.000D+00  0.000D+00  0.000D+00  0.000D+00  0.000D+00  0.000D+00  0.000D+00  0.000D+00  0.000D+00
 -14.37601  0.000D+00  0.000D+00  0.000D+00  0.000D+00  0.000D+00  0.000D+00  0.000D+00  0.000D+00  0.000D+00
 -14.35509  0.000D+00  0.000D+00  0.000D+00  0.000D+00  0.000D+00  0.000D+00  0.000D+00  0.000D+00  0.000D+00
 -14.33416  0.000D+00  0.000D+00  0.000D+00  0.000D+00  0.000D+00  0.000D+00  0.000D+00  0.000D+00  0.000D+00
 -14.31324  0.000D+00  0.000D+00  0.000D+00  0.000D+00  0.000D+00  0.000D+00  0.000D+00  0.000D+00  0.000D+00
 -14.29232  0.000D+00  0.000D+00  0.000D+00  0.000D+00  0.000D+00  0.000D+00  0.000D+00  0.000D+00  0.000D+00
 -14.27139  0.000D+00  0.000D+00  0.000D+00  0.000D+00  0.000D+00  0.000D+00  0.000D+00  0.000D+00  0.000D+00
 -14.25047  0.000D+00  0.000D+00  0.000D+00  0.000D+00  0.000D+00  0.000D+00  0.000D+00  0.000D+00  0.000D+00
 -14.22955  0.000D+00  0.000D+00  0.000D+00  0.000D+00  0.000D+00  0.000D+00  0.000D+00  0.000D+00  0.000D+00
 -14.20863  0.000D+00  0.000D+00  0.000D+00  0.000D+00  0.000D+00  0.000D+00  0.000D+00  0.000D+00  0.000D+00
 -14.18770  0.000D+00  0.000D+00  0.000D+00  0.000D+00  0.000D+00  0.000D+00  0.000D+00  0.000D+00  0.000D+00
 -14.16678  0.000D+00  0.000D+00  0.000D+00  0.000D+00  0.000D+00  0.000D+00  0.000D+00  0.000D+00  0.000D+00
 -14.14586  0.000D+00  0.000D+00  0.000D+00  0.000D+00  0.000D+00  0.000D+00  0.000D+00  0.000D+00  0.000D+00
 -14.12493  0.000D+00  0.000D+00  0.000D+00  0.000D+00  0.000D+00  0.000D+00  0.000D+00  0.000D+00  0.000D+00
 -14.10401  0.000D+00  0.000D+00  0.000D+00  0.000D+00  0.000D+00  0.000D+00  0.000D+00  0.000D+00  0.000D+00
 -14.08309  0.000D+00  0.000D+00  0.000D+00  0.000D+00  0.000D+00  0.000D+00  0.000D+00  0.000D+00  0.000D+00
 -14.06216  0.000D+00  0.000D+00  0.000D+00  0.000D+00  0.000D+00  0.000D+00  0.000D+00  0.000D+00  0.000D+00
 -14.04124  0.000D+00  0.000D+00  0.000D+00  0.000D+00  0.000D+00  0.000D+00  0.000D+00  0.000D+00  0.000D+00
 -14.02032  0.000D+00  0.000D+00  0.000D+00  0.000D+00  0.000D+00  0.000D+00  0.000D+00  0.000D+00  0.000D+00
 -13.99939  0.000D+00  0.000D+00  0.000D+00  0.000D+00  0.000D+00  0.000D+00  0.000D+00  0.000D+00  0.000D+00
 -13.97847  0.000D+00  0.000D+00  0.000D+00  0.000D+00  0.000D+00  0.000D+00  0.000D+00  0.000D+00  0.000D+00
 -13.95755  0.000D+00  0.000D+00  0.000D+00  0.000D+00  0.000D+00  0.000D+00  0.000D+00  0.000D+00  0.000D+00
 -13.93663  0.000D+00  0.000D+00  0.000D+00  0.000D+00  0.000D+00  0.000D+00  0.000D+00  0.000D+00  0.000D+00
 -13.91570  0.000D+00  0.000D+00  0.000D+00  0.000D+00  0.000D+00  0.000D+00  0.000D+00  0.000D+00  0.000D+00
 -13.89478  0.000D+00  0.000D+00  0.000D+00  0.000D+00  0.000D+00  0.000D+00  0.000D+00  0.000D+00  0.000D+00
 -13.87386  0.000D+00  0.000D+00  0.000D+00  0.000D+00  0.000D+00  0.000D+00  0.000D+00  0.000D+00  0.000D+00
 -13.85293  0.000D+00  0.000D+00  0.000D+00  0.000D+00  0.000D+00  0.000D+00  0.000D+00  0.000D+00  0.000D+00
 -13.83201  0.000D+00  0.000D+00  0.000D+00  0.000D+00  0.000D+00  0.000D+00  0.000D+00  0.000D+00  0.000D+00
 -13.81109  0.000D+00  0.000D+00  0.000D+00  0.000D+00  0.000D+00  0.000D+00  0.000D+00  0.000D+00  0.000D+00
 -13.79016  0.000D+00  0.000D+00  0.000D+00  0.000D+00  0.000D+00  0.000D+00  0.000D+00  0.000D+00  0.000D+00
 -13.76924  0.000D+00  0.000D+00  0.000D+00  0.000D+00  0.000D+00  0.000D+00  0.000D+00  0.000D+00  0.000D+00
 -13.74832  0.000D+00  0.000D+00  0.000D+00  0.000D+00  0.000D+00  0.000D+00  0.000D+00  0.000D+00  0.000D+00
 -13.72739  0.000D+00  0.000D+00  0.000D+00  0.000D+00  0.000D+00  0.000D+00  0.000D+00  0.000D+00  0.000D+00
 -13.70647  0.000D+00  0.000D+00  0.000D+00  0.000D+00  0.000D+00  0.000D+00  0.000D+00  0.000D+00  0.000D+00
 -13.68555  0.000D+00  0.000D+00  0.000D+00  0.000D+00  0.000D+00  0.000D+00  0.000D+00  0.000D+00  0.000D+00
 -13.66463  0.000D+00  0.000D+00  0.000D+00  0.000D+00  0.000D+00  0.000D+00  0.000D+00  0.000D+00  0.000D+00
 -13.64370  0.000D+00  0.000D+00  0.000D+00  0.000D+00  0.000D+00  0.000D+00  0.000D+00  0.000D+00  0.000D+00
 -13.62278  0.000D+00  0.000D+00  0.000D+00  0.000D+00  0.000D+00  0.000D+00  0.000D+00  0.000D+00  0.000D+00
 -13.60186  0.000D+00  0.000D+00  0.000D+00  0.000D+00  0.000D+00  0.000D+00  0.000D+00  0.000D+00  0.000D+00
 -13.58093  0.000D+00  0.000D+00  0.000D+00  0.000D+00  0.000D+00  0.000D+00  0.000D+00  0.000D+00  0.000D+00
 -13.56001  0.000D+00  0.000D+00  0.000D+00  0.000D+00  0.000D+00  0.000D+00  0.000D+00  0.000D+00  0.000D+00
 -13.53909  0.000D+00  0.000D+00  0.000D+00  0.000D+00  0.000D+00  0.000D+00  0.000D+00  0.000D+00  0.000D+00
 -13.51816  0.000D+00  0.000D+00  0.000D+00  0.000D+00  0.000D+00  0.000D+00  0.000D+00  0.000D+00  0.000D+00
 -13.49724  0.000D+00  0.000D+00  0.000D+00  0.000D+00  0.000D+00  0.000D+00  0.000D+00  0.000D+00  0.000D+00
 -13.47632  0.000D+00  0.000D+00  0.000D+00  0.000D+00  0.000D+00  0.000D+00  0.000D+00  0.000D+00  0.000D+00
 -13.45539  0.000D+00  0.000D+00  0.000D+00  0.000D+00  0.000D+00  0.000D+00  0.000D+00  0.000D+00  0.000D+00
 -13.43447  0.000D+00  0.000D+00  0.000D+00  0.000D+00  0.000D+00  0.000D+00  0.000D+00  0.000D+00  0.000D+00
 -13.41355  0.000D+00  0.000D+00  0.000D+00  0.000D+00  0.000D+00  0.000D+00  0.000D+00  0.000D+00  0.000D+00
 -13.39263  0.000D+00  0.000D+00  0.000D+00  0.000D+00  0.000D+00  0.000D+00  0.000D+00  0.000D+00  0.000D+00
 -13.37170  0.000D+00  0.000D+00  0.000D+00  0.000D+00  0.000D+00  0.000D+00  0.000D+00  0.000D+00  0.000D+00
 -13.35078  0.000D+00  0.000D+00  0.000D+00  0.000D+00  0.000D+00  0.000D+00  0.000D+00  0.000D+00  0.000D+00
 -13.32986  0.000D+00  0.000D+00  0.000D+00  0.000D+00  0.000D+00  0.000D+00  0.000D+00  0.000D+00  0.000D+00
 -13.30893  0.000D+00  0.000D+00  0.000D+00  0.000D+00  0.000D+00  0.000D+00  0.000D+00  0.000D+00  0.000D+00
 -13.28801  0.000D+00  0.000D+00  0.000D+00  0.000D+00  0.000D+00  0.000D+00  0.000D+00  0.000D+00  0.000D+00
 -13.26709  0.000D+00  0.000D+00  0.000D+00  0.000D+00  0.000D+00  0.000D+00  0.000D+00  0.000D+00  0.000D+00
 -13.24616  0.000D+00  0.000D+00  0.000D+00  0.000D+00  0.000D+00  0.000D+00  0.000D+00  0.000D+00  0.000D+00
 -13.22524  0.000D+00  0.000D+00  0.000D+00  0.000D+00  0.000D+00  0.000D+00  0.000D+00  0.000D+00  0.000D+00
 -13.20432  0.000D+00  0.000D+00  0.000D+00  0.000D+00  0.000D+00  0.000D+00  0.000D+00  0.000D+00  0.000D+00
 -13.18339  0.000D+00  0.000D+00  0.000D+00  0.000D+00  0.000D+00  0.000D+00  0.000D+00  0.000D+00  0.000D+00
 -13.16247  0.000D+00  0.000D+00  0.000D+00  0.000D+00  0.000D+00  0.000D+00  0.000D+00  0.000D+00  0.000D+00
 -13.14155  0.000D+00  0.000D+00  0.000D+00  0.000D+00  0.000D+00  0.000D+00  0.000D+00  0.000D+00  0.000D+00
 -13.12063  0.000D+00  0.000D+00  0.000D+00  0.000D+00  0.000D+00  0.000D+00  0.000D+00  0.000D+00  0.000D+00
 -13.09970  0.000D+00  0.000D+00  0.000D+00  0.000D+00  0.000D+00  0.000D+00  0.000D+00  0.000D+00  0.000D+00
 -13.07878  0.000D+00  0.000D+00  0.000D+00  0.000D+00  0.000D+00  0.000D+00  0.000D+00  0.000D+00  0.000D+00
 -13.05786  0.000D+00  0.000D+00  0.000D+00  0.000D+00  0.000D+00  0.000D+00  0.000D+00  0.000D+00  0.000D+00
 -13.03693  0.000D+00  0.000D+00  0.000D+00  0.000D+00  0.000D+00  0.000D+00  0.000D+00  0.000D+00  0.000D+00
 -13.01601  0.000D+00  0.000D+00  0.000D+00  0.000D+00  0.000D+00  0.000D+00  0.000D+00  0.000D+00  0.000D+00
 -12.99509  0.000D+00  0.000D+00  0.000D+00  0.000D+00  0.000D+00  0.000D+00  0.000D+00  0.000D+00  0.000D+00
 -12.97416  0.000D+00  0.000D+00  0.000D+00  0.000D+00  0.000D+00  0.000D+00  0.000D+00  0.000D+00  0.000D+00
 -12.95324  0.000D+00  0.000D+00  0.000D+00  0.000D+00  0.000D+00  0.000D+00  0.000D+00  0.000D+00  0.000D+00
 -12.93232  0.000D+00  0.000D+00  0.000D+00  0.000D+00  0.000D+00  0.000D+00  0.000D+00  0.000D+00  0.000D+00
 -12.91139  0.000D+00  0.000D+00  0.000D+00  0.000D+00  0.000D+00  0.000D+00  0.000D+00  0.000D+00  0.000D+00
 -12.89047  0.000D+00  0.000D+00  0.000D+00  0.000D+00  0.000D+00  0.000D+00  0.000D+00  0.000D+00  0.000D+00
 -12.86955  0.000D+00  0.000D+00  0.000D+00  0.000D+00  0.000D+00  0.000D+00  0.000D+00  0.000D+00  0.000D+00
 -12.84863  0.000D+00  0.000D+00  0.000D+00  0.000D+00  0.000D+00  0.000D+00  0.000D+00  0.000D+00  0.000D+00
 -12.82770  0.000D+00  0.000D+00  0.000D+00  0.000D+00  0.000D+00  0.000D+00  0.000D+00  0.000D+00  0.000D+00
 -12.80678  0.000D+00  0.000D+00  0.000D+00  0.000D+00  0.000D+00  0.000D+00  0.000D+00  0.000D+00  0.000D+00
 -12.78586  0.000D+00  0.000D+00  0.000D+00  0.000D+00  0.000D+00  0.000D+00  0.000D+00  0.000D+00  0.000D+00
 -12.76493  0.000D+00  0.000D+00  0.000D+00  0.000D+00  0.000D+00  0.000D+00  0.000D+00  0.000D+00  0.000D+00
 -12.74401  0.000D+00  0.000D+00  0.000D+00  0.000D+00  0.000D+00  0.000D+00  0.000D+00  0.000D+00  0.000D+00
 -12.72309  0.000D+00  0.000D+00  0.000D+00  0.000D+00  0.000D+00  0.000D+00  0.000D+00  0.000D+00  0.000D+00
 -12.70216  0.000D+00  0.000D+00  0.000D+00  0.000D+00  0.000D+00  0.000D+00  0.000D+00  0.000D+00  0.000D+00
 -12.68124  0.000D+00  0.000D+00  0.000D+00  0.000D+00  0.000D+00  0.000D+00  0.000D+00  0.000D+00  0.000D+00
 -12.66032  0.000D+00  0.000D+00  0.000D+00  0.000D+00  0.000D+00  0.000D+00  0.000D+00  0.000D+00  0.000D+00
 -12.63939  0.000D+00  0.000D+00  0.000D+00  0.000D+00  0.000D+00  0.000D+00  0.000D+00  0.000D+00  0.000D+00
 -12.61847  0.000D+00  0.000D+00  0.000D+00  0.000D+00  0.000D+00  0.000D+00  0.000D+00  0.000D+00  0.000D+00
 -12.59755  0.000D+00  0.000D+00  0.000D+00  0.000D+00  0.000D+00  0.000D+00  0.000D+00  0.000D+00  0.000D+00
 -12.57663  0.000D+00  0.000D+00  0.000D+00  0.000D+00  0.000D+00  0.000D+00  0.000D+00  0.000D+00  0.000D+00
 -12.55570  0.000D+00  0.000D+00  0.000D+00  0.000D+00  0.000D+00  0.000D+00  0.000D+00  0.000D+00  0.000D+00
 -12.53478  0.000D+00  0.000D+00  0.000D+00  0.000D+00  0.000D+00  0.000D+00  0.000D+00  0.000D+00  0.000D+00
 -12.51386  0.000D+00  0.000D+00  0.000D+00  0.000D+00  0.000D+00  0.000D+00  0.000D+00  0.000D+00  0.000D+00
 -12.49293  0.000D+00  0.000D+00  0.000D+00  0.000D+00  0.000D+00  0.000D+00  0.000D+00  0.000D+00  0.000D+00
 -12.47201  0.000D+00  0.000D+00  0.000D+00  0.000D+00  0.000D+00  0.000D+00  0.000D+00  0.000D+00  0.000D+00
 -12.45109  0.000D+00  0.000D+00  0.000D+00  0.000D+00  0.000D+00  0.000D+00  0.000D+00  0.000D+00  0.000D+00
 -12.43016  0.000D+00  0.000D+00  0.000D+00  0.000D+00  0.000D+00  0.000D+00  0.000D+00  0.000D+00  0.000D+00
 -12.40924  0.000D+00  0.000D+00  0.000D+00  0.000D+00  0.000D+00  0.000D+00  0.000D+00  0.000D+00  0.000D+00
 -12.38832  0.000D+00  0.000D+00  0.000D+00  0.000D+00  0.000D+00  0.000D+00  0.000D+00  0.000D+00  0.000D+00
 -12.36739  0.000D+00  0.000D+00  0.000D+00  0.000D+00  0.000D+00  0.000D+00  0.000D+00  0.000D+00  0.000D+00
 -12.34647  0.000D+00  0.000D+00  0.000D+00  0.000D+00  0.000D+00  0.000D+00  0.000D+00  0.000D+00  0.000D+00
 -12.32555  0.000D+00  0.000D+00  0.000D+00  0.000D+00  0.000D+00  0.000D+00  0.000D+00  0.000D+00  0.000D+00
 -12.30463  0.000D+00  0.000D+00  0.000D+00  0.000D+00  0.000D+00  0.000D+00  0.000D+00  0.000D+00  0.000D+00
 -12.28370  0.000D+00  0.000D+00  0.000D+00  0.000D+00  0.000D+00  0.000D+00  0.000D+00  0.000D+00  0.000D+00
 -12.26278  0.000D+00  0.000D+00  0.000D+00  0.000D+00  0.000D+00  0.000D+00  0.000D+00  0.000D+00  0.000D+00
 -12.24186  0.000D+00  0.000D+00  0.000D+00  0.000D+00  0.000D+00  0.000D+00  0.000D+00  0.000D+00  0.000D+00
 -12.22093  0.000D+00  0.000D+00  0.000D+00  0.000D+00  0.000D+00  0.000D+00  0.000D+00  0.000D+00  0.000D+00
 -12.20001  0.000D+00  0.000D+00  0.000D+00  0.000D+00  0.000D+00  0.000D+00  0.000D+00  0.000D+00  0.000D+00
 -12.17909  0.000D+00  0.000D+00  0.000D+00  0.000D+00  0.000D+00  0.000D+00  0.000D+00  0.000D+00  0.000D+00
 -12.15816  0.000D+00  0.000D+00  0.000D+00  0.000D+00  0.000D+00  0.000D+00  0.000D+00  0.000D+00  0.000D+00
 -12.13724  0.000D+00  0.000D+00  0.000D+00  0.000D+00  0.000D+00  0.000D+00  0.000D+00  0.000D+00  0.000D+00
 -12.11632  0.000D+00  0.000D+00  0.000D+00  0.000D+00  0.000D+00  0.000D+00  0.000D+00  0.000D+00  0.000D+00
 -12.09539  0.000D+00  0.000D+00  0.000D+00  0.000D+00  0.000D+00  0.000D+00  0.000D+00  0.000D+00  0.000D+00
 -12.07447  0.000D+00  0.000D+00  0.000D+00  0.000D+00  0.000D+00  0.000D+00  0.000D+00  0.000D+00  0.000D+00
 -12.05355  0.000D+00  0.000D+00  0.000D+00  0.000D+00  0.000D+00  0.000D+00  0.000D+00  0.000D+00  0.000D+00
 -12.03263  0.000D+00  0.000D+00  0.000D+00  0.000D+00  0.000D+00  0.000D+00  0.000D+00  0.000D+00  0.000D+00
 -12.01170  0.000D+00  0.000D+00  0.000D+00  0.000D+00  0.000D+00  0.000D+00  0.000D+00  0.000D+00  0.000D+00
 -11.99078  0.000D+00  0.000D+00  0.000D+00  0.000D+00  0.000D+00  0.000D+00  0.000D+00  0.000D+00  0.000D+00
 -11.96986  0.000D+00  0.000D+00  0.000D+00  0.000D+00  0.000D+00  0.000D+00  0.000D+00  0.000D+00  0.000D+00
 -11.94893  0.000D+00  0.000D+00  0.000D+00  0.000D+00  0.000D+00  0.000D+00  0.000D+00  0.000D+00  0.000D+00
 -11.92801  0.000D+00  0.000D+00  0.000D+00  0.000D+00  0.000D+00  0.000D+00  0.000D+00  0.000D+00  0.000D+00
 -11.90709  0.000D+00  0.000D+00  0.000D+00  0.000D+00  0.000D+00  0.000D+00  0.000D+00  0.000D+00  0.000D+00
 -11.88616  0.000D+00  0.000D+00  0.000D+00  0.000D+00  0.000D+00  0.000D+00  0.000D+00  0.000D+00  0.000D+00
 -11.86524  0.000D+00  0.000D+00  0.000D+00  0.000D+00  0.000D+00  0.000D+00  0.000D+00  0.000D+00  0.000D+00
 -11.84432  0.000D+00  0.000D+00  0.000D+00  0.000D+00  0.000D+00  0.000D+00  0.000D+00  0.000D+00  0.000D+00
 -11.82339  0.000D+00  0.000D+00  0.000D+00  0.000D+00  0.000D+00  0.000D+00  0.000D+00  0.000D+00  0.000D+00
 -11.80247  0.000D+00  0.000D+00  0.000D+00  0.000D+00  0.000D+00  0.000D+00  0.000D+00  0.000D+00  0.000D+00
 -11.78155  0.000D+00  0.000D+00  0.000D+00  0.000D+00  0.000D+00  0.000D+00  0.000D+00  0.000D+00  0.000D+00
 -11.76063  0.000D+00  0.000D+00  0.000D+00  0.000D+00  0.000D+00  0.000D+00  0.000D+00  0.000D+00  0.000D+00
 -11.73970  0.000D+00  0.000D+00  0.000D+00  0.000D+00  0.000D+00  0.000D+00  0.000D+00  0.000D+00  0.000D+00
 -11.71878  0.000D+00  0.000D+00  0.000D+00  0.000D+00  0.000D+00  0.000D+00  0.000D+00  0.000D+00  0.000D+00
 -11.69786  0.000D+00  0.000D+00  0.000D+00  0.000D+00  0.000D+00  0.000D+00  0.000D+00  0.000D+00  0.000D+00
 -11.67693  0.000D+00  0.000D+00  0.000D+00  0.000D+00  0.000D+00  0.000D+00  0.000D+00  0.000D+00  0.000D+00
 -11.65601  0.000D+00  0.000D+00  0.000D+00  0.000D+00  0.000D+00  0.000D+00  0.000D+00  0.000D+00  0.000D+00
 -11.63509  0.000D+00  0.000D+00  0.000D+00  0.000D+00  0.000D+00  0.000D+00  0.000D+00  0.000D+00  0.000D+00
 -11.61416  0.000D+00  0.000D+00  0.000D+00  0.000D+00  0.000D+00  0.000D+00  0.000D+00  0.000D+00  0.000D+00
 -11.59324  0.000D+00  0.000D+00  0.000D+00  0.000D+00  0.000D+00  0.000D+00  0.000D+00  0.000D+00  0.000D+00
 -11.57232  0.000D+00  0.000D+00  0.000D+00  0.000D+00  0.000D+00  0.000D+00  0.000D+00  0.000D+00  0.000D+00
 -11.55139  0.000D+00  0.000D+00  0.000D+00  0.000D+00  0.000D+00  0.000D+00  0.000D+00  0.000D+00  0.000D+00
 -11.53047  0.000D+00  0.000D+00  0.000D+00  0.000D+00  0.000D+00  0.000D+00  0.000D+00  0.000D+00  0.000D+00
 -11.50955  0.000D+00  0.000D+00  0.000D+00  0.000D+00  0.000D+00  0.000D+00  0.000D+00  0.000D+00  0.000D+00
 -11.48863  0.000D+00  0.000D+00  0.000D+00  0.000D+00  0.000D+00  0.000D+00  0.000D+00  0.000D+00  0.000D+00
 -11.46770  0.000D+00  0.000D+00  0.000D+00  0.000D+00  0.000D+00  0.000D+00  0.000D+00  0.000D+00  0.000D+00
 -11.44678  0.701D-08  0.701D-08  0.000D+00  0.000D+00  0.307D-16  0.775D-25  0.306D-16  0.792D-21  0.417D-19
 -11.42586  0.176D-07  0.176D-07  0.000D+00  0.000D+00  0.438D-15  0.755D-23  0.437D-15  0.779D-19  0.593D-18
 -11.40493  0.274D-07  0.274D-07  0.000D+00  0.000D+00  0.106D-14  0.294D-22  0.106D-14  0.306D-18  0.144D-17
 -11.38401  0.401D-07  0.401D-07  0.000D+00  0.000D+00  0.216D-14  0.861D-22  0.216D-14  0.903D-18  0.291D-17
 -11.36309  0.567D-07  0.567D-07  0.000D+00  0.000D+00  0.393D-14  0.209D-21  0.392D-14  0.222D-17  0.527D-17
 -11.34216  0.741D-07  0.741D-07  0.000D+00  0.000D+00  0.515D-14  0.275D-21  0.514D-14  0.292D-17  0.690D-17
 -11.32124  0.101D-06  0.101D-06  0.000D+00  0.000D+00  0.823D-14  0.537D-21  0.821D-14  0.577D-17  0.110D-16
 -11.30032  0.134D-06  0.134D-06  0.000D+00  0.000D+00  0.119D-13  0.703D-21  0.119D-13  0.858D-17  0.158D-16
 -11.27939  0.175D-06  0.175D-06  0.000D+00  0.000D+00  0.163D-13  0.122D-20  0.163D-13  0.135D-16  0.216D-16
 -11.25847  0.229D-06  0.229D-06  0.000D+00  0.000D+00  0.227D-13  0.159D-20  0.226D-13  0.194D-16  0.299D-16
 -11.23755  0.298D-06  0.298D-06  0.000D+00  0.000D+00  0.305D-13  0.254D-20  0.304D-13  0.290D-16  0.402D-16
 -11.21663  0.385D-06  0.385D-06  0.000D+00  0.000D+00  0.404D-13  0.331D-20  0.403D-13  0.393D-16  0.532D-16
 -11.19570  0.497D-06  0.497D-06  0.000D+00  0.000D+00  0.544D-13  0.502D-20  0.542D-13  0.580D-16  0.716D-16
 -11.17478  0.637D-06  0.637D-06  0.000D+00  0.000D+00  0.702D-13  0.651D-20  0.701D-13  0.753D-16  0.925D-16
 -11.15386  0.819D-06  0.819D-06  0.000D+00  0.000D+00  0.941D-13  0.946D-20  0.939D-13  0.110D-15  0.124D-15
 -11.13293  0.104D-05  0.104D-05  0.000D+00  0.000D+00  0.121D-12  0.123D-19  0.121D-12  0.143D-15  0.159D-15
 -11.11201  0.133D-05  0.133D-05  0.000D+00  0.000D+00  0.157D-12  0.158D-19  0.156D-12  0.188D-15  0.205D-15
 -11.09109  0.169D-05  0.169D-05  0.000D+00  0.000D+00  0.203D-12  0.218D-19  0.203D-12  0.257D-15  0.267D-15
 -11.07016  0.214D-05  0.214D-05  0.000D+00  0.000D+00  0.260D-12  0.281D-19  0.259D-12  0.330D-15  0.341D-15
 -11.04924  0.270D-05  0.270D-05  0.000D+00  0.000D+00  0.334D-12  0.360D-19  0.333D-12  0.432D-15  0.437D-15
 -11.02832  0.340D-05  0.340D-05  0.000D+00  0.000D+00  0.427D-12  0.481D-19  0.425D-12  0.571D-15  0.559D-15
 -11.00739  0.427D-05  0.427D-05  0.000D+00  0.000D+00  0.541D-12  0.615D-19  0.540D-12  0.731D-15  0.708D-15
 -10.98647  0.535D-05  0.535D-05  0.000D+00  0.000D+00  0.688D-12  0.785D-19  0.686D-12  0.945D-15  0.899D-15
 -10.96555  0.669D-05  0.669D-05  0.000D+00  0.000D+00  0.871D-12  0.102D-18  0.868D-12  0.123D-14  0.114D-14
 -10.94463  0.834D-05  0.834D-05  0.000D+00  0.000D+00  0.110D-11  0.130D-18  0.109D-11  0.156D-14  0.143D-14
 -10.92370  0.104D-04  0.104D-04  0.000D+00  0.000D+00  0.138D-11  0.165D-18  0.138D-11  0.199D-14  0.180D-14
 -10.90278  0.128D-04  0.128D-04  0.000D+00  0.000D+00  0.173D-11  0.212D-18  0.173D-11  0.256D-14  0.226D-14
 -10.88186  0.159D-04  0.159D-04  0.000D+00  0.000D+00  0.217D-11  0.267D-18  0.216D-11  0.323D-14  0.283D-14
 -10.86093  0.196D-04  0.196D-04  0.000D+00  0.000D+00  0.270D-11  0.337D-18  0.270D-11  0.407D-14  0.353D-14
 -10.84001  0.241D-04  0.241D-04  0.000D+00  0.000D+00  0.620D-08  0.620D-08  0.594D-11  0.686D-14  0.441D-14
 -10.81909  0.296D-04  0.296D-04  0.000D+00  0.000D+00  0.105D-07  0.105D-07  0.122D-10  0.167D-13  0.550D-14
 -10.79816  0.363D-04  0.362D-04  0.000D+00  0.000D+00  0.161D-07  0.161D-07  0.239D-10  0.470D-13  0.687D-14
 -10.77724  0.443D-04  0.443D-04  0.000D+00  0.000D+00  0.234D-07  0.234D-07  0.439D-10  0.123D-12  0.859D-14
 -10.75632  0.539D-04  0.539D-04  0.000D+00  0.000D+00  0.330D-07  0.329D-07  0.755D-10  0.290D-12  0.108D-13
 -10.73539  0.655D-04  0.655D-04  0.000D+00  0.000D+00  0.454D-07  0.453D-07  0.123D-09  0.620D-12  0.136D-13
 -10.71447  0.794D-04  0.793D-04  0.000D+00  0.000D+00  0.592D-07  0.590D-07  0.161D-09  0.812D-12  0.167D-13
 -10.69355  0.960D-04  0.959D-04  0.000D+00  0.000D+00  0.792D-07  0.790D-07  0.242D-09  0.147D-11  0.211D-13
 -10.67263  0.116D-03  0.116D-03  0.000D+00  0.000D+00  0.103D-06  0.102D-06  0.314D-09  0.192D-11  0.259D-13
 -10.65170  0.139D-03  0.139D-03  0.000D+00  0.000D+00  0.135D-06  0.135D-06  0.448D-09  0.317D-11  0.326D-13
 -10.63078  0.167D-03  0.167D-03  0.000D+00  0.000D+00  0.174D-06  0.174D-06  0.581D-09  0.413D-11  0.400D-13
 -10.60986  0.200D-03  0.199D-03  0.000D+00  0.000D+00  0.227D-06  0.226D-06  0.801D-09  0.638D-11  0.504D-13
 -10.58893  0.238D-03  0.238D-03  0.000D+00  0.000D+00  0.291D-06  0.290D-06  0.103D-08  0.829D-11  0.617D-13
 -10.56801  0.284D-03  0.283D-03  0.000D+00  0.000D+00  0.373D-06  0.372D-06  0.133D-08  0.108D-10  0.754D-13
 -10.54709  0.337D-03  0.336D-03  0.000D+00  0.000D+00  0.479D-06  0.477D-06  0.177D-08  0.154D-10  0.943D-13
 -10.52616  0.399D-03  0.398D-03  0.000D+00  0.000D+00  0.611D-06  0.609D-06  0.227D-08  0.199D-10  0.115D-12
 -10.50524  0.471D-03  0.470D-03  0.000D+00  0.000D+00  0.779D-06  0.776D-06  0.298D-08  0.278D-10  0.144D-12
 -10.48432  0.555D-03  0.554D-03  0.000D+00  0.000D+00  0.988D-06  0.984D-06  0.381D-08  0.358D-10  0.175D-12
 -10.46339  0.653D-03  0.652D-03  0.000D+00  0.000D+00  0.125D-05  0.124D-05  0.486D-08  0.460D-10  0.214D-12
 -10.44247  0.765D-03  0.764D-03  0.000D+00  0.000D+00  0.158D-05  0.157D-05  0.626D-08  0.619D-10  0.265D-12
 -10.42155  0.895D-03  0.893D-03  0.000D+00  0.000D+00  0.199D-05  0.198D-05  0.795D-08  0.793D-10  0.323D-12
 -10.40063  0.104D-02  0.104D-02  0.000D+00  0.000D+00  0.249D-05  0.248D-05  0.101D-07  0.101D-09  0.393D-12
 -10.37970  0.122D-02  0.121D-02  0.000D+00  0.000D+00  0.312D-05  0.311D-05  0.128D-07  0.133D-09  0.485D-12
 -10.35878  0.141D-02  0.141D-02  0.000D+00  0.000D+00  0.390D-05  0.388D-05  0.161D-07  0.169D-09  0.590D-12
 -10.33786  0.163D-02  0.163D-02  0.000D+00  0.000D+00  0.486D-05  0.484D-05  0.203D-07  0.215D-09  0.716D-12
 -10.31693  0.189D-02  0.188D-02  0.000D+00  0.000D+00  0.604D-05  0.601D-05  0.255D-07  0.276D-09  0.872D-12
 -10.29601  0.217D-02  0.217D-02  0.000D+00  0.000D+00  0.748D-05  0.745D-05  0.320D-07  0.350D-09  0.107D-11
 -10.27509  0.250D-02  0.249D-02  0.000D+00  0.000D+00  0.925D-05  0.921D-05  0.399D-07  0.442D-09  0.129D-11
 -10.25416  0.287D-02  0.286D-02  0.000D+00  0.000D+00  0.114D-04  0.113D-04  0.497D-07  0.556D-09  0.157D-11
 -10.23324  0.328D-02  0.326D-02  0.000D+00  0.000D+00  0.140D-04  0.140D-04  0.619D-07  0.704D-09  0.191D-11
 -10.21232  0.374D-02  0.372D-02  0.000D+00  0.000D+00  0.172D-04  0.171D-04  0.768D-07  0.883D-09  0.232D-11
 -10.19139  0.426D-02  0.424D-02  0.000D+00  0.000D+00  0.210D-04  0.209D-04  0.949D-07  0.110D-08  0.280D-11
 -10.17047  0.483D-02  0.481D-02  0.000D+00  0.000D+00  0.257D-04  0.256D-04  0.117D-06  0.138D-08  0.339D-11
 -10.14955  0.548D-02  0.545D-02  0.000D+00  0.000D+00  0.312D-04  0.311D-04  0.144D-06  0.172D-08  0.412D-11
 -10.12863  0.619D-02  0.615D-02  0.000D+00  0.000D+00  0.379D-04  0.378D-04  0.177D-06  0.214D-08  0.497D-11
 -10.10770  0.698D-02  0.693D-02  0.000D+00  0.000D+00  0.459D-04  0.457D-04  0.217D-06  0.265D-08  0.600D-11
 -10.08678  0.784D-02  0.779D-02  0.000D+00  0.000D+00  0.555D-04  0.552D-04  0.265D-06  0.328D-08  0.724D-11
 -10.06586  0.880D-02  0.873D-02  0.000D+00  0.000D+00  0.669D-04  0.665D-04  0.323D-06  0.404D-08  0.874D-11
 -10.04493  0.985D-02  0.977D-02  0.000D+00  0.000D+00  0.803D-04  0.799D-04  0.393D-06  0.497D-08  0.105D-10
 -10.02401  0.110D-01  0.109D-01  0.000D+00  0.000D+00  0.963D-04  0.958D-04  0.477D-06  0.611D-08  0.127D-10
 -10.00309  0.122D-01  0.121D-01  0.000D+00  0.000D+00  0.115D-03  0.115D-03  0.578D-06  0.749D-08  0.152D-10
  -9.98216  0.136D-01  0.135D-01  0.000D+00  0.000D+00  0.137D-03  0.137D-03  0.698D-06  0.915D-08  0.183D-10
  -9.96124  0.151D-01  0.149D-01  0.000D+00  0.000D+00  0.163D-03  0.163D-03  0.840D-06  0.112D-07  0.219D-10
  -9.94032  0.167D-01  0.165D-01  0.000D+00  0.000D+00  0.194D-03  0.193D-03  0.101D-05  0.136D-07  0.263D-10
  -9.91939  0.184D-01  0.182D-01  0.000D+00  0.000D+00  0.229D-03  0.228D-03  0.121D-05  0.165D-07  0.315D-10
  -9.89847  0.203D-01  0.200D-01  0.000D+00  0.000D+00  0.271D-03  0.269D-03  0.145D-05  0.200D-07  0.377D-10
  -9.87755  0.223D-01  0.220D-01  0.000D+00  0.000D+00  0.319D-03  0.317D-03  0.173D-05  0.241D-07  0.450D-10
  -9.85663  0.244D-01  0.240D-01  0.000D+00  0.000D+00  0.375D-03  0.373D-03  0.206D-05  0.290D-07  0.537D-10
  -9.83570  0.267D-01  0.262D-01  0.000D+00  0.000D+00  0.439D-03  0.436D-03  0.244D-05  0.349D-07  0.639D-10
  -9.81478  0.291D-01  0.286D-01  0.000D+00  0.000D+00  0.513D-03  0.510D-03  0.289D-05  0.419D-07  0.760D-10
  -9.79386  0.317D-01  0.311D-01  0.000D+00  0.000D+00  0.598D-03  0.594D-03  0.342D-05  0.502D-07  0.904D-10
  -9.77293  0.344D-01  0.337D-01  0.000D+00  0.000D+00  0.695D-03  0.691D-03  0.403D-05  0.600D-07  0.107D-09
  -9.75201  0.373D-01  0.365D-01  0.000D+00  0.000D+00  0.806D-03  0.802D-03  0.475D-05  0.715D-07  0.127D-09
  -9.73109  0.404D-01  0.394D-01  0.000D+00  0.000D+00  0.933D-03  0.927D-03  0.557D-05  0.850D-07  0.150D-09
  -9.71016  0.436D-01  0.425D-01  0.000D+00  0.000D+00  0.108D-02  0.107D-02  0.652D-05  0.101D-06  0.178D-09
  -9.68924  0.469D-01  0.457D-01  0.000D+00  0.000D+00  0.124D-02  0.123D-02  0.762D-05  0.120D-06  0.209D-09
  -9.66832  0.504D-01  0.490D-01  0.000D+00  0.000D+00  0.142D-02  0.141D-02  0.888D-05  0.141D-06  0.247D-09
  -9.64739  0.541D-01  0.524D-01  0.000D+00  0.000D+00  0.163D-02  0.162D-02  0.103D-04  0.167D-06  0.290D-09
  -9.62647  0.579D-01  0.560D-01  0.000D+00  0.000D+00  0.186D-02  0.185D-02  0.120D-04  0.196D-06  0.340D-09
  -9.60555  0.618D-01  0.597D-01  0.000D+00  0.000D+00  0.212D-02  0.211D-02  0.139D-04  0.230D-06  0.399D-09
  -9.58463  0.659D-01  0.634D-01  0.000D+00  0.000D+00  0.241D-02  0.240D-02  0.160D-04  0.269D-06  0.467D-09
  -9.56370  0.701D-01  0.673D-01  0.000D+00  0.000D+00  0.274D-02  0.272D-02  0.185D-04  0.315D-06  0.546D-09
  -9.54278  0.744D-01  0.713D-01  0.000D+00  0.000D+00  0.310D-02  0.307D-02  0.212D-04  0.367D-06  0.636D-09
  -9.52186  0.788D-01  0.753D-01  0.000D+00  0.000D+00  0.349D-02  0.347D-02  0.243D-04  0.427D-06  0.741D-09
  -9.50093  0.834D-01  0.795D-01  0.000D+00  0.000D+00  0.393D-02  0.390D-02  0.279D-04  0.497D-06  0.862D-09
  -9.48001  0.880D-01  0.836D-01  0.000D+00  0.000D+00  0.442D-02  0.438D-02  0.318D-04  0.576D-06  0.100D-08
  -9.45909  0.928D-01  0.878D-01  0.000D+00  0.000D+00  0.495D-02  0.491D-02  0.362D-04  0.666D-06  0.116D-08
  -9.43816  0.976D-01  0.921D-01  0.000D+00  0.000D+00  0.553D-02  0.549D-02  0.412D-04  0.768D-06  0.134D-08
  -9.41724  0.102D+00  0.963D-01  0.000D+00  0.000D+00  0.616D-02  0.611D-02  0.467D-04  0.885D-06  0.155D-08
  -9.39632  0.107D+00  0.101D+00  0.000D+00  0.000D+00  0.685D-02  0.680D-02  0.529D-04  0.102D-05  0.178D-08
  -9.37539  0.112D+00  0.105D+00  0.000D+00  0.000D+00  0.760D-02  0.754D-02  0.597D-04  0.117D-05  0.205D-08
  -9.35447  0.117D+00  0.109D+00  0.000D+00  0.000D+00  0.841D-02  0.834D-02  0.673D-04  0.134D-05  0.236D-08
  -9.33355  0.123D+00  0.113D+00  0.000D+00  0.000D+00  0.928D-02  0.920D-02  0.756D-04  0.153D-05  0.270D-08
  -9.31263  0.128D+00  0.117D+00  0.000D+00  0.000D+00  0.102D-01  0.101D-01  0.849D-04  0.174D-05  0.309D-08
  -9.29170  0.133D+00  0.122D+00  0.000D+00  0.000D+00  0.112D-01  0.111D-01  0.950D-04  0.198D-05  0.354D-08
  -9.27078  0.138D+00  0.126D+00  0.000D+00  0.000D+00  0.123D-01  0.122D-01  0.106D-03  0.225D-05  0.403D-08
  -9.24986  0.143D+00  0.129D+00  0.000D+00  0.000D+00  0.135D-01  0.133D-01  0.118D-03  0.255D-05  0.459D-08
  -9.22893  0.148D+00  0.133D+00  0.000D+00  0.000D+00  0.147D-01  0.145D-01  0.132D-03  0.288D-05  0.522D-08
  -9.20801  0.153D+00  0.137D+00  0.000D+00  0.000D+00  0.160D-01  0.158D-01  0.146D-03  0.326D-05  0.593D-08
  -9.18709  0.158D+00  0.141D+00  0.000D+00  0.000D+00  0.173D-01  0.172D-01  0.162D-03  0.367D-05  0.672D-08
  -9.16616  0.163D+00  0.144D+00  0.000D+00  0.000D+00  0.188D-01  0.186D-01  0.179D-03  0.413D-05  0.760D-08
  -9.14524  0.168D+00  0.148D+00  0.000D+00  0.000D+00  0.203D-01  0.201D-01  0.197D-03  0.464D-05  0.858D-08
  -9.12432  0.173D+00  0.151D+00  0.000D+00  0.000D+00  0.218D-01  0.216D-01  0.217D-03  0.519D-05  0.968D-08
  -9.10339  0.177D+00  0.154D+00  0.000D+00  0.000D+00  0.235D-01  0.232D-01  0.238D-03  0.581D-05  0.109D-07
  -9.08247  0.182D+00  0.157D+00  0.000D+00  0.000D+00  0.252D-01  0.249D-01  0.261D-03  0.649D-05  0.122D-07
  -9.06155  0.187D+00  0.160D+00  0.000D+00  0.000D+00  0.270D-01  0.267D-01  0.286D-03  0.723D-05  0.137D-07
  -9.04063  0.191D+00  0.162D+00  0.000D+00  0.000D+00  0.288D-01  0.285D-01  0.312D-03  0.804D-05  0.154D-07
  -9.01970  0.195D+00  0.165D+00  0.000D+00  0.000D+00  0.307D-01  0.303D-01  0.340D-03  0.893D-05  0.172D-07
  -8.99878  0.199D+00  0.167D+00  0.000D+00  0.000D+00  0.326D-01  0.322D-01  0.370D-03  0.990D-05  0.192D-07
  -8.97786  0.204D+00  0.169D+00  0.000D+00  0.000D+00  0.346D-01  0.342D-01  0.402D-03  0.110D-04  0.214D-07
  -8.95693  0.208D+00  0.171D+00  0.000D+00  0.000D+00  0.366D-01  0.362D-01  0.435D-03  0.121D-04  0.238D-07
  -8.93601  0.211D+00  0.173D+00  0.000D+00  0.000D+00  0.387D-01  0.382D-01  0.471D-03  0.133D-04  0.265D-07
  -8.91509  0.215D+00  0.174D+00  0.000D+00  0.000D+00  0.407D-01  0.402D-01  0.508D-03  0.147D-04  0.294D-07
  -8.89416  0.219D+00  0.176D+00  0.000D+00  0.000D+00  0.428D-01  0.422D-01  0.548D-03  0.161D-04  0.326D-07
  -8.87324  0.222D+00  0.177D+00  0.000D+00  0.000D+00  0.449D-01  0.443D-01  0.589D-03  0.177D-04  0.360D-07
  -8.85232  0.225D+00  0.178D+00  0.000D+00  0.000D+00  0.470D-01  0.463D-01  0.632D-03  0.194D-04  0.398D-07
  -8.83139  0.228D+00  0.179D+00  0.000D+00  0.000D+00  0.491D-01  0.484D-01  0.677D-03  0.212D-04  0.439D-07
  -8.81047  0.231D+00  0.180D+00  0.000D+00  0.000D+00  0.511D-01  0.504D-01  0.725D-03  0.231D-04  0.483D-07
  -8.78955  0.234D+00  0.181D+00  0.000D+00  0.000D+00  0.532D-01  0.524D-01  0.774D-03  0.252D-04  0.532D-07
  -8.76863  0.237D+00  0.181D+00  0.000D+00  0.000D+00  0.552D-01  0.543D-01  0.825D-03  0.275D-04  0.584D-07
  -8.74770  0.239D+00  0.182D+00  0.000D+00  0.000D+00  0.572D-01  0.562D-01  0.878D-03  0.298D-04  0.640D-07
  -8.72678  0.241D+00  0.182D+00  0.000D+00  0.000D+00  0.591D-01  0.581D-01  0.932D-03  0.324D-04  0.701D-07
  -8.70586  0.243D+00  0.182D+00  0.000D+00  0.000D+00  0.609D-01  0.599D-01  0.989D-03  0.351D-04  0.767D-07
  -8.68493  0.245D+00  0.182D+00  0.000D+00  0.000D+00  0.627D-01  0.616D-01  0.105D-02  0.380D-04  0.837D-07
  -8.66401  0.247D+00  0.182D+00  0.000D+00  0.000D+00  0.644D-01  0.633D-01  0.111D-02  0.410D-04  0.913D-07
  -8.64309  0.248D+00  0.182D+00  0.000D+00  0.000D+00  0.661D-01  0.649D-01  0.117D-02  0.442D-04  0.995D-07
  -8.62216  0.249D+00  0.182D+00  0.000D+00  0.000D+00  0.676D-01  0.663D-01  0.123D-02  0.476D-04  0.108D-06
  -8.60124  0.250D+00  0.181D+00  0.000D+00  0.000D+00  0.691D-01  0.677D-01  0.130D-02  0.512D-04  0.118D-06
  -8.58032  0.251D+00  0.181D+00  0.000D+00  0.000D+00  0.704D-01  0.690D-01  0.136D-02  0.550D-04  0.127D-06
  -8.55939  0.252D+00  0.180D+00  0.000D+00  0.000D+00  0.717D-01  0.702D-01  0.143D-02  0.590D-04  0.138D-06
  -8.53847  0.252D+00  0.179D+00  0.000D+00  0.000D+00  0.728D-01  0.713D-01  0.150D-02  0.633D-04  0.150D-06
  -8.51755  0.252D+00  0.179D+00  0.000D+00  0.000D+00  0.739D-01  0.722D-01  0.156D-02  0.677D-04  0.162D-06
  -8.49663  0.252D+00  0.178D+00  0.000D+00  0.000D+00  0.748D-01  0.731D-01  0.163D-02  0.723D-04  0.174D-06
  -8.47570  0.252D+00  0.177D+00  0.000D+00  0.000D+00  0.756D-01  0.738D-01  0.171D-02  0.772D-04  0.188D-06
  -8.45478  0.252D+00  0.176D+00  0.000D+00  0.000D+00  0.763D-01  0.744D-01  0.178D-02  0.823D-04  0.203D-06
  -8.43386  0.251D+00  0.174D+00  0.000D+00  0.000D+00  0.769D-01  0.749D-01  0.185D-02  0.876D-04  0.218D-06
  -8.41293  0.251D+00  0.173D+00  0.000D+00  0.000D+00  0.773D-01  0.753D-01  0.192D-02  0.931D-04  0.234D-06
  -8.39201  0.250D+00  0.172D+00  0.000D+00  0.000D+00  0.777D-01  0.756D-01  0.199D-02  0.989D-04  0.251D-06
  -8.37109  0.249D+00  0.171D+00  0.000D+00  0.000D+00  0.779D-01  0.758D-01  0.207D-02  0.105D-03  0.269D-06
  -8.35016  0.247D+00  0.169D+00  0.000D+00  0.000D+00  0.781D-01  0.758D-01  0.214D-02  0.111D-03  0.288D-06
  -8.32924  0.246D+00  0.168D+00  0.000D+00  0.000D+00  0.781D-01  0.758D-01  0.221D-02  0.118D-03  0.309D-06
  -8.30832  0.245D+00  0.167D+00  0.000D+00  0.000D+00  0.780D-01  0.756D-01  0.229D-02  0.125D-03  0.330D-06
  -8.28739  0.243D+00  0.165D+00  0.000D+00  0.000D+00  0.779D-01  0.754D-01  0.236D-02  0.132D-03  0.352D-06
  -8.26647  0.241D+00  0.164D+00  0.000D+00  0.000D+00  0.776D-01  0.751D-01  0.243D-02  0.139D-03  0.375D-06
  -8.24555  0.239D+00  0.162D+00  0.000D+00  0.000D+00  0.773D-01  0.746D-01  0.251D-02  0.146D-03  0.400D-06
  -8.22463  0.237D+00  0.161D+00  0.000D+00  0.000D+00  0.769D-01  0.741D-01  0.258D-02  0.154D-03  0.426D-06
  -8.20370  0.235D+00  0.159D+00  0.000D+00  0.000D+00  0.764D-01  0.736D-01  0.265D-02  0.162D-03  0.452D-06
  -8.18278  0.233D+00  0.157D+00  0.000D+00  0.000D+00  0.758D-01  0.729D-01  0.272D-02  0.170D-03  0.481D-06
  -8.16186  0.231D+00  0.156D+00  0.000D+00  0.000D+00  0.752D-01  0.722D-01  0.279D-02  0.179D-03  0.510D-06
  -8.14093  0.229D+00  0.154D+00  0.000D+00  0.000D+00  0.745D-01  0.715D-01  0.286D-02  0.188D-03  0.541D-06
  -8.12001  0.226D+00  0.153D+00  0.000D+00  0.000D+00  0.738D-01  0.707D-01  0.293D-02  0.197D-03  0.573D-06
  -8.09909  0.224D+00  0.151D+00  0.000D+00  0.000D+00  0.730D-01  0.698D-01  0.300D-02  0.206D-03  0.606D-06
  -8.07816  0.222D+00  0.150D+00  0.000D+00  0.000D+00  0.722D-01  0.689D-01  0.307D-02  0.216D-03  0.641D-06
  -8.05724  0.219D+00  0.148D+00  0.000D+00  0.000D+00  0.714D-01  0.680D-01  0.314D-02  0.226D-03  0.677D-06
  -8.03632  0.217D+00  0.146D+00  0.000D+00  0.000D+00  0.705D-01  0.671D-01  0.321D-02  0.236D-03  0.714D-06
  -8.01539  0.215D+00  0.145D+00  0.000D+00  0.000D+00  0.696D-01  0.661D-01  0.327D-02  0.247D-03  0.753D-06
  -7.99447  0.212D+00  0.143D+00  0.000D+00  0.000D+00  0.687D-01  0.651D-01  0.334D-02  0.257D-03  0.794D-06
  -7.97355  0.210D+00  0.142D+00  0.000D+00  0.000D+00  0.678D-01  0.642D-01  0.340D-02  0.268D-03  0.836D-06
  -7.95263  0.207D+00  0.140D+00  0.000D+00  0.000D+00  0.669D-01  0.632D-01  0.346D-02  0.280D-03  0.879D-06
  -7.93170  0.205D+00  0.139D+00  0.000D+00  0.000D+00  0.660D-01  0.622D-01  0.353D-02  0.291D-03  0.924D-06
  -7.91078  0.203D+00  0.138D+00  0.000D+00  0.000D+00  0.651D-01  0.612D-01  0.359D-02  0.303D-03  0.971D-06
  -7.88986  0.200D+00  0.136D+00  0.000D+00  0.000D+00  0.642D-01  0.602D-01  0.365D-02  0.315D-03  0.102D-05
  -7.86893  0.198D+00  0.135D+00  0.000D+00  0.000D+00  0.632D-01  0.592D-01  0.371D-02  0.328D-03  0.107D-05
  -7.84801  0.196D+00  0.134D+00  0.000D+00  0.000D+00  0.624D-01  0.582D-01  0.377D-02  0.340D-03  0.112D-05
  -7.82709  0.194D+00  0.132D+00  0.000D+00  0.000D+00  0.615D-01  0.573D-01  0.382D-02  0.353D-03  0.117D-05
  -7.80616  0.192D+00  0.131D+00  0.000D+00  0.000D+00  0.606D-01  0.564D-01  0.388D-02  0.366D-03  0.123D-05
  -7.78524  0.190D+00  0.130D+00  0.000D+00  0.000D+00  0.598D-01  0.554D-01  0.394D-02  0.380D-03  0.129D-05
  -7.76432  0.188D+00  0.129D+00  0.000D+00  0.000D+00  0.589D-01  0.545D-01  0.399D-02  0.394D-03  0.134D-05
  -7.74339  0.186D+00  0.128D+00  0.000D+00  0.000D+00  0.581D-01  0.537D-01  0.405D-02  0.408D-03  0.140D-05
  -7.72247  0.184D+00  0.126D+00  0.000D+00  0.000D+00  0.573D-01  0.528D-01  0.410D-02  0.423D-03  0.147D-05
  -7.70155  0.182D+00  0.125D+00  0.000D+00  0.000D+00  0.566D-01  0.520D-01  0.416D-02  0.437D-03  0.153D-05
  -7.68063  0.180D+00  0.124D+00  0.000D+00  0.000D+00  0.558D-01  0.512D-01  0.421D-02  0.452D-03  0.160D-05
  -7.65970  0.178D+00  0.123D+00  0.000D+00  0.000D+00  0.551D-01  0.504D-01  0.426D-02  0.468D-03  0.166D-05
  -7.63878  0.177D+00  0.122D+00  0.000D+00  0.000D+00  0.544D-01  0.496D-01  0.431D-02  0.483D-03  0.173D-05
  -7.61786  0.175D+00  0.121D+00  0.000D+00  0.000D+00  0.538D-01  0.489D-01  0.436D-02  0.499D-03  0.180D-05
  -7.59693  0.174D+00  0.121D+00  0.000D+00  0.000D+00  0.531D-01  0.482D-01  0.441D-02  0.516D-03  0.188D-05
  -7.57601  0.172D+00  0.120D+00  0.000D+00  0.000D+00  0.525D-01  0.475D-01  0.446D-02  0.532D-03  0.195D-05
  -7.55509  0.171D+00  0.119D+00  0.000D+00  0.000D+00  0.519D-01  0.468D-01  0.451D-02  0.549D-03  0.203D-05
  -7.53416  0.169D+00  0.118D+00  0.000D+00  0.000D+00  0.513D-01  0.462D-01  0.456D-02  0.567D-03  0.211D-05
  -7.51324  0.168D+00  0.117D+00  0.000D+00  0.000D+00  0.508D-01  0.456D-01  0.461D-02  0.584D-03  0.219D-05
  -7.49232  0.167D+00  0.116D+00  0.000D+00  0.000D+00  0.502D-01  0.450D-01  0.466D-02  0.602D-03  0.227D-05
  -7.47139  0.165D+00  0.116D+00  0.000D+00  0.000D+00  0.497D-01  0.444D-01  0.470D-02  0.621D-03  0.236D-05
  -7.45047  0.164D+00  0.115D+00  0.000D+00  0.000D+00  0.492D-01  0.438D-01  0.475D-02  0.640D-03  0.244D-05
  -7.42955  0.163D+00  0.114D+00  0.000D+00  0.000D+00  0.487D-01  0.433D-01  0.480D-02  0.659D-03  0.253D-05
  -7.40863  0.162D+00  0.114D+00  0.000D+00  0.000D+00  0.483D-01  0.428D-01  0.484D-02  0.678D-03  0.263D-05
  -7.38770  0.161D+00  0.113D+00  0.000D+00  0.000D+00  0.478D-01  0.423D-01  0.489D-02  0.698D-03  0.272D-05
  -7.36678  0.160D+00  0.112D+00  0.000D+00  0.000D+00  0.474D-01  0.418D-01  0.493D-02  0.718D-03  0.282D-05
  -7.34586  0.159D+00  0.112D+00  0.000D+00  0.000D+00  0.470D-01  0.413D-01  0.498D-02  0.739D-03  0.291D-05
  -7.32493  0.158D+00  0.111D+00  0.000D+00  0.000D+00  0.466D-01  0.408D-01  0.502D-02  0.760D-03  0.301D-05
  -7.30401  0.157D+00  0.111D+00  0.000D+00  0.000D+00  0.463D-01  0.404D-01  0.507D-02  0.781D-03  0.312D-05
  -7.28309  0.156D+00  0.110D+00  0.000D+00  0.000D+00  0.459D-01  0.400D-01  0.511D-02  0.803D-03  0.322D-05
  -7.26216  0.155D+00  0.110D+00  0.000D+00  0.000D+00  0.455D-01  0.396D-01  0.516D-02  0.825D-03  0.333D-05
  -7.24124  0.154D+00  0.109D+00  0.000D+00  0.000D+00  0.452D-01  0.392D-01  0.520D-02  0.847D-03  0.344D-05
  -7.22032  0.154D+00  0.109D+00  0.000D+00  0.000D+00  0.449D-01  0.388D-01  0.524D-02  0.870D-03  0.355D-05
  -7.19939  0.153D+00  0.108D+00  0.000D+00  0.000D+00  0.446D-01  0.384D-01  0.529D-02  0.894D-03  0.366D-05
  -7.17847  0.152D+00  0.108D+00  0.000D+00  0.000D+00  0.443D-01  0.380D-01  0.533D-02  0.917D-03  0.378D-05
  -7.15755  0.151D+00  0.107D+00  0.000D+00  0.000D+00  0.440D-01  0.377D-01  0.537D-02  0.942D-03  0.390D-05
  -7.13663  0.151D+00  0.107D+00  0.000D+00  0.000D+00  0.437D-01  0.374D-01  0.541D-02  0.966D-03  0.402D-05
  -7.11570  0.150D+00  0.107D+00  0.000D+00  0.000D+00  0.435D-01  0.370D-01  0.546D-02  0.991D-03  0.414D-05
  -7.09478  0.150D+00  0.106D+00  0.000D+00  0.000D+00  0.432D-01  0.367D-01  0.550D-02  0.102D-02  0.427D-05
  -7.07386  0.149D+00  0.106D+00  0.000D+00  0.000D+00  0.430D-01  0.364D-01  0.554D-02  0.104D-02  0.439D-05
  -7.05293  0.148D+00  0.106D+00  0.000D+00  0.000D+00  0.427D-01  0.361D-01  0.558D-02  0.107D-02  0.452D-05
  -7.03201  0.148D+00  0.105D+00  0.000D+00  0.000D+00  0.425D-01  0.358D-01  0.562D-02  0.110D-02  0.466D-05
  -7.01109  0.147D+00  0.105D+00  0.000D+00  0.000D+00  0.423D-01  0.355D-01  0.566D-02  0.112D-02  0.479D-05
  -6.99016  0.147D+00  0.105D+00  0.000D+00  0.000D+00  0.421D-01  0.352D-01  0.570D-02  0.115D-02  0.493D-05
  -6.96924  0.146D+00  0.104D+00  0.000D+00  0.000D+00  0.418D-01  0.349D-01  0.575D-02  0.118D-02  0.507D-05
  -6.94832  0.146D+00  0.104D+00  0.000D+00  0.000D+00  0.416D-01  0.346D-01  0.579D-02  0.121D-02  0.521D-05
  -6.92739  0.145D+00  0.104D+00  0.000D+00  0.000D+00  0.414D-01  0.344D-01  0.583D-02  0.124D-02  0.535D-05
  -6.90647  0.145D+00  0.104D+00  0.000D+00  0.000D+00  0.413D-01  0.341D-01  0.587D-02  0.127D-02  0.550D-05
  -6.88555  0.145D+00  0.104D+00  0.000D+00  0.000D+00  0.411D-01  0.339D-01  0.591D-02  0.130D-02  0.565D-05
  -6.86463  0.144D+00  0.103D+00  0.000D+00  0.000D+00  0.409D-01  0.336D-01  0.595D-02  0.133D-02  0.580D-05
  -6.84370  0.144D+00  0.103D+00  0.000D+00  0.000D+00  0.407D-01  0.334D-01  0.598D-02  0.136D-02  0.595D-05
  -6.82278  0.144D+00  0.103D+00  0.000D+00  0.000D+00  0.406D-01  0.331D-01  0.602D-02  0.139D-02  0.611D-05
  -6.80186  0.143D+00  0.103D+00  0.000D+00  0.000D+00  0.404D-01  0.329D-01  0.606D-02  0.143D-02  0.626D-05
  -6.78093  0.143D+00  0.103D+00  0.000D+00  0.000D+00  0.402D-01  0.327D-01  0.610D-02  0.146D-02  0.642D-05
  -6.76001  0.143D+00  0.103D+00  0.000D+00  0.000D+00  0.401D-01  0.324D-01  0.614D-02  0.149D-02  0.659D-05
  -6.73909  0.142D+00  0.102D+00  0.000D+00  0.000D+00  0.399D-01  0.322D-01  0.618D-02  0.153D-02  0.675D-05
  -6.71816  0.142D+00  0.102D+00  0.000D+00  0.000D+00  0.398D-01  0.320D-01  0.622D-02  0.156D-02  0.692D-05
  -6.69724  0.142D+00  0.102D+00  0.000D+00  0.000D+00  0.396D-01  0.318D-01  0.625D-02  0.160D-02  0.709D-05
  -6.67632  0.142D+00  0.102D+00  0.000D+00  0.000D+00  0.395D-01  0.316D-01  0.629D-02  0.163D-02  0.726D-05
  -6.65539  0.142D+00  0.102D+00  0.000D+00  0.000D+00  0.394D-01  0.313D-01  0.633D-02  0.167D-02  0.743D-05
  -6.63447  0.141D+00  0.102D+00  0.000D+00  0.000D+00  0.392D-01  0.311D-01  0.637D-02  0.171D-02  0.761D-05
  -6.61355  0.141D+00  0.102D+00  0.000D+00  0.000D+00  0.391D-01  0.309D-01  0.640D-02  0.175D-02  0.779D-05
  -6.59263  0.141D+00  0.102D+00  0.000D+00  0.000D+00  0.390D-01  0.307D-01  0.644D-02  0.178D-02  0.797D-05
  -6.57170  0.141D+00  0.102D+00  0.000D+00  0.000D+00  0.389D-01  0.305D-01  0.648D-02  0.182D-02  0.815D-05
  -6.55078  0.141D+00  0.102D+00  0.000D+00  0.000D+00  0.387D-01  0.303D-01  0.651D-02  0.186D-02  0.834D-05
  -6.52986  0.141D+00  0.103D+00  0.000D+00  0.000D+00  0.386D-01  0.302D-01  0.655D-02  0.191D-02  0.853D-05
  -6.50893  0.141D+00  0.103D+00  0.000D+00  0.000D+00  0.385D-01  0.300D-01  0.659D-02  0.195D-02  0.872D-05
  -6.48801  0.141D+00  0.103D+00  0.000D+00  0.000D+00  0.384D-01  0.298D-01  0.662D-02  0.199D-02  0.891D-05
  -6.46709  0.141D+00  0.103D+00  0.000D+00  0.000D+00  0.383D-01  0.296D-01  0.666D-02  0.203D-02  0.911D-05
  -6.44616  0.142D+00  0.103D+00  0.000D+00  0.000D+00  0.382D-01  0.294D-01  0.669D-02  0.208D-02  0.931D-05
  -6.42524  0.142D+00  0.104D+00  0.000D+00  0.000D+00  0.381D-01  0.292D-01  0.673D-02  0.212D-02  0.951D-05
  -6.40432  0.142D+00  0.104D+00  0.000D+00  0.000D+00  0.380D-01  0.291D-01  0.677D-02  0.217D-02  0.971D-05
  -6.38339  0.142D+00  0.105D+00  0.000D+00  0.000D+00  0.379D-01  0.289D-01  0.680D-02  0.222D-02  0.992D-05
  -6.36247  0.143D+00  0.105D+00  0.000D+00  0.000D+00  0.378D-01  0.287D-01  0.684D-02  0.226D-02  0.101D-04
  -6.34155  0.143D+00  0.106D+00  0.000D+00  0.000D+00  0.377D-01  0.286D-01  0.687D-02  0.231D-02  0.103D-04
  -6.32063  0.144D+00  0.106D+00  0.000D+00  0.000D+00  0.377D-01  0.284D-01  0.691D-02  0.236D-02  0.105D-04
  -6.29970  0.144D+00  0.107D+00  0.000D+00  0.000D+00  0.376D-01  0.282D-01  0.694D-02  0.241D-02  0.108D-04
  -6.27878  0.145D+00  0.108D+00  0.000D+00  0.000D+00  0.375D-01  0.281D-01  0.698D-02  0.246D-02  0.110D-04
  -6.25786  0.146D+00  0.108D+00  0.000D+00  0.000D+00  0.374D-01  0.279D-01  0.701D-02  0.252D-02  0.112D-04
  -6.23693  0.147D+00  0.109D+00  0.000D+00  0.000D+00  0.374D-01  0.277D-01  0.705D-02  0.257D-02  0.114D-04
  -6.21601  0.148D+00  0.110D+00  0.000D+00  0.000D+00  0.373D-01  0.276D-01  0.708D-02  0.262D-02  0.117D-04
  -6.19509  0.149D+00  0.112D+00  0.000D+00  0.000D+00  0.372D-01  0.274D-01  0.712D-02  0.268D-02  0.119D-04
  -6.17416  0.150D+00  0.113D+00  0.000D+00  0.000D+00  0.372D-01  0.273D-01  0.715D-02  0.274D-02  0.121D-04
  -6.15324  0.151D+00  0.114D+00  0.000D+00  0.000D+00  0.371D-01  0.271D-01  0.719D-02  0.280D-02  0.123D-04
  -6.13232  0.153D+00  0.116D+00  0.000D+00  0.000D+00  0.371D-01  0.270D-01  0.722D-02  0.286D-02  0.126D-04
  -6.11139  0.154D+00  0.117D+00  0.000D+00  0.000D+00  0.370D-01  0.268D-01  0.725D-02  0.292D-02  0.128D-04
  -6.09047  0.156D+00  0.119D+00  0.000D+00  0.000D+00  0.370D-01  0.267D-01  0.729D-02  0.298D-02  0.131D-04
  -6.06955  0.158D+00  0.121D+00  0.000D+00  0.000D+00  0.369D-01  0.266D-01  0.732D-02  0.304D-02  0.133D-04
  -6.04863  0.160D+00  0.123D+00  0.000D+00  0.000D+00  0.369D-01  0.264D-01  0.736D-02  0.311D-02  0.135D-04
  -6.02770  0.162D+00  0.126D+00  0.000D+00  0.000D+00  0.369D-01  0.263D-01  0.739D-02  0.318D-02  0.138D-04
  -6.00678  0.165D+00  0.128D+00  0.000D+00  0.000D+00  0.368D-01  0.262D-01  0.743D-02  0.324D-02  0.140D-04
  -5.98586  0.168D+00  0.131D+00  0.000D+00  0.000D+00  0.368D-01  0.260D-01  0.746D-02  0.331D-02  0.143D-04
  -5.96493  0.170D+00  0.134D+00  0.000D+00  0.000D+00  0.368D-01  0.259D-01  0.750D-02  0.338D-02  0.146D-04
  -5.94401  0.174D+00  0.137D+00  0.000D+00  0.000D+00  0.368D-01  0.258D-01  0.753D-02  0.346D-02  0.148D-04
  -5.92309  0.177D+00  0.140D+00  0.000D+00  0.000D+00  0.368D-01  0.256D-01  0.757D-02  0.353D-02  0.151D-04
  -5.90216  0.180D+00  0.144D+00  0.000D+00  0.000D+00  0.367D-01  0.255D-01  0.760D-02  0.361D-02  0.153D-04
  -5.88124  0.184D+00  0.148D+00  0.000D+00  0.000D+00  0.367D-01  0.254D-01  0.763D-02  0.369D-02  0.156D-04
  -5.86032  0.188D+00  0.152D+00  0.000D+00  0.000D+00  0.367D-01  0.253D-01  0.767D-02  0.377D-02  0.159D-04
  -5.83939  0.193D+00  0.156D+00  0.000D+00  0.000D+00  0.367D-01  0.252D-01  0.770D-02  0.385D-02  0.161D-04
  -5.81847  0.197D+00  0.161D+00  0.000D+00  0.000D+00  0.367D-01  0.250D-01  0.774D-02  0.394D-02  0.164D-04
  -5.79755  0.202D+00  0.165D+00  0.000D+00  0.000D+00  0.367D-01  0.249D-01  0.777D-02  0.402D-02  0.167D-04
  -5.77663  0.207D+00  0.171D+00  0.000D+00  0.000D+00  0.368D-01  0.248D-01  0.781D-02  0.411D-02  0.170D-04
  -5.75570  0.213D+00  0.176D+00  0.000D+00  0.000D+00  0.368D-01  0.247D-01  0.784D-02  0.420D-02  0.173D-04
  -5.73478  0.219D+00  0.182D+00  0.000D+00  0.000D+00  0.368D-01  0.246D-01  0.788D-02  0.430D-02  0.176D-04
  -5.71386  0.225D+00  0.188D+00  0.000D+00  0.000D+00  0.368D-01  0.245D-01  0.791D-02  0.439D-02  0.178D-04
  -5.69293  0.231D+00  0.194D+00  0.000D+00  0.000D+00  0.368D-01  0.244D-01  0.795D-02  0.449D-02  0.181D-04
  -5.67201  0.238D+00  0.201D+00  0.000D+00  0.000D+00  0.369D-01  0.243D-01  0.798D-02  0.459D-02  0.184D-04
  -5.65109  0.245D+00  0.208D+00  0.000D+00  0.000D+00  0.369D-01  0.242D-01  0.802D-02  0.470D-02  0.187D-04
  -5.63016  0.252D+00  0.215D+00  0.000D+00  0.000D+00  0.370D-01  0.241D-01  0.806D-02  0.481D-02  0.190D-04
  -5.60924  0.259D+00  0.222D+00  0.000D+00  0.000D+00  0.370D-01  0.240D-01  0.809D-02  0.492D-02  0.193D-04
  -5.58832  0.267D+00  0.230D+00  0.000D+00  0.000D+00  0.371D-01  0.239D-01  0.813D-02  0.503D-02  0.196D-04
  -5.56739  0.275D+00  0.238D+00  0.000D+00  0.000D+00  0.371D-01  0.238D-01  0.816D-02  0.515D-02  0.200D-04
  -5.54647  0.284D+00  0.247D+00  0.000D+00  0.000D+00  0.372D-01  0.237D-01  0.820D-02  0.528D-02  0.203D-04
  -5.52555  0.293D+00  0.255D+00  0.000D+00  0.000D+00  0.373D-01  0.236D-01  0.823D-02  0.540D-02  0.206D-04
  -5.50463  0.301D+00  0.264D+00  0.000D+00  0.000D+00  0.373D-01  0.235D-01  0.827D-02  0.553D-02  0.209D-04
  -5.48370  0.311D+00  0.273D+00  0.000D+00  0.000D+00  0.374D-01  0.234D-01  0.831D-02  0.567D-02  0.212D-04
  -5.46278  0.320D+00  0.283D+00  0.000D+00  0.000D+00  0.375D-01  0.233D-01  0.834D-02  0.581D-02  0.216D-04
  -5.44186  0.330D+00  0.292D+00  0.000D+00  0.000D+00  0.376D-01  0.233D-01  0.838D-02  0.596D-02  0.219D-04
  -5.42093  0.339D+00  0.302D+00  0.000D+00  0.000D+00  0.377D-01  0.232D-01  0.842D-02  0.611D-02  0.222D-04
  -5.40001  0.349D+00  0.312D+00  0.000D+00  0.000D+00  0.378D-01  0.231D-01  0.845D-02  0.627D-02  0.226D-04
  -5.37909  0.360D+00  0.322D+00  0.000D+00  0.000D+00  0.380D-01  0.230D-01  0.849D-02  0.644D-02  0.229D-04
  -5.35816  0.370D+00  0.332D+00  0.000D+00  0.000D+00  0.381D-01  0.229D-01  0.853D-02  0.661D-02  0.233D-04
  -5.33724  0.380D+00  0.342D+00  0.000D+00  0.000D+00  0.382D-01  0.229D-01  0.856D-02  0.679D-02  0.236D-04
  -5.31632  0.391D+00  0.352D+00  0.000D+00  0.000D+00  0.384D-01  0.228D-01  0.860D-02  0.698D-02  0.240D-04
  -5.29539  0.401D+00  0.363D+00  0.000D+00  0.000D+00  0.386D-01  0.227D-01  0.864D-02  0.718D-02  0.244D-04
  -5.27447  0.412D+00  0.373D+00  0.000D+00  0.000D+00  0.388D-01  0.227D-01  0.867D-02  0.739D-02  0.247D-04
  -5.25355  0.422D+00  0.383D+00  0.000D+00  0.000D+00  0.389D-01  0.226D-01  0.871D-02  0.761D-02  0.251D-04
  -5.23263  0.433D+00  0.393D+00  0.000D+00  0.000D+00  0.392D-01  0.225D-01  0.875D-02  0.784D-02  0.255D-04
  -5.21170  0.443D+00  0.404D+00  0.000D+00  0.000D+00  0.394D-01  0.225D-01  0.878D-02  0.809D-02  0.259D-04
  -5.19078  0.453D+00  0.414D+00  0.000D+00  0.000D+00  0.396D-01  0.224D-01  0.882D-02  0.834D-02  0.263D-04
  -5.16986  0.463D+00  0.423D+00  0.000D+00  0.000D+00  0.399D-01  0.224D-01  0.886D-02  0.862D-02  0.266D-04
  -5.14893  0.473D+00  0.433D+00  0.000D+00  0.000D+00  0.402D-01  0.223D-01  0.890D-02  0.891D-02  0.271D-04
  -5.12801  0.483D+00  0.443D+00  0.000D+00  0.000D+00  0.405D-01  0.223D-01  0.893D-02  0.922D-02  0.275D-04
  -5.10709  0.493D+00  0.452D+00  0.000D+00  0.000D+00  0.408D-01  0.223D-01  0.897D-02  0.955D-02  0.279D-04
  -5.08616  0.502D+00  0.461D+00  0.000D+00  0.000D+00  0.412D-01  0.222D-01  0.901D-02  0.990D-02  0.283D-04
  -5.06524  0.511D+00  0.469D+00  0.000D+00  0.000D+00  0.415D-01  0.222D-01  0.905D-02  0.103D-01  0.287D-04
  -5.04432  0.520D+00  0.478D+00  0.000D+00  0.000D+00  0.420D-01  0.222D-01  0.908D-02  0.107D-01  0.292D-04
  -5.02339  0.528D+00  0.486D+00  0.000D+00  0.000D+00  0.424D-01  0.222D-01  0.912D-02  0.111D-01  0.296D-04
  -5.00247  0.536D+00  0.493D+00  0.000D+00  0.000D+00  0.429D-01  0.221D-01  0.916D-02  0.116D-01  0.301D-04
  -4.98155  0.544D+00  0.500D+00  0.000D+00  0.000D+00  0.434D-01  0.221D-01  0.920D-02  0.120D-01  0.305D-04
  -4.96063  0.551D+00  0.507D+00  0.000D+00  0.000D+00  0.440D-01  0.221D-01  0.923D-02  0.126D-01  0.310D-04
  -4.93970  0.558D+00  0.513D+00  0.000D+00  0.000D+00  0.446D-01  0.221D-01  0.927D-02  0.131D-01  0.315D-04
  -4.91878  0.564D+00  0.519D+00  0.000D+00  0.000D+00  0.452D-01  0.222D-01  0.931D-02  0.137D-01  0.320D-04
  -4.89786  0.570D+00  0.524D+00  0.000D+00  0.000D+00  0.459D-01  0.222D-01  0.934D-02  0.144D-01  0.325D-04
  -4.87693  0.576D+00  0.529D+00  0.000D+00  0.000D+00  0.467D-01  0.222D-01  0.938D-02  0.151D-01  0.330D-04
  -4.85601  0.581D+00  0.533D+00  0.000D+00  0.000D+00  0.475D-01  0.223D-01  0.942D-02  0.158D-01  0.336D-04
  -4.83509  0.586D+00  0.537D+00  0.000D+00  0.000D+00  0.484D-01  0.223D-01  0.945D-02  0.166D-01  0.341D-04
  -4.81416  0.590D+00  0.540D+00  0.000D+00  0.000D+00  0.494D-01  0.224D-01  0.949D-02  0.175D-01  0.347D-04
  -4.79324  0.594D+00  0.543D+00  0.000D+00  0.000D+00  0.504D-01  0.224D-01  0.952D-02  0.184D-01  0.353D-04
  -4.77232  0.597D+00  0.545D+00  0.000D+00  0.000D+00  0.515D-01  0.225D-01  0.956D-02  0.194D-01  0.359D-04
  -4.75139  0.600D+00  0.547D+00  0.000D+00  0.000D+00  0.527D-01  0.226D-01  0.959D-02  0.204D-01  0.366D-04
  -4.73047  0.602D+00  0.548D+00  0.000D+00  0.000D+00  0.539D-01  0.227D-01  0.963D-02  0.216D-01  0.373D-04
  -4.70955  0.605D+00  0.549D+00  0.000D+00  0.000D+00  0.553D-01  0.228D-01  0.966D-02  0.228D-01  0.380D-04
  -4.68863  0.606D+00  0.550D+00  0.000D+00  0.000D+00  0.567D-01  0.229D-01  0.970D-02  0.241D-01  0.387D-04
  -4.66770  0.608D+00  0.550D+00  0.000D+00  0.000D+00  0.583D-01  0.230D-01  0.973D-02  0.255D-01  0.395D-04
  -4.64678  0.609D+00  0.549D+00  0.000D+00  0.000D+00  0.599D-01  0.232D-01  0.977D-02  0.269D-01  0.404D-04
  -4.62586  0.610D+00  0.549D+00  0.000D+00  0.000D+00  0.617D-01  0.233D-01  0.980D-02  0.285D-01  0.413D-04
  -4.60493  0.611D+00  0.548D+00  0.000D+00  0.000D+00  0.636D-01  0.235D-01  0.984D-02  0.302D-01  0.422D-04
  -4.58401  0.612D+00  0.547D+00  0.000D+00  0.000D+00  0.656D-01  0.237D-01  0.987D-02  0.320D-01  0.432D-04
  -4.56309  0.613D+00  0.545D+00  0.000D+00  0.000D+00  0.677D-01  0.239D-01  0.991D-02  0.339D-01  0.443D-04
  -4.54216  0.614D+00  0.544D+00  0.000D+00  0.000D+00  0.700D-01  0.241D-01  0.994D-02  0.359D-01  0.454D-04
  -4.52124  0.615D+00  0.542D+00  0.000D+00  0.000D+00  0.723D-01  0.243D-01  0.998D-02  0.380D-01  0.466D-04
  -4.50032  0.615D+00  0.541D+00  0.000D+00  0.000D+00  0.749D-01  0.245D-01  0.100D-01  0.403D-01  0.479D-04
  -4.47939  0.617D+00  0.539D+00  0.000D+00  0.000D+00  0.775D-01  0.248D-01  0.101D-01  0.426D-01  0.493D-04
  -4.45847  0.618D+00  0.538D+00  0.000D+00  0.000D+00  0.803D-01  0.250D-01  0.101D-01  0.452D-01  0.508D-04
  -4.43755  0.620D+00  0.536D+00  0.000D+00  0.000D+00  0.833D-01  0.253D-01  0.101D-01  0.478D-01  0.524D-04
  -4.41663  0.621D+00  0.535D+00  0.000D+00  0.000D+00  0.864D-01  0.255D-01  0.102D-01  0.506D-01  0.541D-04
  -4.39570  0.624D+00  0.534D+00  0.000D+00  0.000D+00  0.896D-01  0.258D-01  0.102D-01  0.536D-01  0.560D-04
  -4.37478  0.627D+00  0.534D+00  0.000D+00  0.000D+00  0.931D-01  0.261D-01  0.103D-01  0.567D-01  0.580D-04
  -4.35386  0.630D+00  0.534D+00  0.000D+00  0.000D+00  0.966D-01  0.264D-01  0.103D-01  0.599D-01  0.601D-04
  -4.33293  0.634D+00  0.534D+00  0.000D+00  0.000D+00  0.100D+00  0.266D-01  0.103D-01  0.633D-01  0.624D-04
  -4.31201  0.639D+00  0.535D+00  0.000D+00  0.000D+00  0.104D+00  0.269D-01  0.104D-01  0.669D-01  0.649D-04
  -4.29109  0.644D+00  0.536D+00  0.000D+00  0.000D+00  0.108D+00  0.272D-01  0.104D-01  0.706D-01  0.676D-04
  -4.27016  0.651D+00  0.538D+00  0.000D+00  0.000D+00  0.113D+00  0.275D-01  0.105D-01  0.745D-01  0.705D-04
  -4.24924  0.657D+00  0.540D+00  0.000D+00  0.000D+00  0.117D+00  0.278D-01  0.106D-01  0.786D-01  0.736D-04
  -4.22832  0.665D+00  0.544D+00  0.000D+00  0.000D+00  0.122D+00  0.281D-01  0.106D-01  0.828D-01  0.769D-04
  -4.20739  0.674D+00  0.548D+00  0.000D+00  0.000D+00  0.126D+00  0.284D-01  0.107D-01  0.872D-01  0.805D-04
  -4.18647  0.683D+00  0.552D+00  0.000D+00  0.000D+00  0.131D+00  0.286D-01  0.108D-01  0.917D-01  0.844D-04
  -4.16555  0.694D+00  0.557D+00  0.000D+00  0.000D+00  0.136D+00  0.289D-01  0.108D-01  0.964D-01  0.885D-04
  -4.14463  0.705D+00  0.564D+00  0.000D+00  0.000D+00  0.141D+00  0.292D-01  0.109D-01  0.101D+00  0.929D-04
  -4.12370  0.717D+00  0.570D+00  0.000D+00  0.000D+00  0.147D+00  0.294D-01  0.110D-01  0.106D+00  0.977D-04
  -4.10278  0.730D+00  0.578D+00  0.000D+00  0.000D+00  0.152D+00  0.296D-01  0.111D-01  0.112D+00  0.103D-03
  -4.08186  0.744D+00  0.586D+00  0.000D+00  0.000D+00  0.158D+00  0.298D-01  0.112D-01  0.117D+00  0.108D-03
  -4.06093  0.759D+00  0.595D+00  0.000D+00  0.000D+00  0.164D+00  0.300D-01  0.113D-01  0.123D+00  0.114D-03
  -4.04001  0.775D+00  0.605D+00  0.000D+00  0.000D+00  0.170D+00  0.302D-01  0.114D-01  0.128D+00  0.120D-03
  -4.01909  0.791D+00  0.615D+00  0.000D+00  0.000D+00  0.176D+00  0.304D-01  0.115D-01  0.134D+00  0.127D-03
  -3.99816  0.808D+00  0.626D+00  0.000D+00  0.000D+00  0.182D+00  0.305D-01  0.117D-01  0.140D+00  0.134D-03
  -3.97724  0.826D+00  0.637D+00  0.000D+00  0.000D+00  0.189D+00  0.306D-01  0.118D-01  0.146D+00  0.141D-03
  -3.95632  0.844D+00  0.649D+00  0.000D+00  0.000D+00  0.195D+00  0.307D-01  0.119D-01  0.152D+00  0.149D-03
  -3.93539  0.863D+00  0.661D+00  0.000D+00  0.000D+00  0.202D+00  0.308D-01  0.121D-01  0.159D+00  0.157D-03
  -3.91447  0.882D+00  0.674D+00  0.000D+00  0.000D+00  0.208D+00  0.308D-01  0.122D-01  0.165D+00  0.166D-03
  -3.89355  0.902D+00  0.687D+00  0.000D+00  0.000D+00  0.215D+00  0.308D-01  0.124D-01  0.172D+00  0.175D-03
  -3.87263  0.922D+00  0.700D+00  0.000D+00  0.000D+00  0.222D+00  0.308D-01  0.125D-01  0.178D+00  0.185D-03
  -3.85170  0.942D+00  0.713D+00  0.000D+00  0.000D+00  0.229D+00  0.307D-01  0.127D-01  0.185D+00  0.195D-03
  -3.83078  0.962D+00  0.726D+00  0.000D+00  0.000D+00  0.236D+00  0.307D-01  0.129D-01  0.192D+00  0.206D-03
  -3.80986  0.982D+00  0.740D+00  0.000D+00  0.000D+00  0.242D+00  0.306D-01  0.131D-01  0.199D+00  0.217D-03
  -3.78893  0.100D+01  0.753D+00  0.000D+00  0.000D+00  0.249D+00  0.304D-01  0.133D-01  0.205D+00  0.228D-03
  -3.76801  0.102D+01  0.766D+00  0.000D+00  0.000D+00  0.256D+00  0.303D-01  0.135D-01  0.212D+00  0.241D-03
  -3.74709  0.104D+01  0.778D+00  0.000D+00  0.000D+00  0.263D+00  0.301D-01  0.137D-01  0.219D+00  0.253D-03
  -3.72616  0.106D+01  0.791D+00  0.000D+00  0.000D+00  0.270D+00  0.299D-01  0.139D-01  0.226D+00  0.266D-03
  -3.70524  0.108D+01  0.803D+00  0.000D+00  0.000D+00  0.276D+00  0.297D-01  0.141D-01  0.232D+00  0.280D-03
  -3.68432  0.110D+01  0.814D+00  0.000D+00  0.000D+00  0.283D+00  0.294D-01  0.143D-01  0.239D+00  0.294D-03
  -3.66339  0.111D+01  0.825D+00  0.000D+00  0.000D+00  0.289D+00  0.291D-01  0.145D-01  0.245D+00  0.309D-03
  -3.64247  0.113D+01  0.835D+00  0.000D+00  0.000D+00  0.296D+00  0.288D-01  0.148D-01  0.252D+00  0.324D-03
  -3.62155  0.115D+01  0.844D+00  0.000D+00  0.000D+00  0.302D+00  0.285D-01  0.150D-01  0.258D+00  0.339D-03
  -3.60063  0.116D+01  0.853D+00  0.000D+00  0.000D+00  0.308D+00  0.282D-01  0.152D-01  0.264D+00  0.355D-03
  -3.57970  0.117D+01  0.861D+00  0.000D+00  0.000D+00  0.313D+00  0.278D-01  0.154D-01  0.270D+00  0.371D-03
  -3.55878  0.119D+01  0.868D+00  0.000D+00  0.000D+00  0.319D+00  0.274D-01  0.157D-01  0.275D+00  0.387D-03
  -3.53786  0.120D+01  0.874D+00  0.000D+00  0.000D+00  0.324D+00  0.270D-01  0.159D-01  0.281D+00  0.404D-03
  -3.51693  0.121D+01  0.880D+00  0.000D+00  0.000D+00  0.329D+00  0.266D-01  0.161D-01  0.286D+00  0.421D-03
  -3.49601  0.122D+01  0.885D+00  0.000D+00  0.000D+00  0.333D+00  0.262D-01  0.163D-01  0.291D+00  0.438D-03
  -3.47509  0.123D+01  0.889D+00  0.000D+00  0.000D+00  0.338D+00  0.258D-01  0.165D-01  0.295D+00  0.456D-03
  -3.45416  0.123D+01  0.892D+00  0.000D+00  0.000D+00  0.342D+00  0.253D-01  0.167D-01  0.299D+00  0.473D-03
  -3.43324  0.124D+01  0.894D+00  0.000D+00  0.000D+00  0.345D+00  0.249D-01  0.169D-01  0.303D+00  0.491D-03
  -3.41232  0.124D+01  0.896D+00  0.000D+00  0.000D+00  0.348D+00  0.244D-01  0.171D-01  0.306D+00  0.508D-03
  -3.39139  0.125D+01  0.897D+00  0.000D+00  0.000D+00  0.351D+00  0.240D-01  0.173D-01  0.309D+00  0.526D-03
  -3.37047  0.125D+01  0.898D+00  0.000D+00  0.000D+00  0.353D+00  0.235D-01  0.175D-01  0.312D+00  0.543D-03
  -3.34955  0.125D+01  0.897D+00  0.000D+00  0.000D+00  0.355D+00  0.230D-01  0.177D-01  0.314D+00  0.561D-03
  -3.32863  0.125D+01  0.897D+00  0.000D+00  0.000D+00  0.357D+00  0.225D-01  0.178D-01  0.316D+00  0.578D-03
  -3.30770  0.125D+01  0.896D+00  0.000D+00  0.000D+00  0.358D+00  0.220D-01  0.180D-01  0.317D+00  0.595D-03
  -3.28678  0.125D+01  0.894D+00  0.000D+00  0.000D+00  0.359D+00  0.216D-01  0.181D-01  0.318D+00  0.611D-03
  -3.26586  0.125D+01  0.893D+00  0.000D+00  0.000D+00  0.359D+00  0.211D-01  0.183D-01  0.319D+00  0.628D-03
  -3.24493  0.125D+01  0.891D+00  0.000D+00  0.000D+00  0.359D+00  0.206D-01  0.184D-01  0.319D+00  0.644D-03
  -3.22401  0.125D+01  0.889D+00  0.000D+00  0.000D+00  0.358D+00  0.201D-01  0.185D-01  0.319D+00  0.659D-03
  -3.20309  0.124D+01  0.887D+00  0.000D+00  0.000D+00  0.357D+00  0.196D-01  0.186D-01  0.318D+00  0.674D-03
  -3.18216  0.124D+01  0.886D+00  0.000D+00  0.000D+00  0.356D+00  0.192D-01  0.187D-01  0.317D+00  0.689D-03
  -3.16124  0.124D+01  0.884D+00  0.000D+00  0.000D+00  0.354D+00  0.187D-01  0.188D-01  0.316D+00  0.703D-03
  -3.14032  0.124D+01  0.883D+00  0.000D+00  0.000D+00  0.353D+00  0.182D-01  0.189D-01  0.315D+00  0.716D-03
  -3.11939  0.123D+01  0.882D+00  0.000D+00  0.000D+00  0.350D+00  0.178D-01  0.190D-01  0.313D+00  0.729D-03
  -3.09847  0.123D+01  0.881D+00  0.000D+00  0.000D+00  0.348D+00  0.173D-01  0.191D-01  0.311D+00  0.742D-03
  -3.07755  0.123D+01  0.881D+00  0.000D+00  0.000D+00  0.345D+00  0.168D-01  0.192D-01  0.308D+00  0.753D-03
  -3.05663  0.122D+01  0.881D+00  0.000D+00  0.000D+00  0.342D+00  0.164D-01  0.193D-01  0.306D+00  0.764D-03
  -3.03570  0.122D+01  0.882D+00  0.000D+00  0.000D+00  0.339D+00  0.159D-01  0.194D-01  0.303D+00  0.775D-03
  -3.01478  0.122D+01  0.884D+00  0.000D+00  0.000D+00  0.336D+00  0.155D-01  0.195D-01  0.300D+00  0.785D-03
  -2.99386  0.122D+01  0.886D+00  0.000D+00  0.000D+00  0.332D+00  0.151D-01  0.196D-01  0.297D+00  0.794D-03
  -2.97293  0.122D+01  0.889D+00  0.000D+00  0.000D+00  0.329D+00  0.146D-01  0.197D-01  0.294D+00  0.803D-03
  -2.95201  0.122D+01  0.892D+00  0.000D+00  0.000D+00  0.326D+00  0.142D-01  0.198D-01  0.291D+00  0.811D-03
  -2.93109  0.122D+01  0.896D+00  0.000D+00  0.000D+00  0.322D+00  0.138D-01  0.199D-01  0.288D+00  0.819D-03
  -2.91016  0.122D+01  0.901D+00  0.000D+00  0.000D+00  0.319D+00  0.134D-01  0.201D-01  0.285D+00  0.826D-03
  -2.88924  0.122D+01  0.906D+00  0.000D+00  0.000D+00  0.316D+00  0.130D-01  0.202D-01  0.282D+00  0.833D-03
  -2.86832  0.123D+01  0.912D+00  0.000D+00  0.000D+00  0.313D+00  0.126D-01  0.204D-01  0.279D+00  0.840D-03
  -2.84739  0.123D+01  0.919D+00  0.000D+00  0.000D+00  0.310D+00  0.123D-01  0.206D-01  0.277D+00  0.846D-03
  -2.82647  0.123D+01  0.926D+00  0.000D+00  0.000D+00  0.308D+00  0.119D-01  0.208D-01  0.274D+00  0.852D-03
  -2.80555  0.124D+01  0.934D+00  0.000D+00  0.000D+00  0.306D+00  0.115D-01  0.211D-01  0.272D+00  0.858D-03
  -2.78463  0.125D+01  0.942D+00  0.000D+00  0.000D+00  0.304D+00  0.112D-01  0.214D-01  0.271D+00  0.863D-03
  -2.76370  0.125D+01  0.950D+00  0.000D+00  0.000D+00  0.303D+00  0.108D-01  0.217D-01  0.269D+00  0.869D-03
  -2.74278  0.126D+01  0.959D+00  0.000D+00  0.000D+00  0.302D+00  0.105D-01  0.220D-01  0.268D+00  0.874D-03
  -2.72186  0.127D+01  0.968D+00  0.000D+00  0.000D+00  0.301D+00  0.102D-01  0.224D-01  0.268D+00  0.880D-03
  -2.70093  0.128D+01  0.977D+00  0.000D+00  0.000D+00  0.301D+00  0.983D-02  0.228D-01  0.267D+00  0.886D-03
  -2.68001  0.129D+01  0.986D+00  0.000D+00  0.000D+00  0.301D+00  0.952D-02  0.232D-01  0.268D+00  0.892D-03
  -2.65909  0.130D+01  0.995D+00  0.000D+00  0.000D+00  0.302D+00  0.922D-02  0.237D-01  0.269D+00  0.898D-03
  -2.63816  0.131D+01  0.100D+01  0.000D+00  0.000D+00  0.304D+00  0.892D-02  0.242D-01  0.270D+00  0.905D-03
  -2.61724  0.132D+01  0.101D+01  0.000D+00  0.000D+00  0.306D+00  0.863D-02  0.247D-01  0.272D+00  0.912D-03
  -2.59632  0.133D+01  0.102D+01  0.000D+00  0.000D+00  0.309D+00  0.835D-02  0.253D-01  0.274D+00  0.919D-03
  -2.57539  0.134D+01  0.103D+01  0.000D+00  0.000D+00  0.312D+00  0.808D-02  0.259D-01  0.277D+00  0.927D-03
  -2.55447  0.135D+01  0.104D+01  0.000D+00  0.000D+00  0.316D+00  0.781D-02  0.265D-01  0.281D+00  0.936D-03
  -2.53355  0.136D+01  0.104D+01  0.000D+00  0.000D+00  0.320D+00  0.755D-02  0.271D-01  0.285D+00  0.945D-03
  -2.51263  0.137D+01  0.105D+01  0.000D+00  0.000D+00  0.325D+00  0.730D-02  0.278D-01  0.289D+00  0.955D-03
  -2.49170  0.138D+01  0.105D+01  0.000D+00  0.000D+00  0.331D+00  0.706D-02  0.285D-01  0.294D+00  0.965D-03
  -2.47078  0.139D+01  0.106D+01  0.000D+00  0.000D+00  0.337D+00  0.682D-02  0.293D-01  0.300D+00  0.976D-03
  -2.44986  0.141D+01  0.106D+01  0.000D+00  0.000D+00  0.344D+00  0.659D-02  0.300D-01  0.306D+00  0.988D-03
  -2.42893  0.141D+01  0.106D+01  0.000D+00  0.000D+00  0.351D+00  0.637D-02  0.308D-01  0.313D+00  0.100D-02
  -2.40801  0.142D+01  0.107D+01  0.000D+00  0.000D+00  0.359D+00  0.615D-02  0.315D-01  0.320D+00  0.101D-02
  -2.38709  0.143D+01  0.107D+01  0.000D+00  0.000D+00  0.367D+00  0.594D-02  0.323D-01  0.328D+00  0.103D-02
  -2.36616  0.144D+01  0.107D+01  0.000D+00  0.000D+00  0.375D+00  0.574D-02  0.331D-01  0.336D+00  0.104D-02
  -2.34524  0.145D+01  0.106D+01  0.000D+00  0.000D+00  0.384D+00  0.554D-02  0.339D-01  0.344D+00  0.106D-02
  -2.32432  0.146D+01  0.106D+01  0.000D+00  0.000D+00  0.394D+00  0.535D-02  0.347D-01  0.352D+00  0.107D-02
  -2.30339  0.146D+01  0.106D+01  0.000D+00  0.000D+00  0.403D+00  0.516D-02  0.354D-01  0.361D+00  0.109D-02
  -2.28247  0.147D+01  0.106D+01  0.000D+00  0.000D+00  0.413D+00  0.497D-02  0.362D-01  0.370D+00  0.111D-02
  -2.26155  0.147D+01  0.105D+01  0.000D+00  0.000D+00  0.422D+00  0.479D-02  0.369D-01  0.380D+00  0.113D-02
  -2.24063  0.148D+01  0.104D+01  0.000D+00  0.000D+00  0.432D+00  0.462D-02  0.377D-01  0.389D+00  0.115D-02
  -2.21970  0.148D+01  0.104D+01  0.000D+00  0.000D+00  0.442D+00  0.445D-02  0.383D-01  0.398D+00  0.116D-02
  -2.19878  0.148D+01  0.103D+01  0.000D+00  0.000D+00  0.452D+00  0.428D-02  0.390D-01  0.408D+00  0.118D-02
  -2.17786  0.148D+01  0.102D+01  0.000D+00  0.000D+00  0.462D+00  0.412D-02  0.396D-01  0.417D+00  0.120D-02
  -2.15693  0.148D+01  0.101D+01  0.000D+00  0.000D+00  0.472D+00  0.396D-02  0.402D-01  0.426D+00  0.122D-02
  -2.13601  0.148D+01  0.100D+01  0.000D+00  0.000D+00  0.481D+00  0.380D-02  0.407D-01  0.435D+00  0.124D-02
  -2.11509  0.148D+01  0.993D+00  0.000D+00  0.000D+00  0.490D+00  0.365D-02  0.412D-01  0.444D+00  0.127D-02
  -2.09416  0.148D+01  0.983D+00  0.000D+00  0.000D+00  0.499D+00  0.350D-02  0.417D-01  0.453D+00  0.129D-02
  -2.07324  0.148D+01  0.972D+00  0.000D+00  0.000D+00  0.508D+00  0.336D-02  0.420D-01  0.461D+00  0.131D-02
  -2.05232  0.148D+01  0.961D+00  0.000D+00  0.000D+00  0.516D+00  0.322D-02  0.424D-01  0.469D+00  0.133D-02
  -2.03139  0.147D+01  0.950D+00  0.000D+00  0.000D+00  0.523D+00  0.308D-02  0.427D-01  0.476D+00  0.135D-02
  -2.01047  0.147D+01  0.938D+00  0.000D+00  0.000D+00  0.531D+00  0.295D-02  0.429D-01  0.483D+00  0.137D-02
  -1.98955  0.146D+01  0.927D+00  0.000D+00  0.000D+00  0.537D+00  0.282D-02  0.430D-01  0.490D+00  0.139D-02
  -1.96863  0.146D+01  0.916D+00  0.000D+00  0.000D+00  0.543D+00  0.269D-02  0.431D-01  0.496D+00  0.141D-02
  -1.94770  0.145D+01  0.906D+00  0.000D+00  0.000D+00  0.549D+00  0.257D-02  0.432D-01  0.502D+00  0.144D-02
  -1.92678  0.145D+01  0.895D+00  0.000D+00  0.000D+00  0.554D+00  0.245D-02  0.431D-01  0.507D+00  0.146D-02
  -1.90586  0.144D+01  0.885D+00  0.000D+00  0.000D+00  0.558D+00  0.233D-02  0.431D-01  0.511D+00  0.148D-02
  -1.88493  0.144D+01  0.876D+00  0.000D+00  0.000D+00  0.562D+00  0.222D-02  0.429D-01  0.515D+00  0.150D-02
  -1.86401  0.143D+01  0.867D+00  0.000D+00  0.000D+00  0.565D+00  0.211D-02  0.428D-01  0.518D+00  0.152D-02
  -1.84309  0.143D+01  0.859D+00  0.000D+00  0.000D+00  0.567D+00  0.201D-02  0.425D-01  0.521D+00  0.154D-02
  -1.82216  0.142D+01  0.852D+00  0.000D+00  0.000D+00  0.569D+00  0.191D-02  0.422D-01  0.523D+00  0.156D-02
  -1.80124  0.142D+01  0.846D+00  0.000D+00  0.000D+00  0.570D+00  0.181D-02  0.419D-01  0.525D+00  0.158D-02
  -1.78032  0.141D+01  0.841D+00  0.000D+00  0.000D+00  0.571D+00  0.172D-02  0.416D-01  0.526D+00  0.160D-02
  -1.75939  0.141D+01  0.837D+00  0.000D+00  0.000D+00  0.571D+00  0.164D-02  0.411D-01  0.526D+00  0.162D-02
  -1.73847  0.140D+01  0.834D+00  0.000D+00  0.000D+00  0.570D+00  0.155D-02  0.407D-01  0.526D+00  0.165D-02
  -1.71755  0.140D+01  0.832D+00  0.000D+00  0.000D+00  0.569D+00  0.148D-02  0.403D-01  0.526D+00  0.167D-02
  -1.69663  0.140D+01  0.832D+00  0.000D+00  0.000D+00  0.568D+00  0.140D-02  0.398D-01  0.525D+00  0.169D-02
  -1.67570  0.140D+01  0.833D+00  0.000D+00  0.000D+00  0.566D+00  0.133D-02  0.393D-01  0.524D+00  0.171D-02
  -1.65478  0.140D+01  0.835D+00  0.000D+00  0.000D+00  0.564D+00  0.127D-02  0.388D-01  0.522D+00  0.173D-02
  -1.63386  0.140D+01  0.839D+00  0.000D+00  0.000D+00  0.562D+00  0.121D-02  0.382D-01  0.520D+00  0.175D-02
  -1.61293  0.140D+01  0.844D+00  0.000D+00  0.000D+00  0.559D+00  0.116D-02  0.377D-01  0.518D+00  0.178D-02
  -1.59201  0.141D+01  0.851D+00  0.000D+00  0.000D+00  0.556D+00  0.111D-02  0.372D-01  0.516D+00  0.180D-02
  -1.57109  0.141D+01  0.859D+00  0.000D+00  0.000D+00  0.553D+00  0.106D-02  0.366D-01  0.513D+00  0.182D-02
  -1.55016  0.142D+01  0.869D+00  0.000D+00  0.000D+00  0.550D+00  0.102D-02  0.361D-01  0.511D+00  0.184D-02
  -1.52924  0.143D+01  0.880D+00  0.000D+00  0.000D+00  0.547D+00  0.989D-03  0.356D-01  0.508D+00  0.187D-02
  -1.50832  0.144D+01  0.893D+00  0.000D+00  0.000D+00  0.544D+00  0.959D-03  0.351D-01  0.506D+00  0.189D-02
  -1.48739  0.145D+01  0.907D+00  0.000D+00  0.000D+00  0.541D+00  0.933D-03  0.347D-01  0.503D+00  0.192D-02
  -1.46647  0.146D+01  0.923D+00  0.000D+00  0.000D+00  0.538D+00  0.913D-03  0.342D-01  0.501D+00  0.195D-02
  -1.44555  0.148D+01  0.941D+00  0.000D+00  0.000D+00  0.535D+00  0.896D-03  0.338D-01  0.499D+00  0.197D-02
  -1.42463  0.149D+01  0.960D+00  0.000D+00  0.000D+00  0.533D+00  0.884D-03  0.334D-01  0.497D+00  0.200D-02
  -1.40370  0.151D+01  0.980D+00  0.000D+00  0.000D+00  0.531D+00  0.877D-03  0.331D-01  0.495D+00  0.203D-02
  -1.38278  0.153D+01  0.100D+01  0.000D+00  0.000D+00  0.529D+00  0.873D-03  0.327D-01  0.494D+00  0.206D-02
  -1.36186  0.155D+01  0.103D+01  0.000D+00  0.000D+00  0.528D+00  0.873D-03  0.324D-01  0.493D+00  0.209D-02
  -1.34093  0.158D+01  0.105D+01  0.000D+00  0.000D+00  0.527D+00  0.877D-03  0.322D-01  0.492D+00  0.212D-02
  -1.32001  0.160D+01  0.108D+01  0.000D+00  0.000D+00  0.527D+00  0.884D-03  0.319D-01  0.492D+00  0.215D-02
  -1.29909  0.163D+01  0.110D+01  0.000D+00  0.000D+00  0.527D+00  0.895D-03  0.318D-01  0.493D+00  0.218D-02
  -1.27816  0.166D+01  0.113D+01  0.000D+00  0.000D+00  0.528D+00  0.909D-03  0.316D-01  0.494D+00  0.222D-02
  -1.25724  0.169D+01  0.116D+01  0.000D+00  0.000D+00  0.530D+00  0.925D-03  0.315D-01  0.495D+00  0.225D-02
  -1.23632  0.172D+01  0.119D+01  0.000D+00  0.000D+00  0.532D+00  0.944D-03  0.314D-01  0.498D+00  0.229D-02
  -1.21539  0.175D+01  0.122D+01  0.000D+00  0.000D+00  0.535D+00  0.966D-03  0.314D-01  0.500D+00  0.232D-02
  -1.19447  0.179D+01  0.125D+01  0.000D+00  0.000D+00  0.539D+00  0.989D-03  0.314D-01  0.504D+00  0.236D-02
  -1.17355  0.182D+01  0.128D+01  0.000D+00  0.000D+00  0.543D+00  0.101D-02  0.314D-01  0.508D+00  0.240D-02
  -1.15263  0.186D+01  0.131D+01  0.000D+00  0.000D+00  0.548D+00  0.104D-02  0.315D-01  0.513D+00  0.244D-02
  -1.13170  0.189D+01  0.134D+01  0.000D+00  0.000D+00  0.554D+00  0.107D-02  0.316D-01  0.519D+00  0.248D-02
  -1.11078  0.193D+01  0.137D+01  0.000D+00  0.000D+00  0.560D+00  0.110D-02  0.317D-01  0.525D+00  0.252D-02
  -1.08986  0.197D+01  0.140D+01  0.000D+00  0.000D+00  0.567D+00  0.113D-02  0.319D-01  0.532D+00  0.256D-02
  -1.06893  0.200D+01  0.143D+01  0.000D+00  0.000D+00  0.575D+00  0.116D-02  0.321D-01  0.539D+00  0.260D-02
  -1.04801  0.204D+01  0.146D+01  0.000D+00  0.000D+00  0.584D+00  0.119D-02  0.323D-01  0.547D+00  0.264D-02
  -1.02709  0.208D+01  0.149D+01  0.000D+00  0.000D+00  0.593D+00  0.122D-02  0.326D-01  0.556D+00  0.268D-02
  -1.00616  0.212D+01  0.151D+01  0.000D+00  0.000D+00  0.602D+00  0.125D-02  0.329D-01  0.566D+00  0.273D-02
  -0.98524  0.215D+01  0.154D+01  0.000D+00  0.000D+00  0.613D+00  0.128D-02  0.331D-01  0.575D+00  0.277D-02
  -0.96432  0.219D+01  0.156D+01  0.000D+00  0.000D+00  0.623D+00  0.131D-02  0.335D-01  0.586D+00  0.281D-02
  -0.94339  0.222D+01  0.159D+01  0.000D+00  0.000D+00  0.634D+00  0.133D-02  0.338D-01  0.596D+00  0.286D-02
  -0.92247  0.225D+01  0.161D+01  0.000D+00  0.000D+00  0.646D+00  0.136D-02  0.342D-01  0.608D+00  0.290D-02
  -0.90155  0.229D+01  0.163D+01  0.000D+00  0.000D+00  0.658D+00  0.138D-02  0.345D-01  0.619D+00  0.294D-02
  -0.88063  0.232D+01  0.165D+01  0.000D+00  0.000D+00  0.670D+00  0.141D-02  0.349D-01  0.631D+00  0.298D-02
  -0.85970  0.234D+01  0.166D+01  0.000D+00  0.000D+00  0.683D+00  0.143D-02  0.353D-01  0.643D+00  0.303D-02
  -0.83878  0.237D+01  0.168D+01  0.000D+00  0.000D+00  0.695D+00  0.145D-02  0.357D-01  0.655D+00  0.307D-02
  -0.81786  0.240D+01  0.169D+01  0.000D+00  0.000D+00  0.708D+00  0.147D-02  0.362D-01  0.667D+00  0.311D-02
  -0.79693  0.242D+01  0.170D+01  0.000D+00  0.000D+00  0.721D+00  0.148D-02  0.366D-01  0.679D+00  0.316D-02
  -0.77601  0.244D+01  0.170D+01  0.000D+00  0.000D+00  0.733D+00  0.150D-02  0.370D-01  0.691D+00  0.320D-02
  -0.75509  0.245D+01  0.171D+01  0.000D+00  0.000D+00  0.745D+00  0.151D-02  0.375D-01  0.703D+00  0.324D-02
  -0.73416  0.247D+01  0.171D+01  0.000D+00  0.000D+00  0.758D+00  0.152D-02  0.380D-01  0.715D+00  0.328D-02
  -0.71324  0.248D+01  0.171D+01  0.000D+00  0.000D+00  0.769D+00  0.152D-02  0.384D-01  0.726D+00  0.332D-02
  -0.69232  0.249D+01  0.171D+01  0.000D+00  0.000D+00  0.781D+00  0.153D-02  0.389D-01  0.737D+00  0.336D-02
  -0.67139  0.249D+01  0.170D+01  0.000D+00  0.000D+00  0.792D+00  0.153D-02  0.394D-01  0.747D+00  0.340D-02
  -0.65047  0.250D+01  0.170D+01  0.000D+00  0.000D+00  0.802D+00  0.153D-02  0.399D-01  0.757D+00  0.343D-02
  -0.62955  0.250D+01  0.169D+01  0.000D+00  0.000D+00  0.812D+00  0.153D-02  0.404D-01  0.766D+00  0.347D-02
  -0.60863  0.250D+01  0.167D+01  0.000D+00  0.000D+00  0.821D+00  0.153D-02  0.409D-01  0.775D+00  0.351D-02
  -0.58770  0.249D+01  0.166D+01  0.000D+00  0.000D+00  0.829D+00  0.153D-02  0.414D-01  0.782D+00  0.354D-02
  -0.56678  0.248D+01  0.164D+01  0.000D+00  0.000D+00  0.836D+00  0.152D-02  0.419D-01  0.789D+00  0.358D-02
  -0.54586  0.247D+01  0.163D+01  0.000D+00  0.000D+00  0.843D+00  0.151D-02  0.424D-01  0.795D+00  0.361D-02
  -0.52493  0.246D+01  0.161D+01  0.000D+00  0.000D+00  0.848D+00  0.151D-02  0.429D-01  0.800D+00  0.364D-02
  -0.50401  0.244D+01  0.159D+01  0.000D+00  0.000D+00  0.853D+00  0.150D-02  0.434D-01  0.804D+00  0.367D-02
  -0.48309  0.242D+01  0.156D+01  0.000D+00  0.000D+00  0.857D+00  0.148D-02  0.439D-01  0.808D+00  0.370D-02
  -0.46216  0.240D+01  0.154D+01  0.000D+00  0.000D+00  0.859D+00  0.147D-02  0.444D-01  0.810D+00  0.373D-02
  -0.44124  0.238D+01  0.152D+01  0.000D+00  0.000D+00  0.861D+00  0.146D-02  0.449D-01  0.811D+00  0.376D-02
  -0.42032  0.235D+01  0.149D+01  0.000D+00  0.000D+00  0.861D+00  0.145D-02  0.453D-01  0.810D+00  0.378D-02
  -0.39939  0.232D+01  0.146D+01  0.000D+00  0.000D+00  0.860D+00  0.144D-02  0.458D-01  0.809D+00  0.381D-02
  -0.37847  0.229D+01  0.144D+01  0.000D+00  0.000D+00  0.859D+00  0.142D-02  0.462D-01  0.807D+00  0.383D-02
  -0.35755  0.226D+01  0.141D+01  0.000D+00  0.000D+00  0.856D+00  0.141D-02  0.467D-01  0.804D+00  0.385D-02
  -0.33663  0.223D+01  0.138D+01  0.000D+00  0.000D+00  0.852D+00  0.140D-02  0.471D-01  0.800D+00  0.388D-02
  -0.31570  0.220D+01  0.135D+01  0.000D+00  0.000D+00  0.847D+00  0.139D-02  0.475D-01  0.795D+00  0.390D-02
  -0.29478  0.216D+01  0.132D+01  0.000D+00  0.000D+00  0.842D+00  0.138D-02  0.479D-01  0.789D+00  0.391D-02
  -0.27386  0.213D+01  0.129D+01  0.000D+00  0.000D+00  0.835D+00  0.137D-02  0.483D-01  0.782D+00  0.393D-02
  -0.25293  0.209D+01  0.126D+01  0.000D+00  0.000D+00  0.828D+00  0.136D-02  0.486D-01  0.774D+00  0.395D-02
  -0.23201  0.205D+01  0.123D+01  0.000D+00  0.000D+00  0.819D+00  0.135D-02  0.489D-01  0.765D+00  0.396D-02
  -0.21109  0.201D+01  0.120D+01  0.000D+00  0.000D+00  0.810D+00  0.135D-02  0.492D-01  0.756D+00  0.398D-02
  -0.19016  0.198D+01  0.117D+01  0.000D+00  0.000D+00  0.801D+00  0.134D-02  0.494D-01  0.746D+00  0.399D-02
  -0.16924  0.194D+01  0.115D+01  0.000D+00  0.000D+00  0.791D+00  0.134D-02  0.496D-01  0.736D+00  0.400D-02
  -0.14832  0.190D+01  0.112D+01  0.000D+00  0.000D+00  0.780D+00  0.134D-02  0.498D-01  0.725D+00  0.401D-02
  -0.12739  0.186D+01  0.109D+01  0.000D+00  0.000D+00  0.769D+00  0.134D-02  0.499D-01  0.713D+00  0.402D-02
  -0.10647  0.182D+01  0.107D+01  0.000D+00  0.000D+00  0.757D+00  0.135D-02  0.500D-01  0.702D+00  0.403D-02
  -0.08555  0.179D+01  0.104D+01  0.000D+00  0.000D+00  0.745D+00  0.136D-02  0.500D-01  0.690D+00  0.404D-02
  -0.06463  0.175D+01  0.101D+01  0.000D+00  0.000D+00  0.733D+00  0.137D-02  0.500D-01  0.678D+00  0.405D-02
  -0.04370  0.171D+01  0.990D+00  0.000D+00  0.000D+00  0.721D+00  0.138D-02  0.499D-01  0.666D+00  0.405D-02
  -0.02278  0.167D+01  0.965D+00  0.000D+00  0.000D+00  0.709D+00  0.140D-02  0.498D-01  0.654D+00  0.406D-02
  -0.00186  0.164D+01  0.942D+00  0.000D+00  0.000D+00  0.697D+00  0.142D-02  0.496D-01  0.642D+00  0.406D-02
   0.01907  0.160D+01  0.919D+00  0.000D+00  0.000D+00  0.685D+00  0.144D-02  0.494D-01  0.630D+00  0.407D-02
   0.03999  0.157D+01  0.897D+00  0.000D+00  0.000D+00  0.674D+00  0.146D-02  0.491D-01  0.619D+00  0.407D-02
   0.06091  0.154D+01  0.875D+00  0.000D+00  0.000D+00  0.662D+00  0.149D-02  0.487D-01  0.608D+00  0.407D-02
   0.08184  0.151D+01  0.854D+00  0.000D+00  0.000D+00  0.652D+00  0.152D-02  0.483D-01  0.598D+00  0.407D-02
   0.10276  0.147D+01  0.833D+00  0.000D+00  0.000D+00  0.641D+00  0.156D-02  0.478D-01  0.588D+00  0.408D-02
   0.12368  0.144D+01  0.813D+00  0.000D+00  0.000D+00  0.631D+00  0.159D-02  0.473D-01  0.578D+00  0.408D-02
   0.14461  0.141D+01  0.793D+00  0.000D+00  0.000D+00  0.622D+00  0.163D-02  0.467D-01  0.570D+00  0.408D-02
   0.16553  0.139D+01  0.773D+00  0.000D+00  0.000D+00  0.613D+00  0.167D-02  0.460D-01  0.562D+00  0.408D-02
   0.18645  0.136D+01  0.754D+00  0.000D+00  0.000D+00  0.606D+00  0.172D-02  0.453D-01  0.554D+00  0.407D-02
   0.20737  0.133D+01  0.735D+00  0.000D+00  0.000D+00  0.599D+00  0.176D-02  0.445D-01  0.548D+00  0.407D-02
   0.22830  0.131D+01  0.717D+00  0.000D+00  0.000D+00  0.592D+00  0.181D-02  0.437D-01  0.543D+00  0.407D-02
   0.24922  0.129D+01  0.698D+00  0.000D+00  0.000D+00  0.587D+00  0.186D-02  0.429D-01  0.538D+00  0.407D-02
   0.27014  0.126D+01  0.680D+00  0.000D+00  0.000D+00  0.583D+00  0.192D-02  0.420D-01  0.535D+00  0.407D-02
   0.29107  0.124D+01  0.662D+00  0.000D+00  0.000D+00  0.579D+00  0.197D-02  0.410D-01  0.532D+00  0.406D-02
   0.31199  0.122D+01  0.645D+00  0.000D+00  0.000D+00  0.577D+00  0.203D-02  0.400D-01  0.531D+00  0.406D-02
   0.33291  0.120D+01  0.627D+00  0.000D+00  0.000D+00  0.576D+00  0.209D-02  0.390D-01  0.531D+00  0.406D-02
   0.35384  0.119D+01  0.610D+00  0.000D+00  0.000D+00  0.576D+00  0.214D-02  0.380D-01  0.532D+00  0.405D-02
   0.37476  0.117D+01  0.593D+00  0.000D+00  0.000D+00  0.577D+00  0.220D-02  0.369D-01  0.534D+00  0.405D-02
   0.39568  0.116D+01  0.576D+00  0.000D+00  0.000D+00  0.580D+00  0.226D-02  0.358D-01  0.538D+00  0.405D-02
   0.41661  0.114D+01  0.559D+00  0.000D+00  0.000D+00  0.583D+00  0.232D-02  0.347D-01  0.542D+00  0.404D-02
   0.43753  0.113D+01  0.542D+00  0.000D+00  0.000D+00  0.588D+00  0.238D-02  0.336D-01  0.548D+00  0.404D-02
   0.45845  0.112D+01  0.525D+00  0.000D+00  0.000D+00  0.594D+00  0.244D-02  0.325D-01  0.555D+00  0.403D-02
   0.47937  0.111D+01  0.509D+00  0.000D+00  0.000D+00  0.602D+00  0.250D-02  0.313D-01  0.564D+00  0.403D-02
   0.50030  0.110D+01  0.493D+00  0.000D+00  0.000D+00  0.611D+00  0.256D-02  0.302D-01  0.574D+00  0.403D-02
   0.52122  0.110D+01  0.477D+00  0.000D+00  0.000D+00  0.621D+00  0.262D-02  0.291D-01  0.585D+00  0.402D-02
   0.54214  0.109D+01  0.461D+00  0.000D+00  0.000D+00  0.632D+00  0.267D-02  0.279D-01  0.597D+00  0.402D-02
   0.56307  0.109D+01  0.445D+00  0.000D+00  0.000D+00  0.645D+00  0.273D-02  0.268D-01  0.611D+00  0.401D-02
   0.58399  0.109D+01  0.430D+00  0.000D+00  0.000D+00  0.659D+00  0.278D-02  0.257D-01  0.626D+00  0.401D-02
   0.60491  0.109D+01  0.415D+00  0.000D+00  0.000D+00  0.674D+00  0.283D-02  0.247D-01  0.643D+00  0.400D-02
   0.62584  0.109D+01  0.400D+00  0.000D+00  0.000D+00  0.691D+00  0.288D-02  0.236D-01  0.660D+00  0.400D-02
   0.64676  0.109D+01  0.386D+00  0.000D+00  0.000D+00  0.709D+00  0.293D-02  0.226D-01  0.679D+00  0.399D-02
   0.66768  0.110D+01  0.371D+00  0.000D+00  0.000D+00  0.728D+00  0.298D-02  0.216D-01  0.699D+00  0.399D-02
   0.68861  0.111D+01  0.358D+00  0.000D+00  0.000D+00  0.748D+00  0.302D-02  0.206D-01  0.720D+00  0.398D-02
   0.70953  0.111D+01  0.345D+00  0.000D+00  0.000D+00  0.769D+00  0.306D-02  0.197D-01  0.743D+00  0.398D-02
   0.73045  0.112D+01  0.332D+00  0.000D+00  0.000D+00  0.792D+00  0.310D-02  0.188D-01  0.766D+00  0.397D-02
   0.75137  0.113D+01  0.319D+00  0.000D+00  0.000D+00  0.815D+00  0.314D-02  0.180D-01  0.790D+00  0.396D-02
   0.77230  0.115D+01  0.307D+00  0.000D+00  0.000D+00  0.840D+00  0.317D-02  0.172D-01  0.815D+00  0.396D-02
   0.79322  0.116D+01  0.296D+00  0.000D+00  0.000D+00  0.865D+00  0.320D-02  0.164D-01  0.842D+00  0.395D-02
   0.81414  0.118D+01  0.285D+00  0.000D+00  0.000D+00  0.891D+00  0.323D-02  0.156D-01  0.868D+00  0.394D-02
   0.83507  0.119D+01  0.274D+00  0.000D+00  0.000D+00  0.918D+00  0.326D-02  0.149D-01  0.896D+00  0.393D-02
   0.85599  0.121D+01  0.264D+00  0.000D+00  0.000D+00  0.945D+00  0.328D-02  0.143D-01  0.924D+00  0.392D-02
   0.87691  0.123D+01  0.254D+00  0.000D+00  0.000D+00  0.973D+00  0.330D-02  0.137D-01  0.952D+00  0.391D-02
   0.89784  0.125D+01  0.245D+00  0.000D+00  0.000D+00  0.100D+01  0.332D-02  0.131D-01  0.981D+00  0.390D-02
   0.91876  0.127D+01  0.236D+00  0.000D+00  0.000D+00  0.103D+01  0.334D-02  0.125D-01  0.101D+01  0.389D-02
   0.93968  0.129D+01  0.228D+00  0.000D+00  0.000D+00  0.106D+01  0.335D-02  0.120D-01  0.104D+01  0.388D-02
   0.96061  0.131D+01  0.221D+00  0.000D+00  0.000D+00  0.109D+01  0.337D-02  0.115D-01  0.107D+01  0.386D-02
   0.98153  0.133D+01  0.213D+00  0.000D+00  0.000D+00  0.112D+01  0.338D-02  0.111D-01  0.110D+01  0.385D-02
   1.00245  0.135D+01  0.206D+00  0.000D+00  0.000D+00  0.114D+01  0.338D-02  0.107D-01  0.113D+01  0.383D-02
   1.02337  0.137D+01  0.200D+00  0.000D+00  0.000D+00  0.117D+01  0.339D-02  0.103D-01  0.115D+01  0.382D-02
   1.04430  0.139D+01  0.194D+00  0.000D+00  0.000D+00  0.120D+01  0.339D-02  0.999D-02  0.118D+01  0.380D-02
   1.06522  0.141D+01  0.188D+00  0.000D+00  0.000D+00  0.122D+01  0.339D-02  0.967D-02  0.121D+01  0.378D-02
   1.08614  0.143D+01  0.183D+00  0.000D+00  0.000D+00  0.125D+01  0.339D-02  0.939D-02  0.123D+01  0.375D-02
   1.10707  0.145D+01  0.178D+00  0.000D+00  0.000D+00  0.127D+01  0.339D-02  0.913D-02  0.126D+01  0.373D-02
   1.12799  0.147D+01  0.174D+00  0.000D+00  0.000D+00  0.130D+01  0.339D-02  0.890D-02  0.128D+01  0.371D-02
   1.14891  0.149D+01  0.169D+00  0.000D+00  0.000D+00  0.132D+01  0.338D-02  0.868D-02  0.130D+01  0.368D-02
   1.16984  0.150D+01  0.165D+00  0.000D+00  0.000D+00  0.134D+01  0.338D-02  0.849D-02  0.132D+01  0.365D-02
   1.19076  0.152D+01  0.161D+00  0.000D+00  0.000D+00  0.136D+01  0.337D-02  0.832D-02  0.134D+01  0.362D-02
   1.21168  0.153D+01  0.158D+00  0.000D+00  0.000D+00  0.137D+01  0.336D-02  0.817D-02  0.136D+01  0.359D-02
   1.23261  0.154D+01  0.155D+00  0.000D+00  0.000D+00  0.139D+01  0.335D-02  0.804D-02  0.138D+01  0.355D-02
   1.25353  0.156D+01  0.152D+00  0.000D+00  0.000D+00  0.140D+01  0.334D-02  0.792D-02  0.139D+01  0.352D-02
   1.27445  0.156D+01  0.149D+00  0.000D+00  0.000D+00  0.141D+01  0.333D-02  0.782D-02  0.140D+01  0.348D-02
   1.29537  0.157D+01  0.146D+00  0.000D+00  0.000D+00  0.142D+01  0.332D-02  0.772D-02  0.141D+01  0.344D-02
   1.31630  0.157D+01  0.144D+00  0.000D+00  0.000D+00  0.143D+01  0.330D-02  0.764D-02  0.142D+01  0.340D-02
   1.33722  0.158D+01  0.141D+00  0.000D+00  0.000D+00  0.144D+01  0.329D-02  0.757D-02  0.142D+01  0.336D-02
   1.35814  0.158D+01  0.139D+00  0.000D+00  0.000D+00  0.144D+01  0.328D-02  0.751D-02  0.143D+01  0.331D-02
   1.37907  0.158D+01  0.137D+00  0.000D+00  0.000D+00  0.144D+01  0.326D-02  0.746D-02  0.143D+01  0.327D-02
   1.39999  0.157D+01  0.135D+00  0.000D+00  0.000D+00  0.144D+01  0.325D-02  0.742D-02  0.142D+01  0.322D-02
   1.42091  0.157D+01  0.133D+00  0.000D+00  0.000D+00  0.143D+01  0.324D-02  0.738D-02  0.142D+01  0.317D-02
   1.44184  0.156D+01  0.131D+00  0.000D+00  0.000D+00  0.143D+01  0.322D-02  0.735D-02  0.142D+01  0.312D-02
   1.46276  0.155D+01  0.129D+00  0.000D+00  0.000D+00  0.142D+01  0.321D-02  0.732D-02  0.141D+01  0.306D-02
   1.48368  0.154D+01  0.127D+00  0.000D+00  0.000D+00  0.141D+01  0.320D-02  0.730D-02  0.140D+01  0.301D-02
   1.50461  0.152D+01  0.125D+00  0.000D+00  0.000D+00  0.140D+01  0.319D-02  0.728D-02  0.138D+01  0.296D-02
   1.52553  0.151D+01  0.123D+00  0.000D+00  0.000D+00  0.138D+01  0.317D-02  0.726D-02  0.137D+01  0.290D-02
   1.54645  0.149D+01  0.121D+00  0.000D+00  0.000D+00  0.137D+01  0.316D-02  0.725D-02  0.136D+01  0.284D-02
   1.56737  0.147D+01  0.119D+00  0.000D+00  0.000D+00  0.135D+01  0.315D-02  0.724D-02  0.134D+01  0.279D-02
   1.58830  0.145D+01  0.118D+00  0.000D+00  0.000D+00  0.133D+01  0.314D-02  0.722D-02  0.132D+01  0.273D-02
   1.60922  0.143D+01  0.116D+00  0.000D+00  0.000D+00  0.131D+01  0.313D-02  0.721D-02  0.130D+01  0.267D-02
   1.63014  0.140D+01  0.114D+00  0.000D+00  0.000D+00  0.129D+01  0.312D-02  0.720D-02  0.128D+01  0.261D-02
   1.65107  0.138D+01  0.112D+00  0.000D+00  0.000D+00  0.126D+01  0.311D-02  0.718D-02  0.125D+01  0.255D-02
   1.67199  0.135D+01  0.111D+00  0.000D+00  0.000D+00  0.124D+01  0.311D-02  0.717D-02  0.123D+01  0.249D-02
   1.69291  0.132D+01  0.109D+00  0.000D+00  0.000D+00  0.121D+01  0.310D-02  0.715D-02  0.120D+01  0.243D-02
   1.71384  0.130D+01  0.107D+00  0.000D+00  0.000D+00  0.119D+01  0.309D-02  0.713D-02  0.118D+01  0.237D-02
   1.73476  0.127D+01  0.105D+00  0.000D+00  0.000D+00  0.116D+01  0.308D-02  0.711D-02  0.115D+01  0.231D-02
   1.75568  0.124D+01  0.104D+00  0.000D+00  0.000D+00  0.113D+01  0.307D-02  0.709D-02  0.112D+01  0.225D-02
   1.77661  0.121D+01  0.102D+00  0.000D+00  0.000D+00  0.110D+01  0.306D-02  0.706D-02  0.109D+01  0.219D-02
   1.79753  0.117D+01  0.100D+00  0.000D+00  0.000D+00  0.107D+01  0.305D-02  0.703D-02  0.106D+01  0.213D-02
   1.81845  0.114D+01  0.982D-01  0.000D+00  0.000D+00  0.105D+01  0.304D-02  0.699D-02  0.103D+01  0.207D-02
   1.83937  0.111D+01  0.964D-01  0.000D+00  0.000D+00  0.102D+01  0.303D-02  0.695D-02  0.100D+01  0.201D-02
   1.86030  0.108D+01  0.946D-01  0.000D+00  0.000D+00  0.987D+00  0.302D-02  0.690D-02  0.975D+00  0.195D-02
   1.88122  0.105D+01  0.927D-01  0.000D+00  0.000D+00  0.958D+00  0.301D-02  0.685D-02  0.946D+00  0.190D-02
   1.90214  0.102D+01  0.909D-01  0.000D+00  0.000D+00  0.928D+00  0.299D-02  0.680D-02  0.917D+00  0.184D-02
   1.92307  0.988D+00  0.891D-01  0.000D+00  0.000D+00  0.899D+00  0.298D-02  0.673D-02  0.888D+00  0.178D-02
   1.94399  0.958D+00  0.872D-01  0.000D+00  0.000D+00  0.870D+00  0.296D-02  0.667D-02  0.859D+00  0.172D-02
   1.96491  0.927D+00  0.853D-01  0.000D+00  0.000D+00  0.842D+00  0.294D-02  0.659D-02  0.831D+00  0.167D-02
   1.98584  0.897D+00  0.835D-01  0.000D+00  0.000D+00  0.814D+00  0.292D-02  0.651D-02  0.803D+00  0.161D-02
   2.00676  0.868D+00  0.816D-01  0.000D+00  0.000D+00  0.786D+00  0.290D-02  0.643D-02  0.776D+00  0.156D-02
   2.02768  0.839D+00  0.797D-01  0.000D+00  0.000D+00  0.759D+00  0.287D-02  0.634D-02  0.749D+00  0.151D-02
   2.04861  0.811D+00  0.778D-01  0.000D+00  0.000D+00  0.733D+00  0.284D-02  0.624D-02  0.722D+00  0.145D-02
   2.06953  0.783D+00  0.759D-01  0.000D+00  0.000D+00  0.707D+00  0.281D-02  0.613D-02  0.696D+00  0.140D-02
   2.09045  0.755D+00  0.740D-01  0.000D+00  0.000D+00  0.681D+00  0.278D-02  0.602D-02  0.671D+00  0.135D-02
   2.11137  0.729D+00  0.720D-01  0.000D+00  0.000D+00  0.657D+00  0.274D-02  0.591D-02  0.647D+00  0.130D-02
   2.13230  0.702D+00  0.701D-01  0.000D+00  0.000D+00  0.632D+00  0.270D-02  0.579D-02  0.623D+00  0.125D-02
   2.15322  0.677D+00  0.681D-01  0.000D+00  0.000D+00  0.609D+00  0.266D-02  0.566D-02  0.599D+00  0.120D-02
   2.17414  0.652D+00  0.662D-01  0.000D+00  0.000D+00  0.586D+00  0.261D-02  0.553D-02  0.576D+00  0.115D-02
   2.19507  0.628D+00  0.642D-01  0.000D+00  0.000D+00  0.563D+00  0.257D-02  0.539D-02  0.554D+00  0.110D-02
   2.21599  0.604D+00  0.623D-01  0.000D+00  0.000D+00  0.541D+00  0.252D-02  0.525D-02  0.533D+00  0.106D-02
   2.23691  0.581D+00  0.603D-01  0.000D+00  0.000D+00  0.520D+00  0.246D-02  0.511D-02  0.512D+00  0.101D-02
   2.25784  0.558D+00  0.583D-01  0.000D+00  0.000D+00  0.500D+00  0.241D-02  0.496D-02  0.491D+00  0.967D-03
   2.27876  0.536D+00  0.564D-01  0.000D+00  0.000D+00  0.479D+00  0.235D-02  0.480D-02  0.471D+00  0.924D-03
   2.29968  0.514D+00  0.544D-01  0.000D+00  0.000D+00  0.460D+00  0.229D-02  0.465D-02  0.452D+00  0.881D-03
   2.32061  0.493D+00  0.524D-01  0.000D+00  0.000D+00  0.441D+00  0.223D-02  0.449D-02  0.433D+00  0.839D-03
   2.34153  0.472D+00  0.505D-01  0.000D+00  0.000D+00  0.422D+00  0.216D-02  0.433D-02  0.415D+00  0.799D-03
   2.36245  0.452D+00  0.486D-01  0.000D+00  0.000D+00  0.404D+00  0.209D-02  0.417D-02  0.397D+00  0.759D-03
   2.38337  0.433D+00  0.466D-01  0.000D+00  0.000D+00  0.386D+00  0.203D-02  0.401D-02  0.379D+00  0.720D-03
