 This output is generated by fleur.26b  * * 
                                     * \:/ *
                                     *  |  *
                                       * *  
 
 No system architecture specified in Makefile
You compiled for GEN with DOUBLE precision,
for systems without INVERSION and with SOC.
 Additional flags are: CPP_MPI  CPP_HDF  CPP_F90  CPP_WANN 
 Your parameters: 
  No fl7para-file found, 
  invoking dimen7... 
 No kpts-file exists, trying to generate it
 No kpts-file exists, trying to generate it
 -------- dump of inp-file ------------
strho=F,film=F,dos=F,isec1=99,ndir= 0,secvar=F
bcc Fe                                                                          
any any ,invs=T,zrfs=F,invs2=F,jspins=2,l_noco=F,l_J=F,ms=F,sgwf=F,socgwf=F
    -2.67728003     2.67728003     2.67728003
     2.67728003    -2.67728003     2.67728003
     2.67728003     2.67728003    -2.67728003    -2.67728003     1.00000000
pbe    non-relativi
igrd=1,lwb=F,ndvgrd=6,idsprs=0,chng=-0.100D-11
    
  1
**********************************
Fe  26    4   12  981  2.260000  0.016000
    
 1,force =T,nlo= 2,llo=  0  1
  0.000000  0.000000  0.000000  4.000000
**********************************
 15.000000 12.500000
vchk=F,cdinf=F,pot8=F,gw=0,numbands=  0
lpr=0,form66=F,l_f=F,eonly=F,eig66=F,soc66=T
  8
  1  0
Window # 1
  -1.80000   1.00000  16.00000
   5.20000 =kmax
gauss=F   0.00100tria=F
  0.000000  0.000000,l_soc=T,spav=F,off=F
frcor=F,slice=F,ctail=T,disp=F,kcrel=0,u2f=F,f2u=F,bmt=F
itmax= 9,maxiter= 99,imix= 7,alpha=  0.05,spinf=  2.00
swsp=F  2.20
lflip=F  1
vacdos=F,layers= 0,integ=F,star=F,nstars= 0     0.00     0.00     0.00     0.00,nstm=0,tworkf=  0.000000

iplot=F,score=F,plpot=F,band=T
  0  0.000000  0.000000,nnne=  0,pallst=F
xa=   2.00000,thetad= 330.00000,epsdisp=   0.00001,epsforce=   0.00001
relax 111
emin_dos=  -0.50000,emax_dos=   0.50000,sig_dos=   0.01500

   1 : E  
       1  0  0    0.0
       0  1  0    0.0
       0  0  1    0.0

   2 : c_2
       0  1 -1    0.0
       1  0 -1    0.0
       0  0 -1    0.0

   3 : I  
      -1  0  0    0.0
       0 -1  0    0.0
       0  0 -1    0.0

   4 : c_4
       0  1  0    0.0
       0  1 -1    0.0
      -1  1  0    0.0

   5 : c_4
       1  0 -1    0.0
       1  0  0    0.0
       1 -1  0    0.0

   6 : m  
      -1  0  1    0.0
      -1  0  0    0.0
      -1  1  0    0.0

   7 : m  
       0 -1  0    0.0
       0 -1  1    0.0
       1 -1  0    0.0

   8 : m  
       0 -1  1    0.0
      -1  0  1    0.0
       0  0  1    0.0


 Local symmetries:
 -----------------
   symmetry kinds =   1

   symmetry  1:   8 operations in local point group
        atoms:
             1
 gmax= 15.000000
 n3d=    577
 n2d=      2
 k1d=     11
 k2d=     11
 k3d=     11

 minimum: kxc1d,kxc2d,kxc3d          22          22          22
 ifft235: kxc1d,kxc2d,kxc3d          24          24          24
 -----------fl7para file starts here-----------
      Symmetry elements and FFT parameters 
      parameter (nop = 8,k1d= 11,k2d= 11,k3d= 11,n3d=   577,n2d=   2)
      FFT-parameters for charge density
      parameter (kq1d= 16,kq2d= 16,kq3d= 16)
      FFT-parameters for XC-potential
      parameter (kxc1d= 24,kxc2d= 24,kxc3d= 24)
      (Inequivalent) atoms and radial mesh
      parameter (ntypd=  1,natd=  1,jmtd= 981)
      Different lattice harmonics components
      parameter (ntypsd=  1,nlhd= 24,memd= 2)
      L-cutoff of potential, charge & wf 
      parameter (lmaxd=12)
      Number of spins and vacua
      parameter (jspd=2,nvacd=1)
      Vacuum layers for G=0 and G=/=0
      parameter (nmzd=250,nmzxyd=100)
      3 & 2D planewaves, windows, k-points
      parameter (nvd=  194,nv2d=  38,nwdd=1,nkptd=  353)
      Number of (occupied) bands
      parameter (nobd=  26,neigd=  26)
      Nuclear mesh and core levels
      parameter (msh=1124,nstd=30)
      Max. l-value for pseudocharge exp.
      parameter (ncvd= 26)
      Layers for vacuum DOS
      parameter(layerd=  1)
      Local Orbital Parameters
      parameter (nlod=  2,llod=  1)
      One-dimensional parameters
      parameter (vM=  0,MM=  0,m_cyl=  0,chi=  0,rot=  0,nop=  8,n2d=     2,d1=F)
 -----------fl7para file ends here-----------
1   f l a p w  version fleur.26b




    bcc Fe                                                                          


 lattice=any
 name of space group=any 
 inversion symmetry=   T
 z-reflection symmetry=F
 vacuum-inversion symm=F
 jspins=2
 unit cell scaled by      1.000000
 the vacuum begins at z= -1.338640
 dtilda/2=               -1.338640


 bravais matrices of real and reciprocal lattices

    -2.67728003000000  2.67728003000000  2.67728003000000
     2.67728003000000 -2.67728003000000  2.67728003000000
     2.67728003000000  2.67728003000000 -2.67728003000000
     0.00000000000000  1.17342699246511  1.17342699246511
     1.17342699246511  0.00000000000000  1.17342699246511
     1.17342699246511  1.17342699246511  0.00000000000000

    the volume of the unit cell omega-tilda=   76.761135
          the volume of the unit cell omega=   76.761135
  the area of the two-dimensional unit cell=    1.000000
 exchange-correlation: pbe   non-relativi correction
igrd=1,lwb=F,ndvgrd=6,idsprs=0,chng=-0.100D-11


Fe  26    4   12  981  2.260000  0.016000
  0.000000  0.000000  0.000000  4.000000
 ----------------------------------------------------
 Suggested values for input: 
 
Atom Z  lmax jri    rmt         dx
Fe  26    8  747  2.260628  0.016280
k_max = 3.53884
G_max =10.61652
 ----------------------------------------------------
              volume of interstitial region=   28.409192


 number of atom types=  1
 total number of atoms= 1

  no.    type       int.-coord.                 cart.coord.                rmt     jri     dx    lmax

   1    Fe   1    0.00  0.00  0.00     0.000000  0.000000  0.000000     2.260000   981   0.0160   12



 input of parameters for eigenvalues:
    eigenvectors are not printed
    formatted eigenvector file = F
    calculate Pulay-forces = F
    eigenvalues only = F
    number of energy windows = 1
    energy parameter mode: absolute


    max. l value in wavefunctions for atom type(s) 1 to  1:  8


 energy window  1 of  1 from  -1.800 to   1.000 hartrees; nr. of electrons=  16.0

 wavefunction cutoff (relative) =   5.20000
                     (absolute) =   5.20000

          gauss-integration is used  =   F
          gaussian half width        =   0.00100

          number of valence electrons=  16.00000
          temperature broadening     =   0.00100
 itmax=           9  broy_sv=          99  imix=           7
 alpha=  5.000000000000000E-002  spinf=   2.00000000000000     
swsp = F
  2.20
the number of local orbitals for this atom type is:  2
the corresponding values of l are:  0 1

   1 : E  
       1  0  0    0.0
       0  1  0    0.0
       0  0  1    0.0

   2 : c_2
       0  1 -1    0.0
       1  0 -1    0.0
       0  0 -1    0.0

   3 : I  
      -1  0  0    0.0
       0 -1  0    0.0
       0  0 -1    0.0

   4 : c_4
       0  1  0    0.0
       0  1 -1    0.0
      -1  1  0    0.0

   5 : c_4
       1  0 -1    0.0
       1  0  0    0.0
       1 -1  0    0.0

   6 : m  
      -1  0  1    0.0
      -1  0  0    0.0
      -1  1  0    0.0

   7 : m  
       0 -1  0    0.0
       0 -1  1    0.0
       1 -1  0    0.0

   8 : m  
       0 -1  1    0.0
      -1  0  1    0.0
       0  0  1    0.0


 Local symmetries:
 -----------------
   symmetry kinds =   1

   symmetry  1:   8 operations in local point group
        atoms:
             1

 --- Local symmetry  1:  25 lattice harmonics ------------------------------

     lattice harmonic   1:  l= 0,  1 members:
         0    1.00000000    0.00000000

     lattice harmonic   2:  l= 2,  1 members:
         0    1.00000000    0.00000000

     lattice harmonic   3:  l= 4,  1 members:
         0    1.00000000    0.00000000

     lattice harmonic   4:  l= 4,  2 members:
         4    0.70710678    0.00000000        -4    0.70710678    0.00000000

     lattice harmonic   5:  l= 4,  2 members:
         4    0.00000000   -0.70710678        -4    0.00000000    0.70710678

     lattice harmonic   6:  l= 6,  1 members:
         0    1.00000000    0.00000000

     lattice harmonic   7:  l= 6,  2 members:
         4    0.70710678    0.00000000        -4    0.70710678    0.00000000

     lattice harmonic   8:  l= 6,  2 members:
         4    0.00000000   -0.70710678        -4    0.00000000    0.70710678

     lattice harmonic   9:  l= 8,  1 members:
         0    1.00000000    0.00000000

     lattice harmonic  10:  l= 8,  2 members:
         4    0.70710678    0.00000000        -4    0.70710678    0.00000000

     lattice harmonic  11:  l= 8,  2 members:
         8    0.70710678    0.00000000        -8    0.70710678    0.00000000

     lattice harmonic  12:  l= 8,  2 members:
         4    0.00000000   -0.70710678        -4    0.00000000    0.70710678

     lattice harmonic  13:  l= 8,  2 members:
         8    0.00000000   -0.70710678        -8    0.00000000    0.70710678

     lattice harmonic  14:  l=10,  1 members:
         0    1.00000000    0.00000000

     lattice harmonic  15:  l=10,  2 members:
         4    0.70710678    0.00000000        -4    0.70710678    0.00000000

     lattice harmonic  16:  l=10,  2 members:
         8    0.70710678    0.00000000        -8    0.70710678    0.00000000

     lattice harmonic  17:  l=10,  2 members:
         4    0.00000000   -0.70710678        -4    0.00000000    0.70710678

     lattice harmonic  18:  l=10,  2 members:
         8    0.00000000   -0.70710678        -8    0.00000000    0.70710678

     lattice harmonic  19:  l=12,  1 members:
         0    1.00000000    0.00000000

     lattice harmonic  20:  l=12,  2 members:
         4    0.70710678    0.00000000        -4    0.70710678    0.00000000

     lattice harmonic  21:  l=12,  2 members:
         8    0.70710678    0.00000000        -8    0.70710678    0.00000000

     lattice harmonic  22:  l=12,  2 members:
        12    0.70710678    0.00000000       -12    0.70710678    0.00000000

     lattice harmonic  23:  l=12,  2 members:
         4    0.00000000   -0.70710678        -4    0.00000000    0.70710678

     lattice harmonic  24:  l=12,  2 members:
         8    0.00000000   -0.70710678        -8    0.00000000    0.70710678

     lattice harmonic  25:  l=12,  2 members:
        12    0.00000000   -0.70710678       -12    0.00000000    0.70710678


     group operations on equivalent atoms:
     atom  1 can be mapped into atom  1 through group  operation   1


 multiplication table


   1  2  3  4  5  6  7  8
   2  1  8  5  4  7  6  3
   3  8  1  7  6  5  4  2
   4  5  7  2  1  3  8  6
   5  4  6  1  2  8  3  7
   6  7  5  3  8  2  1  4
   7  6  4  8  3  1  2  5
   8  3  2  6  7  4  5  1


 inverse operations


   1  1
   2  2
   3  3
   4  5
   5  4
   6  7
   7  6
   8  8



   s t a r   l i s t

 gmax= 14.935287
 nq3=    577
 izmin=    0
 izmax=   -1
 nk1=     23
 nk2=     23
 nk3=     23

 mx1,mx2,mx3= 11 11 11
 kimax2,kimax=      0   4320, (start from 0)

    no.     kv3         sk3       nstr

     1   0   0   0    0.000000     1
     2   1  -1   0    1.659476     4
     3   1   0   0    1.659476     8
     4   1   1  -1    2.346854     2
     5   1  -1   1    2.346854     4
     6   2  -1  -1    2.874297     8
     7   2   0  -1    2.874297     8
     8   2  -1   0    2.874297     8
     9   2  -2   0    3.318953     4
    10   2   0   0    3.318953     8
    40   4   0  -3    5.983327     8
    70   5  -2  -3    7.233490     8
   100   6  -1  -3    8.297382     8
   130   6  -4   0    8.781124     8
   160   6  -2   1    9.532966     8
   190   7  -4   0   10.094201     8
   220   7  -5   1   10.754636     8
   250   8  -4  -1   11.132106     8
   280   8  -5   0   11.616335     8
   310   8   1  -4   12.081170     8
   340   8   0  -7   12.528772     8
   370   8  -4  -6   12.854249     8
   400   8  -7  -3   13.171685     8
   430   9   1  -6   13.583399     8
   460  10  -5  -3   13.784646     8
   490   7   5  -6   14.178572     8
   520   9  -8  -2   14.371487     8
   550  10  -3  -7   14.749749     8
   577   9  -6   3   14.935287     8
READING enpara for spin: 1 window: 1

 energy parameters:
         s         p         d      higher l - - -
 -->  1   4.00000  4.00000  3.00000  4.00000 change: FFFF skiplo:   4
 --> lo   3.00000  3.00000
 --> change   F        F
Spin: 1 --   4eigenvalues
will be skipped for energyparameter computation
READING enpara for spin: 2 window: 1

 energy parameters:
         s         p         d      higher l - - -
 -->  1   4.00000  4.00000  3.00000  4.00000 change: FFFF skiplo:   4
 --> lo   3.00000  3.00000
 --> change   F        F
Spin: 2 --   4eigenvalues
will be skipped for energyparameter computation

 number of k-points for this window =  353
           coordinates           weights
   0.00000   0.00000   0.00000   0.00283
   0.00538  -0.00538   0.00538   0.00283
   0.01075  -0.01075   0.01075   0.00283
   0.01613  -0.01613   0.01613   0.00283
   0.02151  -0.02151   0.02151   0.00283
   0.02688  -0.02688   0.02688   0.00283
   0.03226  -0.03226   0.03226   0.00283
   0.03763  -0.03763   0.03763   0.00283
   0.04301  -0.04301   0.04301   0.00283
   0.04839  -0.04839   0.04839   0.00283
   0.05376  -0.05376   0.05376   0.00283
   0.05914  -0.05914   0.05914   0.00283
   0.06452  -0.06452   0.06452   0.00283
   0.06989  -0.06989   0.06989   0.00283
   0.07527  -0.07527   0.07527   0.00283
   0.08065  -0.08065   0.08065   0.00283
   0.08602  -0.08602   0.08602   0.00283
   0.09140  -0.09140   0.09140   0.00283
   0.09677  -0.09677   0.09677   0.00283
   0.10215  -0.10215   0.10215   0.00283
   0.10753  -0.10753   0.10753   0.00283
   0.11290  -0.11290   0.11290   0.00283
   0.11828  -0.11828   0.11828   0.00283
   0.12366  -0.12366   0.12366   0.00283
   0.12903  -0.12903   0.12903   0.00283
   0.13441  -0.13441   0.13441   0.00283
   0.13978  -0.13978   0.13978   0.00283
   0.14516  -0.14516   0.14516   0.00283
   0.15054  -0.15054   0.15054   0.00283
   0.15591  -0.15591   0.15591   0.00283
   0.16129  -0.16129   0.16129   0.00283
   0.16667  -0.16667   0.16667   0.00283
   0.17204  -0.17204   0.17204   0.00283
   0.17742  -0.17742   0.17742   0.00283
   0.18280  -0.18280   0.18280   0.00283
   0.18817  -0.18817   0.18817   0.00283
   0.19355  -0.19355   0.19355   0.00283
   0.19892  -0.19892   0.19892   0.00283
   0.20430  -0.20430   0.20430   0.00283
   0.20968  -0.20968   0.20968   0.00283
   0.21505  -0.21505   0.21505   0.00283
   0.22043  -0.22043   0.22043   0.00283
   0.22581  -0.22581   0.22581   0.00283
   0.23118  -0.23118   0.23118   0.00283
   0.23656  -0.23656   0.23656   0.00283
   0.24194  -0.24194   0.24194   0.00283
   0.24731  -0.24731   0.24731   0.00283
   0.25269  -0.25269   0.25269   0.00283
   0.25806  -0.25806   0.25806   0.00283
   0.26344  -0.26344   0.26344   0.00283
   0.26882  -0.26882   0.26882   0.00283
   0.27419  -0.27419   0.27419   0.00283
   0.27957  -0.27957   0.27957   0.00283
   0.28495  -0.28495   0.28495   0.00283
   0.29032  -0.29032   0.29032   0.00283
   0.29570  -0.29570   0.29570   0.00283
   0.30108  -0.30108   0.30108   0.00283
   0.30645  -0.30645   0.30645   0.00283
   0.31183  -0.31183   0.31183   0.00283
   0.31720  -0.31720   0.31720   0.00283
   0.32258  -0.32258   0.32258   0.00283
   0.32796  -0.32796   0.32796   0.00283
   0.33333  -0.33333   0.33333   0.00283
   0.33871  -0.33871   0.33871   0.00283
   0.34409  -0.34409   0.34409   0.00283
   0.34946  -0.34946   0.34946   0.00283
   0.35484  -0.35484   0.35484   0.00283
   0.36022  -0.36022   0.36022   0.00283
   0.36559  -0.36559   0.36559   0.00283
   0.37097  -0.37097   0.37097   0.00283
   0.37634  -0.37634   0.37634   0.00283
   0.38172  -0.38172   0.38172   0.00283
   0.38710  -0.38710   0.38710   0.00283
   0.39247  -0.39247   0.39247   0.00283
   0.39785  -0.39785   0.39785   0.00283
   0.40323  -0.40323   0.40323   0.00283
   0.40860  -0.40860   0.40860   0.00283
   0.41398  -0.41398   0.41398   0.00283
   0.41935  -0.41935   0.41935   0.00283
   0.42473  -0.42473   0.42473   0.00283
   0.43011  -0.43011   0.43011   0.00283
   0.43548  -0.43548   0.43548   0.00283
   0.44086  -0.44086   0.44086   0.00283
   0.44624  -0.44624   0.44624   0.00283
   0.45161  -0.45161   0.45161   0.00283
   0.45699  -0.45699   0.45699   0.00283
   0.46237  -0.46237   0.46237   0.00283
   0.46774  -0.46774   0.46774   0.00283
   0.47312  -0.47312   0.47312   0.00283
   0.47849  -0.47849   0.47849   0.00283
   0.48387  -0.48387   0.48387   0.00283
   0.48925  -0.48925   0.48925   0.00283
   0.49462  -0.49462   0.49462   0.00283
   0.50000  -0.50000   0.50000   0.00283
   0.49242  -0.49242   0.50000   0.00283
   0.48485  -0.48485   0.50000   0.00283
   0.47727  -0.47727   0.50000   0.00283
   0.46970  -0.46970   0.50000   0.00283
   0.46212  -0.46212   0.50000   0.00283
   0.45455  -0.45455   0.50000   0.00283
   0.44697  -0.44697   0.50000   0.00283
   0.43939  -0.43939   0.50000   0.00283
   0.43182  -0.43182   0.50000   0.00283
   0.42424  -0.42424   0.50000   0.00283
   0.41667  -0.41667   0.50000   0.00283
   0.40909  -0.40909   0.50000   0.00283
   0.40152  -0.40152   0.50000   0.00283
   0.39394  -0.39394   0.50000   0.00283
   0.38636  -0.38636   0.50000   0.00283
   0.37879  -0.37879   0.50000   0.00283
   0.37121  -0.37121   0.50000   0.00283
   0.36364  -0.36364   0.50000   0.00283
   0.35606  -0.35606   0.50000   0.00283
   0.34848  -0.34848   0.50000   0.00283
   0.34091  -0.34091   0.50000   0.00283
   0.33333  -0.33333   0.50000   0.00283
   0.32576  -0.32576   0.50000   0.00283
   0.31818  -0.31818   0.50000   0.00283
   0.31061  -0.31061   0.50000   0.00283
   0.30303  -0.30303   0.50000   0.00283
   0.29545  -0.29545   0.50000   0.00283
   0.28788  -0.28788   0.50000   0.00283
   0.28030  -0.28030   0.50000   0.00283
   0.27273  -0.27273   0.50000   0.00283
   0.26515  -0.26515   0.50000   0.00283
   0.25758  -0.25758   0.50000   0.00283
   0.25000  -0.25000   0.50000   0.00283
   0.24242  -0.24242   0.50000   0.00283
   0.23485  -0.23485   0.50000   0.00283
   0.22727  -0.22727   0.50000   0.00283
   0.21970  -0.21970   0.50000   0.00283
   0.21212  -0.21212   0.50000   0.00283
   0.20455  -0.20455   0.50000   0.00283
   0.19697  -0.19697   0.50000   0.00283
   0.18939  -0.18939   0.50000   0.00283
   0.18182  -0.18182   0.50000   0.00283
   0.17424  -0.17424   0.50000   0.00283
   0.16667  -0.16667   0.50000   0.00283
   0.15909  -0.15909   0.50000   0.00283
   0.15152  -0.15152   0.50000   0.00283
   0.14394  -0.14394   0.50000   0.00283
   0.13636  -0.13636   0.50000   0.00283
   0.12879  -0.12879   0.50000   0.00283
   0.12121  -0.12121   0.50000   0.00283
   0.11364  -0.11364   0.50000   0.00283
   0.10606  -0.10606   0.50000   0.00283
   0.09848  -0.09848   0.50000   0.00283
   0.09091  -0.09091   0.50000   0.00283
   0.08333  -0.08333   0.50000   0.00283
   0.07576  -0.07576   0.50000   0.00283
   0.06818  -0.06818   0.50000   0.00283
   0.06061  -0.06061   0.50000   0.00283
   0.05303  -0.05303   0.50000   0.00283
   0.04545  -0.04545   0.50000   0.00283
   0.03788  -0.03788   0.50000   0.00283
   0.03030  -0.03030   0.50000   0.00283
   0.02273  -0.02273   0.50000   0.00283
   0.01515  -0.01515   0.50000   0.00283
   0.00758  -0.00758   0.50000   0.00283
   0.00000   0.00000   0.50000   0.00283
   0.00532   0.00532   0.49468   0.00283
   0.01064   0.01064   0.48936   0.00283
   0.01596   0.01596   0.48404   0.00283
   0.02128   0.02128   0.47872   0.00283
   0.02660   0.02660   0.47340   0.00283
   0.03191   0.03191   0.46809   0.00283
   0.03723   0.03723   0.46277   0.00283
   0.04255   0.04255   0.45745   0.00283
   0.04787   0.04787   0.45213   0.00283
   0.05319   0.05319   0.44681   0.00283
   0.05851   0.05851   0.44149   0.00283
   0.06383   0.06383   0.43617   0.00283
   0.06915   0.06915   0.43085   0.00283
   0.07447   0.07447   0.42553   0.00283
   0.07979   0.07979   0.42021   0.00283
   0.08511   0.08511   0.41489   0.00283
   0.09043   0.09043   0.40957   0.00283
   0.09574   0.09574   0.40426   0.00283
   0.10106   0.10106   0.39894   0.00283
   0.10638   0.10638   0.39362   0.00283
   0.11170   0.11170   0.38830   0.00283
   0.11702   0.11702   0.38298   0.00283
   0.12234   0.12234   0.37766   0.00283
   0.12766   0.12766   0.37234   0.00283
   0.13298   0.13298   0.36702   0.00283
   0.13830   0.13830   0.36170   0.00283
   0.14362   0.14362   0.35638   0.00283
   0.14894   0.14894   0.35106   0.00283
   0.15426   0.15426   0.34574   0.00283
   0.15957   0.15957   0.34043   0.00283
   0.16489   0.16489   0.33511   0.00283
   0.17021   0.17021   0.32979   0.00283
   0.17553   0.17553   0.32447   0.00283
   0.18085   0.18085   0.31915   0.00283
   0.18617   0.18617   0.31383   0.00283
   0.19149   0.19149   0.30851   0.00283
   0.19681   0.19681   0.30319   0.00283
   0.20213   0.20213   0.29787   0.00283
   0.20745   0.20745   0.29255   0.00283
   0.21277   0.21277   0.28723   0.00283
   0.21809   0.21809   0.28191   0.00283
   0.22340   0.22340   0.27660   0.00283
   0.22872   0.22872   0.27128   0.00283
   0.23404   0.23404   0.26596   0.00283
   0.23936   0.23936   0.26064   0.00283
   0.24468   0.24468   0.25532   0.00283
   0.25000   0.25000   0.25000   0.00283
   0.24688   0.24688   0.24688   0.00283
   0.24375   0.24375   0.24375   0.00283
   0.24063   0.24063   0.24063   0.00283
   0.23750   0.23750   0.23750   0.00283
   0.23438   0.23438   0.23438   0.00283
   0.23125   0.23125   0.23125   0.00283
   0.22813   0.22813   0.22813   0.00283
   0.22500   0.22500   0.22500   0.00283
   0.22188   0.22188   0.22188   0.00283
   0.21875   0.21875   0.21875   0.00283
   0.21563   0.21563   0.21563   0.00283
   0.21250   0.21250   0.21250   0.00283
   0.20938   0.20938   0.20938   0.00283
   0.20625   0.20625   0.20625   0.00283
   0.20313   0.20313   0.20313   0.00283
   0.20000   0.20000   0.20000   0.00283
   0.19688   0.19688   0.19688   0.00283
   0.19375   0.19375   0.19375   0.00283
   0.19063   0.19063   0.19063   0.00283
   0.18750   0.18750   0.18750   0.00283
   0.18438   0.18438   0.18438   0.00283
   0.18125   0.18125   0.18125   0.00283
   0.17813   0.17813   0.17813   0.00283
   0.17500   0.17500   0.17500   0.00283
   0.17188   0.17188   0.17188   0.00283
   0.16875   0.16875   0.16875   0.00283
   0.16563   0.16563   0.16563   0.00283
   0.16250   0.16250   0.16250   0.00283
   0.15938   0.15938   0.15938   0.00283
   0.15625   0.15625   0.15625   0.00283
   0.15313   0.15313   0.15313   0.00283
   0.15000   0.15000   0.15000   0.00283
   0.14688   0.14688   0.14688   0.00283
   0.14375   0.14375   0.14375   0.00283
   0.14063   0.14063   0.14063   0.00283
   0.13750   0.13750   0.13750   0.00283
   0.13438   0.13438   0.13438   0.00283
   0.13125   0.13125   0.13125   0.00283
   0.12813   0.12813   0.12813   0.00283
   0.12500   0.12500   0.12500   0.00283
   0.12188   0.12188   0.12188   0.00283
   0.11875   0.11875   0.11875   0.00283
   0.11563   0.11563   0.11563   0.00283
   0.11250   0.11250   0.11250   0.00283
   0.10938   0.10938   0.10938   0.00283
   0.10625   0.10625   0.10625   0.00283
   0.10313   0.10313   0.10313   0.00283
   0.10000   0.10000   0.10000   0.00283
   0.09688   0.09688   0.09688   0.00283
   0.09375   0.09375   0.09375   0.00283
   0.09063   0.09063   0.09063   0.00283
   0.08750   0.08750   0.08750   0.00283
   0.08438   0.08438   0.08438   0.00283
   0.08125   0.08125   0.08125   0.00283
   0.07813   0.07813   0.07813   0.00283
   0.07500   0.07500   0.07500   0.00283
   0.07188   0.07188   0.07188   0.00283
   0.06875   0.06875   0.06875   0.00283
   0.06563   0.06563   0.06563   0.00283
   0.06250   0.06250   0.06250   0.00283
   0.05938   0.05938   0.05938   0.00283
   0.05625   0.05625   0.05625   0.00283
   0.05313   0.05313   0.05313   0.00283
   0.05000   0.05000   0.05000   0.00283
   0.04688   0.04688   0.04688   0.00283
   0.04375   0.04375   0.04375   0.00283
   0.04063   0.04063   0.04063   0.00283
   0.03750   0.03750   0.03750   0.00283
   0.03438   0.03438   0.03438   0.00283
   0.03125   0.03125   0.03125   0.00283
   0.02813   0.02813   0.02813   0.00283
   0.02500   0.02500   0.02500   0.00283
   0.02188   0.02188   0.02188   0.00283
   0.01875   0.01875   0.01875   0.00283
   0.01563   0.01563   0.01563   0.00283
   0.01250   0.01250   0.01250   0.00283
   0.00938   0.00938   0.00938   0.00283
   0.00625   0.00625   0.00625   0.00283
   0.00313   0.00313   0.00313   0.00283
   0.00000   0.00000   0.00000   0.00283
   0.00000   0.00000   0.00758   0.00283
   0.00000   0.00000   0.01515   0.00283
   0.00000   0.00000   0.02273   0.00283
   0.00000   0.00000   0.03030   0.00283
   0.00000   0.00000   0.03788   0.00283
   0.00000   0.00000   0.04545   0.00283
   0.00000   0.00000   0.05303   0.00283
   0.00000   0.00000   0.06061   0.00283
   0.00000   0.00000   0.06818   0.00283
   0.00000   0.00000   0.07576   0.00283
   0.00000   0.00000   0.08333   0.00283
   0.00000   0.00000   0.09091   0.00283
   0.00000   0.00000   0.09848   0.00283
   0.00000   0.00000   0.10606   0.00283
   0.00000   0.00000   0.11364   0.00283
   0.00000   0.00000   0.12121   0.00283
   0.00000   0.00000   0.12879   0.00283
   0.00000   0.00000   0.13636   0.00283
   0.00000   0.00000   0.14394   0.00283
   0.00000   0.00000   0.15152   0.00283
   0.00000   0.00000   0.15909   0.00283
   0.00000   0.00000   0.16667   0.00283
   0.00000   0.00000   0.17424   0.00283
   0.00000   0.00000   0.18182   0.00283
   0.00000   0.00000   0.18939   0.00283
   0.00000   0.00000   0.19697   0.00283
   0.00000   0.00000   0.20455   0.00283
   0.00000   0.00000   0.21212   0.00283
   0.00000   0.00000   0.21970   0.00283
   0.00000   0.00000   0.22727   0.00283
   0.00000   0.00000   0.23485   0.00283
   0.00000   0.00000   0.24242   0.00283
   0.00000   0.00000   0.25000   0.00283
   0.00000   0.00000   0.25758   0.00283
   0.00000   0.00000   0.26515   0.00283
   0.00000   0.00000   0.27273   0.00283
   0.00000   0.00000   0.28030   0.00283
   0.00000   0.00000   0.28788   0.00283
   0.00000   0.00000   0.29545   0.00283
   0.00000   0.00000   0.30303   0.00283
   0.00000   0.00000   0.31061   0.00283
   0.00000   0.00000   0.31818   0.00283
   0.00000   0.00000   0.32576   0.00283
   0.00000   0.00000   0.33333   0.00283
   0.00000   0.00000   0.34091   0.00283
   0.00000   0.00000   0.34848   0.00283
   0.00000   0.00000   0.35606   0.00283
   0.00000   0.00000   0.36364   0.00283
   0.00000   0.00000   0.37121   0.00283
   0.00000   0.00000   0.37879   0.00283
   0.00000   0.00000   0.38636   0.00283
   0.00000   0.00000   0.39394   0.00283
   0.00000   0.00000   0.40152   0.00283
   0.00000   0.00000   0.40909   0.00283
   0.00000   0.00000   0.41667   0.00283
   0.00000   0.00000   0.42424   0.00283
   0.00000   0.00000   0.43182   0.00283
   0.00000   0.00000   0.43939   0.00283
   0.00000   0.00000   0.44697   0.00283
   0.00000   0.00000   0.45455   0.00283
   0.00000   0.00000   0.46212   0.00283
   0.00000   0.00000   0.46970   0.00283
   0.00000   0.00000   0.47727   0.00283
   0.00000   0.00000   0.48485   0.00283
   0.00000   0.00000   0.49242   0.00283
   0.00000   0.00000   0.50000   0.00283
 gmaxxc should be: 2*kmax <= gmaxxc <= gmax 
 gmaxxc = 12.500000


          convergence parameters for the pseudocharge density expansion
          atom     parameter     max. l to include

            1          26              25
          max values allowed: ncvd= 26, l= 25

 neq=            1   ncore=    10.0000000000000     
 zelec=     16.0000000000000     


 parameters for external electric field:
   total electronic charge   =    26.00000
   total nuclear charge      =    26.00000

             it=        1

          total charge for spin  1=   14.100000
          interst. charge =       0.596629
          mt charge=             13.503371

          total charge for spin  2=   11.900000
          interst. charge =       0.521497
          mt charge=             11.378503

          total charge  =   26.000000

          zc=    26.000000     qfix=    1.000000

          total charge for spin  1=   14.100000
          interst. charge =       0.596629
          mt charge=             13.503371

          total charge for spin  2=   11.900000
          interst. charge =       0.521497
          mt charge=             11.378503

          total charge  =   26.000000
 wrtdop title:bcc Fe                                                                  ordered*


          p o t e n t i a l   g e n e r a t o r


          multipole moments for atom type=    1

  l   m                   original                      plane wave
  0   0          -0.31542E+00    0.00000E+00         0.98142E+00    0.00000E+00
  2   0           0.13875E-15    0.00000E+00         0.34376E-15    0.00000E+00
  4   0          -0.13178E+00    0.00000E+00        -0.13178E+00    0.00000E+00
  4   4          -0.78753E-01    0.35713E-15        -0.78753E-01    0.37215E-15
  4  -4          -0.78753E-01   -0.35713E-15        -0.78753E-01   -0.37215E-15
  4   4          -0.78753E-01    0.35713E-15        -0.78753E-01    0.37215E-15
  4  -4          -0.78753E-01   -0.35713E-15        -0.78753E-01   -0.37215E-15
  6   0           0.13767E+00    0.00000E+00         0.13767E+00    0.00000E+00
  6   4          -0.25755E+00    0.62037E-15        -0.25755E+00    0.63317E-15
  6  -4          -0.25755E+00   -0.62037E-15        -0.25755E+00   -0.63317E-15
  6   4          -0.25755E+00    0.62037E-15        -0.25755E+00    0.63317E-15
  6  -4          -0.25755E+00   -0.62037E-15        -0.25755E+00   -0.63317E-15
  8   0           0.13787E+00    0.00000E+00         0.13787E+00    0.00000E+00
  8   4           0.51848E-01   -0.20100E-14         0.51848E-01   -0.19151E-14
  8  -4           0.51848E-01    0.20100E-14         0.51848E-01    0.19151E-14
  8   8           0.78996E-01    0.41406E-14         0.78996E-01    0.41191E-14
  8  -8           0.78996E-01   -0.41406E-14         0.78996E-01   -0.41191E-14
  8   4           0.51848E-01   -0.20100E-14         0.51848E-01   -0.19151E-14
  8  -4           0.51848E-01    0.20100E-14         0.51848E-01    0.19151E-14
  8   8           0.78996E-01    0.41406E-14         0.78996E-01    0.41191E-14
  8  -8           0.78996E-01   -0.41406E-14         0.78996E-01   -0.41191E-14
 10   0          -0.18919E+00    0.00000E+00        -0.18919E+00    0.00000E+00
 10   4           0.19064E+00   -0.97656E-14         0.19064E+00   -0.97006E-14
 10  -4           0.19064E+00    0.97656E-14         0.19064E+00    0.97006E-14
 10   8           0.22691E+00   -0.41015E-13         0.22691E+00   -0.41016E-13
 10  -8           0.22691E+00    0.41015E-13         0.22691E+00    0.41016E-13
 10   4           0.19064E+00   -0.97656E-14         0.19064E+00   -0.97006E-14
 10  -4           0.19064E+00    0.97656E-14         0.19064E+00    0.97006E-14
 10   8           0.22691E+00   -0.41015E-13         0.22691E+00   -0.41016E-13
 10  -8           0.22691E+00    0.41015E-13         0.22691E+00    0.41016E-13
 12   0           0.68667E-01    0.00000E+00         0.68667E-01    0.00000E+00
 12   4          -0.13183E+00    0.25727E-13        -0.13183E+00    0.25840E-13
 12  -4          -0.13183E+00   -0.25727E-13        -0.13183E+00   -0.25840E-13
 12   8           0.24611E+00   -0.19190E-12         0.24611E+00   -0.19235E-12
 12  -8           0.24611E+00    0.19190E-12         0.24611E+00    0.19235E-12
 12  12          -0.15255E-01    0.25651E-13        -0.15255E-01    0.25924E-13
 12  **          -0.15255E-01   -0.25651E-13        -0.15255E-01   -0.25924E-13
 12   4          -0.13183E+00    0.25727E-13        -0.13183E+00    0.25840E-13
 12  -4          -0.13183E+00   -0.25727E-13        -0.13183E+00   -0.25840E-13
 12   8           0.24611E+00   -0.19190E-12         0.24611E+00   -0.19235E-12
 12  -8           0.24611E+00    0.19190E-12         0.24611E+00    0.19235E-12
 12  12          -0.15255E-01    0.25651E-13        -0.15255E-01    0.25924E-13
 12  **          -0.15255E-01   -0.25651E-13        -0.15255E-01   -0.25924E-13

          integral of pseudo charge density inside the slab=        0.000000   0.000000

     coulomb potential in the interstitial region:

          density-coulomb potential integrals


          interstitial :                       0.4423593926

          muffin tin spheres :             -1952.5732073155

          total density-coulomb potenti    -1952.1308479229
 wrtdop title:bcc Fe                                                                  ordered*

     interstitial potential average (vbar) =  0.011988  0.011756

 999idsprs in starting of nmtxad= 0

          density-effective potential integrals for spin  1


          interstitial :                       0.0048417538

          muffin tin spheres :             -1020.3828746071

          density-effective potential integrals for spin  2


          interstitial :                       0.0049213735

          muffin tin spheres :             -1004.4521958819

          total density-effective poten    -2024.8253073618

          charge density-energy density integrals


          interstitial :                      -0.3337759930

          muffin tin spheres :               -55.6681544832

          total charge density-energy d      -56.0019304762
 wrtdop title:bcc Fe                                                                  ordered*
 IT=   1  ISEC1=  99 standard diagonalization
 Spin:   1
  Atom  1 4s branch from -2.82 to  2.04 htr. ; e_l =  0.2292
  Atom  1 4p branch from -1.56 to  2.62 htr. ; e_l =  0.3594
  Atom  1 3d branch from -9.99 to  0.50 htr. ; e_l =  0.3289
  Atom  1 4f branch from -9.99 to  3.66 htr. ; e_l =  0.6705
  Atom  1 3s branch from-29.44 to -2.79 htr. ; e_l = -2.8110
  Atom  1 3p branch from-24.98 to -1.53 htr. ; e_l = -1.5466
 Spin:   2
  Atom  1 4s branch from -2.73 to  2.10 htr. ; e_l =  0.2432
  Atom  1 4p branch from -1.47 to  2.68 htr. ; e_l =  0.3699
  Atom  1 3d branch from -9.99 to  0.58 htr. ; e_l =  0.3886
  Atom  1 4f branch from -9.99 to  3.72 htr. ; e_l =  0.6783
  Atom  1 3s branch from-29.41 to -2.70 htr. ; e_l = -2.7259
  Atom  1 3p branch from-24.95 to -1.44 htr. ; e_l = -1.4636


 wavefunction parameters for atom type  1:
                               radial function                                energy derivative
  l    energy            value        derivative    nodes          value        derivative    nodes       norm        wronskian
  0   0.22918       -5.5298740E-01   7.5002421E-02    3        2.1715958E-01   6.7865893E-01    3   5.5976279E-02   3.9157733E-01
  1   0.35941        6.1723423E-01   1.1401862E-01    2       -1.6755389E-01  -6.6538515E-01    3   5.0978003E-02   3.9159423E-01
  2   0.32890        1.8696004E-01  -1.6362631E-01    0       -1.1545093E+00  -1.0843695E+00    1   2.3376635E+00   3.9164186E-01
  3   0.67049        7.6404853E-01   6.2648542E-01    0       -1.3378073E-01  -6.2220823E-01    1   1.9780456E-02   3.9158561E-01
  4   0.67049        9.0233710E-01   1.2666953E+00    0       -8.5882221E-02  -5.5451885E-01    1   6.3885219E-03   3.9157632E-01
  5   0.67049        1.0079811E+00   1.9356634E+00    0       -6.3749423E-02  -5.1088578E-01    1   2.9841476E-03   3.9156577E-01
  6   0.67049        1.0987442E+00   2.6483545E+00    0       -5.0385427E-02  -4.7781078E-01    1   1.6329137E-03   3.9155336E-01
  7   0.67049        1.1802688E+00   3.4067391E+00    0       -4.1352267E-02  -4.5109663E-01    1   9.8246364E-04   3.9153888E-01
  8   0.67049        1.2552320E+00   4.2101198E+00    0       -3.4831733E-02  -4.2873998E-01    1   6.3114190E-04   3.9152237E-01
  9   0.67049        1.3251704E+00   5.0570850E+00    0       -2.9911800E-02  -4.0958570E-01    1   4.2576176E-04   3.9150433E-01
 10   0.67049        1.3910718E+00   5.9460643E+00    0       -2.6077237E-02  -3.9289200E-01    1   2.9842367E-04   3.9148406E-01
 11   0.67049        1.4536211E+00   6.8755145E+00    0       -2.3012761E-02  -3.7814923E-01    1   2.1575794E-04   3.9146114E-01
 12   0.67049        1.5133193E+00   7.8439743E+00    0       -2.0514041E-02  -3.6499113E-01    1   1.6005904E-04   3.9143650E-01

                   radial function for local orbitals
 lo  l    energy            value        derivative    nodes  ovlp with u    ovlp with udot
  1  0  -2.81098        2.7942396E-02  -7.8356510E-02    2   3.4640476E-02  -4.1618488E-02
  2  1  -1.54661       -1.1319531E-02   1.7002159E-01    1   1.4226834E-01  -1.2294186E-01
 
 overlap matrix between different local orbitals
 lo        1              2
  1   0.100000E+01   0.000000E+00
  2   0.000000E+00   0.100000E+01


 wavefunction parameters for atom type  1:
                               radial function                                energy derivative
  l    energy            value        derivative    nodes          value        derivative    nodes       norm        wronskian
  0   0.24320       -5.6109970E-01   5.7031481E-02    3        2.1245544E-01   6.7628000E-01    3   5.3813222E-02   3.9157716E-01
  1   0.36988        6.2334065E-01   1.3432419E-01    2       -1.6178673E-01  -6.6308211E-01    3   5.1994975E-02   3.9159416E-01
  2   0.38860        2.1143640E-01  -1.5169301E-01    0       -1.1041251E+00  -1.0601367E+00    1   2.1620961E+00   3.9163956E-01
  3   0.67826        7.6882287E-01   6.4202674E-01    0       -1.3159088E-01  -6.1921937E-01    1   1.9009740E-02   3.9158515E-01
  4   0.67826        9.0485661E-01   1.2779527E+00    0       -8.5178695E-02  -5.5304927E-01    1   6.2591659E-03   3.9157595E-01
  5   0.67826        1.0096117E+00   1.9446135E+00    0       -6.3422323E-02  -5.0999539E-01    1   2.9453670E-03   3.9156540E-01
  6   0.67826        1.0998945E+00   2.6557606E+00    0       -5.0207646E-02  -4.7722080E-01    1   1.6180188E-03   3.9155305E-01
  7   0.67826        1.1811226E+00   3.4130181E+00    0       -4.1246329E-02  -4.5068408E-01    1   9.7583674E-04   3.9153869E-01
  8   0.67826        1.2558883E+00   4.2155349E+00    0       -3.4764537E-02  -4.2844051E-01    1   6.2788183E-04   3.9152230E-01
  9   0.67826        1.3256882E+00   5.0618173E+00    0       -2.9867216E-02  -4.0936199E-01    1   4.2403565E-04   3.9150398E-01
 10   0.67826        1.3914889E+00   5.9502445E+00    0       -2.6046551E-02  -3.9272100E-01    1   2.9745537E-04   3.9148356E-01
 11   0.67826        1.4539630E+00   6.8792400E+00    0       -2.2990980E-02  -3.7801608E-01    1   2.1518807E-04   3.9146094E-01
 12   0.67826        1.5136035E+00   7.8473203E+00    0       -2.0498211E-02  -3.6488574E-01    1   1.5971061E-04   3.9143630E-01

                   radial function for local orbitals
 lo  l    energy            value        derivative    nodes  ovlp with u    ovlp with udot
  1  0  -2.72588        2.8681319E-02  -7.9485454E-02    2   3.6956968E-02  -4.3656834E-02
  2  1  -1.46360       -1.3870756E-02   1.6942620E-01    1   1.4962563E-01  -1.3263700E-01
 
 overlap matrix between different local orbitals
 lo        1              2
  1   0.100000E+01   0.000000E+00
  2   0.000000E+00   0.100000E+01
 spin - orbit parameter HR  
      p       d       f 
  0.0112  0.0022  0.0000
  0.0113  0.0021  0.0000
  0.0112  0.0021  0.0000
 spin - orbit parameter HR  
      p       d       f 
  0.0000  0.0023  0.0000
 -0.0002  0.0023  0.0000
  0.0000  0.0022  0.0000
 spin - orbit parameter HR  
      p       d       f 
  0.0000  0.0023  0.0000
 -0.0002  0.0023  0.0000
 -0.0002  0.0023  0.0000
 spin - orbit parameter HR  
      p       d       f 
  0.0000  0.0025  0.0000
  0.0000  0.0025  0.0000
  0.0000  0.0025  0.0000
 so - angular matrix elements 
 d-states:is1=           1 ,is2=           1
             -3      -2      -1       0       1       2       3
      -3 -3.0000  0.0000  0.0000  0.0000  0.0000  0.0000  0.0000  0.0000  0.0000  0.0000  0.0000  0.0000  0.0000  0.0000
      -2  0.0000  0.0000 -2.0000  0.0000  0.0000  0.0000  0.0000  0.0000  0.0000  0.0000  0.0000  0.0000  0.0000  0.0000
      -1  0.0000  0.0000  0.0000  0.0000 -1.0000  0.0000  0.0000  0.0000  0.0000  0.0000  0.0000  0.0000  0.0000  0.0000
       0  0.0000  0.0000  0.0000  0.0000  0.0000  0.0000  0.0000  0.0000  0.0000  0.0000  0.0000  0.0000  0.0000  0.0000
       1  0.0000  0.0000  0.0000  0.0000  0.0000  0.0000  0.0000  0.0000  1.0000  0.0000  0.0000  0.0000  0.0000  0.0000
       2  0.0000  0.0000  0.0000  0.0000  0.0000  0.0000  0.0000  0.0000  0.0000  0.0000  2.0000  0.0000  0.0000  0.0000
       3  0.0000  0.0000  0.0000  0.0000  0.0000  0.0000  0.0000  0.0000  0.0000  0.0000  0.0000  0.0000  3.0000  0.0000
 d-states:is1=           1 ,is2=           2
             -3      -2      -1       0       1       2       3
      -3  0.0000  0.0000  0.0000  0.0000  0.0000  0.0000  0.0000  0.0000  0.0000  0.0000  0.0000  0.0000  0.0000  0.0000
      -2  2.4495  0.0000  0.0000  0.0000  0.0000  0.0000  0.0000  0.0000  0.0000  0.0000  0.0000  0.0000  0.0000  0.0000
      -1  0.0000  0.0000  3.1623  0.0000  0.0000  0.0000  0.0000  0.0000  0.0000  0.0000  0.0000  0.0000  0.0000  0.0000
       0  0.0000  0.0000  0.0000  0.0000  3.4641  0.0000  0.0000  0.0000  0.0000  0.0000  0.0000  0.0000  0.0000  0.0000
       1  0.0000  0.0000  0.0000  0.0000  0.0000  0.0000  3.4641  0.0000  0.0000  0.0000  0.0000  0.0000  0.0000  0.0000
       2  0.0000  0.0000  0.0000  0.0000  0.0000  0.0000  0.0000  0.0000  3.1623  0.0000  0.0000  0.0000  0.0000  0.0000
       3  0.0000  0.0000  0.0000  0.0000  0.0000  0.0000  0.0000  0.0000  0.0000  0.0000  2.4495  0.0000  0.0000  0.0000
 d-states:is1=           2 ,is2=           1
             -3      -2      -1       0       1       2       3
      -3  0.0000  0.0000  2.4495  0.0000  0.0000  0.0000  0.0000  0.0000  0.0000  0.0000  0.0000  0.0000  0.0000  0.0000
      -2  0.0000  0.0000  0.0000  0.0000  3.1623  0.0000  0.0000  0.0000  0.0000  0.0000  0.0000  0.0000  0.0000  0.0000
      -1  0.0000  0.0000  0.0000  0.0000  0.0000  0.0000  3.4641  0.0000  0.0000  0.0000  0.0000  0.0000  0.0000  0.0000
       0  0.0000  0.0000  0.0000  0.0000  0.0000  0.0000  0.0000  0.0000  3.4641  0.0000  0.0000  0.0000  0.0000  0.0000
       1  0.0000  0.0000  0.0000  0.0000  0.0000  0.0000  0.0000  0.0000  0.0000  0.0000  3.1623  0.0000  0.0000  0.0000
       2  0.0000  0.0000  0.0000  0.0000  0.0000  0.0000  0.0000  0.0000  0.0000  0.0000  0.0000  0.0000  2.4495  0.0000
       3  0.0000  0.0000  0.0000  0.0000  0.0000  0.0000  0.0000  0.0000  0.0000  0.0000  0.0000  0.0000  0.0000  0.0000
 d-states:is1=           2 ,is2=           2
             -3      -2      -1       0       1       2       3
      -3  3.0000  0.0000  0.0000  0.0000  0.0000  0.0000  0.0000  0.0000  0.0000  0.0000  0.0000  0.0000  0.0000  0.0000
      -2  0.0000  0.0000  2.0000  0.0000  0.0000  0.0000  0.0000  0.0000  0.0000  0.0000  0.0000  0.0000  0.0000  0.0000
      -1  0.0000  0.0000  0.0000  0.0000  1.0000  0.0000  0.0000  0.0000  0.0000  0.0000  0.0000  0.0000  0.0000  0.0000
       0  0.0000  0.0000  0.0000  0.0000  0.0000  0.0000  0.0000  0.0000  0.0000  0.0000  0.0000  0.0000  0.0000  0.0000
       1  0.0000  0.0000  0.0000  0.0000  0.0000  0.0000  0.0000  0.0000 -1.0000  0.0000  0.0000  0.0000  0.0000  0.0000
       2  0.0000  0.0000  0.0000  0.0000  0.0000  0.0000  0.0000  0.0000  0.0000  0.0000 -2.0000  0.0000  0.0000  0.0000
       3  0.0000  0.0000  0.0000  0.0000  0.0000  0.0000  0.0000  0.0000  0.0000  0.0000  0.0000  0.0000 -3.0000  0.0000
SOC contribution of all atom types inculded in Hamiltonian.


 k=(    0.000000    0.000000    0.000000):       177 3-d basis functions
 the  52 SOC eigenvalues are:
        -2.813884   -2.728973   -1.583449   -1.567631   -1.539407
        -1.483802   -1.468134   -1.455923    0.072369    0.094369
         0.323356    0.324346    0.325466    0.382576    0.383050
         0.396536    0.396971    0.398208    0.459799    0.459837
         1.275330    1.275332    1.275334    1.289386    1.289388
         1.289390    1.565772    1.565772    1.581830    1.581831
         1.600263    1.604977    1.611225    1.644101    1.648705
         1.652548    1.848995    1.849426    1.849869    1.885739
         1.886214    1.886677    2.256778    2.283012    2.704371
         2.705743    2.707222    2.744854    2.746263    2.747586
         3.419306    3.459827


 k=(    0.118280   -0.118280    0.118280):       181 3-d basis functions
 the  52 SOC eigenvalues are:
        -2.813107   -2.728148   -1.585353   -1.569036   -1.541471
        -1.485887   -1.469648   -1.458143    0.113718    0.136039
         0.324550    0.324581    0.336281    0.362222    0.390277
         0.396078    0.396700    0.409901    0.435385    0.468545
         1.172282    1.192766    1.257622    1.257639    1.282236
         1.282273    1.304625    1.329794    1.479018    1.479024
         1.513241    1.513244    1.765416    1.779389    1.827186
         1.844213    1.863078    1.873803    2.037669    2.037671
         2.071596    2.071598    2.221449    2.252261    2.676700
         2.705478    2.882411    2.882412    2.923827    2.923827
         3.264675    3.294714


 k=(    0.236560   -0.236560    0.236560):       184 3-d basis functions
 the  52 SOC eigenvalues are:
        -2.811299   -2.726231   -1.589441   -1.572574   -1.545838
        -1.490396   -1.473508   -1.462797    0.209831    0.237375
         0.311191    0.336965    0.337034    0.365806    0.376592
         0.407028    0.407421    0.417303    0.442194    0.489770
         1.058055    1.058074    1.071259    1.095376    1.095384
         1.101629    1.127881    1.153111    1.608866    1.608868
         1.632947    1.632949    1.788820    1.822367    1.836733
         1.869185    1.983026    2.010542    2.144078    2.158342
         2.259725    2.259725    2.292464    2.292464    2.907026
         2.916177    2.927586    2.938798    3.012572    3.012573
         3.037514    3.037514


 k=(    0.354840   -0.354840    0.354840):       184 3-d basis functions
 the  52 SOC eigenvalues are:
        -2.809552   -2.724382   -1.592839   -1.576489   -1.549477
        -1.494128   -1.477846   -1.466678    0.247806    0.258649
         0.296398    0.316718    0.375070    0.375100    0.399462
         0.448072    0.448153    0.478399    0.539071    0.584452
         0.861342    0.861345    0.896282    0.896284    1.024670
         1.062898    1.071737    1.103327    1.416178    1.451057
         1.772442    1.803189    1.881273    1.881274    1.906166
         1.906167    2.074507    2.103033    2.447992    2.447992
         2.482018    2.482019    2.603225    2.610706    2.623878
         2.629195    2.901407    2.901410    2.919573    2.919580
         2.942201    2.965946


 k=(    0.473120   -0.473120    0.473120):       188 3-d basis functions
 the  52 SOC eigenvalues are:
        -2.808693   -2.723476   -1.594287   -1.578652   -1.550995
        -1.495735   -1.480270   -1.468280    0.231537    0.231615
         0.286413    0.286704    0.415593    0.416296    0.418489
         0.495920    0.496579    0.499124    0.731434    0.749840
         0.751582    0.760696    0.778723    0.778947    1.010188
         1.020453    1.051915    1.060960    1.165327    1.205563
         1.775746    1.804867    2.139393    2.139610    2.151374
         2.168658    2.169039    2.181127    2.453652    2.454565
         2.454574    2.473597    2.475885    2.475888    2.636037
         2.660912    2.964024    2.977635    2.977635    3.010323
         3.023679    3.023679


 k=(    0.371210   -0.371210    0.500000):       186 3-d basis functions
 the  52 SOC eigenvalues are:
        -2.809003   -2.723802   -1.593819   -1.577833   -1.550457
        -1.495229   -1.479345   -1.467696    0.240750    0.241691
         0.296026    0.296129    0.388812    0.395939    0.420134
         0.464456    0.471387    0.501062    0.684495    0.717131
         0.718714    0.752652    0.795219    0.825741    1.030335
         1.068649    1.094909    1.128501    1.238707    1.277612
         1.759876    1.789346    1.967561    1.994327    2.057279
         2.084434    2.221006    2.251075    2.382521    2.405506
         2.430782    2.456834    2.584892    2.611511    2.759099
         2.787203    2.801457    2.825439    2.924145    2.963212
         2.983834    3.012448


 k=(    0.204550   -0.204550    0.500000):       188 3-d basis functions
 the  52 SOC eigenvalues are:
        -2.810046   -2.724902   -1.592637   -1.575087   -1.548245
        -1.494197   -1.476201   -1.465001    0.248340    0.289011
         0.301070    0.320402    0.340526    0.360354    0.389477
         0.425210    0.431971    0.506617    0.547407    0.592535
         0.681578    0.732088    0.945926    0.980376    1.043390
         1.072340    1.330258    1.353488    1.496210    1.529929
         1.574799    1.604375    1.697211    1.727950    2.096042
         2.126880    2.244866    2.270897    2.304686    2.320660
         2.330990    2.360385    2.472040    2.503239    2.606725
         2.638034    2.706855    2.727207    2.823820    2.860483
         2.869579    2.888514


 k=(    0.037880   -0.037880    0.500000):       186 3-d basis functions
 the  52 SOC eigenvalues are:
        -2.810763   -2.725658   -1.592196   -1.573223   -1.546355
        -1.494057   -1.474013   -1.462530    0.220603    0.269841
         0.282921    0.349394    0.371982    0.380747    0.413123
         0.421861    0.428841    0.457132    0.480122    0.510686
         0.674013    0.729764    1.045717    1.063609    1.112355
         1.145661    1.359257    1.391198    1.471387    1.502955
         1.596336    1.617075    1.855220    1.888771    1.930689
         1.944399    2.176878    2.203475    2.264521    2.301726
         2.365265    2.397071    2.477339    2.505011    2.551948
         2.575693    2.619032    2.648187    2.804295    2.821498
         2.845295    2.868201


 k=(    0.090430    0.090430    0.409570):       180 3-d basis functions
 the  52 SOC eigenvalues are:
        -2.810757   -2.725650   -1.591739   -1.573671   -1.546516
        -1.493440   -1.474616   -1.462919    0.235798    0.278854
         0.286420    0.343444    0.345071    0.384634    0.388611
         0.391946    0.462127    0.470380    0.507592    0.566248
         0.676308    0.730008    0.963138    0.990635    1.004862
         1.038377    1.433161    1.456147    1.614761    1.644562
         1.646922    1.668099    1.857662    1.872183    1.961156
         1.993865    2.201583    2.232197    2.236572    2.268337
         2.268736    2.293760    2.383057    2.401798    2.483460
         2.518515    2.639575    2.669752    2.798794    2.828246
         2.949352    2.975171


 k=(    0.207450    0.207450    0.292550):       180 3-d basis functions
 the  52 SOC eigenvalues are:
        -2.810682   -2.725566   -1.590744   -1.574845   -1.547073
        -1.491981   -1.476155   -1.464109    0.277983    0.278140
         0.292611    0.333517    0.336861    0.346223    0.391633
         0.392787    0.470349    0.471590    0.654251    0.701839
         0.703474    0.749130    0.779618    0.811052    0.820666
         0.846696    1.678661    1.694959    1.764454    1.786136
         1.792400    1.807440    1.828930    1.854941    1.912736
         1.933960    1.937748    1.952690    2.317940    2.352418
         2.357708    2.387886    2.486215    2.490810    2.509399
         2.532605    2.588196    2.621437    2.645430    2.674461
         3.001491    3.031030


 k=(    0.206250    0.206250    0.206250):       180 3-d basis functions
 the  52 SOC eigenvalues are:
        -2.810755   -2.725644   -1.590711   -1.574708   -1.546711
        -1.491939   -1.476138   -1.463522    0.278635    0.278635
         0.286028    0.332883    0.337692    0.337812    0.390791
         0.391601    0.469406    0.470225    0.578154    0.634353
         0.791408    0.793141    0.830078    0.832756    0.833764
         0.865732    1.623730    1.638384    1.756462    1.756642
         1.777831    1.778001    1.789997    1.814817    2.003040
         2.003804    2.024494    2.025223    2.208941    2.210891
         2.240433    2.242332    2.492297    2.534601    2.610983
         2.611991    2.638388    2.639403    2.764222    2.800801
         2.971857    3.000415


 k=(    0.137500    0.137500    0.137500):       180 3-d basis functions
 the  52 SOC eigenvalues are:
        -2.811610   -2.726556   -1.589139   -1.572629   -1.544383
        -1.490255   -1.473895   -1.460740    0.214692    0.241958
         0.289582    0.289596    0.354051    0.354118    0.383713
         0.384913    0.431008    0.461060    0.462407    0.504857
         0.958472    0.960298    0.991736    0.993607    1.020120
         1.056933    1.430276    1.444567    1.714789    1.715039
         1.738195    1.738510    1.763974    1.766845    1.794851
         1.797743    1.800601    1.826553    2.359225    2.359540
         2.383985    2.384264    2.557800    2.559579    2.563005
         2.587273    2.589058    2.602878    2.843513    2.843699
         2.873375    2.873574


 k=(    0.068750    0.068750    0.068750):       183 3-d basis functions
 the  52 SOC eigenvalues are:
        -2.813120   -2.728162   -1.585260   -1.569350   -1.541155
        -1.485838   -1.470107   -1.457690    0.114139    0.136525
         0.313974    0.314559    0.352040    0.378708    0.379980
         0.385032    0.385509    0.426299    0.455833    0.456573
         1.166326    1.167306    1.190087    1.191024    1.314079
         1.323543    1.328190    1.363460    1.527766    1.530342
         1.553573    1.555914    1.711995    1.712575    1.741894
         1.742640    1.901523    1.932199    2.036083    2.037329
         2.068418    2.069663    2.405105    2.436290    2.700279
         2.701634    2.733901    2.735279    2.774761    2.815371
         3.141252    3.170904


 k=(    0.000000    0.000000    0.000000):       177 3-d basis functions
 the  52 SOC eigenvalues are:
        -2.813884   -2.728973   -1.583449   -1.567631   -1.539407
        -1.483802   -1.468134   -1.455923    0.072369    0.094369
         0.323356    0.324346    0.325466    0.382576    0.383050
         0.396536    0.396971    0.398208    0.459799    0.459837
         1.275330    1.275332    1.275334    1.289386    1.289388
         1.289390    1.565772    1.565772    1.581830    1.581831
         1.600263    1.604977    1.611225    1.644101    1.648705
         1.652548    1.848995    1.849426    1.849869    1.885739
         1.886214    1.886677    2.256778    2.283012    2.704371
         2.705743    2.707222    2.744854    2.746263    2.747586
         3.419306    3.459827


 k=(    0.000000    0.000000    0.166670):       184 3-d basis functions
 the  52 SOC eigenvalues are:
        -2.813129   -2.728171   -1.585396   -1.568968   -1.541370
        -1.485982   -1.469564   -1.457977    0.113210    0.135612
         0.312972    0.321131    0.347006    0.374086    0.383422
         0.385185    0.391211    0.421313    0.450123    0.461171
         1.129499    1.156469    1.226362    1.244100    1.295130
         1.314056    1.415636    1.447327    1.455897    1.459217
         1.478716    1.483991    1.678753    1.697716    1.891656
         1.899508    1.925709    1.931941    1.967684    1.995124
         2.000660    2.035573    2.394274    2.425714    2.619910
         2.650625    2.750293    2.787538    2.853762    2.896086
         3.187569    3.219913


 k=(    0.000000    0.000000    0.333330):       182 3-d basis functions
 the  52 SOC eigenvalues are:
        -2.811584   -2.726530   -1.589767   -1.571724   -1.544794
        -1.491140   -1.472457   -1.461193    0.198730    0.230507
         0.291590    0.327515    0.359172    0.377901    0.378722
         0.388408    0.398778    0.454240    0.466181    0.477179
         0.843612    0.885440    1.098605    1.117047    1.207631
         1.243934    1.330283    1.358311    1.441088    1.472191
         1.605673    1.627393    1.676546    1.699033    2.031215
         2.059964    2.149664    2.162776    2.168777    2.174902
         2.197951    2.210052    2.368454    2.390182    2.623235
         2.659217    2.816081    2.839612    2.887173    2.911814
         2.946354    2.973475


 k=(    0.000000    0.000000    0.500000):       186 3-d basis functions
 the  52 SOC eigenvalues are:
        -2.810792   -2.725689   -1.592184   -1.573149   -1.546272
        -1.494060   -1.473925   -1.462420    0.219158    0.268270
         0.281512    0.347927    0.381827    0.391290    0.401274
         0.421997    0.428966    0.458691    0.469914    0.510852
         0.673853    0.729770    1.045792    1.063097    1.124647
         1.157757    1.344975    1.377166    1.466548    1.498367
         1.618398    1.639455    1.869390    1.902588    1.904768
         1.917983    2.174389    2.200999    2.275037    2.312872
         2.405001    2.426745    2.441525    2.450877    2.550971
         2.573763    2.621425    2.650640    2.801910    2.819067
         2.845855    2.868137


 fermi energy and band-weighting factors:
at   0.00000   0.00000   0.00000    0.002833
   52 eigenvalues :
   -2.813884   -2.728973   -1.583449   -1.567631   -1.539407   -1.483802   -1.468134   -1.455923
    0.072369    0.094369    0.323356    0.324346    0.325466    0.382576    0.383050    0.396536
    0.396971    0.398208    0.459799    0.459837    1.275330    1.275332    1.275334    1.289386
    1.289388    1.289390    1.565772    1.565772    1.581830    1.581831    1.600263    1.604977
    1.611225    1.644101    1.648705    1.652548    1.848995    1.849426    1.849869    1.885739
    1.886214    1.886677    2.256778    2.283012    2.704371    2.705743    2.707222    2.744854
    2.746263    2.747586    3.419306    3.459827
at   0.00538  -0.00538   0.00538    0.002833
   52 eigenvalues :
   -2.813882   -2.728971   -1.583453   -1.567634   -1.539411   -1.483807   -1.468138   -1.455929
    0.072458    0.094458    0.323368    0.324344    0.325477    0.382547    0.383054    0.396546
    0.396965    0.398220    0.459752    0.459850    1.274955    1.275379    1.275379    1.289034
    1.289447    1.289447    1.561475    1.566353    1.578997    1.582397    1.601720    1.604369
    1.613264    1.644791    1.647988    1.653774    1.849195    1.850222    1.850411    1.885945
    1.887001    1.887204    2.256910    2.283153    2.704306    2.706132    2.707263    2.744768
    2.746657    2.747620    3.419728    3.460248
at   0.01075  -0.01075   0.01075    0.002833
   52 eigenvalues :
   -2.813877   -2.728966   -1.583466   -1.567643   -1.539425   -1.483820   -1.468147   -1.455944
    0.072725    0.094726    0.323401    0.324337    0.325513    0.382447    0.383076    0.396572
    0.396950    0.398254    0.459596    0.459910    1.273835    1.275519    1.275519    1.287983
    1.289620    1.289620    1.551761    1.568080    1.571662    1.584084    1.601596    1.602419
    1.620700    1.644217    1.645918    1.659139    1.849165    1.852571    1.852632    1.885925
    1.889325    1.889383    2.257298    2.283571    2.703619    2.707296    2.707887    2.743968
    2.747836    2.748275    3.420957    3.461444
at   0.01613  -0.01613   0.01613    0.002833
   52 eigenvalues :
   -2.813869   -2.728957   -1.583487   -1.567658   -1.539449   -1.483844   -1.468164   -1.455969
    0.073169    0.095173    0.323453    0.324326    0.325577    0.382258    0.383136    0.396611
    0.396925    0.398318    0.459331    0.460012    1.271996    1.275747    1.275747    1.286255
    1.289906    1.289906    1.539966    1.561690    1.570933    1.586873    1.598753    1.599059
    1.631048    1.641255    1.642953    1.668142    1.848932    1.856389    1.856421    1.885687
    1.893101    1.893124    2.257933    2.284254    2.701876    2.709237    2.709561    2.742038
    2.749804    2.750000    3.422882    3.463170
at   0.02151  -0.02151   0.02151    0.002833
   52 eigenvalues :
   -2.813857   -2.728944   -1.583517   -1.567679   -1.539481   -1.483876   -1.468186   -1.456004
    0.073792    0.095797    0.323518    0.324311    0.325673    0.381975    0.383238    0.396655
    0.396890    0.398419    0.458961    0.460154    1.269482    1.276054    1.276054    1.283893
    1.290295    1.290295    1.527366    1.550326    1.574866    1.590720    1.594276    1.594427
    1.635688    1.636699    1.645644    1.678898    1.848574    1.861537    1.861559    1.885319
    1.898189    1.898201    2.258789    2.285179    2.699242    2.711950    2.712170    2.739173
    2.752559    2.752658    3.425222    3.464638
at   0.02688  -0.02688   0.02688    0.002833
   52 eigenvalues :
   -2.813841   -2.728928   -1.583555   -1.567706   -1.539523   -1.483918   -1.468216   -1.456049
    0.074589    0.096598    0.323591    0.324293    0.325809    0.381599    0.383379    0.396697
    0.396846    0.398566    0.458487    0.460336    1.266353    1.276427    1.276427    1.280952
    1.290776    1.290776    1.514108    1.537857    1.579814    1.588615    1.588706    1.595567
    1.630744    1.630960    1.656687    1.689979    1.848108    1.866928    1.866948    1.884839
    1.903517    1.903523    2.259832    2.286312    2.695470    2.715346    2.715533    2.735130
    2.756023    2.756076    3.426949    3.462207
at   0.03226  -0.03226   0.03226    0.002833
   52 eigenvalues :
   -2.813823   -2.728908   -1.583601   -1.567739   -1.539574   -1.483968   -1.468251   -1.456104
    0.075564    0.097577    0.323664    0.324272    0.325991    0.381131    0.383558    0.396728
    0.396793    0.398768    0.457908    0.460558    1.262661    1.276851    1.276851    1.277480
    1.291338    1.291339    1.501038    1.525375    1.582047    1.582113    1.585736    1.601371
    1.624221    1.624305    1.669094    1.701881    1.847537    1.874186    1.874211    1.884255
    1.910688    1.910691    2.261021    2.287613    2.691611    2.719571    2.719792    2.730984
    2.760360    2.760392    3.426607    3.455976
at   0.03763  -0.03763   0.03763    0.002833
   52 eigenvalues :
   -2.813801   -2.728885   -1.583656   -1.567778   -1.539634   -1.484028   -1.468293   -1.456168
    0.076711    0.098730    0.323732    0.324249    0.326227    0.380576    0.383771    0.396734
    0.396744    0.399031    0.457226    0.460818    1.258485    1.273550    1.277305    1.277305
    1.291961    1.291962    1.487936    1.512685    1.574794    1.574844    1.592538    1.608048
    1.616905    1.616949    1.681593    1.713931    1.846868    1.882171    1.882296    1.883663
    1.918665    1.918666    2.262295    2.289023    2.687290    2.723981    2.724820    2.726894
    2.765464    2.765483    3.422026    3.447254
at   0.04301  -0.04301   0.04301    0.002833
   52 eigenvalues :
   -2.813776   -2.728858   -1.583718   -1.567823   -1.539702   -1.484096   -1.468341   -1.456242
    0.078035    0.100060    0.323790    0.324225    0.326520    0.379932    0.384018    0.396669
    0.396744    0.399358    0.456440    0.461116    1.253876    1.269212    1.277765    1.277765
    1.292626    1.292626    1.474814    1.499858    1.567011    1.567053    1.600182    1.609016
    1.609039    1.615565    1.694073    1.726037    1.846099    1.882730    1.891085    1.891098
    1.927330    1.927331    2.263591    2.290479    2.682625    2.720817    2.730625    2.730754
    2.771345    2.771358    3.413752    3.437268
at   0.04839  -0.04839   0.04839    0.002833
   52 eigenvalues :
   -2.813747   -2.728828   -1.583789   -1.567874   -1.539780   -1.484174   -1.468396   -1.456326
    0.079531    0.101564    0.323838    0.324201    0.326874    0.379200    0.384296    0.396599
    0.396729    0.399749    0.455551    0.461452    1.248887    1.264517    1.278180    1.278180
    1.293290    1.293290    1.461732    1.486984    1.558758    1.558793    1.600613    1.600633
    1.608332    1.623591    1.706239    1.737896    1.845236    1.881845    1.898327    1.898331
    1.934472    1.934472    2.264821    2.291896    2.677730    2.715512    2.736743    2.736787
    2.777537    2.777546    3.403018    3.426090
at   0.05376  -0.05376   0.05376    0.002833
   52 eigenvalues :
   -2.813715   -2.728794   -1.583868   -1.567930   -1.539865   -1.484260   -1.468457   -1.456418
    0.081195    0.103238    0.323876    0.324178    0.327286    0.378383    0.384604    0.396526
    0.396703    0.400202    0.454564    0.461822    1.243621    1.259560    1.278545    1.278545
    1.293946    1.293946    1.448757    1.474154    1.550429    1.550460    1.592108    1.592123
    1.617415    1.632542    1.718410    1.749802    1.844283    1.880862    1.908115    1.908115
    1.944112    1.944112    2.265886    2.293174    2.672861    2.710120    2.743954    2.743975
    2.784830    2.784835    3.391938    3.415090
at   0.05914  -0.05914   0.05914    0.002833
   52 eigenvalues :
   -2.813681   -2.728757   -1.583954   -1.567993   -1.539960   -1.484354   -1.468524   -1.456520
    0.083032    0.105085    0.323907    0.324158    0.327757    0.377478    0.384943    0.396451
    0.396668    0.400717    0.453474    0.462227    1.238100    1.254364    1.278805    1.278805
    1.294550    1.294551    1.435855    1.461351    1.542030    1.542057    1.583487    1.583499
    1.627160    1.642157    1.730402    1.761564    1.843241    1.879783    1.918270    1.918271
    1.954110    1.954111    2.266676    2.294206    2.668139    2.704813    2.751909    2.751921
    2.792869    2.792873    3.380361    3.403844
at   0.06452  -0.06452   0.06452    0.002833
   52 eigenvalues :
   -2.813643   -2.728717   -1.584048   -1.568061   -1.540062   -1.484457   -1.468597   -1.456630
    0.085037    0.107101    0.323933    0.324142    0.328285    0.376489    0.385310    0.396376
    0.396628    0.401290    0.452287    0.462666    1.232384    1.248987    1.278909    1.278910
    1.295059    1.295060    1.423070    1.448626    1.533704    1.533728    1.574888    1.574898
    1.637499    1.652369    1.742164    1.773122    1.842115    1.878616    1.928696    1.928698
    1.964371    1.964372    2.267062    2.294860    2.663761    2.699803    2.760584    2.760591
    2.801629    2.801631    3.368577    3.392520
at   0.06989  -0.06989   0.06989    0.002833
   52 eigenvalues :
   -2.813602   -2.728673   -1.584149   -1.568134   -1.540172   -1.484567   -1.468676   -1.456748
    0.087204    0.109281    0.323957    0.324132    0.328866    0.375417    0.385704    0.396303
    0.396587    0.401918    0.451004    0.463136    1.226531    1.243483    1.278803    1.278804
    1.295425    1.295425    1.410442    1.436029    1.525591    1.525613    1.566443    1.566451
    1.648364    1.663113    1.753652    1.784427    1.840910    1.877366    1.939304    1.939306
    1.974808    1.974810    2.266906    2.294996    2.659929    2.695300    2.769947    2.769952
    2.811075    2.811077    3.356785    3.381258
at   0.07527  -0.07527   0.07527    0.002833
   52 eigenvalues :
   -2.813558   -2.728626   -1.584257   -1.568213   -1.540289   -1.484686   -1.468762   -1.456875
    0.089537    0.111630    0.323983    0.324129    0.329501    0.374261    0.386124    0.396234
    0.396548    0.402603    0.449624    0.463637    1.220558    1.237870    1.278422    1.278423
    1.295593    1.295593    1.397937    1.423532    1.517779    1.517798    1.558227    1.558235
    1.659755    1.674389    1.764891    1.795498    1.839627    1.876035    1.950079    1.950081
    1.985407    1.985408    2.266062    2.294469    2.656826    2.691491    2.780016    2.780019
    2.821226    2.821227    3.345068    3.370113
at   0.08065  -0.08065   0.08065    0.002833
   52 eigenvalues :
   -2.813511   -2.728577   -1.584372   -1.568298   -1.540415   -1.484812   -1.468853   -1.457009
    0.092032    0.114142    0.324012    0.324135    0.330187    0.373023    0.386569    0.396170
    0.396515    0.403342    0.448150    0.464166    1.214512    1.232194    1.277699    1.277701
    1.295503    1.295504    1.385591    1.411175    1.510398    1.510415    1.550363    1.550370
    1.671615    1.686141    1.775843    1.806294    1.838272    1.874628    1.960953    1.960955
    1.996102    1.996104    2.264385    2.293125    2.654651    2.688581    2.790755    2.790757
    2.832041    2.832042    3.333546    3.359189
at   0.08602  -0.08602   0.08602    0.002833
   52 eigenvalues :
   -2.813461   -2.728524   -1.584494   -1.568388   -1.540547   -1.484946   -1.468950   -1.457151
    0.094680    0.116810    0.324048    0.324151    0.330921    0.371708    0.387038    0.396115
    0.396489    0.404131    0.446587    0.464722    1.208433    1.226493    1.276565    1.276566
    1.295090    1.295092    1.373439    1.398996    1.503572    1.503587    1.542967    1.542973
    1.683889    1.698314    1.786478    1.816784    1.836853    1.873152    1.971868    1.971871
    2.006837    2.006839    2.261745    2.290827    2.653579    2.686758    2.802118    2.802119
    2.843474    2.843475    3.322319    3.348573
at   0.09140  -0.09140   0.09140    0.002833
   52 eigenvalues :
   -2.813409   -2.728468   -1.584623   -1.568483   -1.540686   -1.485086   -1.469053   -1.457300
    0.097487    0.119640    0.324094    0.324180    0.331703    0.370311    0.387529    0.396069
    0.396476    0.404973    0.444931    0.465305    1.202327    1.220774    1.274941    1.274944
    1.294286    1.294289    1.361446    1.386963    1.497380    1.497393    1.536111    1.536116
    1.696593    1.710924    1.796825    1.826996    1.835368    1.871608    1.982833    1.982836
    2.017623    2.017625    2.258010    2.287437    2.653758    2.686174    2.814119    2.814120
    2.855536    2.855536    3.311412    3.338290
at   0.09677  -0.09677   0.09677    0.002833
   52 eigenvalues :
   -2.813353   -2.728410   -1.584757   -1.568584   -1.540831   -1.485234   -1.469161   -1.457456
    0.100441    0.122620    0.324152    0.324223    0.332530    0.368841    0.388041    0.396037
    0.396477    0.405863    0.443190    0.465910    1.196239    1.215080    1.272767    1.272771
    1.293023    1.293028    1.349666    1.375132    1.491940    1.491952    1.529916    1.529921
    1.709657    1.723902    1.806842    1.833828    1.836884    1.870006    1.993783    1.993785
    2.028394    2.028396    2.253101    2.282863    2.655305    2.686960    2.826683    2.826683
    2.868146    2.868147    3.300924    3.328432
at   0.10215  -0.10215   0.10215    0.002833
   52 eigenvalues :
   -2.813295   -2.728348   -1.584898   -1.568690   -1.540982   -1.485388   -1.469275   -1.457618
    0.103550    0.125757    0.324224    0.324283    0.333404    0.367293    0.388574    0.396019
    0.396497    0.406803    0.441360    0.466540    1.190167    1.209409    1.270068    1.270075
    1.291314    1.291322    1.338136    1.363542    1.487395    1.487405    1.524537    1.524542
    1.723106    1.737272    1.816906    1.832233    1.846812    1.868345    2.005174    2.005176
    2.039597    2.039598    2.247459    2.277513    2.658968    2.689878    2.840232    2.840233
    2.881711    2.881711    3.291785    3.319852
at   0.10753  -0.10753   0.10753    0.002833
   52 eigenvalues :
   -2.813235   -2.728284   -1.585044   -1.568800   -1.541140   -1.485549   -1.469394   -1.457787
    0.106802    0.129043    0.324313    0.324361    0.334321    0.365672    0.389126    0.396018
    0.396538    0.407791    0.439447    0.467190    1.184138    1.203789    1.266616    1.266624
    1.288938    1.288951    1.326735    1.352072    1.483652    1.483661    1.519872    1.519876
    1.736898    1.750992    1.826327    1.830590    1.856120    1.866632    2.016060    2.016062
    2.050312    2.050314    2.240044    2.270386    2.663427    2.693602    2.853880    2.853880
    2.895366    2.895367    3.282174    3.310893
at   0.11290  -0.11290   0.11290    0.002833
   52 eigenvalues :
   -2.813172   -2.728217   -1.585196   -1.568916   -1.541303   -1.485715   -1.469519   -1.457962
    0.110189    0.132467    0.324421    0.324460    0.335279    0.363983    0.389693    0.396037
    0.396604    0.408823    0.437457    0.467858    1.178180    1.198244    1.262475    1.262488
    1.285928    1.285949    1.315575    1.340834    1.480855    1.480863    1.516096    1.516099
    1.750989    1.765019    1.828908    1.835417    1.864878    1.865105    2.026881    2.026884
    2.060968    2.060970    2.231373    2.261969    2.669347    2.698811    2.867944    2.867944
    2.909411    2.909412    3.273133    3.302508
at   0.11828  -0.11828   0.11828    0.002833
   52 eigenvalues :
   -2.813107   -2.728148   -1.585353   -1.569036   -1.541471   -1.485887   -1.469648   -1.458143
    0.113718    0.136039    0.324550    0.324581    0.336281    0.362222    0.390277    0.396078
    0.396700    0.409901    0.435385    0.468545    1.172282    1.192766    1.257622    1.257639
    1.282236    1.282273    1.304625    1.329794    1.479018    1.479024    1.513241    1.513244
    1.765416    1.779389    1.827186    1.844213    1.863078    1.873803    2.037669    2.037671
    2.071596    2.071598    2.221449    2.252261    2.676700    2.705478    2.882411    2.882412
    2.923827    2.923827    3.264675    3.294714
at   0.12366  -0.12366   0.12366    0.002833
   52 eigenvalues :
   -2.813040   -2.728077   -1.585515   -1.569161   -1.541645   -1.486065   -1.469783   -1.458328
    0.117378    0.139747    0.324703    0.324726    0.337322    0.360394    0.390875    0.396143
    0.396830    0.411024    0.433237    0.469249    1.166466    1.187376    1.252072    1.252096
    1.277844    1.277910    1.293917    1.318981    1.478147    1.478152    1.511342    1.511345
    1.780141    1.794063    1.825431    1.852704    1.861244    1.882204    2.048395    2.048398
    2.082168    2.082171    2.210348    2.241335    2.685389    2.713508    2.897179    2.897179
    2.938501    2.938502    3.256865    3.287578
at   0.12903  -0.12903   0.12903    0.002833
   52 eigenvalues :
   -2.812971   -2.728003   -1.585681   -1.569290   -1.541823   -1.486247   -1.469923   -1.458518
    0.121157    0.143581    0.324882    0.324898    0.338400    0.358506    0.391485    0.396236
    0.396998    0.412187    0.431021    0.469968    1.160753    1.182093    1.245868    1.245899
    1.272748    1.272873    1.283495    1.308422    1.478224    1.478228    1.510407    1.510410
    1.795123    1.808998    1.823655    1.859381    1.860884    1.890301    2.059035    2.059038
    2.092663    2.092666    2.198169    2.229292    2.695280    2.722766    2.912124    2.912125
    2.953304    2.953304    3.249767    3.281163
at   0.13441  -0.13441   0.13441    0.002833
   52 eigenvalues :
   -2.812899   -2.727927   -1.585851   -1.569424   -1.542005   -1.486434   -1.470068   -1.458713
    0.125063    0.147550    0.325090    0.325099    0.339518    0.356552    0.392106    0.396358
    0.397209    0.413393    0.428731    0.470703    1.155175    1.176948    1.239289    1.239328
    1.267130    1.267407    1.273397    1.298095    1.479257    1.479260    1.510483    1.510485
    1.810420    1.821801    1.824306    1.857490    1.868991    1.898332    2.070187    2.070190
    2.103659    2.103664    2.185372    2.216578    2.706287    2.733159    2.927950    2.927951
    2.968886    2.968887    3.244189    3.276273
at   0.13978  -0.13978   0.13978    0.002833
   52 eigenvalues :
   -2.812825   -2.727849   -1.586025   -1.569562   -1.542191   -1.486626   -1.470217   -1.458911
    0.129076    0.151634    0.325327    0.325330    0.340670    0.354542    0.392736    0.396511
    0.397469    0.414636    0.426378    0.471450    1.149666    1.171878    1.231899    1.231946
    1.260360    1.261087    1.263848    1.288020    1.481091    1.481094    1.511397    1.511399
    1.820016    1.825938    1.839759    1.855582    1.876623    1.905900    2.080637    2.080642
    2.113980    2.113987    2.171273    2.202537    2.718183    2.744461    2.942943    2.942944
    2.983595    2.983596    3.238637    3.271427
at   0.14516  -0.14516   0.14516    0.002833
   52 eigenvalues :
   -2.812750   -2.727769   -1.586203   -1.569703   -1.542381   -1.486821   -1.470371   -1.459114
    0.133203    0.155842    0.325594    0.325598    0.341859    0.352472    0.393373    0.396699
    0.397784    0.415921    0.423958    0.472212    1.144258    1.166914    1.223988    1.224043
    1.252168    1.254176    1.255357    1.278177    1.483741    1.483743    1.513195    1.513197
    1.818181    1.841740    1.853658    1.855539    1.884000    1.913224    2.091038    2.091045
    2.124251    2.124269    2.156333    2.187616    2.730864    2.756559    2.957752    2.957753
    2.998028    2.998029    3.233946    3.267174
at   0.15054  -0.15054   0.15054    0.002833
   52 eigenvalues :
   -2.812673   -2.727687   -1.586383   -1.569849   -1.542574   -1.487020   -1.470528   -1.459320
    0.137431    0.160161    0.325893    0.325903    0.343082    0.350348    0.394015    0.396924
    0.398162    0.417243    0.421478    0.472988    1.138967    1.162070    1.215632    1.215693
    1.243085    1.246739    1.247481    1.268590    1.487145    1.487148    1.515824    1.515826
    1.816337    1.851698    1.857816    1.871576    1.891120    1.920301    2.101365    2.101379
    2.134335    2.134487    2.140794    2.171939    2.744130    2.769253    2.972158    2.972159
    3.011950    3.011951    3.220046    3.246341
at   0.15591  -0.15591   0.15591    0.002833
   52 eigenvalues :
   -2.812595   -2.727604   -1.586567   -1.569998   -1.542769   -1.487222   -1.470690   -1.459529
    0.141742    0.164577    0.326227    0.326244    0.344335    0.348177    0.394659    0.397186
    0.398607    0.418598    0.418947    0.473777    1.133806    1.157357    1.206911    1.206976
    1.233963    1.238852    1.239463    1.259279    1.491239    1.491241    1.519223    1.519224
    1.814492    1.849766    1.874074    1.887833    1.897978    1.927131    2.111556    2.111625
    2.124305    2.144570    2.144730    2.155683    2.757771    2.782331    2.985912    2.985912
    3.025095    3.025095    3.199773    3.225679
at   0.16129  -0.16129   0.16129    0.002833
   52 eigenvalues :
   -2.812515   -2.727519   -1.586753   -1.570152   -1.542968   -1.487427   -1.470857   -1.459741
    0.146146    0.169099    0.326599    0.326625    0.345621    0.345955    0.395307    0.397490
    0.399127    0.416358    0.419990    0.474582    1.128757    1.152761    1.197850    1.197917
    1.224986    1.230546    1.231116    1.250214    1.495983    1.495985    1.523349    1.523350
    1.812645    1.847820    1.890609    1.904362    1.904611    1.933751    2.107238    2.121794
    2.121950    2.138589    2.154823    2.154870    2.771649    2.795654    2.998812    2.998813
    3.037245    3.037245    3.179575    3.205129
at   0.16667  -0.16667   0.16667    0.002833
   52 eigenvalues :
   -2.812433   -2.727433   -1.586941   -1.570308   -1.543169   -1.487635   -1.471027   -1.459955
    0.150625    0.173711    0.327010    0.327046    0.343688    0.346937    0.395959    0.397834
    0.399729    0.413722    0.421415    0.475405    1.123834    1.148293    1.188518    1.188584
    1.216225    1.221891    1.222463    1.241415    1.501319    1.501321    1.528141    1.528143
    1.810804    1.845877    1.907376    1.911012    1.921130    1.940160    2.089889    2.120965
    2.132053    2.132135    2.164891    2.164903    2.785546    2.809007    3.010557    3.010558
    3.048091    3.048091    3.159512    3.184743
at   0.17204  -0.17204   0.17204    0.002833
   52 eigenvalues :
   -2.812350   -2.727345   -1.587131   -1.570467   -1.543371   -1.487844   -1.471200   -1.460170
    0.155159    0.178398    0.327459    0.327509    0.341386    0.348279    0.396617    0.398220
    0.400415    0.411048    0.422869    0.476245    1.119047    1.143961    1.178981    1.179045
    1.207704    1.212957    1.213565    1.232904    1.507190    1.507191    1.533539    1.533540
    1.808976    1.843944    1.917173    1.924338    1.938098    1.946357    2.072104    2.103155
    2.142126    2.142140    2.174903    2.174908    2.799245    2.822179    3.020847    3.020848
    3.057340    3.057340    3.139635    3.164572
at   0.17742  -0.17742   0.17742    0.002833
   52 eigenvalues :
   -2.812266   -2.727256   -1.587322   -1.570630   -1.543575   -1.488056   -1.471377   -1.460388
    0.159756    0.183168    0.327947    0.328018    0.339046    0.349649    0.397286    0.398647
    0.401190    0.408336    0.424356    0.477108    1.114379    1.139750    1.169246    1.169305
    1.199380    1.203759    1.204456    1.224653    1.513575    1.513576    1.539514    1.539515
    1.807159    1.842019    1.923115    1.941554    1.952374    1.955324    2.053930    2.084853
    2.152175    2.152181    2.184895    2.184898    2.812612    2.835043    3.029459    3.029460
    3.064787    3.064787    3.119884    3.144549
at   0.18280  -0.18280   0.18280    0.002833
   52 eigenvalues :
   -2.812181   -2.727166   -1.587515   -1.570796   -1.543781   -1.488268   -1.471558   -1.460607
    0.164396    0.188003    0.328467    0.328572    0.336683    0.351045    0.397973    0.399101
    0.402057    0.405607    0.425870    0.477996    1.109841    1.135668    1.159366    1.159421
    1.191208    1.194355    1.195259    1.216683    1.520428    1.520429    1.546013    1.546014
    1.805361    1.840111    1.928809    1.958205    1.958988    1.972774    2.035486    2.066216
    2.162180    2.162184    2.194853    2.194855    2.825447    2.847410    3.036167    3.036168
    3.070245    3.070245    3.100310    3.124724
at   0.18817  -0.18817   0.18817    0.002833
   52 eigenvalues :
   -2.812096   -2.727075   -1.587708   -1.570963   -1.543987   -1.488481   -1.471741   -1.460826
    0.169057    0.192884    0.328994    0.329173    0.334329    0.352461    0.398682    0.399515
    0.402939    0.403018    0.427409    0.478913    1.105439    1.131722    1.149393    1.149443
    1.182993    1.184801    1.186242    1.209013    1.527701    1.527703    1.552986    1.552987
    1.803588    1.838226    1.934193    1.963839    1.976602    1.990410    2.016919    2.047346
    2.172127    2.172129    2.204762    2.204763    2.837576    2.859116    3.040842    3.040843
    3.073642    3.073642    3.080958    3.105139
at   0.19355  -0.19355   0.19355    0.002833
   52 eigenvalues :
   -2.812009   -2.726983   -1.587902   -1.571134   -1.544194   -1.488696   -1.471928   -1.461047
    0.173742    0.197820    0.329393    0.329825    0.332119    0.353901    0.399144    0.399423
    0.401075    0.404080    0.428976    0.479866    1.101159    1.127896    1.139318    1.139366
    1.174245    1.175094    1.177869    1.201618    1.535394    1.535395    1.560422    1.560423
    1.801839    1.836362    1.939131    1.969274    1.994458    1.998369    2.008293    2.028253
    2.182056    2.182057    2.214662    2.214663    2.848918    2.870090    3.043490    3.043491
    3.061766    3.075031    3.075032    3.085728
at   0.19892  -0.19892   0.19892    0.002833
   52 eigenvalues :
   -2.811922   -2.726890   -1.588096   -1.571307   -1.544401   -1.488910   -1.472117   -1.461267
    0.178421    0.202780    0.328641    0.330526    0.331086    0.355358    0.396766    0.400200
    0.401251    0.405246    0.430563    0.480859    1.097015    1.124196    1.129203    1.129257
    1.164878    1.165299    1.170320    1.194529    1.543452    1.543453    1.568263    1.568264
    1.800123    1.834530    1.943039    1.974372    1.980520    2.009176    2.012488    2.026355
    2.191933    2.191934    2.224521    2.224522    2.859338    2.880208    3.042812    3.044193
    3.044194    3.066571    3.074548    3.074549
at   0.20430  -0.20430   0.20430    0.002833
   52 eigenvalues :
   -2.811834   -2.726797   -1.588290   -1.571482   -1.544608   -1.489124   -1.472309   -1.461488
    0.183094    0.207771    0.326453    0.331281    0.331513    0.356835    0.393965    0.401020
    0.401882    0.406529    0.432174    0.481904    1.092992    1.118997    1.119032    1.120712
    1.155167    1.155407    1.163285    1.187722    1.551882    1.551884    1.576513    1.576514
    1.798437    1.832725    1.943095    1.966186    1.978014    1.991226    2.030754    2.044658
    2.201798    2.201799    2.234378    2.234378    2.868822    2.889459    3.024035    3.043132
    3.043132    3.047602    3.072400    3.072400
at   0.20968  -0.20968   0.20968    0.002833
   52 eigenvalues :
   -2.811745   -2.726703   -1.588484   -1.571660   -1.544815   -1.489338   -1.472503   -1.461708
    0.187737    0.212771    0.324000    0.332089    0.332237    0.358327    0.391090    0.401887
    0.402628    0.407935    0.433806    0.483006    1.089095    1.108844    1.108854    1.117217
    1.145306    1.145458    1.156625    1.181210    1.560651    1.560652    1.585130    1.585131
    1.796788    1.830956    1.932323    1.962411    1.967598    1.987074    2.049220    2.063167
    2.211636    2.211636    2.244217    2.244218    2.877333    2.897809    3.005474    3.028862
    3.040533    3.040534    3.068828    3.068829
at   0.21505  -0.21505   0.21505    0.002833
   52 eigenvalues :
   -2.811656   -2.726609   -1.588678   -1.571842   -1.545024   -1.489554   -1.472704   -1.461930
    0.192323    0.217757    0.321485    0.332950    0.333061    0.359827    0.388190    0.402802
    0.403449    0.409475    0.435452    0.484174    1.085124    1.098540    1.098549    1.113703
    1.135257    1.135360    1.150281    1.174991    1.569670    1.569671    1.594035    1.594036
    1.794827    1.828876    1.914844    1.948555    1.965056    1.991267    2.067563    2.081578
    2.220543    2.220543    2.253146    2.253147    2.884864    2.905250    2.987126    3.010344
    3.036069    3.036070    3.063593    3.063594
at   0.22043  -0.22043   0.22043    0.002833
   52 eigenvalues :
   -2.811567   -2.726514   -1.588871   -1.572023   -1.545229   -1.489766   -1.472902   -1.462148
    0.196851    0.222733    0.318934    0.333869    0.333960    0.361338    0.385272    0.403773
    0.404341    0.411168    0.437118    0.485423    1.081463    1.088376    1.088376    1.110491
    1.125287    1.125364    1.144249    1.169077    1.579053    1.579054    1.603319    1.603320
    1.793253    1.827178    1.895979    1.929071    1.969590    1.996400    2.086416    2.100485
    2.230378    2.230378    2.263001    2.263001    2.891691    2.912044    2.969027    2.992084
    3.031261    3.031262    3.058016    3.058017
at   0.22581  -0.22581   0.22581    0.002833
   52 eigenvalues :
   -2.811478   -2.726420   -1.589063   -1.572205   -1.545434   -1.489978   -1.473103   -1.462366
    0.201293    0.227674    0.316363    0.334844    0.334924    0.362850    0.382352    0.404800
    0.405302    0.413026    0.438799    0.486763    1.077730    1.078229    1.078431    1.107394
    1.115304    1.115372    1.138506    1.163458    1.588725    1.588727    1.612912    1.612914
    1.791725    1.825525    1.876421    1.909173    1.974000    2.001160    2.105460    2.119589
    2.240189    2.240190    2.272842    2.272842    2.897511    2.917891    2.951160    2.974064
    3.025613    3.025614    3.051692    3.051692
at   0.23118  -0.23118   0.23118    0.002833
   52 eigenvalues :
   -2.811389   -2.726325   -1.589253   -1.572389   -1.545636   -1.490187   -1.473304   -1.462582
    0.205621    0.232554    0.313783    0.335875    0.335947    0.364347    0.379451    0.405883
    0.406327    0.415063    0.440489    0.488206    1.068108    1.068137    1.074559    1.104288
    1.105344    1.105540    1.133059    1.158143    1.598655    1.598656    1.622781    1.622783
    1.790248    1.823922    1.856658    1.889220    1.978502    2.005875    2.124658    2.138852
    2.249960    2.249960    2.282651    2.282651    2.902584    2.923037    2.933564    2.956323
    3.019335    3.019336    3.044815    3.044815
at   0.23656  -0.23656   0.23656    0.002833
   52 eigenvalues :
   -2.811299   -2.726231   -1.589441   -1.572574   -1.545838   -1.490396   -1.473508   -1.462797
    0.209831    0.237375    0.311191    0.336965    0.337034    0.365806    0.376592    0.407028
    0.407421    0.417303    0.442194    0.489770    1.058055    1.058074    1.071259    1.095376
    1.095384    1.101629    1.127881    1.153111    1.608866    1.608868    1.632947    1.632949
    1.788820    1.822367    1.836733    1.869185    1.983026    2.010542    2.144078    2.158342
    2.259725    2.259725    2.292464    2.292464    2.907026    2.916177    2.927586    2.938798
    3.012572    3.012573    3.037514    3.037514
at   0.24194  -0.24194   0.24194    0.002833
   52 eigenvalues :
   -2.811210   -2.726136   -1.589628   -1.572759   -1.546038   -1.490602   -1.473712   -1.463010
    0.213895    0.242109    0.308594    0.338114    0.338181    0.367122    0.373884    0.408235
    0.408584    0.419761    0.443907    0.491471    1.048052    1.048067    1.068081    1.085454
    1.085456    1.098872    1.122981    1.148370    1.619331    1.619333    1.643380    1.643383
    1.787445    1.816743    1.820863    1.849134    1.987527    2.015148    2.163681    2.178022
    2.269464    2.269464    2.302259    2.302259    2.899037    2.910923    2.921526    2.931617
    3.005475    3.005476    3.029931    3.029931
at   0.24731  -0.24731   0.24731    0.002833
   52 eigenvalues :
   -2.811122   -2.726043   -1.589813   -1.572945   -1.546235   -1.490805   -1.473917   -1.463220
    0.217785    0.246731    0.306001    0.339319    0.339386    0.367785    0.371841    0.409503
    0.409812    0.422449    0.445623    0.493321    1.038130    1.038142    1.065022    1.075582
    1.075590    1.096242    1.118361    1.143923    1.630017    1.630020    1.654047    1.654050
    1.786128    1.796763    1.819417    1.829127    1.991982    2.019686    2.183428    2.197852
    2.279156    2.279156    2.312016    2.312016    2.882179    2.904542    2.914366    2.935211
    2.998179    2.998180    3.022187    3.022188
at   0.25269  -0.25269   0.25269    0.002833
   52 eigenvalues :
   -2.811034   -2.725949   -1.589996   -1.573132   -1.546430   -1.491006   -1.474123   -1.463428
    0.221497    0.251237    0.303406    0.340584    0.340654    0.366461    0.371796    0.410836
    0.411111    0.425397    0.447349    0.495345    1.028261    1.028271    1.062045    1.065741
    1.065781    1.093717    1.114000    1.139751    1.640955    1.640960    1.664975    1.664980
    1.776749    1.784866    1.809110    1.818024    1.996404    2.024174    2.203390    2.217904
    2.288833    2.288833    2.321766    2.321766    2.865544    2.887786    2.917456    2.938462
    2.990754    2.990755    3.014346    3.014346
at   0.25806  -0.25806   0.25806    0.002833
   52 eigenvalues :
   -2.810946   -2.725856   -1.590176   -1.573319   -1.546623   -1.491204   -1.474329   -1.463633
    0.224999    0.255594    0.300823    0.341905    0.341980    0.363940    0.372965    0.412232
    0.412476    0.428610    0.449073    0.497553    1.018487    1.018496    1.055917    1.055976
    1.059316    1.091303    1.109909    1.135864    1.652093    1.652101    1.676112    1.676121
    1.756797    1.783665    1.789174    1.816692    2.000773    2.028601    2.223491    2.238101
    2.298454    2.298454    2.331467    2.331467    2.849198    2.871324    2.920263    2.941433
    2.983311    2.983312    3.006511    3.006511
at   0.26344  -0.26344   0.26344    0.002833
   52 eigenvalues :
   -2.810859   -2.725764   -1.590353   -1.573506   -1.546813   -1.491400   -1.474535   -1.463836
    0.228288    0.259798    0.298243    0.343285    0.343369    0.361167    0.374403    0.413695
    0.413913    0.432115    0.450803    0.499973    1.008780    1.008787    1.046236    1.046258
    1.056555    1.088986    1.106068    1.132242    1.663462    1.663475    1.687483    1.687502
    1.736863    1.769263    1.782522    1.815417    2.005108    2.032986    2.243801    2.258514
    2.308047    2.308047    2.341148    2.341148    2.833083    2.855099    2.922871    2.944204
    2.975893    2.975896    2.998719    2.998720
at   0.26882  -0.26882   0.26882    0.002833
   52 eigenvalues :
   -2.810772   -2.725672   -1.590528   -1.573693   -1.547000   -1.491592   -1.474742   -1.464035
    0.231344    0.263824    0.295677    0.344717    0.344817    0.358341    0.375915    0.415224
    0.415419    0.435921    0.452531    0.502618    0.999161    0.999168    1.036597    1.036612
    1.053928    1.086770    1.102479    1.128886    1.675020    1.675051    1.699005    1.699087
    1.717063    1.749436    1.781440    1.814204    2.009402    2.037326    2.264280    2.279105
    2.317586    2.317586    2.350781    2.350781    2.817235    2.839144    2.925339    2.946829
    2.968576    2.968580    2.991042    2.991043
at   0.27419  -0.27419   0.27419    0.002833
   52 eigenvalues :
   -2.810687   -2.725582   -1.590699   -1.573879   -1.547183   -1.491780   -1.474948   -1.464231
    0.234148    0.267647    0.293130    0.346191    0.346322    0.355527    0.377453    0.416816
    0.416991    0.440032    0.454253    0.505502    0.989656    0.989662    1.027051    1.027061
    1.051414    1.084654    1.099140    1.125796    1.686581    1.686787    1.697178    1.710800
    1.711076    1.729800    1.780423    1.813054    2.013650    2.041617    2.284888    2.299832
    2.327044    2.327044    2.360337    2.360338    2.801686    2.823493    2.927718    2.949355
    2.961427    2.961434    2.983543    2.983544
at   0.27957  -0.27957   0.27957    0.002833
   52 eigenvalues :
   -2.810602   -2.725492   -1.590868   -1.574065   -1.547364   -1.491966   -1.475154   -1.464424
    0.236705    0.271265    0.290598    0.347669    0.347889    0.352772    0.379003    0.418476
    0.418635    0.444472    0.455974    0.508652    0.980232    0.980238    1.017568    1.017577
    1.048997    1.082629    1.096032    1.122950    1.677137    1.698585    1.698953    1.710021
    1.722965    1.723082    1.779466    1.811966    2.017871    2.045878    2.305696    2.320768
    2.336443    2.336443    2.369840    2.369840    2.786381    2.808089    2.930067    2.951811
    2.954466    2.954506    2.976240    2.976242
at   0.28495  -0.28495   0.28495    0.002833
   52 eigenvalues :
   -2.810518   -2.725403   -1.591033   -1.574250   -1.547541   -1.492147   -1.475358   -1.464613
    0.239002    0.274657    0.288087    0.348650    0.349513    0.350592    0.380556    0.420203
    0.420347    0.449240    0.457687    0.512078    0.970913    0.970918    1.008174    1.008181
    1.046679    1.080695    1.093154    1.120349    1.657574    1.690202    1.711033    1.711110
    1.735133    1.735153    1.778574    1.810942    2.022060    2.050107    2.326664    2.341874
    2.345752    2.345752    2.379256    2.379256    2.771354    2.792968    2.932423    2.947729
    2.947751    2.954355    2.969189    2.969193
at   0.29032  -0.29032   0.29032    0.002833
   52 eigenvalues :
   -2.810435   -2.725316   -1.591194   -1.574434   -1.547714   -1.492325   -1.475562   -1.464798
    0.241034    0.277806    0.285605    0.346759    0.351191    0.351369    0.382102    0.421991
    0.422123    0.454329    0.459389    0.515787    0.961720    0.961725    0.998890    0.998896
    1.044462    1.078853    1.090502    1.117985    1.638086    1.670888    1.723320    1.723339
    1.747468    1.747476    1.777747    1.809984    2.026212    2.054297    2.347747    2.354938
    2.354938    2.363105    2.388550    2.388550    2.756636    2.778158    2.934812    2.941320
    2.941339    2.956845    2.962443    2.962456
at   0.29570  -0.29570   0.29570    0.002833
   52 eigenvalues :
   -2.810353   -2.725229   -1.591353   -1.574618   -1.547885   -1.492499   -1.475766   -1.464980
    0.242809    0.280713    0.283146    0.344096    0.352928    0.353000    0.383645    0.423848
    0.423969    0.459757    0.461083    0.519804    0.952587    0.952591    0.989650    0.989655
    1.042334    1.077093    1.088007    1.115792    1.618649    1.651581    1.735720    1.735728
    1.759920    1.759924    1.776856    1.808962    2.029942    2.058068    2.363717    2.363717
    2.369021    2.384537    2.397443    2.397443    2.741977    2.763420    2.935117    2.935169
    2.936628    2.955942    2.955976    2.958735
at   0.30108  -0.30108   0.30108    0.002833
   52 eigenvalues :
   -2.810273   -2.725144   -1.591507   -1.574799   -1.548051   -1.492669   -1.475967   -1.465157
    0.244328    0.280716    0.283366    0.341399    0.354719    0.354755    0.385177    0.425768
    0.425881    0.462762    0.465516    0.524132    0.943609    0.943612    0.980551    0.980555
    1.040298    1.075416    1.085763    1.113859    1.599356    1.632418    1.748357    1.748362
    1.772604    1.772606    1.776149    1.808123    2.034070    2.062232    2.372663    2.372663
    2.390439    2.406125    2.406495    2.406496    2.727826    2.749182    2.929432    2.929437
    2.939181    2.949914    2.949927    2.961387
at   0.30645  -0.30645   0.30645    0.002833
   52 eigenvalues :
   -2.810194   -2.725060   -1.591658   -1.574978   -1.548213   -1.492834   -1.476166   -1.465330
    0.245595    0.278324    0.285756    0.338727    0.356559    0.356577    0.386694    0.427748
    0.427853    0.464424    0.471586    0.528768    0.934769    0.934772    0.971575    0.971579
    1.038353    1.073823    1.083715    1.112132    1.580237    1.613437    1.761120    1.761123
    1.775502    1.785417    1.785420    1.807350    2.038172    2.066369    2.381425    2.381425
    2.411957    2.415358    2.415358    2.427829    2.713992    2.735267    2.924108    2.924110
    2.941868    2.944280    2.944310    2.964143
at   0.31183  -0.31183   0.31183    0.002833
   52 eigenvalues :
   -2.810116   -2.724978   -1.591805   -1.575156   -1.548370   -1.492996   -1.476364   -1.465499
    0.246625    0.275963    0.287892    0.336084    0.358453    0.358460    0.388199    0.429792
    0.429891    0.466073    0.477984    0.533734    0.926039    0.926042    0.962694    0.962697
    1.036491    1.072304    1.081845    1.110593    1.561234    1.594581    1.774043    1.774046
    1.774926    1.798396    1.798399    1.806640    2.042266    2.070499    2.390011    2.390011
    2.424038    2.424038    2.433648    2.449720    2.700430    2.721625    2.919203    2.919204
    2.939066    2.939074    2.944742    2.966998
at   0.31720  -0.31720   0.31720    0.002833
   52 eigenvalues :
   -2.810040   -2.724898   -1.591947   -1.575330   -1.548523   -1.493152   -1.476558   -1.465662
    0.247424    0.273644    0.289767    0.333487    0.360391    0.360393    0.389685    0.431893
    0.431987    0.467699    0.484675    0.539010    0.917565    0.917568    0.954057    0.954059
    1.035033    1.071169    1.080150    1.109236    1.542430    1.575934    1.774428    1.787317
    1.787319    1.806019    1.811706    1.811706    2.046517    2.074783    2.398364    2.398364
    2.432475    2.432475    2.455426    2.471714    2.687193    2.708311    2.916349    2.916349
    2.935919    2.935921    2.948343    2.970536
at   0.32258  -0.32258   0.32258    0.002833
   52 eigenvalues :
   -2.809965   -2.724818   -1.592086   -1.575504   -1.548672   -1.493305   -1.476751   -1.465821
    0.248009    0.271361    0.291394    0.330930    0.362373    0.362381    0.391154    0.434055
    0.434144    0.469307    0.491674    0.544614    0.909092    0.909095    0.945404    0.945406
    1.033328    1.069790    1.078608    1.108040    1.523765    1.557434    1.773973    1.800508
    1.800511    1.805439    1.824957    1.824957    2.050606    2.078908    2.406476    2.406476
    2.440657    2.440657    2.477360    2.493883    2.674238    2.695282    2.912444    2.912444
    2.931738    2.931739    2.951420    2.973534
at   0.32796  -0.32796   0.32796    0.002833
   52 eigenvalues :
   -2.809892   -2.724741   -1.592221   -1.575675   -1.548817   -1.493453   -1.476941   -1.465976
    0.248391    0.269121    0.292775    0.328422    0.364401    0.364413    0.392602    0.436272
    0.436358    0.470892    0.498955    0.550532    0.900757    0.900760    0.936876    0.936878
    1.031701    1.068481    1.077211    1.106994    1.505286    1.539131    1.773578    1.804918
    1.813811    1.813812    1.838320    1.838321    2.054688    2.083025    2.414312    2.414312
    2.448543    2.448543    2.499404    2.516183    2.661593    2.682565    2.909074    2.909074
    2.928110    2.928110    2.954538    2.976489
at   0.33333  -0.33333   0.33333    0.002833
   52 eigenvalues :
   -2.809820   -2.724665   -1.592352   -1.575842   -1.548958   -1.493597   -1.477128   -1.466125
    0.248586    0.266930    0.293918    0.325970    0.366465    0.366481    0.394025    0.438537
    0.438621    0.472449    0.506492    0.556743    0.892582    0.892584    0.928493    0.928495
    1.030154    1.067242    1.075948    1.106087    1.487042    1.521072    1.773242    1.804460
    1.827186    1.827187    1.851761    1.851762    2.058756    2.087128    2.421824    2.421824
    2.456081    2.456081    2.521505    2.538563    2.649285    2.670189    2.906281    2.906281
    2.925080    2.925081    2.957549    2.979214
at   0.33871  -0.33871   0.33871    0.002833
   52 eigenvalues :
   -2.809751   -2.724592   -1.592479   -1.576008   -1.549094   -1.493736   -1.477312   -1.466271
    0.248610    0.264782    0.294840    0.323568    0.368571    0.368591    0.395427    0.440856
    0.440939    0.473983    0.514297    0.563262    0.884539    0.884542    0.920228    0.920230
    1.028678    1.066065    1.074799    1.105297    1.468977    1.503202    1.772962    1.804058
    1.840672    1.840673    1.865318    1.865318    2.062826    2.091235    2.429005    2.429005
    2.463260    2.463260    2.543732    2.561097    2.637274    2.658112    2.904090    2.904091
    2.922680    2.922681    2.960073    2.981279
at   0.34409  -0.34409   0.34409    0.002833
   52 eigenvalues :
   -2.809682   -2.724520   -1.592603   -1.576172   -1.549227   -1.493872   -1.477494   -1.466412
    0.248477    0.262684    0.295550    0.321223    0.370710    0.370733    0.396801    0.443222
    0.443303    0.475487    0.522339    0.570063    0.876625    0.876628    0.912078    0.912080
    1.027270    1.064947    1.073612    1.104475    1.451072    1.485511    1.772737    1.803714
    1.854040    1.854041    1.878770    1.878771    2.066355    2.094807    2.435650    2.435650
    2.469870    2.469870    2.566021    2.583725    2.625587    2.646361    2.902483    2.902484
    2.920888    2.920889    2.960353    2.981079
at   0.34946  -0.34946   0.34946    0.002833
   52 eigenvalues :
   -2.809616   -2.724450   -1.592723   -1.576333   -1.549354   -1.494002   -1.477672   -1.466547
    0.248204    0.260642    0.296064    0.318942    0.372875    0.372902    0.398145    0.445626
    0.445706    0.476958    0.530593    0.577123    0.868909    0.868912    0.904112    0.904115
    1.025937    1.063895    1.072642    1.103868    1.433512    1.468165    1.772565    1.803425
    1.867620    1.867621    1.892430    1.892431    2.070429    2.098917    2.442041    2.442042
    2.476187    2.476187    2.588328    2.606403    2.614250    2.634962    2.901593    2.901595
    2.919857    2.919860    2.955603    2.977002
at   0.35484  -0.35484   0.35484    0.002833
   52 eigenvalues :
   -2.809552   -2.724382   -1.592839   -1.576489   -1.549477   -1.494128   -1.477846   -1.466678
    0.247806    0.258649    0.296398    0.316718    0.375070    0.375100    0.399462    0.448072
    0.448153    0.478399    0.539071    0.584452    0.861342    0.861345    0.896282    0.896284
    1.024670    1.062898    1.071737    1.103327    1.416178    1.451057    1.772442    1.803189
    1.881273    1.881274    1.906166    1.906167    2.074507    2.103033    2.447992    2.447992
    2.482018    2.482019    2.603225    2.610706    2.623878    2.629195    2.901407    2.901410
    2.919573    2.919580    2.942201    2.965946
at   0.36022  -0.36022   0.36022    0.002833
   52 eigenvalues :
   -2.809490   -2.724316   -1.592949   -1.576641   -1.549595   -1.494249   -1.478015   -1.466804
    0.247298    0.256712    0.296565    0.314557    0.377285    0.377318    0.400746    0.450553
    0.450633    0.479804    0.547740    0.592017    0.853945    0.853948    0.888607    0.888609
    1.023467    1.061958    1.070860    1.102814    1.398993    1.434111    1.771738    1.802376
    1.894845    1.894846    1.919831    1.919832    2.078570    2.107136    2.453427    2.453427
    2.487282    2.487282    2.591662    2.612290    2.633088    2.652038    2.901935    2.901942
    2.920011    2.920066    2.924246    2.949644
at   0.36559  -0.36559   0.36559    0.002833
   52 eigenvalues :
   -2.809429   -2.724252   -1.593054   -1.576788   -1.549707   -1.494366   -1.478179   -1.466923
    0.246696    0.254836    0.296584    0.312467    0.379512    0.379548    0.401995    0.453057
    0.453139    0.481172    0.556571    0.599791    0.846736    0.846739    0.881108    0.881110
    1.022330    1.061073    1.070028    1.102344    1.382267    1.417631    1.771737    1.802265
    1.908519    1.908520    1.933600    1.933602    2.082634    2.111238    2.458363    2.458363
    2.491997    2.491997    2.581291    2.601866    2.655401    2.674867    2.903149    2.903250
    2.905574    2.921374    2.921412    2.931733
at   0.37097  -0.37097   0.37097    0.002833
   52 eigenvalues :
   -2.809371   -2.724191   -1.593156   -1.576931   -1.549815   -1.494478   -1.478339   -1.467038
    0.246011    0.253016    0.296469    0.310439    0.381752    0.381792    0.403213    0.455590
    0.455673    0.482504    0.565578    0.607782    0.839696    0.839699    0.873763    0.873766
    1.021252    1.060237    1.069199    1.101875    1.365830    1.401449    1.771778    1.802200
    1.922217    1.922218    1.947400    1.947401    2.086699    2.115343    2.462760    2.462760
    2.496115    2.496116    2.571250    2.591772    2.677690    2.697737    2.886627    2.905318
    2.905358    2.913224    2.923564    2.923579
at   0.37634  -0.37634   0.37634    0.002833
   52 eigenvalues :
   -2.809315   -2.724131   -1.593253   -1.577069   -1.549918   -1.494585   -1.478494   -1.467147
    0.245259    0.251261    0.296238    0.308485    0.383993    0.384037    0.404392    0.458135
    0.458219    0.483795    0.574711    0.615941    0.832855    0.832859    0.866607    0.866609
    1.020236    1.059453    1.068352    1.101386    1.349767    1.385652    1.771859    1.802177
    1.935868    1.935869    1.961160    1.961161    2.090747    2.119432    2.466579    2.466579
    2.499597    2.499597    2.561579    2.582052    2.699826    2.720529    2.868036    2.894740
    2.908218    2.908227    2.926571    2.926573
at   0.38172  -0.38172   0.38172    0.002833
   52 eigenvalues :
   -2.809260   -2.724074   -1.593346   -1.577203   -1.550017   -1.494688   -1.478644   -1.467251
    0.244451    0.249565    0.295903    0.306599    0.386235    0.386284    0.405535    0.460694
    0.460781    0.485047    0.583985    0.624278    0.826197    0.826201    0.859619    0.859622
    1.019275    1.058716    1.067458    1.100848    1.334048    1.370208    1.771976    1.802193
    1.949502    1.949504    1.974912    1.974913    2.094791    2.123517    2.469816    2.469816
    2.502437    2.502437    2.552249    2.572675    2.721836    2.743284    2.849747    2.876496
    2.911871    2.911874    2.930442    2.930443
at   0.38710  -0.38710   0.38710    0.002833
   52 eigenvalues :
   -2.809208   -2.724019   -1.593434   -1.577332   -1.550110   -1.494786   -1.478789   -1.467351
    0.243600    0.247934    0.295482    0.304785    0.388468    0.388523    0.406640    0.463257
    0.463347    0.486256    0.593365    0.632755    0.819740    0.819746    0.852822    0.852825
    1.018369    1.058024    1.066490    1.100233    1.318735    1.355180    1.772125    1.802246
    1.963071    1.963073    1.988607    1.988609    2.098816    2.127586    2.472455    2.472455
    2.504619    2.504620    2.543284    2.563664    2.743608    2.765906    2.831884    2.858606
    2.916297    2.916298    2.935166    2.935166
at   0.39247  -0.39247   0.39247    0.002833
   52 eigenvalues :
   -2.809159   -2.723966   -1.593519   -1.577457   -1.550199   -1.494879   -1.478928   -1.467445
    0.242719    0.246371    0.294988    0.303049    0.390681    0.390742    0.407702    0.465810
    0.465904    0.487419    0.602813    0.641333    0.813505    0.813511    0.846236    0.846239
    1.017520    1.057378    1.065418    1.099511    1.303891    1.340630    1.772304    1.802330
    1.976526    1.976528    2.002198    2.002200    2.102811    2.131626    2.474488    2.474488
    2.506141    2.506141    2.534704    2.555041    2.765019    2.788286    2.814540    2.841194
    2.921456    2.921457    2.940710    2.940710
at   0.39785  -0.39785   0.39785    0.002833
   52 eigenvalues :
   -2.809111   -2.723916   -1.593599   -1.577576   -1.550284   -1.494968   -1.479062   -1.467534
    0.241815    0.244873    0.294435    0.301385    0.392874    0.392941    0.408725    0.468355
    0.468454    0.488539    0.612342    0.650019    0.807476    0.807483    0.839845    0.839849
    1.016721    1.056773    1.064204    1.098648    1.289504    1.326543    1.772508    1.802444
    1.989888    1.989891    2.015707    2.015710    2.106783    2.135643    2.475929    2.475929
    2.507017    2.507017    2.526483    2.546779    2.786046    2.797695    2.810425    2.824255
    2.927322    2.927322    2.947061    2.947061
at   0.40323  -0.40323   0.40323    0.002833
   52 eigenvalues :
   -2.809066   -2.723868   -1.593675   -1.577690   -1.550364   -1.495053   -1.479190   -1.467618
    0.240900    0.243444    0.293835    0.299799    0.395035    0.395110    0.409705    0.470877
    0.470981    0.489612    0.621912    0.658771    0.801673    0.801682    0.833672    0.833677
    1.015973    1.056209    1.062815    1.097609    1.275646    1.312992    1.772733    1.802583
    2.003104    2.003107    2.029081    2.029085    2.110716    2.139623    2.476787    2.476787
    2.507261    2.507261    2.518643    2.538900    2.781422    2.806527    2.807872    2.832176
    2.933813    2.933814    2.954156    2.954156
at   0.40860  -0.40860   0.40860    0.002833
   52 eigenvalues :
   -2.809023   -2.723823   -1.593747   -1.577799   -1.550439   -1.495133   -1.479312   -1.467697
    0.239986    0.242087    0.293203    0.298294    0.397151    0.397236    0.410640    0.473361
    0.473472    0.490635    0.631479    0.667542    0.796115    0.796126    0.827738    0.827743
    1.015276    1.055685    1.061214    1.096361    1.262394    1.300049    1.772975    1.802743
    2.016114    2.016118    2.042262    2.042267    2.114592    2.143547    2.477081    2.477081
    2.506901    2.506901    2.511203    2.531423    2.765787    2.792115    2.826280    2.853374
    2.940816    2.940816    2.961903    2.961903
at   0.41398  -0.41398   0.41398    0.002833
   52 eigenvalues :
   -2.808982   -2.723780   -1.593814   -1.577903   -1.550507   -1.495207   -1.479428   -1.467770
    0.239079    0.240799    0.292549    0.296866    0.399221    0.399318    0.411533    0.475807
    0.475927    0.491610    0.641057    0.676338    0.790807    0.790821    0.822047    0.822054
    1.014675    1.055247    1.059644    1.095146    1.249848    1.287806    1.773231    1.802920
    2.029105    2.029110    2.055437    2.055445    2.118767    2.147774    2.478655    2.478655
    2.504164    2.507745    2.507746    2.524348    2.750785    2.776987    2.845675    2.874383
    2.948281    2.948281    2.970305    2.970305
at   0.41935  -0.41935   0.41935    0.002833
   52 eigenvalues :
   -2.808944   -2.723740   -1.593877   -1.578001   -1.550573   -1.495277   -1.479538   -1.467839
    0.238188    0.239585    0.291883    0.295522    0.401228    0.401338    0.412379    0.478193
    0.478323    0.492535    0.650563    0.685082    0.785744    0.785762    0.816599    0.816606
    1.014070    1.054796    1.057509    1.093377    1.237909    1.276174    1.773496    1.803111
    2.041620    2.041626    2.068151    2.068161    2.122474    2.151531    2.477941    2.477941
    2.497509    2.506309    2.506309    2.517660    2.736455    2.762523    2.863560    2.894079
    2.955857    2.955858    2.979065    2.979065
at   0.42473  -0.42473   0.42473    0.002833
   52 eigenvalues :
   -2.808908   -2.723701   -1.593937   -1.578093   -1.550635   -1.495344   -1.479642   -1.467904
    0.237319    0.238443    0.291214    0.294256    0.403169    0.403296    0.413181    0.480516
    0.480659    0.493410    0.660003    0.693769    0.780936    0.780960    0.811403    0.811412
    1.013509    1.054379    1.055042    1.091291    1.226704    1.265268    1.773766    1.803311
    2.053854    2.053863    2.080599    2.080613    2.126102    2.155207    2.476759    2.476759
    2.491244    2.504381    2.504382    2.511365    2.722806    2.748739    2.880258    2.912749
    2.963323    2.963323    2.988065    2.988065
at   0.43011  -0.43011   0.43011    0.002833
   52 eigenvalues :
   -2.808874   -2.723666   -1.593992   -1.578180   -1.550692   -1.495405   -1.479739   -1.467964
    0.236480    0.237376    0.290553    0.293074    0.405029    0.405177    0.413937    0.482758
    0.482917    0.494234    0.669318    0.702338    0.776403    0.776436    0.806482    0.806494
    1.012992    1.052221    1.053997    1.088869    1.216313    1.255163    1.774039    1.803518
    2.065734    2.065745    2.092705    2.092726    2.129629    2.158779    2.475160    2.475160
    2.485387    2.502023    2.502025    2.505480    2.709899    2.735695    2.895571    2.930135
    2.970245    2.970245    2.996998    2.996998
at   0.43548  -0.43548   0.43548    0.002833
   52 eigenvalues :
   -2.808843   -2.723633   -1.594043   -1.578260   -1.550745   -1.495462   -1.479830   -1.468019
    0.235680    0.236385    0.289909    0.291978    0.406795    0.406968    0.414646    0.484902
    0.485081    0.495005    0.678441    0.710722    0.772164    0.772210    0.801859    0.801875
    1.012519    1.049039    1.053649    1.086107    1.206804    1.245920    1.774308    1.803726
    2.077182    2.077197    2.104390    2.104423    2.133032    2.162222    2.473205    2.473205
    2.479954    2.499298    2.499305    2.500024    2.697786    2.723448    2.909345    2.946002
    2.976098    2.976099    3.005445    3.005446
at   0.44086  -0.44086   0.44086    0.002833
   52 eigenvalues :
   -2.808814   -2.723603   -1.594090   -1.578335   -1.550793   -1.495515   -1.479914   -1.468070
    0.234921    0.235469    0.289287    0.290965    0.408462    0.408667    0.415312    0.486941
    0.487145    0.495727    0.687351    0.718891    0.768214    0.768283    0.797530    0.797551
    1.012088    1.045490    1.053332    1.083003    1.198181    1.237541    1.774572    1.803933
    2.088181    2.088201    2.115629    2.115686    2.136314    2.165529    2.470948    2.470949
    2.474928    2.494963    2.496285    2.496289    2.686454    2.711985    2.921563    2.960244
    2.980401    2.980401    3.012914    3.012915
at   0.44624  -0.44624   0.44624    0.002833
   52 eigenvalues :
   -2.808788   -2.723575   -1.594133   -1.578404   -1.550837   -1.495563   -1.479991   -1.468116
    0.234210    0.234630    0.288697    0.290037    0.410013    0.410260    0.415935    0.488854
    0.489092    0.496399    0.695964    0.726755    0.764574    0.764682    0.793519    0.793546
    1.011698    1.041612    1.053047    1.079596    1.190485    1.230061    1.774826    1.804135
    2.098638    2.098666    2.126309    2.126422    2.139467    2.168674    2.468463    2.468465
    2.470325    2.490338    2.493048    2.493049    2.675959    2.701363    2.932194    2.972740
    2.982876    2.982876    3.018830    3.018830
at   0.45161  -0.45161   0.45161    0.002833
   52 eigenvalues :
   -2.808764   -2.723550   -1.594172   -1.578467   -1.550879   -1.495607   -1.480062   -1.468159
    0.233553    0.233869    0.288145    0.289196    0.411433    0.411733    0.416515    0.490620
    0.490902    0.497022    0.704189    0.734202    0.761259    0.761445    0.789842    0.789881
    1.011219    1.037410    1.052666    1.075889    1.183705    1.223467    1.774960    1.804222
    2.107833    2.107873    2.135629    2.135908    2.142538    2.171622    2.465335    2.465343
    2.466094    2.486084    2.489206    2.489208    2.665176    2.690443    2.940618    2.982618
    2.982619    2.982849    3.021858    3.021858
at   0.45699  -0.45699   0.45699    0.002833
   52 eigenvalues :
   -2.808743   -2.723527   -1.594207   -1.578523   -1.550914   -1.495646   -1.480125   -1.468196
    0.232954    0.233187    0.287635    0.288441    0.412716    0.413084    0.417059    0.492232
    0.492572    0.497601    0.711972    0.741110    0.758278    0.758649    0.786508    0.786564
    1.010904    1.033097    1.052436    1.072087    1.177845    1.217765    1.775188    1.804407
    2.117002    2.117060    2.143603    2.145373    2.146739    2.174365    2.462299    2.462536
    2.462563    2.482305    2.485695    2.485697    2.656454    2.681609    2.948258    2.982165
    2.982165    2.991863    3.023994    3.023994
at   0.46237  -0.46237   0.46237    0.002833
   52 eigenvalues :
   -2.808724   -2.723508   -1.594238   -1.578572   -1.550946   -1.495680   -1.480181   -1.468229
    0.232415    0.232583    0.287174    0.287774    0.413844    0.414301    0.417568    0.493666
    0.494084    0.498142    0.719192    0.747060    0.755653    0.756619    0.783534    0.783619
    1.010627    1.028731    1.052234    1.068240    1.172863    1.212912    1.775397    1.804579
    2.125388    2.125474    2.146999    2.154060    2.154520    2.176875    2.458989    2.459741
    2.459750    2.478962    2.482233    2.482235    2.648669    2.673719    2.954617    2.980936
    2.980936    2.999342    3.024683    3.024683
at   0.46774  -0.46774   0.46774    0.002833
   52 eigenvalues :
   -2.808707   -2.723490   -1.594264   -1.578615   -1.550973   -1.495710   -1.480229   -1.468257
    0.231943    0.232059    0.286766    0.287195    0.414804    0.415373    0.418044    0.494899
    0.495422    0.498647    0.725718    0.750294    0.753411    0.757008    0.780938    0.781072
    1.010389    1.024468    1.052061    1.064487    1.168714    1.208868    1.775584    1.804732
    2.132878    2.133012    2.149354    2.161850    2.162212    2.179130    2.456104    2.457056
    2.457064    2.476062    2.478932    2.478934    2.641862    2.666819    2.959824    2.979332
    2.979332    3.005435    3.024432    3.024432
at   0.47312  -0.47312   0.47312    0.002833
   52 eigenvalues :
   -2.808693   -2.723476   -1.594287   -1.578652   -1.550995   -1.495735   -1.480270   -1.468280
    0.231537    0.231615    0.286413    0.286704    0.415593    0.416296    0.418489    0.495920
    0.496579    0.499124    0.731434    0.749840    0.751582    0.760696    0.778723    0.778947
    1.010188    1.020453    1.051915    1.060960    1.165327    1.205563    1.775746    1.804867
    2.139393    2.139610    2.151374    2.168658    2.169039    2.181127    2.453652    2.454565
    2.454574    2.473597    2.475885    2.475888    2.636037    2.660912    2.964024    2.977635
    2.977635    3.010323    3.023679    3.023679
at   0.47849  -0.47849   0.47849    0.002833
   52 eigenvalues :
   -2.808682   -2.723464   -1.594305   -1.578682   -1.551014   -1.495756   -1.480304   -1.468300
    0.231203    0.231252    0.286121    0.286303    0.416208    0.417060    0.418891    0.496717
    0.497540    0.499568    0.736142    0.748593    0.750240    0.764640    0.776909    0.777305
    1.010025    1.016872    1.051796    1.057820    1.162657    1.202954    1.775882    1.804980
    2.144784    2.145151    2.153124    2.174330    2.174811    2.182861    2.451643    2.452372
    2.452384    2.471580    2.473212    2.473217    2.631242    2.656047    2.967310    2.976051
    2.976051    3.014128    3.022748    3.022748
at   0.48387  -0.48387   0.48387    0.002833
   52 eigenvalues :
   -2.808673   -2.723454   -1.594319   -1.578705   -1.551028   -1.495772   -1.480330   -1.468315
    0.230940    0.230968    0.285891    0.285990    0.416662    0.417662    0.419237    0.497299
    0.498299    0.499963    0.739642    0.747460    0.749495    0.767763    0.775495    0.776239
    1.009898    1.013875    1.051704    1.055198    1.160638    1.200981    1.775990    1.805070
    2.148925    2.149573    2.154670    2.178736    2.179437    2.184373    2.450071    2.450556
    2.450574    2.470003    2.471003    2.471011    2.627479    2.652230    2.969784    2.974706
    2.974707    3.016980    3.021850    3.021850
at   0.48925  -0.48925   0.48925    0.002833
   52 eigenvalues :
   -2.808667   -2.723448   -1.594329   -1.578722   -1.551039   -1.495783   -1.480349   -1.468325
    0.230751    0.230766    0.285725    0.285766    0.416970    0.418095    0.419505    0.497687
    0.498847    0.500278    0.741749    0.746610    0.749427    0.769704    0.774490    0.775869
    1.009808    1.011616    1.051639    1.053226    1.159231    1.199604    1.776068    1.805135
    2.151677    2.152789    2.156048    2.181702    2.182812    2.185718    2.448936    2.449198
    2.449231    2.468868    2.469353    2.469372    2.624779    2.649489    2.971505    2.973693
    2.973693    3.018957    3.021126    3.021126
at   0.49462  -0.49462   0.49462    0.002833
   52 eigenvalues :
   -2.808663   -2.723444   -1.594335   -1.578732   -1.551045   -1.495790   -1.480360   -1.468332
    0.230637    0.230645    0.285623    0.285634    0.417147    0.418356    0.419673    0.497907
    0.499178    0.500482    0.742657    0.746089    0.749771    0.770516    0.773890    0.776034
    1.009754    1.010213    1.051600    1.052003    1.158402    1.198794    1.776115    1.805175
    2.153119    2.154739    2.157111    2.183250    2.184864    2.186787    2.448230    2.448359
    2.448428    2.468158    2.468334    2.468390    2.623156    2.647842    2.972517    2.973066
    2.973066    3.020117    3.020662    3.020662
at   0.50000  -0.50000   0.50000    0.002833
   52 eigenvalues :
   -2.808662   -2.723442   -1.594337   -1.578735   -1.551047   -1.495792   -1.480364   -1.468334
    0.230598    0.230605    0.285584    0.285594    0.417205    0.418444    0.419731    0.497978
    0.499289    0.500553    0.742879    0.745914    0.749972    0.770696    0.773691    0.776187
    1.009735    1.009736    1.051586    1.051587    1.158128    1.198525    1.776131    1.805188
    2.153550    2.155395    2.157521    2.183706    2.185555    2.187212    2.447980    2.448074
    2.448169    2.467889    2.467989    2.468088    2.622612    2.647290    2.972844    2.972853
    2.972862    3.020493    3.020502    3.020510
at   0.49242  -0.49242   0.50000    0.002833
   52 eigenvalues :
   -2.808663   -2.723444   -1.594335   -1.578732   -1.551045   -1.495790   -1.480360   -1.468332
    0.230637    0.230644    0.285626    0.285630    0.417146    0.418357    0.419675    0.497906
    0.499179    0.500485    0.742680    0.746088    0.749750    0.770541    0.773889    0.776010
    1.009868    1.010096    1.051699    1.051901    1.158400    1.198791    1.776115    1.805175
    2.153035    2.154745    2.157202    2.183152    2.184871    2.186895    2.447784    2.448354
    2.448869    2.467714    2.468329    2.468828    2.623152    2.647839    2.972457    2.973064
    2.973127    3.020060    3.020661    3.020722
at   0.48485  -0.48485   0.50000    0.002833
   52 eigenvalues :
   -2.808667   -2.723448   -1.594329   -1.578722   -1.551039   -1.495783   -1.480349   -1.468326
    0.230752    0.230763    0.285738    0.285751    0.416952    0.418097    0.419526    0.497663
    0.498849    0.500307    0.742078    0.746607    0.749098    0.770074    0.774481    0.775493
    1.010259    1.011173    1.052034    1.052838    1.159215    1.199589    1.776066    1.805133
    2.150670    2.152823    2.157109    2.180589    2.182852    2.186891    2.446948    2.449144
    2.451193    2.466929    2.469294    2.471282    2.624780    2.649490    2.971275    2.973688
    2.973938    3.018738    3.021127    3.021369
at   0.47727  -0.47727   0.50000    0.002833
   52 eigenvalues :
   -2.808673   -2.723454   -1.594319   -1.578705   -1.551029   -1.495772   -1.480330   -1.468315
    0.230944    0.230960    0.285919    0.285958    0.416572    0.417665    0.419336    0.497180
    0.498302    0.500092    0.741056    0.747463    0.748045    0.769280    0.774670    0.775470
    1.010899    1.012957    1.052581    1.054393    1.160580    1.200925    1.775978    1.805058
    2.145913    2.149695    2.157883    2.175586    2.179584    2.187756    2.445554    2.450316
    2.454997    2.465617    2.470742    2.475293    2.627522    2.652275    2.969303    2.974698
    2.975257    3.016533    3.021873    3.022407
at   0.46970  -0.46970   0.50000    0.002833
   52 eigenvalues :
   -2.808682   -2.723463   -1.594305   -1.578682   -1.551014   -1.495756   -1.480304   -1.468300
    0.231212    0.231235    0.286171    0.286246    0.415950    0.417063    0.419168    0.496389
    0.497541    0.499919    0.739590    0.746650    0.748635    0.768140    0.773600    0.776853
    1.011765    1.015420    1.053322    1.056545    1.162494    1.202798    1.775844    1.804941
    2.139159    2.145479    2.159287    2.168584    2.175218    2.189244    2.443624    2.451675
    2.460153    2.463800    2.472459    2.480722    2.631402    2.656216    2.966544    2.976047
    2.977027    3.013440    3.022847    3.023770
at   0.46212  -0.46212   0.50000    0.002833
   52 eigenvalues :
   -2.808693   -2.723475   -1.594287   -1.578653   -1.550996   -1.495736   -1.480271   -1.468281
    0.231557    0.231586    0.286495    0.286615    0.415054    0.416293    0.419058    0.495266
    0.496567    0.499817    0.737649    0.744976    0.750091    0.766643    0.772352    0.778627
    1.012834    1.018543    1.054235    1.059284    1.164969    1.205221    1.775651    1.804770
    2.130722    2.140299    2.159895    2.161110    2.169983    2.191251    2.441175    2.453010
    2.461490    2.466535    2.474211    2.487430    2.636452    2.661350    2.962977    2.977677
    2.979179    3.009421    3.023984    3.025371
at   0.45455  -0.45455   0.50000    0.002833
   52 eigenvalues :
   -2.808707   -2.723490   -1.594266   -1.578617   -1.550973   -1.495712   -1.480230   -1.468257
    0.231978    0.232012    0.286892    0.287062    0.413892    0.415359    0.419007    0.493832
    0.495389    0.499781    0.735219    0.743097    0.751745    0.764836    0.771000    0.780783
    1.014073    1.022286    1.055291    1.062578    1.168005    1.208194    1.775384    1.804529
    2.120879    2.134315    2.149812    2.161913    2.165451    2.193739    2.438236    2.454110
    2.458716    2.473962    2.475775    2.495234    2.642661    2.667668    2.958572    2.979503
    2.981609    3.004412    3.025196    3.027084
at   0.44697  -0.44697   0.50000    0.002833
   52 eigenvalues :
   -2.808723   -2.723506   -1.594240   -1.578574   -1.550946   -1.495684   -1.480183   -1.468229
    0.232476    0.232512    0.287361    0.287585    0.412483    0.414264    0.419003    0.492115
    0.494010    0.499792    0.732296    0.741062    0.753368    0.762920    0.769602    0.783314
    1.015492    1.026622    1.056504    1.066411    1.171630    1.211745    1.775066    1.804239
    2.110008    2.127720    2.138740    2.156355    2.167175    2.196700    2.434828    2.455178
    2.455515    2.477307    2.482381    2.504027    2.650503    2.675652    2.953234    2.981437
    2.984727    2.998242    3.026384    3.029269
at   0.43939  -0.43939   0.50000    0.002833
   52 eigenvalues :
   -2.808741   -2.723526   -1.594211   -1.578526   -1.550915   -1.495652   -1.480128   -1.468196
    0.233051    0.233082    0.287902    0.288181    0.410849    0.413012    0.419035    0.490144
    0.492437    0.499838    0.728907    0.738909    0.754208    0.761613    0.768230    0.786205
    1.016976    1.031511    1.057763    1.070754    1.175815    1.215844    1.774594    1.803799
    2.097958    2.120432    2.126644    2.149182    2.170432    2.200124    2.430985    2.451851
    2.455352    2.477936    2.491476    2.513547    2.658932    2.684250    2.946809    2.983368
    2.987359    2.990620    3.027435    3.030752
at   0.43182  -0.43182   0.50000    0.002833
   52 eigenvalues :
   -2.808762   -2.723548   -1.594179   -1.578471   -1.550881   -1.495616   -1.480066   -1.468159
    0.233699    0.233721    0.288515    0.288847    0.409014    0.411612    0.419094    0.487947
    0.490681    0.499910    0.725100    0.736665    0.753025    0.761985    0.767097    0.789436
    1.018528    1.036908    1.059076    1.075571    1.180571    1.220505    1.773979    1.803219
    2.085109    2.111654    2.114930    2.141605    2.174235    2.204002    2.426746    2.447830
    2.454907    2.477959    2.501167    2.523678    2.668319    2.693839    2.939029    2.981072
    2.985177    2.989826    3.028227    3.031809
at   0.42424  -0.42424   0.50000    0.002833
   52 eigenvalues :
   -2.808785   -2.723572   -1.594143   -1.578410   -1.550842   -1.495577   -1.479998   -1.468118
    0.234412    0.234440    0.289201    0.289579    0.406989    0.410065    0.419174    0.485540
    0.488749    0.500003    0.720911    0.734339    0.750187    0.762764    0.767135    0.793000
    1.020120    1.042793    1.060415    1.080848    1.185911    1.225739    1.773190    1.802465
    2.071583    2.098961    2.106271    2.133816    2.178520    2.208339    2.422134    2.443447
    2.453842    2.477346    2.511336    2.534304    2.678554    2.704312    2.929445    2.968949
    2.986747    2.991952    3.028643    3.030244
at   0.41667  -0.41667   0.50000    0.002833
   52 eigenvalues :
   -2.808810   -2.723598   -1.594105   -1.578343   -1.550799   -1.495534   -1.479922   -1.468072
    0.235176    0.235243    0.289959    0.290373    0.404796    0.408384    0.419273    0.482950
    0.486655    0.500115    0.716405    0.731952    0.746589    0.762076    0.769376    0.796873
    1.021745    1.049240    1.061777    1.086667    1.191843    1.231558    1.772348    1.801659
    2.057558    2.084923    2.098848    2.126405    2.183260    2.213121    2.417601    2.439149
    2.452188    2.476119    2.522179    2.545600    2.689919    2.715960    2.917777    2.954038
    2.984973    2.989031    3.016230    3.029582
at   0.40909  -0.40909   0.50000    0.002833
   52 eigenvalues :
   -2.808837   -2.723627   -1.594063   -1.578271   -1.550752   -1.495489   -1.479840   -1.468021
    0.235996    0.236125    0.290789    0.291225    0.402443    0.406572    0.419386    0.480187
    0.484406    0.500241    0.711602    0.729511    0.742547    0.760692    0.772741    0.801044
    1.023327    1.055983    1.063089    1.092773    1.198324    1.237918    1.771129    1.800476
    2.043094    2.070345    2.091158    2.118624    2.188454    2.218355    2.412314    2.434105
    2.449955    2.474292    2.532840    2.556751    2.701332    2.727678    2.903176    2.936090
    2.970755    2.989749    3.004509    3.028906
at   0.40152  -0.40152   0.50000    0.002833
   52 eigenvalues :
   -2.808866   -2.723658   -1.594019   -1.578193   -1.550701   -1.495441   -1.479753   -1.467966
    0.236866    0.237083    0.291691    0.292128    0.399950    0.404644    0.419512    0.477277
    0.482022    0.500381    0.706558    0.727041    0.738203    0.759130    0.776617    0.805486
    1.024871    1.063100    1.064356    1.099248    1.205352    1.244817    1.769628    1.799008
    2.028336    2.055465    2.083666    2.111035    2.194087    2.224026    2.406773    2.428806
    2.447207    2.471925    2.543572    2.567989    2.713055    2.739732    2.885992    2.916021
    2.958771    2.989892    2.994601    3.027580
at   0.39394  -0.39394   0.50000    0.002833
   52 eigenvalues :
   -2.808898   -2.723691   -1.593972   -1.578110   -1.550646   -1.495391   -1.479659   -1.467905
    0.237783    0.238120    0.292667    0.293077    0.397325    0.402603    0.419652    0.474231
    0.479509    0.500534    0.701293    0.724550    0.733607    0.757510    0.780856    0.810197
    1.026365    1.065566    1.070583    1.106085    1.212932    1.252262    1.767796    1.797207
    2.013329    2.040345    2.076439    2.103722    2.200169    2.230143    2.400994    2.423270
    2.443996    2.469071    2.554284    2.579224    2.724928    2.751959    2.866687    2.894491
    2.948585    2.985870    2.989393    3.025224
at   0.38636  -0.38636   0.50000    0.002833
   52 eigenvalues :
   -2.808931   -2.723726   -1.593923   -1.578022   -1.550587   -1.495338   -1.479560   -1.467841
    0.238741    0.239234    0.293715    0.294066    0.394585    0.400463    0.419802    0.471068
    0.476888    0.500700    0.695843    0.722059    0.728806    0.755876    0.785390    0.815154
    1.027795    1.066705    1.078397    1.113256    1.221036    1.260228    1.765593    1.795029
    1.998165    2.025080    2.069576    2.096793    2.206689    2.236697    2.395016    2.417533
    2.440383    2.465793    2.564840    2.590322    2.736736    2.764135    2.845900    2.872056
    2.939686    2.977892    2.988216    3.021283
at   0.37879  -0.37879   0.50000    0.002833
   52 eigenvalues :
   -2.808966   -2.723763   -1.593872   -1.577930   -1.550524   -1.495285   -1.479455   -1.467771
    0.239731    0.240423    0.294834    0.295085    0.391746    0.398239    0.419963    0.467807
    0.474176    0.500876    0.690241    0.719581    0.723838    0.754250    0.790180    0.820335
    1.029057    1.067674    1.086497    1.120719    1.229618    1.268668    1.762955    1.792411
    1.982866    2.009699    2.063167    2.090341    2.213627    2.243667    2.388807    2.411561
    2.434993    2.460755    2.575004    2.601048    2.748073    2.775829    2.823847    2.848769
    2.931591    2.970364    2.986355    3.016909
at   0.37121  -0.37121   0.50000    0.002833
   52 eigenvalues :
   -2.809003   -2.723802   -1.593819   -1.577833   -1.550457   -1.495229   -1.479345   -1.467696
    0.240750    0.241691    0.296026    0.296129    0.388812    0.395939    0.420134    0.464456
    0.471387    0.501062    0.684495    0.717131    0.718714    0.752652    0.795219    0.825741
    1.030335    1.068649    1.094909    1.128501    1.238707    1.277612    1.759876    1.789346
    1.967561    1.994327    2.057279    2.084434    2.221006    2.251075    2.382521    2.405506
    2.430782    2.456834    2.584892    2.611511    2.759099    2.787203    2.801457    2.825439
    2.924145    2.963212    2.983834    3.012448
at   0.36364  -0.36364   0.50000    0.002833
   52 eigenvalues :
   -2.809042   -2.723843   -1.593764   -1.577731   -1.550387   -1.495173   -1.479230   -1.467617
    0.241787    0.243034    0.297181    0.297293    0.385805    0.393582    0.420313    0.461037
    0.468544    0.501259    0.678639    0.713467    0.714725    0.751094    0.800475    0.831344
    1.031531    1.069536    1.103581    1.136552    1.248243    1.287001    1.756306    1.785782
    1.952282    1.978997    2.051992    2.079155    2.228797    2.258891    2.376130    2.399338
    2.426338    2.452662    2.594248    2.621453    2.769368    2.778708    2.797774    2.801946
    2.917107    2.956312    2.980703    3.008250
at   0.35606  -0.35606   0.50000    0.002833
   52 eigenvalues :
   -2.809082   -2.723885   -1.593708   -1.577626   -1.550313   -1.495116   -1.479110   -1.467533
    0.242835    0.244456    0.298243    0.298630    0.382726    0.391177    0.420502    0.457554
    0.465661    0.501465    0.672670    0.708096    0.712365    0.749578    0.805942    0.837140
    1.032519    1.070211    1.112329    1.144696    1.258204    1.296813    1.752142    1.781619
    1.937029    1.963710    2.047346    2.074543    2.236936    2.267047    2.369238    2.392672
    2.421148    2.447727    2.602309    2.630128    2.755533    2.778172    2.778621    2.807247
    2.910355    2.949594    2.976904    3.004504
at   0.34848  -0.34848   0.50000    0.002833
   52 eigenvalues :
   -2.809123   -2.723929   -1.593651   -1.577514   -1.550235   -1.495057   -1.478985   -1.467444
    0.243884    0.245955    0.299298    0.300042    0.379591    0.388743    0.420700    0.454023
    0.462762    0.501681    0.666628    0.702638    0.710067    0.748118    0.811617    0.843127
    1.033560    1.070926    1.121613    1.153379    1.268625    1.307085    1.747522    1.776991
    1.921936    1.948599    2.043711    2.070960    2.245555    2.275681    2.362906    2.386551
    2.416426    2.443243    2.610352    2.638759    2.732464    2.754589    2.786716    2.815449
    2.903900    2.943115    2.973419    3.001379
at   0.34091  -0.34091   0.50000    0.002833
   52 eigenvalues :
   -2.809166   -2.723974   -1.593593   -1.577401   -1.550154   -1.494999   -1.478856   -1.467350
    0.244923    0.247530    0.300332    0.301523    0.376414    0.386299    0.420904    0.450460
    0.459871    0.501904    0.660518    0.697100    0.707839    0.746717    0.817470    0.849273
    1.034524    1.071554    1.131008    1.162190    1.279384    1.317693    1.742306    1.771759
    1.906904    1.933566    2.040508    2.067839    2.254541    2.284672    2.356277    2.380120
    2.411564    2.438602    2.617431    2.646419    2.709308    2.731003    2.793151    2.821817
    2.897612    2.936758    2.968815    2.995747
at   0.33333  -0.33333   0.50000    0.002833
   52 eigenvalues :
   -2.809211   -2.724021   -1.593535   -1.577284   -1.550068   -1.494942   -1.478724   -1.467251
    0.245942    0.249183    0.301336    0.303080    0.373198    0.383857    0.421116    0.446868
    0.457003    0.502134    0.654342    0.691484    0.705681    0.745376    0.823507    0.855588
    1.035416    1.072102    1.140633    1.171244    1.290513    1.328670    1.736508    1.765942
    1.892003    1.918680    2.038060    2.065496    2.263925    2.294052    2.349616    2.373650
    2.406613    2.433858    2.623577    2.653123    2.686115    2.707443    2.797841    2.826241
    2.891507    2.930557    2.963862    2.989864
at   0.32576  -0.32576   0.50000    0.002833
   52 eigenvalues :
   -2.809256   -2.724069   -1.593476   -1.577164   -1.549980   -1.494884   -1.478588   -1.467147
    0.246928    0.250911    0.302295    0.304706    0.369959    0.381442    0.421334    0.443265
    0.454189    0.502371    0.648125    0.685816    0.703605    0.744101    0.829705    0.862046
    1.036240    1.072571    1.150452    1.180507    1.301956    1.339960    1.730150    1.759558
    1.877301    1.904009    2.036385    2.063945    2.273672    2.303782    2.342960    2.367175
    2.401615    2.429053    2.628710    2.658777    2.662989    2.684002    2.800650    2.828582
    2.885594    2.924531    2.958641    2.983807
at   0.31818  -0.31818   0.50000    0.002833
   52 eigenvalues :
   -2.809302   -2.724118   -1.593416   -1.577042   -1.549888   -1.494828   -1.478448   -1.467039
    0.247870    0.252719    0.303195    0.306408    0.366698    0.379067    0.421557    0.439650
    0.451443    0.502614    0.641862    0.680089    0.701608    0.742891    0.836071    0.868655
    1.037001    1.072966    1.160484    1.189997    1.313715    1.351563    1.723226    1.752608
    1.862787    1.889544    2.035476    2.063179    2.283792    2.313870    2.336307    2.360694
    2.396583    2.424202    2.632806    2.639902    2.660646    2.663347    2.801575    2.828870
    2.879858    2.918672    2.953198    2.977612
at   0.31061  -0.31061   0.50000    0.002833
   52 eigenvalues :
   -2.809350   -2.724168   -1.593357   -1.576917   -1.549793   -1.494772   -1.478306   -1.466927
    0.248753    0.254601    0.304020    0.308179    0.363433    0.376756    0.421787    0.436043
    0.448796    0.502863    0.635576    0.674328    0.699698    0.741749    0.842579    0.875391
    1.037702    1.073290    1.170692    1.199679    1.325730    1.363421    1.715778    1.745132
    1.848527    1.875350    2.035327    2.063187    2.294241    2.324267    2.329691    2.354240
    2.391554    2.419342    2.616944    2.635848    2.637464    2.666804    2.800722    2.827268
    2.874318    2.913002    2.947601    2.971340
at   0.30303  -0.30303   0.50000    0.002833
   52 eigenvalues :
   -2.809398   -2.724218   -1.593298   -1.576790   -1.549696   -1.494717   -1.478161   -1.466810
    0.249564    0.256562    0.304757    0.310025    0.360161    0.374525    0.422021    0.432442
    0.446265    0.503118    0.629260    0.668525    0.697871    0.740673    0.849240    0.882263
    1.038349    1.073547    1.181097    1.209572    1.338003    1.375532    1.707814    1.737143
    1.834513    1.861419    2.035916    2.063948    2.305027    2.323108    2.334974    2.347811
    2.386538    2.414485    2.594082    2.614422    2.637869    2.669174    2.798282    2.824031
    2.868965    2.907517    2.941883    2.965015
at   0.29545  -0.29545   0.50000    0.002833
   52 eigenvalues :
   -2.809447   -2.724270   -1.593240   -1.576661   -1.549595   -1.494664   -1.478014   -1.466688
    0.250289    0.258601    0.305389    0.311944    0.356896    0.372395    0.422260    0.428858
    0.443876    0.503378    0.622927    0.662695    0.696132    0.739663    0.856038    0.889257
    1.038945    1.073740    1.191678    1.219656    1.350486    1.387847    1.699379    1.728684
    1.820792    1.847800    2.037219    2.065433    2.316109    2.316580    2.341429    2.345938
    2.381561    2.409657    2.571374    2.591585    2.638915    2.670501    2.794494    2.819456
    2.863818    2.902236    2.936093    2.958679
at   0.28788  -0.28788   0.50000    0.002833
   52 eigenvalues :
   -2.809496   -2.724322   -1.593182   -1.576531   -1.549492   -1.494613   -1.477866   -1.466563
    0.250912    0.260714    0.305901    0.313932    0.353649    0.370391    0.422502    0.425305
    0.441654    0.503641    0.616592    0.656852    0.694481    0.738721    0.862957    0.896355
    1.039494    1.073874    1.202416    1.229913    1.363127    1.400314    1.690521    1.719808
    1.807413    1.834543    2.039202    2.067608    2.310127    2.327433    2.335113    2.357092
    2.376648    2.404885    2.548881    2.569028    2.639058    2.670858    2.789610    2.813830
    2.858893    2.897179    2.930274    2.952369
at   0.28030  -0.28030   0.50000    0.002833
   52 eigenvalues :
   -2.809546   -2.724375   -1.593125   -1.576399   -1.549386   -1.494564   -1.477715   -1.466434
    0.251422    0.262906    0.306280    0.315994    0.350417    0.368524    0.421778    0.422747
    0.439613    0.503907    0.610243    0.650987    0.692915    0.737841    0.870009    0.903571
    1.040001    1.073952    1.213332    1.240363    1.375922    1.412925    1.681258    1.710532
    1.794374    1.821648    2.041837    2.070442    2.303744    2.328858    2.338976    2.368384
    2.371805    2.400173    2.526591    2.546761    2.638387    2.670338    2.783838    2.807382
    2.854190    2.892345    2.924443    2.946092
at   0.27273  -0.27273   0.50000    0.002833
   52 eigenvalues :
   -2.809596   -2.724428   -1.593069   -1.576267   -1.549278   -1.494516   -1.477563   -1.466302
    0.251803    0.265172    0.306511    0.318124    0.347216    0.366819    0.418294    0.422995
    0.437778    0.504177    0.603903    0.645119    0.691435    0.737025    0.877169    0.910880
    1.040468    1.073978    1.224392    1.250974    1.388792    1.425601    1.671652    1.700921
    1.781747    1.809190    2.045081    2.073892    2.297458    2.322692    2.350622    2.367061
    2.379640    2.395554    2.504636    2.524971    2.636999    2.669043    2.777384    2.800328
    2.849736    2.887761    2.918640    2.939887
at   0.26515  -0.26515   0.50000    0.002833
   52 eigenvalues :
   -2.809647   -2.724481   -1.593015   -1.576134   -1.549168   -1.494471   -1.477411   -1.466166
    0.252045    0.267517    0.306584    0.320329    0.344044    0.365287    0.414849    0.423245
    0.436161    0.504449    0.597559    0.639239    0.690037    0.736268    0.884450    0.918296
    1.040900    1.073954    1.235620    1.261768    1.401723    1.438323    1.661720    1.690989
    1.769544    1.797181    2.048907    2.077928    2.291261    2.316608    2.362201    2.362458
    2.390586    2.391055    2.483101    2.503860    2.634989    2.667076    2.770388    2.792807
    2.845534    2.883431    2.912873    2.933755
at   0.25758  -0.25758   0.50000    0.002833
   52 eigenvalues :
   -2.809698   -2.724535   -1.592962   -1.576001   -1.549056   -1.494428   -1.477258   -1.466027
    0.252138    0.269937    0.306489    0.322601    0.340914    0.363947    0.411458    0.423496
    0.434779    0.504721    0.591231    0.633366    0.688722    0.735569    0.891827    0.925793
    1.041298    1.073884    1.246983    1.272711    1.414623    1.450994    1.651524    1.680803
    1.757848    1.785710    2.053268    2.082505    2.285178    2.310630    2.357905    2.373440
    2.386628    2.400608    2.462383    2.484122    2.632459    2.664546    2.762991    2.784958
    2.841613    2.879382    2.907177    2.927727
at   0.25000  -0.25000   0.50000    0.002833
   52 eigenvalues :
   -2.809748   -2.724588   -1.592910   -1.575868   -1.548943   -1.494388   -1.477105   -1.465887
    0.252073    0.272435    0.306221    0.324943    0.337826    0.362805    0.408116    0.423745
    0.433639    0.504992    0.584901    0.627483    0.687469    0.734910    0.899237    0.933311
    1.041588    1.073693    1.258225    1.283562    1.427374    1.463495    1.640399    1.669719
    1.746680    1.774802    2.058078    2.087528    2.277660    2.303236    2.353497    2.382325
    2.382578    2.407328    2.443088    2.467027    2.628968    2.661035    2.754948    2.776536
    2.837658    2.875307    2.901101    2.921381
at   0.24242  -0.24242   0.50000    0.002833
   52 eigenvalues :
   -2.809798   -2.724641   -1.592860   -1.575735   -1.548827   -1.494349   -1.476951   -1.465741
    0.251847    0.275011    0.305778    0.327349    0.334794    0.361872    0.404834    0.423996
    0.432748    0.505267    0.578600    0.621622    0.686320    0.734332    0.906833    0.940999
    1.042039    1.073646    1.270144    1.295078    1.440040    1.475877    1.630131    1.659468
    1.736170    1.764589    2.063425    2.093100    2.271849    2.297515    2.349305    2.378240
    2.387537    2.407418    2.430362    2.458899    2.625894    2.657892    2.748562    2.769731
    2.834781    2.872300    2.895571    2.915574
at   0.23485  -0.23485   0.50000    0.002833
   52 eigenvalues :
   -2.809849   -2.724694   -1.592812   -1.575603   -1.548711   -1.494314   -1.476799   -1.465595
    0.251457    0.277658    0.305160    0.329745    0.331895    0.361153    0.401619    0.424244
    0.432111    0.505540    0.572318    0.615772    0.685236    0.733793    0.914491    0.948738
    1.042351    1.073451    1.281911    1.306474    1.452411    1.487930    1.619296    1.648666
    1.726378    1.755142    2.069191    2.099092    2.266174    2.291925    2.345244    2.374276
    2.380298    2.396772    2.428982    2.460692    2.622373    2.654274    2.740451    2.761356
    2.831840    2.869218    2.890124    2.909875
at   0.22727  -0.22727   0.50000    0.002833
   52 eigenvalues :
   -2.809899   -2.724747   -1.592765   -1.575472   -1.548595   -1.494281   -1.476647   -1.465448
    0.250904    0.280385    0.304370    0.328765    0.332498    0.360646    0.398469    0.424491
    0.431722    0.505813    0.566048    0.609928    0.684221    0.733301    0.922243    0.956558
    1.042640    1.073220    1.293824    1.318030    1.464400    1.499554    1.608306    1.637718
    1.717415    1.746577    2.075372    2.105502    2.260627    2.286456    2.341362    2.364033
    2.370488    2.379903    2.436862    2.468936    2.618635    2.650416    2.732191    2.752885
    2.829249    2.866476    2.884786    2.904307
at   0.21970  -0.21970   0.50000    0.002833
   52 eigenvalues :
   -2.809948   -2.724799   -1.592720   -1.575342   -1.548478   -1.494250   -1.476497   -1.465300
    0.250195    0.283184    0.303418    0.325935    0.335082    0.360350    0.395395    0.424734
    0.431577    0.506084    0.559810    0.604111    0.683276    0.732855    0.930063    0.964435
    1.042909    1.072956    1.305846    1.329711    1.475817    1.510556    1.597218    1.626680
    1.709450    1.739070    2.081922    2.112284    2.255228    2.281130    2.337685    2.344904
    2.360788    2.366905    2.447815    2.479623    2.614750    2.646391    2.723834    2.744368
    2.827037    2.864099    2.879582    2.898892
at   0.21212  -0.21212   0.50000    0.002833
   52 eigenvalues :
   -2.809997   -2.724851   -1.592677   -1.575214   -1.548361   -1.494223   -1.476348   -1.465151
    0.249336    0.286062    0.302313    0.323135    0.337769    0.360256    0.392394    0.424973
    0.431665    0.506352    0.553590    0.598307    0.682395    0.732451    0.937966    0.972383
    1.043158    1.072662    1.318003    1.341543    1.486504    1.520765    1.586031    1.615547
    1.702640    1.732786    2.088827    2.119425    2.249968    2.275937    2.324902    2.334220
    2.340848    2.363527    2.459772    2.491263    2.610761    2.642244    2.715377    2.735798
    2.825219    2.862095    2.874506    2.893621
at   0.20455  -0.20455   0.50000    0.002833
   52 eigenvalues :
   -2.810046   -2.724902   -1.592637   -1.575087   -1.548245   -1.494197   -1.476201   -1.465001
    0.248340    0.289011    0.301070    0.320402    0.340526    0.360354    0.389477    0.425210
    0.431971    0.506617    0.547407    0.592535    0.681578    0.732088    0.945926    0.980376
    1.043390    1.072340    1.330258    1.353488    1.496210    1.529929    1.574799    1.604375
    1.697211    1.727950    2.096042    2.126880    2.244866    2.270897    2.304686    2.320660
    2.330990    2.360385    2.472040    2.503239    2.606725    2.638034    2.706855    2.727207
    2.823820    2.860483    2.869579    2.888514
at   0.19697  -0.19697   0.50000    0.002833
   52 eigenvalues :
   -2.810093   -2.724952   -1.592598   -1.574962   -1.548128   -1.494174   -1.476056   -1.464852
    0.247217    0.292040    0.299702    0.317736    0.343356    0.360632    0.386641    0.425443
    0.432480    0.506878    0.541248    0.586783    0.680820    0.731762    0.953958    0.988429
    1.043607    1.071993    1.342637    1.365572    1.504712    1.537824    1.563523    1.593155
    1.693382    1.724774    2.103557    2.134638    2.239912    2.266000    2.284428    2.300396
    2.328005    2.357488    2.484359    2.515292    2.602673    2.633792    2.698248    2.718576
    2.822854    2.859269    2.864792    2.883563
at   0.18939  -0.18939   0.50000    0.002833
   52 eigenvalues :
   -2.810140   -2.725001   -1.592561   -1.574838   -1.548012   -1.494153   -1.475911   -1.464702
    0.245984    0.295143    0.298228    0.315145    0.346253    0.361072    0.383895    0.425674
    0.433174    0.507134    0.535123    0.581063    0.680130    0.731483    0.962071    0.996552
    1.043840    1.071651    1.355226    1.377876    1.511875    1.544281    1.552874    1.582487
    1.691563    1.723643    2.111352    2.142684    2.235145    2.261287    2.264368    2.280296
    2.325475    2.355049    2.496703    2.527385    2.598935    2.629863    2.689624    2.709964
    2.822476    2.858590    2.860425    2.879025
at   0.18182  -0.18182   0.50000    0.002833
   52 eigenvalues :
   -2.810186   -2.725049   -1.592526   -1.574719   -1.547898   -1.494135   -1.475772   -1.464555
    0.244658    0.296665    0.298316    0.312636    0.349212    0.361654    0.381247    0.425901
    0.434031    0.507382    0.529042    0.575381    0.679483    0.731224    0.970194    1.004675
    1.044027    1.071257    1.367781    1.390168    1.517249    1.541328    1.549283    1.571276
    1.691569    1.724342    2.119354    2.150939    2.230514    2.244373    2.256705    2.260253
    2.323054    2.352717    2.508600    2.539048    2.594995    2.625704    2.680868    2.701268
    2.822422    2.855944    2.858181    2.874406
at   0.17424  -0.17424   0.50000    0.002833
   52 eigenvalues :
   -2.810231   -2.725096   -1.592493   -1.574602   -1.547785   -1.494119   -1.475636   -1.464408
    0.243253    0.295030    0.301568    0.310204    0.352239    0.362359    0.378699    0.426124
    0.435033    0.507620    0.522993    0.569728    0.678886    0.730996    0.978366    1.012835
    1.044204    1.070846    1.380437    1.402577    1.520861    1.530120    1.552237    1.560078
    1.693671    1.727094    2.127571    2.159414    2.224529    2.226044    2.240348    2.252280
    2.320935    2.350689    2.520133    2.550359    2.591133    2.621608    2.672011    2.692513
    2.822815    2.851621    2.858148    2.869954
at   0.16667  -0.16667   0.50000    0.002833
   52 eigenvalues :
   -2.810274   -2.725142   -1.592463   -1.574488   -1.547674   -1.494105   -1.475503   -1.464264
    0.241789    0.293343    0.304889    0.307861    0.355325    0.363157    0.376267    0.426343
    0.436157    0.507834    0.517007    0.564121    0.678337    0.730796    0.986558    1.021001
    1.044375    1.070421    1.393152    1.415061    1.518903    1.522724    1.548944    1.553598
    1.697816    1.731801    2.135949    2.168055    2.204915    2.220662    2.221750    2.248027
    2.319147    2.348993    2.531175    2.561190    2.587385    2.617610    2.663062    2.683707
    2.823634    2.847469    2.858459    2.865684
at   0.15909  -0.15909   0.50000    0.002833
   52 eigenvalues :
   -2.810316   -2.725187   -1.592434   -1.574378   -1.547565   -1.494093   -1.475374   -1.464122
    0.240279    0.291619    0.305601    0.308287    0.358476    0.364011    0.373969    0.426556
    0.437387    0.507927    0.511168    0.558549    0.677833    0.730621    0.994782    1.029176
    1.044551    1.069983    1.405948    1.427642    1.507721    1.522988    1.537870    1.553492
    1.703835    1.738269    2.144480    2.176851    2.185504    2.201168    2.217624    2.243938
    2.317706    2.347648    2.541666    2.571483    2.583762    2.613719    2.653981    2.674811
    2.824844    2.843481    2.859072    2.861586
at   0.15152  -0.15152   0.50000    0.002833
   52 eigenvalues :
   -2.810357   -2.725230   -1.592407   -1.574271   -1.547458   -1.494082   -1.475249   -1.463983
    0.238743    0.289878    0.303434    0.311754    0.361682    0.364848    0.371868    0.426764
    0.438698    0.504831    0.508560    0.553029    0.677373    0.730470    1.003005    1.037278
    1.044782    1.069537    1.418780    1.440274    1.496632    1.521852    1.526944    1.552157
    1.711438    1.746201    2.153106    2.166344    2.181937    2.185765    2.213679    2.240028
    2.316642    2.346683    2.551503    2.580231    2.581200    2.609963    2.644770    2.665826
    2.826389    2.839671    2.857674    2.859926
at   0.14394  -0.14394   0.50000    0.002833
   52 eigenvalues :
   -2.810397   -2.725272   -1.592382   -1.574168   -1.547355   -1.494074   -1.475129   -1.463847
    0.237194    0.288132    0.301356    0.315297    0.364950    0.365468    0.370144    0.426966
    0.440075    0.499046    0.508667    0.547551    0.676952    0.730341    1.011236    1.043951
    1.046434    1.069084    1.431666    1.452976    1.485628    1.515827    1.519923    1.549857
    1.720333    1.755312    2.147435    2.161761    2.162993    2.194756    2.209908    2.236288
    2.315978    2.346122    2.560651    2.576967    2.590139    2.606349    2.635383    2.656708
    2.828201    2.836031    2.853940    2.860954
at   0.13636  -0.13636   0.50000    0.002833
   52 eigenvalues :
   -2.810435   -2.725312   -1.592359   -1.574069   -1.547254   -1.494067   -1.475012   -1.463715
    0.235646    0.286397    0.299372    0.318913    0.365315    0.368272    0.369339    0.427161
    0.441498    0.493215    0.508855    0.542125    0.676569    0.730231    1.019450    1.044700
    1.053979    1.068630    1.444572    1.465710    1.474752    1.505133    1.516895    1.546846
    1.730198    1.765298    2.128805    2.144209    2.170567    2.203790    2.206317    2.232726
    2.315745    2.345995    2.569052    2.573833    2.598401    2.602893    2.625809    2.647445
    2.830193    2.832567    2.850390    2.862081
at   0.12879  -0.12879   0.50000    0.002833
   52 eigenvalues :
   -2.810471   -2.725350   -1.592337   -1.573975   -1.547156   -1.494062   -1.474901   -1.463587
    0.234116    0.284691    0.297487    0.322594    0.364131    0.369699    0.371641    0.427347
    0.442945    0.487422    0.509050    0.536763    0.676222    0.730139    1.027619    1.044877
    1.062039    1.068179    1.457462    1.464006    1.478473    1.494537    1.513375    1.543350
    1.740734    1.775878    2.110504    2.125811    2.179291    2.202914    2.212812    2.229349
    2.315970    2.346332    2.570892    2.576671    2.599614    2.605904    2.616039    2.638027
    2.829287    2.832268    2.847030    2.863233
at   0.12121  -0.12121   0.50000    0.002833
   52 eigenvalues :
   -2.810506   -2.725387   -1.592317   -1.573884   -1.547063   -1.494057   -1.474795   -1.463464
    0.232613    0.283020    0.295698    0.326351    0.362542    0.370582    0.375063    0.427527
    0.444405    0.481663    0.509241    0.531454    0.675907    0.730063    1.035744    1.045003
    1.067735    1.070097    1.453437    1.470343    1.484092    1.491224    1.509500    1.539543
    1.751722    1.786849    2.092506    2.107712    2.187977    2.199692    2.221802    2.226150
    2.316687    2.347164    2.568148    2.583514    2.596510    2.606034    2.612646    2.628424
    2.826183    2.834341    2.843853    2.864347
at   0.11364  -0.11364   0.50000    0.002833
   52 eigenvalues :
   -2.810539   -2.725422   -1.592299   -1.573798   -1.546973   -1.494054   -1.474693   -1.463346
    0.231152    0.281402    0.294011    0.330171    0.360900    0.371626    0.378524    0.427697
    0.445857    0.475957    0.509425    0.526220    0.675624    0.730001    1.043776    1.045110
    1.067309    1.078080    1.443074    1.473832    1.483178    1.503929    1.505435    1.535579
    1.762919    1.797983    2.074890    2.089990    2.196554    2.196661    2.223140    2.230689
    2.317926    2.348522    2.565616    2.589477    2.593595    2.595904    2.617578    2.619679
    2.823264    2.836324    2.840868    2.865367
at   0.10606  -0.10606   0.50000    0.002833
   52 eigenvalues :
   -2.810570   -2.725454   -1.592283   -1.573717   -1.546888   -1.494052   -1.474598   -1.463233
    0.229740    0.279843    0.292423    0.334066    0.359304    0.372719    0.382027    0.427858
    0.447290    0.470292    0.509600    0.521052    0.675377    0.729960    1.045208    1.051692
    1.066925    1.085978    1.432921    1.463810    1.495959    1.501406    1.516646    1.531650
    1.774262    1.809224    2.057783    2.072762    2.193814    2.204995    2.220312    2.239446
    2.320006    2.350731    2.563297    2.585088    2.590896    2.595224    2.608389    2.624220
    2.820526    2.838066    2.838170    2.866268
at   0.09848  -0.09848   0.50000    0.002833
   52 eigenvalues :
   -2.810599   -2.725485   -1.592268   -1.573641   -1.546807   -1.494051   -1.474508   -1.463127
    0.228387    0.278353    0.290938    0.338026    0.357790    0.373814    0.385562    0.428011
    0.448687    0.464677    0.509766    0.515965    0.675148    0.729921    1.045293    1.059347
    1.066685    1.093748    1.423026    1.454041    1.497225    1.508649    1.527549    1.529329
    1.785385    1.820221    2.040978    2.055839    2.191157    2.213234    2.217673    2.248007
    2.322405    2.353256    2.561198    2.574305    2.588379    2.598051    2.599844    2.628853
    2.817972    2.835457    2.839804    2.867015
at   0.09091  -0.09091   0.50000    0.002833
   52 eigenvalues :
   -2.810628   -2.725515   -1.592255   -1.573570   -1.546731   -1.494051   -1.474424   -1.463027
    0.227105    0.276945    0.289560    0.342043    0.356377    0.374886    0.389115    0.428153
    0.450032    0.459119    0.509921    0.510972    0.674927    0.729871    1.045363    1.064887
    1.068401    1.101345    1.413440    1.444580    1.493184    1.520936    1.523751    1.541476
    1.795889    1.830581    2.024646    2.039388    2.188694    2.215226    2.221205    2.256303
    2.325351    2.356320    2.559323    2.562658    2.586074    2.586960    2.603663    2.632666
    2.815606    2.833041    2.841121    2.867536
at   0.08333  -0.08333   0.50000    0.002833
   52 eigenvalues :
   -2.810653   -2.725542   -1.592243   -1.573504   -1.546660   -1.494051   -1.474346   -1.462934
    0.225898    0.275621    0.288285    0.346120    0.355078    0.375921    0.392685    0.428285
    0.451318    0.453609    0.506076    0.510066    0.674745    0.729849    1.045434    1.065236
    1.075144    1.108750    1.404183    1.435448    1.489342    1.520069    1.533159    1.553664
    1.806367    1.840899    2.008854    2.023466    2.186422    2.212966    2.228870    2.264295
    2.328992    2.360087    2.551210    2.557667    2.576035    2.583976    2.607153    2.636163
    2.813424    2.830813    2.842322    2.867994
at   0.07576  -0.07576   0.50000    0.002833
   52 eigenvalues :
   -2.810676   -2.725567   -1.592232   -1.573443   -1.546595   -1.494051   -1.474274   -1.462847
    0.224776    0.274393    0.287119    0.350190    0.353952    0.376902    0.396248    0.428406
    0.448163    0.452528    0.501303    0.510200    0.674586    0.729833    1.045497    1.064973
    1.082262    1.115896    1.395330    1.426717    1.485719    1.516604    1.545066    1.565559
    1.816331    1.850693    1.993693    2.008169    2.184345    2.210902    2.236147    2.271897
    2.333300    2.364520    2.539506    2.556228    2.564861    2.582090    2.610126    2.639151
    2.811432    2.828779    2.843310    2.868324
at   0.06818  -0.06818   0.50000    0.002833
   52 eigenvalues :
   -2.810698   -2.725589   -1.592222   -1.573388   -1.546535   -1.494052   -1.474209   -1.462768
    0.223742    0.273263    0.286060    0.352446    0.354817    0.377822    0.399795    0.428517
    0.442767    0.453655    0.496659    0.510322    0.674446    0.729823    1.045554    1.064664
    1.089156    1.122746    1.386915    1.418424    1.482346    1.513383    1.556599    1.577103
    1.825701    1.859889    1.979211    1.993543    2.182461    2.209029    2.242992    2.279064
    2.338306    2.369649    2.527546    2.553390    2.555032    2.580410    2.612645    2.641691
    2.809626    2.826936    2.844106    2.868544
at   0.06061  -0.06061   0.50000    0.002833
   52 eigenvalues :
   -2.810719   -2.725611   -1.592214   -1.573338   -1.546481   -1.494054   -1.474150   -1.462697
    0.222803    0.272238    0.285110    0.351633    0.358916    0.378670    0.403293    0.428615
    0.437439    0.454687    0.492182    0.510431    0.674279    0.729769    1.045598    1.064356
    1.095693    1.129217    1.379012    1.410638    1.478703    1.509911    1.567606    1.588142
    1.834311    1.868326    1.965440    1.979629    2.180752    2.207329    2.249160    2.285541
    2.343970    2.375420    2.514383    2.540799    2.553967    2.578922    2.614726    2.643804
    2.808010    2.825287    2.844033    2.868017
at   0.05303  -0.05303   0.50000    0.002833
   52 eigenvalues :
   -2.810736   -2.725629   -1.592207   -1.573294   -1.546433   -1.494055   -1.474098   -1.462633
    0.221964    0.271324    0.284269    0.350785    0.363222    0.379442    0.406716    0.428703
    0.432170    0.455617    0.487896    0.510528    0.674174    0.729765    1.045644    1.064077
    1.101805    1.135256    1.371711    1.403450    1.475924    1.507266    1.578024    1.598611
    1.842186    1.876034    1.952705    1.966736    2.179263    2.205848    2.254928    2.291606
    2.350378    2.381943    2.502073    2.528965    2.553130    2.577654    2.616467    2.645572
    2.806581    2.823829    2.844574    2.868129
at   0.04545  -0.04545   0.50000    0.002833
   52 eigenvalues :
   -2.810751   -2.725645   -1.592201   -1.573256   -1.546391   -1.494056   -1.474052   -1.462577
    0.221229    0.270523    0.283539    0.350034    0.367590    0.380133    0.410015    0.426972
    0.428778    0.456435    0.483853    0.510614    0.674086    0.729764    1.045683    1.063827
    1.107392    1.140769    1.365093    1.396937    1.473479    1.504941    1.587664    1.608320
    1.849182    1.882874    1.941058    1.954928    2.177971    2.204562    2.260069    2.297024
    2.357489    2.389169    2.489692    2.517009    2.552464    2.576580    2.617891    2.647021
    2.805342    2.822566    2.844987    2.868185
at   0.03788  -0.03788   0.50000    0.002833
   52 eigenvalues :
   -2.810763   -2.725658   -1.592196   -1.573223   -1.546355   -1.494057   -1.474013   -1.462530
    0.220603    0.269841    0.282921    0.349394    0.371982    0.380747    0.413123    0.421861
    0.428841    0.457132    0.480122    0.510686    0.674013    0.729764    1.045717    1.063609
    1.112355    1.145661    1.359257    1.391198    1.471387    1.502955    1.596336    1.617075
    1.855220    1.888771    1.930689    1.944399    2.176878    2.203475    2.264521    2.301726
    2.365265    2.397071    2.477339    2.505011    2.551948    2.575693    2.619032    2.648187
    2.804295    2.821498    2.845295    2.868201
at   0.03030  -0.03030   0.50000    0.002833
   52 eigenvalues :
   -2.810774   -2.725669   -1.592192   -1.573197   -1.546325   -1.494058   -1.473982   -1.462490
    0.220085    0.269278    0.282414    0.348867    0.376344    0.381326    0.415960    0.416843
    0.428891    0.457705    0.476782    0.510746    0.673954    0.729766    1.045744    1.063428
    1.116608    1.149849    1.354289    1.386314    1.469657    1.501314    1.603865    1.624693
    1.860253    1.893683    1.921770    1.935327    2.175982    2.202584    2.268245    2.305666
    2.373676    2.405640    2.465092    2.493016    2.551563    2.574983    2.619927    2.649102
    2.803436    2.820623    2.845519    2.868195
at   0.02273  -0.02273   0.50000    0.002833
   52 eigenvalues :
   -2.810782   -2.725678   -1.592189   -1.573176   -1.546302   -1.494059   -1.473957   -1.462460
    0.219681    0.268838    0.282020    0.348456    0.380181    0.382307    0.411968    0.418407
    0.428928    0.458145    0.473956    0.510792    0.673909    0.729767    1.045765    1.063284
    1.120041    1.153228    1.350299    1.382393    1.468303    1.500030    1.610019    1.630934
    1.864218    1.897548    1.914537    1.927957    2.175286    2.201891    2.271186    2.308784
    2.382591    2.414802    2.453140    2.481147    2.551289    2.574442    2.620596    2.649788
    2.802769    2.819942    2.845676    2.868177
at   0.01515  -0.01515   0.50000    0.002833
   52 eigenvalues :
   -2.810788   -2.725684   -1.592186   -1.573161   -1.546286   -1.494060   -1.473939   -1.462438
    0.219390    0.268523    0.281737    0.348162    0.381460    0.385634    0.407326    0.420329
    0.428951    0.458454    0.471775    0.510825    0.673878    0.729769    1.045780    1.063180
    1.122573    1.155719    1.347368    1.379515    1.467330    1.499108    1.614607    1.635596
    1.867082    1.900340    1.909177    1.922488    2.174787    2.201395    2.273317    2.311045
    2.391784    2.424489    2.441743    2.469498    2.551107    2.574062    2.621061    2.650266
    2.802291    2.819456    2.845778    2.868157
at   0.00758  -0.00758   0.50000    0.002833
   52 eigenvalues :
   -2.810791   -2.725687   -1.592185   -1.573152   -1.546276   -1.494060   -1.473929   -1.462425
    0.219216    0.268333    0.281568    0.347986    0.381748    0.389372    0.403278    0.421567
    0.428963    0.458633    0.470391    0.510845    0.673859    0.729770    1.045789    1.063118
    1.124123    1.157243    1.345579    1.377758    1.466744    1.498553    1.617438    1.638478
    1.868811    1.902024    1.905883    1.919122    2.174489    2.201098    2.274605    2.312413
    2.400424    2.431770    2.434400    2.458400    2.551004    2.573837    2.621334    2.650547
    2.802005    2.819164    2.845836    2.868143
at   0.00000   0.00000   0.50000    0.002833
   52 eigenvalues :
   -2.810792   -2.725689   -1.592184   -1.573149   -1.546272   -1.494060   -1.473925   -1.462420
    0.219158    0.268270    0.281512    0.347927    0.381827    0.391290    0.401274    0.421997
    0.428966    0.458691    0.469914    0.510852    0.673853    0.729770    1.045792    1.063097
    1.124647    1.157757    1.344975    1.377166    1.466548    1.498367    1.618398    1.639455
    1.869390    1.902588    1.904768    1.917983    2.174389    2.200999    2.275037    2.312872
    2.405001    2.426745    2.441525    2.450877    2.550971    2.573763    2.621425    2.650640
    2.801910    2.819067    2.845855    2.868137
at   0.00532   0.00532   0.49468    0.002833
   52 eigenvalues :
   -2.810792   -2.725689   -1.592183   -1.573151   -1.546273   -1.494058   -1.473928   -1.462422
    0.219219    0.268337    0.281500    0.347909    0.381838    0.391292    0.400527    0.421803
    0.429790    0.458705    0.469917    0.511122    0.673858    0.729768    1.045418    1.062783
    1.124022    1.157136    1.345358    1.377490    1.467285    1.499095    1.618497    1.639555
    1.869728    1.902927    1.904535    1.917760    2.174787    2.201386    2.274728    2.312498
    2.403047    2.427144    2.439348    2.451363    2.553079    2.576096    2.621495    2.650699
    2.788233    2.806352    2.859802    2.881133
at   0.01064   0.01064   0.48936    0.002833
   52 eigenvalues :
   -2.810792   -2.725688   -1.592178   -1.573157   -1.546276   -1.494051   -1.473936   -1.462428
    0.219405    0.268538    0.281467    0.347855    0.381870    0.391297    0.398505    0.421229
    0.432041    0.458745    0.469924    0.511927    0.673874    0.729761    1.044301    1.061846
    1.122166    1.155290    1.346499    1.378459    1.469476    1.501262    1.618791    1.639853
    1.870740    1.903840    1.903946    1.917095    2.175975    2.202542    2.273817    2.311399
    2.397492    2.428321    2.433229    2.452797    2.559096    2.582686    2.621705    2.650873
    2.763814    2.782641    2.885035    2.905692
at   0.01596   0.01596   0.48404    0.002833
   52 eigenvalues :
   -2.810791   -2.725687   -1.592169   -1.573167   -1.546280   -1.494039   -1.473948   -1.462437
    0.219713    0.268873    0.281411    0.347765    0.381925    0.391305    0.395642    0.420295
    0.435286    0.458813    0.469937    0.513245    0.673902    0.729750    1.042460    1.060298
    1.119127    1.152268    1.348383    1.380063    1.473071    1.504818    1.619283    1.640350
    1.872425    1.902698    1.905638    1.916000    2.177940    2.204456    2.272346    2.309634
    2.389068    2.424083    2.430244    2.455114    2.568290    2.592602    2.622055    2.651150
    2.737572    2.756782    2.906945    2.932976
at   0.02128   0.02128   0.47872    0.002833
   52 eigenvalues :
   -2.810790   -2.725686   -1.592157   -1.573180   -1.546287   -1.494023   -1.473967   -1.462450
    0.220144    0.269340    0.281334    0.347641    0.382000    0.391316    0.392295    0.419033
    0.439166    0.458909    0.469954    0.515045    0.673941    0.729735    1.039921    1.058157
    1.114981    1.148144    1.350984    1.382286    1.477993    1.509684    1.619970    1.641045
    1.874777    1.901129    1.908003    1.914494    2.180660    2.207106    2.270378    2.307291
    2.378572    2.412882    2.432817    2.458216    2.579862    2.604896    2.622542    2.651494
    2.710970    2.730495    2.907421    2.934526
at   0.02660   0.02660   0.47340    0.002833
   52 eigenvalues :
   -2.810789   -2.725685   -1.592142   -1.573198   -1.546295   -1.494002   -1.473991   -1.462467
    0.220695    0.269938    0.281235    0.347482    0.382097    0.388686    0.391330    0.417480
    0.443457    0.459033    0.469978    0.517288    0.673994    0.729718    1.036720    1.055446
    1.109824    1.143013    1.354271    1.385106    1.484140    1.515762    1.620854    1.641939
    1.877792    1.899162    1.911031    1.912604    2.184105    2.210466    2.267992    2.304475
    2.366664    2.400338    2.435965    2.461986    2.593148    2.618837    2.623167    2.651801
    2.684377    2.704326    2.908103    2.935161
at   0.03191   0.03191   0.46809    0.002833
   52 eigenvalues :
   -2.810788   -2.725684   -1.592123   -1.573220   -1.546305   -1.493977   -1.474019   -1.462487
    0.221365    0.270665    0.281117    0.347291    0.382215    0.384951    0.391348    0.415682
    0.448018    0.459189    0.470009    0.519929    0.674060    0.729699    1.032907    1.052203
    1.103774    1.136993    1.358195    1.388493    1.491388    1.522928    1.621933    1.643029
    1.881455    1.896835    1.910364    1.914708    2.188231    2.214497    2.265278    2.301304
    2.353847    2.386974    2.439579    2.466290    2.607637    2.623927    2.633894    2.651564
    2.657976    2.678996    2.909040    2.936036
at   0.03723   0.03723   0.46277    0.002833
   52 eigenvalues :
   -2.810784   -2.725680   -1.592101   -1.573245   -1.546316   -1.493946   -1.474053   -1.462511
    0.222154    0.271522    0.280979    0.347066    0.381152    0.382353    0.391368    0.413673
    0.452772    0.459391    0.470050    0.522937    0.674177    0.729717    1.028519    1.048450
    1.096934    1.130185    1.362798    1.392497    1.500009    1.531434    1.623211    1.644322
    1.885771    1.894453    1.908064    1.919037    2.193204    2.219355    2.262905    2.298485
    2.340619    2.373279    2.444026    2.471432    2.622883    2.625044    2.631871    2.645126
    2.649928    2.660194    2.910321    2.937245
at   0.04255   0.04255   0.45745    0.002833
   52 eigenvalues :
   -2.810782   -2.725678   -1.592076   -1.573274   -1.546330   -1.493912   -1.474091   -1.462538
    0.223057    0.272504    0.280823    0.346812    0.377338    0.382510    0.391391    0.411495
    0.457517    0.459781    0.470108    0.526268    0.674274    0.729698    1.023603    1.044223
    1.089396    1.122681    1.367897    1.396954    1.509130    1.540451    1.624684    1.645811
    1.890724    1.891485    1.905196    1.924000    2.198635    2.224672    2.259863    2.294975
    2.326791    2.359053    2.448221    2.476397    2.605805    2.623219    2.625811    2.639265
    2.657124    2.666456    2.911941    2.938766
at   0.04787   0.04787   0.45213    0.002833
   52 eigenvalues :
   -2.810780   -2.725676   -1.592049   -1.573306   -1.546345   -1.493874   -1.474134   -1.462569
    0.224072    0.273608    0.280651    0.346528    0.373540    0.382687    0.391416    0.409182
    0.459538    0.463017    0.470210    0.529888    0.674390    0.729684    1.018210    1.039560
    1.081274    1.114593    1.373515    1.401897    1.519022    1.550228    1.626353    1.647497
    1.888266    1.896300    1.902080    1.929581    2.204637    2.230557    2.256735    2.291384
    2.312749    2.344665    2.452593    2.481557    2.580024    2.598171    2.626939    2.655884
    2.657560    2.683438    2.913988    2.940697
at   0.05319   0.05319   0.44681    0.002833
   52 eigenvalues :
   -2.810778   -2.725673   -1.592018   -1.573342   -1.546362   -1.493832   -1.474181   -1.462603
    0.225197    0.274831    0.280463    0.346216    0.369774    0.382883    0.391442    0.406768
    0.459875    0.467796    0.470599    0.533764    0.674527    0.729674    1.012389    1.034497
    1.072664    1.106017    1.379611    1.407299    1.529578    1.560661    1.628218    1.649382
    1.884835    1.898751    1.902487    1.935763    2.211169    2.236970    2.253592    2.287759
    2.298637    2.330218    2.457051    2.486811    2.554495    2.572921    2.628168    2.658538
    2.672924    2.700804    2.916520    2.943094
at   0.05851   0.05851   0.44149    0.002833
   52 eigenvalues :
   -2.810776   -2.725670   -1.591985   -1.573381   -1.546380   -1.493786   -1.474233   -1.462640
    0.226427    0.276170    0.280262    0.345879    0.366055    0.383095    0.391469    0.404279
    0.460158    0.469805    0.473944    0.537867    0.674685    0.729670    1.006184    1.029068
    1.063651    1.097038    1.386146    1.413132    1.540451    1.571405    1.630276    1.651462
    1.881227    1.895244    1.909264    1.942528    2.218191    2.243873    2.250464    2.283163
    2.285515    2.315787    2.460308    2.490906    2.528862    2.547465    2.629438    2.659668
    2.690288    2.718460    2.919203    2.945623
at   0.06383   0.06383   0.43617    0.002833
   52 eigenvalues :
   -2.810773   -2.725667   -1.591950   -1.573423   -1.546400   -1.493736   -1.474289   -1.462680
    0.227760    0.277620    0.280051    0.345518    0.362391    0.383324    0.391494    0.401741
    0.460448    0.470027    0.479193    0.542179    0.674872    0.729680    0.999639    1.023309
    1.054312    1.087731    1.393087    1.419370    1.552054    1.582866    1.632532    1.653741
    1.877479    1.891593    1.916614    1.949850    2.225664    2.247483    2.251230    2.270002
    2.281161    2.301432    2.464609    2.495992    2.503884    2.522556    2.630868    2.661047
    2.707910    2.736345    2.922882    2.949145
at   0.06915   0.06915   0.43085    0.002833
   52 eigenvalues :
   -2.810770   -2.725664   -1.591912   -1.573468   -1.546421   -1.493683   -1.474348   -1.462723
    0.229191    0.279158    0.279850    0.345136    0.358788    0.383569    0.391514    0.399178
    0.460753    0.470122    0.484671    0.546679    0.675087    0.729703    0.992791    1.017250
    1.044715    1.078164    1.400401    1.425989    1.564053    1.594714    1.634983    1.656217
    1.873622    1.887828    1.924512    1.957704    2.233552    2.244665    2.255975    2.259003
    2.277954    2.287205    2.468774    2.479166    2.497885    2.500938    2.632381    2.662538
    2.725736    2.754409    2.927161    2.953263
at   0.07447   0.07447   0.42553    0.002833
   52 eigenvalues :
   -2.810767   -2.725661   -1.591871   -1.573515   -1.546443   -1.493626   -1.474410   -1.462768
    0.230716    0.279568    0.280872    0.344735    0.355251    0.383827    0.391517    0.396619
    0.461074    0.470194    0.490267    0.551351    0.675342    0.729752    0.985750    1.010984
    1.034940    1.068415    1.408420    1.433314    1.576579    1.607069    1.637643    1.658902
    1.869698    1.883992    1.933094    1.966216    2.241916    2.242168    2.242251    2.267289
    2.273378    2.275102    2.454747    2.473010    2.473570    2.506017    2.634498    2.664605
    2.744382    2.773268    2.932051    2.958007
at   0.07979   0.07979   0.42021    0.002833
   52 eigenvalues :
   -2.810764   -2.725657   -1.591829   -1.573565   -1.546466   -1.493567   -1.474476   -1.462816
    0.232329    0.279339    0.282625    0.344318    0.351784    0.384096    0.391445    0.394138
    0.461411    0.470257    0.495957    0.556177    0.675624    0.729812    0.978406    1.004413
    1.024997    1.058495    1.416371    1.440605    1.589142    1.619463    1.640488    1.661772
    1.865707    1.880082    1.942022    1.975047    2.228459    2.239778    2.250575    2.259538
    2.272490    2.275805    2.430575    2.449325    2.476835    2.510499    2.636156    2.666277
    2.762454    2.791543    2.937474    2.963305
at   0.08511   0.08511   0.41489    0.002833
   52 eigenvalues :
   -2.810760   -2.725654   -1.591785   -1.573617   -1.546490   -1.493505   -1.474545   -1.462866
    0.234025    0.279098    0.284479    0.343886    0.348390    0.384371    0.390747    0.392301
    0.461762    0.470319    0.501734    0.561146    0.675945    0.729896    0.970860    0.997624
    1.014957    1.048468    1.424624    1.448221    1.601891    1.632025    1.643538    1.664838
    1.861687    1.876138    1.951394    1.984285    2.214884    2.237654    2.246047    2.259511
    2.270224    2.284636    2.406678    2.425427    2.480301    2.514676    2.637855    2.667999
    2.780604    2.809881    2.943325    2.969091
at   0.09043   0.09043   0.40957    0.002833
   52 eigenvalues :
   -2.810757   -2.725650   -1.591739   -1.573671   -1.546516   -1.493440   -1.474616   -1.462919
    0.235798    0.278854    0.286420    0.343444    0.345071    0.384634    0.388611    0.391946
    0.462127    0.470380    0.507592    0.566248    0.676308    0.730008    0.963138    0.990635
    1.004862    1.038377    1.433161    1.456147    1.614761    1.644562    1.646922    1.668099
    1.857662    1.872183    1.961156    1.993865    2.201583    2.232197    2.236572    2.268337
    2.268736    2.293760    2.383057    2.401798    2.483460    2.518515    2.639575    2.669752
    2.798794    2.828246    2.949352    2.975171
at   0.09574   0.09574   0.40426    0.002833
   52 eigenvalues :
   -2.810753   -2.725646   -1.591692   -1.573727   -1.546542   -1.493374   -1.474689   -1.462973
    0.237639    0.278611    0.288439    0.341834    0.342994    0.384753    0.386339    0.391917
    0.462505    0.470441    0.513518    0.571464    0.676716    0.730152    0.955279    0.983474
    0.994774    1.028273    1.441951    1.464355    1.627671    1.650086    1.657540    1.671549
    1.853659    1.868243    1.971217    2.003681    2.188652    2.219652    2.235015    2.266869
    2.278203    2.303131    2.359756    2.378484    2.486289    2.521989    2.641292    2.671510
    2.816949    2.846563    2.955036    2.981139
at   0.10106   0.10106   0.39894    0.002833
   52 eigenvalues :
   -2.810750   -2.725642   -1.591645   -1.573784   -1.546569   -1.493306   -1.474765   -1.463029
    0.239548    0.278369    0.290536    0.338670    0.342538    0.383373    0.385557    0.391937
    0.462894    0.470503    0.519531    0.576807    0.677177    0.730333    0.947276    0.976118
    0.984704    1.018151    1.451014    1.472864    1.640612    1.653730    1.670262    1.675200
    1.849679    1.864321    1.981511    2.013647    2.176137    2.207367    2.234133    2.265855
    2.287921    2.312757    2.336687    2.355398    2.488786    2.525096    2.642987    2.673254
    2.835094    2.864860    2.959429    2.986260
at   0.10638   0.10638   0.39362    0.002833
   52 eigenvalues :
   -2.810746   -2.725637   -1.591597   -1.573843   -1.546596   -1.493236   -1.474842   -1.463087
    0.241515    0.278133    0.292699    0.335585    0.342079    0.381024    0.385781    0.391973
    0.463293    0.470566    0.525619    0.582261    0.677692    0.730556    0.939163    0.968556
    0.974739    1.008057    1.460322    1.481651    1.653502    1.657544    1.679046    1.682952
    1.845747    1.860441    1.991873    2.023567    2.164204    2.195753    2.233748    2.265336
    2.297849    2.313896    2.322595    2.332585    2.490944    2.527824    2.644627    2.674952
    2.853147    2.883054    2.960948    2.989180
at   0.11170   0.11170   0.38830    0.002833
   52 eigenvalues :
   -2.810742   -2.725633   -1.591548   -1.573903   -1.546624   -1.493165   -1.474921   -1.463145
    0.243531    0.277906    0.294921    0.332581    0.341620    0.378637    0.386090    0.392016
    0.463699    0.470629    0.531780    0.587819    0.678268    0.730825    0.930958    0.960692
    0.965018    0.998015    1.469869    1.490706    1.661545    1.666285    1.683090    1.695541
    1.841876    1.856618    2.002078    2.033176    2.153071    2.185083    2.233883    2.265346
    2.291383    2.307960    2.310047    2.332620    2.492766    2.530178    2.646180    2.676572
    2.871054    2.901090    2.958026    2.988139
at   0.11702   0.11702   0.38298    0.002833
   52 eigenvalues :
   -2.810738   -2.725629   -1.591497   -1.573963   -1.546653   -1.493092   -1.475000   -1.463205
    0.245591    0.277688    0.297192    0.329658    0.341165    0.376283    0.386421    0.392062
    0.464113    0.470693    0.538013    0.593476    0.678908    0.731145    0.922676    0.952272
    0.955832    0.988048    1.479647    1.500023    1.665735    1.678895    1.687343    1.707972
    1.838080    1.852864    2.011770    2.042071    2.143080    2.175754    2.234570    2.265895
    2.269178    2.287785    2.318229    2.342805    2.494264    2.532168    2.647607    2.678075
    2.888752    2.918898    2.950441    2.982141
at   0.12234   0.12234   0.37766    0.002833
   52 eigenvalues :
   -2.810734   -2.725625   -1.591446   -1.574024   -1.546681   -1.493018   -1.475080   -1.463265
    0.247684    0.277484    0.299505    0.326817    0.340716    0.373976    0.386761    0.392111
    0.464530    0.470757    0.544318    0.599229    0.679617    0.731523    0.914331    0.943154
    0.947358    0.978177    1.489651    1.509597    1.670114    1.690840    1.692246    1.720193
    1.834370    1.849191    2.020393    2.049656    2.134779    2.168352    2.235845    2.247173
    2.265799    2.267126    2.328633    2.353126    2.495453    2.533808    2.648864    2.679418
    2.906169    2.936093    2.939575    2.971818
at   0.12766   0.12766   0.37234    0.002833
   52 eigenvalues :
   -2.810731   -2.725620   -1.591394   -1.574085   -1.546710   -1.492942   -1.475160   -1.463326
    0.249803    0.277295    0.301850    0.324059    0.340277    0.371725    0.387107    0.392162
    0.464951    0.470821    0.550692    0.605073    0.680401    0.731963    0.905937    0.933684
    0.939279    0.968420    1.499876    1.519423    1.674683    1.696247    1.703618    1.732153
    1.830755    1.845609    2.027118    2.055133    2.128983    2.163661    2.225492    2.237733
    2.244104    2.268952    2.339145    2.363557    2.496352    2.535121    2.649901    2.680551
    2.923211    2.925509    2.953672    2.958483
at   0.13298   0.13298   0.36702    0.002833
   52 eigenvalues :
   -2.810727   -2.725616   -1.591342   -1.574146   -1.546739   -1.492867   -1.475240   -1.463387
    0.251939    0.277125    0.304218    0.321385    0.339851    0.369533    0.387456    0.392213
    0.465372    0.470885    0.557136    0.611006    0.681263    0.732470    0.897504    0.924163
    0.931324    0.958794    1.510319    1.529496    1.679440    1.701074    1.715450    1.743805
    1.827245    1.842129    2.030939    2.057678    2.126684    2.162492    2.204086    2.222641
    2.240329    2.271456    2.349739    2.374072    2.496985    2.536129    2.650658    2.681417
    2.910228    2.939525    2.943420    2.970331
at   0.13830   0.13830   0.36170    0.002833
   52 eigenvalues :
   -2.810723   -2.725612   -1.591288   -1.574206   -1.546766   -1.492789   -1.475319   -1.463446
    0.254082    0.276976    0.306596    0.318795    0.339440    0.367405    0.387805    0.392265
    0.465793    0.470949    0.563657    0.617034    0.682221    0.733063    0.889099    0.914721
    0.923448    0.949322    1.521139    1.539968    1.684405    1.706089    1.726990    1.755138
    1.823859    1.838768    2.031568    2.057287    2.128605    2.165275    2.182958    2.201493
    2.243675    2.274760    2.361348    2.385565    2.497378    2.536862    2.652490    2.683308
    2.894586    2.927212    2.955876    2.986407
at   0.14362   0.14362   0.35638    0.002833
   52 eigenvalues :
   -2.810719   -2.725607   -1.591236   -1.574266   -1.546794   -1.492714   -1.475397   -1.463507
    0.256223    0.276851    0.308972    0.316292    0.339048    0.365343    0.388152    0.392317
    0.466211    0.471012    0.570238    0.623134    0.683257    0.733724    0.880618    0.905396
    0.915521    0.940008    1.532002    1.550517    1.689538    1.711264    1.738089    1.766032
    1.820580    1.835511    2.028196    2.053323    2.134650    2.162115    2.171715    2.180667
    2.247692    2.278740    2.372036    2.396174    2.497551    2.537343    2.652530    2.683481
    2.877205    2.909562    2.971133    3.001740
at   0.14894   0.14894   0.35106    0.002833
   52 eigenvalues :
   -2.810715   -2.725603   -1.591186   -1.574324   -1.546822   -1.492640   -1.475475   -1.463566
    0.258351    0.276753    0.311311    0.313901    0.338678    0.363348    0.388496    0.392367
    0.466624    0.471073    0.576886    0.629315    0.684386    0.734470    0.872126    0.896226
    0.907585    0.930872    1.543078    1.561304    1.694856    1.716621    1.748745    1.776482
    1.817428    1.832379    2.022065    2.046944    2.141285    2.144270    2.159959    2.181279
    2.252472    2.283491    2.382718    2.406777    2.497536    2.537605    2.652066    2.683164
    2.859152    2.891198    2.985515    3.016165
at   0.15426   0.15426   0.34574    0.002833
   52 eigenvalues :
   -2.810711   -2.725599   -1.591136   -1.574382   -1.546849   -1.492567   -1.475550   -1.463625
    0.260458    0.276683    0.311443    0.313780    0.338332    0.361424    0.388835    0.392417
    0.467031    0.471134    0.583600    0.635574    0.685612    0.735307    0.863629    0.887233
    0.899642    0.921931    1.554367    1.572329    1.700357    1.722159    1.758917    1.786452
    1.814410    1.829377    2.014102    2.038921    2.121196    2.139653    2.155793    2.192897
    2.258039    2.289035    2.393362    2.417341    2.497360    2.537677    2.651007    2.682266
    2.840574    2.872302    2.998827    3.029491
at   0.15957   0.15957   0.34043    0.002833
   52 eigenvalues :
   -2.810708   -2.725595   -1.591088   -1.574438   -1.546876   -1.492496   -1.475624   -1.463683
    0.262527    0.276645    0.309227    0.316058    0.338015    0.359574    0.389167    0.392466
    0.467428    0.471192    0.590368    0.641896    0.686937    0.736236    0.855152    0.878453
    0.891710    0.913213    1.565847    1.583568    1.706029    1.727864    1.768553    1.795891
    1.811535    1.826516    2.005030    2.029867    2.101220    2.119651    2.169138    2.206068
    2.264399    2.295379    2.403912    2.427810    2.497047    2.537586    2.649259    2.680693
    2.821622    2.853038    3.010843    3.041491
at   0.16489   0.16489   0.33511    0.002833
   52 eigenvalues :
   -2.810704   -2.725591   -1.591042   -1.574495   -1.546905   -1.492428   -1.475698   -1.463742
    0.264557    0.276641    0.307059    0.318329    0.337728    0.357792    0.389492    0.392513
    0.467816    0.471248    0.597212    0.648302    0.688350    0.737249    0.846615    0.869856
    0.883715    0.904690    1.577400    1.594908    1.711859    1.733725    1.777365    1.804524
    1.808703    1.823700    1.994953    2.019823    2.081416    2.099828    2.182753    2.219525
    2.270845    2.301829    2.413765    2.437604    2.496613    2.537352    2.646712    2.678335
    2.801952    2.833079    3.020262    3.050841
at   0.17021   0.17021   0.32979    0.002833
   52 eigenvalues :
   -2.810701   -2.725587   -1.590996   -1.574548   -1.546930   -1.492361   -1.475767   -1.463796
    0.266534    0.276674    0.304968    0.320548    0.337474    0.356084    0.389808    0.392558
    0.468192    0.471303    0.604126    0.654785    0.689889    0.738385    0.838167    0.861503
    0.875793    0.896419    1.589363    1.606669    1.717924    1.739815    1.785989    1.806120
    1.812961    1.821127    1.984928    2.009841    2.061959    2.080358    2.198211    2.234768
    2.279063    2.310044    2.424086    2.447839    2.496367    2.537305    2.643722    2.675530
    2.784009    2.814754    3.029247    3.059745
at   0.17553   0.17553   0.32447    0.002833
   52 eigenvalues :
   -2.810698   -2.725584   -1.590953   -1.574598   -1.546954   -1.492296   -1.475833   -1.463848
    0.268446    0.276747    0.302959    0.322701    0.337257    0.354451    0.390112    0.392601
    0.468554    0.471355    0.611101    0.661336    0.691530    0.739625    0.829717    0.853393
    0.867861    0.888399    1.601510    1.618633    1.724134    1.746043    1.793934    1.803689
    1.818703    1.820734    1.974599    1.999545    2.042776    2.061171    2.214247    2.250600
    2.287858    2.318833    2.434113    2.457783    2.495786    2.536883    2.639267    2.671285
    2.764205    2.794688    3.036424    3.066808
at   0.18085   0.18085   0.31915    0.002833
   52 eigenvalues :
   -2.810695   -2.725580   -1.590911   -1.574647   -1.546977   -1.492234   -1.475896   -1.463899
    0.270283    0.276861    0.301032    0.324775    0.337078    0.352892    0.390403    0.392641
    0.468901    0.471404    0.618141    0.667956    0.693277    0.740970    0.821290    0.845547
    0.859942    0.880650    1.613867    1.630824    1.730511    1.752431    1.801278    1.801415
    1.816433    1.827918    1.964179    1.989149    2.023879    2.042278    2.230822    2.266974
    2.297476    2.328440    2.443885    2.467472    2.495158    2.536397    2.633728    2.665962
    2.744280    2.774516    3.038863    3.069602
at   0.18617   0.18617   0.31383    0.002833
   52 eigenvalues :
   -2.810692   -2.725577   -1.590872   -1.574692   -1.546999   -1.492175   -1.475956   -1.463947
    0.272034    0.277019    0.299186    0.326756    0.336941    0.351407    0.390681    0.392678
    0.469230    0.471450    0.625244    0.674643    0.695124    0.742421    0.812892    0.837985
    0.852041    0.873190    1.626433    1.643238    1.737050    1.758968    1.799292    1.808024
    1.814319    1.834511    1.953747    1.978733    2.005272    2.023687    2.247844    2.283793
    2.307906    2.338853    2.453349    2.476851    2.494501    2.535867    2.627029    2.659482
    2.724290    2.754292    3.028608    3.059066
at   0.19149   0.19149   0.30851    0.002833
   52 eigenvalues :
   -2.810689   -2.725574   -1.590837   -1.574735   -1.547021   -1.492122   -1.476012   -1.463994
    0.273689    0.277224    0.297422    0.328632    0.336849    0.349998    0.390944    0.392712
    0.469541    0.471491    0.632388    0.681372    0.697067    0.743975    0.804489    0.830724
    0.844128    0.866036    1.639107    1.655776    1.743652    1.765551    1.797284    1.812317
    1.814036    1.840386    1.943253    1.968242    1.986947    2.005401    2.264326    2.300105
    2.318959    2.349870    2.461981    2.485413    2.492763    2.534263    2.619311    2.651980
    2.705114    2.734839    3.019156    3.049352
at   0.19681   0.19681   0.30319    0.002833
   52 eigenvalues :
   -2.810686   -2.725571   -1.590803   -1.574775   -1.547040   -1.492071   -1.476064   -1.464035
    0.275239    0.277478    0.295738    0.330392    0.336803    0.348665    0.391191    0.392742
    0.469832    0.471529    0.639614    0.688183    0.699094    0.745621    0.796158    0.823796
    0.836277    0.859217    1.652094    1.668633    1.750475    1.772335    1.795491    1.810527
    1.819587    1.845811    1.932956    1.957952    1.968953    1.987462    2.281961    2.317491
    2.330986    2.361830    2.470586    2.492092    2.493933    2.533697    2.610139    2.643017
    2.685114    2.714618    3.011810    3.041763
at   0.20213   0.20213   0.29787    0.002833
   52 eigenvalues :
   -2.810684   -2.725569   -1.590772   -1.574811   -1.547058   -1.492024   -1.476111   -1.464074
    0.276673    0.277782    0.294135    0.332024    0.336806    0.347407    0.391421    0.392767
    0.470101    0.471562    0.646902    0.695046    0.701198    0.747346    0.787867    0.817226
    0.828454    0.852759    1.665281    1.681697    1.757418    1.779211    1.793862    1.808900
    1.824547    1.850658    1.922774    1.947777    1.951281    1.969878    2.299848    2.335028
    2.343834    2.374515    2.478687    2.491437    2.501952    2.533140    2.599753    2.632824
    2.665201    2.694478    3.005933    3.035666
at   0.20745   0.20745   0.29255    0.002833
   52 eigenvalues :
   -2.810682   -2.725566   -1.590744   -1.574845   -1.547073   -1.491981   -1.476155   -1.464109
    0.277983    0.278140    0.292611    0.333517    0.336861    0.346223    0.391633    0.392787
    0.470349    0.471590    0.654251    0.701839    0.703474    0.749130    0.779618    0.811052
    0.820666    0.846696    1.678661    1.694959    1.764454    1.786136    1.792400    1.807440
    1.828930    1.854941    1.912736    1.933960    1.937748    1.952690    2.317940    2.352418
    2.357708    2.387886    2.486215    2.490810    2.509399    2.532605    2.588196    2.621437
    2.645430    2.674461    3.001491    3.031030
at   0.21277   0.21277   0.28723    0.002833
   52 eigenvalues :
   -2.810680   -2.725564   -1.590719   -1.574874   -1.547088   -1.491942   -1.476193   -1.464140
    0.278553    0.279161    0.291166    0.334860    0.336970    0.345115    0.391827    0.392801
    0.470574    0.471611    0.661660    0.705329    0.709123    0.750941    0.771420    0.805315
    0.812916    0.841067    1.692224    1.708404    1.771537    1.791106    1.793041    1.806148
    1.832749    1.858671    1.902869    1.917033    1.927893    1.935968    2.336189    2.368811
    2.373354    2.401894    2.490217    2.493095    2.516201    2.532103    2.575536    2.608915
    2.625867    2.654614    2.998426    3.027796
at   0.21809   0.21809   0.28191    0.002833
   52 eigenvalues :
   -2.810678   -2.725562   -1.590696   -1.574900   -1.547100   -1.491908   -1.476227   -1.464168
    0.279024    0.280198    0.289799    0.336046    0.337134    0.344081    0.392001    0.392809
    0.470775    0.471626    0.669129    0.707467    0.716146    0.752716    0.763297    0.800062
    0.805215    0.835925    1.705953    1.722011    1.778583    1.789982    1.799806    1.805025
    1.836019    1.861864    1.893199    1.900583    1.918202    1.919874    2.354548    2.384101
    2.390761    2.416484    2.489659    2.499253    2.522287    2.531644    2.561862    2.595327
    2.606604    2.634990    2.996654    3.025881
at   0.22340   0.22340   0.27660    0.002833
   52 eigenvalues :
   -2.810677   -2.725561   -1.590678   -1.574922   -1.547110   -1.491880   -1.476256   -1.464191
    0.279552    0.281086    0.288512    0.337062    0.337355    0.343122    0.392157    0.392810
    0.470953    0.471634    0.676643    0.709473    0.723246    0.753801    0.755864    0.795318
    0.797631    0.831342    1.719795    1.735720    1.785428    1.789031    1.804074    1.806193
    1.838750    1.864526    1.883707    1.884869    1.904462    1.908934    2.372933    2.399260
    2.408750    2.431549    2.489130    2.504607    2.527575    2.531232    2.547306    2.580767
    2.587815    2.615695    2.996075    3.025185
at   0.22872   0.22872   0.27128    0.002833
   52 eigenvalues :
   -2.810676   -2.725559   -1.590662   -1.574940   -1.547119   -1.491856   -1.476279   -1.464211
    0.280142    0.281822    0.287298    0.337637    0.337906    0.342234    0.392294    0.392803
    0.471107    0.471632    0.684227    0.711308    0.730423    0.746914    0.756314    0.789671
    0.791614    0.827378    1.733754    1.749531    1.788249    1.791774    1.803293    1.811774
    1.840965    1.866629    1.869900    1.874715    1.890382    1.899858    2.391360    2.414603
    2.426940    2.447036    2.488603    2.509107    2.530838    2.531873    2.532102    2.565232
    2.569650    2.596764    2.996577    3.025593
at   0.23404   0.23404   0.26596    0.002833
   52 eigenvalues :
   -2.810675   -2.725558   -1.590650   -1.574955   -1.547126   -1.491837   -1.476298   -1.464226
    0.280795    0.282400    0.286160    0.337980    0.338569    0.341419    0.392412    0.392786
    0.471239    0.471620    0.691867    0.712882    0.737656    0.738947    0.757684    0.782203
    0.788203    0.824136    1.747723    1.763325    1.787641    1.796868    1.802685    1.815594
    1.842672    1.856623    1.865846    1.868487    1.878486    1.891212    2.409737    2.429949
    2.445139    2.462715    2.488008    2.512681    2.515864    2.530548    2.535547    2.548998
    2.552330    2.578435    2.998043    3.026989
at   0.23936   0.23936   0.26064    0.002833
   52 eigenvalues :
   -2.810674   -2.725558   -1.590641   -1.574965   -1.547131   -1.491824   -1.476311   -1.464237
    0.281509    0.282816    0.285099    0.338386    0.339046    0.340675    0.392513    0.392758
    0.471348    0.471597    0.699556    0.714103    0.731001    0.744941    0.758783    0.774685
    0.785731    0.821717    1.761538    1.776932    1.787206    1.799017    1.802250    1.815940
    1.843879    1.846788    1.857719    1.869601    1.870492    1.883162    2.427991    2.444794
    2.463246    2.478066    2.487158    2.499340    2.515274    2.530204    2.532795    2.535966
    2.538106    2.561197    3.000356    3.029253
at   0.24468   0.24468   0.25532    0.002833
   52 eigenvalues :
   -2.810674   -2.725557   -1.590636   -1.574971   -1.547134   -1.491816   -1.476319   -1.464244
    0.282280    0.283067    0.284119    0.338857    0.339334    0.340001    0.392596    0.392719
    0.471437    0.471560    0.707272    0.714880    0.723128    0.752262    0.759493    0.767218
    0.784208    0.820217    1.774852    1.786945    1.790022    1.795734    1.801989    1.811187
    1.842788    1.844598    1.850453    1.868010    1.870301    1.876054    2.445993    2.457670
    2.481083    2.481604    2.485719    2.492602    2.516436    2.516876    2.522728    2.529618
    2.539658    2.546667    3.003395    3.032262
at   0.25000   0.25000   0.25000    0.002833
   52 eigenvalues :
   -2.810674   -2.725557   -1.590634   -1.574973   -1.547135   -1.491813   -1.476322   -1.464246
    0.282929    0.283151    0.283401    0.339372    0.339418    0.339430    0.392652    0.392678
    0.471505    0.471509    0.713998    0.715148    0.716349    0.758823    0.759738    0.760608
    0.783692    0.819708    1.786855    1.786858    1.786860    1.801900    1.801902    1.801904
    1.844310    1.844838    1.845388    1.870010    1.870535    1.871040    2.461172    2.463836
    2.467009    2.484224    2.496639    2.499222    2.501481    2.517378    2.517381    2.528793
    2.540179    2.540179    3.007040    3.035894
at   0.24688   0.24688   0.24688    0.002833
   52 eigenvalues :
   -2.810674   -2.725557   -1.590635   -1.574972   -1.547133   -1.491814   -1.476322   -1.464242
    0.282513    0.282755    0.284197    0.339068    0.339095    0.340027    0.392619    0.392695
    0.471463    0.471533    0.705605    0.719157    0.720560    0.750709    0.763619    0.764699
    0.784172    0.820179    1.774200    1.789210    1.791611    1.791629    1.806942    1.806955
    1.839922    1.848707    1.849310    1.865517    1.874189    1.874763    2.449530    2.452728
    2.477988    2.484170    2.487131    2.491719    2.516341    2.519557    2.519644    2.532267
    2.542780    2.542837    3.005199    3.034060
at   0.24375   0.24375   0.24375    0.002833
   52 eigenvalues :
   -2.810674   -2.725558   -1.590638   -1.574970   -1.547127   -1.491818   -1.476323   -1.464230
    0.282035    0.282253    0.285124    0.338765    0.338790    0.340535    0.392562    0.392706
    0.471402    0.471541    0.695683    0.723914    0.725377    0.741376    0.768145    0.769278
    0.785441    0.821412    1.761659    1.776637    1.793279    1.793337    1.809347    1.809390
    1.835106    1.856084    1.856686    1.860664    1.880956    1.881492    2.433490    2.436542
    2.467283    2.470333    2.479339    2.511798    2.521036    2.524475    2.524597    2.547863
    2.548430    2.549344    3.004122    3.032996
at   0.24063   0.24063   0.24063    0.002833
   52 eigenvalues :
   -2.810675   -2.725559   -1.590643   -1.574965   -1.547118   -1.491824   -1.476322   -1.464211
    0.281577    0.281771    0.285968    0.338484    0.338514    0.340915    0.392491    0.392701
    0.471324    0.471531    0.685548    0.728554    0.730294    0.732175    0.772792    0.773975
    0.787298    0.823207    1.749315    1.764262    1.792628    1.792730    1.809576    1.809658
    1.830405    1.855765    1.866058    1.866512    1.890026    1.890518    2.415718    2.418641
    2.449169    2.451986    2.478857    2.521403    2.530440    2.530814    2.533955    2.555043
    2.555339    2.570016    3.003601    3.032496
at   0.23750   0.23750   0.23750    0.002833
   52 eigenvalues :
   -2.810677   -2.725561   -1.590649   -1.574959   -1.547104   -1.491833   -1.476321   -1.464184
    0.281141    0.281311    0.286717    0.338227    0.338267    0.341154    0.392404    0.392680
    0.471229    0.471502    0.675284    0.722137    0.734046    0.735431    0.777581    0.778815
    0.789637    0.825461    1.737090    1.752006    1.790555    1.790692    1.808312    1.808428
    1.825813    1.851111    1.877496    1.877927    1.900763    1.901217    2.396887    2.399707
    2.430042    2.432739    2.478597    2.521355    2.537466    2.537887    2.555674    2.562540
    2.562794    2.591866    3.003412    3.032333
at   0.23438   0.23438   0.23438    0.002833
   52 eigenvalues :
   -2.810680   -2.725563   -1.590657   -1.574949   -1.547086   -1.491843   -1.476318   -1.464149
    0.280732    0.280881    0.287351    0.338000    0.338050    0.341236    0.392304    0.392643
    0.471118    0.471455    0.665045    0.712698    0.739174    0.740638    0.782476    0.783764
    0.792369    0.828091    1.725062    1.739947    1.787695    1.787857    1.806124    1.806266
    1.821376    1.846604    1.889825    1.890233    1.912523    1.912949    2.377529    2.380264
    2.410464    2.413075    2.478632    2.521443    2.544740    2.545247    2.569604    2.570383
    2.578245    2.613747    3.003326    3.032276
at   0.23125   0.23125   0.23125    0.002833
   52 eigenvalues :
   -2.810683   -2.725567   -1.590665   -1.574937   -1.547063   -1.491854   -1.476313   -1.464106
    0.280352    0.280479    0.287862    0.337806    0.337866    0.341146    0.392190    0.392590
    0.470991    0.471390    0.654824    0.703291    0.744484    0.745992    0.787506    0.788851
    0.795468    0.831072    1.713153    1.728009    1.784399    1.784577    1.803376    1.803537
    1.817084    1.842243    1.902723    1.903117    1.924980    1.925389    2.357779    2.360442
    2.390544    2.393087    2.478975    2.521779    2.552245    2.552823    2.577532    2.578225
    2.600013    2.635640    3.003102    3.032080
at   0.22813   0.22813   0.22813    0.002833
   52 eigenvalues :
   -2.810687   -2.725572   -1.590674   -1.574922   -1.547035   -1.491867   -1.476305   -1.464056
    0.280004    0.280112    0.288233    0.337647    0.337717    0.340873    0.392062    0.392521
    0.470847    0.471306    0.644726    0.694043    0.749910    0.751454    0.792631    0.794041
    0.798889    0.834362    1.701439    1.716268    1.780895    1.781083    1.800323    1.800496
    1.812977    1.838072    1.915867    1.916257    1.937789    1.938190    2.337951    2.340548
    2.370580    2.373062    2.479618    2.522387    2.559835    2.560475    2.585397    2.586112
    2.621668    2.657337    3.002494    3.031497
at   0.22500   0.22500   0.22500    0.002833
   52 eigenvalues :
   -2.810693   -2.725578   -1.590683   -1.574903   -1.547003   -1.491880   -1.476294   -1.463999
    0.279690    0.279778    0.288455    0.337525    0.337604    0.340401    0.391920    0.392436
    0.470688    0.471205    0.634716    0.684924    0.755482    0.757059    0.797876    0.799365
    0.802646    0.837967    1.689847    1.704648    1.777285    1.777479    1.797094    1.797275
    1.809043    1.834081    1.929174    1.929570    1.950841    1.951245    2.318077    2.320610
    2.350587    2.353012    2.480555    2.523272    2.567488    2.568185    2.593295    2.594047
    2.643206    2.678928    3.001253    3.030270
at   0.22188   0.22188   0.22188    0.002833
   52 eigenvalues :
   -2.810699   -2.725585   -1.590691   -1.574880   -1.546967   -1.491893   -1.476279   -1.463935
    0.279412    0.279483    0.288514    0.337442    0.337530    0.339723    0.391765    0.392336
    0.470513    0.471086    0.624877    0.676010    0.761161    0.762767    0.803189    0.804785
    0.806723    0.841857    1.678450    1.693225    1.773667    1.773863    1.793804    1.793989
    1.805320    1.830306    1.942425    1.942838    1.963903    1.964319    2.298430    2.300898
    2.330831    2.333198    2.481766    2.524422    2.575104    2.575853    2.601147    2.601937
    2.664440    2.700236    2.999151    3.028167
at   0.21875   0.21875   0.21875    0.002833
   52 eigenvalues :
   -2.810707   -2.725593   -1.590699   -1.574854   -1.546925   -1.491906   -1.476260   -1.463864
    0.279173    0.279227    0.288401    0.337401    0.337497    0.338824    0.391596    0.392219
    0.470322    0.470948    0.615164    0.667259    0.766981    0.768616    0.808567    0.810318
    0.811193    0.846053    1.667174    1.681924    1.770065    1.770262    1.790494    1.790680
    1.801796    1.826735    1.955571    1.956012    1.976916    1.977356    2.279039    2.281438
    2.311328    2.313632    2.483244    2.525834    2.582684    2.583483    2.608966    2.609797
    2.685465    2.721359    2.995962    3.024953
at   0.21563   0.21563   0.21563    0.002833
   52 eigenvalues :
   -2.810717   -2.725603   -1.590704   -1.574823   -1.546877   -1.491916   -1.476236   -1.463785
    0.278974    0.279014    0.288105    0.337400    0.337499    0.337712    0.391415    0.392088
    0.470116    0.470795    0.605659    0.658743    0.772928    0.774590    0.813929    0.815813
    0.816234    0.850530    1.656093    1.670818    1.766601    1.766796    1.787292    1.787478
    1.798520    1.823422    1.968638    1.969119    1.989888    1.990363    2.261186    2.263505
    2.293330    2.295561    2.485863    2.528390    2.590434    2.591281    2.616943    2.617815
    2.706116    2.742136    2.993407    3.022340
at   0.21250   0.21250   0.21250    0.002833
   52 eigenvalues :
   -2.810728   -2.725615   -1.590708   -1.574788   -1.546826   -1.491926   -1.476208   -1.463702
    0.278817    0.278842    0.287615    0.336331    0.337455    0.337565    0.391220    0.391941
    0.469895    0.470622    0.596293    0.650396    0.778991    0.780678    0.819240    0.821229
    0.821919    0.855309    1.645135    1.659836    1.763142    1.763334    1.784076    1.784258
    1.795441    1.820309    1.981029    1.981574    2.002257    2.002788    2.242897    2.245122
    2.274885    2.277031    2.487842    2.530298    2.597721    2.598619    2.624499    2.625414
    2.726463    2.762625    2.987678    3.016524
at   0.20938   0.20938   0.20938    0.002833
   52 eigenvalues :
   -2.810740   -2.725629   -1.590712   -1.574751   -1.546771   -1.491935   -1.476176   -1.463615
    0.278703    0.278716    0.286927    0.334732    0.337549    0.337664    0.391012    0.391779
    0.469658    0.470432    0.587138    0.642279    0.785110    0.786821    0.824563    0.826858
    0.827749    0.860365    1.634370    1.649047    1.759722    1.759908    1.780878    1.781055
    1.792587    1.817428    1.992598    1.993233    2.013882    2.014495    2.224744    2.226846
    2.256542    2.258577    2.489907    2.532283    2.604103    2.605058    2.631200    2.632167
    2.744814    2.781205    2.980443    3.009166
at   0.20625   0.20625   0.20625    0.002833
   52 eigenvalues :
   -2.810755   -2.725644   -1.590711   -1.574708   -1.546711   -1.491939   -1.476138   -1.463522
    0.278635    0.278635    0.286028    0.332883    0.337692    0.337812    0.390791    0.391601
    0.469406    0.470225    0.578154    0.634353    0.791408    0.793141    0.830078    0.832756
    0.833764    0.865732    1.623730    1.638384    1.756462    1.756642    1.777831    1.778001
    1.789997    1.814817    2.003040    2.003804    2.024494    2.025223    2.208941    2.210891
    2.240433    2.242332    2.492297    2.534601    2.610983    2.611991    2.638388    2.639403
    2.764222    2.800801    2.971857    3.000415
at   0.20313   0.20313   0.20313    0.002833
   52 eigenvalues :
   -2.810771   -2.725662   -1.590707   -1.574661   -1.546646   -1.491940   -1.476094   -1.463423
    0.278602    0.278613    0.284917    0.330792    0.337885    0.338009    0.390559    0.391410
    0.469140    0.470002    0.569398    0.626664    0.797803    0.799557    0.835792    0.838808
    0.839876    0.871377    1.613282    1.627914    1.753327    1.753500    1.774900    1.775061
    1.787668    1.812474    2.011711    2.012653    2.033503    2.034390    2.195209    2.196962
    2.226242    2.227966    2.494867    2.537098    2.617560    2.618624    2.645299    2.646366
    2.783041    2.819828    2.962010    2.990362
at   0.20000   0.20000   0.20000    0.002833
   52 eigenvalues :
   -2.810789   -2.725681   -1.590699   -1.574609   -1.546576   -1.491937   -1.476044   -1.463320
    0.278617    0.278638    0.283585    0.328446    0.338129    0.338256    0.390314    0.391204
    0.468859    0.469760    0.560817    0.619162    0.804335    0.806108    0.841769    0.845030
    0.846124    0.877336    1.602960    1.617571    1.750304    1.750469    1.772072    1.772224
    1.785588    1.810387    2.017909    2.019088    2.040278    2.041377    2.184228    2.185727
    2.214579    2.216075    2.497619    2.539777    2.623814    2.624939    2.651919    2.653043
    2.801322    2.838338    2.951005    2.979112
at   0.19688   0.19688   0.19688    0.002833
   52 eigenvalues :
   -2.810809   -2.725703   -1.590687   -1.574553   -1.546503   -1.491930   -1.475991   -1.463214
    0.278679    0.278710    0.282036    0.325862    0.338424    0.338554    0.390058    0.390984
    0.468564    0.469503    0.552466    0.611887    0.810943    0.812735    0.847975    0.851357
    0.852447    0.883573    1.592829    1.607419    1.747386    1.747543    1.769341    1.769483
    1.783778    1.808576    2.020646    2.022112    2.043889    2.045250    2.176657    2.177850
    2.206058    2.207274    2.500042    2.542108    2.629057    2.630250    2.657578    2.658766
    2.817229    2.854563    2.938576    2.966416
at   0.19375   0.19375   0.19375    0.002833
   52 eigenvalues :
   -2.810832   -2.725726   -1.590670   -1.574492   -1.546424   -1.491916   -1.475929   -1.463103
    0.278776    0.278829    0.280276    0.323026    0.338773    0.338905    0.389790    0.390751
    0.468255    0.469229    0.544302    0.604797    0.817706    0.819514    0.854456    0.857861
    0.858921    0.890129    1.582825    1.597395    1.744616    1.744763    1.766754    1.766885
    1.782228    1.807032    2.019437    2.021205    2.043782    2.045431    2.173708    2.174583
    2.201934    2.202850    2.503087    2.545079    2.634403    2.635666    2.663356    2.664613
    2.834071    2.871664    2.925881    2.953411
at   0.19063   0.19063   0.19063    0.002833
   52 eigenvalues :
   -2.810856   -2.725752   -1.590647   -1.574426   -1.546341   -1.491896   -1.475862   -1.462989
    0.278141    0.278989    0.279085    0.319963    0.339174    0.339307    0.389512    0.390504
    0.467933    0.468940    0.536373    0.597930    0.824562    0.826385    0.861160    0.864492
    0.865489    0.896961    1.573012    1.587562    1.741983    1.742120    1.764300    1.764420
    1.780951    1.805768    2.014145    2.016181    2.039662    2.041578    2.175164    2.175756
    2.202157    2.202795    2.506252    2.548169    2.639124    2.640464    2.668547    2.669878
    2.850016    2.887874    2.912825    2.940015
at   0.18750   0.18750   0.18750    0.002833
   52 eigenvalues :
   -2.810882   -2.725781   -1.590618   -1.574355   -1.546254   -1.491869   -1.475789   -1.462871
    0.275958    0.279203    0.279260    0.316658    0.339630    0.339764    0.389222    0.390245
    0.467598    0.468635    0.528631    0.591235    0.831554    0.833391    0.868110    0.871305
    0.872198    0.904114    1.563327    1.577858    1.739472    1.739599    1.761964    1.762071
    1.779942    1.804779    2.005283    2.007525    2.031865    2.033996    2.180487    2.180861
    2.206359    2.206771    2.509540    2.551382    2.643118    2.644544    2.673048    2.674464
    2.865063    2.899533    2.903268    2.926440
at   0.18438   0.18438   0.18438    0.002833
   52 eigenvalues :
   -2.810911   -2.725811   -1.590580   -1.574267   -1.546163   -1.491835   -1.475709   -1.462747
    0.273507    0.279473    0.279529    0.313141    0.340140    0.340274    0.388923    0.389973
    0.467251    0.468315    0.521124    0.584750    0.838641    0.840486    0.875230    0.878277
    0.879019    0.911539    1.553831    1.568344    1.737100    1.737215    1.759762    1.759855
    1.779210    1.804072    1.993773    1.996149    2.021204    2.023488    2.188779    2.189001
    2.213740    2.213991    2.512915    2.554681    2.646219    2.647719    2.676672    2.678180
    2.878958    2.886635    2.912853    2.913261
at   0.18125   0.18125   0.18125    0.002833
   52 eigenvalues :
   -2.810942   -2.725844   -1.590531   -1.574187   -1.546063   -1.491789   -1.475618   -1.462623
    0.270821    0.279797    0.279856    0.309400    0.340706    0.340839    0.388613    0.389689
    0.466890    0.467979    0.513803    0.578424    0.845862    0.847718    0.882515    0.885441
    0.886055    0.919284    1.544465    1.558959    1.734850    1.734953    1.757679    1.757757
    1.778750    1.803645    1.980359    1.982828    2.008439    2.010821    2.199247    2.199371
    2.223509    2.223650    2.516382    2.558068    2.648225    2.649826    2.679252    2.680839
    2.873892    2.874227    2.899957    2.900328
at   0.17813   0.17813   0.17813    0.002833
   52 eigenvalues :
   -2.810975   -2.725880   -1.590482   -1.574103   -1.545964   -1.491739   -1.475527   -1.462498
    0.267925    0.280173    0.280235    0.305470    0.341324    0.341456    0.388296    0.389395
    0.466520    0.467629    0.506714    0.572292    0.853172    0.855036    0.889855    0.892629
    0.893439    0.927298    1.535287    1.549764    1.732736    1.732826    1.755726    1.755789
    1.778566    1.803500    1.965771    1.968300    1.994320    1.996772    2.211166    2.211225
    2.234904    2.234973    2.519900    2.561506    2.648921    2.650625    2.680501    2.682195
    2.862293    2.862563    2.888002    2.888303
at   0.17500   0.17500   0.17500    0.002833
   52 eigenvalues :
   -2.811011   -2.725918   -1.590425   -1.574013   -1.545861   -1.491680   -1.475432   -1.462370
    0.264808    0.280604    0.280667    0.301336    0.341999    0.342129    0.387969    0.389090
    0.466137    0.467263    0.499808    0.566307    0.860618    0.862489    0.897258    0.899834
    0.901315    0.935629    1.526239    1.540699    1.730742    1.730819    1.753888    1.753935
    1.778657    1.803636    1.950370    1.952939    1.979261    1.981759    2.224128    2.224146
    2.247474    2.247497    2.523475    2.564997    2.648101    2.649908    2.680201    2.682005
    2.851851    2.852052    2.877255    2.877482
at   0.17188   0.17188   0.17188    0.002833
   52 eigenvalues :
   -2.811048   -2.725958   -1.590361   -1.573920   -1.545755   -1.491612   -1.475330   -1.462240
    0.261497    0.281085    0.281149    0.297039    0.342726    0.342853    0.387635    0.388775
    0.465745    0.466882    0.493129    0.560498    0.868152    0.870029    0.904669    0.907077
    0.909568    0.944221    1.517379    1.531823    1.728879    1.728942    1.752176    1.752206
    1.779021    1.804052    1.934565    1.937160    1.963703    1.966235    2.237694    2.237703
    2.260751    2.260759    2.527062    2.568497    2.645585    2.647489    2.678129    2.680038
    2.842935    2.843070    2.868127    2.868282
at   0.16875   0.16875   0.16875    0.002833
   52 eigenvalues :
   -2.811089   -2.726001   -1.590288   -1.573820   -1.545642   -1.491534   -1.475221   -1.462106
    0.257980    0.281619    0.281684    0.292564    0.343510    0.343634    0.387293    0.388450
    0.465342    0.466483    0.486633    0.554822    0.875869    0.877751    0.912192    0.914480
    0.918212    0.953136    1.508651    1.523078    1.727363    1.727415    1.750809    1.750824
    1.779660    1.804749    1.918743    1.921350    1.948026    1.950576    2.251729    2.251756
    2.274575    2.274602    2.530680    2.572024    2.642042    2.644026    2.674909    2.676905
    2.836372    2.836454    2.861501    2.861597
at   0.16563   0.16563   0.16563    0.002833
   52 eigenvalues :
   -2.811131   -2.726046   -1.590208   -1.573718   -1.545529   -1.491447   -1.475110   -1.461974
    0.254289    0.282202    0.282267    0.287954    0.344344    0.344464    0.386947    0.388118
    0.464931    0.466060    0.480363    0.549305    0.883628    0.885512    0.919719    0.921917
    0.927138    0.962295    1.500109    1.514521    1.725745    1.725781    1.749323    1.749327
    1.780567    1.805720    1.902587    1.905210    1.932009    1.934580    2.265843    2.265881
    2.288534    2.288573    2.534254    2.575501    2.635999    2.638049    2.669060    2.671129
    2.830935    2.830977    2.856129    2.856179
at   0.16250   0.16250   0.16250    0.002833
   52 eigenvalues :
   -2.811176   -2.726094   -1.590120   -1.573612   -1.545413   -1.491352   -1.474993   -1.461840
    0.250413    0.282816    0.282900    0.283215    0.345233    0.345348    0.386593    0.387777
    0.464507    0.465586    0.474302    0.543905    0.891520    0.893405    0.927349    0.929480
    0.936393    0.971759    1.491700    1.506097    1.724184    1.724202    1.747869    1.747896
    1.781730    1.806954    1.886366    1.889001    1.915895    1.918483    2.279774    2.279816
    2.302369    2.302413    2.537769    2.578913    2.627812    2.629909    2.660938    2.663060
    2.826149    2.826170    2.851614    2.851641
at   0.15938   0.15938   0.15938    0.002833
   52 eigenvalues :
   -2.811223   -2.726144   -1.590025   -1.573502   -1.545294   -1.491247   -1.474872   -1.461705
    0.246386    0.278321    0.283525    0.283582    0.346171    0.346281    0.386237    0.387431
    0.464058    0.464899    0.468669    0.538650    0.899499    0.901383    0.935044    0.937124
    0.945909    0.981471    1.483476    1.497859    1.722783    1.722784    1.746557    1.746607
    1.783172    1.808472    1.870299    1.872946    1.899919    1.902526    2.293651    2.293693
    2.316198    2.316243    2.541220    2.582248    2.618777    2.620893    2.651804    2.653953
    2.824257    2.824274    2.850078    2.850099
at   0.15625   0.15625   0.15625    0.002833
   52 eigenvalues :
   -2.811272   -2.726196   -1.589920   -1.573388   -1.545171   -1.491132   -1.474745   -1.461569
    0.242197    0.273332    0.284258    0.284312    0.347161    0.347266    0.385876    0.387079
    0.461818    0.463715    0.465464    0.533499    0.907613    0.909493    0.942858    0.944896
    0.955736    0.991485    1.475386    1.489754    1.721460    1.721483    1.745324    1.745400
    1.784881    1.810262    1.854320    1.856980    1.884024    1.886651    2.307144    2.307180
    2.329698    2.329739    2.544578    2.585470    2.608712    2.610818    2.641509    2.643663
    2.823914    2.823942    2.850200    2.850233
at   0.15313   0.15313   0.15313    0.002833
   52 eigenvalues :
   -2.811323   -2.726251   -1.589809   -1.573270   -1.545047   -1.491008   -1.474614   -1.461432
    0.237883    0.268264    0.285037    0.285086    0.348198    0.348296    0.385514    0.386723
    0.456573    0.463253    0.464720    0.528479    0.915809    0.917684    0.950743    0.952747
    0.965803    1.001733    1.467482    1.481836    1.720234    1.720280    1.744164    1.744269
    1.786840    1.812304    1.838581    1.841250    1.868366    1.871016    2.319902    2.319923
    2.342531    2.342560    2.547787    2.588475    2.598202    2.600228    2.630611    2.632754
    2.824903    2.824952    2.851727    2.851782
at   0.15000   0.15000   0.15000    0.002833
   52 eigenvalues :
   -2.811377   -2.726308   -1.589689   -1.573149   -1.544919   -1.490875   -1.474479   -1.461295
    0.233433    0.263102    0.285863    0.285907    0.349284    0.349376    0.385150    0.386362
    0.451205    0.462811    0.464214    0.523551    0.924138    0.926007    0.958751    0.960725
    0.976168    1.012278    1.459711    1.474052    1.719085    1.719159    1.743049    1.743187
    1.789058    1.814572    1.823052    1.825698    1.852899    1.855573    2.331670    2.331673
    2.354463    2.354470    2.550828    2.587174    2.589545    2.591844    2.619592    2.621706
    2.827016    2.827092    2.854426    2.854509
at   0.14688   0.14688   0.14688    0.002833
   52 eigenvalues :
   -2.811432   -2.726367   -1.589562   -1.573024   -1.544789   -1.490733   -1.474339   -1.461157
    0.228886    0.257890    0.286731    0.286769    0.350412    0.350497    0.384788    0.386000
    0.445962    0.462371    0.463749    0.518741    0.932547    0.934408    0.966832    0.968778
    0.986760    1.023047    1.452125    1.466453    1.718005    1.718111    1.741958    1.742134
    1.791511    1.807658    1.810448    1.817273    1.837773    1.840475    2.341923    2.341966
    2.364996    2.365024    2.553634    2.577425    2.579573    2.594250    2.609126    2.611192
    2.830056    2.830160    2.858074    2.858188
at   0.14375   0.14375   0.14375    0.002833
   52 eigenvalues :
   -2.811490   -2.726428   -1.589428   -1.572895   -1.544655   -1.490581   -1.474195   -1.461018
    0.224228    0.252609    0.287643    0.287674    0.351587    0.351665    0.384426    0.385637
    0.440837    0.461932    0.463296    0.514016    0.941109    0.942960    0.975059    0.976979
    0.997642    1.034106    1.444674    1.458989    1.716967    1.717112    1.740843    1.741062
    1.792759    1.794321    1.795753    1.820118    1.823156    1.825869    2.350823    2.350929
    2.374280    2.374365    2.558584    2.568821    2.570875    2.598677    2.600140    2.601958
    2.833921    2.834055    2.862559    2.862703
at   0.14063   0.14063   0.14063    0.002833
   52 eigenvalues :
   -2.811549   -2.726491   -1.589287   -1.572764   -1.544521   -1.490422   -1.474047   -1.460879
    0.219503    0.247306    0.288592    0.288615    0.352798    0.352870    0.384068    0.385275
    0.435863    0.461495    0.462850    0.509399    0.949726    0.951566    0.983336    0.985232
    1.008740    1.045378    1.437407    1.451709    1.715921    1.716113    1.739632    1.739898
    1.778211    1.781030    1.797305    1.808771    1.811528    1.823251    2.356581    2.356776
    2.380610    2.380777    2.560479    2.562298    2.564166    2.592282    2.594188    2.601257
    2.838405    2.838566    2.867659    2.867832
at   0.13750   0.13750   0.13750    0.002833
   52 eigenvalues :
   -2.811610   -2.726556   -1.589139   -1.572629   -1.544383   -1.490255   -1.473895   -1.460740
    0.214692    0.241958    0.289582    0.289596    0.354051    0.354118    0.383713    0.384913
    0.431008    0.461060    0.462407    0.504857    0.958472    0.960298    0.991736    0.993607
    1.020120    1.056933    1.430276    1.444567    1.714789    1.715039    1.738195    1.738510
    1.763974    1.766845    1.794851    1.797743    1.800601    1.826553    2.359225    2.359540
    2.383985    2.384264    2.557800    2.559579    2.563005    2.587273    2.589058    2.602878
    2.843513    2.843699    2.873375    2.873574
at   0.13438   0.13438   0.13438    0.002833
   52 eigenvalues :
   -2.811672   -2.726622   -1.588985   -1.572492   -1.544244   -1.490080   -1.473740   -1.460600
    0.209842    0.236611    0.290600    0.290611    0.355334    0.355399    0.383365    0.384556
    0.426298    0.460631    0.461969    0.500418    0.967290    0.969101    1.000203    1.002049
    1.031705    1.068691    1.423327    1.437606    1.713409    1.713722    1.736311    1.736655
    1.750399    1.753329    1.781957    1.784832    1.803946    1.830081    2.358371    2.358831
    2.383964    2.384382    2.556715    2.558390    2.564324    2.585220    2.586863    2.604061
    2.849168    2.849375    2.879618    2.879839
at   0.13125   0.13125   0.13125    0.002833
   52 eigenvalues :
   -2.811737   -2.726691   -1.588824   -1.572352   -1.544103   -1.489899   -1.473582   -1.460460
    0.204932    0.231244    0.291649    0.291667    0.356651    0.356718    0.383023    0.384202
    0.421700    0.460207    0.461536    0.496051    0.976233    0.978027    1.008790    1.010610
    1.043566    1.080724    1.416516    1.430784    1.711362    1.711691    1.733509    1.733813
    1.737893    1.740834    1.770311    1.773133    1.807568    1.833842    2.353978    2.354592
    2.380427    2.380997    2.558672    2.560204    2.565265    2.586262    2.587763    2.604714
    2.855386    2.855610    2.886401    2.886640
at   0.12813   0.12813   0.12813    0.002833
   52 eigenvalues :
   -2.811802   -2.726760   -1.588659   -1.572210   -1.543961   -1.489711   -1.473420   -1.460321
    0.200009    0.225900    0.292722    0.292751    0.357992    0.358065    0.382692    0.383856
    0.417238    0.459791    0.461110    0.491781    0.985242    0.987016    1.017438    1.019232
    1.055623    1.092950    1.409886    1.424143    1.707640    1.707694    1.727496    1.728868
    1.729396    1.730762    1.760867    1.763451    1.811387    1.837804    2.346377    2.347140
    2.373616    2.374338    2.563237    2.564517    2.566061    2.590176    2.591554    2.604755
    2.862130    2.862369    2.893677    2.893931
at   0.12500   0.12500   0.12500    0.002833
   52 eigenvalues :
   -2.811869   -2.726832   -1.588489   -1.572065   -1.543816   -1.489517   -1.473255   -1.460181
    0.195051    0.220556    0.293823    0.293867    0.359360    0.359444    0.382371    0.383517
    0.412882    0.459383    0.460690    0.487580    0.994371    0.996125    1.026200    1.027967
    1.067948    1.105444    1.403395    1.417642    1.699938    1.700666    1.721085    1.721496
    1.723054    1.724134    1.754337    1.756446    1.815415    1.841979    2.336047    2.336941
    2.363965    2.364823    2.564903    2.570554    2.571887    2.596493    2.597767    2.604134
    2.869468    2.869716    2.901509    2.901773
at   0.12188   0.12188   0.12188    0.002833
   52 eigenvalues :
   -2.811937   -2.726904   -1.588317   -1.571922   -1.543672   -1.489319   -1.473090   -1.460042
    0.190103    0.215255    0.294943    0.295004    0.360744    0.360843    0.382063    0.383188
    0.408655    0.458988    0.460281    0.483474    1.003558    1.005290    1.035016    1.036755
    1.080461    1.118121    1.397084    1.411321    1.689294    1.690704    1.712371    1.713286
    1.719202    1.720409    1.750488    1.752091    1.819614    1.846332    2.323625    2.324630
    2.352096    2.353072    2.563879    2.579087    2.580360    2.602233    2.604875    2.606031
    2.864569    2.877528    2.902755    2.910033
at   0.11875   0.11875   0.11875    0.002833
   52 eigenvalues :
   -2.812006   -2.726978   -1.588138   -1.571773   -1.543525   -1.489115   -1.472920   -1.459901
    0.185145    0.209974    0.296086    0.296165    0.362148    0.362266    0.381770    0.382869
    0.404529    0.458603    0.459881    0.479438    1.012860    1.014567    1.043940    1.045648
    1.093235    1.131058    1.390913    1.405140    1.677592    1.679373    1.701687    1.703008
    1.717781    1.718641    1.748308    1.749531    1.824000    1.850877    2.309554    2.310647
    2.338469    2.339540    2.561914    2.588702    2.589993    2.600169    2.614177    2.615306
    2.855031    2.886121    2.893269    2.919010
at   0.11563   0.11563   0.11563    0.002833
   52 eigenvalues :
   -2.812076   -2.727052   -1.587957   -1.571622   -1.543377   -1.488909   -1.472747   -1.459761
    0.180218    0.204754    0.297242    0.297340    0.363560    0.363699    0.381494    0.382564
    0.400528    0.458234    0.459494    0.475497    1.022212    1.023891    1.052909    1.054585
    1.106185    1.144169    1.384921    1.399139    1.665739    1.667723    1.690460    1.692035
    1.717016    1.717678    1.747042    1.748018    1.828529    1.855573    2.294340    2.295503
    2.323611    2.324757    2.558996    2.596010    2.599726    2.600315    2.624342    2.625432
    2.845843    2.884153    2.895429    2.928622
at   0.11250   0.11250   0.11250    0.002833
   52 eigenvalues :
   -2.812147   -2.727127   -1.587773   -1.571469   -1.543227   -1.488698   -1.472572   -1.459621
    0.175303    0.199570    0.298414    0.298532    0.364983    0.365146    0.381235    0.382273
    0.396626    0.457878    0.459118    0.471629    1.031668    1.033318    1.061974    1.063617
    1.119391    1.157532    1.379070    1.393278    1.653958    1.656066    1.679066    1.680809
    1.716547    1.717090    1.746275    1.747087    1.833217    1.860436    2.278209    2.279428
    2.307771    2.308978    2.555041    2.592115    2.609810    2.610779    2.634927    2.635995
    2.837089    2.875533    2.905531    2.938973
at   0.10938   0.10938   0.10938    0.002833
   52 eigenvalues :
   -2.812218   -2.727203   -1.587587   -1.571316   -1.543077   -1.488486   -1.472395   -1.459481
    0.170439    0.194464    0.299591    0.299732    0.366403    0.366592    0.380997    0.381998
    0.392852    0.457537    0.458755    0.467866    1.041163    1.042782    1.071072    1.072680
    1.132763    1.171058    1.373397    1.387597    1.642446    1.644637    1.667794    1.669655
    1.716244    1.716712    1.745802    1.746507    1.838019    1.865419    2.261508    2.262770
    2.291315    2.292569    2.550020    2.586664    2.620206    2.621213    2.645548    2.646606
    2.828940    2.867553    2.916444    2.950050
at   0.10625   0.10625   0.10625    0.002833
   52 eigenvalues :
   -2.812290   -2.727279   -1.587399   -1.571161   -1.542926   -1.488272   -1.472217   -1.459340
    0.165606    0.189411    0.300776    0.300942    0.367822    0.368036    0.380778    0.381739
    0.389188    0.457203    0.458396    0.464199    1.050751    1.052336    1.080254    1.081824
    1.146383    1.184829    1.367866    1.382058    1.631189    1.633441    1.656689    1.658636
    1.716039    1.716459    1.745510    1.746140    1.842946    1.870535    2.244314    2.245609
    2.274334    2.275624    2.543869    2.580031    2.630370    2.631398    2.656026    2.657087
    2.821426    2.860236    2.928294    2.961978
at   0.10313   0.10313   0.10313    0.002833
   52 eigenvalues :
   -2.812361   -2.727355   -1.587212   -1.571007   -1.542775   -1.488058   -1.472038   -1.459201
    0.160843    0.184449    0.301959    0.302151    0.369223    0.369455    0.380569    0.381493
    0.385690    0.456842    0.458000    0.460736    1.060363    1.061912    1.089453    1.090984
    1.160160    1.198752    1.362513    1.376696    1.620297    1.622595    1.645890    1.647903
    1.715896    1.716285    1.745333    1.745913    1.847948    1.875735    2.226877    2.228198
    2.257088    2.258407    2.536619    2.572285    2.640040    2.641089    2.666109    2.667181
    2.814645    2.853669    2.941050    2.974725
at   0.10000   0.10000   0.10000    0.002833
   52 eigenvalues :
   -2.812433   -2.727432   -1.587023   -1.570851   -1.542624   -1.487843   -1.471858   -1.459060
    0.156129    0.179554    0.303144    0.303363    0.370605    0.370831    0.380265    0.381196
    0.382531    0.455967    0.457205    0.458304    1.070052    1.071563    1.098720    1.100209
    1.174176    1.212912    1.357303    1.371478    1.609724    1.612061    1.635373    1.637439
    1.715788    1.716157    1.745225    1.745771    1.853037    1.881030    2.209196    2.210535
    2.239586    2.240925    2.528247    2.563415    2.649145    2.650218    2.675719    2.676809
    2.808567    2.847813    2.954825    2.988407
at   0.09688   0.09688   0.09688    0.002833
   52 eigenvalues :
   -2.812505   -2.727508   -1.586836   -1.570696   -1.542473   -1.487630   -1.471677   -1.458921
    0.151500    0.174765    0.304317    0.304566    0.371931    0.372077    0.378623    0.380620
    0.381304    0.453149    0.456637    0.457736    1.079747    1.081217    1.107983    1.109429
    1.188338    1.227212    1.352268    1.366436    1.599559    1.601928    1.625239    1.627349
    1.715695    1.716053    1.745154    1.745680    1.858154    1.886363    2.191468    2.192821
    2.222030    2.223384    2.518861    2.553541    2.657539    2.658638    2.684694    2.685807
    2.803212    2.842677    2.969545    3.002954
at   0.09375   0.09375   0.09375    0.002833
   52 eigenvalues :
   -2.812577   -2.727584   -1.586650   -1.570540   -1.542322   -1.487417   -1.471497   -1.458781
    0.146937    0.170055    0.305484    0.305764    0.372610    0.373273    0.376341    0.380460
    0.381117    0.449881    0.456372    0.457444    1.089347    1.090774    1.117147    1.118547
    1.202713    1.241721    1.347377    1.361538    1.589735    1.592132    1.615432    1.617577
    1.715344    1.715700    1.744847    1.745363    1.863174    1.891612    2.172921    2.174278
    2.203658    2.205019    2.508403    2.542613    2.664505    2.665637    2.692364    2.693508
    2.798112    2.837788    2.984761    3.017896
at   0.09063   0.09063   0.09063    0.002833
   52 eigenvalues :
   -2.812648   -2.727660   -1.586466   -1.570386   -1.542171   -1.487207   -1.471317   -1.458642
    0.142474    0.165461    0.306633    0.306946    0.371052    0.374483    0.376135    0.380437
    0.381055    0.446640    0.456175    0.457214    1.099078    1.100459    1.126425    1.127776
    1.217239    1.256377    1.342663    1.356816    1.580376    1.582799    1.606079    1.608257
    1.715211    1.715571    1.744760    1.745275    1.868303    1.896977    2.155177    2.156538
    2.186087    2.187452    2.497209    2.530970    2.671338    2.672499    2.699892    2.701064
    2.794022    2.833890    3.001498    3.034324
at   0.08750   0.08750   0.08750    0.002833
   52 eigenvalues :
   -2.812718   -2.727735   -1.586283   -1.570232   -1.542022   -1.486999   -1.471138   -1.458504
    0.138091    0.160960    0.307767    0.308115    0.368317    0.375588    0.377108    0.380492
    0.381122    0.443459    0.456019    0.457022    1.108840    1.110173    1.135720    1.137020
    1.231985    1.271249    1.338093    1.352239    1.571412    1.573860    1.597118    1.599326
    1.715038    1.715408    1.744638    1.745161    1.873405    1.902327    2.137457    2.138818
    2.168544    2.169909    2.485221    2.518555    2.677441    2.678633    2.706724    2.707926
    2.790425    2.830463    3.019206    3.051671
at   0.08438   0.08438   0.08438    0.002833
   52 eigenvalues :
   -2.812788   -2.727809   -1.586103   -1.570080   -1.541873   -1.486794   -1.470961   -1.458366
    0.133821    0.156586    0.308875    0.309259    0.365445    0.376530    0.378195    0.380643
    0.381382    0.440371    0.455901    0.456864    1.118555    1.119837    1.144955    1.146202
    1.246849    1.286235    1.333697    1.347837    1.562919    1.565391    1.588628    1.590863
    1.714806    1.715193    1.744461    1.744999    1.878413    1.907594    2.119921    2.121276
    2.151191    2.152550    2.472637    2.505568    2.682799    2.684021    2.712825    2.714058
    2.787248    2.827433    3.037716    3.069781
at   0.08125   0.08125   0.08125    0.002833
   52 eigenvalues :
   -2.812857   -2.727882   -1.585926   -1.569929   -1.541726   -1.486593   -1.470784   -1.458228
    0.129645    0.152314    0.309960    0.310383    0.362594    0.377271    0.379084    0.381022
    0.381882    0.437361    0.455818    0.456740    1.128268    1.129495    1.154172    1.155362
    1.261920    1.301423    1.329448    1.343582    1.554863    1.557357    1.580578    1.582836
    1.714495    1.714905    1.744203    1.744765    1.883317    1.912772    2.102497    2.103842
    2.133961    2.135309    2.459504    2.492054    2.687484    2.688735    2.718260    2.719523
    2.784374    2.824683    3.057079    3.088710
at   0.07813   0.07813   0.07813    0.002833
   52 eigenvalues :
   -2.812925   -2.727954   -1.585753   -1.569781   -1.541580   -1.486397   -1.470611   -1.458092
    0.125593    0.148179    0.311014    0.311475    0.359824    0.377807    0.379571    0.381792
    0.382604    0.434454    0.455770    0.456649    1.137895    1.139065    1.163291    1.164421
    1.277094    1.316708    1.325372    1.339500    1.547315    1.549831    1.573040    1.575322
    1.714083    1.714524    1.743844    1.744438    1.888040    1.917782    2.085340    2.086669
    2.117005    2.118337    2.446034    2.478223    2.691512    2.692790    2.723029    2.724321
    2.781727    2.822136    3.077096    3.108268
at   0.07500   0.07500   0.07500    0.002833
   52 eigenvalues :
   -2.812991   -2.728025   -1.585584   -1.569634   -1.541435   -1.486204   -1.470439   -1.457956
    0.121646    0.144157    0.312038    0.312539    0.357132    0.378189    0.379779    0.382826
    0.383493    0.431634    0.455757    0.456591    1.147533    1.148643    1.172398    1.173467
    1.292483    1.321444    1.332203    1.335565    1.540255    1.542792    1.565998    1.568301
    1.713558    1.714037    1.743368    1.744003    1.893284    1.923308    2.069079    2.070386
    2.100950    2.102258    2.432969    2.464811    2.694960    2.696264    2.727203    2.728525
    2.779729    2.820240    3.098253    3.128923
at   0.07188   0.07188   0.07188    0.002833
   52 eigenvalues :
   -2.813056   -2.728094   -1.585420   -1.569491   -1.541294   -1.486018   -1.470271   -1.457822
    0.117835    0.140279    0.313023    0.313566    0.354541    0.378474    0.379891    0.383929
    0.384477    0.428921    0.455778    0.456565    1.156980    1.158027    1.181302    1.182307
    1.307929    1.317687    1.331803    1.347750    1.533741    1.536298    1.559511    1.561834
    1.712868    1.713393    1.742725    1.743410    1.897563    1.927904    2.052441    2.053720
    2.084537    2.085817    2.419059    2.450569    2.697858    2.699188    2.730803    2.732154
    2.777266    2.817836    3.119490    3.149661
at   0.06875   0.06875   0.06875    0.002833
   52 eigenvalues :
   -2.813120   -2.728162   -1.585260   -1.569350   -1.541155   -1.485838   -1.470107   -1.457690
    0.114139    0.136525    0.313974    0.314559    0.352040    0.378708    0.379980    0.385032
    0.385509    0.426299    0.455833    0.456573    1.166326    1.167306    1.190087    1.191024
    1.314079    1.323543    1.328190    1.363460    1.527766    1.530342    1.553573    1.555914
    1.711995    1.712575    1.741894    1.742640    1.901523    1.932199    2.036083    2.037329
    2.068418    2.069663    2.405105    2.436290    2.700279    2.701634    2.733901    2.735279
    2.774761    2.815371    3.141252    3.170904
at   0.06563   0.06563   0.06563    0.002833
   52 eigenvalues :
   -2.813183   -2.728228   -1.585107   -1.569213   -1.541019   -1.485664   -1.469947   -1.457560
    0.110588    0.132921    0.314881    0.315508    0.349646    0.378917    0.380071    0.386098
    0.386548    0.423788    0.455920    0.456611    1.175246    1.176159    1.198444    1.199314
    1.310642    1.324748    1.338985    1.378988    1.522395    1.524988    1.548246    1.550603
    1.710692    1.711333    1.740630    1.741445    1.904234    1.935282    2.019271    2.020476
    2.051871    2.053073    2.391262    2.422125    2.701317    2.702698    2.735610    2.737020
    2.770751    2.811404    3.163203    3.192306
at   0.06250   0.06250   0.06250    0.002833
   52 eigenvalues :
   -2.813243   -2.728292   -1.584958   -1.569079   -1.540886   -1.485496   -1.469791   -1.457431
    0.107162    0.129449    0.315748    0.316419    0.347347    0.379121    0.380173    0.387123
    0.387578    0.421374    0.456039    0.456680    1.184229    1.185071    1.206832    1.207632
    1.307354    1.321456    1.354781    1.394866    1.517629    1.520235    1.543534    1.545903
    1.709353    1.710069    1.739328    1.740225    1.907279    1.938695    2.003687    2.004842
    2.036555    2.037706    2.377671    2.408214    2.702896    2.704299    2.737795    2.739232
    2.768063    2.808727    3.185598    3.214143
at   0.05938   0.05938   0.05938    0.002833
   52 eigenvalues :
   -2.813301   -2.728354   -1.584816   -1.568949   -1.540757   -1.485335   -1.469641   -1.457306
    0.103889    0.126134    0.316568    0.317282    0.345159    0.379326    0.380291    0.388098
    0.388574    0.419074    0.456187    0.456779    1.192950    1.193719    1.214945    1.215672
    1.304237    1.318334    1.370597    1.410756    1.513534    1.516147    1.539496    1.541874
    1.707730    1.708532    1.737740    1.738733    1.909768    1.941567    1.988628    1.989723
    2.021773    2.022865    2.364482    2.394705    2.704136    2.705560    2.739603    2.741067
    2.765203    2.805864    3.208065    3.236026
at   0.05625   0.05625   0.05625    0.002833
   52 eigenvalues :
   -2.813357   -2.728413   -1.584679   -1.568824   -1.540632   -1.485182   -1.469495   -1.457182
    0.100750    0.122960    0.317346    0.318102    0.343068    0.379538    0.380426    0.389024
    0.389533    0.416875    0.456362    0.456904    1.201423    1.202117    1.222795    1.223449
    1.301270    1.315363    1.386512    1.426734    1.510122    1.512732    1.536140    1.538522
    1.705770    1.706670    1.735817    1.736919    1.911638    1.943834    1.974052    1.975074
    2.007485    2.008506    2.351725    2.381624    2.705089    2.706532    2.741086    2.742580
    2.762125    2.802772    3.230629    3.257971
at   0.05313   0.05313   0.05313    0.002833
   52 eigenvalues :
   -2.813411   -2.728470   -1.584550   -1.568704   -1.540511   -1.485035   -1.469356   -1.457063
    0.097770    0.119948    0.318074    0.318873    0.341091    0.379756    0.380576    0.389896
    0.390442    0.414793    0.456560    0.457053    1.209552    1.210172    1.230292    1.230874
    1.298473    1.312561    1.402401    1.442668    1.507457    1.510048    1.533521    1.535900
    1.703438    1.704451    1.733527    1.734754    1.912800    1.945388    1.960122    1.961048
    1.993838    1.994778    2.339594    2.369167    2.705787    2.707249    2.742273    2.743801
    2.758837    2.799455    3.253019    3.279704
at   0.05000   0.05000   0.05000    0.002833
   52 eigenvalues :
   -2.813462   -2.728525   -1.584426   -1.568588   -1.540394   -1.484897   -1.469223   -1.456947
    0.094933    0.117084    0.318758    0.319598    0.339215    0.379982    0.380741    0.390716
    0.391302    0.412816    0.456780    0.457224    1.217346    1.217891    1.237447    1.237957
    1.295826    1.309911    1.418335    1.458612    1.505576    1.508114    1.531653    1.534019
    1.700672    1.701811    1.730813    1.732180    1.913186    1.945630    1.947283    1.947671
    1.980801    1.981649    2.328115    2.357358    2.706272    2.707752    2.743201    2.744772
    2.755322    2.795893    3.275236    3.301217
at   0.04688   0.04688   0.04688    0.002833
   52 eigenvalues :
   -2.813511   -2.728577   -1.584310   -1.568478   -1.540283   -1.484766   -1.469096   -1.456835
    0.092261    0.114387    0.319392    0.320273    0.337454    0.380215    0.380918    0.391479
    0.392104    0.410959    0.457018    0.457415    1.224812    1.225284    1.244271    1.244712
    1.293351    1.307432    1.434254    1.474456    1.504596    1.507009    1.530619    1.532966
    1.698655    1.699935    1.728805    1.730327    1.912935    1.935361    1.936193    1.946492
    1.969804    1.970543    2.317469    2.346382    2.706613    2.708109    2.743933    2.745561
    2.752737    2.793233    3.297895    3.323131
at   0.04375   0.04375   0.04375    0.002833
   52 eigenvalues :
   -2.813557   -2.728626   -1.584200   -1.568374   -1.540176   -1.484643   -1.468976   -1.456727
    0.089739    0.111844    0.319981    0.320900    0.335798    0.380451    0.381106    0.392189
    0.392853    0.409211    0.457268    0.457619    1.231752    1.232154    1.250579    1.250953
    1.291025    1.305103    1.450050    1.489834    1.504738    1.506738    1.530372    1.532677
    1.694831    1.696265    1.725073    1.726766    1.911546    1.923541    1.924238    1.945507
    1.958270    1.958895    2.307638    2.336224    2.706743    2.708254    2.744317    2.746095
    2.748998    2.789307    3.319313    3.343745
at   0.04063   0.04063   0.04063    0.002833
   52 eigenvalues :
   -2.813601   -2.728672   -1.584098   -1.568275   -1.540076   -1.484528   -1.468863   -1.456625
    0.087386    0.109473    0.320521    0.321476    0.334258    0.380688    0.381299    0.392841
    0.393541    0.407585    0.457526    0.457833    1.238187    1.238522    1.256398    1.256711
    1.288867    1.302942    1.465646    1.501641    1.507000    1.509413    1.530970    1.533210
    1.690456    1.692057    1.720824    1.722703    1.909171    1.912588    1.913169    1.943563
    1.947610    1.948117    2.298767    2.327033    2.706756    2.708282    2.743643    2.745901
    2.746595    2.785231    3.339944    3.363522
at   0.03750   0.03750   0.03750    0.002833
   52 eigenvalues :
   -2.813641   -2.728715   -1.584002   -1.568183   -1.539981   -1.484421   -1.468758   -1.456528
    0.085190    0.107261    0.321016    0.322005    0.332827    0.380923    0.381497    0.393440
    0.394174    0.406073    0.457790    0.458056    1.244127    1.244401    1.261744    1.261999
    1.286862    1.300934    1.481047    1.505036    1.508569    1.522657    1.532503    1.534629
    1.685473    1.687253    1.716015    1.718094    1.902309    1.902762    1.906181    1.937616
    1.938017    1.940970    2.290839    2.318796    2.706676    2.708216    2.740178    2.745508
    2.746806    2.781026    3.359737    3.382408
at   0.03438   0.03438   0.03438    0.002833
   52 eigenvalues :
   -2.813679   -2.728756   -1.583915   -1.568097   -1.539893   -1.484323   -1.468660   -1.456437
    0.083168    0.105225    0.321462    0.322483    0.331515    0.381152    0.381696    0.393984
    0.394747    0.404686    0.458053    0.458280    1.249512    1.249730    1.266567    1.266771
    1.285023    1.299093    1.495943    1.507728    1.510956    1.533742    1.536006    1.539323
    1.679900    1.681867    1.710672    1.712963    1.893123    1.893445    1.901994    1.928714
    1.928973    1.937150    2.283917    2.311585    2.706527    2.708080    2.736075    2.745552
    2.746969    2.776774    3.378382    3.400110
at   0.03125   0.03125   0.03125    0.002833
   52 eigenvalues :
   -2.813714   -2.728793   -1.583834   -1.568018   -1.539811   -1.484233   -1.468570   -1.456352
    0.081308    0.103353    0.321864    0.322914    0.330315    0.381374    0.381892    0.394475
    0.395263    0.403416    0.458313    0.458503    1.254363    1.254532    1.270893    1.271052
    1.283339    1.297406    1.508778    1.511821    1.515157    1.537348    1.539276    1.553271
    1.673707    1.675867    1.704779    1.707294    1.884807    1.885002    1.897019    1.920647
    1.920781    1.932524    2.277945    2.305345    2.706326    2.707891    2.731888    2.745587
    2.747056    2.772516    3.395823    3.416583
at   0.02813   0.02813   0.02813    0.002833
   52 eigenvalues :
   -2.813746   -2.728826   -1.583761   -1.567946   -1.539736   -1.484151   -1.468489   -1.456274
    0.079624    0.101660    0.322220    0.323294    0.329238    0.381584    0.382083    0.394912
    0.395720    0.402275    0.458563    0.458719    1.258646    1.258774    1.274697    1.274818
    1.281820    1.295885    1.514359    1.517076    1.526365    1.541337    1.542923    1.567608
    1.666960    1.669315    1.698416    1.701164    1.877448    1.877522    1.891350    1.913490
    1.913535    1.927165    2.272922    2.300083    2.706092    2.707669    2.727769    2.745581
    2.747080    2.768350    3.411792    3.431588
at   0.02500   0.02500   0.02500    0.002833
   52 eigenvalues :
   -2.813774   -2.728857   -1.583696   -1.567881   -1.539669   -1.484078   -1.468415   -1.456202
    0.078108    0.100135    0.322531    0.323626    0.328281    0.381780    0.382264    0.395299
    0.396118    0.401257    0.458800    0.458927    1.262395    1.262489    1.278016    1.278106
    1.280456    1.294520    1.519267    1.521914    1.539051    1.546428    1.547361    1.581517
    1.659675    1.662220    1.691611    1.694601    1.870948    1.870995    1.885098    1.907130
    1.907245    1.921179    2.268757    2.295707    2.705839    2.707426    2.723783    2.745537
    2.747057    2.764326    3.426264    3.445118
at   0.02188   0.02188   0.02188    0.002833
   52 eigenvalues :
   -2.813800   -2.728884   -1.583638   -1.567823   -1.539608   -1.484014   -1.468350   -1.456139
    0.076771    0.098791    0.322795    0.323904    0.327454    0.381958    0.382433    0.395634
    0.396454    0.400374    0.459020    0.459120    1.265603    1.265669    1.279257    1.280847
    1.280911    1.293319    1.524764    1.527282    1.548330    1.551772    1.555502    1.594659
    1.651992    1.654705    1.684507    1.687748    1.865310    1.865461    1.878496    1.901652
    1.901863    1.914797    2.265397    2.292166    2.705581    2.707176    2.720038    2.745464
    2.747001    2.760552    3.439053    3.457021
at   0.01875   0.01875   0.01875    0.002833
   52 eigenvalues :
   -2.813822   -2.728907   -1.583588   -1.567772   -1.539556   -1.483958   -1.468293   -1.456083
    0.075605    0.097620    0.323013    0.324126    0.326760    0.382117    0.382587    0.395920
    0.396725    0.399627    0.459218    0.459297    1.268312    1.268357    1.278214    1.283232
    1.283277    1.292275    1.530882    1.533229    1.554673    1.557023    1.566748    1.606838
    1.644021    1.646838    1.677198    1.680700    1.860534    1.860778    1.871745    1.897006
    1.897303    1.908222    2.262732    2.289349    2.705326    2.706928    2.716597    2.745372
    2.746920    2.757084    3.434740    3.467341
at   0.01563   0.01563   0.01563    0.002833
   52 eigenvalues :
   -2.813841   -2.728927   -1.583546   -1.567730   -1.539511   -1.483910   -1.468245   -1.456035
    0.074620    0.096630    0.323180    0.324284    0.326217    0.382254    0.382723    0.396155
    0.396919    0.399033    0.459391    0.459452    1.270533    1.270562    1.277335    1.285183
    1.285212    1.291394    1.537482    1.539609    1.560633    1.562470    1.577493    1.617421
    1.636225    1.638848    1.669920    1.673690    1.856611    1.856934    1.865175    1.893185
    1.893556    1.901786    2.260685    2.287178    2.705084    2.706687    2.713564    2.745267
    2.746824    2.754029    3.430000    3.470534
at   0.01250   0.01250   0.01250    0.002833
   52 eigenvalues :
   -2.813856   -2.728944   -1.583511   -1.567694   -1.539473   -1.483871   -1.468205   -1.455995
    0.073810    0.095816    0.323295    0.324370    0.325834    0.382369    0.382838    0.396338
    0.397024    0.398607    0.459537    0.459586    1.272310    1.272328    1.276613    1.286741
    1.286760    1.290671    1.544624    1.546468    1.566726    1.568143    1.586968    1.622986
    1.630414    1.632591    1.662943    1.666977    1.854677    1.855065    1.862256    1.891309
    1.891742    1.898918    2.259151    2.285547    2.705188    2.706780    2.711063    2.745477
    2.747037    2.751505    3.426197    3.466724
at   0.00938   0.00938   0.00938    0.002833
   52 eigenvalues :
   -2.813868   -2.728956   -1.583484   -1.567667   -1.539444   -1.483841   -1.468174   -1.455964
    0.073181    0.095184    0.323355    0.324389    0.325611    0.382459    0.382929    0.396463
    0.397037    0.398359    0.459651    0.459693    1.273649    1.273659    1.276053    1.287915
    1.287926    1.290110    1.551664    1.553117    1.572310    1.573290    1.594544    1.617590
    1.623085    1.637462    1.656607    1.660881    1.852235    1.852674    1.857027    1.888924
    1.889404    1.893753    2.258056    2.284380    2.704968    2.706521    2.709103    2.745346
    2.746890    2.749510    3.423183    3.463708
at   0.00625   0.00625   0.00625    0.002833
   52 eigenvalues :
   -2.813877   -2.728966   -1.583464   -1.567647   -1.539423   -1.483819   -1.468152   -1.455941
    0.072730    0.094731    0.323370    0.324372    0.325510    0.382523    0.382996    0.396527
    0.397003    0.398250    0.459733    0.459772    1.274590    1.274596    1.275652    1.288739
    1.288745    1.289709    1.558333    1.559262    1.577150    1.577683    1.599677    1.610794
    1.616512    1.642498    1.651610    1.655977    1.850502    1.850974    1.852976    1.887229
    1.887741    1.889741    2.257327    2.283600    2.704728    2.706188    2.707882    2.745169
    2.746653    2.748248    3.421026    3.461549
at   0.00313   0.00313   0.00313    0.002833
   52 eigenvalues :
   -2.813882   -2.728971   -1.583453   -1.567635   -1.539411   -1.483806   -1.468139   -1.455928
    0.072460    0.094460    0.323363    0.324353    0.325474    0.382563    0.383037    0.396539
    0.396977    0.398215    0.459782    0.459820    1.275146    1.275149    1.275412    1.289225
    1.289229    1.289469    1.563608    1.563933    1.580563    1.580719    1.601114    1.606210
    1.612314    1.644338    1.649158    1.653144    1.849433    1.849900    1.850519    1.886175
    1.886682    1.887315    2.256913    2.283157    2.704485    2.705866    2.707354    2.744959
    2.746377    2.747712    3.419737    3.460259
at   0.00000   0.00000   0.00000    0.002833
   52 eigenvalues :
   -2.813884   -2.728973   -1.583449   -1.567631   -1.539407   -1.483802   -1.468134   -1.455923
    0.072369    0.094369    0.323356    0.324346    0.325466    0.382576    0.383050    0.396536
    0.396971    0.398208    0.459799    0.459837    1.275330    1.275332    1.275334    1.289386
    1.289388    1.289390    1.565772    1.565772    1.581830    1.581831    1.600263    1.604977
    1.611225    1.644101    1.648705    1.652548    1.848995    1.849426    1.849869    1.885739
    1.886214    1.886677    2.256778    2.283012    2.704371    2.705743    2.707222    2.744854
    2.746263    2.747586    3.419306    3.459827
at   0.00000   0.00000   0.00758    0.002833
   52 eigenvalues :
   -2.813882   -2.728971   -1.583453   -1.567634   -1.539411   -1.483807   -1.468138   -1.455928
    0.072458    0.094458    0.323367    0.324344    0.325478    0.382548    0.383052    0.396545
    0.396965    0.398220    0.459764    0.459839    1.275038    1.275297    1.275379    1.289123
    1.289359    1.289446    1.562623    1.565053    1.579834    1.581523    1.602125    1.604381
    1.613015    1.644966    1.647992    1.653631    1.849285    1.850215    1.850316    1.886029
    1.886995    1.887115    2.256910    2.283153    2.704354    2.706129    2.707214    2.744822
    2.746654    2.747565    3.419727    3.460248
at   0.00000   0.00000   0.01515    0.002833
   52 eigenvalues :
   -2.813877   -2.728966   -1.583466   -1.567643   -1.539425   -1.483820   -1.468147   -1.455943
    0.072722    0.094723    0.323391    0.324337    0.325522    0.382466    0.383058    0.396559
    0.396950    0.398267    0.459662    0.459845    1.274158    1.275189    1.275520    1.288328
    1.289269    1.289620    1.555295    1.562934    1.574577    1.580580    1.602504    1.604866
    1.619078    1.645875    1.645916    1.658021    1.849724    1.852062    1.852539    1.886463
    1.888834    1.889290    2.257310    2.283583    2.704214    2.707276    2.707283    2.744626
    2.747600    2.747823    3.420979    3.461494
at   0.00000   0.00000   0.02273    0.002833
   52 eigenvalues :
   -2.813869   -2.728957   -1.583487   -1.567658   -1.539448   -1.483843   -1.468163   -1.455968
    0.073164    0.095167    0.323406    0.324325    0.325622    0.382329    0.383069    0.396546
    0.396923    0.398382    0.459492    0.459856    1.272685    1.275002    1.275754    1.286998
    1.289111    1.289910    1.546354    1.559514    1.567365    1.578933    1.599272    1.606813
    1.628301    1.642775    1.645646    1.665909    1.850239    1.855112    1.856288    1.886953
    1.891857    1.892987    2.258002    2.284324    2.703750    2.707602    2.709201    2.744050
    2.747901    2.749767    3.423042    3.463511
at   0.00000   0.00000   0.03030    0.002833
   52 eigenvalues :
   -2.813857   -2.728944   -1.583516   -1.567679   -1.539481   -1.483876   -1.468186   -1.456003
    0.073780    0.095786    0.323378    0.324307    0.325809    0.382139    0.383083    0.396469
    0.396884    0.398602    0.459257    0.459872    1.270617    1.274723    1.276080    1.285131
    1.288875    1.290314    1.536971    1.554958    1.559209    1.576504    1.594772    1.608576
    1.634954    1.642637    1.644931    1.675915    1.850912    1.859267    1.861282    1.887585
    1.895978    1.897896    2.259019    2.285412    2.702848    2.708293    2.711868    2.742991
    2.748561    2.752473    3.425849    3.466122
at   0.00000   0.00000   0.03788    0.002833
   52 eigenvalues :
   -2.813842   -2.728928   -1.583554   -1.567706   -1.539522   -1.483917   -1.468215   -1.456048
    0.074573    0.096582    0.323282    0.324282    0.326111    0.381898    0.383102    0.396305
    0.396831    0.398953    0.458960    0.459892    1.267933    1.274334    1.276499    1.282711
    1.288544    1.290832    1.527552    1.549389    1.550636    1.573158    1.589138    1.610472
    1.630659    1.644268    1.653233    1.687176    1.851765    1.864388    1.865921    1.888384
    1.901055    1.902431    2.260409    2.286895    2.701380    2.709305    2.715275    2.741338
    2.749525    2.755933    3.429220    3.468464
at   0.00000   0.00000   0.04545    0.002833
   52 eigenvalues :
   -2.813823   -2.728909   -1.583601   -1.567738   -1.539572   -1.483968   -1.468250   -1.456102
    0.075539    0.097553    0.323106    0.324249    0.326539    0.381607    0.383126    0.396053
    0.396763    0.399435    0.458604    0.459917    1.264638    1.273816    1.277007    1.279742
    1.288100    1.291461    1.518413    1.542081    1.543132    1.568979    1.582552    1.612477
    1.624215    1.643979    1.665748    1.699265    1.852802    1.870319    1.872706    1.889355
    1.906932    1.909045    2.262227    2.288832    2.699673    2.710604    2.719389    2.739417
    2.750757    2.760123    3.432757    3.467597
at   0.00000   0.00000   0.05303    0.002833
   52 eigenvalues :
   -2.813802   -2.728885   -1.583655   -1.567776   -1.539631   -1.484028   -1.468291   -1.456165
    0.076679    0.098699    0.322850    0.324207    0.327092    0.381269    0.383153    0.395720
    0.396678    0.400042    0.458194    0.459947    1.260678    1.273137    1.276175    1.277603
    1.287511    1.292200    1.509467    1.533514    1.536240    1.563829    1.575131    1.613051
    1.618407    1.644195    1.678578    1.711735    1.853161    1.876002    1.879101    1.889650
    1.912559    1.915238    2.264536    2.291287    2.697448    2.711835    2.724003    2.736979
    2.751903    2.764866    3.434495    3.454524
at   0.00000   0.00000   0.06061    0.002833
   52 eigenvalues :
   -2.813777   -2.728859   -1.583718   -1.567821   -1.539699   -1.484097   -1.468338   -1.456237
    0.077992    0.100019    0.322523    0.324153    0.327763    0.380888    0.383185    0.395315
    0.396573    0.400768    0.457734    0.459982    1.256103    1.272056    1.272275    1.278286
    1.286758    1.293046    1.501139    1.525446    1.529089    1.557972    1.567146    1.606677
    1.619200    1.645091    1.692027    1.724868    1.854533    1.883156    1.886832    1.890947
    1.919636    1.922702    2.267419    2.294345    2.695045    2.713550    2.729277    2.734533
    2.753525    2.770486    3.423130    3.442566
at   0.00000   0.00000   0.06818    0.002833
   52 eigenvalues :
   -2.813748   -2.728829   -1.583788   -1.567870   -1.539774   -1.484175   -1.468392   -1.456318
    0.079474    0.101509    0.322133    0.324087    0.328544    0.380469    0.383221    0.394846
    0.396445    0.401604    0.457232    0.460023    1.250888    1.267361    1.271195    1.279052
    1.285809    1.293996    1.493340    1.517800    1.521761    1.551303    1.558853    1.597847
    1.622148    1.646628    1.705760    1.738358    1.856092    1.890746    1.892334    1.894799
    1.927138    1.930260    2.270944    2.298076    2.692281    2.715441    2.730576    2.736297
    2.755315    2.776754    3.408923    3.429373
at   0.00000   0.00000   0.07576    0.002833
   52 eigenvalues :
   -2.813717   -2.728796   -1.583867   -1.567925   -1.539858   -1.484262   -1.468451   -1.456407
    0.081127    0.103171    0.321684    0.324006    0.329429    0.380015    0.383261    0.394316
    0.396291    0.402549    0.456691    0.460070    1.245014    1.262074    1.269861    1.279901
    1.284628    1.295049    1.486111    1.510635    1.514386    1.543692    1.550622    1.588300
    1.625593    1.648769    1.719768    1.752184    1.857843    1.894002    1.898696    1.902656
    1.934990    1.937748    2.275199    2.302568    2.689142    2.717490    2.727301    2.742834
    2.757260    2.783654    3.393585    3.415072
at   0.00000   0.00000   0.08333    0.002833
   52 eigenvalues :
   -2.813683   -2.728760   -1.583954   -1.567986   -1.539949   -1.484358   -1.468516   -1.456505
    0.082945    0.105001    0.321183    0.323907    0.330414    0.379533    0.383305    0.393731
    0.396108    0.403596    0.456122    0.460122    1.238497    1.256204    1.268240    1.280827
    1.283183    1.296199    1.479522    1.504035    1.507111    1.535045    1.542848    1.578298
    1.629359    1.651449    1.733984    1.766265    1.859782    1.895821    1.906901    1.910352
    1.943090    1.944992    2.280243    2.307880    2.685628    2.719673    2.723409    2.750115
    2.759353    2.791129    3.377353    3.399875
at   0.00000   0.00000   0.09091    0.002833
   52 eigenvalues :
   -2.813646   -2.728720   -1.584049   -1.568052   -1.540048   -1.484463   -1.468586   -1.456610
    0.084931    0.107000    0.320631    0.323788    0.331495    0.379027    0.383354    0.393093
    0.395891    0.404746    0.455529    0.460180    1.231323    1.249736    1.266295    1.281434
    1.281835    1.297446    1.473603    1.498031    1.500021    1.525512    1.535571    1.567928
    1.633399    1.654608    1.748423    1.780607    1.861916    1.897821    1.915316    1.917752
    1.951392    1.951883    2.286157    2.314090    2.681721    2.719050    2.721978    2.757825
    2.761707    2.799158    3.360380    3.383928
at   0.00000   0.00000   0.09848    0.002833
   52 eigenvalues :
   -2.813606   -2.728677   -1.584152   -1.568124   -1.540155   -1.484577   -1.468664   -1.456722
    0.087077    0.109161    0.320033    0.323648    0.332669    0.378504    0.383406    0.392407
    0.395639    0.405994    0.454921    0.460244    1.223504    1.242675    1.263947    1.279314
    1.282871    1.298750    1.468331    1.492583    1.493151    1.515243    1.528629    1.557091
    1.636790    1.657338    1.762186    1.794342    1.862149    1.897935    1.921341    1.924303
    1.957349    1.957869    2.292939    2.321192    2.677201    2.714036    2.724090    2.762849
    2.765689    2.806318    3.341984    3.366536
at   0.00000   0.00000   0.10606    0.002833
   52 eigenvalues :
   -2.813563   -2.728632   -1.584262   -1.568200   -1.540268   -1.484700   -1.468745   -1.456841
    0.089387    0.111489    0.319391    0.323483    0.333934    0.377971    0.383462    0.391675
    0.395346    0.407341    0.454306    0.460316    1.215072    1.235046    1.261267    1.276879
    1.284008    1.300167    1.463897    1.486671    1.487876    1.504843    1.522092    1.546228
    1.641209    1.661206    1.776953    1.809067    1.864625    1.900255    1.930122    1.930838
    1.963801    1.966008    2.300698    2.329293    2.672444    2.708737    2.726611    2.765547
    2.774096    2.815194    3.324332    3.349863
at   0.00000   0.00000   0.11364    0.002833
   52 eigenvalues :
   -2.813517   -2.728583   -1.584379   -1.568281   -1.540387   -1.484831   -1.468832   -1.456966
    0.091854    0.113977    0.318708    0.323292    0.335288    0.377434    0.383522    0.390901
    0.395009    0.408782    0.453693    0.460395    1.206044    1.226857    1.258195    1.274067
    1.285211    1.301666    1.460228    1.480579    1.483674    1.494435    1.515896    1.535206
    1.645788    1.665361    1.791874    1.823968    1.867299    1.902762    1.936850    1.938960
    1.969178    1.974720    2.309416    2.338369    2.667258    2.702967    2.729209    2.768024
    2.783194    2.824476    3.306481    3.332962
at   0.00000   0.00000   0.12121    0.002833
   52 eigenvalues :
   -2.813469   -2.728532   -1.584504   -1.568366   -1.540513   -1.484971   -1.468923   -1.457097
    0.094471    0.116619    0.317987    0.323073    0.336725    0.376900    0.383583    0.390091
    0.394625    0.410314    0.453092    0.460482    1.196463    1.218142    1.254727    1.270873
    1.286474    1.303241    1.457333    1.474918    1.478941    1.485170    1.510069    1.524087
    1.650480    1.669740    1.806914    1.839009    1.870167    1.905454    1.942323    1.947810
    1.973989    1.983447    2.319073    2.348391    2.661635    2.696727    2.731877    2.770523
    2.792664    2.834099    3.288610    3.316010
at   0.00000   0.00000   0.12879    0.002833
   52 eigenvalues :
   -2.813418   -2.728478   -1.584636   -1.568456   -1.540644   -1.485120   -1.469019   -1.457234
    0.097244    0.119419    0.317228    0.322825    0.338247    0.376374    0.383645    0.389246
    0.394191    0.411937    0.452508    0.460576    1.186339    1.208904    1.250857    1.267284
    1.287796    1.304890    1.455190    1.469702    1.470380    1.480373    1.504621    1.512879
    1.655257    1.674296    1.822096    1.854210    1.873240    1.908339    1.947290    1.956673
    1.978274    1.992187    2.329666    2.359354    2.655548    2.689986    2.734622    2.773076
    2.802450    2.844031    3.270812    3.299103
at   0.00000   0.00000   0.13636    0.002833
   52 eigenvalues :
   -2.813364   -2.728421   -1.584775   -1.568551   -1.540780   -1.485276   -1.469120   -1.457375
    0.100159    0.122368    0.316436    0.322546    0.339847    0.375865    0.383704    0.388376
    0.393704    0.413647    0.451951    0.460678    1.175879    1.199328    1.246609    1.263318
    1.289169    1.306604    1.453759    1.459789    1.465011    1.478321    1.499616    1.501653
    1.660092    1.678990    1.837367    1.869514    1.876510    1.911413    1.952462    1.965506
    1.982742    2.000900    2.341119    2.371174    2.648997    2.682752    2.737772    2.776007
    2.812461    2.854188    3.253259    3.282411
at   0.00000   0.00000   0.14394    0.002833
   52 eigenvalues :
   -2.813309   -2.728362   -1.584921   -1.568649   -1.540921   -1.485441   -1.469225   -1.457520
    0.103221    0.125468    0.315612    0.322236    0.341528    0.375376    0.383751    0.387490
    0.393163    0.415443    0.451427    0.460788    1.164817    1.189163    1.241992    1.258979
    1.290594    1.308384    1.448806    1.452899    1.460867    1.477359    1.490418    1.494979
    1.664893    1.683721    1.852751    1.879973    1.884960    1.914684    1.956513    1.974316
    1.986097    2.009596    2.353399    2.383816    2.641953    2.674996    2.740698    2.778710
    2.822661    2.864536    3.236018    3.266005
at   0.00000   0.00000   0.15152    0.002833
   52 eigenvalues :
   -2.813251   -2.728301   -1.585073   -1.568752   -1.541067   -1.485614   -1.469334   -1.457670
    0.106421    0.128712    0.314758    0.321896    0.343283    0.374914    0.383767    0.386612
    0.392567    0.417322    0.450944    0.460907    1.153349    1.178586    1.237043    1.254297
    1.292063    1.310222    1.437724    1.452152    1.457705    1.477208    1.479249    1.490775
    1.669632    1.688453    1.868210    1.883654    1.900480    1.918150    1.960240    1.983074
    1.989133    2.018252    2.366411    2.397180    2.634410    2.666719    2.743725    2.781499
    2.832972    2.874997    3.219215    3.250006
at   0.00000   0.00000   0.15909    0.002833
   52 eigenvalues :
   -2.813191   -2.728237   -1.585232   -1.568858   -1.541216   -1.485794   -1.469447   -1.457822
    0.109750    0.132092    0.313878    0.321527    0.345109    0.374483    0.383702    0.385800
    0.391916    0.419278    0.450508    0.461035    1.141646    1.167753    1.231873    1.249376
    1.293583    1.312119    1.426719    1.450402    1.456518    1.468382    1.477768    1.487062
    1.674289    1.693155    1.883958    1.887575    1.916295    1.921854    1.964337    1.991800
    1.992695    2.027038    2.380070    2.411181    2.628499    2.659987    2.746974    2.784489
    2.843432    2.885605    3.203166    3.234762
at   0.00000   0.00000   0.16667    0.002833
   52 eigenvalues :
   -2.813129   -2.728171   -1.585396   -1.568968   -1.541370   -1.485982   -1.469564   -1.457977
    0.113210    0.135612    0.312972    0.321131    0.347006    0.374086    0.383422    0.385185
    0.391211    0.421313    0.450123    0.461171    1.129499    1.156469    1.226362    1.244100
    1.295130    1.314056    1.415636    1.447327    1.455897    1.459217    1.478716    1.483991
    1.678753    1.697716    1.891656    1.899508    1.925709    1.931941    1.967684    1.995124
    2.000660    2.035573    2.394274    2.425714    2.619910    2.650625    2.750293    2.787538
    2.853762    2.896086    3.187569    3.219913
at   0.00000   0.00000   0.17424    0.002833
   52 eigenvalues :
   -2.813066   -2.728104   -1.585566   -1.569081   -1.541526   -1.486176   -1.469683   -1.458135
    0.116786    0.139258    0.312045    0.320712    0.348966    0.373726    0.382803    0.384901
    0.390456    0.423419    0.449795    0.461317    1.117091    1.144903    1.220637    1.238588
    1.296707    1.316032    1.404618    1.442107    1.448735    1.459818    1.478741    1.482881
    1.682989    1.702093    1.895935    1.915057    1.929760    1.947599    1.971004    1.997772
    2.009215    2.044044    2.408888    2.440646    2.610803    2.640738    2.753788    2.790745
    2.864000    2.906471    3.172680    3.205736
at   0.00000   0.00000   0.18182    0.002833
   52 eigenvalues :
   -2.813000   -2.728034   -1.585742   -1.569197   -1.541685   -1.486378   -1.469807   -1.458294
    0.120481    0.143033    0.311096    0.320275    0.350991    0.373402    0.381947    0.384849
    0.389653    0.425597    0.449525    0.461471    1.104429    1.133062    1.214721    1.232863
    1.298314    1.318047    1.393658    1.432813    1.444660    1.462413    1.476794    1.484724
    1.686953    1.706236    1.900426    1.930616    1.934021    1.963287    1.974416    2.000511
    2.017731    2.052474    2.423834    2.455901    2.601157    2.630307    2.757506    2.794154
    2.874108    2.916722    3.158519    3.192251
at   0.00000   0.00000   0.18939    0.002833
   52 eigenvalues :
   -2.812934   -2.727963   -1.585922   -1.569316   -1.541846   -1.486586   -1.469932   -1.458454
    0.124278    0.146923    0.310132    0.319827    0.353073    0.373114    0.380994    0.384897
    0.388808    0.427839    0.449317    0.461634    1.091586    1.121015    1.208667    1.226978
    1.299942    1.320090    1.382801    1.422262    1.442141    1.465698    1.474593    1.487746
    1.690582    1.710075    1.905117    1.938460    1.946146    1.978017    1.978940    2.003451
    2.026178    2.060840    2.438954    2.471322    2.591000    2.619369    2.761481    2.797799
    2.883999    2.926746    3.145180    3.179545
at   0.00000   0.00000   0.19697    0.002833
   52 eigenvalues :
   -2.812865   -2.727891   -1.586108   -1.569437   -1.542009   -1.486801   -1.470060   -1.458616
    0.128177    0.150931    0.309151    0.319374    0.355213    0.372856    0.380006    0.384992
    0.387928    0.430148    0.449170    0.461807    1.078561    1.108764    1.202496    1.220951
    1.301591    1.322161    1.372033    1.411526    1.440152    1.469565    1.472589    1.491445
    1.693835    1.713565    1.910020    1.943120    1.961628    1.981916    1.994570    2.006703
    2.034580    2.069163    2.454159    2.486823    2.580316    2.607913    2.765774    2.801738
    2.893639    2.936505    3.132670    3.167625
at   0.00000   0.00000   0.20455    0.002833
   52 eigenvalues :
   -2.812796   -2.727817   -1.586298   -1.569561   -1.542174   -1.487021   -1.470191   -1.458778
    0.132165    0.155044    0.308157    0.318926    0.357403    0.372619    0.379017    0.385111
    0.387020    0.432515    0.449085    0.461989    1.065311    1.096269    1.196247    1.214825
    1.303254    1.324252    1.361377    1.400808    1.438479    1.470816    1.473952    1.495703
    1.696596    1.716592    1.915130    1.947981    1.977026    1.985631    2.009713    2.010215
    2.042892    2.077401    2.468210    2.501173    2.569137    2.595975    2.770363    2.805940
    2.902955    2.945918    3.121046    3.156541
at   0.00000   0.00000   0.21212    0.002833
   52 eigenvalues :
   -2.812726   -2.727743   -1.586492   -1.569686   -1.542340   -1.487247   -1.470323   -1.458939
    0.136226    0.159251    0.307155    0.318495    0.359637    0.372388    0.378056    0.385248
    0.386096    0.434935    0.449061    0.462180    1.052073    1.083758    1.189960    1.208638
    1.304926    1.326355    1.350870    1.390197    1.437130    1.469337    1.478814    1.500460
    1.698946    1.719209    1.920437    1.953038    1.990381    1.992338    2.013980    2.025566
    2.051176    2.085608    2.483046    2.516300    2.557502    2.583602    2.775464    2.810630
    2.911878    2.954908    3.110352    3.146333
at   0.00000   0.00000   0.21970    0.002833
   52 eigenvalues :
   -2.812654   -2.727667   -1.586689   -1.569813   -1.542506   -1.487477   -1.470458   -1.459099
    0.140359    0.163554    0.306143    0.318090    0.361915    0.372133    0.377155    0.385165
    0.385397    0.437409    0.449096    0.462380    1.038744    1.071136    1.183645    1.202404
    1.306606    1.328469    1.340489    1.379688    1.436042    1.468113    1.484132    1.505693
    1.700806    1.721343    1.925957    1.958304    1.995746    2.007444    2.018738    2.040859
    2.059434    2.093777    2.497571    2.531116    2.545414    2.570800    2.781055    2.815775
    2.920374    2.963432    3.100583    3.136994
at   0.00000   0.00000   0.22727    0.002833
   52 eigenvalues :
   -2.812582   -2.727590   -1.586890   -1.569942   -1.542671   -1.487712   -1.470593   -1.459259
    0.144541    0.167932    0.305127    0.317728    0.364224    0.371814    0.376360    0.384242
    0.385557    0.439926    0.449187    0.462589    1.025385    1.058464    1.177343    1.196164
    1.308285    1.330273    1.330585    1.369327    1.435195    1.467135    1.489866    1.511360
    1.702155    1.722963    1.931673    1.963766    2.001665    2.022365    2.024109    2.055900
    2.067684    2.101890    2.511608    2.532956    2.545420    2.557677    2.787174    2.821414
    2.928365    2.971399    3.091782    3.128563
at   0.00000   0.00000   0.23485    0.002833
   52 eigenvalues :
   -2.812509   -2.727513   -1.587093   -1.570071   -1.542837   -1.487950   -1.470729   -1.459416
    0.148769    0.172388    0.304106    0.317423    0.366564    0.371377    0.375725    0.383340
    0.385726    0.442489    0.449332    0.462807    1.011983    1.045733    1.171061    1.189926
    1.309964    1.320204    1.332702    1.359099    1.434570    1.466388    1.496008    1.517450
    1.702987    1.724056    1.937600    1.969436    2.008220    2.030154    2.037070    2.070477
    2.076153    2.109969    2.519945    2.525262    2.544060    2.559312    2.793879    2.827601
    2.935817    2.978757    3.083937    3.119042
at   0.00000   0.00000   0.24242    0.002833
   52 eigenvalues :
   -2.812436   -2.727435   -1.587298   -1.570201   -1.543001   -1.488192   -1.470866   -1.459572
    0.153017    0.176898    0.303087    0.317190    0.368916    0.370784    0.375292    0.382480
    0.385903    0.445086    0.449527    0.463032    0.998596    1.032999    1.164833    1.183727
    1.310291    1.311660    1.334809    1.349045    1.434153    1.465859    1.502522    1.523927
    1.703303    1.724618    1.943718    1.975299    2.015421    2.036885    2.051463    2.082523
    2.086795    2.117996    2.506933    2.530343    2.537924    2.572339    2.801176    2.834340
    2.942647    2.985407    3.071547    3.095582
at   0.00000   0.00000   0.25000    0.002833
   52 eigenvalues :
   -2.812363   -2.727357   -1.587506   -1.570334   -1.543166   -1.488438   -1.471006   -1.459727
    0.157279    0.181464    0.302067    0.317049    0.370034    0.371268    0.375058    0.381690
    0.386087    0.447718    0.449768    0.463265    0.985203    1.020247    1.158657    1.177565
    1.300511    1.313157    1.336763    1.339083    1.433917    1.465523    1.509402    1.530784
    1.702940    1.724490    1.949184    1.980512    2.023290    2.044331    2.065281    2.090072
    2.100213    2.124891    2.493212    2.516049    2.549587    2.584286    2.808645    2.841181
    2.947757    2.990236    3.048348    3.072349
at   0.00000   0.00000   0.25758    0.002833
   52 eigenvalues :
   -2.812289   -2.727279   -1.587715   -1.570465   -1.543327   -1.488685   -1.471143   -1.459877
    0.161532    0.186067    0.301051    0.317019    0.369163    0.373574    0.374992    0.381021
    0.386279    0.450051    0.450379    0.463508    0.971852    1.007527    1.152634    1.171540
    1.291237    1.315338    1.329613    1.339356    1.433891    1.465407    1.516636    1.538006
    1.702296    1.724049    1.957210    1.988290    2.031987    2.052643    2.078962    2.098396
    2.114056    2.133090    2.481541    2.503750    2.560798    2.595755    2.817694    2.849565
    2.953685    2.995675    3.026229    3.050183
at   0.00000   0.00000   0.26515    0.002833
   52 eigenvalues :
   -2.812216   -2.727201   -1.587924   -1.570597   -1.543487   -1.488933   -1.471281   -1.460025
    0.165750    0.190687    0.300043    0.317121    0.368213    0.375049    0.375704    0.380613
    0.386476    0.450372    0.453058    0.463755    0.958565    0.994860    1.146642    1.165537
    1.281893    1.316968    1.320082    1.341415    1.434014    1.465450    1.524193    1.545561
    1.701174    1.723106    1.963813    1.994641    2.041191    2.061511    2.092069    2.106346
    2.127403    2.141005    2.467953    2.489651    2.570912    2.606112    2.826574    2.857757
    2.958278    2.999656    3.003746    3.027658
at   0.00000   0.00000   0.27273    0.002833
   52 eigenvalues :
   -2.812142   -2.727123   -1.588135   -1.570728   -1.543645   -1.489183   -1.471418   -1.460171
    0.169924    0.195321    0.299042    0.317375    0.367215    0.375196    0.377237    0.380900
    0.386678    0.450726    0.455756    0.464010    0.945327    0.982237    1.140748    1.159621
    1.272738    1.310733    1.318578    1.343452    1.434296    1.465661    1.532083    1.553460
    1.699627    1.721712    1.970616    2.001195    2.051050    2.071079    2.104586    2.114231
    2.140189    2.148891    2.454391    2.475625    2.580088    2.615506    2.835765    2.866211
    2.961963    2.981546    3.002513    3.005416
at   0.00000   0.00000   0.28030    0.002833
   52 eigenvalues :
   -2.812069   -2.727045   -1.588344   -1.570858   -1.543801   -1.489433   -1.471554   -1.460312
    0.174019    0.199941    0.298053    0.317805    0.366193    0.375411    0.377687    0.382375
    0.386885    0.451109    0.458461    0.464269    0.932189    0.969707    1.134980    1.153822
    1.263803    1.301598    1.320160    1.345455    1.434724    1.466029    1.540273    1.561668
    1.697695    1.719907    1.977598    2.007931    2.061518    2.081300    2.116360    2.122041
    2.152236    2.156726    2.441018    2.461845    2.588303    2.623908    2.845029    2.874694
    2.959692    2.964622    2.983519    3.004093
at   0.00000   0.00000   0.28788    0.002833
   52 eigenvalues :
   -2.811997   -2.726968   -1.588554   -1.570987   -1.543953   -1.489683   -1.471689   -1.460451
    0.178024    0.204542    0.297075    0.318433    0.365160    0.375679    0.377597    0.384511
    0.387096    0.451517    0.461175    0.464534    0.919129    0.957254    1.129331    1.148134
    1.255072    1.292663    1.321715    1.347426    1.435292    1.466545    1.548777    1.570198
    1.695412    1.717726    1.984773    2.014863    2.072595    2.092173    2.127279    2.129802
    2.163410    2.164526    2.427950    2.448441    2.595606    2.631365    2.854114    2.882955
    2.938132    2.961917    2.966140    3.004256
at   0.00000   0.00000   0.29545    0.002833
   52 eigenvalues :
   -2.811925   -2.726892   -1.588762   -1.571115   -1.544103   -1.489932   -1.471822   -1.460585
    0.181904    0.209093    0.296113    0.319281    0.364129    0.375986    0.377441    0.386841
    0.387310    0.451945    0.463883    0.464803    0.906197    0.944928    1.123828    1.142583
    1.246575    1.283957    1.323237    1.349357    1.435987    1.467197    1.557563    1.579017
    1.692822    1.715214    1.992114    2.021967    2.084222    2.103636    2.137141    2.137491
    2.172268    2.173482    2.415402    2.435648    2.602023    2.637902    2.862669    2.890662
    2.916931    2.940672    2.966385    3.002878
at   0.00000   0.00000   0.30303    0.002833
   52 eigenvalues :
   -2.811855   -2.726817   -1.588968   -1.571241   -1.544249   -1.490180   -1.471954   -1.460715
    0.185645    0.213588    0.295167    0.320373    0.363103    0.376326    0.377366    0.387527
    0.389235    0.452389    0.465076    0.466587    0.893371    0.932710    1.118462    1.137164
    1.238296    1.275466    1.324726    1.351247    1.436804    1.467978    1.566646    1.588140
    1.689958    1.712406    1.999635    2.029255    2.096399    2.115685    2.145126    2.145767
    2.179965    2.182235    2.403552    2.423676    2.607631    2.643594    2.870365    2.896037
    2.897511    2.919737    2.965242    2.999887
at   0.00000   0.00000   0.31061    0.002833
   52 eigenvalues :
   -2.811785   -2.726743   -1.589173   -1.571365   -1.544392   -1.490425   -1.472084   -1.460842
    0.189219    0.217999    0.294239    0.321728    0.362090    0.376693    0.377428    0.387746
    0.391644    0.452845    0.465351    0.469276    0.880682    0.920634    1.113249    1.131892
    1.230253    1.267209    1.326178    1.353091    1.437731    1.468877    1.576007    1.597549
    1.686861    1.709345    2.007318    2.036710    2.109075    2.128270    2.152692    2.152903
    2.187601    2.189369    2.392664    2.412829    2.612488    2.648501    2.875492    2.876856
    2.899148    2.903198    2.962631    2.995299
at   0.00000   0.00000   0.31818    0.002833
   52 eigenvalues :
   -2.811716   -2.726670   -1.589374   -1.571487   -1.544530   -1.490667   -1.472211   -1.460963
    0.192600    0.222299    0.293334    0.323360    0.361096    0.377080    0.377660    0.387967
    0.394044    0.453308    0.465627    0.471940    0.868161    0.908730    1.108202    1.126782
    1.222464    1.259204    1.327588    1.354883    1.438759    1.469884    1.585628    1.607223
    1.683573    1.706073    2.015142    2.044314    2.122198    2.141334    2.158277    2.160173
    2.194558    2.195159    2.383020    2.403440    2.616658    2.652691    2.855327    2.878941
    2.881877    2.907511    2.958551    2.989234
at   0.00000   0.00000   0.32576    0.002833
   52 eigenvalues :
   -2.811649   -2.726599   -1.589572   -1.571607   -1.544665   -1.490905   -1.472335   -1.461080
    0.195778    0.226479    0.292449    0.325288    0.360121    0.377484    0.378086    0.388188
    0.396428    0.453775    0.465904    0.474579    0.855789    0.896983    1.103315    1.121827
    1.214914    1.251436    1.328959    1.356626    1.439882    1.470992    1.595527    1.617182
    1.680120    1.702621    2.023119    2.052076    2.135762    2.154869    2.161638    2.167581
    2.197503    2.202652    2.374865    2.395799    2.620222    2.656243    2.835502    2.859075
    2.885312    2.910373    2.953067    2.981872
at   0.00000   0.00000   0.33333    0.002833
   52 eigenvalues :
   -2.811584   -2.726530   -1.589767   -1.571724   -1.544794   -1.491140   -1.472457   -1.461193
    0.198730    0.230507    0.291590    0.327515    0.359172    0.377901    0.378722    0.388408
    0.398778    0.454240    0.466181    0.477179    0.843612    0.885440    1.098605    1.117047
    1.207631    1.243934    1.330283    1.358311    1.441088    1.472191    1.605673    1.627393
    1.676546    1.699033    2.031215    2.059964    2.149664    2.162776    2.168777    2.174902
    2.197951    2.210052    2.368454    2.390182    2.623235    2.659217    2.816081    2.839612
    2.887173    2.911814    2.946354    2.973475
at   0.00000   0.00000   0.34091    0.002833
   52 eigenvalues :
   -2.811520   -2.726462   -1.589957   -1.571838   -1.544920   -1.491369   -1.472575   -1.461301
    0.201451    0.234371    0.290756    0.330049    0.358248    0.378328    0.379585    0.388628
    0.401094    0.454702    0.466456    0.479740    0.831613    0.874088    1.094066    1.112436
    1.200602    1.236686    1.331563    1.359940    1.442372    1.473472    1.616088    1.637878
    1.672873    1.695332    2.039436    2.067986    2.160888    2.164571    2.181619    2.183508
    2.195854    2.217372    2.363910    2.386694    2.625763    2.661680    2.797027    2.820516
    2.887613    2.911981    2.938613    2.964276
at   0.00000   0.00000   0.34848    0.002833
   52 eigenvalues :
   -2.811458   -2.726396   -1.590143   -1.571949   -1.545040   -1.491593   -1.472690   -1.461404
    0.203929    0.238044    0.289951    0.332879    0.357355    0.378762    0.380683    0.388845
    0.403361    0.455156    0.466728    0.482247    0.819841    0.862975    1.089715    1.108011
    1.193851    1.229717    1.332793    1.361506    1.443720    1.474825    1.626738    1.648603
    1.669142    1.691561    2.047746    2.076104    2.157547    2.178828    2.187992    2.191815
    2.198153    2.224579    2.361254    2.385285    2.627853    2.663680    2.778406    2.801854
    2.886859    2.911077    2.930104    2.954536
at   0.00000   0.00000   0.35606    0.002833
   52 eigenvalues :
   -2.811398   -2.726332   -1.590323   -1.572056   -1.545156   -1.491811   -1.472802   -1.461503
    0.206169    0.241517    0.289173    0.336001    0.356492    0.379202    0.382025    0.389060
    0.405578    0.455598    0.466996    0.484701    0.808290    0.852099    1.085545    1.103765
    1.187434    1.223086    1.333975    1.363011    1.445375    1.476483    1.637645    1.659592
    1.665372    1.687740    2.056147    2.084323    2.151576    2.183260    2.193913    2.196575
    2.213211    2.231778    2.360343    2.385721    2.630375    2.666069    2.760188    2.783595
    2.885295    2.909438    2.921840    2.945146
at   0.00000   0.00000   0.36364    0.002833
   52 eigenvalues :
   -2.811340   -2.726270   -1.590498   -1.572160   -1.545267   -1.492022   -1.472909   -1.461596
    0.208170    0.244772    0.288427    0.339392    0.355664    0.379647    0.383613    0.389272
    0.407733    0.456024    0.467259    0.487089    0.796976    0.841478    1.081565    1.099710
    1.181230    1.216668    1.335105    1.364452    1.446827    1.477951    1.648788    1.661599
    1.670822    1.683908    2.064608    2.092609    2.143558    2.174212    2.203279    2.209090
    2.228482    2.238741    2.360935    2.387663    2.631747    2.667303    2.742417    2.765784
    2.882860    2.907001    2.912414    2.934859
at   0.00000   0.00000   0.37121    0.002833
   52 eigenvalues :
   -2.811284   -2.726211   -1.590666   -1.572260   -1.545372   -1.492225   -1.473012   -1.461685
    0.209938    0.247792    0.287713    0.343021    0.354874    0.380095    0.385440    0.389479
    0.409818    0.456431    0.467516    0.489400    0.785946    0.831155    1.077784    1.095854
    1.175324    1.210551    1.336181    1.365823    1.448313    1.479459    1.657739    1.660262
    1.679989    1.682380    2.073092    2.100929    2.133834    2.163431    2.209904    2.224453
    2.243971    2.245548    2.362722    2.390733    2.632796    2.668191    2.725142    2.748468
    2.879956    2.902757    2.904218    2.924564
at   0.00000   0.00000   0.37879    0.002833
   52 eigenvalues :
   -2.811231   -2.726155   -1.590828   -1.572355   -1.545472   -1.492421   -1.473110   -1.461768
    0.211490    0.250580    0.287032    0.346856    0.354127    0.380550    0.387500    0.389681
    0.411831    0.456815    0.467765    0.491634    0.775192    0.821127    1.074197    1.092193
    1.169706    1.204726    1.337204    1.367127    1.449828    1.481000    1.654092    1.671807
    1.676265    1.694027    2.081594    2.109276    2.122700    2.151319    2.216381    2.239984
    2.252203    2.259663    2.365397    2.394593    2.633553    2.668760    2.708344    2.731629
    2.876750    2.893210    2.901020    2.914355
at   0.00000   0.00000   0.38636    0.002833
   52 eigenvalues :
   -2.811180   -2.726101   -1.590983   -1.572446   -1.545567   -1.492608   -1.473204   -1.461847
    0.212836    0.253123    0.286387    0.350810    0.353463    0.381014    0.389772    0.389878
    0.413759    0.457173    0.468006    0.493777    0.764768    0.811447    1.070815    1.088739
    1.164398    1.199217    1.338170    1.368359    1.451355    1.482560    1.650449    1.672543
    1.683631    1.705957    2.090059    2.110477    2.117597    2.138221    2.222657    2.255515
    2.258739    2.275462    2.368673    2.398935    2.634036    2.669029    2.692098    2.715344
    2.873392    2.883745    2.897717    2.904356
at   0.00000   0.00000   0.39394    0.002833
   52 eigenvalues :
   -2.811132   -2.726050   -1.591130   -1.572533   -1.545657   -1.492786   -1.473294   -1.461921
    0.213997    0.255431    0.285777    0.352603    0.355121    0.381495    0.390067    0.392239
    0.415601    0.457503    0.468235    0.495826    0.754675    0.802116    1.067631    1.085484
    1.159370    1.193994    1.338855    1.369307    1.452809    1.484053    1.646884    1.668893
    1.695593    1.718036    2.097330    2.098076    2.124297    2.125480    2.227804    2.263879
    2.271337    2.291302    2.371157    2.402396    2.634094    2.668843    2.676398    2.699604
    2.869985    2.874480    2.894359    2.894625
at   0.00000   0.00000   0.40152    0.002833
   52 eigenvalues :
   -2.811087   -2.726002   -1.591269   -1.572614   -1.545740   -1.492954   -1.473378   -1.461990
    0.214987    0.257504    0.285204    0.352025    0.359247    0.382006    0.390251    0.394868
    0.417348    0.457800    0.468455    0.497772    0.744960    0.793179    1.064657    1.082442
    1.154682    1.189118    1.339695    1.370383    1.454333    1.485618    1.643437    1.665358
    1.707867    1.730432    2.083566    2.106390    2.109854    2.133671    2.233650    2.269925
    2.286964    2.307181    2.375042    2.407121    2.634117    2.661310    2.668592    2.684478
    2.865523    2.866624    2.885252    2.891036
at   0.00000   0.00000   0.40909    0.002833
   52 eigenvalues :
   -2.811045   -2.725957   -1.591399   -1.572691   -1.545818   -1.493111   -1.473456   -1.462053
    0.215824    0.259348    0.284670    0.351441    0.363394    0.382569    0.390428    0.397620
    0.418992    0.458061    0.468662    0.499606    0.735669    0.784677    1.061897    1.079616
    1.150321    1.184578    1.340476    1.371382    1.455831    1.487162    1.640128    1.661960
    1.720336    1.743031    2.069335    2.095021    2.114542    2.141710    2.239222    2.275675
    2.302489    2.322962    2.378953    2.411772    2.633903    2.646900    2.668067    2.670027
    2.856951    2.863385    2.876308    2.887812
at   0.00000   0.00000   0.41667    0.002833
   52 eigenvalues :
   -2.811005   -2.725915   -1.591520   -1.572762   -1.545889   -1.493258   -1.473529   -1.462112
    0.216527    0.260979    0.284174    0.350893    0.367430    0.383232    0.390601    0.400459
    0.420530    0.458286    0.468857    0.501325    0.726835    0.776643    1.059349    1.077007
    1.146280    1.180367    1.341198    1.372307    1.457492    1.488861    1.637030    1.658771
    1.733077    1.755918    2.055037    2.080166    2.122498    2.149565    2.244505    2.281133
    2.317897    2.338645    2.382791    2.416259    2.633180    2.633818    2.656268    2.667646
    2.848808    2.860374    2.867827    2.884779
at   0.00000   0.00000   0.42424    0.002833
   52 eigenvalues :
   -2.810968   -2.725876   -1.591632   -1.572827   -1.545955   -1.493393   -1.473596   -1.462165
    0.217112    0.262403    0.283719    0.350388    0.371194    0.384075    0.390769    0.403332
    0.421954    0.458470    0.469036    0.502917    0.718488    0.769096    1.057015    1.074615
    1.142575    1.176504    1.341858    1.373153    1.458906    1.490327    1.634051    1.655700
    1.745946    1.768947    2.040194    2.064831    2.130174    2.157151    2.249458    2.286258
    2.332954    2.354004    2.386439    2.420481    2.620249    2.633122    2.643298    2.666562
    2.841175    2.857541    2.859890    2.881904
at   0.00000   0.00000   0.43182    0.002833
   52 eigenvalues :
   -2.810935   -2.725841   -1.591735   -1.572887   -1.546014   -1.493517   -1.473657   -1.462213
    0.217594    0.263639    0.283304    0.349926    0.374486    0.385236    0.390943    0.406194
    0.423260    0.458615    0.469200    0.504381    0.710674    0.762077    1.054894    1.072440
    1.139202    1.172983    1.342459    1.373922    1.460254    1.491728    1.631269    1.652826
    1.759018    1.782200    2.025168    2.049349    2.137522    2.164420    2.254065    2.291031
    2.347608    2.368987    2.389862    2.424405    2.608142    2.631145    2.632210    2.665211
    2.834086    2.852509    2.854985    2.879255
at   0.00000   0.00000   0.43939    0.002833
   52 eigenvalues :
   -2.810906   -2.725809   -1.591828   -1.572941   -1.546068   -1.493629   -1.473713   -1.462257
    0.217988    0.264698    0.282932    0.349511    0.377064    0.386857    0.391145    0.408984
    0.424440    0.458719    0.469349    0.505706    0.703463    0.755645    1.052993    1.070491
    1.136174    1.169821    1.342997    1.374611    1.461517    1.493045    1.628712    1.650181
    1.772247    1.795635    2.010073    2.033818    2.144445    2.171275    2.258283    2.295408
    2.361673    2.383405    2.393002    2.427978    2.596969    2.619941    2.631075    2.663610
    2.827607    2.845780    2.852721    2.876870
at   0.00000   0.00000   0.44697    0.002833
   52 eigenvalues :
   -2.810879   -2.725781   -1.591910   -1.572989   -1.546116   -1.493729   -1.473762   -1.462295
    0.218306    0.265596    0.282601    0.349143    0.378840    0.388853    0.391490    0.411651
    0.425492    0.458784    0.469481    0.506891    0.696895    0.749825    1.051311    1.068764
    1.133489    1.167013    1.343474    1.375222    1.462681    1.494263    1.626394    1.647778
    1.785649    1.809280    1.994934    2.018246    2.150877    2.177649    2.262095    2.299370
    2.375006    2.395832    2.397116    2.431178    2.586783    2.609719    2.629757    2.661783
    2.821768    2.839713    2.850786    2.874765
at   0.00000   0.00000   0.45455    0.002833
   52 eigenvalues :
   -2.810856   -2.725756   -1.591982   -1.573031   -1.546157   -1.493816   -1.473805   -1.462328
    0.218561    0.266345    0.282314    0.348822    0.379971    0.390397    0.392572    0.414133
    0.426411    0.458814    0.469596    0.507928    0.691036    0.744670    1.049849    1.067264
    1.131153    1.164570    1.343888    1.375753    1.463730    1.495363    1.624338    1.645644
    1.799183    1.823110    1.979834    2.002694    2.156718    2.183442    2.265466    2.302879
    2.387377    2.398329    2.409890    2.433979    2.577689    2.600592    2.628293    2.659781
    2.816617    2.834360    2.849202    2.872961
at   0.00000   0.00000   0.46212    0.002833
   52 eigenvalues :
   -2.810836   -2.725735   -1.592043   -1.573067   -1.546192   -1.493890   -1.473841   -1.462356
    0.218759    0.266956    0.282069    0.348549    0.380689    0.390898    0.394676    0.416367
    0.427191    0.458814    0.469693    0.508813    0.685953    0.740228    1.048613    1.065994
    1.129172    1.162498    1.344240    1.376203    1.464647    1.496328    1.622565    1.643800
    1.812789    1.837093    1.964862    1.987221    2.161867    2.188553    2.268366    2.305902
    2.398405    2.400599    2.421460    2.436363    2.569791    2.592664    2.626745    2.657686
    2.812198    2.829767    2.847978    2.871471
at   0.00000   0.00000   0.46970    0.002833
   52 eigenvalues :
   -2.810820   -2.725718   -1.592094   -1.573096   -1.546221   -1.493951   -1.473871   -1.462379
    0.218912    0.267442    0.281869    0.348326    0.381161    0.391082    0.396852    0.418300
    0.427832    0.458793    0.469773    0.509543    0.681691    0.736525    1.047598    1.064952
    1.127546    1.160794    1.344528    1.376573    1.465422    1.497144    1.621087    1.642261
    1.826430    1.851246    1.950078    1.971826    2.166247    2.192903    2.270779    2.308419
    2.402089    2.408400    2.431567    2.438333    2.563161    2.586006    2.625200    2.655609
    2.808531    2.825954    2.847103    2.870293
at   0.00000   0.00000   0.47727    0.002833
   52 eigenvalues :
   -2.810807   -2.725705   -1.592133   -1.573119   -1.546243   -1.493998   -1.473895   -1.462397
    0.219023    0.267809    0.281713    0.348151    0.381475    0.391183    0.398710    0.419872
    0.428329    0.458760    0.469835    0.510114    0.678315    0.733607    1.046809    1.064141
    1.126280    1.159468    1.344753    1.376861    1.466039    1.497796    1.619922    1.641046
    1.839915    1.865492    1.935689    1.956602    2.169756    2.196391    2.272676    2.310400
    2.403474    2.416363    2.439435    2.440318    2.557903    2.580726    2.623775    2.653704
    2.805653    2.822961    2.846548    2.869419
at   0.00000   0.00000   0.48485    0.002833
   52 eigenvalues :
   -2.810798   -2.725695   -1.592162   -1.573136   -1.546259   -1.494033   -1.473911   -1.462410
    0.219100    0.268067    0.281601    0.348027    0.381676    0.391245    0.400112    0.421038
    0.428684    0.458726    0.469879    0.510523    0.675862    0.731498    1.046244    1.063561
    1.125373    1.158518    1.344915    1.377068    1.466491    1.498273    1.619080    1.640167
    1.852894    1.879767    1.922060    1.941625    2.172327    2.198947    2.274045    2.311831
    2.404445    2.422342    2.440865    2.446230    2.554082    2.576889    2.622601    2.652143
    2.803578    2.820802    2.846248    2.868827
at   0.00000   0.00000   0.49242    0.002833
   52 eigenvalues :
   -2.810794   -2.725691   -1.592179   -1.573146   -1.546269   -1.494053   -1.473922   -1.462418
    0.219143    0.268219    0.281534    0.347952    0.381790    0.391279    0.400980    0.421755
    0.428895    0.458700    0.469905    0.510769    0.674351    0.730197    1.045905    1.063213
    1.124828    1.157947    1.344943    1.377125    1.466458    1.498272    1.618568    1.639632
    1.864055    1.893513    1.910238    1.927202    2.173861    2.200473    2.274760    2.312582
    2.404800    2.425504    2.441300    2.449575    2.551750    2.574545    2.621674    2.650978
    2.802328    2.819502    2.845885    2.868245
at   0.00000   0.00000   0.50000    0.002833
   52 eigenvalues :
   -2.810792   -2.725689   -1.592184   -1.573149   -1.546272   -1.494060   -1.473925   -1.462420
    0.219158    0.268270    0.281512    0.347927    0.381827    0.391290    0.401274    0.421997
    0.428966    0.458691    0.469914    0.510852    0.673853    0.729770    1.045792    1.063097
    1.124647    1.157757    1.344975    1.377166    1.466548    1.498367    1.618398    1.639455
    1.869390    1.902588    1.904768    1.917983    2.174389    2.200999    2.275037    2.312872
    2.405001    2.426745    2.441525    2.450877    2.550971    2.573763    2.621425    2.650640
    2.801910    2.819067    2.845855    2.868137
at   0.00000   0.00000   0.00000    0.002833
   52 eigenvalues :
   -2.813884   -2.728973   -1.583449   -1.567631   -1.539407   -1.483802   -1.468134   -1.455923
    0.072369    0.094369    0.323356    0.324346    0.325466    0.382576    0.383050    0.396536
    0.396971    0.398208    0.459799    0.459837    1.275330    1.275332    1.275334    1.289386
    1.289388    1.289390    1.565772    1.565772    1.581830    1.581831    1.600263    1.604977
    1.611225    1.644101    1.648705    1.652548    1.848995    1.849426    1.849869    1.885739
    1.886214    1.886677    2.256778    2.283012    2.704371    2.705743    2.707222    2.744854
    2.746263    2.747586    3.419306    3.459827
at   0.00538  -0.00538   0.00538    0.002833
   52 eigenvalues :
   -2.813882   -2.728971   -1.583453   -1.567634   -1.539411   -1.483807   -1.468138   -1.455929
    0.072458    0.094458    0.323368    0.324344    0.325477    0.382547    0.383054    0.396546
    0.396965    0.398220    0.459752    0.459850    1.274955    1.275379    1.275379    1.289034
    1.289447    1.289447    1.561475    1.566353    1.578997    1.582397    1.601720    1.604369
    1.613264    1.644791    1.647988    1.653774    1.849195    1.850222    1.850411    1.885945
    1.887001    1.887204    2.256910    2.283153    2.704306    2.706132    2.707263    2.744768
    2.746657    2.747620    3.419728    3.460248
at   0.01075  -0.01075   0.01075    0.002833
   52 eigenvalues :
   -2.813877   -2.728966   -1.583466   -1.567643   -1.539425   -1.483820   -1.468147   -1.455944
    0.072725    0.094726    0.323401    0.324337    0.325513    0.382447    0.383076    0.396572
    0.396950    0.398254    0.459596    0.459910    1.273835    1.275519    1.275519    1.287983
    1.289620    1.289620    1.551761    1.568080    1.571662    1.584084    1.601596    1.602419
    1.620700    1.644217    1.645918    1.659139    1.849165    1.852571    1.852632    1.885925
    1.889325    1.889383    2.257298    2.283571    2.703619    2.707296    2.707887    2.743968
    2.747836    2.748275    3.420957    3.461444
at   0.01613  -0.01613   0.01613    0.002833
   52 eigenvalues :
   -2.813869   -2.728957   -1.583487   -1.567658   -1.539449   -1.483844   -1.468164   -1.455969
    0.073169    0.095173    0.323453    0.324326    0.325577    0.382258    0.383136    0.396611
    0.396925    0.398318    0.459331    0.460012    1.271996    1.275747    1.275747    1.286255
    1.289906    1.289906    1.539966    1.561690    1.570933    1.586873    1.598753    1.599059
    1.631048    1.641255    1.642953    1.668142    1.848932    1.856389    1.856421    1.885687
    1.893101    1.893124    2.257933    2.284254    2.701876    2.709237    2.709561    2.742038
    2.749804    2.750000    3.422882    3.463170
at   0.02151  -0.02151   0.02151    0.002833
   52 eigenvalues :
   -2.813857   -2.728944   -1.583517   -1.567679   -1.539481   -1.483876   -1.468186   -1.456004
    0.073792    0.095797    0.323518    0.324311    0.325673    0.381975    0.383238    0.396655
    0.396890    0.398419    0.458961    0.460154    1.269482    1.276054    1.276054    1.283893
    1.290295    1.290295    1.527366    1.550326    1.574866    1.590720    1.594276    1.594427
    1.635688    1.636699    1.645644    1.678898    1.848574    1.861537    1.861559    1.885319
    1.898189    1.898201    2.258789    2.285179    2.699242    2.711950    2.712170    2.739173
    2.752559    2.752658    3.425222    3.464638
at   0.02688  -0.02688   0.02688    0.002833
   52 eigenvalues :
   -2.813841   -2.728928   -1.583555   -1.567706   -1.539523   -1.483918   -1.468216   -1.456049
    0.074589    0.096598    0.323591    0.324293    0.325809    0.381599    0.383379    0.396697
    0.396846    0.398566    0.458487    0.460336    1.266353    1.276427    1.276427    1.280952
    1.290776    1.290776    1.514108    1.537857    1.579814    1.588615    1.588706    1.595567
    1.630744    1.630960    1.656687    1.689979    1.848108    1.866928    1.866948    1.884839
    1.903517    1.903523    2.259832    2.286312    2.695470    2.715346    2.715533    2.735130
    2.756023    2.756076    3.426949    3.462207
at   0.03226  -0.03226   0.03226    0.002833
   52 eigenvalues :
   -2.813823   -2.728908   -1.583601   -1.567739   -1.539574   -1.483968   -1.468251   -1.456104
    0.075564    0.097577    0.323664    0.324272    0.325991    0.381131    0.383558    0.396728
    0.396793    0.398768    0.457908    0.460558    1.262661    1.276851    1.276851    1.277480
    1.291338    1.291339    1.501038    1.525375    1.582047    1.582113    1.585736    1.601371
    1.624221    1.624305    1.669094    1.701881    1.847537    1.874186    1.874211    1.884255
    1.910688    1.910691    2.261021    2.287613    2.691611    2.719571    2.719792    2.730984
    2.760360    2.760392    3.426607    3.455976
at   0.03763  -0.03763   0.03763    0.002833
   52 eigenvalues :
   -2.813801   -2.728885   -1.583656   -1.567778   -1.539634   -1.484028   -1.468293   -1.456168
    0.076711    0.098730    0.323732    0.324249    0.326227    0.380576    0.383771    0.396734
    0.396744    0.399031    0.457226    0.460818    1.258485    1.273550    1.277305    1.277305
    1.291961    1.291962    1.487936    1.512685    1.574794    1.574844    1.592538    1.608048
    1.616905    1.616949    1.681593    1.713931    1.846868    1.882171    1.882296    1.883663
    1.918665    1.918666    2.262295    2.289023    2.687290    2.723981    2.724820    2.726894
    2.765464    2.765483    3.422026    3.447254
at   0.04301  -0.04301   0.04301    0.002833
   52 eigenvalues :
   -2.813776   -2.728858   -1.583718   -1.567823   -1.539702   -1.484096   -1.468341   -1.456242
    0.078035    0.100060    0.323790    0.324225    0.326520    0.379932    0.384018    0.396669
    0.396744    0.399358    0.456440    0.461116    1.253876    1.269212    1.277765    1.277765
    1.292626    1.292626    1.474814    1.499858    1.567011    1.567053    1.600182    1.609016
    1.609039    1.615565    1.694073    1.726037    1.846099    1.882730    1.891085    1.891098
    1.927330    1.927331    2.263591    2.290479    2.682625    2.720817    2.730625    2.730754
    2.771345    2.771358    3.413752    3.437268
at   0.04839  -0.04839   0.04839    0.002833
   52 eigenvalues :
   -2.813747   -2.728828   -1.583789   -1.567874   -1.539780   -1.484174   -1.468396   -1.456326
    0.079531    0.101564    0.323838    0.324201    0.326874    0.379200    0.384296    0.396599
    0.396729    0.399749    0.455551    0.461452    1.248887    1.264517    1.278180    1.278180
    1.293290    1.293290    1.461732    1.486984    1.558758    1.558793    1.600613    1.600633
    1.608332    1.623591    1.706239    1.737896    1.845236    1.881845    1.898327    1.898331
    1.934472    1.934472    2.264821    2.291896    2.677730    2.715512    2.736743    2.736787
    2.777537    2.777546    3.403018    3.426090
at   0.05376  -0.05376   0.05376    0.002833
   52 eigenvalues :
   -2.813715   -2.728794   -1.583868   -1.567930   -1.539865   -1.484260   -1.468457   -1.456418
    0.081195    0.103238    0.323876    0.324178    0.327286    0.378383    0.384604    0.396526
    0.396703    0.400202    0.454564    0.461822    1.243621    1.259560    1.278545    1.278545
    1.293946    1.293946    1.448757    1.474154    1.550429    1.550460    1.592108    1.592123
    1.617415    1.632542    1.718410    1.749802    1.844283    1.880862    1.908115    1.908115
    1.944112    1.944112    2.265886    2.293174    2.672861    2.710120    2.743954    2.743975
    2.784830    2.784835    3.391938    3.415090
at   0.05914  -0.05914   0.05914    0.002833
   52 eigenvalues :
   -2.813681   -2.728757   -1.583954   -1.567993   -1.539960   -1.484354   -1.468524   -1.456520
    0.083032    0.105085    0.323907    0.324158    0.327757    0.377478    0.384943    0.396451
    0.396668    0.400717    0.453474    0.462227    1.238100    1.254364    1.278805    1.278805
    1.294550    1.294551    1.435855    1.461351    1.542030    1.542057    1.583487    1.583499
    1.627160    1.642157    1.730402    1.761564    1.843241    1.879783    1.918270    1.918271
    1.954110    1.954111    2.266676    2.294206    2.668139    2.704813    2.751909    2.751921
    2.792869    2.792873    3.380361    3.403844
at   0.06452  -0.06452   0.06452    0.002833
   52 eigenvalues :
   -2.813643   -2.728717   -1.584048   -1.568061   -1.540062   -1.484457   -1.468597   -1.456630
    0.085037    0.107101    0.323933    0.324142    0.328285    0.376489    0.385310    0.396376
    0.396628    0.401290    0.452287    0.462666    1.232384    1.248987    1.278909    1.278910
    1.295059    1.295060    1.423070    1.448626    1.533704    1.533728    1.574888    1.574898
    1.637499    1.652369    1.742164    1.773122    1.842115    1.878616    1.928696    1.928698
    1.964371    1.964372    2.267062    2.294860    2.663761    2.699803    2.760584    2.760591
    2.801629    2.801631    3.368577    3.392520
at   0.06989  -0.06989   0.06989    0.002833
   52 eigenvalues :
   -2.813602   -2.728673   -1.584149   -1.568134   -1.540172   -1.484567   -1.468676   -1.456748
    0.087204    0.109281    0.323957    0.324132    0.328866    0.375417    0.385704    0.396303
    0.396587    0.401918    0.451004    0.463136    1.226531    1.243483    1.278803    1.278804
    1.295425    1.295425    1.410442    1.436029    1.525591    1.525613    1.566443    1.566451
    1.648364    1.663113    1.753652    1.784427    1.840910    1.877366    1.939304    1.939306
    1.974808    1.974810    2.266906    2.294996    2.659929    2.695300    2.769947    2.769952
    2.811075    2.811077    3.356785    3.381258
at   0.07527  -0.07527   0.07527    0.002833
   52 eigenvalues :
   -2.813558   -2.728626   -1.584257   -1.568213   -1.540289   -1.484686   -1.468762   -1.456875
    0.089537    0.111630    0.323983    0.324129    0.329501    0.374261    0.386124    0.396234
    0.396548    0.402603    0.449624    0.463637    1.220558    1.237870    1.278422    1.278423
    1.295593    1.295593    1.397937    1.423532    1.517779    1.517798    1.558227    1.558235
    1.659755    1.674389    1.764891    1.795498    1.839627    1.876035    1.950079    1.950081
    1.985407    1.985408    2.266062    2.294469    2.656826    2.691491    2.780016    2.780019
    2.821226    2.821227    3.345068    3.370113
at   0.08065  -0.08065   0.08065    0.002833
   52 eigenvalues :
   -2.813511   -2.728577   -1.584372   -1.568298   -1.540415   -1.484812   -1.468853   -1.457009
    0.092032    0.114142    0.324012    0.324135    0.330187    0.373023    0.386569    0.396170
    0.396515    0.403342    0.448150    0.464166    1.214512    1.232194    1.277699    1.277701
    1.295503    1.295504    1.385591    1.411175    1.510398    1.510415    1.550363    1.550370
    1.671615    1.686141    1.775843    1.806294    1.838272    1.874628    1.960953    1.960955
    1.996102    1.996104    2.264385    2.293125    2.654651    2.688581    2.790755    2.790757
    2.832041    2.832042    3.333546    3.359189
at   0.08602  -0.08602   0.08602    0.002833
   52 eigenvalues :
   -2.813461   -2.728524   -1.584494   -1.568388   -1.540547   -1.484946   -1.468950   -1.457151
    0.094680    0.116810    0.324048    0.324151    0.330921    0.371708    0.387038    0.396115
    0.396489    0.404131    0.446587    0.464722    1.208433    1.226493    1.276565    1.276566
    1.295090    1.295092    1.373439    1.398996    1.503572    1.503587    1.542967    1.542973
    1.683889    1.698314    1.786478    1.816784    1.836853    1.873152    1.971868    1.971871
    2.006837    2.006839    2.261745    2.290827    2.653579    2.686758    2.802118    2.802119
    2.843474    2.843475    3.322319    3.348573
at   0.09140  -0.09140   0.09140    0.002833
   52 eigenvalues :
   -2.813409   -2.728468   -1.584623   -1.568483   -1.540686   -1.485086   -1.469053   -1.457300
    0.097487    0.119640    0.324094    0.324180    0.331703    0.370311    0.387529    0.396069
    0.396476    0.404973    0.444931    0.465305    1.202327    1.220774    1.274941    1.274944
    1.294286    1.294289    1.361446    1.386963    1.497380    1.497393    1.536111    1.536116
    1.696593    1.710924    1.796825    1.826996    1.835368    1.871608    1.982833    1.982836
    2.017623    2.017625    2.258010    2.287437    2.653758    2.686174    2.814119    2.814120
    2.855536    2.855536    3.311412    3.338290
at   0.09677  -0.09677   0.09677    0.002833
   52 eigenvalues :
   -2.813353   -2.728410   -1.584757   -1.568584   -1.540831   -1.485234   -1.469161   -1.457456
    0.100441    0.122620    0.324152    0.324223    0.332530    0.368841    0.388041    0.396037
    0.396477    0.405863    0.443190    0.465910    1.196239    1.215080    1.272767    1.272771
    1.293023    1.293028    1.349666    1.375132    1.491940    1.491952    1.529916    1.529921
    1.709657    1.723902    1.806842    1.833828    1.836884    1.870006    1.993783    1.993785
    2.028394    2.028396    2.253101    2.282863    2.655305    2.686960    2.826683    2.826683
    2.868146    2.868147    3.300924    3.328432
at   0.10215  -0.10215   0.10215    0.002833
   52 eigenvalues :
   -2.813295   -2.728348   -1.584898   -1.568690   -1.540982   -1.485388   -1.469275   -1.457618
    0.103550    0.125757    0.324224    0.324283    0.333404    0.367293    0.388574    0.396019
    0.396497    0.406803    0.441360    0.466540    1.190167    1.209409    1.270068    1.270075
    1.291314    1.291322    1.338136    1.363542    1.487395    1.487405    1.524537    1.524542
    1.723106    1.737272    1.816906    1.832233    1.846812    1.868345    2.005174    2.005176
    2.039597    2.039598    2.247459    2.277513    2.658968    2.689878    2.840232    2.840233
    2.881711    2.881711    3.291785    3.319852
at   0.10753  -0.10753   0.10753    0.002833
   52 eigenvalues :
   -2.813235   -2.728284   -1.585044   -1.568800   -1.541140   -1.485549   -1.469394   -1.457787
    0.106802    0.129043    0.324313    0.324361    0.334321    0.365672    0.389126    0.396018
    0.396538    0.407791    0.439447    0.467190    1.184138    1.203789    1.266616    1.266624
    1.288938    1.288951    1.326735    1.352072    1.483652    1.483661    1.519872    1.519876
    1.736898    1.750992    1.826327    1.830590    1.856120    1.866632    2.016060    2.016062
    2.050312    2.050314    2.240044    2.270386    2.663427    2.693602    2.853880    2.853880
    2.895366    2.895367    3.282174    3.310893
at   0.11290  -0.11290   0.11290    0.002833
   52 eigenvalues :
   -2.813172   -2.728217   -1.585196   -1.568916   -1.541303   -1.485715   -1.469519   -1.457962
    0.110189    0.132467    0.324421    0.324460    0.335279    0.363983    0.389693    0.396037
    0.396604    0.408823    0.437457    0.467858    1.178180    1.198244    1.262475    1.262488
    1.285928    1.285949    1.315575    1.340834    1.480855    1.480863    1.516096    1.516099
    1.750989    1.765019    1.828908    1.835417    1.864878    1.865105    2.026881    2.026884
    2.060968    2.060970    2.231373    2.261969    2.669347    2.698811    2.867944    2.867944
    2.909411    2.909412    3.273133    3.302508
at   0.11828  -0.11828   0.11828    0.002833
   52 eigenvalues :
   -2.813107   -2.728148   -1.585353   -1.569036   -1.541471   -1.485887   -1.469648   -1.458143
    0.113718    0.136039    0.324550    0.324581    0.336281    0.362222    0.390277    0.396078
    0.396700    0.409901    0.435385    0.468545    1.172282    1.192766    1.257622    1.257639
    1.282236    1.282273    1.304625    1.329794    1.479018    1.479024    1.513241    1.513244
    1.765416    1.779389    1.827186    1.844213    1.863078    1.873803    2.037669    2.037671
    2.071596    2.071598    2.221449    2.252261    2.676700    2.705478    2.882411    2.882412
    2.923827    2.923827    3.264675    3.294714
at   0.12366  -0.12366   0.12366    0.002833
   52 eigenvalues :
   -2.813040   -2.728077   -1.585515   -1.569161   -1.541645   -1.486065   -1.469783   -1.458328
    0.117378    0.139747    0.324703    0.324726    0.337322    0.360394    0.390875    0.396143
    0.396830    0.411024    0.433237    0.469249    1.166466    1.187376    1.252072    1.252096
    1.277844    1.277910    1.293917    1.318981    1.478147    1.478152    1.511342    1.511345
    1.780141    1.794063    1.825431    1.852704    1.861244    1.882204    2.048395    2.048398
    2.082168    2.082171    2.210348    2.241335    2.685389    2.713508    2.897179    2.897179
    2.938501    2.938502    3.256865    3.287578
at   0.12903  -0.12903   0.12903    0.002833
   52 eigenvalues :
   -2.812971   -2.728003   -1.585681   -1.569290   -1.541823   -1.486247   -1.469923   -1.458518
    0.121157    0.143581    0.324882    0.324898    0.338400    0.358506    0.391485    0.396236
    0.396998    0.412187    0.431021    0.469968    1.160753    1.182093    1.245868    1.245899
    1.272748    1.272873    1.283495    1.308422    1.478224    1.478228    1.510407    1.510410
    1.795123    1.808998    1.823655    1.859381    1.860884    1.890301    2.059035    2.059038
    2.092663    2.092666    2.198169    2.229292    2.695280    2.722766    2.912124    2.912125
    2.953304    2.953304    3.249767    3.281163
at   0.13441  -0.13441   0.13441    0.002833
   52 eigenvalues :
   -2.812899   -2.727927   -1.585851   -1.569424   -1.542005   -1.486434   -1.470068   -1.458713
    0.125063    0.147550    0.325090    0.325099    0.339518    0.356552    0.392106    0.396358
    0.397209    0.413393    0.428731    0.470703    1.155175    1.176948    1.239289    1.239328
    1.267130    1.267407    1.273397    1.298095    1.479257    1.479260    1.510483    1.510485
    1.810420    1.821801    1.824306    1.857490    1.868991    1.898332    2.070187    2.070190
    2.103659    2.103664    2.185372    2.216578    2.706287    2.733159    2.927950    2.927951
    2.968886    2.968887    3.244189    3.276273
at   0.13978  -0.13978   0.13978    0.002833
   52 eigenvalues :
   -2.812825   -2.727849   -1.586025   -1.569562   -1.542191   -1.486626   -1.470217   -1.458911
    0.129076    0.151634    0.325327    0.325330    0.340670    0.354542    0.392736    0.396511
    0.397469    0.414636    0.426378    0.471450    1.149666    1.171878    1.231899    1.231946
    1.260360    1.261087    1.263848    1.288020    1.481091    1.481094    1.511397    1.511399
    1.820016    1.825938    1.839759    1.855582    1.876623    1.905900    2.080637    2.080642
    2.113980    2.113987    2.171273    2.202537    2.718183    2.744461    2.942943    2.942944
    2.983595    2.983596    3.238637    3.271427
at   0.14516  -0.14516   0.14516    0.002833
   52 eigenvalues :
   -2.812750   -2.727769   -1.586203   -1.569703   -1.542381   -1.486821   -1.470371   -1.459114
    0.133203    0.155842    0.325594    0.325598    0.341859    0.352472    0.393373    0.396699
    0.397784    0.415921    0.423958    0.472212    1.144258    1.166914    1.223988    1.224043
    1.252168    1.254176    1.255357    1.278177    1.483741    1.483743    1.513195    1.513197
    1.818181    1.841740    1.853658    1.855539    1.884000    1.913224    2.091038    2.091045
    2.124251    2.124269    2.156333    2.187616    2.730864    2.756559    2.957752    2.957753
    2.998028    2.998029    3.233946    3.267174
at   0.15054  -0.15054   0.15054    0.002833
   52 eigenvalues :
   -2.812673   -2.727687   -1.586383   -1.569849   -1.542574   -1.487020   -1.470528   -1.459320
    0.137431    0.160161    0.325893    0.325903    0.343082    0.350348    0.394015    0.396924
    0.398162    0.417243    0.421478    0.472988    1.138967    1.162070    1.215632    1.215693
    1.243085    1.246739    1.247481    1.268590    1.487145    1.487148    1.515824    1.515826
    1.816337    1.851698    1.857816    1.871576    1.891120    1.920301    2.101365    2.101379
    2.134335    2.134487    2.140794    2.171939    2.744130    2.769253    2.972158    2.972159
    3.011950    3.011951    3.220046    3.246341
at   0.15591  -0.15591   0.15591    0.002833
   52 eigenvalues :
   -2.812595   -2.727604   -1.586567   -1.569998   -1.542769   -1.487222   -1.470690   -1.459529
    0.141742    0.164577    0.326227    0.326244    0.344335    0.348177    0.394659    0.397186
    0.398607    0.418598    0.418947    0.473777    1.133806    1.157357    1.206911    1.206976
    1.233963    1.238852    1.239463    1.259279    1.491239    1.491241    1.519223    1.519224
    1.814492    1.849766    1.874074    1.887833    1.897978    1.927131    2.111556    2.111625
    2.124305    2.144570    2.144730    2.155683    2.757771    2.782331    2.985912    2.985912
    3.025095    3.025095    3.199773    3.225679
at   0.16129  -0.16129   0.16129    0.002833
   52 eigenvalues :
   -2.812515   -2.727519   -1.586753   -1.570152   -1.542968   -1.487427   -1.470857   -1.459741
    0.146146    0.169099    0.326599    0.326625    0.345621    0.345955    0.395307    0.397490
    0.399127    0.416358    0.419990    0.474582    1.128757    1.152761    1.197850    1.197917
    1.224986    1.230546    1.231116    1.250214    1.495983    1.495985    1.523349    1.523350
    1.812645    1.847820    1.890609    1.904362    1.904611    1.933751    2.107238    2.121794
    2.121950    2.138589    2.154823    2.154870    2.771649    2.795654    2.998812    2.998813
    3.037245    3.037245    3.179575    3.205129
at   0.16667  -0.16667   0.16667    0.002833
   52 eigenvalues :
   -2.812433   -2.727433   -1.586941   -1.570308   -1.543169   -1.487635   -1.471027   -1.459955
    0.150625    0.173711    0.327010    0.327046    0.343688    0.346937    0.395959    0.397834
    0.399729    0.413722    0.421415    0.475405    1.123834    1.148293    1.188518    1.188584
    1.216225    1.221891    1.222463    1.241415    1.501319    1.501321    1.528141    1.528143
    1.810804    1.845877    1.907376    1.911012    1.921130    1.940160    2.089889    2.120965
    2.132053    2.132135    2.164891    2.164903    2.785546    2.809007    3.010557    3.010558
    3.048091    3.048091    3.159512    3.184743
at   0.17204  -0.17204   0.17204    0.002833
   52 eigenvalues :
   -2.812350   -2.727345   -1.587131   -1.570467   -1.543371   -1.487844   -1.471200   -1.460170
    0.155159    0.178398    0.327459    0.327509    0.341386    0.348279    0.396617    0.398220
    0.400415    0.411048    0.422869    0.476245    1.119047    1.143961    1.178981    1.179045
    1.207704    1.212957    1.213565    1.232904    1.507190    1.507191    1.533539    1.533540
    1.808976    1.843944    1.917173    1.924338    1.938098    1.946357    2.072104    2.103155
    2.142126    2.142140    2.174903    2.174908    2.799245    2.822179    3.020847    3.020848
    3.057340    3.057340    3.139635    3.164572
at   0.17742  -0.17742   0.17742    0.002833
   52 eigenvalues :
   -2.812266   -2.727256   -1.587322   -1.570630   -1.543575   -1.488056   -1.471377   -1.460388
    0.159756    0.183168    0.327947    0.328018    0.339046    0.349649    0.397286    0.398647
    0.401190    0.408336    0.424356    0.477108    1.114379    1.139750    1.169246    1.169305
    1.199380    1.203759    1.204456    1.224653    1.513575    1.513576    1.539514    1.539515
    1.807159    1.842019    1.923115    1.941554    1.952374    1.955324    2.053930    2.084853
    2.152175    2.152181    2.184895    2.184898    2.812612    2.835043    3.029459    3.029460
    3.064787    3.064787    3.119884    3.144549
at   0.18280  -0.18280   0.18280    0.002833
   52 eigenvalues :
   -2.812181   -2.727166   -1.587515   -1.570796   -1.543781   -1.488268   -1.471558   -1.460607
    0.164396    0.188003    0.328467    0.328572    0.336683    0.351045    0.397973    0.399101
    0.402057    0.405607    0.425870    0.477996    1.109841    1.135668    1.159366    1.159421
    1.191208    1.194355    1.195259    1.216683    1.520428    1.520429    1.546013    1.546014
    1.805361    1.840111    1.928809    1.958205    1.958988    1.972774    2.035486    2.066216
    2.162180    2.162184    2.194853    2.194855    2.825447    2.847410    3.036167    3.036168
    3.070245    3.070245    3.100310    3.124724
at   0.18817  -0.18817   0.18817    0.002833
   52 eigenvalues :
   -2.812096   -2.727075   -1.587708   -1.570963   -1.543987   -1.488481   -1.471741   -1.460826
    0.169057    0.192884    0.328994    0.329173    0.334329    0.352461    0.398682    0.399515
    0.402939    0.403018    0.427409    0.478913    1.105439    1.131722    1.149393    1.149443
    1.182993    1.184801    1.186242    1.209013    1.527701    1.527703    1.552986    1.552987
    1.803588    1.838226    1.934193    1.963839    1.976602    1.990410    2.016919    2.047346
    2.172127    2.172129    2.204762    2.204763    2.837576    2.859116    3.040842    3.040843
    3.073642    3.073642    3.080958    3.105139
at   0.19355  -0.19355   0.19355    0.002833
   52 eigenvalues :
   -2.812009   -2.726983   -1.587902   -1.571134   -1.544194   -1.488696   -1.471928   -1.461047
    0.173742    0.197820    0.329393    0.329825    0.332119    0.353901    0.399144    0.399423
    0.401075    0.404080    0.428976    0.479866    1.101159    1.127896    1.139318    1.139366
    1.174245    1.175094    1.177869    1.201618    1.535394    1.535395    1.560422    1.560423
    1.801839    1.836362    1.939131    1.969274    1.994458    1.998369    2.008293    2.028253
    2.182056    2.182057    2.214662    2.214663    2.848918    2.870090    3.043490    3.043491
    3.061766    3.075031    3.075032    3.085728
at   0.19892  -0.19892   0.19892    0.002833
   52 eigenvalues :
   -2.811922   -2.726890   -1.588096   -1.571307   -1.544401   -1.488910   -1.472117   -1.461267
    0.178421    0.202780    0.328641    0.330526    0.331086    0.355358    0.396766    0.400200
    0.401251    0.405246    0.430563    0.480859    1.097015    1.124196    1.129203    1.129257
    1.164878    1.165299    1.170320    1.194529    1.543452    1.543453    1.568263    1.568264
    1.800123    1.834530    1.943039    1.974372    1.980520    2.009176    2.012488    2.026355
    2.191933    2.191934    2.224521    2.224522    2.859338    2.880208    3.042812    3.044193
    3.044194    3.066571    3.074548    3.074549
at   0.20430  -0.20430   0.20430    0.002833
   52 eigenvalues :
   -2.811834   -2.726797   -1.588290   -1.571482   -1.544608   -1.489124   -1.472309   -1.461488
    0.183094    0.207771    0.326453    0.331281    0.331513    0.356835    0.393965    0.401020
    0.401882    0.406529    0.432174    0.481904    1.092992    1.118997    1.119032    1.120712
    1.155167    1.155407    1.163285    1.187722    1.551882    1.551884    1.576513    1.576514
    1.798437    1.832725    1.943095    1.966186    1.978014    1.991226    2.030754    2.044658
    2.201798    2.201799    2.234378    2.234378    2.868822    2.889459    3.024035    3.043132
    3.043132    3.047602    3.072400    3.072400
at   0.20968  -0.20968   0.20968    0.002833
   52 eigenvalues :
   -2.811745   -2.726703   -1.588484   -1.571660   -1.544815   -1.489338   -1.472503   -1.461708
    0.187737    0.212771    0.324000    0.332089    0.332237    0.358327    0.391090    0.401887
    0.402628    0.407935    0.433806    0.483006    1.089095    1.108844    1.108854    1.117217
    1.145306    1.145458    1.156625    1.181210    1.560651    1.560652    1.585130    1.585131
    1.796788    1.830956    1.932323    1.962411    1.967598    1.987074    2.049220    2.063167
    2.211636    2.211636    2.244217    2.244218    2.877333    2.897809    3.005474    3.028862
    3.040533    3.040534    3.068828    3.068829
at   0.21505  -0.21505   0.21505    0.002833
   52 eigenvalues :
   -2.811656   -2.726609   -1.588678   -1.571842   -1.545024   -1.489554   -1.472704   -1.461930
    0.192323    0.217757    0.321485    0.332950    0.333061    0.359827    0.388190    0.402802
    0.403449    0.409475    0.435452    0.484174    1.085124    1.098540    1.098549    1.113703
    1.135257    1.135360    1.150281    1.174991    1.569670    1.569671    1.594035    1.594036
    1.794827    1.828876    1.914844    1.948555    1.965056    1.991267    2.067563    2.081578
    2.220543    2.220543    2.253146    2.253147    2.884864    2.905250    2.987126    3.010344
    3.036069    3.036070    3.063593    3.063594
at   0.22043  -0.22043   0.22043    0.002833
   52 eigenvalues :
   -2.811567   -2.726514   -1.588871   -1.572023   -1.545229   -1.489766   -1.472902   -1.462148
    0.196851    0.222733    0.318934    0.333869    0.333960    0.361338    0.385272    0.403773
    0.404341    0.411168    0.437118    0.485423    1.081463    1.088376    1.088376    1.110491
    1.125287    1.125364    1.144249    1.169077    1.579053    1.579054    1.603319    1.603320
    1.793253    1.827178    1.895979    1.929071    1.969590    1.996400    2.086416    2.100485
    2.230378    2.230378    2.263001    2.263001    2.891691    2.912044    2.969027    2.992084
    3.031261    3.031262    3.058016    3.058017
at   0.22581  -0.22581   0.22581    0.002833
   52 eigenvalues :
   -2.811478   -2.726420   -1.589063   -1.572205   -1.545434   -1.489978   -1.473103   -1.462366
    0.201293    0.227674    0.316363    0.334844    0.334924    0.362850    0.382352    0.404800
    0.405302    0.413026    0.438799    0.486763    1.077730    1.078229    1.078431    1.107394
    1.115304    1.115372    1.138506    1.163458    1.588725    1.588727    1.612912    1.612914
    1.791725    1.825525    1.876421    1.909173    1.974000    2.001160    2.105460    2.119589
    2.240189    2.240190    2.272842    2.272842    2.897511    2.917891    2.951160    2.974064
    3.025613    3.025614    3.051692    3.051692
at   0.23118  -0.23118   0.23118    0.002833
   52 eigenvalues :
   -2.811389   -2.726325   -1.589253   -1.572389   -1.545636   -1.490187   -1.473304   -1.462582
    0.205621    0.232554    0.313783    0.335875    0.335947    0.364347    0.379451    0.405883
    0.406327    0.415063    0.440489    0.488206    1.068108    1.068137    1.074559    1.104288
    1.105344    1.105540    1.133059    1.158143    1.598655    1.598656    1.622781    1.622783
    1.790248    1.823922    1.856658    1.889220    1.978502    2.005875    2.124658    2.138852
    2.249960    2.249960    2.282651    2.282651    2.902584    2.923037    2.933564    2.956323
    3.019335    3.019336    3.044815    3.044815
at   0.23656  -0.23656   0.23656    0.002833
   52 eigenvalues :
   -2.811299   -2.726231   -1.589441   -1.572574   -1.545838   -1.490396   -1.473508   -1.462797
    0.209831    0.237375    0.311191    0.336965    0.337034    0.365806    0.376592    0.407028
    0.407421    0.417303    0.442194    0.489770    1.058055    1.058074    1.071259    1.095376
    1.095384    1.101629    1.127881    1.153111    1.608866    1.608868    1.632947    1.632949
    1.788820    1.822367    1.836733    1.869185    1.983026    2.010542    2.144078    2.158342
    2.259725    2.259725    2.292464    2.292464    2.907026    2.916177    2.927586    2.938798
    3.012572    3.012573    3.037514    3.037514
at   0.24194  -0.24194   0.24194    0.002833
   52 eigenvalues :
   -2.811210   -2.726136   -1.589628   -1.572759   -1.546038   -1.490602   -1.473712   -1.463010
    0.213895    0.242109    0.308594    0.338114    0.338181    0.367122    0.373884    0.408235
    0.408584    0.419761    0.443907    0.491471    1.048052    1.048067    1.068081    1.085454
    1.085456    1.098872    1.122981    1.148370    1.619331    1.619333    1.643380    1.643383
    1.787445    1.816743    1.820863    1.849134    1.987527    2.015148    2.163681    2.178022
    2.269464    2.269464    2.302259    2.302259    2.899037    2.910923    2.921526    2.931617
    3.005475    3.005476    3.029931    3.029931
at   0.24731  -0.24731   0.24731    0.002833
   52 eigenvalues :
   -2.811122   -2.726043   -1.589813   -1.572945   -1.546235   -1.490805   -1.473917   -1.463220
    0.217785    0.246731    0.306001    0.339319    0.339386    0.367785    0.371841    0.409503
    0.409812    0.422449    0.445623    0.493321    1.038130    1.038142    1.065022    1.075582
    1.075590    1.096242    1.118361    1.143923    1.630017    1.630020    1.654047    1.654050
    1.786128    1.796763    1.819417    1.829127    1.991982    2.019686    2.183428    2.197852
    2.279156    2.279156    2.312016    2.312016    2.882179    2.904542    2.914366    2.935211
    2.998179    2.998180    3.022187    3.022188
at   0.25269  -0.25269   0.25269    0.002833
   52 eigenvalues :
   -2.811034   -2.725949   -1.589996   -1.573132   -1.546430   -1.491006   -1.474123   -1.463428
    0.221497    0.251237    0.303406    0.340584    0.340654    0.366461    0.371796    0.410836
    0.411111    0.425397    0.447349    0.495345    1.028261    1.028271    1.062045    1.065741
    1.065781    1.093717    1.114000    1.139751    1.640955    1.640960    1.664975    1.664980
    1.776749    1.784866    1.809110    1.818024    1.996404    2.024174    2.203390    2.217904
    2.288833    2.288833    2.321766    2.321766    2.865544    2.887786    2.917456    2.938462
    2.990754    2.990755    3.014346    3.014346
at   0.25806  -0.25806   0.25806    0.002833
   52 eigenvalues :
   -2.810946   -2.725856   -1.590176   -1.573319   -1.546623   -1.491204   -1.474329   -1.463633
    0.224999    0.255594    0.300823    0.341905    0.341980    0.363940    0.372965    0.412232
    0.412476    0.428610    0.449073    0.497553    1.018487    1.018496    1.055917    1.055976
    1.059316    1.091303    1.109909    1.135864    1.652093    1.652101    1.676112    1.676121
    1.756797    1.783665    1.789174    1.816692    2.000773    2.028601    2.223491    2.238101
    2.298454    2.298454    2.331467    2.331467    2.849198    2.871324    2.920263    2.941433
    2.983311    2.983312    3.006511    3.006511
at   0.26344  -0.26344   0.26344    0.002833
   52 eigenvalues :
   -2.810859   -2.725764   -1.590353   -1.573506   -1.546813   -1.491400   -1.474535   -1.463836
    0.228288    0.259798    0.298243    0.343285    0.343369    0.361167    0.374403    0.413695
    0.413913    0.432115    0.450803    0.499973    1.008780    1.008787    1.046236    1.046258
    1.056555    1.088986    1.106068    1.132242    1.663462    1.663475    1.687483    1.687502
    1.736863    1.769263    1.782522    1.815417    2.005108    2.032986    2.243801    2.258514
    2.308047    2.308047    2.341148    2.341148    2.833083    2.855099    2.922871    2.944204
    2.975893    2.975896    2.998719    2.998720
at   0.26882  -0.26882   0.26882    0.002833
   52 eigenvalues :
   -2.810772   -2.725672   -1.590528   -1.573693   -1.547000   -1.491592   -1.474742   -1.464035
    0.231344    0.263824    0.295677    0.344717    0.344817    0.358341    0.375915    0.415224
    0.415419    0.435921    0.452531    0.502618    0.999161    0.999168    1.036597    1.036612
    1.053928    1.086770    1.102479    1.128886    1.675020    1.675051    1.699005    1.699087
    1.717063    1.749436    1.781440    1.814204    2.009402    2.037326    2.264280    2.279105
    2.317586    2.317586    2.350781    2.350781    2.817235    2.839144    2.925339    2.946829
    2.968576    2.968580    2.991042    2.991043
at   0.27419  -0.27419   0.27419    0.002833
   52 eigenvalues :
   -2.810687   -2.725582   -1.590699   -1.573879   -1.547183   -1.491780   -1.474948   -1.464231
    0.234148    0.267647    0.293130    0.346191    0.346322    0.355527    0.377453    0.416816
    0.416991    0.440032    0.454253    0.505502    0.989656    0.989662    1.027051    1.027061
    1.051414    1.084654    1.099140    1.125796    1.686581    1.686787    1.697178    1.710800
    1.711076    1.729800    1.780423    1.813054    2.013650    2.041617    2.284888    2.299832
    2.327044    2.327044    2.360337    2.360338    2.801686    2.823493    2.927718    2.949355
    2.961427    2.961434    2.983543    2.983544
at   0.27957  -0.27957   0.27957    0.002833
   52 eigenvalues :
   -2.810602   -2.725492   -1.590868   -1.574065   -1.547364   -1.491966   -1.475154   -1.464424
    0.236705    0.271265    0.290598    0.347669    0.347889    0.352772    0.379003    0.418476
    0.418635    0.444472    0.455974    0.508652    0.980232    0.980238    1.017568    1.017577
    1.048997    1.082629    1.096032    1.122950    1.677137    1.698585    1.698953    1.710021
    1.722965    1.723082    1.779466    1.811966    2.017871    2.045878    2.305696    2.320768
    2.336443    2.336443    2.369840    2.369840    2.786381    2.808089    2.930067    2.951811
    2.954466    2.954506    2.976240    2.976242
at   0.28495  -0.28495   0.28495    0.002833
   52 eigenvalues :
   -2.810518   -2.725403   -1.591033   -1.574250   -1.547541   -1.492147   -1.475358   -1.464613
    0.239002    0.274657    0.288087    0.348650    0.349513    0.350592    0.380556    0.420203
    0.420347    0.449240    0.457687    0.512078    0.970913    0.970918    1.008174    1.008181
    1.046679    1.080695    1.093154    1.120349    1.657574    1.690202    1.711033    1.711110
    1.735133    1.735153    1.778574    1.810942    2.022060    2.050107    2.326664    2.341874
    2.345752    2.345752    2.379256    2.379256    2.771354    2.792968    2.932423    2.947729
    2.947751    2.954355    2.969189    2.969193
at   0.29032  -0.29032   0.29032    0.002833
   52 eigenvalues :
   -2.810435   -2.725316   -1.591194   -1.574434   -1.547714   -1.492325   -1.475562   -1.464798
    0.241034    0.277806    0.285605    0.346759    0.351191    0.351369    0.382102    0.421991
    0.422123    0.454329    0.459389    0.515787    0.961720    0.961725    0.998890    0.998896
    1.044462    1.078853    1.090502    1.117985    1.638086    1.670888    1.723320    1.723339
    1.747468    1.747476    1.777747    1.809984    2.026212    2.054297    2.347747    2.354938
    2.354938    2.363105    2.388550    2.388550    2.756636    2.778158    2.934812    2.941320
    2.941339    2.956845    2.962443    2.962456
at   0.29570  -0.29570   0.29570    0.002833
   52 eigenvalues :
   -2.810353   -2.725229   -1.591353   -1.574618   -1.547885   -1.492499   -1.475766   -1.464980
    0.242809    0.280713    0.283146    0.344096    0.352928    0.353000    0.383645    0.423848
    0.423969    0.459757    0.461083    0.519804    0.952587    0.952591    0.989650    0.989655
    1.042334    1.077093    1.088007    1.115792    1.618649    1.651581    1.735720    1.735728
    1.759920    1.759924    1.776856    1.808962    2.029942    2.058068    2.363717    2.363717
    2.369021    2.384537    2.397443    2.397443    2.741977    2.763420    2.935117    2.935169
    2.936628    2.955942    2.955976    2.958735
at   0.30108  -0.30108   0.30108    0.002833
   52 eigenvalues :
   -2.810273   -2.725144   -1.591507   -1.574799   -1.548051   -1.492669   -1.475967   -1.465157
    0.244328    0.280716    0.283366    0.341399    0.354719    0.354755    0.385177    0.425768
    0.425881    0.462762    0.465516    0.524132    0.943609    0.943612    0.980551    0.980555
    1.040298    1.075416    1.085763    1.113859    1.599356    1.632418    1.748357    1.748362
    1.772604    1.772606    1.776149    1.808123    2.034070    2.062232    2.372663    2.372663
    2.390439    2.406125    2.406495    2.406496    2.727826    2.749182    2.929432    2.929437
    2.939181    2.949914    2.949927    2.961387
at   0.30645  -0.30645   0.30645    0.002833
   52 eigenvalues :
   -2.810194   -2.725060   -1.591658   -1.574978   -1.548213   -1.492834   -1.476166   -1.465330
    0.245595    0.278324    0.285756    0.338727    0.356559    0.356577    0.386694    0.427748
    0.427853    0.464424    0.471586    0.528768    0.934769    0.934772    0.971575    0.971579
    1.038353    1.073823    1.083715    1.112132    1.580237    1.613437    1.761120    1.761123
    1.775502    1.785417    1.785420    1.807350    2.038172    2.066369    2.381425    2.381425
    2.411957    2.415358    2.415358    2.427829    2.713992    2.735267    2.924108    2.924110
    2.941868    2.944280    2.944310    2.964143
at   0.31183  -0.31183   0.31183    0.002833
   52 eigenvalues :
   -2.810116   -2.724978   -1.591805   -1.575156   -1.548370   -1.492996   -1.476364   -1.465499
    0.246625    0.275963    0.287892    0.336084    0.358453    0.358460    0.388199    0.429792
    0.429891    0.466073    0.477984    0.533734    0.926039    0.926042    0.962694    0.962697
    1.036491    1.072304    1.081845    1.110593    1.561234    1.594581    1.774043    1.774046
    1.774926    1.798396    1.798399    1.806640    2.042266    2.070499    2.390011    2.390011
    2.424038    2.424038    2.433648    2.449720    2.700430    2.721625    2.919203    2.919204
    2.939066    2.939074    2.944742    2.966998
at   0.31720  -0.31720   0.31720    0.002833
   52 eigenvalues :
   -2.810040   -2.724898   -1.591947   -1.575330   -1.548523   -1.493152   -1.476558   -1.465662
    0.247424    0.273644    0.289767    0.333487    0.360391    0.360393    0.389685    0.431893
    0.431987    0.467699    0.484675    0.539010    0.917565    0.917568    0.954057    0.954059
    1.035033    1.071169    1.080150    1.109236    1.542430    1.575934    1.774428    1.787317
    1.787319    1.806019    1.811706    1.811706    2.046517    2.074783    2.398364    2.398364
    2.432475    2.432475    2.455426    2.471714    2.687193    2.708311    2.916349    2.916349
    2.935919    2.935921    2.948343    2.970536
at   0.32258  -0.32258   0.32258    0.002833
   52 eigenvalues :
   -2.809965   -2.724818   -1.592086   -1.575504   -1.548672   -1.493305   -1.476751   -1.465821
    0.248009    0.271361    0.291394    0.330930    0.362373    0.362381    0.391154    0.434055
    0.434144    0.469307    0.491674    0.544614    0.909092    0.909095    0.945404    0.945406
    1.033328    1.069790    1.078608    1.108040    1.523765    1.557434    1.773973    1.800508
    1.800511    1.805439    1.824957    1.824957    2.050606    2.078908    2.406476    2.406476
    2.440657    2.440657    2.477360    2.493883    2.674238    2.695282    2.912444    2.912444
    2.931738    2.931739    2.951420    2.973534
at   0.32796  -0.32796   0.32796    0.002833
   52 eigenvalues :
   -2.809892   -2.724741   -1.592221   -1.575675   -1.548817   -1.493453   -1.476941   -1.465976
    0.248391    0.269121    0.292775    0.328422    0.364401    0.364413    0.392602    0.436272
    0.436358    0.470892    0.498955    0.550532    0.900757    0.900760    0.936876    0.936878
    1.031701    1.068481    1.077211    1.106994    1.505286    1.539131    1.773578    1.804918
    1.813811    1.813812    1.838320    1.838321    2.054688    2.083025    2.414312    2.414312
    2.448543    2.448543    2.499404    2.516183    2.661593    2.682565    2.909074    2.909074
    2.928110    2.928110    2.954538    2.976489
at   0.33333  -0.33333   0.33333    0.002833
   52 eigenvalues :
   -2.809820   -2.724665   -1.592352   -1.575842   -1.548958   -1.493597   -1.477128   -1.466125
    0.248586    0.266930    0.293918    0.325970    0.366465    0.366481    0.394025    0.438537
    0.438621    0.472449    0.506492    0.556743    0.892582    0.892584    0.928493    0.928495
    1.030154    1.067242    1.075948    1.106087    1.487042    1.521072    1.773242    1.804460
    1.827186    1.827187    1.851761    1.851762    2.058756    2.087128    2.421824    2.421824
    2.456081    2.456081    2.521505    2.538563    2.649285    2.670189    2.906281    2.906281
    2.925080    2.925081    2.957549    2.979214
at   0.33871  -0.33871   0.33871    0.002833
   52 eigenvalues :
   -2.809751   -2.724592   -1.592479   -1.576008   -1.549094   -1.493736   -1.477312   -1.466271
    0.248610    0.264782    0.294840    0.323568    0.368571    0.368591    0.395427    0.440856
    0.440939    0.473983    0.514297    0.563262    0.884539    0.884542    0.920228    0.920230
    1.028678    1.066065    1.074799    1.105297    1.468977    1.503202    1.772962    1.804058
    1.840672    1.840673    1.865318    1.865318    2.062826    2.091235    2.429005    2.429005
    2.463260    2.463260    2.543732    2.561097    2.637274    2.658112    2.904090    2.904091
    2.922680    2.922681    2.960073    2.981279
at   0.34409  -0.34409   0.34409    0.002833
   52 eigenvalues :
   -2.809682   -2.724520   -1.592603   -1.576172   -1.549227   -1.493872   -1.477494   -1.466412
    0.248477    0.262684    0.295550    0.321223    0.370710    0.370733    0.396801    0.443222
    0.443303    0.475487    0.522339    0.570063    0.876625    0.876628    0.912078    0.912080
    1.027270    1.064947    1.073612    1.104475    1.451072    1.485511    1.772737    1.803714
    1.854040    1.854041    1.878770    1.878771    2.066355    2.094807    2.435650    2.435650
    2.469870    2.469870    2.566021    2.583725    2.625587    2.646361    2.902483    2.902484
    2.920888    2.920889    2.960353    2.981079
at   0.34946  -0.34946   0.34946    0.002833
   52 eigenvalues :
   -2.809616   -2.724450   -1.592723   -1.576333   -1.549354   -1.494002   -1.477672   -1.466547
    0.248204    0.260642    0.296064    0.318942    0.372875    0.372902    0.398145    0.445626
    0.445706    0.476958    0.530593    0.577123    0.868909    0.868912    0.904112    0.904115
    1.025937    1.063895    1.072642    1.103868    1.433512    1.468165    1.772565    1.803425
    1.867620    1.867621    1.892430    1.892431    2.070429    2.098917    2.442041    2.442042
    2.476187    2.476187    2.588328    2.606403    2.614250    2.634962    2.901593    2.901595
    2.919857    2.919860    2.955603    2.977002
at   0.35484  -0.35484   0.35484    0.002833
   52 eigenvalues :
   -2.809552   -2.724382   -1.592839   -1.576489   -1.549477   -1.494128   -1.477846   -1.466678
    0.247806    0.258649    0.296398    0.316718    0.375070    0.375100    0.399462    0.448072
    0.448153    0.478399    0.539071    0.584452    0.861342    0.861345    0.896282    0.896284
    1.024670    1.062898    1.071737    1.103327    1.416178    1.451057    1.772442    1.803189
    1.881273    1.881274    1.906166    1.906167    2.074507    2.103033    2.447992    2.447992
    2.482018    2.482019    2.603225    2.610706    2.623878    2.629195    2.901407    2.901410
    2.919573    2.919580    2.942201    2.965946
at   0.36022  -0.36022   0.36022    0.002833
   52 eigenvalues :
   -2.809490   -2.724316   -1.592949   -1.576641   -1.549595   -1.494249   -1.478015   -1.466804
    0.247298    0.256712    0.296565    0.314557    0.377285    0.377318    0.400746    0.450553
    0.450633    0.479804    0.547740    0.592017    0.853945    0.853948    0.888607    0.888609
    1.023467    1.061958    1.070860    1.102814    1.398993    1.434111    1.771738    1.802376
    1.894845    1.894846    1.919831    1.919832    2.078570    2.107136    2.453427    2.453427
    2.487282    2.487282    2.591662    2.612290    2.633088    2.652038    2.901935    2.901942
    2.920011    2.920066    2.924246    2.949644
at   0.36559  -0.36559   0.36559    0.002833
   52 eigenvalues :
   -2.809429   -2.724252   -1.593054   -1.576788   -1.549707   -1.494366   -1.478179   -1.466923
    0.246696    0.254836    0.296584    0.312467    0.379512    0.379548    0.401995    0.453057
    0.453139    0.481172    0.556571    0.599791    0.846736    0.846739    0.881108    0.881110
    1.022330    1.061073    1.070028    1.102344    1.382267    1.417631    1.771737    1.802265
    1.908519    1.908520    1.933600    1.933602    2.082634    2.111238    2.458363    2.458363
    2.491997    2.491997    2.581291    2.601866    2.655401    2.674867    2.903149    2.903250
    2.905574    2.921374    2.921412    2.931733
at   0.37097  -0.37097   0.37097    0.002833
   52 eigenvalues :
   -2.809371   -2.724191   -1.593156   -1.576931   -1.549815   -1.494478   -1.478339   -1.467038
    0.246011    0.253016    0.296469    0.310439    0.381752    0.381792    0.403213    0.455590
    0.455673    0.482504    0.565578    0.607782    0.839696    0.839699    0.873763    0.873766
    1.021252    1.060237    1.069199    1.101875    1.365830    1.401449    1.771778    1.802200
    1.922217    1.922218    1.947400    1.947401    2.086699    2.115343    2.462760    2.462760
    2.496115    2.496116    2.571250    2.591772    2.677690    2.697737    2.886627    2.905318
    2.905358    2.913224    2.923564    2.923579
at   0.37634  -0.37634   0.37634    0.002833
   52 eigenvalues :
   -2.809315   -2.724131   -1.593253   -1.577069   -1.549918   -1.494585   -1.478494   -1.467147
    0.245259    0.251261    0.296238    0.308485    0.383993    0.384037    0.404392    0.458135
    0.458219    0.483795    0.574711    0.615941    0.832855    0.832859    0.866607    0.866609
    1.020236    1.059453    1.068352    1.101386    1.349767    1.385652    1.771859    1.802177
    1.935868    1.935869    1.961160    1.961161    2.090747    2.119432    2.466579    2.466579
    2.499597    2.499597    2.561579    2.582052    2.699826    2.720529    2.868036    2.894740
    2.908218    2.908227    2.926571    2.926573
at   0.38172  -0.38172   0.38172    0.002833
   52 eigenvalues :
   -2.809260   -2.724074   -1.593346   -1.577203   -1.550017   -1.494688   -1.478644   -1.467251
    0.244451    0.249565    0.295903    0.306599    0.386235    0.386284    0.405535    0.460694
    0.460781    0.485047    0.583985    0.624278    0.826197    0.826201    0.859619    0.859622
    1.019275    1.058716    1.067458    1.100848    1.334048    1.370208    1.771976    1.802193
    1.949502    1.949504    1.974912    1.974913    2.094791    2.123517    2.469816    2.469816
    2.502437    2.502437    2.552249    2.572675    2.721836    2.743284    2.849747    2.876496
    2.911871    2.911874    2.930442    2.930443
at   0.38710  -0.38710   0.38710    0.002833
   52 eigenvalues :
   -2.809208   -2.724019   -1.593434   -1.577332   -1.550110   -1.494786   -1.478789   -1.467351
    0.243600    0.247934    0.295482    0.304785    0.388468    0.388523    0.406640    0.463257
    0.463347    0.486256    0.593365    0.632755    0.819740    0.819746    0.852822    0.852825
    1.018369    1.058024    1.066490    1.100233    1.318735    1.355180    1.772125    1.802246
    1.963071    1.963073    1.988607    1.988609    2.098816    2.127586    2.472455    2.472455
    2.504619    2.504620    2.543284    2.563664    2.743608    2.765906    2.831884    2.858606
    2.916297    2.916298    2.935166    2.935166
at   0.39247  -0.39247   0.39247    0.002833
   52 eigenvalues :
   -2.809159   -2.723966   -1.593519   -1.577457   -1.550199   -1.494879   -1.478928   -1.467445
    0.242719    0.246371    0.294988    0.303049    0.390681    0.390742    0.407702    0.465810
    0.465904    0.487419    0.602813    0.641333    0.813505    0.813511    0.846236    0.846239
    1.017520    1.057378    1.065418    1.099511    1.303891    1.340630    1.772304    1.802330
    1.976526    1.976528    2.002198    2.002200    2.102811    2.131626    2.474488    2.474488
    2.506141    2.506141    2.534704    2.555041    2.765019    2.788286    2.814540    2.841194
    2.921456    2.921457    2.940710    2.940710
at   0.39785  -0.39785   0.39785    0.002833
   52 eigenvalues :
   -2.809111   -2.723916   -1.593599   -1.577576   -1.550284   -1.494968   -1.479062   -1.467534
    0.241815    0.244873    0.294435    0.301385    0.392874    0.392941    0.408725    0.468355
    0.468454    0.488539    0.612342    0.650019    0.807476    0.807483    0.839845    0.839849
    1.016721    1.056773    1.064204    1.098648    1.289504    1.326543    1.772508    1.802444
    1.989888    1.989891    2.015707    2.015710    2.106783    2.135643    2.475929    2.475929
    2.507017    2.507017    2.526483    2.546779    2.786046    2.797695    2.810425    2.824255
    2.927322    2.927322    2.947061    2.947061
at   0.40323  -0.40323   0.40323    0.002833
   52 eigenvalues :
   -2.809066   -2.723868   -1.593675   -1.577690   -1.550364   -1.495053   -1.479190   -1.467618
    0.240900    0.243444    0.293835    0.299799    0.395035    0.395110    0.409705    0.470877
    0.470981    0.489612    0.621912    0.658771    0.801673    0.801682    0.833672    0.833677
    1.015973    1.056209    1.062815    1.097609    1.275646    1.312992    1.772733    1.802583
    2.003104    2.003107    2.029081    2.029085    2.110716    2.139623    2.476787    2.476787
    2.507261    2.507261    2.518643    2.538900    2.781422    2.806527    2.807872    2.832176
    2.933813    2.933814    2.954156    2.954156
at   0.40860  -0.40860   0.40860    0.002833
   52 eigenvalues :
   -2.809023   -2.723823   -1.593747   -1.577799   -1.550439   -1.495133   -1.479312   -1.467697
    0.239986    0.242087    0.293203    0.298294    0.397151    0.397236    0.410640    0.473361
    0.473472    0.490635    0.631479    0.667542    0.796115    0.796126    0.827738    0.827743
    1.015276    1.055685    1.061214    1.096361    1.262394    1.300049    1.772975    1.802743
    2.016114    2.016118    2.042262    2.042267    2.114592    2.143547    2.477081    2.477081
    2.506901    2.506901    2.511203    2.531423    2.765787    2.792115    2.826280    2.853374
    2.940816    2.940816    2.961903    2.961903
at   0.41398  -0.41398   0.41398    0.002833
   52 eigenvalues :
   -2.808982   -2.723780   -1.593814   -1.577903   -1.550507   -1.495207   -1.479428   -1.467770
    0.239079    0.240799    0.292549    0.296866    0.399221    0.399318    0.411533    0.475807
    0.475927    0.491610    0.641057    0.676338    0.790807    0.790821    0.822047    0.822054
    1.014675    1.055247    1.059644    1.095146    1.249848    1.287806    1.773231    1.802920
    2.029105    2.029110    2.055437    2.055445    2.118767    2.147774    2.478655    2.478655
    2.504164    2.507745    2.507746    2.524348    2.750785    2.776987    2.845675    2.874383
    2.948281    2.948281    2.970305    2.970305
at   0.41935  -0.41935   0.41935    0.002833
   52 eigenvalues :
   -2.808944   -2.723740   -1.593877   -1.578001   -1.550573   -1.495277   -1.479538   -1.467839
    0.238188    0.239585    0.291883    0.295522    0.401228    0.401338    0.412379    0.478193
    0.478323    0.492535    0.650563    0.685082    0.785744    0.785762    0.816599    0.816606
    1.014070    1.054796    1.057509    1.093377    1.237909    1.276174    1.773496    1.803111
    2.041620    2.041626    2.068151    2.068161    2.122474    2.151531    2.477941    2.477941
    2.497509    2.506309    2.506309    2.517660    2.736455    2.762523    2.863560    2.894079
    2.955857    2.955858    2.979065    2.979065
at   0.42473  -0.42473   0.42473    0.002833
   52 eigenvalues :
   -2.808908   -2.723701   -1.593937   -1.578093   -1.550635   -1.495344   -1.479642   -1.467904
    0.237319    0.238443    0.291214    0.294256    0.403169    0.403296    0.413181    0.480516
    0.480659    0.493410    0.660003    0.693769    0.780936    0.780960    0.811403    0.811412
    1.013509    1.054379    1.055042    1.091291    1.226704    1.265268    1.773766    1.803311
    2.053854    2.053863    2.080599    2.080613    2.126102    2.155207    2.476759    2.476759
    2.491244    2.504381    2.504382    2.511365    2.722806    2.748739    2.880258    2.912749
    2.963323    2.963323    2.988065    2.988065
at   0.43011  -0.43011   0.43011    0.002833
   52 eigenvalues :
   -2.808874   -2.723666   -1.593992   -1.578180   -1.550692   -1.495405   -1.479739   -1.467964
    0.236480    0.237376    0.290553    0.293074    0.405029    0.405177    0.413937    0.482758
    0.482917    0.494234    0.669318    0.702338    0.776403    0.776436    0.806482    0.806494
    1.012992    1.052221    1.053997    1.088869    1.216313    1.255163    1.774039    1.803518
    2.065734    2.065745    2.092705    2.092726    2.129629    2.158779    2.475160    2.475160
    2.485387    2.502023    2.502025    2.505480    2.709899    2.735695    2.895571    2.930135
    2.970245    2.970245    2.996998    2.996998
at   0.43548  -0.43548   0.43548    0.002833
   52 eigenvalues :
   -2.808843   -2.723633   -1.594043   -1.578260   -1.550745   -1.495462   -1.479830   -1.468019
    0.235680    0.236385    0.289909    0.291978    0.406795    0.406968    0.414646    0.484902
    0.485081    0.495005    0.678441    0.710722    0.772164    0.772210    0.801859    0.801875
    1.012519    1.049039    1.053649    1.086107    1.206804    1.245920    1.774308    1.803726
    2.077182    2.077197    2.104390    2.104423    2.133032    2.162222    2.473205    2.473205
    2.479954    2.499298    2.499305    2.500024    2.697786    2.723448    2.909345    2.946002
    2.976098    2.976099    3.005445    3.005446
at   0.44086  -0.44086   0.44086    0.002833
   52 eigenvalues :
   -2.808814   -2.723603   -1.594090   -1.578335   -1.550793   -1.495515   -1.479914   -1.468070
    0.234921    0.235469    0.289287    0.290965    0.408462    0.408667    0.415312    0.486941
    0.487145    0.495727    0.687351    0.718891    0.768214    0.768283    0.797530    0.797551
    1.012088    1.045490    1.053332    1.083003    1.198181    1.237541    1.774572    1.803933
    2.088181    2.088201    2.115629    2.115686    2.136314    2.165529    2.470948    2.470949
    2.474928    2.494963    2.496285    2.496289    2.686454    2.711985    2.921563    2.960244
    2.980401    2.980401    3.012914    3.012915
at   0.44624  -0.44624   0.44624    0.002833
   52 eigenvalues :
   -2.808788   -2.723575   -1.594133   -1.578404   -1.550837   -1.495563   -1.479991   -1.468116
    0.234210    0.234630    0.288697    0.290037    0.410013    0.410260    0.415935    0.488854
    0.489092    0.496399    0.695964    0.726755    0.764574    0.764682    0.793519    0.793546
    1.011698    1.041612    1.053047    1.079596    1.190485    1.230061    1.774826    1.804135
    2.098638    2.098666    2.126309    2.126422    2.139467    2.168674    2.468463    2.468465
    2.470325    2.490338    2.493048    2.493049    2.675959    2.701363    2.932194    2.972740
    2.982876    2.982876    3.018830    3.018830
at   0.45161  -0.45161   0.45161    0.002833
   52 eigenvalues :
   -2.808764   -2.723550   -1.594172   -1.578467   -1.550879   -1.495607   -1.480062   -1.468159
    0.233553    0.233869    0.288145    0.289196    0.411433    0.411733    0.416515    0.490620
    0.490902    0.497022    0.704189    0.734202    0.761259    0.761445    0.789842    0.789881
    1.011219    1.037410    1.052666    1.075889    1.183705    1.223467    1.774960    1.804222
    2.107833    2.107873    2.135629    2.135908    2.142538    2.171622    2.465335    2.465343
    2.466094    2.486084    2.489206    2.489208    2.665176    2.690443    2.940618    2.982618
    2.982619    2.982849    3.021858    3.021858
at   0.45699  -0.45699   0.45699    0.002833
   52 eigenvalues :
   -2.808743   -2.723527   -1.594207   -1.578523   -1.550914   -1.495646   -1.480125   -1.468196
    0.232954    0.233187    0.287635    0.288441    0.412716    0.413084    0.417059    0.492232
    0.492572    0.497601    0.711972    0.741110    0.758278    0.758649    0.786508    0.786564
    1.010904    1.033097    1.052436    1.072087    1.177845    1.217765    1.775188    1.804407
    2.117002    2.117060    2.143603    2.145373    2.146739    2.174365    2.462299    2.462536
    2.462563    2.482305    2.485695    2.485697    2.656454    2.681609    2.948258    2.982165
    2.982165    2.991863    3.023994    3.023994
at   0.46237  -0.46237   0.46237    0.002833
   52 eigenvalues :
   -2.808724   -2.723508   -1.594238   -1.578572   -1.550946   -1.495680   -1.480181   -1.468229
    0.232415    0.232583    0.287174    0.287774    0.413844    0.414301    0.417568    0.493666
    0.494084    0.498142    0.719192    0.747060    0.755653    0.756619    0.783534    0.783619
    1.010627    1.028731    1.052234    1.068240    1.172863    1.212912    1.775397    1.804579
    2.125388    2.125474    2.146999    2.154060    2.154520    2.176875    2.458989    2.459741
    2.459750    2.478962    2.482233    2.482235    2.648669    2.673719    2.954617    2.980936
    2.980936    2.999342    3.024683    3.024683
at   0.46774  -0.46774   0.46774    0.002833
   52 eigenvalues :
   -2.808707   -2.723490   -1.594264   -1.578615   -1.550973   -1.495710   -1.480229   -1.468257
    0.231943    0.232059    0.286766    0.287195    0.414804    0.415373    0.418044    0.494899
    0.495422    0.498647    0.725718    0.750294    0.753411    0.757008    0.780938    0.781072
    1.010389    1.024468    1.052061    1.064487    1.168714    1.208868    1.775584    1.804732
    2.132878    2.133012    2.149354    2.161850    2.162212    2.179130    2.456104    2.457056
    2.457064    2.476062    2.478932    2.478934    2.641862    2.666819    2.959824    2.979332
    2.979332    3.005435    3.024432    3.024432
at   0.47312  -0.47312   0.47312    0.002833
   52 eigenvalues :
   -2.808693   -2.723476   -1.594287   -1.578652   -1.550995   -1.495735   -1.480270   -1.468280
    0.231537    0.231615    0.286413    0.286704    0.415593    0.416296    0.418489    0.495920
    0.496579    0.499124    0.731434    0.749840    0.751582    0.760696    0.778723    0.778947
    1.010188    1.020453    1.051915    1.060960    1.165327    1.205563    1.775746    1.804867
    2.139393    2.139610    2.151374    2.168658    2.169039    2.181127    2.453652    2.454565
    2.454574    2.473597    2.475885    2.475888    2.636037    2.660912    2.964024    2.977635
    2.977635    3.010323    3.023679    3.023679
at   0.47849  -0.47849   0.47849    0.002833
   52 eigenvalues :
   -2.808682   -2.723464   -1.594305   -1.578682   -1.551014   -1.495756   -1.480304   -1.468300
    0.231203    0.231252    0.286121    0.286303    0.416208    0.417060    0.418891    0.496717
    0.497540    0.499568    0.736142    0.748593    0.750240    0.764640    0.776909    0.777305
    1.010025    1.016872    1.051796    1.057820    1.162657    1.202954    1.775882    1.804980
    2.144784    2.145151    2.153124    2.174330    2.174811    2.182861    2.451643    2.452372
    2.452384    2.471580    2.473212    2.473217    2.631242    2.656047    2.967310    2.976051
    2.976051    3.014128    3.022748    3.022748
at   0.48387  -0.48387   0.48387    0.002833
   52 eigenvalues :
   -2.808673   -2.723454   -1.594319   -1.578705   -1.551028   -1.495772   -1.480330   -1.468315
    0.230940    0.230968    0.285891    0.285990    0.416662    0.417662    0.419237    0.497299
    0.498299    0.499963    0.739642    0.747460    0.749495    0.767763    0.775495    0.776239
    1.009898    1.013875    1.051704    1.055198    1.160638    1.200981    1.775990    1.805070
    2.148925    2.149573    2.154670    2.178736    2.179437    2.184373    2.450071    2.450556
    2.450574    2.470003    2.471003    2.471011    2.627479    2.652230    2.969784    2.974706
    2.974707    3.016980    3.021850    3.021850
at   0.48925  -0.48925   0.48925    0.002833
   52 eigenvalues :
   -2.808667   -2.723448   -1.594329   -1.578722   -1.551039   -1.495783   -1.480349   -1.468325
    0.230751    0.230766    0.285725    0.285766    0.416970    0.418095    0.419505    0.497687
    0.498847    0.500278    0.741749    0.746610    0.749427    0.769704    0.774490    0.775869
    1.009808    1.011616    1.051639    1.053226    1.159231    1.199604    1.776068    1.805135
    2.151677    2.152789    2.156048    2.181702    2.182812    2.185718    2.448936    2.449198
    2.449231    2.468868    2.469353    2.469372    2.624779    2.649489    2.971505    2.973693
    2.973693    3.018957    3.021126    3.021126
at   0.49462  -0.49462   0.49462    0.002833
   52 eigenvalues :
   -2.808663   -2.723444   -1.594335   -1.578732   -1.551045   -1.495790   -1.480360   -1.468332
    0.230637    0.230645    0.285623    0.285634    0.417147    0.418356    0.419673    0.497907
    0.499178    0.500482    0.742657    0.746089    0.749771    0.770516    0.773890    0.776034
    1.009754    1.010213    1.051600    1.052003    1.158402    1.198794    1.776115    1.805175
    2.153119    2.154739    2.157111    2.183250    2.184864    2.186787    2.448230    2.448359
    2.448428    2.468158    2.468334    2.468390    2.623156    2.647842    2.972517    2.973066
    2.973066    3.020117    3.020662    3.020662
at   0.50000  -0.50000   0.50000    0.002833
   52 eigenvalues :
   -2.808662   -2.723442   -1.594337   -1.578735   -1.551047   -1.495792   -1.480364   -1.468334
    0.230598    0.230605    0.285584    0.285594    0.417205    0.418444    0.419731    0.497978
    0.499289    0.500553    0.742879    0.745914    0.749972    0.770696    0.773691    0.776187
    1.009735    1.009736    1.051586    1.051587    1.158128    1.198525    1.776131    1.805188
    2.153550    2.155395    2.157521    2.183706    2.185555    2.187212    2.447980    2.448074
    2.448169    2.467889    2.467989    2.468088    2.622612    2.647290    2.972844    2.972853
    2.972862    3.020493    3.020502    3.020510
at   0.49242  -0.49242   0.50000    0.002833
   52 eigenvalues :
   -2.808663   -2.723444   -1.594335   -1.578732   -1.551045   -1.495790   -1.480360   -1.468332
    0.230637    0.230644    0.285626    0.285630    0.417146    0.418357    0.419675    0.497906
    0.499179    0.500485    0.742680    0.746088    0.749750    0.770541    0.773889    0.776010
    1.009868    1.010096    1.051699    1.051901    1.158400    1.198791    1.776115    1.805175
    2.153035    2.154745    2.157202    2.183152    2.184871    2.186895    2.447784    2.448354
    2.448869    2.467714    2.468329    2.468828    2.623152    2.647839    2.972457    2.973064
    2.973127    3.020060    3.020661    3.020722
at   0.48485  -0.48485   0.50000    0.002833
   52 eigenvalues :
   -2.808667   -2.723448   -1.594329   -1.578722   -1.551039   -1.495783   -1.480349   -1.468326
    0.230752    0.230763    0.285738    0.285751    0.416952    0.418097    0.419526    0.497663
    0.498849    0.500307    0.742078    0.746607    0.749098    0.770074    0.774481    0.775493
    1.010259    1.011173    1.052034    1.052838    1.159215    1.199589    1.776066    1.805133
    2.150670    2.152823    2.157109    2.180589    2.182852    2.186891    2.446948    2.449144
    2.451193    2.466929    2.469294    2.471282    2.624780    2.649490    2.971275    2.973688
    2.973938    3.018738    3.021127    3.021369
at   0.47727  -0.47727   0.50000    0.002833
   52 eigenvalues :
   -2.808673   -2.723454   -1.594319   -1.578705   -1.551029   -1.495772   -1.480330   -1.468315
    0.230944    0.230960    0.285919    0.285958    0.416572    0.417665    0.419336    0.497180
    0.498302    0.500092    0.741056    0.747463    0.748045    0.769280    0.774670    0.775470
    1.010899    1.012957    1.052581    1.054393    1.160580    1.200925    1.775978    1.805058
    2.145913    2.149695    2.157883    2.175586    2.179584    2.187756    2.445554    2.450316
    2.454997    2.465617    2.470742    2.475293    2.627522    2.652275    2.969303    2.974698
    2.975257    3.016533    3.021873    3.022407
at   0.46970  -0.46970   0.50000    0.002833
   52 eigenvalues :
   -2.808682   -2.723463   -1.594305   -1.578682   -1.551014   -1.495756   -1.480304   -1.468300
    0.231212    0.231235    0.286171    0.286246    0.415950    0.417063    0.419168    0.496389
    0.497541    0.499919    0.739590    0.746650    0.748635    0.768140    0.773600    0.776853
    1.011765    1.015420    1.053322    1.056545    1.162494    1.202798    1.775844    1.804941
    2.139159    2.145479    2.159287    2.168584    2.175218    2.189244    2.443624    2.451675
    2.460153    2.463800    2.472459    2.480722    2.631402    2.656216    2.966544    2.976047
    2.977027    3.013440    3.022847    3.023770
at   0.46212  -0.46212   0.50000    0.002833
   52 eigenvalues :
   -2.808693   -2.723475   -1.594287   -1.578653   -1.550996   -1.495736   -1.480271   -1.468281
    0.231557    0.231586    0.286495    0.286615    0.415054    0.416293    0.419058    0.495266
    0.496567    0.499817    0.737649    0.744976    0.750091    0.766643    0.772352    0.778627
    1.012834    1.018543    1.054235    1.059284    1.164969    1.205221    1.775651    1.804770
    2.130722    2.140299    2.159895    2.161110    2.169983    2.191251    2.441175    2.453010
    2.461490    2.466535    2.474211    2.487430    2.636452    2.661350    2.962977    2.977677
    2.979179    3.009421    3.023984    3.025371
at   0.45455  -0.45455   0.50000    0.002833
   52 eigenvalues :
   -2.808707   -2.723490   -1.594266   -1.578617   -1.550973   -1.495712   -1.480230   -1.468257
    0.231978    0.232012    0.286892    0.287062    0.413892    0.415359    0.419007    0.493832
    0.495389    0.499781    0.735219    0.743097    0.751745    0.764836    0.771000    0.780783
    1.014073    1.022286    1.055291    1.062578    1.168005    1.208194    1.775384    1.804529
    2.120879    2.134315    2.149812    2.161913    2.165451    2.193739    2.438236    2.454110
    2.458716    2.473962    2.475775    2.495234    2.642661    2.667668    2.958572    2.979503
    2.981609    3.004412    3.025196    3.027084
at   0.44697  -0.44697   0.50000    0.002833
   52 eigenvalues :
   -2.808723   -2.723506   -1.594240   -1.578574   -1.550946   -1.495684   -1.480183   -1.468229
    0.232476    0.232512    0.287361    0.287585    0.412483    0.414264    0.419003    0.492115
    0.494010    0.499792    0.732296    0.741062    0.753368    0.762920    0.769602    0.783314
    1.015492    1.026622    1.056504    1.066411    1.171630    1.211745    1.775066    1.804239
    2.110008    2.127720    2.138740    2.156355    2.167175    2.196700    2.434828    2.455178
    2.455515    2.477307    2.482381    2.504027    2.650503    2.675652    2.953234    2.981437
    2.984727    2.998242    3.026384    3.029269
at   0.43939  -0.43939   0.50000    0.002833
   52 eigenvalues :
   -2.808741   -2.723526   -1.594211   -1.578526   -1.550915   -1.495652   -1.480128   -1.468196
    0.233051    0.233082    0.287902    0.288181    0.410849    0.413012    0.419035    0.490144
    0.492437    0.499838    0.728907    0.738909    0.754208    0.761613    0.768230    0.786205
    1.016976    1.031511    1.057763    1.070754    1.175815    1.215844    1.774594    1.803799
    2.097958    2.120432    2.126644    2.149182    2.170432    2.200124    2.430985    2.451851
    2.455352    2.477936    2.491476    2.513547    2.658932    2.684250    2.946809    2.983368
    2.987359    2.990620    3.027435    3.030752
at   0.43182  -0.43182   0.50000    0.002833
   52 eigenvalues :
   -2.808762   -2.723548   -1.594179   -1.578471   -1.550881   -1.495616   -1.480066   -1.468159
    0.233699    0.233721    0.288515    0.288847    0.409014    0.411612    0.419094    0.487947
    0.490681    0.499910    0.725100    0.736665    0.753025    0.761985    0.767097    0.789436
    1.018528    1.036908    1.059076    1.075571    1.180571    1.220505    1.773979    1.803219
    2.085109    2.111654    2.114930    2.141605    2.174235    2.204002    2.426746    2.447830
    2.454907    2.477959    2.501167    2.523678    2.668319    2.693839    2.939029    2.981072
    2.985177    2.989826    3.028227    3.031809
at   0.42424  -0.42424   0.50000    0.002833
   52 eigenvalues :
   -2.808785   -2.723572   -1.594143   -1.578410   -1.550842   -1.495577   -1.479998   -1.468118
    0.234412    0.234440    0.289201    0.289579    0.406989    0.410065    0.419174    0.485540
    0.488749    0.500003    0.720911    0.734339    0.750187    0.762764    0.767135    0.793000
    1.020120    1.042793    1.060415    1.080848    1.185911    1.225739    1.773190    1.802465
    2.071583    2.098961    2.106271    2.133816    2.178520    2.208339    2.422134    2.443447
    2.453842    2.477346    2.511336    2.534304    2.678554    2.704312    2.929445    2.968949
    2.986747    2.991952    3.028643    3.030244
at   0.41667  -0.41667   0.50000    0.002833
   52 eigenvalues :
   -2.808810   -2.723598   -1.594105   -1.578343   -1.550799   -1.495534   -1.479922   -1.468072
    0.235176    0.235243    0.289959    0.290373    0.404796    0.408384    0.419273    0.482950
    0.486655    0.500115    0.716405    0.731952    0.746589    0.762076    0.769376    0.796873
    1.021745    1.049240    1.061777    1.086667    1.191843    1.231558    1.772348    1.801659
    2.057558    2.084923    2.098848    2.126405    2.183260    2.213121    2.417601    2.439149
    2.452188    2.476119    2.522179    2.545600    2.689919    2.715960    2.917777    2.954038
    2.984973    2.989031    3.016230    3.029582
at   0.40909  -0.40909   0.50000    0.002833
   52 eigenvalues :
   -2.808837   -2.723627   -1.594063   -1.578271   -1.550752   -1.495489   -1.479840   -1.468021
    0.235996    0.236125    0.290789    0.291225    0.402443    0.406572    0.419386    0.480187
    0.484406    0.500241    0.711602    0.729511    0.742547    0.760692    0.772741    0.801044
    1.023327    1.055983    1.063089    1.092773    1.198324    1.237918    1.771129    1.800476
    2.043094    2.070345    2.091158    2.118624    2.188454    2.218355    2.412314    2.434105
    2.449955    2.474292    2.532840    2.556751    2.701332    2.727678    2.903176    2.936090
    2.970755    2.989749    3.004509    3.028906
at   0.40152  -0.40152   0.50000    0.002833
   52 eigenvalues :
   -2.808866   -2.723658   -1.594019   -1.578193   -1.550701   -1.495441   -1.479753   -1.467966
    0.236866    0.237083    0.291691    0.292128    0.399950    0.404644    0.419512    0.477277
    0.482022    0.500381    0.706558    0.727041    0.738203    0.759130    0.776617    0.805486
    1.024871    1.063100    1.064356    1.099248    1.205352    1.244817    1.769628    1.799008
    2.028336    2.055465    2.083666    2.111035    2.194087    2.224026    2.406773    2.428806
    2.447207    2.471925    2.543572    2.567989    2.713055    2.739732    2.885992    2.916021
    2.958771    2.989892    2.994601    3.027580
at   0.39394  -0.39394   0.50000    0.002833
   52 eigenvalues :
   -2.808898   -2.723691   -1.593972   -1.578110   -1.550646   -1.495391   -1.479659   -1.467905
    0.237783    0.238120    0.292667    0.293077    0.397325    0.402603    0.419652    0.474231
    0.479509    0.500534    0.701293    0.724550    0.733607    0.757510    0.780856    0.810197
    1.026365    1.065566    1.070583    1.106085    1.212932    1.252262    1.767796    1.797207
    2.013329    2.040345    2.076439    2.103722    2.200169    2.230143    2.400994    2.423270
    2.443996    2.469071    2.554284    2.579224    2.724928    2.751959    2.866687    2.894491
    2.948585    2.985870    2.989393    3.025224
at   0.38636  -0.38636   0.50000    0.002833
   52 eigenvalues :
   -2.808931   -2.723726   -1.593923   -1.578022   -1.550587   -1.495338   -1.479560   -1.467841
    0.238741    0.239234    0.293715    0.294066    0.394585    0.400463    0.419802    0.471068
    0.476888    0.500700    0.695843    0.722059    0.728806    0.755876    0.785390    0.815154
    1.027795    1.066705    1.078397    1.113256    1.221036    1.260228    1.765593    1.795029
    1.998165    2.025080    2.069576    2.096793    2.206689    2.236697    2.395016    2.417533
    2.440383    2.465793    2.564840    2.590322    2.736736    2.764135    2.845900    2.872056
    2.939686    2.977892    2.988216    3.021283
at   0.37879  -0.37879   0.50000    0.002833
   52 eigenvalues :
   -2.808966   -2.723763   -1.593872   -1.577930   -1.550524   -1.495285   -1.479455   -1.467771
    0.239731    0.240423    0.294834    0.295085    0.391746    0.398239    0.419963    0.467807
    0.474176    0.500876    0.690241    0.719581    0.723838    0.754250    0.790180    0.820335
    1.029057    1.067674    1.086497    1.120719    1.229618    1.268668    1.762955    1.792411
    1.982866    2.009699    2.063167    2.090341    2.213627    2.243667    2.388807    2.411561
    2.434993    2.460755    2.575004    2.601048    2.748073    2.775829    2.823847    2.848769
    2.931591    2.970364    2.986355    3.016909
at   0.37121  -0.37121   0.50000    0.002833
   52 eigenvalues :
   -2.809003   -2.723802   -1.593819   -1.577833   -1.550457   -1.495229   -1.479345   -1.467696
    0.240750    0.241691    0.296026    0.296129    0.388812    0.395939    0.420134    0.464456
    0.471387    0.501062    0.684495    0.717131    0.718714    0.752652    0.795219    0.825741
    1.030335    1.068649    1.094909    1.128501    1.238707    1.277612    1.759876    1.789346
    1.967561    1.994327    2.057279    2.084434    2.221006    2.251075    2.382521    2.405506
    2.430782    2.456834    2.584892    2.611511    2.759099    2.787203    2.801457    2.825439
    2.924145    2.963212    2.983834    3.012448
at   0.36364  -0.36364   0.50000    0.002833
   52 eigenvalues :
   -2.809042   -2.723843   -1.593764   -1.577731   -1.550387   -1.495173   -1.479230   -1.467617
    0.241787    0.243034    0.297181    0.297293    0.385805    0.393582    0.420313    0.461037
    0.468544    0.501259    0.678639    0.713467    0.714725    0.751094    0.800475    0.831344
    1.031531    1.069536    1.103581    1.136552    1.248243    1.287001    1.756306    1.785782
    1.952282    1.978997    2.051992    2.079155    2.228797    2.258891    2.376130    2.399338
    2.426338    2.452662    2.594248    2.621453    2.769368    2.778708    2.797774    2.801946
    2.917107    2.956312    2.980703    3.008250
at   0.35606  -0.35606   0.50000    0.002833
   52 eigenvalues :
   -2.809082   -2.723885   -1.593708   -1.577626   -1.550313   -1.495116   -1.479110   -1.467533
    0.242835    0.244456    0.298243    0.298630    0.382726    0.391177    0.420502    0.457554
    0.465661    0.501465    0.672670    0.708096    0.712365    0.749578    0.805942    0.837140
    1.032519    1.070211    1.112329    1.144696    1.258204    1.296813    1.752142    1.781619
    1.937029    1.963710    2.047346    2.074543    2.236936    2.267047    2.369238    2.392672
    2.421148    2.447727    2.602309    2.630128    2.755533    2.778172    2.778621    2.807247
    2.910355    2.949594    2.976904    3.004504
at   0.34848  -0.34848   0.50000    0.002833
   52 eigenvalues :
   -2.809123   -2.723929   -1.593651   -1.577514   -1.550235   -1.495057   -1.478985   -1.467444
    0.243884    0.245955    0.299298    0.300042    0.379591    0.388743    0.420700    0.454023
    0.462762    0.501681    0.666628    0.702638    0.710067    0.748118    0.811617    0.843127
    1.033560    1.070926    1.121613    1.153379    1.268625    1.307085    1.747522    1.776991
    1.921936    1.948599    2.043711    2.070960    2.245555    2.275681    2.362906    2.386551
    2.416426    2.443243    2.610352    2.638759    2.732464    2.754589    2.786716    2.815449
    2.903900    2.943115    2.973419    3.001379
at   0.34091  -0.34091   0.50000    0.002833
   52 eigenvalues :
   -2.809166   -2.723974   -1.593593   -1.577401   -1.550154   -1.494999   -1.478856   -1.467350
    0.244923    0.247530    0.300332    0.301523    0.376414    0.386299    0.420904    0.450460
    0.459871    0.501904    0.660518    0.697100    0.707839    0.746717    0.817470    0.849273
    1.034524    1.071554    1.131008    1.162190    1.279384    1.317693    1.742306    1.771759
    1.906904    1.933566    2.040508    2.067839    2.254541    2.284672    2.356277    2.380120
    2.411564    2.438602    2.617431    2.646419    2.709308    2.731003    2.793151    2.821817
    2.897612    2.936758    2.968815    2.995747
at   0.33333  -0.33333   0.50000    0.002833
   52 eigenvalues :
   -2.809211   -2.724021   -1.593535   -1.577284   -1.550068   -1.494942   -1.478724   -1.467251
    0.245942    0.249183    0.301336    0.303080    0.373198    0.383857    0.421116    0.446868
    0.457003    0.502134    0.654342    0.691484    0.705681    0.745376    0.823507    0.855588
    1.035416    1.072102    1.140633    1.171244    1.290513    1.328670    1.736508    1.765942
    1.892003    1.918680    2.038060    2.065496    2.263925    2.294052    2.349616    2.373650
    2.406613    2.433858    2.623577    2.653123    2.686115    2.707443    2.797841    2.826241
    2.891507    2.930557    2.963862    2.989864
at   0.32576  -0.32576   0.50000    0.002833
   52 eigenvalues :
   -2.809256   -2.724069   -1.593476   -1.577164   -1.549980   -1.494884   -1.478588   -1.467147
    0.246928    0.250911    0.302295    0.304706    0.369959    0.381442    0.421334    0.443265
    0.454189    0.502371    0.648125    0.685816    0.703605    0.744101    0.829705    0.862046
    1.036240    1.072571    1.150452    1.180507    1.301956    1.339960    1.730150    1.759558
    1.877301    1.904009    2.036385    2.063945    2.273672    2.303782    2.342960    2.367175
    2.401615    2.429053    2.628710    2.658777    2.662989    2.684002    2.800650    2.828582
    2.885594    2.924531    2.958641    2.983807
at   0.31818  -0.31818   0.50000    0.002833
   52 eigenvalues :
   -2.809302   -2.724118   -1.593416   -1.577042   -1.549888   -1.494828   -1.478448   -1.467039
    0.247870    0.252719    0.303195    0.306408    0.366698    0.379067    0.421557    0.439650
    0.451443    0.502614    0.641862    0.680089    0.701608    0.742891    0.836071    0.868655
    1.037001    1.072966    1.160484    1.189997    1.313715    1.351563    1.723226    1.752608
    1.862787    1.889544    2.035476    2.063179    2.283792    2.313870    2.336307    2.360694
    2.396583    2.424202    2.632806    2.639902    2.660646    2.663347    2.801575    2.828870
    2.879858    2.918672    2.953198    2.977612
at   0.31061  -0.31061   0.50000    0.002833
   52 eigenvalues :
   -2.809350   -2.724168   -1.593357   -1.576917   -1.549793   -1.494772   -1.478306   -1.466927
    0.248753    0.254601    0.304020    0.308179    0.363433    0.376756    0.421787    0.436043
    0.448796    0.502863    0.635576    0.674328    0.699698    0.741749    0.842579    0.875391
    1.037702    1.073290    1.170692    1.199679    1.325730    1.363421    1.715778    1.745132
    1.848527    1.875350    2.035327    2.063187    2.294241    2.324267    2.329691    2.354240
    2.391554    2.419342    2.616944    2.635848    2.637464    2.666804    2.800722    2.827268
    2.874318    2.913002    2.947601    2.971340
at   0.30303  -0.30303   0.50000    0.002833
   52 eigenvalues :
   -2.809398   -2.724218   -1.593298   -1.576790   -1.549696   -1.494717   -1.478161   -1.466810
    0.249564    0.256562    0.304757    0.310025    0.360161    0.374525    0.422021    0.432442
    0.446265    0.503118    0.629260    0.668525    0.697871    0.740673    0.849240    0.882263
    1.038349    1.073547    1.181097    1.209572    1.338003    1.375532    1.707814    1.737143
    1.834513    1.861419    2.035916    2.063948    2.305027    2.323108    2.334974    2.347811
    2.386538    2.414485    2.594082    2.614422    2.637869    2.669174    2.798282    2.824031
    2.868965    2.907517    2.941883    2.965015
at   0.29545  -0.29545   0.50000    0.002833
   52 eigenvalues :
   -2.809447   -2.724270   -1.593240   -1.576661   -1.549595   -1.494664   -1.478014   -1.466688
    0.250289    0.258601    0.305389    0.311944    0.356896    0.372395    0.422260    0.428858
    0.443876    0.503378    0.622927    0.662695    0.696132    0.739663    0.856038    0.889257
    1.038945    1.073740    1.191678    1.219656    1.350486    1.387847    1.699379    1.728684
    1.820792    1.847800    2.037219    2.065433    2.316109    2.316580    2.341429    2.345938
    2.381561    2.409657    2.571374    2.591585    2.638915    2.670501    2.794494    2.819456
    2.863818    2.902236    2.936093    2.958679
at   0.28788  -0.28788   0.50000    0.002833
   52 eigenvalues :
   -2.809496   -2.724322   -1.593182   -1.576531   -1.549492   -1.494613   -1.477866   -1.466563
    0.250912    0.260714    0.305901    0.313932    0.353649    0.370391    0.422502    0.425305
    0.441654    0.503641    0.616592    0.656852    0.694481    0.738721    0.862957    0.896355
    1.039494    1.073874    1.202416    1.229913    1.363127    1.400314    1.690521    1.719808
    1.807413    1.834543    2.039202    2.067608    2.310127    2.327433    2.335113    2.357092
    2.376648    2.404885    2.548881    2.569028    2.639058    2.670858    2.789610    2.813830
    2.858893    2.897179    2.930274    2.952369
at   0.28030  -0.28030   0.50000    0.002833
   52 eigenvalues :
   -2.809546   -2.724375   -1.593125   -1.576399   -1.549386   -1.494564   -1.477715   -1.466434
    0.251422    0.262906    0.306280    0.315994    0.350417    0.368524    0.421778    0.422747
    0.439613    0.503907    0.610243    0.650987    0.692915    0.737841    0.870009    0.903571
    1.040001    1.073952    1.213332    1.240363    1.375922    1.412925    1.681258    1.710532
    1.794374    1.821648    2.041837    2.070442    2.303744    2.328858    2.338976    2.368384
    2.371805    2.400173    2.526591    2.546761    2.638387    2.670338    2.783838    2.807382
    2.854190    2.892345    2.924443    2.946092
at   0.27273  -0.27273   0.50000    0.002833
   52 eigenvalues :
   -2.809596   -2.724428   -1.593069   -1.576267   -1.549278   -1.494516   -1.477563   -1.466302
    0.251803    0.265172    0.306511    0.318124    0.347216    0.366819    0.418294    0.422995
    0.437778    0.504177    0.603903    0.645119    0.691435    0.737025    0.877169    0.910880
    1.040468    1.073978    1.224392    1.250974    1.388792    1.425601    1.671652    1.700921
    1.781747    1.809190    2.045081    2.073892    2.297458    2.322692    2.350622    2.367061
    2.379640    2.395554    2.504636    2.524971    2.636999    2.669043    2.777384    2.800328
    2.849736    2.887761    2.918640    2.939887
at   0.26515  -0.26515   0.50000    0.002833
   52 eigenvalues :
   -2.809647   -2.724481   -1.593015   -1.576134   -1.549168   -1.494471   -1.477411   -1.466166
    0.252045    0.267517    0.306584    0.320329    0.344044    0.365287    0.414849    0.423245
    0.436161    0.504449    0.597559    0.639239    0.690037    0.736268    0.884450    0.918296
    1.040900    1.073954    1.235620    1.261768    1.401723    1.438323    1.661720    1.690989
    1.769544    1.797181    2.048907    2.077928    2.291261    2.316608    2.362201    2.362458
    2.390586    2.391055    2.483101    2.503860    2.634989    2.667076    2.770388    2.792807
    2.845534    2.883431    2.912873    2.933755
at   0.25758  -0.25758   0.50000    0.002833
   52 eigenvalues :
   -2.809698   -2.724535   -1.592962   -1.576001   -1.549056   -1.494428   -1.477258   -1.466027
    0.252138    0.269937    0.306489    0.322601    0.340914    0.363947    0.411458    0.423496
    0.434779    0.504721    0.591231    0.633366    0.688722    0.735569    0.891827    0.925793
    1.041298    1.073884    1.246983    1.272711    1.414623    1.450994    1.651524    1.680803
    1.757848    1.785710    2.053268    2.082505    2.285178    2.310630    2.357905    2.373440
    2.386628    2.400608    2.462383    2.484122    2.632459    2.664546    2.762991    2.784958
    2.841613    2.879382    2.907177    2.927727
at   0.25000  -0.25000   0.50000    0.002833
   52 eigenvalues :
   -2.809748   -2.724588   -1.592910   -1.575868   -1.548943   -1.494388   -1.477105   -1.465887
    0.252073    0.272435    0.306221    0.324943    0.337826    0.362805    0.408116    0.423745
    0.433639    0.504992    0.584901    0.627483    0.687469    0.734910    0.899237    0.933311
    1.041588    1.073693    1.258225    1.283562    1.427374    1.463495    1.640399    1.669719
    1.746680    1.774802    2.058078    2.087528    2.277660    2.303236    2.353497    2.382325
    2.382578    2.407328    2.443088    2.467027    2.628968    2.661035    2.754948    2.776536
    2.837658    2.875307    2.901101    2.921381
at   0.24242  -0.24242   0.50000    0.002833
   52 eigenvalues :
   -2.809798   -2.724641   -1.592860   -1.575735   -1.548827   -1.494349   -1.476951   -1.465741
    0.251847    0.275011    0.305778    0.327349    0.334794    0.361872    0.404834    0.423996
    0.432748    0.505267    0.578600    0.621622    0.686320    0.734332    0.906833    0.940999
    1.042039    1.073646    1.270144    1.295078    1.440040    1.475877    1.630131    1.659468
    1.736170    1.764589    2.063425    2.093100    2.271849    2.297515    2.349305    2.378240
    2.387537    2.407418    2.430362    2.458899    2.625894    2.657892    2.748562    2.769731
    2.834781    2.872300    2.895571    2.915574
at   0.23485  -0.23485   0.50000    0.002833
   52 eigenvalues :
   -2.809849   -2.724694   -1.592812   -1.575603   -1.548711   -1.494314   -1.476799   -1.465595
    0.251457    0.277658    0.305160    0.329745    0.331895    0.361153    0.401619    0.424244
    0.432111    0.505540    0.572318    0.615772    0.685236    0.733793    0.914491    0.948738
    1.042351    1.073451    1.281911    1.306474    1.452411    1.487930    1.619296    1.648666
    1.726378    1.755142    2.069191    2.099092    2.266174    2.291925    2.345244    2.374276
    2.380298    2.396772    2.428982    2.460692    2.622373    2.654274    2.740451    2.761356
    2.831840    2.869218    2.890124    2.909875
at   0.22727  -0.22727   0.50000    0.002833
   52 eigenvalues :
   -2.809899   -2.724747   -1.592765   -1.575472   -1.548595   -1.494281   -1.476647   -1.465448
    0.250904    0.280385    0.304370    0.328765    0.332498    0.360646    0.398469    0.424491
    0.431722    0.505813    0.566048    0.609928    0.684221    0.733301    0.922243    0.956558
    1.042640    1.073220    1.293824    1.318030    1.464400    1.499554    1.608306    1.637718
    1.717415    1.746577    2.075372    2.105502    2.260627    2.286456    2.341362    2.364033
    2.370488    2.379903    2.436862    2.468936    2.618635    2.650416    2.732191    2.752885
    2.829249    2.866476    2.884786    2.904307
at   0.21970  -0.21970   0.50000    0.002833
   52 eigenvalues :
   -2.809948   -2.724799   -1.592720   -1.575342   -1.548478   -1.494250   -1.476497   -1.465300
    0.250195    0.283184    0.303418    0.325935    0.335082    0.360350    0.395395    0.424734
    0.431577    0.506084    0.559810    0.604111    0.683276    0.732855    0.930063    0.964435
    1.042909    1.072956    1.305846    1.329711    1.475817    1.510556    1.597218    1.626680
    1.709450    1.739070    2.081922    2.112284    2.255228    2.281130    2.337685    2.344904
    2.360788    2.366905    2.447815    2.479623    2.614750    2.646391    2.723834    2.744368
    2.827037    2.864099    2.879582    2.898892
at   0.21212  -0.21212   0.50000    0.002833
   52 eigenvalues :
   -2.809997   -2.724851   -1.592677   -1.575214   -1.548361   -1.494223   -1.476348   -1.465151
    0.249336    0.286062    0.302313    0.323135    0.337769    0.360256    0.392394    0.424973
    0.431665    0.506352    0.553590    0.598307    0.682395    0.732451    0.937966    0.972383
    1.043158    1.072662    1.318003    1.341543    1.486504    1.520765    1.586031    1.615547
    1.702640    1.732786    2.088827    2.119425    2.249968    2.275937    2.324902    2.334220
    2.340848    2.363527    2.459772    2.491263    2.610761    2.642244    2.715377    2.735798
    2.825219    2.862095    2.874506    2.893621
at   0.20455  -0.20455   0.50000    0.002833
   52 eigenvalues :
   -2.810046   -2.724902   -1.592637   -1.575087   -1.548245   -1.494197   -1.476201   -1.465001
    0.248340    0.289011    0.301070    0.320402    0.340526    0.360354    0.389477    0.425210
    0.431971    0.506617    0.547407    0.592535    0.681578    0.732088    0.945926    0.980376
    1.043390    1.072340    1.330258    1.353488    1.496210    1.529929    1.574799    1.604375
    1.697211    1.727950    2.096042    2.126880    2.244866    2.270897    2.304686    2.320660
    2.330990    2.360385    2.472040    2.503239    2.606725    2.638034    2.706855    2.727207
    2.823820    2.860483    2.869579    2.888514
at   0.19697  -0.19697   0.50000    0.002833
   52 eigenvalues :
   -2.810093   -2.724952   -1.592598   -1.574962   -1.548128   -1.494174   -1.476056   -1.464852
    0.247217    0.292040    0.299702    0.317736    0.343356    0.360632    0.386641    0.425443
    0.432480    0.506878    0.541248    0.586783    0.680820    0.731762    0.953958    0.988429
    1.043607    1.071993    1.342637    1.365572    1.504712    1.537824    1.563523    1.593155
    1.693382    1.724774    2.103557    2.134638    2.239912    2.266000    2.284428    2.300396
    2.328005    2.357488    2.484359    2.515292    2.602673    2.633792    2.698248    2.718576
    2.822854    2.859269    2.864792    2.883563
at   0.18939  -0.18939   0.50000    0.002833
   52 eigenvalues :
   -2.810140   -2.725001   -1.592561   -1.574838   -1.548012   -1.494153   -1.475911   -1.464702
    0.245984    0.295143    0.298228    0.315145    0.346253    0.361072    0.383895    0.425674
    0.433174    0.507134    0.535123    0.581063    0.680130    0.731483    0.962071    0.996552
    1.043840    1.071651    1.355226    1.377876    1.511875    1.544281    1.552874    1.582487
    1.691563    1.723643    2.111352    2.142684    2.235145    2.261287    2.264368    2.280296
    2.325475    2.355049    2.496703    2.527385    2.598935    2.629863    2.689624    2.709964
    2.822476    2.858590    2.860425    2.879025
at   0.18182  -0.18182   0.50000    0.002833
   52 eigenvalues :
   -2.810186   -2.725049   -1.592526   -1.574719   -1.547898   -1.494135   -1.475772   -1.464555
    0.244658    0.296665    0.298316    0.312636    0.349212    0.361654    0.381247    0.425901
    0.434031    0.507382    0.529042    0.575381    0.679483    0.731224    0.970194    1.004675
    1.044027    1.071257    1.367781    1.390168    1.517249    1.541328    1.549283    1.571276
    1.691569    1.724342    2.119354    2.150939    2.230514    2.244373    2.256705    2.260253
    2.323054    2.352717    2.508600    2.539048    2.594995    2.625704    2.680868    2.701268
    2.822422    2.855944    2.858181    2.874406
at   0.17424  -0.17424   0.50000    0.002833
   52 eigenvalues :
   -2.810231   -2.725096   -1.592493   -1.574602   -1.547785   -1.494119   -1.475636   -1.464408
    0.243253    0.295030    0.301568    0.310204    0.352239    0.362359    0.378699    0.426124
    0.435033    0.507620    0.522993    0.569728    0.678886    0.730996    0.978366    1.012835
    1.044204    1.070846    1.380437    1.402577    1.520861    1.530120    1.552237    1.560078
    1.693671    1.727094    2.127571    2.159414    2.224529    2.226044    2.240348    2.252280
    2.320935    2.350689    2.520133    2.550359    2.591133    2.621608    2.672011    2.692513
    2.822815    2.851621    2.858148    2.869954
at   0.16667  -0.16667   0.50000    0.002833
   52 eigenvalues :
   -2.810274   -2.725142   -1.592463   -1.574488   -1.547674   -1.494105   -1.475503   -1.464264
    0.241789    0.293343    0.304889    0.307861    0.355325    0.363157    0.376267    0.426343
    0.436157    0.507834    0.517007    0.564121    0.678337    0.730796    0.986558    1.021001
    1.044375    1.070421    1.393152    1.415061    1.518903    1.522724    1.548944    1.553598
    1.697816    1.731801    2.135949    2.168055    2.204915    2.220662    2.221750    2.248027
    2.319147    2.348993    2.531175    2.561190    2.587385    2.617610    2.663062    2.683707
    2.823634    2.847469    2.858459    2.865684
at   0.15909  -0.15909   0.50000    0.002833
   52 eigenvalues :
   -2.810316   -2.725187   -1.592434   -1.574378   -1.547565   -1.494093   -1.475374   -1.464122
    0.240279    0.291619    0.305601    0.308287    0.358476    0.364011    0.373969    0.426556
    0.437387    0.507927    0.511168    0.558549    0.677833    0.730621    0.994782    1.029176
    1.044551    1.069983    1.405948    1.427642    1.507721    1.522988    1.537870    1.553492
    1.703835    1.738269    2.144480    2.176851    2.185504    2.201168    2.217624    2.243938
    2.317706    2.347648    2.541666    2.571483    2.583762    2.613719    2.653981    2.674811
    2.824844    2.843481    2.859072    2.861586
at   0.15152  -0.15152   0.50000    0.002833
   52 eigenvalues :
   -2.810357   -2.725230   -1.592407   -1.574271   -1.547458   -1.494082   -1.475249   -1.463983
    0.238743    0.289878    0.303434    0.311754    0.361682    0.364848    0.371868    0.426764
    0.438698    0.504831    0.508560    0.553029    0.677373    0.730470    1.003005    1.037278
    1.044782    1.069537    1.418780    1.440274    1.496632    1.521852    1.526944    1.552157
    1.711438    1.746201    2.153106    2.166344    2.181937    2.185765    2.213679    2.240028
    2.316642    2.346683    2.551503    2.580231    2.581200    2.609963    2.644770    2.665826
    2.826389    2.839671    2.857674    2.859926
at   0.14394  -0.14394   0.50000    0.002833
   52 eigenvalues :
   -2.810397   -2.725272   -1.592382   -1.574168   -1.547355   -1.494074   -1.475129   -1.463847
    0.237194    0.288132    0.301356    0.315297    0.364950    0.365468    0.370144    0.426966
    0.440075    0.499046    0.508667    0.547551    0.676952    0.730341    1.011236    1.043951
    1.046434    1.069084    1.431666    1.452976    1.485628    1.515827    1.519923    1.549857
    1.720333    1.755312    2.147435    2.161761    2.162993    2.194756    2.209908    2.236288
    2.315978    2.346122    2.560651    2.576967    2.590139    2.606349    2.635383    2.656708
    2.828201    2.836031    2.853940    2.860954
at   0.13636  -0.13636   0.50000    0.002833
   52 eigenvalues :
   -2.810435   -2.725312   -1.592359   -1.574069   -1.547254   -1.494067   -1.475012   -1.463715
    0.235646    0.286397    0.299372    0.318913    0.365315    0.368272    0.369339    0.427161
    0.441498    0.493215    0.508855    0.542125    0.676569    0.730231    1.019450    1.044700
    1.053979    1.068630    1.444572    1.465710    1.474752    1.505133    1.516895    1.546846
    1.730198    1.765298    2.128805    2.144209    2.170567    2.203790    2.206317    2.232726
    2.315745    2.345995    2.569052    2.573833    2.598401    2.602893    2.625809    2.647445
    2.830193    2.832567    2.850390    2.862081
at   0.12879  -0.12879   0.50000    0.002833
   52 eigenvalues :
   -2.810471   -2.725350   -1.592337   -1.573975   -1.547156   -1.494062   -1.474901   -1.463587
    0.234116    0.284691    0.297487    0.322594    0.364131    0.369699    0.371641    0.427347
    0.442945    0.487422    0.509050    0.536763    0.676222    0.730139    1.027619    1.044877
    1.062039    1.068179    1.457462    1.464006    1.478473    1.494537    1.513375    1.543350
    1.740734    1.775878    2.110504    2.125811    2.179291    2.202914    2.212812    2.229349
    2.315970    2.346332    2.570892    2.576671    2.599614    2.605904    2.616039    2.638027
    2.829287    2.832268    2.847030    2.863233
at   0.12121  -0.12121   0.50000    0.002833
   52 eigenvalues :
   -2.810506   -2.725387   -1.592317   -1.573884   -1.547063   -1.494057   -1.474795   -1.463464
    0.232613    0.283020    0.295698    0.326351    0.362542    0.370582    0.375063    0.427527
    0.444405    0.481663    0.509241    0.531454    0.675907    0.730063    1.035744    1.045003
    1.067735    1.070097    1.453437    1.470343    1.484092    1.491224    1.509500    1.539543
    1.751722    1.786849    2.092506    2.107712    2.187977    2.199692    2.221802    2.226150
    2.316687    2.347164    2.568148    2.583514    2.596510    2.606034    2.612646    2.628424
    2.826183    2.834341    2.843853    2.864347
at   0.11364  -0.11364   0.50000    0.002833
   52 eigenvalues :
   -2.810539   -2.725422   -1.592299   -1.573798   -1.546973   -1.494054   -1.474693   -1.463346
    0.231152    0.281402    0.294011    0.330171    0.360900    0.371626    0.378524    0.427697
    0.445857    0.475957    0.509425    0.526220    0.675624    0.730001    1.043776    1.045110
    1.067309    1.078080    1.443074    1.473832    1.483178    1.503929    1.505435    1.535579
    1.762919    1.797983    2.074890    2.089990    2.196554    2.196661    2.223140    2.230689
    2.317926    2.348522    2.565616    2.589477    2.593595    2.595904    2.617578    2.619679
    2.823264    2.836324    2.840868    2.865367
at   0.10606  -0.10606   0.50000    0.002833
   52 eigenvalues :
   -2.810570   -2.725454   -1.592283   -1.573717   -1.546888   -1.494052   -1.474598   -1.463233
    0.229740    0.279843    0.292423    0.334066    0.359304    0.372719    0.382027    0.427858
    0.447290    0.470292    0.509600    0.521052    0.675377    0.729960    1.045208    1.051692
    1.066925    1.085978    1.432921    1.463810    1.495959    1.501406    1.516646    1.531650
    1.774262    1.809224    2.057783    2.072762    2.193814    2.204995    2.220312    2.239446
    2.320006    2.350731    2.563297    2.585088    2.590896    2.595224    2.608389    2.624220
    2.820526    2.838066    2.838170    2.866268
at   0.09848  -0.09848   0.50000    0.002833
   52 eigenvalues :
   -2.810599   -2.725485   -1.592268   -1.573641   -1.546807   -1.494051   -1.474508   -1.463127
    0.228387    0.278353    0.290938    0.338026    0.357790    0.373814    0.385562    0.428011
    0.448687    0.464677    0.509766    0.515965    0.675148    0.729921    1.045293    1.059347
    1.066685    1.093748    1.423026    1.454041    1.497225    1.508649    1.527549    1.529329
    1.785385    1.820221    2.040978    2.055839    2.191157    2.213234    2.217673    2.248007
    2.322405    2.353256    2.561198    2.574305    2.588379    2.598051    2.599844    2.628853
    2.817972    2.835457    2.839804    2.867015
at   0.09091  -0.09091   0.50000    0.002833
   52 eigenvalues :
   -2.810628   -2.725515   -1.592255   -1.573570   -1.546731   -1.494051   -1.474424   -1.463027
    0.227105    0.276945    0.289560    0.342043    0.356377    0.374886    0.389115    0.428153
    0.450032    0.459119    0.509921    0.510972    0.674927    0.729871    1.045363    1.064887
    1.068401    1.101345    1.413440    1.444580    1.493184    1.520936    1.523751    1.541476
    1.795889    1.830581    2.024646    2.039388    2.188694    2.215226    2.221205    2.256303
    2.325351    2.356320    2.559323    2.562658    2.586074    2.586960    2.603663    2.632666
    2.815606    2.833041    2.841121    2.867536
at   0.08333  -0.08333   0.50000    0.002833
   52 eigenvalues :
   -2.810653   -2.725542   -1.592243   -1.573504   -1.546660   -1.494051   -1.474346   -1.462934
    0.225898    0.275621    0.288285    0.346120    0.355078    0.375921    0.392685    0.428285
    0.451318    0.453609    0.506076    0.510066    0.674745    0.729849    1.045434    1.065236
    1.075144    1.108750    1.404183    1.435448    1.489342    1.520069    1.533159    1.553664
    1.806367    1.840899    2.008854    2.023466    2.186422    2.212966    2.228870    2.264295
    2.328992    2.360087    2.551210    2.557667    2.576035    2.583976    2.607153    2.636163
    2.813424    2.830813    2.842322    2.867994
at   0.07576  -0.07576   0.50000    0.002833
   52 eigenvalues :
   -2.810676   -2.725567   -1.592232   -1.573443   -1.546595   -1.494051   -1.474274   -1.462847
    0.224776    0.274393    0.287119    0.350190    0.353952    0.376902    0.396248    0.428406
    0.448163    0.452528    0.501303    0.510200    0.674586    0.729833    1.045497    1.064973
    1.082262    1.115896    1.395330    1.426717    1.485719    1.516604    1.545066    1.565559
    1.816331    1.850693    1.993693    2.008169    2.184345    2.210902    2.236147    2.271897
    2.333300    2.364520    2.539506    2.556228    2.564861    2.582090    2.610126    2.639151
    2.811432    2.828779    2.843310    2.868324
at   0.06818  -0.06818   0.50000    0.002833
   52 eigenvalues :
   -2.810698   -2.725589   -1.592222   -1.573388   -1.546535   -1.494052   -1.474209   -1.462768
    0.223742    0.273263    0.286060    0.352446    0.354817    0.377822    0.399795    0.428517
    0.442767    0.453655    0.496659    0.510322    0.674446    0.729823    1.045554    1.064664
    1.089156    1.122746    1.386915    1.418424    1.482346    1.513383    1.556599    1.577103
    1.825701    1.859889    1.979211    1.993543    2.182461    2.209029    2.242992    2.279064
    2.338306    2.369649    2.527546    2.553390    2.555032    2.580410    2.612645    2.641691
    2.809626    2.826936    2.844106    2.868544
at   0.06061  -0.06061   0.50000    0.002833
   52 eigenvalues :
   -2.810719   -2.725611   -1.592214   -1.573338   -1.546481   -1.494054   -1.474150   -1.462697
    0.222803    0.272238    0.285110    0.351633    0.358916    0.378670    0.403293    0.428615
    0.437439    0.454687    0.492182    0.510431    0.674279    0.729769    1.045598    1.064356
    1.095693    1.129217    1.379012    1.410638    1.478703    1.509911    1.567606    1.588142
    1.834311    1.868326    1.965440    1.979629    2.180752    2.207329    2.249160    2.285541
    2.343970    2.375420    2.514383    2.540799    2.553967    2.578922    2.614726    2.643804
    2.808010    2.825287    2.844033    2.868017
at   0.05303  -0.05303   0.50000    0.002833
   52 eigenvalues :
   -2.810736   -2.725629   -1.592207   -1.573294   -1.546433   -1.494055   -1.474098   -1.462633
    0.221964    0.271324    0.284269    0.350785    0.363222    0.379442    0.406716    0.428703
    0.432170    0.455617    0.487896    0.510528    0.674174    0.729765    1.045644    1.064077
    1.101805    1.135256    1.371711    1.403450    1.475924    1.507266    1.578024    1.598611
    1.842186    1.876034    1.952705    1.966736    2.179263    2.205848    2.254928    2.291606
    2.350378    2.381943    2.502073    2.528965    2.553130    2.577654    2.616467    2.645572
    2.806581    2.823829    2.844574    2.868129
at   0.04545  -0.04545   0.50000    0.002833
   52 eigenvalues :
   -2.810751   -2.725645   -1.592201   -1.573256   -1.546391   -1.494056   -1.474052   -1.462577
    0.221229    0.270523    0.283539    0.350034    0.367590    0.380133    0.410015    0.426972
    0.428778    0.456435    0.483853    0.510614    0.674086    0.729764    1.045683    1.063827
    1.107392    1.140769    1.365093    1.396937    1.473479    1.504941    1.587664    1.608320
    1.849182    1.882874    1.941058    1.954928    2.177971    2.204562    2.260069    2.297024
    2.357489    2.389169    2.489692    2.517009    2.552464    2.576580    2.617891    2.647021
    2.805342    2.822566    2.844987    2.868185
at   0.03788  -0.03788   0.50000    0.002833
   52 eigenvalues :
   -2.810763   -2.725658   -1.592196   -1.573223   -1.546355   -1.494057   -1.474013   -1.462530
    0.220603    0.269841    0.282921    0.349394    0.371982    0.380747    0.413123    0.421861
    0.428841    0.457132    0.480122    0.510686    0.674013    0.729764    1.045717    1.063609
    1.112355    1.145661    1.359257    1.391198    1.471387    1.502955    1.596336    1.617075
    1.855220    1.888771    1.930689    1.944399    2.176878    2.203475    2.264521    2.301726
    2.365265    2.397071    2.477339    2.505011    2.551948    2.575693    2.619032    2.648187
    2.804295    2.821498    2.845295    2.868201
at   0.03030  -0.03030   0.50000    0.002833
   52 eigenvalues :
   -2.810774   -2.725669   -1.592192   -1.573197   -1.546325   -1.494058   -1.473982   -1.462490
    0.220085    0.269278    0.282414    0.348867    0.376344    0.381326    0.415960    0.416843
    0.428891    0.457705    0.476782    0.510746    0.673954    0.729766    1.045744    1.063428
    1.116608    1.149849    1.354289    1.386314    1.469657    1.501314    1.603865    1.624693
    1.860253    1.893683    1.921770    1.935327    2.175982    2.202584    2.268245    2.305666
    2.373676    2.405640    2.465092    2.493016    2.551563    2.574983    2.619927    2.649102
    2.803436    2.820623    2.845519    2.868195
at   0.02273  -0.02273   0.50000    0.002833
   52 eigenvalues :
   -2.810782   -2.725678   -1.592189   -1.573176   -1.546302   -1.494059   -1.473957   -1.462460
    0.219681    0.268838    0.282020    0.348456    0.380181    0.382307    0.411968    0.418407
    0.428928    0.458145    0.473956    0.510792    0.673909    0.729767    1.045765    1.063284
    1.120041    1.153228    1.350299    1.382393    1.468303    1.500030    1.610019    1.630934
    1.864218    1.897548    1.914537    1.927957    2.175286    2.201891    2.271186    2.308784
    2.382591    2.414802    2.453140    2.481147    2.551289    2.574442    2.620596    2.649788
    2.802769    2.819942    2.845676    2.868177
at   0.01515  -0.01515   0.50000    0.002833
   52 eigenvalues :
   -2.810788   -2.725684   -1.592186   -1.573161   -1.546286   -1.494060   -1.473939   -1.462438
    0.219390    0.268523    0.281737    0.348162    0.381460    0.385634    0.407326    0.420329
    0.428951    0.458454    0.471775    0.510825    0.673878    0.729769    1.045780    1.063180
    1.122573    1.155719    1.347368    1.379515    1.467330    1.499108    1.614607    1.635596
    1.867082    1.900340    1.909177    1.922488    2.174787    2.201395    2.273317    2.311045
    2.391784    2.424489    2.441743    2.469498    2.551107    2.574062    2.621061    2.650266
    2.802291    2.819456    2.845778    2.868157
at   0.00758  -0.00758   0.50000    0.002833
   52 eigenvalues :
   -2.810791   -2.725687   -1.592185   -1.573152   -1.546276   -1.494060   -1.473929   -1.462425
    0.219216    0.268333    0.281568    0.347986    0.381748    0.389372    0.403278    0.421567
    0.428963    0.458633    0.470391    0.510845    0.673859    0.729770    1.045789    1.063118
    1.124123    1.157243    1.345579    1.377758    1.466744    1.498553    1.617438    1.638478
    1.868811    1.902024    1.905883    1.919122    2.174489    2.201098    2.274605    2.312413
    2.400424    2.431770    2.434400    2.458400    2.551004    2.573837    2.621334    2.650547
    2.802005    2.819164    2.845836    2.868143
at   0.00000   0.00000   0.50000    0.002833
   52 eigenvalues :
   -2.810792   -2.725689   -1.592184   -1.573149   -1.546272   -1.494060   -1.473925   -1.462420
    0.219158    0.268270    0.281512    0.347927    0.381827    0.391290    0.401274    0.421997
    0.428966    0.458691    0.469914    0.510852    0.673853    0.729770    1.045792    1.063097
    1.124647    1.157757    1.344975    1.377166    1.466548    1.498367    1.618398    1.639455
    1.869390    1.902588    1.904768    1.917983    2.174389    2.200999    2.275037    2.312872
    2.405001    2.426745    2.441525    2.450877    2.550971    2.573763    2.621425    2.650640
    2.801910    2.819067    2.845855    2.868137
at   0.00532   0.00532   0.49468    0.002833
   52 eigenvalues :
   -2.810792   -2.725689   -1.592183   -1.573151   -1.546273   -1.494058   -1.473928   -1.462422
    0.219219    0.268337    0.281500    0.347909    0.381838    0.391292    0.400527    0.421803
    0.429790    0.458705    0.469917    0.511122    0.673858    0.729768    1.045418    1.062783
    1.124022    1.157136    1.345358    1.377490    1.467285    1.499095    1.618497    1.639555
    1.869728    1.902927    1.904535    1.917760    2.174787    2.201386    2.274728    2.312498
    2.403047    2.427144    2.439348    2.451363    2.553079    2.576096    2.621495    2.650699
    2.788233    2.806352    2.859802    2.881133
at   0.01064   0.01064   0.48936    0.002833
   52 eigenvalues :
   -2.810792   -2.725688   -1.592178   -1.573157   -1.546276   -1.494051   -1.473936   -1.462428
    0.219405    0.268538    0.281467    0.347855    0.381870    0.391297    0.398505    0.421229
    0.432041    0.458745    0.469924    0.511927    0.673874    0.729761    1.044301    1.061846
    1.122166    1.155290    1.346499    1.378459    1.469476    1.501262    1.618791    1.639853
    1.870740    1.903840    1.903946    1.917095    2.175975    2.202542    2.273817    2.311399
    2.397492    2.428321    2.433229    2.452797    2.559096    2.582686    2.621705    2.650873
    2.763814    2.782641    2.885035    2.905692
at   0.01596   0.01596   0.48404    0.002833
   52 eigenvalues :
   -2.810791   -2.725687   -1.592169   -1.573167   -1.546280   -1.494039   -1.473948   -1.462437
    0.219713    0.268873    0.281411    0.347765    0.381925    0.391305    0.395642    0.420295
    0.435286    0.458813    0.469937    0.513245    0.673902    0.729750    1.042460    1.060298
    1.119127    1.152268    1.348383    1.380063    1.473071    1.504818    1.619283    1.640350
    1.872425    1.902698    1.905638    1.916000    2.177940    2.204456    2.272346    2.309634
    2.389068    2.424083    2.430244    2.455114    2.568290    2.592602    2.622055    2.651150
    2.737572    2.756782    2.906945    2.932976
at   0.02128   0.02128   0.47872    0.002833
   52 eigenvalues :
   -2.810790   -2.725686   -1.592157   -1.573180   -1.546287   -1.494023   -1.473967   -1.462450
    0.220144    0.269340    0.281334    0.347641    0.382000    0.391316    0.392295    0.419033
    0.439166    0.458909    0.469954    0.515045    0.673941    0.729735    1.039921    1.058157
    1.114981    1.148144    1.350984    1.382286    1.477993    1.509684    1.619970    1.641045
    1.874777    1.901129    1.908003    1.914494    2.180660    2.207106    2.270378    2.307291
    2.378572    2.412882    2.432817    2.458216    2.579862    2.604896    2.622542    2.651494
    2.710970    2.730495    2.907421    2.934526
at   0.02660   0.02660   0.47340    0.002833
   52 eigenvalues :
   -2.810789   -2.725685   -1.592142   -1.573198   -1.546295   -1.494002   -1.473991   -1.462467
    0.220695    0.269938    0.281235    0.347482    0.382097    0.388686    0.391330    0.417480
    0.443457    0.459033    0.469978    0.517288    0.673994    0.729718    1.036720    1.055446
    1.109824    1.143013    1.354271    1.385106    1.484140    1.515762    1.620854    1.641939
    1.877792    1.899162    1.911031    1.912604    2.184105    2.210466    2.267992    2.304475
    2.366664    2.400338    2.435965    2.461986    2.593148    2.618837    2.623167    2.651801
    2.684377    2.704326    2.908103    2.935161
at   0.03191   0.03191   0.46809    0.002833
   52 eigenvalues :
   -2.810788   -2.725684   -1.592123   -1.573220   -1.546305   -1.493977   -1.474019   -1.462487
    0.221365    0.270665    0.281117    0.347291    0.382215    0.384951    0.391348    0.415682
    0.448018    0.459189    0.470009    0.519929    0.674060    0.729699    1.032907    1.052203
    1.103774    1.136993    1.358195    1.388493    1.491388    1.522928    1.621933    1.643029
    1.881455    1.896835    1.910364    1.914708    2.188231    2.214497    2.265278    2.301304
    2.353847    2.386974    2.439579    2.466290    2.607637    2.623927    2.633894    2.651564
    2.657976    2.678996    2.909040    2.936036
at   0.03723   0.03723   0.46277    0.002833
   52 eigenvalues :
   -2.810784   -2.725680   -1.592101   -1.573245   -1.546316   -1.493946   -1.474053   -1.462511
    0.222154    0.271522    0.280979    0.347066    0.381152    0.382353    0.391368    0.413673
    0.452772    0.459391    0.470050    0.522937    0.674177    0.729717    1.028519    1.048450
    1.096934    1.130185    1.362798    1.392497    1.500009    1.531434    1.623211    1.644322
    1.885771    1.894453    1.908064    1.919037    2.193204    2.219355    2.262905    2.298485
    2.340619    2.373279    2.444026    2.471432    2.622883    2.625044    2.631871    2.645126
    2.649928    2.660194    2.910321    2.937245
at   0.04255   0.04255   0.45745    0.002833
   52 eigenvalues :
   -2.810782   -2.725678   -1.592076   -1.573274   -1.546330   -1.493912   -1.474091   -1.462538
    0.223057    0.272504    0.280823    0.346812    0.377338    0.382510    0.391391    0.411495
    0.457517    0.459781    0.470108    0.526268    0.674274    0.729698    1.023603    1.044223
    1.089396    1.122681    1.367897    1.396954    1.509130    1.540451    1.624684    1.645811
    1.890724    1.891485    1.905196    1.924000    2.198635    2.224672    2.259863    2.294975
    2.326791    2.359053    2.448221    2.476397    2.605805    2.623219    2.625811    2.639265
    2.657124    2.666456    2.911941    2.938766
at   0.04787   0.04787   0.45213    0.002833
   52 eigenvalues :
   -2.810780   -2.725676   -1.592049   -1.573306   -1.546345   -1.493874   -1.474134   -1.462569
    0.224072    0.273608    0.280651    0.346528    0.373540    0.382687    0.391416    0.409182
    0.459538    0.463017    0.470210    0.529888    0.674390    0.729684    1.018210    1.039560
    1.081274    1.114593    1.373515    1.401897    1.519022    1.550228    1.626353    1.647497
    1.888266    1.896300    1.902080    1.929581    2.204637    2.230557    2.256735    2.291384
    2.312749    2.344665    2.452593    2.481557    2.580024    2.598171    2.626939    2.655884
    2.657560    2.683438    2.913988    2.940697
at   0.05319   0.05319   0.44681    0.002833
   52 eigenvalues :
   -2.810778   -2.725673   -1.592018   -1.573342   -1.546362   -1.493832   -1.474181   -1.462603
    0.225197    0.274831    0.280463    0.346216    0.369774    0.382883    0.391442    0.406768
    0.459875    0.467796    0.470599    0.533764    0.674527    0.729674    1.012389    1.034497
    1.072664    1.106017    1.379611    1.407299    1.529578    1.560661    1.628218    1.649382
    1.884835    1.898751    1.902487    1.935763    2.211169    2.236970    2.253592    2.287759
    2.298637    2.330218    2.457051    2.486811    2.554495    2.572921    2.628168    2.658538
    2.672924    2.700804    2.916520    2.943094
at   0.05851   0.05851   0.44149    0.002833
   52 eigenvalues :
   -2.810776   -2.725670   -1.591985   -1.573381   -1.546380   -1.493786   -1.474233   -1.462640
    0.226427    0.276170    0.280262    0.345879    0.366055    0.383095    0.391469    0.404279
    0.460158    0.469805    0.473944    0.537867    0.674685    0.729670    1.006184    1.029068
    1.063651    1.097038    1.386146    1.413132    1.540451    1.571405    1.630276    1.651462
    1.881227    1.895244    1.909264    1.942528    2.218191    2.243873    2.250464    2.283163
    2.285515    2.315787    2.460308    2.490906    2.528862    2.547465    2.629438    2.659668
    2.690288    2.718460    2.919203    2.945623
at   0.06383   0.06383   0.43617    0.002833
   52 eigenvalues :
   -2.810773   -2.725667   -1.591950   -1.573423   -1.546400   -1.493736   -1.474289   -1.462680
    0.227760    0.277620    0.280051    0.345518    0.362391    0.383324    0.391494    0.401741
    0.460448    0.470027    0.479193    0.542179    0.674872    0.729680    0.999639    1.023309
    1.054312    1.087731    1.393087    1.419370    1.552054    1.582866    1.632532    1.653741
    1.877479    1.891593    1.916614    1.949850    2.225664    2.247483    2.251230    2.270002
    2.281161    2.301432    2.464609    2.495992    2.503884    2.522556    2.630868    2.661047
    2.707910    2.736345    2.922882    2.949145
at   0.06915   0.06915   0.43085    0.002833
   52 eigenvalues :
   -2.810770   -2.725664   -1.591912   -1.573468   -1.546421   -1.493683   -1.474348   -1.462723
    0.229191    0.279158    0.279850    0.345136    0.358788    0.383569    0.391514    0.399178
    0.460753    0.470122    0.484671    0.546679    0.675087    0.729703    0.992791    1.017250
    1.044715    1.078164    1.400401    1.425989    1.564053    1.594714    1.634983    1.656217
    1.873622    1.887828    1.924512    1.957704    2.233552    2.244665    2.255975    2.259003
    2.277954    2.287205    2.468774    2.479166    2.497885    2.500938    2.632381    2.662538
    2.725736    2.754409    2.927161    2.953263
at   0.07447   0.07447   0.42553    0.002833
   52 eigenvalues :
   -2.810767   -2.725661   -1.591871   -1.573515   -1.546443   -1.493626   -1.474410   -1.462768
    0.230716    0.279568    0.280872    0.344735    0.355251    0.383827    0.391517    0.396619
    0.461074    0.470194    0.490267    0.551351    0.675342    0.729752    0.985750    1.010984
    1.034940    1.068415    1.408420    1.433314    1.576579    1.607069    1.637643    1.658902
    1.869698    1.883992    1.933094    1.966216    2.241916    2.242168    2.242251    2.267289
    2.273378    2.275102    2.454747    2.473010    2.473570    2.506017    2.634498    2.664605
    2.744382    2.773268    2.932051    2.958007
at   0.07979   0.07979   0.42021    0.002833
   52 eigenvalues :
   -2.810764   -2.725657   -1.591829   -1.573565   -1.546466   -1.493567   -1.474476   -1.462816
    0.232329    0.279339    0.282625    0.344318    0.351784    0.384096    0.391445    0.394138
    0.461411    0.470257    0.495957    0.556177    0.675624    0.729812    0.978406    1.004413
    1.024997    1.058495    1.416371    1.440605    1.589142    1.619463    1.640488    1.661772
    1.865707    1.880082    1.942022    1.975047    2.228459    2.239778    2.250575    2.259538
    2.272490    2.275805    2.430575    2.449325    2.476835    2.510499    2.636156    2.666277
    2.762454    2.791543    2.937474    2.963305
at   0.08511   0.08511   0.41489    0.002833
   52 eigenvalues :
   -2.810760   -2.725654   -1.591785   -1.573617   -1.546490   -1.493505   -1.474545   -1.462866
    0.234025    0.279098    0.284479    0.343886    0.348390    0.384371    0.390747    0.392301
    0.461762    0.470319    0.501734    0.561146    0.675945    0.729896    0.970860    0.997624
    1.014957    1.048468    1.424624    1.448221    1.601891    1.632025    1.643538    1.664838
    1.861687    1.876138    1.951394    1.984285    2.214884    2.237654    2.246047    2.259511
    2.270224    2.284636    2.406678    2.425427    2.480301    2.514676    2.637855    2.667999
    2.780604    2.809881    2.943325    2.969091
at   0.09043   0.09043   0.40957    0.002833
   52 eigenvalues :
   -2.810757   -2.725650   -1.591739   -1.573671   -1.546516   -1.493440   -1.474616   -1.462919
    0.235798    0.278854    0.286420    0.343444    0.345071    0.384634    0.388611    0.391946
    0.462127    0.470380    0.507592    0.566248    0.676308    0.730008    0.963138    0.990635
    1.004862    1.038377    1.433161    1.456147    1.614761    1.644562    1.646922    1.668099
    1.857662    1.872183    1.961156    1.993865    2.201583    2.232197    2.236572    2.268337
    2.268736    2.293760    2.383057    2.401798    2.483460    2.518515    2.639575    2.669752
    2.798794    2.828246    2.949352    2.975171
at   0.09574   0.09574   0.40426    0.002833
   52 eigenvalues :
   -2.810753   -2.725646   -1.591692   -1.573727   -1.546542   -1.493374   -1.474689   -1.462973
    0.237639    0.278611    0.288439    0.341834    0.342994    0.384753    0.386339    0.391917
    0.462505    0.470441    0.513518    0.571464    0.676716    0.730152    0.955279    0.983474
    0.994774    1.028273    1.441951    1.464355    1.627671    1.650086    1.657540    1.671549
    1.853659    1.868243    1.971217    2.003681    2.188652    2.219652    2.235015    2.266869
    2.278203    2.303131    2.359756    2.378484    2.486289    2.521989    2.641292    2.671510
    2.816949    2.846563    2.955036    2.981139
at   0.10106   0.10106   0.39894    0.002833
   52 eigenvalues :
   -2.810750   -2.725642   -1.591645   -1.573784   -1.546569   -1.493306   -1.474765   -1.463029
    0.239548    0.278369    0.290536    0.338670    0.342538    0.383373    0.385557    0.391937
    0.462894    0.470503    0.519531    0.576807    0.677177    0.730333    0.947276    0.976118
    0.984704    1.018151    1.451014    1.472864    1.640612    1.653730    1.670262    1.675200
    1.849679    1.864321    1.981511    2.013647    2.176137    2.207367    2.234133    2.265855
    2.287921    2.312757    2.336687    2.355398    2.488786    2.525096    2.642987    2.673254
    2.835094    2.864860    2.959429    2.986260
at   0.10638   0.10638   0.39362    0.002833
   52 eigenvalues :
   -2.810746   -2.725637   -1.591597   -1.573843   -1.546596   -1.493236   -1.474842   -1.463087
    0.241515    0.278133    0.292699    0.335585    0.342079    0.381024    0.385781    0.391973
    0.463293    0.470566    0.525619    0.582261    0.677692    0.730556    0.939163    0.968556
    0.974739    1.008057    1.460322    1.481651    1.653502    1.657544    1.679046    1.682952
    1.845747    1.860441    1.991873    2.023567    2.164204    2.195753    2.233748    2.265336
    2.297849    2.313896    2.322595    2.332585    2.490944    2.527824    2.644627    2.674952
    2.853147    2.883054    2.960948    2.989180
at   0.11170   0.11170   0.38830    0.002833
   52 eigenvalues :
   -2.810742   -2.725633   -1.591548   -1.573903   -1.546624   -1.493165   -1.474921   -1.463145
    0.243531    0.277906    0.294921    0.332581    0.341620    0.378637    0.386090    0.392016
    0.463699    0.470629    0.531780    0.587819    0.678268    0.730825    0.930958    0.960692
    0.965018    0.998015    1.469869    1.490706    1.661545    1.666285    1.683090    1.695541
    1.841876    1.856618    2.002078    2.033176    2.153071    2.185083    2.233883    2.265346
    2.291383    2.307960    2.310047    2.332620    2.492766    2.530178    2.646180    2.676572
    2.871054    2.901090    2.958026    2.988139
at   0.11702   0.11702   0.38298    0.002833
   52 eigenvalues :
   -2.810738   -2.725629   -1.591497   -1.573963   -1.546653   -1.493092   -1.475000   -1.463205
    0.245591    0.277688    0.297192    0.329658    0.341165    0.376283    0.386421    0.392062
    0.464113    0.470693    0.538013    0.593476    0.678908    0.731145    0.922676    0.952272
    0.955832    0.988048    1.479647    1.500023    1.665735    1.678895    1.687343    1.707972
    1.838080    1.852864    2.011770    2.042071    2.143080    2.175754    2.234570    2.265895
    2.269178    2.287785    2.318229    2.342805    2.494264    2.532168    2.647607    2.678075
    2.888752    2.918898    2.950441    2.982141
at   0.12234   0.12234   0.37766    0.002833
   52 eigenvalues :
   -2.810734   -2.725625   -1.591446   -1.574024   -1.546681   -1.493018   -1.475080   -1.463265
    0.247684    0.277484    0.299505    0.326817    0.340716    0.373976    0.386761    0.392111
    0.464530    0.470757    0.544318    0.599229    0.679617    0.731523    0.914331    0.943154
    0.947358    0.978177    1.489651    1.509597    1.670114    1.690840    1.692246    1.720193
    1.834370    1.849191    2.020393    2.049656    2.134779    2.168352    2.235845    2.247173
    2.265799    2.267126    2.328633    2.353126    2.495453    2.533808    2.648864    2.679418
    2.906169    2.936093    2.939575    2.971818
at   0.12766   0.12766   0.37234    0.002833
   52 eigenvalues :
   -2.810731   -2.725620   -1.591394   -1.574085   -1.546710   -1.492942   -1.475160   -1.463326
    0.249803    0.277295    0.301850    0.324059    0.340277    0.371725    0.387107    0.392162
    0.464951    0.470821    0.550692    0.605073    0.680401    0.731963    0.905937    0.933684
    0.939279    0.968420    1.499876    1.519423    1.674683    1.696247    1.703618    1.732153
    1.830755    1.845609    2.027118    2.055133    2.128983    2.163661    2.225492    2.237733
    2.244104    2.268952    2.339145    2.363557    2.496352    2.535121    2.649901    2.680551
    2.923211    2.925509    2.953672    2.958483
at   0.13298   0.13298   0.36702    0.002833
   52 eigenvalues :
   -2.810727   -2.725616   -1.591342   -1.574146   -1.546739   -1.492867   -1.475240   -1.463387
    0.251939    0.277125    0.304218    0.321385    0.339851    0.369533    0.387456    0.392213
    0.465372    0.470885    0.557136    0.611006    0.681263    0.732470    0.897504    0.924163
    0.931324    0.958794    1.510319    1.529496    1.679440    1.701074    1.715450    1.743805
    1.827245    1.842129    2.030939    2.057678    2.126684    2.162492    2.204086    2.222641
    2.240329    2.271456    2.349739    2.374072    2.496985    2.536129    2.650658    2.681417
    2.910228    2.939525    2.943420    2.970331
at   0.13830   0.13830   0.36170    0.002833
   52 eigenvalues :
   -2.810723   -2.725612   -1.591288   -1.574206   -1.546766   -1.492789   -1.475319   -1.463446
    0.254082    0.276976    0.306596    0.318795    0.339440    0.367405    0.387805    0.392265
    0.465793    0.470949    0.563657    0.617034    0.682221    0.733063    0.889099    0.914721
    0.923448    0.949322    1.521139    1.539968    1.684405    1.706089    1.726990    1.755138
    1.823859    1.838768    2.031568    2.057287    2.128605    2.165275    2.182958    2.201493
    2.243675    2.274760    2.361348    2.385565    2.497378    2.536862    2.652490    2.683308
    2.894586    2.927212    2.955876    2.986407
at   0.14362   0.14362   0.35638    0.002833
   52 eigenvalues :
   -2.810719   -2.725607   -1.591236   -1.574266   -1.546794   -1.492714   -1.475397   -1.463507
    0.256223    0.276851    0.308972    0.316292    0.339048    0.365343    0.388152    0.392317
    0.466211    0.471012    0.570238    0.623134    0.683257    0.733724    0.880618    0.905396
    0.915521    0.940008    1.532002    1.550517    1.689538    1.711264    1.738089    1.766032
    1.820580    1.835511    2.028196    2.053323    2.134650    2.162115    2.171715    2.180667
    2.247692    2.278740    2.372036    2.396174    2.497551    2.537343    2.652530    2.683481
    2.877205    2.909562    2.971133    3.001740
at   0.14894   0.14894   0.35106    0.002833
   52 eigenvalues :
   -2.810715   -2.725603   -1.591186   -1.574324   -1.546822   -1.492640   -1.475475   -1.463566
    0.258351    0.276753    0.311311    0.313901    0.338678    0.363348    0.388496    0.392367
    0.466624    0.471073    0.576886    0.629315    0.684386    0.734470    0.872126    0.896226
    0.907585    0.930872    1.543078    1.561304    1.694856    1.716621    1.748745    1.776482
    1.817428    1.832379    2.022065    2.046944    2.141285    2.144270    2.159959    2.181279
    2.252472    2.283491    2.382718    2.406777    2.497536    2.537605    2.652066    2.683164
    2.859152    2.891198    2.985515    3.016165
at   0.15426   0.15426   0.34574    0.002833
   52 eigenvalues :
   -2.810711   -2.725599   -1.591136   -1.574382   -1.546849   -1.492567   -1.475550   -1.463625
    0.260458    0.276683    0.311443    0.313780    0.338332    0.361424    0.388835    0.392417
    0.467031    0.471134    0.583600    0.635574    0.685612    0.735307    0.863629    0.887233
    0.899642    0.921931    1.554367    1.572329    1.700357    1.722159    1.758917    1.786452
    1.814410    1.829377    2.014102    2.038921    2.121196    2.139653    2.155793    2.192897
    2.258039    2.289035    2.393362    2.417341    2.497360    2.537677    2.651007    2.682266
    2.840574    2.872302    2.998827    3.029491
at   0.15957   0.15957   0.34043    0.002833
   52 eigenvalues :
   -2.810708   -2.725595   -1.591088   -1.574438   -1.546876   -1.492496   -1.475624   -1.463683
    0.262527    0.276645    0.309227    0.316058    0.338015    0.359574    0.389167    0.392466
    0.467428    0.471192    0.590368    0.641896    0.686937    0.736236    0.855152    0.878453
    0.891710    0.913213    1.565847    1.583568    1.706029    1.727864    1.768553    1.795891
    1.811535    1.826516    2.005030    2.029867    2.101220    2.119651    2.169138    2.206068
    2.264399    2.295379    2.403912    2.427810    2.497047    2.537586    2.649259    2.680693
    2.821622    2.853038    3.010843    3.041491
at   0.16489   0.16489   0.33511    0.002833
   52 eigenvalues :
   -2.810704   -2.725591   -1.591042   -1.574495   -1.546905   -1.492428   -1.475698   -1.463742
    0.264557    0.276641    0.307059    0.318329    0.337728    0.357792    0.389492    0.392513
    0.467816    0.471248    0.597212    0.648302    0.688350    0.737249    0.846615    0.869856
    0.883715    0.904690    1.577400    1.594908    1.711859    1.733725    1.777365    1.804524
    1.808703    1.823700    1.994953    2.019823    2.081416    2.099828    2.182753    2.219525
    2.270845    2.301829    2.413765    2.437604    2.496613    2.537352    2.646712    2.678335
    2.801952    2.833079    3.020262    3.050841
at   0.17021   0.17021   0.32979    0.002833
   52 eigenvalues :
   -2.810701   -2.725587   -1.590996   -1.574548   -1.546930   -1.492361   -1.475767   -1.463796
    0.266534    0.276674    0.304968    0.320548    0.337474    0.356084    0.389808    0.392558
    0.468192    0.471303    0.604126    0.654785    0.689889    0.738385    0.838167    0.861503
    0.875793    0.896419    1.589363    1.606669    1.717924    1.739815    1.785989    1.806120
    1.812961    1.821127    1.984928    2.009841    2.061959    2.080358    2.198211    2.234768
    2.279063    2.310044    2.424086    2.447839    2.496367    2.537305    2.643722    2.675530
    2.784009    2.814754    3.029247    3.059745
at   0.17553   0.17553   0.32447    0.002833
   52 eigenvalues :
   -2.810698   -2.725584   -1.590953   -1.574598   -1.546954   -1.492296   -1.475833   -1.463848
    0.268446    0.276747    0.302959    0.322701    0.337257    0.354451    0.390112    0.392601
    0.468554    0.471355    0.611101    0.661336    0.691530    0.739625    0.829717    0.853393
    0.867861    0.888399    1.601510    1.618633    1.724134    1.746043    1.793934    1.803689
    1.818703    1.820734    1.974599    1.999545    2.042776    2.061171    2.214247    2.250600
    2.287858    2.318833    2.434113    2.457783    2.495786    2.536883    2.639267    2.671285
    2.764205    2.794688    3.036424    3.066808
at   0.18085   0.18085   0.31915    0.002833
   52 eigenvalues :
   -2.810695   -2.725580   -1.590911   -1.574647   -1.546977   -1.492234   -1.475896   -1.463899
    0.270283    0.276861    0.301032    0.324775    0.337078    0.352892    0.390403    0.392641
    0.468901    0.471404    0.618141    0.667956    0.693277    0.740970    0.821290    0.845547
    0.859942    0.880650    1.613867    1.630824    1.730511    1.752431    1.801278    1.801415
    1.816433    1.827918    1.964179    1.989149    2.023879    2.042278    2.230822    2.266974
    2.297476    2.328440    2.443885    2.467472    2.495158    2.536397    2.633728    2.665962
    2.744280    2.774516    3.038863    3.069602
at   0.18617   0.18617   0.31383    0.002833
   52 eigenvalues :
   -2.810692   -2.725577   -1.590872   -1.574692   -1.546999   -1.492175   -1.475956   -1.463947
    0.272034    0.277019    0.299186    0.326756    0.336941    0.351407    0.390681    0.392678
    0.469230    0.471450    0.625244    0.674643    0.695124    0.742421    0.812892    0.837985
    0.852041    0.873190    1.626433    1.643238    1.737050    1.758968    1.799292    1.808024
    1.814319    1.834511    1.953747    1.978733    2.005272    2.023687    2.247844    2.283793
    2.307906    2.338853    2.453349    2.476851    2.494501    2.535867    2.627029    2.659482
    2.724290    2.754292    3.028608    3.059066
at   0.19149   0.19149   0.30851    0.002833
   52 eigenvalues :
   -2.810689   -2.725574   -1.590837   -1.574735   -1.547021   -1.492122   -1.476012   -1.463994
    0.273689    0.277224    0.297422    0.328632    0.336849    0.349998    0.390944    0.392712
    0.469541    0.471491    0.632388    0.681372    0.697067    0.743975    0.804489    0.830724
    0.844128    0.866036    1.639107    1.655776    1.743652    1.765551    1.797284    1.812317
    1.814036    1.840386    1.943253    1.968242    1.986947    2.005401    2.264326    2.300105
    2.318959    2.349870    2.461981    2.485413    2.492763    2.534263    2.619311    2.651980
    2.705114    2.734839    3.019156    3.049352
at   0.19681   0.19681   0.30319    0.002833
   52 eigenvalues :
   -2.810686   -2.725571   -1.590803   -1.574775   -1.547040   -1.492071   -1.476064   -1.464035
    0.275239    0.277478    0.295738    0.330392    0.336803    0.348665    0.391191    0.392742
    0.469832    0.471529    0.639614    0.688183    0.699094    0.745621    0.796158    0.823796
    0.836277    0.859217    1.652094    1.668633    1.750475    1.772335    1.795491    1.810527
    1.819587    1.845811    1.932956    1.957952    1.968953    1.987462    2.281961    2.317491
    2.330986    2.361830    2.470586    2.492092    2.493933    2.533697    2.610139    2.643017
    2.685114    2.714618    3.011810    3.041763
at   0.20213   0.20213   0.29787    0.002833
   52 eigenvalues :
   -2.810684   -2.725569   -1.590772   -1.574811   -1.547058   -1.492024   -1.476111   -1.464074
    0.276673    0.277782    0.294135    0.332024    0.336806    0.347407    0.391421    0.392767
    0.470101    0.471562    0.646902    0.695046    0.701198    0.747346    0.787867    0.817226
    0.828454    0.852759    1.665281    1.681697    1.757418    1.779211    1.793862    1.808900
    1.824547    1.850658    1.922774    1.947777    1.951281    1.969878    2.299848    2.335028
    2.343834    2.374515    2.478687    2.491437    2.501952    2.533140    2.599753    2.632824
    2.665201    2.694478    3.005933    3.035666
at   0.20745   0.20745   0.29255    0.002833
   52 eigenvalues :
   -2.810682   -2.725566   -1.590744   -1.574845   -1.547073   -1.491981   -1.476155   -1.464109
    0.277983    0.278140    0.292611    0.333517    0.336861    0.346223    0.391633    0.392787
    0.470349    0.471590    0.654251    0.701839    0.703474    0.749130    0.779618    0.811052
    0.820666    0.846696    1.678661    1.694959    1.764454    1.786136    1.792400    1.807440
    1.828930    1.854941    1.912736    1.933960    1.937748    1.952690    2.317940    2.352418
    2.357708    2.387886    2.486215    2.490810    2.509399    2.532605    2.588196    2.621437
    2.645430    2.674461    3.001491    3.031030
at   0.21277   0.21277   0.28723    0.002833
   52 eigenvalues :
   -2.810680   -2.725564   -1.590719   -1.574874   -1.547088   -1.491942   -1.476193   -1.464140
    0.278553    0.279161    0.291166    0.334860    0.336970    0.345115    0.391827    0.392801
    0.470574    0.471611    0.661660    0.705329    0.709123    0.750941    0.771420    0.805315
    0.812916    0.841067    1.692224    1.708404    1.771537    1.791106    1.793041    1.806148
    1.832749    1.858671    1.902869    1.917033    1.927893    1.935968    2.336189    2.368811
    2.373354    2.401894    2.490217    2.493095    2.516201    2.532103    2.575536    2.608915
    2.625867    2.654614    2.998426    3.027796
at   0.21809   0.21809   0.28191    0.002833
   52 eigenvalues :
   -2.810678   -2.725562   -1.590696   -1.574900   -1.547100   -1.491908   -1.476227   -1.464168
    0.279024    0.280198    0.289799    0.336046    0.337134    0.344081    0.392001    0.392809
    0.470775    0.471626    0.669129    0.707467    0.716146    0.752716    0.763297    0.800062
    0.805215    0.835925    1.705953    1.722011    1.778583    1.789982    1.799806    1.805025
    1.836019    1.861864    1.893199    1.900583    1.918202    1.919874    2.354548    2.384101
    2.390761    2.416484    2.489659    2.499253    2.522287    2.531644    2.561862    2.595327
    2.606604    2.634990    2.996654    3.025881
at   0.22340   0.22340   0.27660    0.002833
   52 eigenvalues :
   -2.810677   -2.725561   -1.590678   -1.574922   -1.547110   -1.491880   -1.476256   -1.464191
    0.279552    0.281086    0.288512    0.337062    0.337355    0.343122    0.392157    0.392810
    0.470953    0.471634    0.676643    0.709473    0.723246    0.753801    0.755864    0.795318
    0.797631    0.831342    1.719795    1.735720    1.785428    1.789031    1.804074    1.806193
    1.838750    1.864526    1.883707    1.884869    1.904462    1.908934    2.372933    2.399260
    2.408750    2.431549    2.489130    2.504607    2.527575    2.531232    2.547306    2.580767
    2.587815    2.615695    2.996075    3.025185
at   0.22872   0.22872   0.27128    0.002833
   52 eigenvalues :
   -2.810676   -2.725559   -1.590662   -1.574940   -1.547119   -1.491856   -1.476279   -1.464211
    0.280142    0.281822    0.287298    0.337637    0.337906    0.342234    0.392294    0.392803
    0.471107    0.471632    0.684227    0.711308    0.730423    0.746914    0.756314    0.789671
    0.791614    0.827378    1.733754    1.749531    1.788249    1.791774    1.803293    1.811774
    1.840965    1.866629    1.869900    1.874715    1.890382    1.899858    2.391360    2.414603
    2.426940    2.447036    2.488603    2.509107    2.530838    2.531873    2.532102    2.565232
    2.569650    2.596764    2.996577    3.025593
at   0.23404   0.23404   0.26596    0.002833
   52 eigenvalues :
   -2.810675   -2.725558   -1.590650   -1.574955   -1.547126   -1.491837   -1.476298   -1.464226
    0.280795    0.282400    0.286160    0.337980    0.338569    0.341419    0.392412    0.392786
    0.471239    0.471620    0.691867    0.712882    0.737656    0.738947    0.757684    0.782203
    0.788203    0.824136    1.747723    1.763325    1.787641    1.796868    1.802685    1.815594
    1.842672    1.856623    1.865846    1.868487    1.878486    1.891212    2.409737    2.429949
    2.445139    2.462715    2.488008    2.512681    2.515864    2.530548    2.535547    2.548998
    2.552330    2.578435    2.998043    3.026989
at   0.23936   0.23936   0.26064    0.002833
   52 eigenvalues :
   -2.810674   -2.725558   -1.590641   -1.574965   -1.547131   -1.491824   -1.476311   -1.464237
    0.281509    0.282816    0.285099    0.338386    0.339046    0.340675    0.392513    0.392758
    0.471348    0.471597    0.699556    0.714103    0.731001    0.744941    0.758783    0.774685
    0.785731    0.821717    1.761538    1.776932    1.787206    1.799017    1.802250    1.815940
    1.843879    1.846788    1.857719    1.869601    1.870492    1.883162    2.427991    2.444794
    2.463246    2.478066    2.487158    2.499340    2.515274    2.530204    2.532795    2.535966
    2.538106    2.561197    3.000356    3.029253
at   0.24468   0.24468   0.25532    0.002833
   52 eigenvalues :
   -2.810674   -2.725557   -1.590636   -1.574971   -1.547134   -1.491816   -1.476319   -1.464244
    0.282280    0.283067    0.284119    0.338857    0.339334    0.340001    0.392596    0.392719
    0.471437    0.471560    0.707272    0.714880    0.723128    0.752262    0.759493    0.767218
    0.784208    0.820217    1.774852    1.786945    1.790022    1.795734    1.801989    1.811187
    1.842788    1.844598    1.850453    1.868010    1.870301    1.876054    2.445993    2.457670
    2.481083    2.481604    2.485719    2.492602    2.516436    2.516876    2.522728    2.529618
    2.539658    2.546667    3.003395    3.032262
at   0.25000   0.25000   0.25000    0.002833
   52 eigenvalues :
   -2.810674   -2.725557   -1.590634   -1.574973   -1.547135   -1.491813   -1.476322   -1.464246
    0.282929    0.283151    0.283401    0.339372    0.339418    0.339430    0.392652    0.392678
    0.471505    0.471509    0.713998    0.715148    0.716349    0.758823    0.759738    0.760608
    0.783692    0.819708    1.786855    1.786858    1.786860    1.801900    1.801902    1.801904
    1.844310    1.844838    1.845388    1.870010    1.870535    1.871040    2.461172    2.463836
    2.467009    2.484224    2.496639    2.499222    2.501481    2.517378    2.517381    2.528793
    2.540179    2.540179    3.007040    3.035894
at   0.24688   0.24688   0.24688    0.002833
   52 eigenvalues :
   -2.810674   -2.725557   -1.590635   -1.574972   -1.547133   -1.491814   -1.476322   -1.464242
    0.282513    0.282755    0.284197    0.339068    0.339095    0.340027    0.392619    0.392695
    0.471463    0.471533    0.705605    0.719157    0.720560    0.750709    0.763619    0.764699
    0.784172    0.820179    1.774200    1.789210    1.791611    1.791629    1.806942    1.806955
    1.839922    1.848707    1.849310    1.865517    1.874189    1.874763    2.449530    2.452728
    2.477988    2.484170    2.487131    2.491719    2.516341    2.519557    2.519644    2.532267
    2.542780    2.542837    3.005199    3.034060
at   0.24375   0.24375   0.24375    0.002833
   52 eigenvalues :
   -2.810674   -2.725558   -1.590638   -1.574970   -1.547127   -1.491818   -1.476323   -1.464230
    0.282035    0.282253    0.285124    0.338765    0.338790    0.340535    0.392562    0.392706
    0.471402    0.471541    0.695683    0.723914    0.725377    0.741376    0.768145    0.769278
    0.785441    0.821412    1.761659    1.776637    1.793279    1.793337    1.809347    1.809390
    1.835106    1.856084    1.856686    1.860664    1.880956    1.881492    2.433490    2.436542
    2.467283    2.470333    2.479339    2.511798    2.521036    2.524475    2.524597    2.547863
    2.548430    2.549344    3.004122    3.032996
at   0.24063   0.24063   0.24063    0.002833
   52 eigenvalues :
   -2.810675   -2.725559   -1.590643   -1.574965   -1.547118   -1.491824   -1.476322   -1.464211
    0.281577    0.281771    0.285968    0.338484    0.338514    0.340915    0.392491    0.392701
    0.471324    0.471531    0.685548    0.728554    0.730294    0.732175    0.772792    0.773975
    0.787298    0.823207    1.749315    1.764262    1.792628    1.792730    1.809576    1.809658
    1.830405    1.855765    1.866058    1.866512    1.890026    1.890518    2.415718    2.418641
    2.449169    2.451986    2.478857    2.521403    2.530440    2.530814    2.533955    2.555043
    2.555339    2.570016    3.003601    3.032496
at   0.23750   0.23750   0.23750    0.002833
   52 eigenvalues :
   -2.810677   -2.725561   -1.590649   -1.574959   -1.547104   -1.491833   -1.476321   -1.464184
    0.281141    0.281311    0.286717    0.338227    0.338267    0.341154    0.392404    0.392680
    0.471229    0.471502    0.675284    0.722137    0.734046    0.735431    0.777581    0.778815
    0.789637    0.825461    1.737090    1.752006    1.790555    1.790692    1.808312    1.808428
    1.825813    1.851111    1.877496    1.877927    1.900763    1.901217    2.396887    2.399707
    2.430042    2.432739    2.478597    2.521355    2.537466    2.537887    2.555674    2.562540
    2.562794    2.591866    3.003412    3.032333
at   0.23438   0.23438   0.23438    0.002833
   52 eigenvalues :
   -2.810680   -2.725563   -1.590657   -1.574949   -1.547086   -1.491843   -1.476318   -1.464149
    0.280732    0.280881    0.287351    0.338000    0.338050    0.341236    0.392304    0.392643
    0.471118    0.471455    0.665045    0.712698    0.739174    0.740638    0.782476    0.783764
    0.792369    0.828091    1.725062    1.739947    1.787695    1.787857    1.806124    1.806266
    1.821376    1.846604    1.889825    1.890233    1.912523    1.912949    2.377529    2.380264
    2.410464    2.413075    2.478632    2.521443    2.544740    2.545247    2.569604    2.570383
    2.578245    2.613747    3.003326    3.032276
at   0.23125   0.23125   0.23125    0.002833
   52 eigenvalues :
   -2.810683   -2.725567   -1.590665   -1.574937   -1.547063   -1.491854   -1.476313   -1.464106
    0.280352    0.280479    0.287862    0.337806    0.337866    0.341146    0.392190    0.392590
    0.470991    0.471390    0.654824    0.703291    0.744484    0.745992    0.787506    0.788851
    0.795468    0.831072    1.713153    1.728009    1.784399    1.784577    1.803376    1.803537
    1.817084    1.842243    1.902723    1.903117    1.924980    1.925389    2.357779    2.360442
    2.390544    2.393087    2.478975    2.521779    2.552245    2.552823    2.577532    2.578225
    2.600013    2.635640    3.003102    3.032080
at   0.22813   0.22813   0.22813    0.002833
   52 eigenvalues :
   -2.810687   -2.725572   -1.590674   -1.574922   -1.547035   -1.491867   -1.476305   -1.464056
    0.280004    0.280112    0.288233    0.337647    0.337717    0.340873    0.392062    0.392521
    0.470847    0.471306    0.644726    0.694043    0.749910    0.751454    0.792631    0.794041
    0.798889    0.834362    1.701439    1.716268    1.780895    1.781083    1.800323    1.800496
    1.812977    1.838072    1.915867    1.916257    1.937789    1.938190    2.337951    2.340548
    2.370580    2.373062    2.479618    2.522387    2.559835    2.560475    2.585397    2.586112
    2.621668    2.657337    3.002494    3.031497
at   0.22500   0.22500   0.22500    0.002833
   52 eigenvalues :
   -2.810693   -2.725578   -1.590683   -1.574903   -1.547003   -1.491880   -1.476294   -1.463999
    0.279690    0.279778    0.288455    0.337525    0.337604    0.340401    0.391920    0.392436
    0.470688    0.471205    0.634716    0.684924    0.755482    0.757059    0.797876    0.799365
    0.802646    0.837967    1.689847    1.704648    1.777285    1.777479    1.797094    1.797275
    1.809043    1.834081    1.929174    1.929570    1.950841    1.951245    2.318077    2.320610
    2.350587    2.353012    2.480555    2.523272    2.567488    2.568185    2.593295    2.594047
    2.643206    2.678928    3.001253    3.030270
at   0.22188   0.22188   0.22188    0.002833
   52 eigenvalues :
   -2.810699   -2.725585   -1.590691   -1.574880   -1.546967   -1.491893   -1.476279   -1.463935
    0.279412    0.279483    0.288514    0.337442    0.337530    0.339723    0.391765    0.392336
    0.470513    0.471086    0.624877    0.676010    0.761161    0.762767    0.803189    0.804785
    0.806723    0.841857    1.678450    1.693225    1.773667    1.773863    1.793804    1.793989
    1.805320    1.830306    1.942425    1.942838    1.963903    1.964319    2.298430    2.300898
    2.330831    2.333198    2.481766    2.524422    2.575104    2.575853    2.601147    2.601937
    2.664440    2.700236    2.999151    3.028167
at   0.21875   0.21875   0.21875    0.002833
   52 eigenvalues :
   -2.810707   -2.725593   -1.590699   -1.574854   -1.546925   -1.491906   -1.476260   -1.463864
    0.279173    0.279227    0.288401    0.337401    0.337497    0.338824    0.391596    0.392219
    0.470322    0.470948    0.615164    0.667259    0.766981    0.768616    0.808567    0.810318
    0.811193    0.846053    1.667174    1.681924    1.770065    1.770262    1.790494    1.790680
    1.801796    1.826735    1.955571    1.956012    1.976916    1.977356    2.279039    2.281438
    2.311328    2.313632    2.483244    2.525834    2.582684    2.583483    2.608966    2.609797
    2.685465    2.721359    2.995962    3.024953
at   0.21563   0.21563   0.21563    0.002833
   52 eigenvalues :
   -2.810717   -2.725603   -1.590704   -1.574823   -1.546877   -1.491916   -1.476236   -1.463785
    0.278974    0.279014    0.288105    0.337400    0.337499    0.337712    0.391415    0.392088
    0.470116    0.470795    0.605659    0.658743    0.772928    0.774590    0.813929    0.815813
    0.816234    0.850530    1.656093    1.670818    1.766601    1.766796    1.787292    1.787478
    1.798520    1.823422    1.968638    1.969119    1.989888    1.990363    2.261186    2.263505
    2.293330    2.295561    2.485863    2.528390    2.590434    2.591281    2.616943    2.617815
    2.706116    2.742136    2.993407    3.022340
at   0.21250   0.21250   0.21250    0.002833
   52 eigenvalues :
   -2.810728   -2.725615   -1.590708   -1.574788   -1.546826   -1.491926   -1.476208   -1.463702
    0.278817    0.278842    0.287615    0.336331    0.337455    0.337565    0.391220    0.391941
    0.469895    0.470622    0.596293    0.650396    0.778991    0.780678    0.819240    0.821229
    0.821919    0.855309    1.645135    1.659836    1.763142    1.763334    1.784076    1.784258
    1.795441    1.820309    1.981029    1.981574    2.002257    2.002788    2.242897    2.245122
    2.274885    2.277031    2.487842    2.530298    2.597721    2.598619    2.624499    2.625414
    2.726463    2.762625    2.987678    3.016524
at   0.20938   0.20938   0.20938    0.002833
   52 eigenvalues :
   -2.810740   -2.725629   -1.590712   -1.574751   -1.546771   -1.491935   -1.476176   -1.463615
    0.278703    0.278716    0.286927    0.334732    0.337549    0.337664    0.391012    0.391779
    0.469658    0.470432    0.587138    0.642279    0.785110    0.786821    0.824563    0.826858
    0.827749    0.860365    1.634370    1.649047    1.759722    1.759908    1.780878    1.781055
    1.792587    1.817428    1.992598    1.993233    2.013882    2.014495    2.224744    2.226846
    2.256542    2.258577    2.489907    2.532283    2.604103    2.605058    2.631200    2.632167
    2.744814    2.781205    2.980443    3.009166
at   0.20625   0.20625   0.20625    0.002833
   52 eigenvalues :
   -2.810755   -2.725644   -1.590711   -1.574708   -1.546711   -1.491939   -1.476138   -1.463522
    0.278635    0.278635    0.286028    0.332883    0.337692    0.337812    0.390791    0.391601
    0.469406    0.470225    0.578154    0.634353    0.791408    0.793141    0.830078    0.832756
    0.833764    0.865732    1.623730    1.638384    1.756462    1.756642    1.777831    1.778001
    1.789997    1.814817    2.003040    2.003804    2.024494    2.025223    2.208941    2.210891
    2.240433    2.242332    2.492297    2.534601    2.610983    2.611991    2.638388    2.639403
    2.764222    2.800801    2.971857    3.000415
at   0.20313   0.20313   0.20313    0.002833
   52 eigenvalues :
   -2.810771   -2.725662   -1.590707   -1.574661   -1.546646   -1.491940   -1.476094   -1.463423
    0.278602    0.278613    0.284917    0.330792    0.337885    0.338009    0.390559    0.391410
    0.469140    0.470002    0.569398    0.626664    0.797803    0.799557    0.835792    0.838808
    0.839876    0.871377    1.613282    1.627914    1.753327    1.753500    1.774900    1.775061
    1.787668    1.812474    2.011711    2.012653    2.033503    2.034390    2.195209    2.196962
    2.226242    2.227966    2.494867    2.537098    2.617560    2.618624    2.645299    2.646366
    2.783041    2.819828    2.962010    2.990362
at   0.20000   0.20000   0.20000    0.002833
   52 eigenvalues :
   -2.810789   -2.725681   -1.590699   -1.574609   -1.546576   -1.491937   -1.476044   -1.463320
    0.278617    0.278638    0.283585    0.328446    0.338129    0.338256    0.390314    0.391204
    0.468859    0.469760    0.560817    0.619162    0.804335    0.806108    0.841769    0.845030
    0.846124    0.877336    1.602960    1.617571    1.750304    1.750469    1.772072    1.772224
    1.785588    1.810387    2.017909    2.019088    2.040278    2.041377    2.184228    2.185727
    2.214579    2.216075    2.497619    2.539777    2.623814    2.624939    2.651919    2.653043
    2.801322    2.838338    2.951005    2.979112
at   0.19688   0.19688   0.19688    0.002833
   52 eigenvalues :
   -2.810809   -2.725703   -1.590687   -1.574553   -1.546503   -1.491930   -1.475991   -1.463214
    0.278679    0.278710    0.282036    0.325862    0.338424    0.338554    0.390058    0.390984
    0.468564    0.469503    0.552466    0.611887    0.810943    0.812735    0.847975    0.851357
    0.852447    0.883573    1.592829    1.607419    1.747386    1.747543    1.769341    1.769483
    1.783778    1.808576    2.020646    2.022112    2.043889    2.045250    2.176657    2.177850
    2.206058    2.207274    2.500042    2.542108    2.629057    2.630250    2.657578    2.658766
    2.817229    2.854563    2.938576    2.966416
at   0.19375   0.19375   0.19375    0.002833
   52 eigenvalues :
   -2.810832   -2.725726   -1.590670   -1.574492   -1.546424   -1.491916   -1.475929   -1.463103
    0.278776    0.278829    0.280276    0.323026    0.338773    0.338905    0.389790    0.390751
    0.468255    0.469229    0.544302    0.604797    0.817706    0.819514    0.854456    0.857861
    0.858921    0.890129    1.582825    1.597395    1.744616    1.744763    1.766754    1.766885
    1.782228    1.807032    2.019437    2.021205    2.043782    2.045431    2.173708    2.174583
    2.201934    2.202850    2.503087    2.545079    2.634403    2.635666    2.663356    2.664613
    2.834071    2.871664    2.925881    2.953411
at   0.19063   0.19063   0.19063    0.002833
   52 eigenvalues :
   -2.810856   -2.725752   -1.590647   -1.574426   -1.546341   -1.491896   -1.475862   -1.462989
    0.278141    0.278989    0.279085    0.319963    0.339174    0.339307    0.389512    0.390504
    0.467933    0.468940    0.536373    0.597930    0.824562    0.826385    0.861160    0.864492
    0.865489    0.896961    1.573012    1.587562    1.741983    1.742120    1.764300    1.764420
    1.780951    1.805768    2.014145    2.016181    2.039662    2.041578    2.175164    2.175756
    2.202157    2.202795    2.506252    2.548169    2.639124    2.640464    2.668547    2.669878
    2.850016    2.887874    2.912825    2.940015
at   0.18750   0.18750   0.18750    0.002833
   52 eigenvalues :
   -2.810882   -2.725781   -1.590618   -1.574355   -1.546254   -1.491869   -1.475789   -1.462871
    0.275958    0.279203    0.279260    0.316658    0.339630    0.339764    0.389222    0.390245
    0.467598    0.468635    0.528631    0.591235    0.831554    0.833391    0.868110    0.871305
    0.872198    0.904114    1.563327    1.577858    1.739472    1.739599    1.761964    1.762071
    1.779942    1.804779    2.005283    2.007525    2.031865    2.033996    2.180487    2.180861
    2.206359    2.206771    2.509540    2.551382    2.643118    2.644544    2.673048    2.674464
    2.865063    2.899533    2.903268    2.926440
at   0.18438   0.18438   0.18438    0.002833
   52 eigenvalues :
   -2.810911   -2.725811   -1.590580   -1.574267   -1.546163   -1.491835   -1.475709   -1.462747
    0.273507    0.279473    0.279529    0.313141    0.340140    0.340274    0.388923    0.389973
    0.467251    0.468315    0.521124    0.584750    0.838641    0.840486    0.875230    0.878277
    0.879019    0.911539    1.553831    1.568344    1.737100    1.737215    1.759762    1.759855
    1.779210    1.804072    1.993773    1.996149    2.021204    2.023488    2.188779    2.189001
    2.213740    2.213991    2.512915    2.554681    2.646219    2.647719    2.676672    2.678180
    2.878958    2.886635    2.912853    2.913261
at   0.18125   0.18125   0.18125    0.002833
   52 eigenvalues :
   -2.810942   -2.725844   -1.590531   -1.574187   -1.546063   -1.491789   -1.475618   -1.462623
    0.270821    0.279797    0.279856    0.309400    0.340706    0.340839    0.388613    0.389689
    0.466890    0.467979    0.513803    0.578424    0.845862    0.847718    0.882515    0.885441
    0.886055    0.919284    1.544465    1.558959    1.734850    1.734953    1.757679    1.757757
    1.778750    1.803645    1.980359    1.982828    2.008439    2.010821    2.199247    2.199371
    2.223509    2.223650    2.516382    2.558068    2.648225    2.649826    2.679252    2.680839
    2.873892    2.874227    2.899957    2.900328
at   0.17813   0.17813   0.17813    0.002833
   52 eigenvalues :
   -2.810975   -2.725880   -1.590482   -1.574103   -1.545964   -1.491739   -1.475527   -1.462498
    0.267925    0.280173    0.280235    0.305470    0.341324    0.341456    0.388296    0.389395
    0.466520    0.467629    0.506714    0.572292    0.853172    0.855036    0.889855    0.892629
    0.893439    0.927298    1.535287    1.549764    1.732736    1.732826    1.755726    1.755789
    1.778566    1.803500    1.965771    1.968300    1.994320    1.996772    2.211166    2.211225
    2.234904    2.234973    2.519900    2.561506    2.648921    2.650625    2.680501    2.682195
    2.862293    2.862563    2.888002    2.888303
at   0.17500   0.17500   0.17500    0.002833
   52 eigenvalues :
   -2.811011   -2.725918   -1.590425   -1.574013   -1.545861   -1.491680   -1.475432   -1.462370
    0.264808    0.280604    0.280667    0.301336    0.341999    0.342129    0.387969    0.389090
    0.466137    0.467263    0.499808    0.566307    0.860618    0.862489    0.897258    0.899834
    0.901315    0.935629    1.526239    1.540699    1.730742    1.730819    1.753888    1.753935
    1.778657    1.803636    1.950370    1.952939    1.979261    1.981759    2.224128    2.224146
    2.247474    2.247497    2.523475    2.564997    2.648101    2.649908    2.680201    2.682005
    2.851851    2.852052    2.877255    2.877482
at   0.17188   0.17188   0.17188    0.002833
   52 eigenvalues :
   -2.811048   -2.725958   -1.590361   -1.573920   -1.545755   -1.491612   -1.475330   -1.462240
    0.261497    0.281085    0.281149    0.297039    0.342726    0.342853    0.387635    0.388775
    0.465745    0.466882    0.493129    0.560498    0.868152    0.870029    0.904669    0.907077
    0.909568    0.944221    1.517379    1.531823    1.728879    1.728942    1.752176    1.752206
    1.779021    1.804052    1.934565    1.937160    1.963703    1.966235    2.237694    2.237703
    2.260751    2.260759    2.527062    2.568497    2.645585    2.647489    2.678129    2.680038
    2.842935    2.843070    2.868127    2.868282
at   0.16875   0.16875   0.16875    0.002833
   52 eigenvalues :
   -2.811089   -2.726001   -1.590288   -1.573820   -1.545642   -1.491534   -1.475221   -1.462106
    0.257980    0.281619    0.281684    0.292564    0.343510    0.343634    0.387293    0.388450
    0.465342    0.466483    0.486633    0.554822    0.875869    0.877751    0.912192    0.914480
    0.918212    0.953136    1.508651    1.523078    1.727363    1.727415    1.750809    1.750824
    1.779660    1.804749    1.918743    1.921350    1.948026    1.950576    2.251729    2.251756
    2.274575    2.274602    2.530680    2.572024    2.642042    2.644026    2.674909    2.676905
    2.836372    2.836454    2.861501    2.861597
at   0.16563   0.16563   0.16563    0.002833
   52 eigenvalues :
   -2.811131   -2.726046   -1.590208   -1.573718   -1.545529   -1.491447   -1.475110   -1.461974
    0.254289    0.282202    0.282267    0.287954    0.344344    0.344464    0.386947    0.388118
    0.464931    0.466060    0.480363    0.549305    0.883628    0.885512    0.919719    0.921917
    0.927138    0.962295    1.500109    1.514521    1.725745    1.725781    1.749323    1.749327
    1.780567    1.805720    1.902587    1.905210    1.932009    1.934580    2.265843    2.265881
    2.288534    2.288573    2.534254    2.575501    2.635999    2.638049    2.669060    2.671129
    2.830935    2.830977    2.856129    2.856179
at   0.16250   0.16250   0.16250    0.002833
   52 eigenvalues :
   -2.811176   -2.726094   -1.590120   -1.573612   -1.545413   -1.491352   -1.474993   -1.461840
    0.250413    0.282816    0.282900    0.283215    0.345233    0.345348    0.386593    0.387777
    0.464507    0.465586    0.474302    0.543905    0.891520    0.893405    0.927349    0.929480
    0.936393    0.971759    1.491700    1.506097    1.724184    1.724202    1.747869    1.747896
    1.781730    1.806954    1.886366    1.889001    1.915895    1.918483    2.279774    2.279816
    2.302369    2.302413    2.537769    2.578913    2.627812    2.629909    2.660938    2.663060
    2.826149    2.826170    2.851614    2.851641
at   0.15938   0.15938   0.15938    0.002833
   52 eigenvalues :
   -2.811223   -2.726144   -1.590025   -1.573502   -1.545294   -1.491247   -1.474872   -1.461705
    0.246386    0.278321    0.283525    0.283582    0.346171    0.346281    0.386237    0.387431
    0.464058    0.464899    0.468669    0.538650    0.899499    0.901383    0.935044    0.937124
    0.945909    0.981471    1.483476    1.497859    1.722783    1.722784    1.746557    1.746607
    1.783172    1.808472    1.870299    1.872946    1.899919    1.902526    2.293651    2.293693
    2.316198    2.316243    2.541220    2.582248    2.618777    2.620893    2.651804    2.653953
    2.824257    2.824274    2.850078    2.850099
at   0.15625   0.15625   0.15625    0.002833
   52 eigenvalues :
   -2.811272   -2.726196   -1.589920   -1.573388   -1.545171   -1.491132   -1.474745   -1.461569
    0.242197    0.273332    0.284258    0.284312    0.347161    0.347266    0.385876    0.387079
    0.461818    0.463715    0.465464    0.533499    0.907613    0.909493    0.942858    0.944896
    0.955736    0.991485    1.475386    1.489754    1.721460    1.721483    1.745324    1.745400
    1.784881    1.810262    1.854320    1.856980    1.884024    1.886651    2.307144    2.307180
    2.329698    2.329739    2.544578    2.585470    2.608712    2.610818    2.641509    2.643663
    2.823914    2.823942    2.850200    2.850233
at   0.15313   0.15313   0.15313    0.002833
   52 eigenvalues :
   -2.811323   -2.726251   -1.589809   -1.573270   -1.545047   -1.491008   -1.474614   -1.461432
    0.237883    0.268264    0.285037    0.285086    0.348198    0.348296    0.385514    0.386723
    0.456573    0.463253    0.464720    0.528479    0.915809    0.917684    0.950743    0.952747
    0.965803    1.001733    1.467482    1.481836    1.720234    1.720280    1.744164    1.744269
    1.786840    1.812304    1.838581    1.841250    1.868366    1.871016    2.319902    2.319923
    2.342531    2.342560    2.547787    2.588475    2.598202    2.600228    2.630611    2.632754
    2.824903    2.824952    2.851727    2.851782
at   0.15000   0.15000   0.15000    0.002833
   52 eigenvalues :
   -2.811377   -2.726308   -1.589689   -1.573149   -1.544919   -1.490875   -1.474479   -1.461295
    0.233433    0.263102    0.285863    0.285907    0.349284    0.349376    0.385150    0.386362
    0.451205    0.462811    0.464214    0.523551    0.924138    0.926007    0.958751    0.960725
    0.976168    1.012278    1.459711    1.474052    1.719085    1.719159    1.743049    1.743187
    1.789058    1.814572    1.823052    1.825698    1.852899    1.855573    2.331670    2.331673
    2.354463    2.354470    2.550828    2.587174    2.589545    2.591844    2.619592    2.621706
    2.827016    2.827092    2.854426    2.854509
at   0.14688   0.14688   0.14688    0.002833
   52 eigenvalues :
   -2.811432   -2.726367   -1.589562   -1.573024   -1.544789   -1.490733   -1.474339   -1.461157
    0.228886    0.257890    0.286731    0.286769    0.350412    0.350497    0.384788    0.386000
    0.445962    0.462371    0.463749    0.518741    0.932547    0.934408    0.966832    0.968778
    0.986760    1.023047    1.452125    1.466453    1.718005    1.718111    1.741958    1.742134
    1.791511    1.807658    1.810448    1.817273    1.837773    1.840475    2.341923    2.341966
    2.364996    2.365024    2.553634    2.577425    2.579573    2.594250    2.609126    2.611192
    2.830056    2.830160    2.858074    2.858188
at   0.14375   0.14375   0.14375    0.002833
   52 eigenvalues :
   -2.811490   -2.726428   -1.589428   -1.572895   -1.544655   -1.490581   -1.474195   -1.461018
    0.224228    0.252609    0.287643    0.287674    0.351587    0.351665    0.384426    0.385637
    0.440837    0.461932    0.463296    0.514016    0.941109    0.942960    0.975059    0.976979
    0.997642    1.034106    1.444674    1.458989    1.716967    1.717112    1.740843    1.741062
    1.792759    1.794321    1.795753    1.820118    1.823156    1.825869    2.350823    2.350929
    2.374280    2.374365    2.558584    2.568821    2.570875    2.598677    2.600140    2.601958
    2.833921    2.834055    2.862559    2.862703
at   0.14063   0.14063   0.14063    0.002833
   52 eigenvalues :
   -2.811549   -2.726491   -1.589287   -1.572764   -1.544521   -1.490422   -1.474047   -1.460879
    0.219503    0.247306    0.288592    0.288615    0.352798    0.352870    0.384068    0.385275
    0.435863    0.461495    0.462850    0.509399    0.949726    0.951566    0.983336    0.985232
    1.008740    1.045378    1.437407    1.451709    1.715921    1.716113    1.739632    1.739898
    1.778211    1.781030    1.797305    1.808771    1.811528    1.823251    2.356581    2.356776
    2.380610    2.380777    2.560479    2.562298    2.564166    2.592282    2.594188    2.601257
    2.838405    2.838566    2.867659    2.867832
at   0.13750   0.13750   0.13750    0.002833
   52 eigenvalues :
   -2.811610   -2.726556   -1.589139   -1.572629   -1.544383   -1.490255   -1.473895   -1.460740
    0.214692    0.241958    0.289582    0.289596    0.354051    0.354118    0.383713    0.384913
    0.431008    0.461060    0.462407    0.504857    0.958472    0.960298    0.991736    0.993607
    1.020120    1.056933    1.430276    1.444567    1.714789    1.715039    1.738195    1.738510
    1.763974    1.766845    1.794851    1.797743    1.800601    1.826553    2.359225    2.359540
    2.383985    2.384264    2.557800    2.559579    2.563005    2.587273    2.589058    2.602878
    2.843513    2.843699    2.873375    2.873574
at   0.13438   0.13438   0.13438    0.002833
   52 eigenvalues :
   -2.811672   -2.726622   -1.588985   -1.572492   -1.544244   -1.490080   -1.473740   -1.460600
    0.209842    0.236611    0.290600    0.290611    0.355334    0.355399    0.383365    0.384556
    0.426298    0.460631    0.461969    0.500418    0.967290    0.969101    1.000203    1.002049
    1.031705    1.068691    1.423327    1.437606    1.713409    1.713722    1.736311    1.736655
    1.750399    1.753329    1.781957    1.784832    1.803946    1.830081    2.358371    2.358831
    2.383964    2.384382    2.556715    2.558390    2.564324    2.585220    2.586863    2.604061
    2.849168    2.849375    2.879618    2.879839
at   0.13125   0.13125   0.13125    0.002833
   52 eigenvalues :
   -2.811737   -2.726691   -1.588824   -1.572352   -1.544103   -1.489899   -1.473582   -1.460460
    0.204932    0.231244    0.291649    0.291667    0.356651    0.356718    0.383023    0.384202
    0.421700    0.460207    0.461536    0.496051    0.976233    0.978027    1.008790    1.010610
    1.043566    1.080724    1.416516    1.430784    1.711362    1.711691    1.733509    1.733813
    1.737893    1.740834    1.770311    1.773133    1.807568    1.833842    2.353978    2.354592
    2.380427    2.380997    2.558672    2.560204    2.565265    2.586262    2.587763    2.604714
    2.855386    2.855610    2.886401    2.886640
at   0.12813   0.12813   0.12813    0.002833
   52 eigenvalues :
   -2.811802   -2.726760   -1.588659   -1.572210   -1.543961   -1.489711   -1.473420   -1.460321
    0.200009    0.225900    0.292722    0.292751    0.357992    0.358065    0.382692    0.383856
    0.417238    0.459791    0.461110    0.491781    0.985242    0.987016    1.017438    1.019232
    1.055623    1.092950    1.409886    1.424143    1.707640    1.707694    1.727496    1.728868
    1.729396    1.730762    1.760867    1.763451    1.811387    1.837804    2.346377    2.347140
    2.373616    2.374338    2.563237    2.564517    2.566061    2.590176    2.591554    2.604755
    2.862130    2.862369    2.893677    2.893931
at   0.12500   0.12500   0.12500    0.002833
   52 eigenvalues :
   -2.811869   -2.726832   -1.588489   -1.572065   -1.543816   -1.489517   -1.473255   -1.460181
    0.195051    0.220556    0.293823    0.293867    0.359360    0.359444    0.382371    0.383517
    0.412882    0.459383    0.460690    0.487580    0.994371    0.996125    1.026200    1.027967
    1.067948    1.105444    1.403395    1.417642    1.699938    1.700666    1.721085    1.721496
    1.723054    1.724134    1.754337    1.756446    1.815415    1.841979    2.336047    2.336941
    2.363965    2.364823    2.564903    2.570554    2.571887    2.596493    2.597767    2.604134
    2.869468    2.869716    2.901509    2.901773
at   0.12188   0.12188   0.12188    0.002833
   52 eigenvalues :
   -2.811937   -2.726904   -1.588317   -1.571922   -1.543672   -1.489319   -1.473090   -1.460042
    0.190103    0.215255    0.294943    0.295004    0.360744    0.360843    0.382063    0.383188
    0.408655    0.458988    0.460281    0.483474    1.003558    1.005290    1.035016    1.036755
    1.080461    1.118121    1.397084    1.411321    1.689294    1.690704    1.712371    1.713286
    1.719202    1.720409    1.750488    1.752091    1.819614    1.846332    2.323625    2.324630
    2.352096    2.353072    2.563879    2.579087    2.580360    2.602233    2.604875    2.606031
    2.864569    2.877528    2.902755    2.910033
at   0.11875   0.11875   0.11875    0.002833
   52 eigenvalues :
   -2.812006   -2.726978   -1.588138   -1.571773   -1.543525   -1.489115   -1.472920   -1.459901
    0.185145    0.209974    0.296086    0.296165    0.362148    0.362266    0.381770    0.382869
    0.404529    0.458603    0.459881    0.479438    1.012860    1.014567    1.043940    1.045648
    1.093235    1.131058    1.390913    1.405140    1.677592    1.679373    1.701687    1.703008
    1.717781    1.718641    1.748308    1.749531    1.824000    1.850877    2.309554    2.310647
    2.338469    2.339540    2.561914    2.588702    2.589993    2.600169    2.614177    2.615306
    2.855031    2.886121    2.893269    2.919010
at   0.11563   0.11563   0.11563    0.002833
   52 eigenvalues :
   -2.812076   -2.727052   -1.587957   -1.571622   -1.543377   -1.488909   -1.472747   -1.459761
    0.180218    0.204754    0.297242    0.297340    0.363560    0.363699    0.381494    0.382564
    0.400528    0.458234    0.459494    0.475497    1.022212    1.023891    1.052909    1.054585
    1.106185    1.144169    1.384921    1.399139    1.665739    1.667723    1.690460    1.692035
    1.717016    1.717678    1.747042    1.748018    1.828529    1.855573    2.294340    2.295503
    2.323611    2.324757    2.558996    2.596010    2.599726    2.600315    2.624342    2.625432
    2.845843    2.884153    2.895429    2.928622
at   0.11250   0.11250   0.11250    0.002833
   52 eigenvalues :
   -2.812147   -2.727127   -1.587773   -1.571469   -1.543227   -1.488698   -1.472572   -1.459621
    0.175303    0.199570    0.298414    0.298532    0.364983    0.365146    0.381235    0.382273
    0.396626    0.457878    0.459118    0.471629    1.031668    1.033318    1.061974    1.063617
    1.119391    1.157532    1.379070    1.393278    1.653958    1.656066    1.679066    1.680809
    1.716547    1.717090    1.746275    1.747087    1.833217    1.860436    2.278209    2.279428
    2.307771    2.308978    2.555041    2.592115    2.609810    2.610779    2.634927    2.635995
    2.837089    2.875533    2.905531    2.938973
at   0.10938   0.10938   0.10938    0.002833
   52 eigenvalues :
   -2.812218   -2.727203   -1.587587   -1.571316   -1.543077   -1.488486   -1.472395   -1.459481
    0.170439    0.194464    0.299591    0.299732    0.366403    0.366592    0.380997    0.381998
    0.392852    0.457537    0.458755    0.467866    1.041163    1.042782    1.071072    1.072680
    1.132763    1.171058    1.373397    1.387597    1.642446    1.644637    1.667794    1.669655
    1.716244    1.716712    1.745802    1.746507    1.838019    1.865419    2.261508    2.262770
    2.291315    2.292569    2.550020    2.586664    2.620206    2.621213    2.645548    2.646606
    2.828940    2.867553    2.916444    2.950050
at   0.10625   0.10625   0.10625    0.002833
   52 eigenvalues :
   -2.812290   -2.727279   -1.587399   -1.571161   -1.542926   -1.488272   -1.472217   -1.459340
    0.165606    0.189411    0.300776    0.300942    0.367822    0.368036    0.380778    0.381739
    0.389188    0.457203    0.458396    0.464199    1.050751    1.052336    1.080254    1.081824
    1.146383    1.184829    1.367866    1.382058    1.631189    1.633441    1.656689    1.658636
    1.716039    1.716459    1.745510    1.746140    1.842946    1.870535    2.244314    2.245609
    2.274334    2.275624    2.543869    2.580031    2.630370    2.631398    2.656026    2.657087
    2.821426    2.860236    2.928294    2.961978
at   0.10313   0.10313   0.10313    0.002833
   52 eigenvalues :
   -2.812361   -2.727355   -1.587212   -1.571007   -1.542775   -1.488058   -1.472038   -1.459201
    0.160843    0.184449    0.301959    0.302151    0.369223    0.369455    0.380569    0.381493
    0.385690    0.456842    0.458000    0.460736    1.060363    1.061912    1.089453    1.090984
    1.160160    1.198752    1.362513    1.376696    1.620297    1.622595    1.645890    1.647903
    1.715896    1.716285    1.745333    1.745913    1.847948    1.875735    2.226877    2.228198
    2.257088    2.258407    2.536619    2.572285    2.640040    2.641089    2.666109    2.667181
    2.814645    2.853669    2.941050    2.974725
at   0.10000   0.10000   0.10000    0.002833
   52 eigenvalues :
   -2.812433   -2.727432   -1.587023   -1.570851   -1.542624   -1.487843   -1.471858   -1.459060
    0.156129    0.179554    0.303144    0.303363    0.370605    0.370831    0.380265    0.381196
    0.382531    0.455967    0.457205    0.458304    1.070052    1.071563    1.098720    1.100209
    1.174176    1.212912    1.357303    1.371478    1.609724    1.612061    1.635373    1.637439
    1.715788    1.716157    1.745225    1.745771    1.853037    1.881030    2.209196    2.210535
    2.239586    2.240925    2.528247    2.563415    2.649145    2.650218    2.675719    2.676809
    2.808567    2.847813    2.954825    2.988407
at   0.09688   0.09688   0.09688    0.002833
   52 eigenvalues :
   -2.812505   -2.727508   -1.586836   -1.570696   -1.542473   -1.487630   -1.471677   -1.458921
    0.151500    0.174765    0.304317    0.304566    0.371931    0.372077    0.378623    0.380620
    0.381304    0.453149    0.456637    0.457736    1.079747    1.081217    1.107983    1.109429
    1.188338    1.227212    1.352268    1.366436    1.599559    1.601928    1.625239    1.627349
    1.715695    1.716053    1.745154    1.745680    1.858154    1.886363    2.191468    2.192821
    2.222030    2.223384    2.518861    2.553541    2.657539    2.658638    2.684694    2.685807
    2.803212    2.842677    2.969545    3.002954
at   0.09375   0.09375   0.09375    0.002833
   52 eigenvalues :
   -2.812577   -2.727584   -1.586650   -1.570540   -1.542322   -1.487417   -1.471497   -1.458781
    0.146937    0.170055    0.305484    0.305764    0.372610    0.373273    0.376341    0.380460
    0.381117    0.449881    0.456372    0.457444    1.089347    1.090774    1.117147    1.118547
    1.202713    1.241721    1.347377    1.361538    1.589735    1.592132    1.615432    1.617577
    1.715344    1.715700    1.744847    1.745363    1.863174    1.891612    2.172921    2.174278
    2.203658    2.205019    2.508403    2.542613    2.664505    2.665637    2.692364    2.693508
    2.798112    2.837788    2.984761    3.017896
at   0.09063   0.09063   0.09063    0.002833
   52 eigenvalues :
   -2.812648   -2.727660   -1.586466   -1.570386   -1.542171   -1.487207   -1.471317   -1.458642
    0.142474    0.165461    0.306633    0.306946    0.371052    0.374483    0.376135    0.380437
    0.381055    0.446640    0.456175    0.457214    1.099078    1.100459    1.126425    1.127776
    1.217239    1.256377    1.342663    1.356816    1.580376    1.582799    1.606079    1.608257
    1.715211    1.715571    1.744760    1.745275    1.868303    1.896977    2.155177    2.156538
    2.186087    2.187452    2.497209    2.530970    2.671338    2.672499    2.699892    2.701064
    2.794022    2.833890    3.001498    3.034324
at   0.08750   0.08750   0.08750    0.002833
   52 eigenvalues :
   -2.812718   -2.727735   -1.586283   -1.570232   -1.542022   -1.486999   -1.471138   -1.458504
    0.138091    0.160960    0.307767    0.308115    0.368317    0.375588    0.377108    0.380492
    0.381122    0.443459    0.456019    0.457022    1.108840    1.110173    1.135720    1.137020
    1.231985    1.271249    1.338093    1.352239    1.571412    1.573860    1.597118    1.599326
    1.715038    1.715408    1.744638    1.745161    1.873405    1.902327    2.137457    2.138818
    2.168544    2.169909    2.485221    2.518555    2.677441    2.678633    2.706724    2.707926
    2.790425    2.830463    3.019206    3.051671
at   0.08438   0.08438   0.08438    0.002833
   52 eigenvalues :
   -2.812788   -2.727809   -1.586103   -1.570080   -1.541873   -1.486794   -1.470961   -1.458366
    0.133821    0.156586    0.308875    0.309259    0.365445    0.376530    0.378195    0.380643
    0.381382    0.440371    0.455901    0.456864    1.118555    1.119837    1.144955    1.146202
    1.246849    1.286235    1.333697    1.347837    1.562919    1.565391    1.588628    1.590863
    1.714806    1.715193    1.744461    1.744999    1.878413    1.907594    2.119921    2.121276
    2.151191    2.152550    2.472637    2.505568    2.682799    2.684021    2.712825    2.714058
    2.787248    2.827433    3.037716    3.069781
at   0.08125   0.08125   0.08125    0.002833
   52 eigenvalues :
   -2.812857   -2.727882   -1.585926   -1.569929   -1.541726   -1.486593   -1.470784   -1.458228
    0.129645    0.152314    0.309960    0.310383    0.362594    0.377271    0.379084    0.381022
    0.381882    0.437361    0.455818    0.456740    1.128268    1.129495    1.154172    1.155362
    1.261920    1.301423    1.329448    1.343582    1.554863    1.557357    1.580578    1.582836
    1.714495    1.714905    1.744203    1.744765    1.883317    1.912772    2.102497    2.103842
    2.133961    2.135309    2.459504    2.492054    2.687484    2.688735    2.718260    2.719523
    2.784374    2.824683    3.057079    3.088710
at   0.07813   0.07813   0.07813    0.002833
   52 eigenvalues :
   -2.812925   -2.727954   -1.585753   -1.569781   -1.541580   -1.486397   -1.470611   -1.458092
    0.125593    0.148179    0.311014    0.311475    0.359824    0.377807    0.379571    0.381792
    0.382604    0.434454    0.455770    0.456649    1.137895    1.139065    1.163291    1.164421
    1.277094    1.316708    1.325372    1.339500    1.547315    1.549831    1.573040    1.575322
    1.714083    1.714524    1.743844    1.744438    1.888040    1.917782    2.085340    2.086669
    2.117005    2.118337    2.446034    2.478223    2.691512    2.692790    2.723029    2.724321
    2.781727    2.822136    3.077096    3.108268
at   0.07500   0.07500   0.07500    0.002833
   52 eigenvalues :
   -2.812991   -2.728025   -1.585584   -1.569634   -1.541435   -1.486204   -1.470439   -1.457956
    0.121646    0.144157    0.312038    0.312539    0.357132    0.378189    0.379779    0.382826
    0.383493    0.431634    0.455757    0.456591    1.147533    1.148643    1.172398    1.173467
    1.292483    1.321444    1.332203    1.335565    1.540255    1.542792    1.565998    1.568301
    1.713558    1.714037    1.743368    1.744003    1.893284    1.923308    2.069079    2.070386
    2.100950    2.102258    2.432969    2.464811    2.694960    2.696264    2.727203    2.728525
    2.779729    2.820240    3.098253    3.128923
at   0.07188   0.07188   0.07188    0.002833
   52 eigenvalues :
   -2.813056   -2.728094   -1.585420   -1.569491   -1.541294   -1.486018   -1.470271   -1.457822
    0.117835    0.140279    0.313023    0.313566    0.354541    0.378474    0.379891    0.383929
    0.384477    0.428921    0.455778    0.456565    1.156980    1.158027    1.181302    1.182307
    1.307929    1.317687    1.331803    1.347750    1.533741    1.536298    1.559511    1.561834
    1.712868    1.713393    1.742725    1.743410    1.897563    1.927904    2.052441    2.053720
    2.084537    2.085817    2.419059    2.450569    2.697858    2.699188    2.730803    2.732154
    2.777266    2.817836    3.119490    3.149661
at   0.06875   0.06875   0.06875    0.002833
   52 eigenvalues :
   -2.813120   -2.728162   -1.585260   -1.569350   -1.541155   -1.485838   -1.470107   -1.457690
    0.114139    0.136525    0.313974    0.314559    0.352040    0.378708    0.379980    0.385032
    0.385509    0.426299    0.455833    0.456573    1.166326    1.167306    1.190087    1.191024
    1.314079    1.323543    1.328190    1.363460    1.527766    1.530342    1.553573    1.555914
    1.711995    1.712575    1.741894    1.742640    1.901523    1.932199    2.036083    2.037329
    2.068418    2.069663    2.405105    2.436290    2.700279    2.701634    2.733901    2.735279
    2.774761    2.815371    3.141252    3.170904
at   0.06563   0.06563   0.06563    0.002833
   52 eigenvalues :
   -2.813183   -2.728228   -1.585107   -1.569213   -1.541019   -1.485664   -1.469947   -1.457560
    0.110588    0.132921    0.314881    0.315508    0.349646    0.378917    0.380071    0.386098
    0.386548    0.423788    0.455920    0.456611    1.175246    1.176159    1.198444    1.199314
    1.310642    1.324748    1.338985    1.378988    1.522395    1.524988    1.548246    1.550603
    1.710692    1.711333    1.740630    1.741445    1.904234    1.935282    2.019271    2.020476
    2.051871    2.053073    2.391262    2.422125    2.701317    2.702698    2.735610    2.737020
    2.770751    2.811404    3.163203    3.192306
at   0.06250   0.06250   0.06250    0.002833
   52 eigenvalues :
   -2.813243   -2.728292   -1.584958   -1.569079   -1.540886   -1.485496   -1.469791   -1.457431
    0.107162    0.129449    0.315748    0.316419    0.347347    0.379121    0.380173    0.387123
    0.387578    0.421374    0.456039    0.456680    1.184229    1.185071    1.206832    1.207632
    1.307354    1.321456    1.354781    1.394866    1.517629    1.520235    1.543534    1.545903
    1.709353    1.710069    1.739328    1.740225    1.907279    1.938695    2.003687    2.004842
    2.036555    2.037706    2.377671    2.408214    2.702896    2.704299    2.737795    2.739232
    2.768063    2.808727    3.185598    3.214143
at   0.05938   0.05938   0.05938    0.002833
   52 eigenvalues :
   -2.813301   -2.728354   -1.584816   -1.568949   -1.540757   -1.485335   -1.469641   -1.457306
    0.103889    0.126134    0.316568    0.317282    0.345159    0.379326    0.380291    0.388098
    0.388574    0.419074    0.456187    0.456779    1.192950    1.193719    1.214945    1.215672
    1.304237    1.318334    1.370597    1.410756    1.513534    1.516147    1.539496    1.541874
    1.707730    1.708532    1.737740    1.738733    1.909768    1.941567    1.988628    1.989723
    2.021773    2.022865    2.364482    2.394705    2.704136    2.705560    2.739603    2.741067
    2.765203    2.805864    3.208065    3.236026
at   0.05625   0.05625   0.05625    0.002833
   52 eigenvalues :
   -2.813357   -2.728413   -1.584679   -1.568824   -1.540632   -1.485182   -1.469495   -1.457182
    0.100750    0.122960    0.317346    0.318102    0.343068    0.379538    0.380426    0.389024
    0.389533    0.416875    0.456362    0.456904    1.201423    1.202117    1.222795    1.223449
    1.301270    1.315363    1.386512    1.426734    1.510122    1.512732    1.536140    1.538522
    1.705770    1.706670    1.735817    1.736919    1.911638    1.943834    1.974052    1.975074
    2.007485    2.008506    2.351725    2.381624    2.705089    2.706532    2.741086    2.742580
    2.762125    2.802772    3.230629    3.257971
at   0.05313   0.05313   0.05313    0.002833
   52 eigenvalues :
   -2.813411   -2.728470   -1.584550   -1.568704   -1.540511   -1.485035   -1.469356   -1.457063
    0.097770    0.119948    0.318074    0.318873    0.341091    0.379756    0.380576    0.389896
    0.390442    0.414793    0.456560    0.457053    1.209552    1.210172    1.230292    1.230874
    1.298473    1.312561    1.402401    1.442668    1.507457    1.510048    1.533521    1.535900
    1.703438    1.704451    1.733527    1.734754    1.912800    1.945388    1.960122    1.961048
    1.993838    1.994778    2.339594    2.369167    2.705787    2.707249    2.742273    2.743801
    2.758837    2.799455    3.253019    3.279704
at   0.05000   0.05000   0.05000    0.002833
   52 eigenvalues :
   -2.813462   -2.728525   -1.584426   -1.568588   -1.540394   -1.484897   -1.469223   -1.456947
    0.094933    0.117084    0.318758    0.319598    0.339215    0.379982    0.380741    0.390716
    0.391302    0.412816    0.456780    0.457224    1.217346    1.217891    1.237447    1.237957
    1.295826    1.309911    1.418335    1.458612    1.505576    1.508114    1.531653    1.534019
    1.700672    1.701811    1.730813    1.732180    1.913186    1.945630    1.947283    1.947671
    1.980801    1.981649    2.328115    2.357358    2.706272    2.707752    2.743201    2.744772
    2.755322    2.795893    3.275236    3.301217
at   0.04688   0.04688   0.04688    0.002833
   52 eigenvalues :
   -2.813511   -2.728577   -1.584310   -1.568478   -1.540283   -1.484766   -1.469096   -1.456835
    0.092261    0.114387    0.319392    0.320273    0.337454    0.380215    0.380918    0.391479
    0.392104    0.410959    0.457018    0.457415    1.224812    1.225284    1.244271    1.244712
    1.293351    1.307432    1.434254    1.474456    1.504596    1.507009    1.530619    1.532966
    1.698655    1.699935    1.728805    1.730327    1.912935    1.935361    1.936193    1.946492
    1.969804    1.970543    2.317469    2.346382    2.706613    2.708109    2.743933    2.745561
    2.752737    2.793233    3.297895    3.323131
at   0.04375   0.04375   0.04375    0.002833
   52 eigenvalues :
   -2.813557   -2.728626   -1.584200   -1.568374   -1.540176   -1.484643   -1.468976   -1.456727
    0.089739    0.111844    0.319981    0.320900    0.335798    0.380451    0.381106    0.392189
    0.392853    0.409211    0.457268    0.457619    1.231752    1.232154    1.250579    1.250953
    1.291025    1.305103    1.450050    1.489834    1.504738    1.506738    1.530372    1.532677
    1.694831    1.696265    1.725073    1.726766    1.911546    1.923541    1.924238    1.945507
    1.958270    1.958895    2.307638    2.336224    2.706743    2.708254    2.744317    2.746095
    2.748998    2.789307    3.319313    3.343745
at   0.04063   0.04063   0.04063    0.002833
   52 eigenvalues :
   -2.813601   -2.728672   -1.584098   -1.568275   -1.540076   -1.484528   -1.468863   -1.456625
    0.087386    0.109473    0.320521    0.321476    0.334258    0.380688    0.381299    0.392841
    0.393541    0.407585    0.457526    0.457833    1.238187    1.238522    1.256398    1.256711
    1.288867    1.302942    1.465646    1.501641    1.507000    1.509413    1.530970    1.533210
    1.690456    1.692057    1.720824    1.722703    1.909171    1.912588    1.913169    1.943563
    1.947610    1.948117    2.298767    2.327033    2.706756    2.708282    2.743643    2.745901
    2.746595    2.785231    3.339944    3.363522
at   0.03750   0.03750   0.03750    0.002833
   52 eigenvalues :
   -2.813641   -2.728715   -1.584002   -1.568183   -1.539981   -1.484421   -1.468758   -1.456528
    0.085190    0.107261    0.321016    0.322005    0.332827    0.380923    0.381497    0.393440
    0.394174    0.406073    0.457790    0.458056    1.244127    1.244401    1.261744    1.261999
    1.286862    1.300934    1.481047    1.505036    1.508569    1.522657    1.532503    1.534629
    1.685473    1.687253    1.716015    1.718094    1.902309    1.902762    1.906181    1.937616
    1.938017    1.940970    2.290839    2.318796    2.706676    2.708216    2.740178    2.745508
    2.746806    2.781026    3.359737    3.382408
at   0.03438   0.03438   0.03438    0.002833
   52 eigenvalues :
   -2.813679   -2.728756   -1.583915   -1.568097   -1.539893   -1.484323   -1.468660   -1.456437
    0.083168    0.105225    0.321462    0.322483    0.331515    0.381152    0.381696    0.393984
    0.394747    0.404686    0.458053    0.458280    1.249512    1.249730    1.266567    1.266771
    1.285023    1.299093    1.495943    1.507728    1.510956    1.533742    1.536006    1.539323
    1.679900    1.681867    1.710672    1.712963    1.893123    1.893445    1.901994    1.928714
    1.928973    1.937150    2.283917    2.311585    2.706527    2.708080    2.736075    2.745552
    2.746969    2.776774    3.378382    3.400110
at   0.03125   0.03125   0.03125    0.002833
   52 eigenvalues :
   -2.813714   -2.728793   -1.583834   -1.568018   -1.539811   -1.484233   -1.468570   -1.456352
    0.081308    0.103353    0.321864    0.322914    0.330315    0.381374    0.381892    0.394475
    0.395263    0.403416    0.458313    0.458503    1.254363    1.254532    1.270893    1.271052
    1.283339    1.297406    1.508778    1.511821    1.515157    1.537348    1.539276    1.553271
    1.673707    1.675867    1.704779    1.707294    1.884807    1.885002    1.897019    1.920647
    1.920781    1.932524    2.277945    2.305345    2.706326    2.707891    2.731888    2.745587
    2.747056    2.772516    3.395823    3.416583
at   0.02813   0.02813   0.02813    0.002833
   52 eigenvalues :
   -2.813746   -2.728826   -1.583761   -1.567946   -1.539736   -1.484151   -1.468489   -1.456274
    0.079624    0.101660    0.322220    0.323294    0.329238    0.381584    0.382083    0.394912
    0.395720    0.402275    0.458563    0.458719    1.258646    1.258774    1.274697    1.274818
    1.281820    1.295885    1.514359    1.517076    1.526365    1.541337    1.542923    1.567608
    1.666960    1.669315    1.698416    1.701164    1.877448    1.877522    1.891350    1.913490
    1.913535    1.927165    2.272922    2.300083    2.706092    2.707669    2.727769    2.745581
    2.747080    2.768350    3.411792    3.431588
at   0.02500   0.02500   0.02500    0.002833
   52 eigenvalues :
   -2.813774   -2.728857   -1.583696   -1.567881   -1.539669   -1.484078   -1.468415   -1.456202
    0.078108    0.100135    0.322531    0.323626    0.328281    0.381780    0.382264    0.395299
    0.396118    0.401257    0.458800    0.458927    1.262395    1.262489    1.278016    1.278106
    1.280456    1.294520    1.519267    1.521914    1.539051    1.546428    1.547361    1.581517
    1.659675    1.662220    1.691611    1.694601    1.870948    1.870995    1.885098    1.907130
    1.907245    1.921179    2.268757    2.295707    2.705839    2.707426    2.723783    2.745537
    2.747057    2.764326    3.426264    3.445118
at   0.02188   0.02188   0.02188    0.002833
   52 eigenvalues :
   -2.813800   -2.728884   -1.583638   -1.567823   -1.539608   -1.484014   -1.468350   -1.456139
    0.076771    0.098791    0.322795    0.323904    0.327454    0.381958    0.382433    0.395634
    0.396454    0.400374    0.459020    0.459120    1.265603    1.265669    1.279257    1.280847
    1.280911    1.293319    1.524764    1.527282    1.548330    1.551772    1.555502    1.594659
    1.651992    1.654705    1.684507    1.687748    1.865310    1.865461    1.878496    1.901652
    1.901863    1.914797    2.265397    2.292166    2.705581    2.707176    2.720038    2.745464
    2.747001    2.760552    3.439053    3.457021
at   0.01875   0.01875   0.01875    0.002833
   52 eigenvalues :
   -2.813822   -2.728907   -1.583588   -1.567772   -1.539556   -1.483958   -1.468293   -1.456083
    0.075605    0.097620    0.323013    0.324126    0.326760    0.382117    0.382587    0.395920
    0.396725    0.399627    0.459218    0.459297    1.268312    1.268357    1.278214    1.283232
    1.283277    1.292275    1.530882    1.533229    1.554673    1.557023    1.566748    1.606838
    1.644021    1.646838    1.677198    1.680700    1.860534    1.860778    1.871745    1.897006
    1.897303    1.908222    2.262732    2.289349    2.705326    2.706928    2.716597    2.745372
    2.746920    2.757084    3.434740    3.467341
at   0.01563   0.01563   0.01563    0.002833
   52 eigenvalues :
   -2.813841   -2.728927   -1.583546   -1.567730   -1.539511   -1.483910   -1.468245   -1.456035
    0.074620    0.096630    0.323180    0.324284    0.326217    0.382254    0.382723    0.396155
    0.396919    0.399033    0.459391    0.459452    1.270533    1.270562    1.277335    1.285183
    1.285212    1.291394    1.537482    1.539609    1.560633    1.562470    1.577493    1.617421
    1.636225    1.638848    1.669920    1.673690    1.856611    1.856934    1.865175    1.893185
    1.893556    1.901786    2.260685    2.287178    2.705084    2.706687    2.713564    2.745267
    2.746824    2.754029    3.430000    3.470534
at   0.01250   0.01250   0.01250    0.002833
   52 eigenvalues :
   -2.813856   -2.728944   -1.583511   -1.567694   -1.539473   -1.483871   -1.468205   -1.455995
    0.073810    0.095816    0.323295    0.324370    0.325834    0.382369    0.382838    0.396338
    0.397024    0.398607    0.459537    0.459586    1.272310    1.272328    1.276613    1.286741
    1.286760    1.290671    1.544624    1.546468    1.566726    1.568143    1.586968    1.622986
    1.630414    1.632591    1.662943    1.666977    1.854677    1.855065    1.862256    1.891309
    1.891742    1.898918    2.259151    2.285547    2.705188    2.706780    2.711063    2.745477
    2.747037    2.751505    3.426197    3.466724
at   0.00938   0.00938   0.00938    0.002833
   52 eigenvalues :
   -2.813868   -2.728956   -1.583484   -1.567667   -1.539444   -1.483841   -1.468174   -1.455964
    0.073181    0.095184    0.323355    0.324389    0.325611    0.382459    0.382929    0.396463
    0.397037    0.398359    0.459651    0.459693    1.273649    1.273659    1.276053    1.287915
    1.287926    1.290110    1.551664    1.553117    1.572310    1.573290    1.594544    1.617590
    1.623085    1.637462    1.656607    1.660881    1.852235    1.852674    1.857027    1.888924
    1.889404    1.893753    2.258056    2.284380    2.704968    2.706521    2.709103    2.745346
    2.746890    2.749510    3.423183    3.463708
at   0.00625   0.00625   0.00625    0.002833
   52 eigenvalues :
   -2.813877   -2.728966   -1.583464   -1.567647   -1.539423   -1.483819   -1.468152   -1.455941
    0.072730    0.094731    0.323370    0.324372    0.325510    0.382523    0.382996    0.396527
    0.397003    0.398250    0.459733    0.459772    1.274590    1.274596    1.275652    1.288739
    1.288745    1.289709    1.558333    1.559262    1.577150    1.577683    1.599677    1.610794
    1.616512    1.642498    1.651610    1.655977    1.850502    1.850974    1.852976    1.887229
    1.887741    1.889741    2.257327    2.283600    2.704728    2.706188    2.707882    2.745169
    2.746653    2.748248    3.421026    3.461549
at   0.00313   0.00313   0.00313    0.002833
   52 eigenvalues :
   -2.813882   -2.728971   -1.583453   -1.567635   -1.539411   -1.483806   -1.468139   -1.455928
    0.072460    0.094460    0.323363    0.324353    0.325474    0.382563    0.383037    0.396539
    0.396977    0.398215    0.459782    0.459820    1.275146    1.275149    1.275412    1.289225
    1.289229    1.289469    1.563608    1.563933    1.580563    1.580719    1.601114    1.606210
    1.612314    1.644338    1.649158    1.653144    1.849433    1.849900    1.850519    1.886175
    1.886682    1.887315    2.256913    2.283157    2.704485    2.705866    2.707354    2.744959
    2.746377    2.747712    3.419737    3.460259
at   0.00000   0.00000   0.00000    0.002833
   52 eigenvalues :
   -2.813884   -2.728973   -1.583449   -1.567631   -1.539407   -1.483802   -1.468134   -1.455923
    0.072369    0.094369    0.323356    0.324346    0.325466    0.382576    0.383050    0.396536
    0.396971    0.398208    0.459799    0.459837    1.275330    1.275332    1.275334    1.289386
    1.289388    1.289390    1.565772    1.565772    1.581830    1.581831    1.600263    1.604977
    1.611225    1.644101    1.648705    1.652548    1.848995    1.849426    1.849869    1.885739
    1.886214    1.886677    2.256778    2.283012    2.704371    2.705743    2.707222    2.744854
    2.746263    2.747586    3.419306    3.459827
at   0.00000   0.00000   0.00758    0.002833
   52 eigenvalues :
   -2.813882   -2.728971   -1.583453   -1.567634   -1.539411   -1.483807   -1.468138   -1.455928
    0.072458    0.094458    0.323367    0.324344    0.325478    0.382548    0.383052    0.396545
    0.396965    0.398220    0.459764    0.459839    1.275038    1.275297    1.275379    1.289123
    1.289359    1.289446    1.562623    1.565053    1.579834    1.581523    1.602125    1.604381
    1.613015    1.644966    1.647992    1.653631    1.849285    1.850215    1.850316    1.886029
    1.886995    1.887115    2.256910    2.283153    2.704354    2.706129    2.707214    2.744822
    2.746654    2.747565    3.419727    3.460248
at   0.00000   0.00000   0.01515    0.002833
   52 eigenvalues :
   -2.813877   -2.728966   -1.583466   -1.567643   -1.539425   -1.483820   -1.468147   -1.455943
    0.072722    0.094723    0.323391    0.324337    0.325522    0.382466    0.383058    0.396559
    0.396950    0.398267    0.459662    0.459845    1.274158    1.275189    1.275520    1.288328
    1.289269    1.289620    1.555295    1.562934    1.574577    1.580580    1.602504    1.604866
    1.619078    1.645875    1.645916    1.658021    1.849724    1.852062    1.852539    1.886463
    1.888834    1.889290    2.257310    2.283583    2.704214    2.707276    2.707283    2.744626
    2.747600    2.747823    3.420979    3.461494
at   0.00000   0.00000   0.02273    0.002833
   52 eigenvalues :
   -2.813869   -2.728957   -1.583487   -1.567658   -1.539448   -1.483843   -1.468163   -1.455968
    0.073164    0.095167    0.323406    0.324325    0.325622    0.382329    0.383069    0.396546
    0.396923    0.398382    0.459492    0.459856    1.272685    1.275002    1.275754    1.286998
    1.289111    1.289910    1.546354    1.559514    1.567365    1.578933    1.599272    1.606813
    1.628301    1.642775    1.645646    1.665909    1.850239    1.855112    1.856288    1.886953
    1.891857    1.892987    2.258002    2.284324    2.703750    2.707602    2.709201    2.744050
    2.747901    2.749767    3.423042    3.463511
at   0.00000   0.00000   0.03030    0.002833
   52 eigenvalues :
   -2.813857   -2.728944   -1.583516   -1.567679   -1.539481   -1.483876   -1.468186   -1.456003
    0.073780    0.095786    0.323378    0.324307    0.325809    0.382139    0.383083    0.396469
    0.396884    0.398602    0.459257    0.459872    1.270617    1.274723    1.276080    1.285131
    1.288875    1.290314    1.536971    1.554958    1.559209    1.576504    1.594772    1.608576
    1.634954    1.642637    1.644931    1.675915    1.850912    1.859267    1.861282    1.887585
    1.895978    1.897896    2.259019    2.285412    2.702848    2.708293    2.711868    2.742991
    2.748561    2.752473    3.425849    3.466122
at   0.00000   0.00000   0.03788    0.002833
   52 eigenvalues :
   -2.813842   -2.728928   -1.583554   -1.567706   -1.539522   -1.483917   -1.468215   -1.456048
    0.074573    0.096582    0.323282    0.324282    0.326111    0.381898    0.383102    0.396305
    0.396831    0.398953    0.458960    0.459892    1.267933    1.274334    1.276499    1.282711
    1.288544    1.290832    1.527552    1.549389    1.550636    1.573158    1.589138    1.610472
    1.630659    1.644268    1.653233    1.687176    1.851765    1.864388    1.865921    1.888384
    1.901055    1.902431    2.260409    2.286895    2.701380    2.709305    2.715275    2.741338
    2.749525    2.755933    3.429220    3.468464
at   0.00000   0.00000   0.04545    0.002833
   52 eigenvalues :
   -2.813823   -2.728909   -1.583601   -1.567738   -1.539572   -1.483968   -1.468250   -1.456102
    0.075539    0.097553    0.323106    0.324249    0.326539    0.381607    0.383126    0.396053
    0.396763    0.399435    0.458604    0.459917    1.264638    1.273816    1.277007    1.279742
    1.288100    1.291461    1.518413    1.542081    1.543132    1.568979    1.582552    1.612477
    1.624215    1.643979    1.665748    1.699265    1.852802    1.870319    1.872706    1.889355
    1.906932    1.909045    2.262227    2.288832    2.699673    2.710604    2.719389    2.739417
    2.750757    2.760123    3.432757    3.467597
at   0.00000   0.00000   0.05303    0.002833
   52 eigenvalues :
   -2.813802   -2.728885   -1.583655   -1.567776   -1.539631   -1.484028   -1.468291   -1.456165
    0.076679    0.098699    0.322850    0.324207    0.327092    0.381269    0.383153    0.395720
    0.396678    0.400042    0.458194    0.459947    1.260678    1.273137    1.276175    1.277603
    1.287511    1.292200    1.509467    1.533514    1.536240    1.563829    1.575131    1.613051
    1.618407    1.644195    1.678578    1.711735    1.853161    1.876002    1.879101    1.889650
    1.912559    1.915238    2.264536    2.291287    2.697448    2.711835    2.724003    2.736979
    2.751903    2.764866    3.434495    3.454524
at   0.00000   0.00000   0.06061    0.002833
   52 eigenvalues :
   -2.813777   -2.728859   -1.583718   -1.567821   -1.539699   -1.484097   -1.468338   -1.456237
    0.077992    0.100019    0.322523    0.324153    0.327763    0.380888    0.383185    0.395315
    0.396573    0.400768    0.457734    0.459982    1.256103    1.272056    1.272275    1.278286
    1.286758    1.293046    1.501139    1.525446    1.529089    1.557972    1.567146    1.606677
    1.619200    1.645091    1.692027    1.724868    1.854533    1.883156    1.886832    1.890947
    1.919636    1.922702    2.267419    2.294345    2.695045    2.713550    2.729277    2.734533
    2.753525    2.770486    3.423130    3.442566
at   0.00000   0.00000   0.06818    0.002833
   52 eigenvalues :
   -2.813748   -2.728829   -1.583788   -1.567870   -1.539774   -1.484175   -1.468392   -1.456318
    0.079474    0.101509    0.322133    0.324087    0.328544    0.380469    0.383221    0.394846
    0.396445    0.401604    0.457232    0.460023    1.250888    1.267361    1.271195    1.279052
    1.285809    1.293996    1.493340    1.517800    1.521761    1.551303    1.558853    1.597847
    1.622148    1.646628    1.705760    1.738358    1.856092    1.890746    1.892334    1.894799
    1.927138    1.930260    2.270944    2.298076    2.692281    2.715441    2.730576    2.736297
    2.755315    2.776754    3.408923    3.429373
at   0.00000   0.00000   0.07576    0.002833
   52 eigenvalues :
   -2.813717   -2.728796   -1.583867   -1.567925   -1.539858   -1.484262   -1.468451   -1.456407
    0.081127    0.103171    0.321684    0.324006    0.329429    0.380015    0.383261    0.394316
    0.396291    0.402549    0.456691    0.460070    1.245014    1.262074    1.269861    1.279901
    1.284628    1.295049    1.486111    1.510635    1.514386    1.543692    1.550622    1.588300
    1.625593    1.648769    1.719768    1.752184    1.857843    1.894002    1.898696    1.902656
    1.934990    1.937748    2.275199    2.302568    2.689142    2.717490    2.727301    2.742834
    2.757260    2.783654    3.393585    3.415072
at   0.00000   0.00000   0.08333    0.002833
   52 eigenvalues :
   -2.813683   -2.728760   -1.583954   -1.567986   -1.539949   -1.484358   -1.468516   -1.456505
    0.082945    0.105001    0.321183    0.323907    0.330414    0.379533    0.383305    0.393731
    0.396108    0.403596    0.456122    0.460122    1.238497    1.256204    1.268240    1.280827
    1.283183    1.296199    1.479522    1.504035    1.507111    1.535045    1.542848    1.578298
    1.629359    1.651449    1.733984    1.766265    1.859782    1.895821    1.906901    1.910352
    1.943090    1.944992    2.280243    2.307880    2.685628    2.719673    2.723409    2.750115
    2.759353    2.791129    3.377353    3.399875
at   0.00000   0.00000   0.09091    0.002833
   52 eigenvalues :
   -2.813646   -2.728720   -1.584049   -1.568052   -1.540048   -1.484463   -1.468586   -1.456610
    0.084931    0.107000    0.320631    0.323788    0.331495    0.379027    0.383354    0.393093
    0.395891    0.404746    0.455529    0.460180    1.231323    1.249736    1.266295    1.281434
    1.281835    1.297446    1.473603    1.498031    1.500021    1.525512    1.535571    1.567928
    1.633399    1.654608    1.748423    1.780607    1.861916    1.897821    1.915316    1.917752
    1.951392    1.951883    2.286157    2.314090    2.681721    2.719050    2.721978    2.757825
    2.761707    2.799158    3.360380    3.383928
at   0.00000   0.00000   0.09848    0.002833
   52 eigenvalues :
   -2.813606   -2.728677   -1.584152   -1.568124   -1.540155   -1.484577   -1.468664   -1.456722
    0.087077    0.109161    0.320033    0.323648    0.332669    0.378504    0.383406    0.392407
    0.395639    0.405994    0.454921    0.460244    1.223504    1.242675    1.263947    1.279314
    1.282871    1.298750    1.468331    1.492583    1.493151    1.515243    1.528629    1.557091
    1.636790    1.657338    1.762186    1.794342    1.862149    1.897935    1.921341    1.924303
    1.957349    1.957869    2.292939    2.321192    2.677201    2.714036    2.724090    2.762849
    2.765689    2.806318    3.341984    3.366536
at   0.00000   0.00000   0.10606    0.002833
   52 eigenvalues :
   -2.813563   -2.728632   -1.584262   -1.568200   -1.540268   -1.484700   -1.468745   -1.456841
    0.089387    0.111489    0.319391    0.323483    0.333934    0.377971    0.383462    0.391675
    0.395346    0.407341    0.454306    0.460316    1.215072    1.235046    1.261267    1.276879
    1.284008    1.300167    1.463897    1.486671    1.487876    1.504843    1.522092    1.546228
    1.641209    1.661206    1.776953    1.809067    1.864625    1.900255    1.930122    1.930838
    1.963801    1.966008    2.300698    2.329293    2.672444    2.708737    2.726611    2.765547
    2.774096    2.815194    3.324332    3.349863
at   0.00000   0.00000   0.11364    0.002833
   52 eigenvalues :
   -2.813517   -2.728583   -1.584379   -1.568281   -1.540387   -1.484831   -1.468832   -1.456966
    0.091854    0.113977    0.318708    0.323292    0.335288    0.377434    0.383522    0.390901
    0.395009    0.408782    0.453693    0.460395    1.206044    1.226857    1.258195    1.274067
    1.285211    1.301666    1.460228    1.480579    1.483674    1.494435    1.515896    1.535206
    1.645788    1.665361    1.791874    1.823968    1.867299    1.902762    1.936850    1.938960
    1.969178    1.974720    2.309416    2.338369    2.667258    2.702967    2.729209    2.768024
    2.783194    2.824476    3.306481    3.332962
at   0.00000   0.00000   0.12121    0.002833
   52 eigenvalues :
   -2.813469   -2.728532   -1.584504   -1.568366   -1.540513   -1.484971   -1.468923   -1.457097
    0.094471    0.116619    0.317987    0.323073    0.336725    0.376900    0.383583    0.390091
    0.394625    0.410314    0.453092    0.460482    1.196463    1.218142    1.254727    1.270873
    1.286474    1.303241    1.457333    1.474918    1.478941    1.485170    1.510069    1.524087
    1.650480    1.669740    1.806914    1.839009    1.870167    1.905454    1.942323    1.947810
    1.973989    1.983447    2.319073    2.348391    2.661635    2.696727    2.731877    2.770523
    2.792664    2.834099    3.288610    3.316010
at   0.00000   0.00000   0.12879    0.002833
   52 eigenvalues :
   -2.813418   -2.728478   -1.584636   -1.568456   -1.540644   -1.485120   -1.469019   -1.457234
    0.097244    0.119419    0.317228    0.322825    0.338247    0.376374    0.383645    0.389246
    0.394191    0.411937    0.452508    0.460576    1.186339    1.208904    1.250857    1.267284
    1.287796    1.304890    1.455190    1.469702    1.470380    1.480373    1.504621    1.512879
    1.655257    1.674296    1.822096    1.854210    1.873240    1.908339    1.947290    1.956673
    1.978274    1.992187    2.329666    2.359354    2.655548    2.689986    2.734622    2.773076
    2.802450    2.844031    3.270812    3.299103
at   0.00000   0.00000   0.13636    0.002833
   52 eigenvalues :
   -2.813364   -2.728421   -1.584775   -1.568551   -1.540780   -1.485276   -1.469120   -1.457375
    0.100159    0.122368    0.316436    0.322546    0.339847    0.375865    0.383704    0.388376
    0.393704    0.413647    0.451951    0.460678    1.175879    1.199328    1.246609    1.263318
    1.289169    1.306604    1.453759    1.459789    1.465011    1.478321    1.499616    1.501653
    1.660092    1.678990    1.837367    1.869514    1.876510    1.911413    1.952462    1.965506
    1.982742    2.000900    2.341119    2.371174    2.648997    2.682752    2.737772    2.776007
    2.812461    2.854188    3.253259    3.282411
at   0.00000   0.00000   0.14394    0.002833
   52 eigenvalues :
   -2.813309   -2.728362   -1.584921   -1.568649   -1.540921   -1.485441   -1.469225   -1.457520
    0.103221    0.125468    0.315612    0.322236    0.341528    0.375376    0.383751    0.387490
    0.393163    0.415443    0.451427    0.460788    1.164817    1.189163    1.241992    1.258979
    1.290594    1.308384    1.448806    1.452899    1.460867    1.477359    1.490418    1.494979
    1.664893    1.683721    1.852751    1.879973    1.884960    1.914684    1.956513    1.974316
    1.986097    2.009596    2.353399    2.383816    2.641953    2.674996    2.740698    2.778710
    2.822661    2.864536    3.236018    3.266005
at   0.00000   0.00000   0.15152    0.002833
   52 eigenvalues :
   -2.813251   -2.728301   -1.585073   -1.568752   -1.541067   -1.485614   -1.469334   -1.457670
    0.106421    0.128712    0.314758    0.321896    0.343283    0.374914    0.383767    0.386612
    0.392567    0.417322    0.450944    0.460907    1.153349    1.178586    1.237043    1.254297
    1.292063    1.310222    1.437724    1.452152    1.457705    1.477208    1.479249    1.490775
    1.669632    1.688453    1.868210    1.883654    1.900480    1.918150    1.960240    1.983074
    1.989133    2.018252    2.366411    2.397180    2.634410    2.666719    2.743725    2.781499
    2.832972    2.874997    3.219215    3.250006
at   0.00000   0.00000   0.15909    0.002833
   52 eigenvalues :
   -2.813191   -2.728237   -1.585232   -1.568858   -1.541216   -1.485794   -1.469447   -1.457822
    0.109750    0.132092    0.313878    0.321527    0.345109    0.374483    0.383702    0.385800
    0.391916    0.419278    0.450508    0.461035    1.141646    1.167753    1.231873    1.249376
    1.293583    1.312119    1.426719    1.450402    1.456518    1.468382    1.477768    1.487062
    1.674289    1.693155    1.883958    1.887575    1.916295    1.921854    1.964337    1.991800
    1.992695    2.027038    2.380070    2.411181    2.628499    2.659987    2.746974    2.784489
    2.843432    2.885605    3.203166    3.234762
at   0.00000   0.00000   0.16667    0.002833
   52 eigenvalues :
   -2.813129   -2.728171   -1.585396   -1.568968   -1.541370   -1.485982   -1.469564   -1.457977
    0.113210    0.135612    0.312972    0.321131    0.347006    0.374086    0.383422    0.385185
    0.391211    0.421313    0.450123    0.461171    1.129499    1.156469    1.226362    1.244100
    1.295130    1.314056    1.415636    1.447327    1.455897    1.459217    1.478716    1.483991
    1.678753    1.697716    1.891656    1.899508    1.925709    1.931941    1.967684    1.995124
    2.000660    2.035573    2.394274    2.425714    2.619910    2.650625    2.750293    2.787538
    2.853762    2.896086    3.187569    3.219913
at   0.00000   0.00000   0.17424    0.002833
   52 eigenvalues :
   -2.813066   -2.728104   -1.585566   -1.569081   -1.541526   -1.486176   -1.469683   -1.458135
    0.116786    0.139258    0.312045    0.320712    0.348966    0.373726    0.382803    0.384901
    0.390456    0.423419    0.449795    0.461317    1.117091    1.144903    1.220637    1.238588
    1.296707    1.316032    1.404618    1.442107    1.448735    1.459818    1.478741    1.482881
    1.682989    1.702093    1.895935    1.915057    1.929760    1.947599    1.971004    1.997772
    2.009215    2.044044    2.408888    2.440646    2.610803    2.640738    2.753788    2.790745
    2.864000    2.906471    3.172680    3.205736
at   0.00000   0.00000   0.18182    0.002833
   52 eigenvalues :
   -2.813000   -2.728034   -1.585742   -1.569197   -1.541685   -1.486378   -1.469807   -1.458294
    0.120481    0.143033    0.311096    0.320275    0.350991    0.373402    0.381947    0.384849
    0.389653    0.425597    0.449525    0.461471    1.104429    1.133062    1.214721    1.232863
    1.298314    1.318047    1.393658    1.432813    1.444660    1.462413    1.476794    1.484724
    1.686953    1.706236    1.900426    1.930616    1.934021    1.963287    1.974416    2.000511
    2.017731    2.052474    2.423834    2.455901    2.601157    2.630307    2.757506    2.794154
    2.874108    2.916722    3.158519    3.192251
at   0.00000   0.00000   0.18939    0.002833
   52 eigenvalues :
   -2.812934   -2.727963   -1.585922   -1.569316   -1.541846   -1.486586   -1.469932   -1.458454
    0.124278    0.146923    0.310132    0.319827    0.353073    0.373114    0.380994    0.384897
    0.388808    0.427839    0.449317    0.461634    1.091586    1.121015    1.208667    1.226978
    1.299942    1.320090    1.382801    1.422262    1.442141    1.465698    1.474593    1.487746
    1.690582    1.710075    1.905117    1.938460    1.946146    1.978017    1.978940    2.003451
    2.026178    2.060840    2.438954    2.471322    2.591000    2.619369    2.761481    2.797799
    2.883999    2.926746    3.145180    3.179545
at   0.00000   0.00000   0.19697    0.002833
   52 eigenvalues :
   -2.812865   -2.727891   -1.586108   -1.569437   -1.542009   -1.486801   -1.470060   -1.458616
    0.128177    0.150931    0.309151    0.319374    0.355213    0.372856    0.380006    0.384992
    0.387928    0.430148    0.449170    0.461807    1.078561    1.108764    1.202496    1.220951
    1.301591    1.322161    1.372033    1.411526    1.440152    1.469565    1.472589    1.491445
    1.693835    1.713565    1.910020    1.943120    1.961628    1.981916    1.994570    2.006703
    2.034580    2.069163    2.454159    2.486823    2.580316    2.607913    2.765774    2.801738
    2.893639    2.936505    3.132670    3.167625
at   0.00000   0.00000   0.20455    0.002833
   52 eigenvalues :
   -2.812796   -2.727817   -1.586298   -1.569561   -1.542174   -1.487021   -1.470191   -1.458778
    0.132165    0.155044    0.308157    0.318926    0.357403    0.372619    0.379017    0.385111
    0.387020    0.432515    0.449085    0.461989    1.065311    1.096269    1.196247    1.214825
    1.303254    1.324252    1.361377    1.400808    1.438479    1.470816    1.473952    1.495703
    1.696596    1.716592    1.915130    1.947981    1.977026    1.985631    2.009713    2.010215
    2.042892    2.077401    2.468210    2.501173    2.569137    2.595975    2.770363    2.805940
    2.902955    2.945918    3.121046    3.156541
at   0.00000   0.00000   0.21212    0.002833
   52 eigenvalues :
   -2.812726   -2.727743   -1.586492   -1.569686   -1.542340   -1.487247   -1.470323   -1.458939
    0.136226    0.159251    0.307155    0.318495    0.359637    0.372388    0.378056    0.385248
    0.386096    0.434935    0.449061    0.462180    1.052073    1.083758    1.189960    1.208638
    1.304926    1.326355    1.350870    1.390197    1.437130    1.469337    1.478814    1.500460
    1.698946    1.719209    1.920437    1.953038    1.990381    1.992338    2.013980    2.025566
    2.051176    2.085608    2.483046    2.516300    2.557502    2.583602    2.775464    2.810630
    2.911878    2.954908    3.110352    3.146333
at   0.00000   0.00000   0.21970    0.002833
   52 eigenvalues :
   -2.812654   -2.727667   -1.586689   -1.569813   -1.542506   -1.487477   -1.470458   -1.459099
    0.140359    0.163554    0.306143    0.318090    0.361915    0.372133    0.377155    0.385165
    0.385397    0.437409    0.449096    0.462380    1.038744    1.071136    1.183645    1.202404
    1.306606    1.328469    1.340489    1.379688    1.436042    1.468113    1.484132    1.505693
    1.700806    1.721343    1.925957    1.958304    1.995746    2.007444    2.018738    2.040859
    2.059434    2.093777    2.497571    2.531116    2.545414    2.570800    2.781055    2.815775
    2.920374    2.963432    3.100583    3.136994
at   0.00000   0.00000   0.22727    0.002833
   52 eigenvalues :
   -2.812582   -2.727590   -1.586890   -1.569942   -1.542671   -1.487712   -1.470593   -1.459259
    0.144541    0.167932    0.305127    0.317728    0.364224    0.371814    0.376360    0.384242
    0.385557    0.439926    0.449187    0.462589    1.025385    1.058464    1.177343    1.196164
    1.308285    1.330273    1.330585    1.369327    1.435195    1.467135    1.489866    1.511360
    1.702155    1.722963    1.931673    1.963766    2.001665    2.022365    2.024109    2.055900
    2.067684    2.101890    2.511608    2.532956    2.545420    2.557677    2.787174    2.821414
    2.928365    2.971399    3.091782    3.128563
at   0.00000   0.00000   0.23485    0.002833
   52 eigenvalues :
   -2.812509   -2.727513   -1.587093   -1.570071   -1.542837   -1.487950   -1.470729   -1.459416
    0.148769    0.172388    0.304106    0.317423    0.366564    0.371377    0.375725    0.383340
    0.385726    0.442489    0.449332    0.462807    1.011983    1.045733    1.171061    1.189926
    1.309964    1.320204    1.332702    1.359099    1.434570    1.466388    1.496008    1.517450
    1.702987    1.724056    1.937600    1.969436    2.008220    2.030154    2.037070    2.070477
    2.076153    2.109969    2.519945    2.525262    2.544060    2.559312    2.793879    2.827601
    2.935817    2.978757    3.083937    3.119042
at   0.00000   0.00000   0.24242    0.002833
   52 eigenvalues :
   -2.812436   -2.727435   -1.587298   -1.570201   -1.543001   -1.488192   -1.470866   -1.459572
    0.153017    0.176898    0.303087    0.317190    0.368916    0.370784    0.375292    0.382480
    0.385903    0.445086    0.449527    0.463032    0.998596    1.032999    1.164833    1.183727
    1.310291    1.311660    1.334809    1.349045    1.434153    1.465859    1.502522    1.523927
    1.703303    1.724618    1.943718    1.975299    2.015421    2.036885    2.051463    2.082523
    2.086795    2.117996    2.506933    2.530343    2.537924    2.572339    2.801176    2.834340
    2.942647    2.985407    3.071547    3.095582
at   0.00000   0.00000   0.25000    0.002833
   52 eigenvalues :
   -2.812363   -2.727357   -1.587506   -1.570334   -1.543166   -1.488438   -1.471006   -1.459727
    0.157279    0.181464    0.302067    0.317049    0.370034    0.371268    0.375058    0.381690
    0.386087    0.447718    0.449768    0.463265    0.985203    1.020247    1.158657    1.177565
    1.300511    1.313157    1.336763    1.339083    1.433917    1.465523    1.509402    1.530784
    1.702940    1.724490    1.949184    1.980512    2.023290    2.044331    2.065281    2.090072
    2.100213    2.124891    2.493212    2.516049    2.549587    2.584286    2.808645    2.841181
    2.947757    2.990236    3.048348    3.072349
at   0.00000   0.00000   0.25758    0.002833
   52 eigenvalues :
   -2.812289   -2.727279   -1.587715   -1.570465   -1.543327   -1.488685   -1.471143   -1.459877
    0.161532    0.186067    0.301051    0.317019    0.369163    0.373574    0.374992    0.381021
    0.386279    0.450051    0.450379    0.463508    0.971852    1.007527    1.152634    1.171540
    1.291237    1.315338    1.329613    1.339356    1.433891    1.465407    1.516636    1.538006
    1.702296    1.724049    1.957210    1.988290    2.031987    2.052643    2.078962    2.098396
    2.114056    2.133090    2.481541    2.503750    2.560798    2.595755    2.817694    2.849565
    2.953685    2.995675    3.026229    3.050183
at   0.00000   0.00000   0.26515    0.002833
   52 eigenvalues :
   -2.812216   -2.727201   -1.587924   -1.570597   -1.543487   -1.488933   -1.471281   -1.460025
    0.165750    0.190687    0.300043    0.317121    0.368213    0.375049    0.375704    0.380613
    0.386476    0.450372    0.453058    0.463755    0.958565    0.994860    1.146642    1.165537
    1.281893    1.316968    1.320082    1.341415    1.434014    1.465450    1.524193    1.545561
    1.701174    1.723106    1.963813    1.994641    2.041191    2.061511    2.092069    2.106346
    2.127403    2.141005    2.467953    2.489651    2.570912    2.606112    2.826574    2.857757
    2.958278    2.999656    3.003746    3.027658
at   0.00000   0.00000   0.27273    0.002833
   52 eigenvalues :
   -2.812142   -2.727123   -1.588135   -1.570728   -1.543645   -1.489183   -1.471418   -1.460171
    0.169924    0.195321    0.299042    0.317375    0.367215    0.375196    0.377237    0.380900
    0.386678    0.450726    0.455756    0.464010    0.945327    0.982237    1.140748    1.159621
    1.272738    1.310733    1.318578    1.343452    1.434296    1.465661    1.532083    1.553460
    1.699627    1.721712    1.970616    2.001195    2.051050    2.071079    2.104586    2.114231
    2.140189    2.148891    2.454391    2.475625    2.580088    2.615506    2.835765    2.866211
    2.961963    2.981546    3.002513    3.005416
at   0.00000   0.00000   0.28030    0.002833
   52 eigenvalues :
   -2.812069   -2.727045   -1.588344   -1.570858   -1.543801   -1.489433   -1.471554   -1.460312
    0.174019    0.199941    0.298053    0.317805    0.366193    0.375411    0.377687    0.382375
    0.386885    0.451109    0.458461    0.464269    0.932189    0.969707    1.134980    1.153822
    1.263803    1.301598    1.320160    1.345455    1.434724    1.466029    1.540273    1.561668
    1.697695    1.719907    1.977598    2.007931    2.061518    2.081300    2.116360    2.122041
    2.152236    2.156726    2.441018    2.461845    2.588303    2.623908    2.845029    2.874694
    2.959692    2.964622    2.983519    3.004093
at   0.00000   0.00000   0.28788    0.002833
   52 eigenvalues :
   -2.811997   -2.726968   -1.588554   -1.570987   -1.543953   -1.489683   -1.471689   -1.460451
    0.178024    0.204542    0.297075    0.318433    0.365160    0.375679    0.377597    0.384511
    0.387096    0.451517    0.461175    0.464534    0.919129    0.957254    1.129331    1.148134
    1.255072    1.292663    1.321715    1.347426    1.435292    1.466545    1.548777    1.570198
    1.695412    1.717726    1.984773    2.014863    2.072595    2.092173    2.127279    2.129802
    2.163410    2.164526    2.427950    2.448441    2.595606    2.631365    2.854114    2.882955
    2.938132    2.961917    2.966140    3.004256
at   0.00000   0.00000   0.29545    0.002833
   52 eigenvalues :
   -2.811925   -2.726892   -1.588762   -1.571115   -1.544103   -1.489932   -1.471822   -1.460585
    0.181904    0.209093    0.296113    0.319281    0.364129    0.375986    0.377441    0.386841
    0.387310    0.451945    0.463883    0.464803    0.906197    0.944928    1.123828    1.142583
    1.246575    1.283957    1.323237    1.349357    1.435987    1.467197    1.557563    1.579017
    1.692822    1.715214    1.992114    2.021967    2.084222    2.103636    2.137141    2.137491
    2.172268    2.173482    2.415402    2.435648    2.602023    2.637902    2.862669    2.890662
    2.916931    2.940672    2.966385    3.002878
at   0.00000   0.00000   0.30303    0.002833
   52 eigenvalues :
   -2.811855   -2.726817   -1.588968   -1.571241   -1.544249   -1.490180   -1.471954   -1.460715
    0.185645    0.213588    0.295167    0.320373    0.363103    0.376326    0.377366    0.387527
    0.389235    0.452389    0.465076    0.466587    0.893371    0.932710    1.118462    1.137164
    1.238296    1.275466    1.324726    1.351247    1.436804    1.467978    1.566646    1.588140
    1.689958    1.712406    1.999635    2.029255    2.096399    2.115685    2.145126    2.145767
    2.179965    2.182235    2.403552    2.423676    2.607631    2.643594    2.870365    2.896037
    2.897511    2.919737    2.965242    2.999887
at   0.00000   0.00000   0.31061    0.002833
   52 eigenvalues :
   -2.811785   -2.726743   -1.589173   -1.571365   -1.544392   -1.490425   -1.472084   -1.460842
    0.189219    0.217999    0.294239    0.321728    0.362090    0.376693    0.377428    0.387746
    0.391644    0.452845    0.465351    0.469276    0.880682    0.920634    1.113249    1.131892
    1.230253    1.267209    1.326178    1.353091    1.437731    1.468877    1.576007    1.597549
    1.686861    1.709345    2.007318    2.036710    2.109075    2.128270    2.152692    2.152903
    2.187601    2.189369    2.392664    2.412829    2.612488    2.648501    2.875492    2.876856
    2.899148    2.903198    2.962631    2.995299
at   0.00000   0.00000   0.31818    0.002833
   52 eigenvalues :
   -2.811716   -2.726670   -1.589374   -1.571487   -1.544530   -1.490667   -1.472211   -1.460963
    0.192600    0.222299    0.293334    0.323360    0.361096    0.377080    0.377660    0.387967
    0.394044    0.453308    0.465627    0.471940    0.868161    0.908730    1.108202    1.126782
    1.222464    1.259204    1.327588    1.354883    1.438759    1.469884    1.585628    1.607223
    1.683573    1.706073    2.015142    2.044314    2.122198    2.141334    2.158277    2.160173
    2.194558    2.195159    2.383020    2.403440    2.616658    2.652691    2.855327    2.878941
    2.881877    2.907511    2.958551    2.989234
at   0.00000   0.00000   0.32576    0.002833
   52 eigenvalues :
   -2.811649   -2.726599   -1.589572   -1.571607   -1.544665   -1.490905   -1.472335   -1.461080
    0.195778    0.226479    0.292449    0.325288    0.360121    0.377484    0.378086    0.388188
    0.396428    0.453775    0.465904    0.474579    0.855789    0.896983    1.103315    1.121827
    1.214914    1.251436    1.328959    1.356626    1.439882    1.470992    1.595527    1.617182
    1.680120    1.702621    2.023119    2.052076    2.135762    2.154869    2.161638    2.167581
    2.197503    2.202652    2.374865    2.395799    2.620222    2.656243    2.835502    2.859075
    2.885312    2.910373    2.953067    2.981872
at   0.00000   0.00000   0.33333    0.002833
   52 eigenvalues :
   -2.811584   -2.726530   -1.589767   -1.571724   -1.544794   -1.491140   -1.472457   -1.461193
    0.198730    0.230507    0.291590    0.327515    0.359172    0.377901    0.378722    0.388408
    0.398778    0.454240    0.466181    0.477179    0.843612    0.885440    1.098605    1.117047
    1.207631    1.243934    1.330283    1.358311    1.441088    1.472191    1.605673    1.627393
    1.676546    1.699033    2.031215    2.059964    2.149664    2.162776    2.168777    2.174902
    2.197951    2.210052    2.368454    2.390182    2.623235    2.659217    2.816081    2.839612
    2.887173    2.911814    2.946354    2.973475
at   0.00000   0.00000   0.34091    0.002833
   52 eigenvalues :
   -2.811520   -2.726462   -1.589957   -1.571838   -1.544920   -1.491369   -1.472575   -1.461301
    0.201451    0.234371    0.290756    0.330049    0.358248    0.378328    0.379585    0.388628
    0.401094    0.454702    0.466456    0.479740    0.831613    0.874088    1.094066    1.112436
    1.200602    1.236686    1.331563    1.359940    1.442372    1.473472    1.616088    1.637878
    1.672873    1.695332    2.039436    2.067986    2.160888    2.164571    2.181619    2.183508
    2.195854    2.217372    2.363910    2.386694    2.625763    2.661680    2.797027    2.820516
    2.887613    2.911981    2.938613    2.964276
at   0.00000   0.00000   0.34848    0.002833
   52 eigenvalues :
   -2.811458   -2.726396   -1.590143   -1.571949   -1.545040   -1.491593   -1.472690   -1.461404
    0.203929    0.238044    0.289951    0.332879    0.357355    0.378762    0.380683    0.388845
    0.403361    0.455156    0.466728    0.482247    0.819841    0.862975    1.089715    1.108011
    1.193851    1.229717    1.332793    1.361506    1.443720    1.474825    1.626738    1.648603
    1.669142    1.691561    2.047746    2.076104    2.157547    2.178828    2.187992    2.191815
    2.198153    2.224579    2.361254    2.385285    2.627853    2.663680    2.778406    2.801854
    2.886859    2.911077    2.930104    2.954536
at   0.00000   0.00000   0.35606    0.002833
   52 eigenvalues :
   -2.811398   -2.726332   -1.590323   -1.572056   -1.545156   -1.491811   -1.472802   -1.461503
    0.206169    0.241517    0.289173    0.336001    0.356492    0.379202    0.382025    0.389060
    0.405578    0.455598    0.466996    0.484701    0.808290    0.852099    1.085545    1.103765
    1.187434    1.223086    1.333975    1.363011    1.445375    1.476483    1.637645    1.659592
    1.665372    1.687740    2.056147    2.084323    2.151576    2.183260    2.193913    2.196575
    2.213211    2.231778    2.360343    2.385721    2.630375    2.666069    2.760188    2.783595
    2.885295    2.909438    2.921840    2.945146
at   0.00000   0.00000   0.36364    0.002833
   52 eigenvalues :
   -2.811340   -2.726270   -1.590498   -1.572160   -1.545267   -1.492022   -1.472909   -1.461596
    0.208170    0.244772    0.288427    0.339392    0.355664    0.379647    0.383613    0.389272
    0.407733    0.456024    0.467259    0.487089    0.796976    0.841478    1.081565    1.099710
    1.181230    1.216668    1.335105    1.364452    1.446827    1.477951    1.648788    1.661599
    1.670822    1.683908    2.064608    2.092609    2.143558    2.174212    2.203279    2.209090
    2.228482    2.238741    2.360935    2.387663    2.631747    2.667303    2.742417    2.765784
    2.882860    2.907001    2.912414    2.934859
at   0.00000   0.00000   0.37121    0.002833
   52 eigenvalues :
   -2.811284   -2.726211   -1.590666   -1.572260   -1.545372   -1.492225   -1.473012   -1.461685
    0.209938    0.247792    0.287713    0.343021    0.354874    0.380095    0.385440    0.389479
    0.409818    0.456431    0.467516    0.489400    0.785946    0.831155    1.077784    1.095854
    1.175324    1.210551    1.336181    1.365823    1.448313    1.479459    1.657739    1.660262
    1.679989    1.682380    2.073092    2.100929    2.133834    2.163431    2.209904    2.224453
    2.243971    2.245548    2.362722    2.390733    2.632796    2.668191    2.725142    2.748468
    2.879956    2.902757    2.904218    2.924564
at   0.00000   0.00000   0.37879    0.002833
   52 eigenvalues :
   -2.811231   -2.726155   -1.590828   -1.572355   -1.545472   -1.492421   -1.473110   -1.461768
    0.211490    0.250580    0.287032    0.346856    0.354127    0.380550    0.387500    0.389681
    0.411831    0.456815    0.467765    0.491634    0.775192    0.821127    1.074197    1.092193
    1.169706    1.204726    1.337204    1.367127    1.449828    1.481000    1.654092    1.671807
    1.676265    1.694027    2.081594    2.109276    2.122700    2.151319    2.216381    2.239984
    2.252203    2.259663    2.365397    2.394593    2.633553    2.668760    2.708344    2.731629
    2.876750    2.893210    2.901020    2.914355
at   0.00000   0.00000   0.38636    0.002833
   52 eigenvalues :
   -2.811180   -2.726101   -1.590983   -1.572446   -1.545567   -1.492608   -1.473204   -1.461847
    0.212836    0.253123    0.286387    0.350810    0.353463    0.381014    0.389772    0.389878
    0.413759    0.457173    0.468006    0.493777    0.764768    0.811447    1.070815    1.088739
    1.164398    1.199217    1.338170    1.368359    1.451355    1.482560    1.650449    1.672543
    1.683631    1.705957    2.090059    2.110477    2.117597    2.138221    2.222657    2.255515
    2.258739    2.275462    2.368673    2.398935    2.634036    2.669029    2.692098    2.715344
    2.873392    2.883745    2.897717    2.904356
at   0.00000   0.00000   0.39394    0.002833
   52 eigenvalues :
   -2.811132   -2.726050   -1.591130   -1.572533   -1.545657   -1.492786   -1.473294   -1.461921
    0.213997    0.255431    0.285777    0.352603    0.355121    0.381495    0.390067    0.392239
    0.415601    0.457503    0.468235    0.495826    0.754675    0.802116    1.067631    1.085484
    1.159370    1.193994    1.338855    1.369307    1.452809    1.484053    1.646884    1.668893
    1.695593    1.718036    2.097330    2.098076    2.124297    2.125480    2.227804    2.263879
    2.271337    2.291302    2.371157    2.402396    2.634094    2.668843    2.676398    2.699604
    2.869985    2.874480    2.894359    2.894625
at   0.00000   0.00000   0.40152    0.002833
   52 eigenvalues :
   -2.811087   -2.726002   -1.591269   -1.572614   -1.545740   -1.492954   -1.473378   -1.461990
    0.214987    0.257504    0.285204    0.352025    0.359247    0.382006    0.390251    0.394868
    0.417348    0.457800    0.468455    0.497772    0.744960    0.793179    1.064657    1.082442
    1.154682    1.189118    1.339695    1.370383    1.454333    1.485618    1.643437    1.665358
    1.707867    1.730432    2.083566    2.106390    2.109854    2.133671    2.233650    2.269925
    2.286964    2.307181    2.375042    2.407121    2.634117    2.661310    2.668592    2.684478
    2.865523    2.866624    2.885252    2.891036
at   0.00000   0.00000   0.40909    0.002833
   52 eigenvalues :
   -2.811045   -2.725957   -1.591399   -1.572691   -1.545818   -1.493111   -1.473456   -1.462053
    0.215824    0.259348    0.284670    0.351441    0.363394    0.382569    0.390428    0.397620
    0.418992    0.458061    0.468662    0.499606    0.735669    0.784677    1.061897    1.079616
    1.150321    1.184578    1.340476    1.371382    1.455831    1.487162    1.640128    1.661960
    1.720336    1.743031    2.069335    2.095021    2.114542    2.141710    2.239222    2.275675
    2.302489    2.322962    2.378953    2.411772    2.633903    2.646900    2.668067    2.670027
    2.856951    2.863385    2.876308    2.887812
at   0.00000   0.00000   0.41667    0.002833
   52 eigenvalues :
   -2.811005   -2.725915   -1.591520   -1.572762   -1.545889   -1.493258   -1.473529   -1.462112
    0.216527    0.260979    0.284174    0.350893    0.367430    0.383232    0.390601    0.400459
    0.420530    0.458286    0.468857    0.501325    0.726835    0.776643    1.059349    1.077007
    1.146280    1.180367    1.341198    1.372307    1.457492    1.488861    1.637030    1.658771
    1.733077    1.755918    2.055037    2.080166    2.122498    2.149565    2.244505    2.281133
    2.317897    2.338645    2.382791    2.416259    2.633180    2.633818    2.656268    2.667646
    2.848808    2.860374    2.867827    2.884779
at   0.00000   0.00000   0.42424    0.002833
   52 eigenvalues :
   -2.810968   -2.725876   -1.591632   -1.572827   -1.545955   -1.493393   -1.473596   -1.462165
    0.217112    0.262403    0.283719    0.350388    0.371194    0.384075    0.390769    0.403332
    0.421954    0.458470    0.469036    0.502917    0.718488    0.769096    1.057015    1.074615
    1.142575    1.176504    1.341858    1.373153    1.458906    1.490327    1.634051    1.655700
    1.745946    1.768947    2.040194    2.064831    2.130174    2.157151    2.249458    2.286258
    2.332954    2.354004    2.386439    2.420481    2.620249    2.633122    2.643298    2.666562
    2.841175    2.857541    2.859890    2.881904
at   0.00000   0.00000   0.43182    0.002833
   52 eigenvalues :
   -2.810935   -2.725841   -1.591735   -1.572887   -1.546014   -1.493517   -1.473657   -1.462213
    0.217594    0.263639    0.283304    0.349926    0.374486    0.385236    0.390943    0.406194
    0.423260    0.458615    0.469200    0.504381    0.710674    0.762077    1.054894    1.072440
    1.139202    1.172983    1.342459    1.373922    1.460254    1.491728    1.631269    1.652826
    1.759018    1.782200    2.025168    2.049349    2.137522    2.164420    2.254065    2.291031
    2.347608    2.368987    2.389862    2.424405    2.608142    2.631145    2.632210    2.665211
    2.834086    2.852509    2.854985    2.879255
at   0.00000   0.00000   0.43939    0.002833
   52 eigenvalues :
   -2.810906   -2.725809   -1.591828   -1.572941   -1.546068   -1.493629   -1.473713   -1.462257
    0.217988    0.264698    0.282932    0.349511    0.377064    0.386857    0.391145    0.408984
    0.424440    0.458719    0.469349    0.505706    0.703463    0.755645    1.052993    1.070491
    1.136174    1.169821    1.342997    1.374611    1.461517    1.493045    1.628712    1.650181
    1.772247    1.795635    2.010073    2.033818    2.144445    2.171275    2.258283    2.295408
    2.361673    2.383405    2.393002    2.427978    2.596969    2.619941    2.631075    2.663610
    2.827607    2.845780    2.852721    2.876870
at   0.00000   0.00000   0.44697    0.002833
   52 eigenvalues :
   -2.810879   -2.725781   -1.591910   -1.572989   -1.546116   -1.493729   -1.473762   -1.462295
    0.218306    0.265596    0.282601    0.349143    0.378840    0.388853    0.391490    0.411651
    0.425492    0.458784    0.469481    0.506891    0.696895    0.749825    1.051311    1.068764
    1.133489    1.167013    1.343474    1.375222    1.462681    1.494263    1.626394    1.647778
    1.785649    1.809280    1.994934    2.018246    2.150877    2.177649    2.262095    2.299370
    2.375006    2.395832    2.397116    2.431178    2.586783    2.609719    2.629757    2.661783
    2.821768    2.839713    2.850786    2.874765
at   0.00000   0.00000   0.45455    0.002833
   52 eigenvalues :
   -2.810856   -2.725756   -1.591982   -1.573031   -1.546157   -1.493816   -1.473805   -1.462328
    0.218561    0.266345    0.282314    0.348822    0.379971    0.390397    0.392572    0.414133
    0.426411    0.458814    0.469596    0.507928    0.691036    0.744670    1.049849    1.067264
    1.131153    1.164570    1.343888    1.375753    1.463730    1.495363    1.624338    1.645644
    1.799183    1.823110    1.979834    2.002694    2.156718    2.183442    2.265466    2.302879
    2.387377    2.398329    2.409890    2.433979    2.577689    2.600592    2.628293    2.659781
    2.816617    2.834360    2.849202    2.872961
at   0.00000   0.00000   0.46212    0.002833
   52 eigenvalues :
   -2.810836   -2.725735   -1.592043   -1.573067   -1.546192   -1.493890   -1.473841   -1.462356
    0.218759    0.266956    0.282069    0.348549    0.380689    0.390898    0.394676    0.416367
    0.427191    0.458814    0.469693    0.508813    0.685953    0.740228    1.048613    1.065994
    1.129172    1.162498    1.344240    1.376203    1.464647    1.496328    1.622565    1.643800
    1.812789    1.837093    1.964862    1.987221    2.161867    2.188553    2.268366    2.305902
    2.398405    2.400599    2.421460    2.436363    2.569791    2.592664    2.626745    2.657686
    2.812198    2.829767    2.847978    2.871471
at   0.00000   0.00000   0.46970    0.002833
   52 eigenvalues :
   -2.810820   -2.725718   -1.592094   -1.573096   -1.546221   -1.493951   -1.473871   -1.462379
    0.218912    0.267442    0.281869    0.348326    0.381161    0.391082    0.396852    0.418300
    0.427832    0.458793    0.469773    0.509543    0.681691    0.736525    1.047598    1.064952
    1.127546    1.160794    1.344528    1.376573    1.465422    1.497144    1.621087    1.642261
    1.826430    1.851246    1.950078    1.971826    2.166247    2.192903    2.270779    2.308419
    2.402089    2.408400    2.431567    2.438333    2.563161    2.586006    2.625200    2.655609
    2.808531    2.825954    2.847103    2.870293
at   0.00000   0.00000   0.47727    0.002833
   52 eigenvalues :
   -2.810807   -2.725705   -1.592133   -1.573119   -1.546243   -1.493998   -1.473895   -1.462397
    0.219023    0.267809    0.281713    0.348151    0.381475    0.391183    0.398710    0.419872
    0.428329    0.458760    0.469835    0.510114    0.678315    0.733607    1.046809    1.064141
    1.126280    1.159468    1.344753    1.376861    1.466039    1.497796    1.619922    1.641046
    1.839915    1.865492    1.935689    1.956602    2.169756    2.196391    2.272676    2.310400
    2.403474    2.416363    2.439435    2.440318    2.557903    2.580726    2.623775    2.653704
    2.805653    2.822961    2.846548    2.869419
at   0.00000   0.00000   0.48485    0.002833
   52 eigenvalues :
   -2.810798   -2.725695   -1.592162   -1.573136   -1.546259   -1.494033   -1.473911   -1.462410
    0.219100    0.268067    0.281601    0.348027    0.381676    0.391245    0.400112    0.421038
    0.428684    0.458726    0.469879    0.510523    0.675862    0.731498    1.046244    1.063561
    1.125373    1.158518    1.344915    1.377068    1.466491    1.498273    1.619080    1.640167
    1.852894    1.879767    1.922060    1.941625    2.172327    2.198947    2.274045    2.311831
    2.404445    2.422342    2.440865    2.446230    2.554082    2.576889    2.622601    2.652143
    2.803578    2.820802    2.846248    2.868827
at   0.00000   0.00000   0.49242    0.002833
   52 eigenvalues :
   -2.810794   -2.725691   -1.592179   -1.573146   -1.546269   -1.494053   -1.473922   -1.462418
    0.219143    0.268219    0.281534    0.347952    0.381790    0.391279    0.400980    0.421755
    0.428895    0.458700    0.469905    0.510769    0.674351    0.730197    1.045905    1.063213
    1.124828    1.157947    1.344943    1.377125    1.466458    1.498272    1.618568    1.639632
    1.864055    1.893513    1.910238    1.927202    2.173861    2.200473    2.274760    2.312582
    2.404800    2.425504    2.441300    2.449575    2.551750    2.574545    2.621674    2.650978
    2.802328    2.819502    2.845885    2.868245
at   0.00000   0.00000   0.50000    0.002833
   52 eigenvalues :
   -2.810792   -2.725689   -1.592184   -1.573149   -1.546272   -1.494060   -1.473925   -1.462420
    0.219158    0.268270    0.281512    0.347927    0.381827    0.391290    0.401274    0.421997
    0.428966    0.458691    0.469914    0.510852    0.673853    0.729770    1.045792    1.063097
    1.124647    1.157757    1.344975    1.377166    1.466548    1.498367    1.618398    1.639455
    1.869390    1.902588    1.904768    1.917983    2.174389    2.200999    2.275037    2.312872
    2.405001    2.426745    2.441525    2.450877    2.550971    2.573763    2.621425    2.650640
    2.801910    2.819067    2.845855    2.868137

FERMIE:
          first approx. to ef    (T=0)  :  0.4123787065 htr   (energy of the highest occ. eigenvalue)
          number of occ. states  (T=0)  :     11296
          first approx. to seigv (T=0)  :  -24.24435752669767 htr
          sum of weights of occ. states : 32.000000
          sum of semicore eigenvalues   :  0.000000 htr
          sum of semicore charge        :  0.000000 e



FERHIS:  Fermi-Energy by histogram:

          bandgap                     :   0.000097 htr
          charge neutrality (T=0)     :   0.000000    (zero if the highest occ. eigenvalue is "entirely" occupied)

     EF_NEWTON:  Adjust Fermi-Energy by Newton-Method.

               Number of iterations needed  :   3
               The error in the weight is   :  0.14544E-11
               The error in ef is           : -0.22995E-13 htr


     -->  new fermi energy            :  0.4123759401 htr
          valence charge              :  32.000000 e 
          actual charge blw ef-8kt    :  28.793201 e 
          actual charge blw ef+8kt    :  32.000000 e 
          number of occ. states       :     11838
          sum of the valence weights  :  32.000000
          entropy         :   0.209804 *kb htr/K =   0.00000 htr/K

          sum of val. single particle energies:   -24.24425045679375 htr



          valence density: spin= 1

                   radial function for local orbitals
 lo  l    energy            value        derivative    nodes  ovlp with u    ovlp with udot
  1  0  -2.81098        2.7942396E-02  -7.8356510E-02    2   3.4640476E-02  -4.1618488E-02
  2  1  -1.54661       -1.1319531E-02   1.7002159E-01    1   1.4226834E-01  -1.2294186E-01
 
 overlap matrix between different local orbitals
 lo        1              2
  1   0.100000E+01   0.000000E+00
  2   0.000000E+00   0.100000E+01

                   radial function for local orbitals
 lo  l    energy            value        derivative    nodes  ovlp with u    ovlp with udot
  1  0  -2.81098        2.7942396E-02  -7.8356510E-02    2   3.4640476E-02  -4.1618488E-02
  2  1  -1.54661       -1.1319531E-02   1.7002159E-01    1   1.4226834E-01  -1.2294186E-01
 
 overlap matrix between different local orbitals
 lo        1              2
  1   0.100000E+01   0.000000E+00
  2   0.000000E+00   0.100000E+01

     l-like charge
     atom     s        p        d        f        total
 --> 1    1.23481  3.15420  4.05985  0.01182    8.46710
 --> 1    0.00000 -0.00193 -0.03180 -0.00003   -0.03374
 --> 1    0.00000  0.00007  0.00115  0.00000    0.00122
 --> 1    0.00000  0.00007  0.00115  0.00000    0.00122
 Energy Parameters for spin:           1
 Max. mismatch of energy parameters:    0.000000

     energy parameters for window 1
     atom     s        p        d        f
 -->  1   4.00000  4.00000  3.00000  4.00000 change: FFFF skiplo:   4
 --> lo   3.00000  3.00000
 --> change   F        F


          valence density: spin= 2

                   radial function for local orbitals
 lo  l    energy            value        derivative    nodes  ovlp with u    ovlp with udot
  1  0  -2.72588        2.8681319E-02  -7.9485454E-02    2   3.6956968E-02  -4.3656834E-02
  2  1  -1.46360       -1.3870756E-02   1.6942620E-01    1   1.4962563E-01  -1.3263700E-01
 
 overlap matrix between different local orbitals
 lo        1              2
  1   0.100000E+01   0.000000E+00
  2   0.000000E+00   0.100000E+01

                   radial function for local orbitals
 lo  l    energy            value        derivative    nodes  ovlp with u    ovlp with udot
  1  0  -2.72588        2.8681319E-02  -7.9485454E-02    2   3.6956968E-02  -4.3656834E-02
  2  1  -1.46360       -1.3870756E-02   1.6942620E-01    1   1.4962563E-01  -1.3263700E-01
 
 overlap matrix between different local orbitals
 lo        1              2
  1   0.100000E+01   0.000000E+00
  2   0.000000E+00   0.100000E+01
DOS-Output is generated!
 sigma=     0.408000000000000     
 emax=      13.6000000000000     
 emin=     -13.6000000000000     
 ef_inp=      11.2166255706145     
 tria=T & film=F requires k-point planes
 with equally distributed k-points !
 no tetrahedron method with these k-points!
           8  0.000000000000000E+000

     l-like charge
     atom     s        p        d        f        total
 --> 1    1.23297  3.14421  1.96981  0.00731    6.35821
 --> 1    0.00000  0.00160  0.07186 -0.00015    0.07316
 --> 1    0.00000 -0.00009  0.00042  0.00001    0.00034
 --> 1    0.00000 -0.00009  0.00042  0.00001    0.00034
 Energy Parameters for spin:           2
 Max. mismatch of energy parameters:    0.000000

     energy parameters for window 1
     atom     s        p        d        f
 -->  1   4.00000  4.00000  3.00000  4.00000 change: FFFF skiplo:   4
 --> lo   3.00000  3.00000
 --> change   F        F
