              #energy Total                INT                  Sym                  MT:1s                MT:1p                MT:1d                MT:1f                MT:2s                MT:2p                MT:2d                MT:2f                MT:3s                MT:3p                MT:3d                MT:3f                MT:4s                MT:4p                MT:4d                MT:4f                MT:5s                MT:5p                MT:5d                MT:5f                MT:6s                MT:6p                MT:6d                MT:6f               
     -0.74148647E+02       0.00000000E+00       0.00000000E+00       0.00000000E+00       0.00000000E+00       0.00000000E+00       0.00000000E+00       0.00000000E+00       0.00000000E+00       0.00000000E+00       0.00000000E+00       0.00000000E+00       0.00000000E+00       0.00000000E+00       0.00000000E+00       0.00000000E+00       0.00000000E+00       0.00000000E+00       0.00000000E+00       0.00000000E+00       0.00000000E+00       0.00000000E+00       0.00000000E+00       0.00000000E+00       0.00000000E+00       0.00000000E+00       0.00000000E+00       0.00000000E+00
     -0.74045573E+02       0.00000000E+00       0.00000000E+00       0.00000000E+00       0.00000000E+00       0.00000000E+00       0.00000000E+00       0.00000000E+00       0.00000000E+00       0.00000000E+00       0.00000000E+00       0.00000000E+00       0.00000000E+00       0.00000000E+00       0.00000000E+00       0.00000000E+00       0.00000000E+00       0.00000000E+00       0.00000000E+00       0.00000000E+00       0.00000000E+00       0.00000000E+00       0.00000000E+00       0.00000000E+00       0.00000000E+00       0.00000000E+00       0.00000000E+00       0.00000000E+00
     -0.73942500E+02       0.00000000E+00       0.00000000E+00       0.00000000E+00       0.00000000E+00       0.00000000E+00       0.00000000E+00       0.00000000E+00       0.00000000E+00       0.00000000E+00       0.00000000E+00       0.00000000E+00       0.00000000E+00       0.00000000E+00       0.00000000E+00       0.00000000E+00       0.00000000E+00       0.00000000E+00       0.00000000E+00       0.00000000E+00       0.00000000E+00       0.00000000E+00       0.00000000E+00       0.00000000E+00       0.00000000E+00       0.00000000E+00       0.00000000E+00       0.00000000E+00
     -0.73839426E+02       0.00000000E+00       0.00000000E+00       0.00000000E+00       0.00000000E+00       0.00000000E+00       0.00000000E+00       0.00000000E+00       0.00000000E+00       0.00000000E+00       0.00000000E+00       0.00000000E+00       0.00000000E+00       0.00000000E+00       0.00000000E+00       0.00000000E+00       0.00000000E+00       0.00000000E+00       0.00000000E+00       0.00000000E+00       0.00000000E+00       0.00000000E+00       0.00000000E+00       0.00000000E+00       0.00000000E+00       0.00000000E+00       0.00000000E+00       0.00000000E+00
     -0.73736353E+02       0.00000000E+00       0.00000000E+00       0.00000000E+00       0.00000000E+00       0.00000000E+00       0.00000000E+00       0.00000000E+00       0.00000000E+00       0.00000000E+00       0.00000000E+00       0.00000000E+00       0.00000000E+00       0.00000000E+00       0.00000000E+00       0.00000000E+00       0.00000000E+00       0.00000000E+00       0.00000000E+00       0.00000000E+00       0.00000000E+00       0.00000000E+00       0.00000000E+00       0.00000000E+00       0.00000000E+00       0.00000000E+00       0.00000000E+00       0.00000000E+00
     -0.73633279E+02       0.00000000E+00       0.00000000E+00       0.00000000E+00       0.00000000E+00       0.00000000E+00       0.00000000E+00       0.00000000E+00       0.00000000E+00       0.00000000E+00       0.00000000E+00       0.00000000E+00       0.00000000E+00       0.00000000E+00       0.00000000E+00       0.00000000E+00       0.00000000E+00       0.00000000E+00       0.00000000E+00       0.00000000E+00       0.00000000E+00       0.00000000E+00       0.00000000E+00       0.00000000E+00       0.00000000E+00       0.00000000E+00       0.00000000E+00       0.00000000E+00
     -0.73530206E+02       0.00000000E+00       0.00000000E+00       0.00000000E+00       0.00000000E+00       0.00000000E+00       0.00000000E+00       0.00000000E+00       0.00000000E+00       0.00000000E+00       0.00000000E+00       0.00000000E+00       0.00000000E+00       0.00000000E+00       0.00000000E+00       0.00000000E+00       0.00000000E+00       0.00000000E+00       0.00000000E+00       0.00000000E+00       0.00000000E+00       0.00000000E+00       0.00000000E+00       0.00000000E+00       0.00000000E+00       0.00000000E+00       0.00000000E+00       0.00000000E+00
     -0.73427133E+02       0.00000000E+00       0.00000000E+00       0.00000000E+00       0.00000000E+00       0.00000000E+00       0.00000000E+00       0.00000000E+00       0.00000000E+00       0.00000000E+00       0.00000000E+00       0.00000000E+00       0.00000000E+00       0.00000000E+00       0.00000000E+00       0.00000000E+00       0.00000000E+00       0.00000000E+00       0.00000000E+00       0.00000000E+00       0.00000000E+00       0.00000000E+00       0.00000000E+00       0.00000000E+00       0.00000000E+00       0.00000000E+00       0.00000000E+00       0.00000000E+00
     -0.73324059E+02       0.00000000E+00       0.00000000E+00       0.00000000E+00       0.00000000E+00       0.00000000E+00       0.00000000E+00       0.00000000E+00       0.00000000E+00       0.00000000E+00       0.00000000E+00       0.00000000E+00       0.00000000E+00       0.00000000E+00       0.00000000E+00       0.00000000E+00       0.00000000E+00       0.00000000E+00       0.00000000E+00       0.00000000E+00       0.00000000E+00       0.00000000E+00       0.00000000E+00       0.00000000E+00       0.00000000E+00       0.00000000E+00       0.00000000E+00       0.00000000E+00
     -0.73220986E+02       0.00000000E+00       0.00000000E+00       0.00000000E+00       0.00000000E+00       0.00000000E+00       0.00000000E+00       0.00000000E+00       0.00000000E+00       0.00000000E+00       0.00000000E+00       0.00000000E+00       0.00000000E+00       0.00000000E+00       0.00000000E+00       0.00000000E+00       0.00000000E+00       0.00000000E+00       0.00000000E+00       0.00000000E+00       0.00000000E+00       0.00000000E+00       0.00000000E+00       0.00000000E+00       0.00000000E+00       0.00000000E+00       0.00000000E+00       0.00000000E+00
     -0.73117912E+02       0.00000000E+00       0.00000000E+00       0.00000000E+00       0.00000000E+00       0.00000000E+00       0.00000000E+00       0.00000000E+00       0.00000000E+00       0.00000000E+00       0.00000000E+00       0.00000000E+00       0.00000000E+00       0.00000000E+00       0.00000000E+00       0.00000000E+00       0.00000000E+00       0.00000000E+00       0.00000000E+00       0.00000000E+00       0.00000000E+00       0.00000000E+00       0.00000000E+00       0.00000000E+00       0.00000000E+00       0.00000000E+00       0.00000000E+00       0.00000000E+00
     -0.73014839E+02       0.00000000E+00       0.00000000E+00       0.00000000E+00       0.00000000E+00       0.00000000E+00       0.00000000E+00       0.00000000E+00       0.00000000E+00       0.00000000E+00       0.00000000E+00       0.00000000E+00       0.00000000E+00       0.00000000E+00       0.00000000E+00       0.00000000E+00       0.00000000E+00       0.00000000E+00       0.00000000E+00       0.00000000E+00       0.00000000E+00       0.00000000E+00       0.00000000E+00       0.00000000E+00       0.00000000E+00       0.00000000E+00       0.00000000E+00       0.00000000E+00
     -0.72911765E+02       0.00000000E+00       0.00000000E+00       0.00000000E+00       0.00000000E+00       0.00000000E+00       0.00000000E+00       0.00000000E+00       0.00000000E+00       0.00000000E+00       0.00000000E+00       0.00000000E+00       0.00000000E+00       0.00000000E+00       0.00000000E+00       0.00000000E+00       0.00000000E+00       0.00000000E+00       0.00000000E+00       0.00000000E+00       0.00000000E+00       0.00000000E+00       0.00000000E+00       0.00000000E+00       0.00000000E+00       0.00000000E+00       0.00000000E+00       0.00000000E+00
     -0.72808692E+02       0.00000000E+00       0.00000000E+00       0.00000000E+00       0.00000000E+00       0.00000000E+00       0.00000000E+00       0.00000000E+00       0.00000000E+00       0.00000000E+00       0.00000000E+00       0.00000000E+00       0.00000000E+00       0.00000000E+00       0.00000000E+00       0.00000000E+00       0.00000000E+00       0.00000000E+00       0.00000000E+00       0.00000000E+00       0.00000000E+00       0.00000000E+00       0.00000000E+00       0.00000000E+00       0.00000000E+00       0.00000000E+00       0.00000000E+00       0.00000000E+00
     -0.72705619E+02       0.00000000E+00       0.00000000E+00       0.00000000E+00       0.00000000E+00       0.00000000E+00       0.00000000E+00       0.00000000E+00       0.00000000E+00       0.00000000E+00       0.00000000E+00       0.00000000E+00       0.00000000E+00       0.00000000E+00       0.00000000E+00       0.00000000E+00       0.00000000E+00       0.00000000E+00       0.00000000E+00       0.00000000E+00       0.00000000E+00       0.00000000E+00       0.00000000E+00       0.00000000E+00       0.00000000E+00       0.00000000E+00       0.00000000E+00       0.00000000E+00
     -0.72602545E+02       0.00000000E+00       0.00000000E+00       0.00000000E+00       0.00000000E+00       0.00000000E+00       0.00000000E+00       0.00000000E+00       0.00000000E+00       0.00000000E+00       0.00000000E+00       0.00000000E+00       0.00000000E+00       0.00000000E+00       0.00000000E+00       0.00000000E+00       0.00000000E+00       0.00000000E+00       0.00000000E+00       0.00000000E+00       0.00000000E+00       0.00000000E+00       0.00000000E+00       0.00000000E+00       0.00000000E+00       0.00000000E+00       0.00000000E+00       0.00000000E+00
     -0.72499472E+02       0.00000000E+00       0.00000000E+00       0.00000000E+00       0.00000000E+00       0.00000000E+00       0.00000000E+00       0.00000000E+00       0.00000000E+00       0.00000000E+00       0.00000000E+00       0.00000000E+00       0.00000000E+00       0.00000000E+00       0.00000000E+00       0.00000000E+00       0.00000000E+00       0.00000000E+00       0.00000000E+00       0.00000000E+00       0.00000000E+00       0.00000000E+00       0.00000000E+00       0.00000000E+00       0.00000000E+00       0.00000000E+00       0.00000000E+00       0.00000000E+00
     -0.72396398E+02       0.00000000E+00       0.00000000E+00       0.00000000E+00       0.00000000E+00       0.00000000E+00       0.00000000E+00       0.00000000E+00       0.00000000E+00       0.00000000E+00       0.00000000E+00       0.00000000E+00       0.00000000E+00       0.00000000E+00       0.00000000E+00       0.00000000E+00       0.00000000E+00       0.00000000E+00       0.00000000E+00       0.00000000E+00       0.00000000E+00       0.00000000E+00       0.00000000E+00       0.00000000E+00       0.00000000E+00       0.00000000E+00       0.00000000E+00       0.00000000E+00
     -0.72293325E+02       0.00000000E+00       0.00000000E+00       0.00000000E+00       0.00000000E+00       0.00000000E+00       0.00000000E+00       0.00000000E+00       0.00000000E+00       0.00000000E+00       0.00000000E+00       0.00000000E+00       0.00000000E+00       0.00000000E+00       0.00000000E+00       0.00000000E+00       0.00000000E+00       0.00000000E+00       0.00000000E+00       0.00000000E+00       0.00000000E+00       0.00000000E+00       0.00000000E+00       0.00000000E+00       0.00000000E+00       0.00000000E+00       0.00000000E+00       0.00000000E+00
     -0.72190251E+02       0.00000000E+00       0.00000000E+00       0.00000000E+00       0.00000000E+00       0.00000000E+00       0.00000000E+00       0.00000000E+00       0.00000000E+00       0.00000000E+00       0.00000000E+00       0.00000000E+00       0.00000000E+00       0.00000000E+00       0.00000000E+00       0.00000000E+00       0.00000000E+00       0.00000000E+00       0.00000000E+00       0.00000000E+00       0.00000000E+00       0.00000000E+00       0.00000000E+00       0.00000000E+00       0.00000000E+00       0.00000000E+00       0.00000000E+00       0.00000000E+00
     -0.72087178E+02       0.00000000E+00       0.00000000E+00       0.00000000E+00       0.00000000E+00       0.00000000E+00       0.00000000E+00       0.00000000E+00       0.00000000E+00       0.00000000E+00       0.00000000E+00       0.00000000E+00       0.00000000E+00       0.00000000E+00       0.00000000E+00       0.00000000E+00       0.00000000E+00       0.00000000E+00       0.00000000E+00       0.00000000E+00       0.00000000E+00       0.00000000E+00       0.00000000E+00       0.00000000E+00       0.00000000E+00       0.00000000E+00       0.00000000E+00       0.00000000E+00
     -0.71984104E+02       0.00000000E+00       0.00000000E+00       0.00000000E+00       0.00000000E+00       0.00000000E+00       0.00000000E+00       0.00000000E+00       0.00000000E+00       0.00000000E+00       0.00000000E+00       0.00000000E+00       0.00000000E+00       0.00000000E+00       0.00000000E+00       0.00000000E+00       0.00000000E+00       0.00000000E+00       0.00000000E+00       0.00000000E+00       0.00000000E+00       0.00000000E+00       0.00000000E+00       0.00000000E+00       0.00000000E+00       0.00000000E+00       0.00000000E+00       0.00000000E+00
     -0.71881031E+02       0.00000000E+00       0.00000000E+00       0.00000000E+00       0.00000000E+00       0.00000000E+00       0.00000000E+00       0.00000000E+00       0.00000000E+00       0.00000000E+00       0.00000000E+00       0.00000000E+00       0.00000000E+00       0.00000000E+00       0.00000000E+00       0.00000000E+00       0.00000000E+00       0.00000000E+00       0.00000000E+00       0.00000000E+00       0.00000000E+00       0.00000000E+00       0.00000000E+00       0.00000000E+00       0.00000000E+00       0.00000000E+00       0.00000000E+00       0.00000000E+00
     -0.71777958E+02       0.00000000E+00       0.00000000E+00       0.00000000E+00       0.00000000E+00       0.00000000E+00       0.00000000E+00       0.00000000E+00       0.00000000E+00       0.00000000E+00       0.00000000E+00       0.00000000E+00       0.00000000E+00       0.00000000E+00       0.00000000E+00       0.00000000E+00       0.00000000E+00       0.00000000E+00       0.00000000E+00       0.00000000E+00       0.00000000E+00       0.00000000E+00       0.00000000E+00       0.00000000E+00       0.00000000E+00       0.00000000E+00       0.00000000E+00       0.00000000E+00
     -0.71674884E+02       0.00000000E+00       0.00000000E+00       0.00000000E+00       0.00000000E+00       0.00000000E+00       0.00000000E+00       0.00000000E+00       0.00000000E+00       0.00000000E+00       0.00000000E+00       0.00000000E+00       0.00000000E+00       0.00000000E+00       0.00000000E+00       0.00000000E+00       0.00000000E+00       0.00000000E+00       0.00000000E+00       0.00000000E+00       0.00000000E+00       0.00000000E+00       0.00000000E+00       0.00000000E+00       0.00000000E+00       0.00000000E+00       0.00000000E+00       0.00000000E+00
     -0.71571811E+02       0.00000000E+00       0.00000000E+00       0.00000000E+00       0.00000000E+00       0.00000000E+00       0.00000000E+00       0.00000000E+00       0.00000000E+00       0.00000000E+00       0.00000000E+00       0.00000000E+00       0.00000000E+00       0.00000000E+00       0.00000000E+00       0.00000000E+00       0.00000000E+00       0.00000000E+00       0.00000000E+00       0.00000000E+00       0.00000000E+00       0.00000000E+00       0.00000000E+00       0.00000000E+00       0.00000000E+00       0.00000000E+00       0.00000000E+00       0.00000000E+00
     -0.71468737E+02       0.00000000E+00       0.00000000E+00       0.00000000E+00       0.00000000E+00       0.00000000E+00       0.00000000E+00       0.00000000E+00       0.00000000E+00       0.00000000E+00       0.00000000E+00       0.00000000E+00       0.00000000E+00       0.00000000E+00       0.00000000E+00       0.00000000E+00       0.00000000E+00       0.00000000E+00       0.00000000E+00       0.00000000E+00       0.00000000E+00       0.00000000E+00       0.00000000E+00       0.00000000E+00       0.00000000E+00       0.00000000E+00       0.00000000E+00       0.00000000E+00
     -0.71365664E+02       0.00000000E+00       0.00000000E+00       0.00000000E+00       0.00000000E+00       0.00000000E+00       0.00000000E+00       0.00000000E+00       0.00000000E+00       0.00000000E+00       0.00000000E+00       0.00000000E+00       0.00000000E+00       0.00000000E+00       0.00000000E+00       0.00000000E+00       0.00000000E+00       0.00000000E+00       0.00000000E+00       0.00000000E+00       0.00000000E+00       0.00000000E+00       0.00000000E+00       0.00000000E+00       0.00000000E+00       0.00000000E+00       0.00000000E+00       0.00000000E+00
     -0.71262590E+02       0.00000000E+00       0.00000000E+00       0.00000000E+00       0.00000000E+00       0.00000000E+00       0.00000000E+00       0.00000000E+00       0.00000000E+00       0.00000000E+00       0.00000000E+00       0.00000000E+00       0.00000000E+00       0.00000000E+00       0.00000000E+00       0.00000000E+00       0.00000000E+00       0.00000000E+00       0.00000000E+00       0.00000000E+00       0.00000000E+00       0.00000000E+00       0.00000000E+00       0.00000000E+00       0.00000000E+00       0.00000000E+00       0.00000000E+00       0.00000000E+00
     -0.71159517E+02       0.00000000E+00       0.00000000E+00       0.00000000E+00       0.00000000E+00       0.00000000E+00       0.00000000E+00       0.00000000E+00       0.00000000E+00       0.00000000E+00       0.00000000E+00       0.00000000E+00       0.00000000E+00       0.00000000E+00       0.00000000E+00       0.00000000E+00       0.00000000E+00       0.00000000E+00       0.00000000E+00       0.00000000E+00       0.00000000E+00       0.00000000E+00       0.00000000E+00       0.00000000E+00       0.00000000E+00       0.00000000E+00       0.00000000E+00       0.00000000E+00
     -0.71056444E+02       0.00000000E+00       0.00000000E+00       0.00000000E+00       0.00000000E+00       0.00000000E+00       0.00000000E+00       0.00000000E+00       0.00000000E+00       0.00000000E+00       0.00000000E+00       0.00000000E+00       0.00000000E+00       0.00000000E+00       0.00000000E+00       0.00000000E+00       0.00000000E+00       0.00000000E+00       0.00000000E+00       0.00000000E+00       0.00000000E+00       0.00000000E+00       0.00000000E+00       0.00000000E+00       0.00000000E+00       0.00000000E+00       0.00000000E+00       0.00000000E+00
     -0.70953370E+02       0.00000000E+00       0.00000000E+00       0.00000000E+00       0.00000000E+00       0.00000000E+00       0.00000000E+00       0.00000000E+00       0.00000000E+00       0.00000000E+00       0.00000000E+00       0.00000000E+00       0.00000000E+00       0.00000000E+00       0.00000000E+00       0.00000000E+00       0.00000000E+00       0.00000000E+00       0.00000000E+00       0.00000000E+00       0.00000000E+00       0.00000000E+00       0.00000000E+00       0.00000000E+00       0.00000000E+00       0.00000000E+00       0.00000000E+00       0.00000000E+00
     -0.70850297E+02       0.00000000E+00       0.00000000E+00       0.00000000E+00       0.00000000E+00       0.00000000E+00       0.00000000E+00       0.00000000E+00       0.00000000E+00       0.00000000E+00       0.00000000E+00       0.00000000E+00       0.00000000E+00       0.00000000E+00       0.00000000E+00       0.00000000E+00       0.00000000E+00       0.00000000E+00       0.00000000E+00       0.00000000E+00       0.00000000E+00       0.00000000E+00       0.00000000E+00       0.00000000E+00       0.00000000E+00       0.00000000E+00       0.00000000E+00       0.00000000E+00
     -0.70747223E+02       0.00000000E+00       0.00000000E+00       0.00000000E+00       0.00000000E+00       0.00000000E+00       0.00000000E+00       0.00000000E+00       0.00000000E+00       0.00000000E+00       0.00000000E+00       0.00000000E+00       0.00000000E+00       0.00000000E+00       0.00000000E+00       0.00000000E+00       0.00000000E+00       0.00000000E+00       0.00000000E+00       0.00000000E+00       0.00000000E+00       0.00000000E+00       0.00000000E+00       0.00000000E+00       0.00000000E+00       0.00000000E+00       0.00000000E+00       0.00000000E+00
     -0.70644150E+02       0.00000000E+00       0.00000000E+00       0.00000000E+00       0.00000000E+00       0.00000000E+00       0.00000000E+00       0.00000000E+00       0.00000000E+00       0.00000000E+00       0.00000000E+00       0.00000000E+00       0.00000000E+00       0.00000000E+00       0.00000000E+00       0.00000000E+00       0.00000000E+00       0.00000000E+00       0.00000000E+00       0.00000000E+00       0.00000000E+00       0.00000000E+00       0.00000000E+00       0.00000000E+00       0.00000000E+00       0.00000000E+00       0.00000000E+00       0.00000000E+00
     -0.70541076E+02       0.00000000E+00       0.00000000E+00       0.00000000E+00       0.00000000E+00       0.00000000E+00       0.00000000E+00       0.00000000E+00       0.00000000E+00       0.00000000E+00       0.00000000E+00       0.00000000E+00       0.00000000E+00       0.00000000E+00       0.00000000E+00       0.00000000E+00       0.00000000E+00       0.00000000E+00       0.00000000E+00       0.00000000E+00       0.00000000E+00       0.00000000E+00       0.00000000E+00       0.00000000E+00       0.00000000E+00       0.00000000E+00       0.00000000E+00       0.00000000E+00
     -0.70438003E+02       0.00000000E+00       0.00000000E+00       0.00000000E+00       0.00000000E+00       0.00000000E+00       0.00000000E+00       0.00000000E+00       0.00000000E+00       0.00000000E+00       0.00000000E+00       0.00000000E+00       0.00000000E+00       0.00000000E+00       0.00000000E+00       0.00000000E+00       0.00000000E+00       0.00000000E+00       0.00000000E+00       0.00000000E+00       0.00000000E+00       0.00000000E+00       0.00000000E+00       0.00000000E+00       0.00000000E+00       0.00000000E+00       0.00000000E+00       0.00000000E+00
     -0.70334930E+02       0.00000000E+00       0.00000000E+00       0.00000000E+00       0.00000000E+00       0.00000000E+00       0.00000000E+00       0.00000000E+00       0.00000000E+00       0.00000000E+00       0.00000000E+00       0.00000000E+00       0.00000000E+00       0.00000000E+00       0.00000000E+00       0.00000000E+00       0.00000000E+00       0.00000000E+00       0.00000000E+00       0.00000000E+00       0.00000000E+00       0.00000000E+00       0.00000000E+00       0.00000000E+00       0.00000000E+00       0.00000000E+00       0.00000000E+00       0.00000000E+00
     -0.70231856E+02       0.00000000E+00       0.00000000E+00       0.00000000E+00       0.00000000E+00       0.00000000E+00       0.00000000E+00       0.00000000E+00       0.00000000E+00       0.00000000E+00       0.00000000E+00       0.00000000E+00       0.00000000E+00       0.00000000E+00       0.00000000E+00       0.00000000E+00       0.00000000E+00       0.00000000E+00       0.00000000E+00       0.00000000E+00       0.00000000E+00       0.00000000E+00       0.00000000E+00       0.00000000E+00       0.00000000E+00       0.00000000E+00       0.00000000E+00       0.00000000E+00
     -0.70128783E+02       0.00000000E+00       0.00000000E+00       0.00000000E+00       0.00000000E+00       0.00000000E+00       0.00000000E+00       0.00000000E+00       0.00000000E+00       0.00000000E+00       0.00000000E+00       0.00000000E+00       0.00000000E+00       0.00000000E+00       0.00000000E+00       0.00000000E+00       0.00000000E+00       0.00000000E+00       0.00000000E+00       0.00000000E+00       0.00000000E+00       0.00000000E+00       0.00000000E+00       0.00000000E+00       0.00000000E+00       0.00000000E+00       0.00000000E+00       0.00000000E+00
     -0.70025709E+02       0.00000000E+00       0.00000000E+00       0.00000000E+00       0.00000000E+00       0.00000000E+00       0.00000000E+00       0.00000000E+00       0.00000000E+00       0.00000000E+00       0.00000000E+00       0.00000000E+00       0.00000000E+00       0.00000000E+00       0.00000000E+00       0.00000000E+00       0.00000000E+00       0.00000000E+00       0.00000000E+00       0.00000000E+00       0.00000000E+00       0.00000000E+00       0.00000000E+00       0.00000000E+00       0.00000000E+00       0.00000000E+00       0.00000000E+00       0.00000000E+00
     -0.69922636E+02       0.00000000E+00       0.00000000E+00       0.00000000E+00       0.00000000E+00       0.00000000E+00       0.00000000E+00       0.00000000E+00       0.00000000E+00       0.00000000E+00       0.00000000E+00       0.00000000E+00       0.00000000E+00       0.00000000E+00       0.00000000E+00       0.00000000E+00       0.00000000E+00       0.00000000E+00       0.00000000E+00       0.00000000E+00       0.00000000E+00       0.00000000E+00       0.00000000E+00       0.00000000E+00       0.00000000E+00       0.00000000E+00       0.00000000E+00       0.00000000E+00
     -0.69819562E+02       0.00000000E+00       0.00000000E+00       0.00000000E+00       0.00000000E+00       0.00000000E+00       0.00000000E+00       0.00000000E+00       0.00000000E+00       0.00000000E+00       0.00000000E+00       0.00000000E+00       0.00000000E+00       0.00000000E+00       0.00000000E+00       0.00000000E+00       0.00000000E+00       0.00000000E+00       0.00000000E+00       0.00000000E+00       0.00000000E+00       0.00000000E+00       0.00000000E+00       0.00000000E+00       0.00000000E+00       0.00000000E+00       0.00000000E+00       0.00000000E+00
     -0.69716489E+02       0.00000000E+00       0.00000000E+00       0.00000000E+00       0.00000000E+00       0.00000000E+00       0.00000000E+00       0.00000000E+00       0.00000000E+00       0.00000000E+00       0.00000000E+00       0.00000000E+00       0.00000000E+00       0.00000000E+00       0.00000000E+00       0.00000000E+00       0.00000000E+00       0.00000000E+00       0.00000000E+00       0.00000000E+00       0.00000000E+00       0.00000000E+00       0.00000000E+00       0.00000000E+00       0.00000000E+00       0.00000000E+00       0.00000000E+00       0.00000000E+00
     -0.69613416E+02       0.00000000E+00       0.00000000E+00       0.00000000E+00       0.00000000E+00       0.00000000E+00       0.00000000E+00       0.00000000E+00       0.00000000E+00       0.00000000E+00       0.00000000E+00       0.00000000E+00       0.00000000E+00       0.00000000E+00       0.00000000E+00       0.00000000E+00       0.00000000E+00       0.00000000E+00       0.00000000E+00       0.00000000E+00       0.00000000E+00       0.00000000E+00       0.00000000E+00       0.00000000E+00       0.00000000E+00       0.00000000E+00       0.00000000E+00       0.00000000E+00
     -0.69510342E+02       0.00000000E+00       0.00000000E+00       0.00000000E+00       0.00000000E+00       0.00000000E+00       0.00000000E+00       0.00000000E+00       0.00000000E+00       0.00000000E+00       0.00000000E+00       0.00000000E+00       0.00000000E+00       0.00000000E+00       0.00000000E+00       0.00000000E+00       0.00000000E+00       0.00000000E+00       0.00000000E+00       0.00000000E+00       0.00000000E+00       0.00000000E+00       0.00000000E+00       0.00000000E+00       0.00000000E+00       0.00000000E+00       0.00000000E+00       0.00000000E+00
     -0.69407269E+02       0.00000000E+00       0.00000000E+00       0.00000000E+00       0.00000000E+00       0.00000000E+00       0.00000000E+00       0.00000000E+00       0.00000000E+00       0.00000000E+00       0.00000000E+00       0.00000000E+00       0.00000000E+00       0.00000000E+00       0.00000000E+00       0.00000000E+00       0.00000000E+00       0.00000000E+00       0.00000000E+00       0.00000000E+00       0.00000000E+00       0.00000000E+00       0.00000000E+00       0.00000000E+00       0.00000000E+00       0.00000000E+00       0.00000000E+00       0.00000000E+00
     -0.69304195E+02       0.00000000E+00       0.00000000E+00       0.00000000E+00       0.00000000E+00       0.00000000E+00       0.00000000E+00       0.00000000E+00       0.00000000E+00       0.00000000E+00       0.00000000E+00       0.00000000E+00       0.00000000E+00       0.00000000E+00       0.00000000E+00       0.00000000E+00       0.00000000E+00       0.00000000E+00       0.00000000E+00       0.00000000E+00       0.00000000E+00       0.00000000E+00       0.00000000E+00       0.00000000E+00       0.00000000E+00       0.00000000E+00       0.00000000E+00       0.00000000E+00
     -0.69201122E+02       0.00000000E+00       0.00000000E+00       0.00000000E+00       0.00000000E+00       0.00000000E+00       0.00000000E+00       0.00000000E+00       0.00000000E+00       0.00000000E+00       0.00000000E+00       0.00000000E+00       0.00000000E+00       0.00000000E+00       0.00000000E+00       0.00000000E+00       0.00000000E+00       0.00000000E+00       0.00000000E+00       0.00000000E+00       0.00000000E+00       0.00000000E+00       0.00000000E+00       0.00000000E+00       0.00000000E+00       0.00000000E+00       0.00000000E+00       0.00000000E+00
     -0.69098048E+02       0.00000000E+00       0.00000000E+00       0.00000000E+00       0.00000000E+00       0.00000000E+00       0.00000000E+00       0.00000000E+00       0.00000000E+00       0.00000000E+00       0.00000000E+00       0.00000000E+00       0.00000000E+00       0.00000000E+00       0.00000000E+00       0.00000000E+00       0.00000000E+00       0.00000000E+00       0.00000000E+00       0.00000000E+00       0.00000000E+00       0.00000000E+00       0.00000000E+00       0.00000000E+00       0.00000000E+00       0.00000000E+00       0.00000000E+00       0.00000000E+00
     -0.68994975E+02       0.00000000E+00       0.00000000E+00       0.00000000E+00       0.00000000E+00       0.00000000E+00       0.00000000E+00       0.00000000E+00       0.00000000E+00       0.00000000E+00       0.00000000E+00       0.00000000E+00       0.00000000E+00       0.00000000E+00       0.00000000E+00       0.00000000E+00       0.00000000E+00       0.00000000E+00       0.00000000E+00       0.00000000E+00       0.00000000E+00       0.00000000E+00       0.00000000E+00       0.00000000E+00       0.00000000E+00       0.00000000E+00       0.00000000E+00       0.00000000E+00
     -0.68891902E+02       0.00000000E+00       0.00000000E+00       0.00000000E+00       0.00000000E+00       0.00000000E+00       0.00000000E+00       0.00000000E+00       0.00000000E+00       0.00000000E+00       0.00000000E+00       0.00000000E+00       0.00000000E+00       0.00000000E+00       0.00000000E+00       0.00000000E+00       0.00000000E+00       0.00000000E+00       0.00000000E+00       0.00000000E+00       0.00000000E+00       0.00000000E+00       0.00000000E+00       0.00000000E+00       0.00000000E+00       0.00000000E+00       0.00000000E+00       0.00000000E+00
     -0.68788828E+02       0.00000000E+00       0.00000000E+00       0.00000000E+00       0.00000000E+00       0.00000000E+00       0.00000000E+00       0.00000000E+00       0.00000000E+00       0.00000000E+00       0.00000000E+00       0.00000000E+00       0.00000000E+00       0.00000000E+00       0.00000000E+00       0.00000000E+00       0.00000000E+00       0.00000000E+00       0.00000000E+00       0.00000000E+00       0.00000000E+00       0.00000000E+00       0.00000000E+00       0.00000000E+00       0.00000000E+00       0.00000000E+00       0.00000000E+00       0.00000000E+00
     -0.68685755E+02       0.00000000E+00       0.00000000E+00       0.00000000E+00       0.00000000E+00       0.00000000E+00       0.00000000E+00       0.00000000E+00       0.00000000E+00       0.00000000E+00       0.00000000E+00       0.00000000E+00       0.00000000E+00       0.00000000E+00       0.00000000E+00       0.00000000E+00       0.00000000E+00       0.00000000E+00       0.00000000E+00       0.00000000E+00       0.00000000E+00       0.00000000E+00       0.00000000E+00       0.00000000E+00       0.00000000E+00       0.00000000E+00       0.00000000E+00       0.00000000E+00
     -0.68582681E+02       0.00000000E+00       0.00000000E+00       0.00000000E+00       0.00000000E+00       0.00000000E+00       0.00000000E+00       0.00000000E+00       0.00000000E+00       0.00000000E+00       0.00000000E+00       0.00000000E+00       0.00000000E+00       0.00000000E+00       0.00000000E+00       0.00000000E+00       0.00000000E+00       0.00000000E+00       0.00000000E+00       0.00000000E+00       0.00000000E+00       0.00000000E+00       0.00000000E+00       0.00000000E+00       0.00000000E+00       0.00000000E+00       0.00000000E+00       0.00000000E+00
     -0.68479608E+02       0.00000000E+00       0.00000000E+00       0.00000000E+00       0.00000000E+00       0.00000000E+00       0.00000000E+00       0.00000000E+00       0.00000000E+00       0.00000000E+00       0.00000000E+00       0.00000000E+00       0.00000000E+00       0.00000000E+00       0.00000000E+00       0.00000000E+00       0.00000000E+00       0.00000000E+00       0.00000000E+00       0.00000000E+00       0.00000000E+00       0.00000000E+00       0.00000000E+00       0.00000000E+00       0.00000000E+00       0.00000000E+00       0.00000000E+00       0.00000000E+00
     -0.68376534E+02       0.00000000E+00       0.00000000E+00       0.00000000E+00       0.00000000E+00       0.00000000E+00       0.00000000E+00       0.00000000E+00       0.00000000E+00       0.00000000E+00       0.00000000E+00       0.00000000E+00       0.00000000E+00       0.00000000E+00       0.00000000E+00       0.00000000E+00       0.00000000E+00       0.00000000E+00       0.00000000E+00       0.00000000E+00       0.00000000E+00       0.00000000E+00       0.00000000E+00       0.00000000E+00       0.00000000E+00       0.00000000E+00       0.00000000E+00       0.00000000E+00
     -0.68273461E+02       0.00000000E+00       0.00000000E+00       0.00000000E+00       0.00000000E+00       0.00000000E+00       0.00000000E+00       0.00000000E+00       0.00000000E+00       0.00000000E+00       0.00000000E+00       0.00000000E+00       0.00000000E+00       0.00000000E+00       0.00000000E+00       0.00000000E+00       0.00000000E+00       0.00000000E+00       0.00000000E+00       0.00000000E+00       0.00000000E+00       0.00000000E+00       0.00000000E+00       0.00000000E+00       0.00000000E+00       0.00000000E+00       0.00000000E+00       0.00000000E+00
     -0.68170387E+02       0.00000000E+00       0.00000000E+00       0.00000000E+00       0.00000000E+00       0.00000000E+00       0.00000000E+00       0.00000000E+00       0.00000000E+00       0.00000000E+00       0.00000000E+00       0.00000000E+00       0.00000000E+00       0.00000000E+00       0.00000000E+00       0.00000000E+00       0.00000000E+00       0.00000000E+00       0.00000000E+00       0.00000000E+00       0.00000000E+00       0.00000000E+00       0.00000000E+00       0.00000000E+00       0.00000000E+00       0.00000000E+00       0.00000000E+00       0.00000000E+00
     -0.68067314E+02       0.00000000E+00       0.00000000E+00       0.00000000E+00       0.00000000E+00       0.00000000E+00       0.00000000E+00       0.00000000E+00       0.00000000E+00       0.00000000E+00       0.00000000E+00       0.00000000E+00       0.00000000E+00       0.00000000E+00       0.00000000E+00       0.00000000E+00       0.00000000E+00       0.00000000E+00       0.00000000E+00       0.00000000E+00       0.00000000E+00       0.00000000E+00       0.00000000E+00       0.00000000E+00       0.00000000E+00       0.00000000E+00       0.00000000E+00       0.00000000E+00
     -0.67964241E+02       0.00000000E+00       0.00000000E+00       0.00000000E+00       0.00000000E+00       0.00000000E+00       0.00000000E+00       0.00000000E+00       0.00000000E+00       0.00000000E+00       0.00000000E+00       0.00000000E+00       0.00000000E+00       0.00000000E+00       0.00000000E+00       0.00000000E+00       0.00000000E+00       0.00000000E+00       0.00000000E+00       0.00000000E+00       0.00000000E+00       0.00000000E+00       0.00000000E+00       0.00000000E+00       0.00000000E+00       0.00000000E+00       0.00000000E+00       0.00000000E+00
     -0.67861167E+02       0.00000000E+00       0.00000000E+00       0.00000000E+00       0.00000000E+00       0.00000000E+00       0.00000000E+00       0.00000000E+00       0.00000000E+00       0.00000000E+00       0.00000000E+00       0.00000000E+00       0.00000000E+00       0.00000000E+00       0.00000000E+00       0.00000000E+00       0.00000000E+00       0.00000000E+00       0.00000000E+00       0.00000000E+00       0.00000000E+00       0.00000000E+00       0.00000000E+00       0.00000000E+00       0.00000000E+00       0.00000000E+00       0.00000000E+00       0.00000000E+00
     -0.67758094E+02       0.00000000E+00       0.00000000E+00       0.00000000E+00       0.00000000E+00       0.00000000E+00       0.00000000E+00       0.00000000E+00       0.00000000E+00       0.00000000E+00       0.00000000E+00       0.00000000E+00       0.00000000E+00       0.00000000E+00       0.00000000E+00       0.00000000E+00       0.00000000E+00       0.00000000E+00       0.00000000E+00       0.00000000E+00       0.00000000E+00       0.00000000E+00       0.00000000E+00       0.00000000E+00       0.00000000E+00       0.00000000E+00       0.00000000E+00       0.00000000E+00
     -0.67655020E+02       0.00000000E+00       0.00000000E+00       0.00000000E+00       0.00000000E+00       0.00000000E+00       0.00000000E+00       0.00000000E+00       0.00000000E+00       0.00000000E+00       0.00000000E+00       0.00000000E+00       0.00000000E+00       0.00000000E+00       0.00000000E+00       0.00000000E+00       0.00000000E+00       0.00000000E+00       0.00000000E+00       0.00000000E+00       0.00000000E+00       0.00000000E+00       0.00000000E+00       0.00000000E+00       0.00000000E+00       0.00000000E+00       0.00000000E+00       0.00000000E+00
     -0.67551947E+02       0.00000000E+00       0.00000000E+00       0.00000000E+00       0.00000000E+00       0.00000000E+00       0.00000000E+00       0.00000000E+00       0.00000000E+00       0.00000000E+00       0.00000000E+00       0.00000000E+00       0.00000000E+00       0.00000000E+00       0.00000000E+00       0.00000000E+00       0.00000000E+00       0.00000000E+00       0.00000000E+00       0.00000000E+00       0.00000000E+00       0.00000000E+00       0.00000000E+00       0.00000000E+00       0.00000000E+00       0.00000000E+00       0.00000000E+00       0.00000000E+00
     -0.67448873E+02       0.00000000E+00       0.00000000E+00       0.00000000E+00       0.00000000E+00       0.00000000E+00       0.00000000E+00       0.00000000E+00       0.00000000E+00       0.00000000E+00       0.00000000E+00       0.00000000E+00       0.00000000E+00       0.00000000E+00       0.00000000E+00       0.00000000E+00       0.00000000E+00       0.00000000E+00       0.00000000E+00       0.00000000E+00       0.00000000E+00       0.00000000E+00       0.00000000E+00       0.00000000E+00       0.00000000E+00       0.00000000E+00       0.00000000E+00       0.00000000E+00
     -0.67345800E+02       0.00000000E+00       0.00000000E+00       0.00000000E+00       0.00000000E+00       0.00000000E+00       0.00000000E+00       0.00000000E+00       0.00000000E+00       0.00000000E+00       0.00000000E+00       0.00000000E+00       0.00000000E+00       0.00000000E+00       0.00000000E+00       0.00000000E+00       0.00000000E+00       0.00000000E+00       0.00000000E+00       0.00000000E+00       0.00000000E+00       0.00000000E+00       0.00000000E+00       0.00000000E+00       0.00000000E+00       0.00000000E+00       0.00000000E+00       0.00000000E+00
     -0.67242727E+02       0.00000000E+00       0.00000000E+00       0.00000000E+00       0.00000000E+00       0.00000000E+00       0.00000000E+00       0.00000000E+00       0.00000000E+00       0.00000000E+00       0.00000000E+00       0.00000000E+00       0.00000000E+00       0.00000000E+00       0.00000000E+00       0.00000000E+00       0.00000000E+00       0.00000000E+00       0.00000000E+00       0.00000000E+00       0.00000000E+00       0.00000000E+00       0.00000000E+00       0.00000000E+00       0.00000000E+00       0.00000000E+00       0.00000000E+00       0.00000000E+00
     -0.67139653E+02       0.00000000E+00       0.00000000E+00       0.00000000E+00       0.00000000E+00       0.00000000E+00       0.00000000E+00       0.00000000E+00       0.00000000E+00       0.00000000E+00       0.00000000E+00       0.00000000E+00       0.00000000E+00       0.00000000E+00       0.00000000E+00       0.00000000E+00       0.00000000E+00       0.00000000E+00       0.00000000E+00       0.00000000E+00       0.00000000E+00       0.00000000E+00       0.00000000E+00       0.00000000E+00       0.00000000E+00       0.00000000E+00       0.00000000E+00       0.00000000E+00
     -0.67036580E+02       0.00000000E+00       0.00000000E+00       0.00000000E+00       0.00000000E+00       0.00000000E+00       0.00000000E+00       0.00000000E+00       0.00000000E+00       0.00000000E+00       0.00000000E+00       0.00000000E+00       0.00000000E+00       0.00000000E+00       0.00000000E+00       0.00000000E+00       0.00000000E+00       0.00000000E+00       0.00000000E+00       0.00000000E+00       0.00000000E+00       0.00000000E+00       0.00000000E+00       0.00000000E+00       0.00000000E+00       0.00000000E+00       0.00000000E+00       0.00000000E+00
     -0.66933506E+02       0.00000000E+00       0.00000000E+00       0.00000000E+00       0.00000000E+00       0.00000000E+00       0.00000000E+00       0.00000000E+00       0.00000000E+00       0.00000000E+00       0.00000000E+00       0.00000000E+00       0.00000000E+00       0.00000000E+00       0.00000000E+00       0.00000000E+00       0.00000000E+00       0.00000000E+00       0.00000000E+00       0.00000000E+00       0.00000000E+00       0.00000000E+00       0.00000000E+00       0.00000000E+00       0.00000000E+00       0.00000000E+00       0.00000000E+00       0.00000000E+00
     -0.66830433E+02       0.00000000E+00       0.00000000E+00       0.00000000E+00       0.00000000E+00       0.00000000E+00       0.00000000E+00       0.00000000E+00       0.00000000E+00       0.00000000E+00       0.00000000E+00       0.00000000E+00       0.00000000E+00       0.00000000E+00       0.00000000E+00       0.00000000E+00       0.00000000E+00       0.00000000E+00       0.00000000E+00       0.00000000E+00       0.00000000E+00       0.00000000E+00       0.00000000E+00       0.00000000E+00       0.00000000E+00       0.00000000E+00       0.00000000E+00       0.00000000E+00
     -0.66727359E+02       0.00000000E+00       0.00000000E+00       0.00000000E+00       0.00000000E+00       0.00000000E+00       0.00000000E+00       0.00000000E+00       0.00000000E+00       0.00000000E+00       0.00000000E+00       0.00000000E+00       0.00000000E+00       0.00000000E+00       0.00000000E+00       0.00000000E+00       0.00000000E+00       0.00000000E+00       0.00000000E+00       0.00000000E+00       0.00000000E+00       0.00000000E+00       0.00000000E+00       0.00000000E+00       0.00000000E+00       0.00000000E+00       0.00000000E+00       0.00000000E+00
     -0.66624286E+02       0.00000000E+00       0.00000000E+00       0.00000000E+00       0.00000000E+00       0.00000000E+00       0.00000000E+00       0.00000000E+00       0.00000000E+00       0.00000000E+00       0.00000000E+00       0.00000000E+00       0.00000000E+00       0.00000000E+00       0.00000000E+00       0.00000000E+00       0.00000000E+00       0.00000000E+00       0.00000000E+00       0.00000000E+00       0.00000000E+00       0.00000000E+00       0.00000000E+00       0.00000000E+00       0.00000000E+00       0.00000000E+00       0.00000000E+00       0.00000000E+00
     -0.66521213E+02       0.00000000E+00       0.00000000E+00       0.00000000E+00       0.00000000E+00       0.00000000E+00       0.00000000E+00       0.00000000E+00       0.00000000E+00       0.00000000E+00       0.00000000E+00       0.00000000E+00       0.00000000E+00       0.00000000E+00       0.00000000E+00       0.00000000E+00       0.00000000E+00       0.00000000E+00       0.00000000E+00       0.00000000E+00       0.00000000E+00       0.00000000E+00       0.00000000E+00       0.00000000E+00       0.00000000E+00       0.00000000E+00       0.00000000E+00       0.00000000E+00
     -0.66418139E+02       0.00000000E+00       0.00000000E+00       0.00000000E+00       0.00000000E+00       0.00000000E+00       0.00000000E+00       0.00000000E+00       0.00000000E+00       0.00000000E+00       0.00000000E+00       0.00000000E+00       0.00000000E+00       0.00000000E+00       0.00000000E+00       0.00000000E+00       0.00000000E+00       0.00000000E+00       0.00000000E+00       0.00000000E+00       0.00000000E+00       0.00000000E+00       0.00000000E+00       0.00000000E+00       0.00000000E+00       0.00000000E+00       0.00000000E+00       0.00000000E+00
     -0.66315066E+02       0.00000000E+00       0.00000000E+00       0.00000000E+00       0.00000000E+00       0.00000000E+00       0.00000000E+00       0.00000000E+00       0.00000000E+00       0.00000000E+00       0.00000000E+00       0.00000000E+00       0.00000000E+00       0.00000000E+00       0.00000000E+00       0.00000000E+00       0.00000000E+00       0.00000000E+00       0.00000000E+00       0.00000000E+00       0.00000000E+00       0.00000000E+00       0.00000000E+00       0.00000000E+00       0.00000000E+00       0.00000000E+00       0.00000000E+00       0.00000000E+00
     -0.66211992E+02       0.00000000E+00       0.00000000E+00       0.00000000E+00       0.00000000E+00       0.00000000E+00       0.00000000E+00       0.00000000E+00       0.00000000E+00       0.00000000E+00       0.00000000E+00       0.00000000E+00       0.00000000E+00       0.00000000E+00       0.00000000E+00       0.00000000E+00       0.00000000E+00       0.00000000E+00       0.00000000E+00       0.00000000E+00       0.00000000E+00       0.00000000E+00       0.00000000E+00       0.00000000E+00       0.00000000E+00       0.00000000E+00       0.00000000E+00       0.00000000E+00
     -0.66108919E+02       0.00000000E+00       0.00000000E+00       0.00000000E+00       0.00000000E+00       0.00000000E+00       0.00000000E+00       0.00000000E+00       0.00000000E+00       0.00000000E+00       0.00000000E+00       0.00000000E+00       0.00000000E+00       0.00000000E+00       0.00000000E+00       0.00000000E+00       0.00000000E+00       0.00000000E+00       0.00000000E+00       0.00000000E+00       0.00000000E+00       0.00000000E+00       0.00000000E+00       0.00000000E+00       0.00000000E+00       0.00000000E+00       0.00000000E+00       0.00000000E+00
     -0.66005845E+02       0.00000000E+00       0.00000000E+00       0.00000000E+00       0.00000000E+00       0.00000000E+00       0.00000000E+00       0.00000000E+00       0.00000000E+00       0.00000000E+00       0.00000000E+00       0.00000000E+00       0.00000000E+00       0.00000000E+00       0.00000000E+00       0.00000000E+00       0.00000000E+00       0.00000000E+00       0.00000000E+00       0.00000000E+00       0.00000000E+00       0.00000000E+00       0.00000000E+00       0.00000000E+00       0.00000000E+00       0.00000000E+00       0.00000000E+00       0.00000000E+00
     -0.65902772E+02       0.00000000E+00       0.00000000E+00       0.00000000E+00       0.00000000E+00       0.00000000E+00       0.00000000E+00       0.00000000E+00       0.00000000E+00       0.00000000E+00       0.00000000E+00       0.00000000E+00       0.00000000E+00       0.00000000E+00       0.00000000E+00       0.00000000E+00       0.00000000E+00       0.00000000E+00       0.00000000E+00       0.00000000E+00       0.00000000E+00       0.00000000E+00       0.00000000E+00       0.00000000E+00       0.00000000E+00       0.00000000E+00       0.00000000E+00       0.00000000E+00
     -0.65799699E+02       0.00000000E+00       0.00000000E+00       0.00000000E+00       0.00000000E+00       0.00000000E+00       0.00000000E+00       0.00000000E+00       0.00000000E+00       0.00000000E+00       0.00000000E+00       0.00000000E+00       0.00000000E+00       0.00000000E+00       0.00000000E+00       0.00000000E+00       0.00000000E+00       0.00000000E+00       0.00000000E+00       0.00000000E+00       0.00000000E+00       0.00000000E+00       0.00000000E+00       0.00000000E+00       0.00000000E+00       0.00000000E+00       0.00000000E+00       0.00000000E+00
     -0.65696625E+02       0.00000000E+00       0.00000000E+00       0.00000000E+00       0.00000000E+00       0.00000000E+00       0.00000000E+00       0.00000000E+00       0.00000000E+00       0.00000000E+00       0.00000000E+00       0.00000000E+00       0.00000000E+00       0.00000000E+00       0.00000000E+00       0.00000000E+00       0.00000000E+00       0.00000000E+00       0.00000000E+00       0.00000000E+00       0.00000000E+00       0.00000000E+00       0.00000000E+00       0.00000000E+00       0.00000000E+00       0.00000000E+00       0.00000000E+00       0.00000000E+00
     -0.65593552E+02       0.00000000E+00       0.00000000E+00       0.00000000E+00       0.00000000E+00       0.00000000E+00       0.00000000E+00       0.00000000E+00       0.00000000E+00       0.00000000E+00       0.00000000E+00       0.00000000E+00       0.00000000E+00       0.00000000E+00       0.00000000E+00       0.00000000E+00       0.00000000E+00       0.00000000E+00       0.00000000E+00       0.00000000E+00       0.00000000E+00       0.00000000E+00       0.00000000E+00       0.00000000E+00       0.00000000E+00       0.00000000E+00       0.00000000E+00       0.00000000E+00
     -0.65490478E+02       0.00000000E+00       0.00000000E+00       0.00000000E+00       0.00000000E+00       0.00000000E+00       0.00000000E+00       0.00000000E+00       0.00000000E+00       0.00000000E+00       0.00000000E+00       0.00000000E+00       0.00000000E+00       0.00000000E+00       0.00000000E+00       0.00000000E+00       0.00000000E+00       0.00000000E+00       0.00000000E+00       0.00000000E+00       0.00000000E+00       0.00000000E+00       0.00000000E+00       0.00000000E+00       0.00000000E+00       0.00000000E+00       0.00000000E+00       0.00000000E+00
     -0.65387405E+02       0.00000000E+00       0.00000000E+00       0.00000000E+00       0.00000000E+00       0.00000000E+00       0.00000000E+00       0.00000000E+00       0.00000000E+00       0.00000000E+00       0.00000000E+00       0.00000000E+00       0.00000000E+00       0.00000000E+00       0.00000000E+00       0.00000000E+00       0.00000000E+00       0.00000000E+00       0.00000000E+00       0.00000000E+00       0.00000000E+00       0.00000000E+00       0.00000000E+00       0.00000000E+00       0.00000000E+00       0.00000000E+00       0.00000000E+00       0.00000000E+00
     -0.65284331E+02       0.00000000E+00       0.00000000E+00       0.00000000E+00       0.00000000E+00       0.00000000E+00       0.00000000E+00       0.00000000E+00       0.00000000E+00       0.00000000E+00       0.00000000E+00       0.00000000E+00       0.00000000E+00       0.00000000E+00       0.00000000E+00       0.00000000E+00       0.00000000E+00       0.00000000E+00       0.00000000E+00       0.00000000E+00       0.00000000E+00       0.00000000E+00       0.00000000E+00       0.00000000E+00       0.00000000E+00       0.00000000E+00       0.00000000E+00       0.00000000E+00
     -0.65181258E+02       0.00000000E+00       0.00000000E+00       0.00000000E+00       0.00000000E+00       0.00000000E+00       0.00000000E+00       0.00000000E+00       0.00000000E+00       0.00000000E+00       0.00000000E+00       0.00000000E+00       0.00000000E+00       0.00000000E+00       0.00000000E+00       0.00000000E+00       0.00000000E+00       0.00000000E+00       0.00000000E+00       0.00000000E+00       0.00000000E+00       0.00000000E+00       0.00000000E+00       0.00000000E+00       0.00000000E+00       0.00000000E+00       0.00000000E+00       0.00000000E+00
     -0.65078184E+02       0.00000000E+00       0.00000000E+00       0.00000000E+00       0.00000000E+00       0.00000000E+00       0.00000000E+00       0.00000000E+00       0.00000000E+00       0.00000000E+00       0.00000000E+00       0.00000000E+00       0.00000000E+00       0.00000000E+00       0.00000000E+00       0.00000000E+00       0.00000000E+00       0.00000000E+00       0.00000000E+00       0.00000000E+00       0.00000000E+00       0.00000000E+00       0.00000000E+00       0.00000000E+00       0.00000000E+00       0.00000000E+00       0.00000000E+00       0.00000000E+00
     -0.64975111E+02       0.00000000E+00       0.00000000E+00       0.00000000E+00       0.00000000E+00       0.00000000E+00       0.00000000E+00       0.00000000E+00       0.00000000E+00       0.00000000E+00       0.00000000E+00       0.00000000E+00       0.00000000E+00       0.00000000E+00       0.00000000E+00       0.00000000E+00       0.00000000E+00       0.00000000E+00       0.00000000E+00       0.00000000E+00       0.00000000E+00       0.00000000E+00       0.00000000E+00       0.00000000E+00       0.00000000E+00       0.00000000E+00       0.00000000E+00       0.00000000E+00
     -0.64872038E+02       0.00000000E+00       0.00000000E+00       0.00000000E+00       0.00000000E+00       0.00000000E+00       0.00000000E+00       0.00000000E+00       0.00000000E+00       0.00000000E+00       0.00000000E+00       0.00000000E+00       0.00000000E+00       0.00000000E+00       0.00000000E+00       0.00000000E+00       0.00000000E+00       0.00000000E+00       0.00000000E+00       0.00000000E+00       0.00000000E+00       0.00000000E+00       0.00000000E+00       0.00000000E+00       0.00000000E+00       0.00000000E+00       0.00000000E+00       0.00000000E+00
     -0.64768964E+02       0.00000000E+00       0.00000000E+00       0.00000000E+00       0.00000000E+00       0.00000000E+00       0.00000000E+00       0.00000000E+00       0.00000000E+00       0.00000000E+00       0.00000000E+00       0.00000000E+00       0.00000000E+00       0.00000000E+00       0.00000000E+00       0.00000000E+00       0.00000000E+00       0.00000000E+00       0.00000000E+00       0.00000000E+00       0.00000000E+00       0.00000000E+00       0.00000000E+00       0.00000000E+00       0.00000000E+00       0.00000000E+00       0.00000000E+00       0.00000000E+00
     -0.64665891E+02       0.00000000E+00       0.00000000E+00       0.00000000E+00       0.00000000E+00       0.00000000E+00       0.00000000E+00       0.00000000E+00       0.00000000E+00       0.00000000E+00       0.00000000E+00       0.00000000E+00       0.00000000E+00       0.00000000E+00       0.00000000E+00       0.00000000E+00       0.00000000E+00       0.00000000E+00       0.00000000E+00       0.00000000E+00       0.00000000E+00       0.00000000E+00       0.00000000E+00       0.00000000E+00       0.00000000E+00       0.00000000E+00       0.00000000E+00       0.00000000E+00
     -0.64562817E+02       0.00000000E+00       0.00000000E+00       0.00000000E+00       0.00000000E+00       0.00000000E+00       0.00000000E+00       0.00000000E+00       0.00000000E+00       0.00000000E+00       0.00000000E+00       0.00000000E+00       0.00000000E+00       0.00000000E+00       0.00000000E+00       0.00000000E+00       0.00000000E+00       0.00000000E+00       0.00000000E+00       0.00000000E+00       0.00000000E+00       0.00000000E+00       0.00000000E+00       0.00000000E+00       0.00000000E+00       0.00000000E+00       0.00000000E+00       0.00000000E+00
     -0.64459744E+02       0.00000000E+00       0.00000000E+00       0.00000000E+00       0.00000000E+00       0.00000000E+00       0.00000000E+00       0.00000000E+00       0.00000000E+00       0.00000000E+00       0.00000000E+00       0.00000000E+00       0.00000000E+00       0.00000000E+00       0.00000000E+00       0.00000000E+00       0.00000000E+00       0.00000000E+00       0.00000000E+00       0.00000000E+00       0.00000000E+00       0.00000000E+00       0.00000000E+00       0.00000000E+00       0.00000000E+00       0.00000000E+00       0.00000000E+00       0.00000000E+00
     -0.64356670E+02       0.00000000E+00       0.00000000E+00       0.00000000E+00       0.00000000E+00       0.00000000E+00       0.00000000E+00       0.00000000E+00       0.00000000E+00       0.00000000E+00       0.00000000E+00       0.00000000E+00       0.00000000E+00       0.00000000E+00       0.00000000E+00       0.00000000E+00       0.00000000E+00       0.00000000E+00       0.00000000E+00       0.00000000E+00       0.00000000E+00       0.00000000E+00       0.00000000E+00       0.00000000E+00       0.00000000E+00       0.00000000E+00       0.00000000E+00       0.00000000E+00
     -0.64253597E+02       0.00000000E+00       0.00000000E+00       0.00000000E+00       0.00000000E+00       0.00000000E+00       0.00000000E+00       0.00000000E+00       0.00000000E+00       0.00000000E+00       0.00000000E+00       0.00000000E+00       0.00000000E+00       0.00000000E+00       0.00000000E+00       0.00000000E+00       0.00000000E+00       0.00000000E+00       0.00000000E+00       0.00000000E+00       0.00000000E+00       0.00000000E+00       0.00000000E+00       0.00000000E+00       0.00000000E+00       0.00000000E+00       0.00000000E+00       0.00000000E+00
     -0.64150524E+02       0.00000000E+00       0.00000000E+00       0.00000000E+00       0.00000000E+00       0.00000000E+00       0.00000000E+00       0.00000000E+00       0.00000000E+00       0.00000000E+00       0.00000000E+00       0.00000000E+00       0.00000000E+00       0.00000000E+00       0.00000000E+00       0.00000000E+00       0.00000000E+00       0.00000000E+00       0.00000000E+00       0.00000000E+00       0.00000000E+00       0.00000000E+00       0.00000000E+00       0.00000000E+00       0.00000000E+00       0.00000000E+00       0.00000000E+00       0.00000000E+00
     -0.64047450E+02       0.00000000E+00       0.00000000E+00       0.00000000E+00       0.00000000E+00       0.00000000E+00       0.00000000E+00       0.00000000E+00       0.00000000E+00       0.00000000E+00       0.00000000E+00       0.00000000E+00       0.00000000E+00       0.00000000E+00       0.00000000E+00       0.00000000E+00       0.00000000E+00       0.00000000E+00       0.00000000E+00       0.00000000E+00       0.00000000E+00       0.00000000E+00       0.00000000E+00       0.00000000E+00       0.00000000E+00       0.00000000E+00       0.00000000E+00       0.00000000E+00
     -0.63944377E+02       0.00000000E+00       0.00000000E+00       0.00000000E+00       0.00000000E+00       0.00000000E+00       0.00000000E+00       0.00000000E+00       0.00000000E+00       0.00000000E+00       0.00000000E+00       0.00000000E+00       0.00000000E+00       0.00000000E+00       0.00000000E+00       0.00000000E+00       0.00000000E+00       0.00000000E+00       0.00000000E+00       0.00000000E+00       0.00000000E+00       0.00000000E+00       0.00000000E+00       0.00000000E+00       0.00000000E+00       0.00000000E+00       0.00000000E+00       0.00000000E+00
     -0.63841303E+02       0.00000000E+00       0.00000000E+00       0.00000000E+00       0.00000000E+00       0.00000000E+00       0.00000000E+00       0.00000000E+00       0.00000000E+00       0.00000000E+00       0.00000000E+00       0.00000000E+00       0.00000000E+00       0.00000000E+00       0.00000000E+00       0.00000000E+00       0.00000000E+00       0.00000000E+00       0.00000000E+00       0.00000000E+00       0.00000000E+00       0.00000000E+00       0.00000000E+00       0.00000000E+00       0.00000000E+00       0.00000000E+00       0.00000000E+00       0.00000000E+00
     -0.63738230E+02       0.00000000E+00       0.00000000E+00       0.00000000E+00       0.00000000E+00       0.00000000E+00       0.00000000E+00       0.00000000E+00       0.00000000E+00       0.00000000E+00       0.00000000E+00       0.00000000E+00       0.00000000E+00       0.00000000E+00       0.00000000E+00       0.00000000E+00       0.00000000E+00       0.00000000E+00       0.00000000E+00       0.00000000E+00       0.00000000E+00       0.00000000E+00       0.00000000E+00       0.00000000E+00       0.00000000E+00       0.00000000E+00       0.00000000E+00       0.00000000E+00
     -0.63635156E+02       0.00000000E+00       0.00000000E+00       0.00000000E+00       0.00000000E+00       0.00000000E+00       0.00000000E+00       0.00000000E+00       0.00000000E+00       0.00000000E+00       0.00000000E+00       0.00000000E+00       0.00000000E+00       0.00000000E+00       0.00000000E+00       0.00000000E+00       0.00000000E+00       0.00000000E+00       0.00000000E+00       0.00000000E+00       0.00000000E+00       0.00000000E+00       0.00000000E+00       0.00000000E+00       0.00000000E+00       0.00000000E+00       0.00000000E+00       0.00000000E+00
     -0.63532083E+02       0.00000000E+00       0.00000000E+00       0.00000000E+00       0.00000000E+00       0.00000000E+00       0.00000000E+00       0.00000000E+00       0.00000000E+00       0.00000000E+00       0.00000000E+00       0.00000000E+00       0.00000000E+00       0.00000000E+00       0.00000000E+00       0.00000000E+00       0.00000000E+00       0.00000000E+00       0.00000000E+00       0.00000000E+00       0.00000000E+00       0.00000000E+00       0.00000000E+00       0.00000000E+00       0.00000000E+00       0.00000000E+00       0.00000000E+00       0.00000000E+00
     -0.63429010E+02       0.00000000E+00       0.00000000E+00       0.00000000E+00       0.00000000E+00       0.00000000E+00       0.00000000E+00       0.00000000E+00       0.00000000E+00       0.00000000E+00       0.00000000E+00       0.00000000E+00       0.00000000E+00       0.00000000E+00       0.00000000E+00       0.00000000E+00       0.00000000E+00       0.00000000E+00       0.00000000E+00       0.00000000E+00       0.00000000E+00       0.00000000E+00       0.00000000E+00       0.00000000E+00       0.00000000E+00       0.00000000E+00       0.00000000E+00       0.00000000E+00
     -0.63325936E+02       0.00000000E+00       0.00000000E+00       0.00000000E+00       0.00000000E+00       0.00000000E+00       0.00000000E+00       0.00000000E+00       0.00000000E+00       0.00000000E+00       0.00000000E+00       0.00000000E+00       0.00000000E+00       0.00000000E+00       0.00000000E+00       0.00000000E+00       0.00000000E+00       0.00000000E+00       0.00000000E+00       0.00000000E+00       0.00000000E+00       0.00000000E+00       0.00000000E+00       0.00000000E+00       0.00000000E+00       0.00000000E+00       0.00000000E+00       0.00000000E+00
     -0.63222863E+02       0.00000000E+00       0.00000000E+00       0.00000000E+00       0.00000000E+00       0.00000000E+00       0.00000000E+00       0.00000000E+00       0.00000000E+00       0.00000000E+00       0.00000000E+00       0.00000000E+00       0.00000000E+00       0.00000000E+00       0.00000000E+00       0.00000000E+00       0.00000000E+00       0.00000000E+00       0.00000000E+00       0.00000000E+00       0.00000000E+00       0.00000000E+00       0.00000000E+00       0.00000000E+00       0.00000000E+00       0.00000000E+00       0.00000000E+00       0.00000000E+00
     -0.63119789E+02       0.00000000E+00       0.00000000E+00       0.00000000E+00       0.00000000E+00       0.00000000E+00       0.00000000E+00       0.00000000E+00       0.00000000E+00       0.00000000E+00       0.00000000E+00       0.00000000E+00       0.00000000E+00       0.00000000E+00       0.00000000E+00       0.00000000E+00       0.00000000E+00       0.00000000E+00       0.00000000E+00       0.00000000E+00       0.00000000E+00       0.00000000E+00       0.00000000E+00       0.00000000E+00       0.00000000E+00       0.00000000E+00       0.00000000E+00       0.00000000E+00
     -0.63016716E+02       0.00000000E+00       0.00000000E+00       0.00000000E+00       0.00000000E+00       0.00000000E+00       0.00000000E+00       0.00000000E+00       0.00000000E+00       0.00000000E+00       0.00000000E+00       0.00000000E+00       0.00000000E+00       0.00000000E+00       0.00000000E+00       0.00000000E+00       0.00000000E+00       0.00000000E+00       0.00000000E+00       0.00000000E+00       0.00000000E+00       0.00000000E+00       0.00000000E+00       0.00000000E+00       0.00000000E+00       0.00000000E+00       0.00000000E+00       0.00000000E+00
     -0.62913642E+02       0.00000000E+00       0.00000000E+00       0.00000000E+00       0.00000000E+00       0.00000000E+00       0.00000000E+00       0.00000000E+00       0.00000000E+00       0.00000000E+00       0.00000000E+00       0.00000000E+00       0.00000000E+00       0.00000000E+00       0.00000000E+00       0.00000000E+00       0.00000000E+00       0.00000000E+00       0.00000000E+00       0.00000000E+00       0.00000000E+00       0.00000000E+00       0.00000000E+00       0.00000000E+00       0.00000000E+00       0.00000000E+00       0.00000000E+00       0.00000000E+00
     -0.62810569E+02       0.00000000E+00       0.00000000E+00       0.00000000E+00       0.00000000E+00       0.00000000E+00       0.00000000E+00       0.00000000E+00       0.00000000E+00       0.00000000E+00       0.00000000E+00       0.00000000E+00       0.00000000E+00       0.00000000E+00       0.00000000E+00       0.00000000E+00       0.00000000E+00       0.00000000E+00       0.00000000E+00       0.00000000E+00       0.00000000E+00       0.00000000E+00       0.00000000E+00       0.00000000E+00       0.00000000E+00       0.00000000E+00       0.00000000E+00       0.00000000E+00
     -0.62707496E+02       0.00000000E+00       0.00000000E+00       0.00000000E+00       0.00000000E+00       0.00000000E+00       0.00000000E+00       0.00000000E+00       0.00000000E+00       0.00000000E+00       0.00000000E+00       0.00000000E+00       0.00000000E+00       0.00000000E+00       0.00000000E+00       0.00000000E+00       0.00000000E+00       0.00000000E+00       0.00000000E+00       0.00000000E+00       0.00000000E+00       0.00000000E+00       0.00000000E+00       0.00000000E+00       0.00000000E+00       0.00000000E+00       0.00000000E+00       0.00000000E+00
     -0.62604422E+02       0.00000000E+00       0.00000000E+00       0.00000000E+00       0.00000000E+00       0.00000000E+00       0.00000000E+00       0.00000000E+00       0.00000000E+00       0.00000000E+00       0.00000000E+00       0.00000000E+00       0.00000000E+00       0.00000000E+00       0.00000000E+00       0.00000000E+00       0.00000000E+00       0.00000000E+00       0.00000000E+00       0.00000000E+00       0.00000000E+00       0.00000000E+00       0.00000000E+00       0.00000000E+00       0.00000000E+00       0.00000000E+00       0.00000000E+00       0.00000000E+00
     -0.62501349E+02       0.00000000E+00       0.00000000E+00       0.00000000E+00       0.00000000E+00       0.00000000E+00       0.00000000E+00       0.00000000E+00       0.00000000E+00       0.00000000E+00       0.00000000E+00       0.00000000E+00       0.00000000E+00       0.00000000E+00       0.00000000E+00       0.00000000E+00       0.00000000E+00       0.00000000E+00       0.00000000E+00       0.00000000E+00       0.00000000E+00       0.00000000E+00       0.00000000E+00       0.00000000E+00       0.00000000E+00       0.00000000E+00       0.00000000E+00       0.00000000E+00
     -0.62398275E+02       0.00000000E+00       0.00000000E+00       0.00000000E+00       0.00000000E+00       0.00000000E+00       0.00000000E+00       0.00000000E+00       0.00000000E+00       0.00000000E+00       0.00000000E+00       0.00000000E+00       0.00000000E+00       0.00000000E+00       0.00000000E+00       0.00000000E+00       0.00000000E+00       0.00000000E+00       0.00000000E+00       0.00000000E+00       0.00000000E+00       0.00000000E+00       0.00000000E+00       0.00000000E+00       0.00000000E+00       0.00000000E+00       0.00000000E+00       0.00000000E+00
     -0.62295202E+02       0.00000000E+00       0.00000000E+00       0.00000000E+00       0.00000000E+00       0.00000000E+00       0.00000000E+00       0.00000000E+00       0.00000000E+00       0.00000000E+00       0.00000000E+00       0.00000000E+00       0.00000000E+00       0.00000000E+00       0.00000000E+00       0.00000000E+00       0.00000000E+00       0.00000000E+00       0.00000000E+00       0.00000000E+00       0.00000000E+00       0.00000000E+00       0.00000000E+00       0.00000000E+00       0.00000000E+00       0.00000000E+00       0.00000000E+00       0.00000000E+00
     -0.62192128E+02       0.00000000E+00       0.00000000E+00       0.00000000E+00       0.00000000E+00       0.00000000E+00       0.00000000E+00       0.00000000E+00       0.00000000E+00       0.00000000E+00       0.00000000E+00       0.00000000E+00       0.00000000E+00       0.00000000E+00       0.00000000E+00       0.00000000E+00       0.00000000E+00       0.00000000E+00       0.00000000E+00       0.00000000E+00       0.00000000E+00       0.00000000E+00       0.00000000E+00       0.00000000E+00       0.00000000E+00       0.00000000E+00       0.00000000E+00       0.00000000E+00
     -0.62089055E+02       0.00000000E+00       0.00000000E+00       0.00000000E+00       0.00000000E+00       0.00000000E+00       0.00000000E+00       0.00000000E+00       0.00000000E+00       0.00000000E+00       0.00000000E+00       0.00000000E+00       0.00000000E+00       0.00000000E+00       0.00000000E+00       0.00000000E+00       0.00000000E+00       0.00000000E+00       0.00000000E+00       0.00000000E+00       0.00000000E+00       0.00000000E+00       0.00000000E+00       0.00000000E+00       0.00000000E+00       0.00000000E+00       0.00000000E+00       0.00000000E+00
     -0.61985982E+02       0.00000000E+00       0.00000000E+00       0.00000000E+00       0.00000000E+00       0.00000000E+00       0.00000000E+00       0.00000000E+00       0.00000000E+00       0.00000000E+00       0.00000000E+00       0.00000000E+00       0.00000000E+00       0.00000000E+00       0.00000000E+00       0.00000000E+00       0.00000000E+00       0.00000000E+00       0.00000000E+00       0.00000000E+00       0.00000000E+00       0.00000000E+00       0.00000000E+00       0.00000000E+00       0.00000000E+00       0.00000000E+00       0.00000000E+00       0.00000000E+00
     -0.61882908E+02       0.00000000E+00       0.00000000E+00       0.00000000E+00       0.00000000E+00       0.00000000E+00       0.00000000E+00       0.00000000E+00       0.00000000E+00       0.00000000E+00       0.00000000E+00       0.00000000E+00       0.00000000E+00       0.00000000E+00       0.00000000E+00       0.00000000E+00       0.00000000E+00       0.00000000E+00       0.00000000E+00       0.00000000E+00       0.00000000E+00       0.00000000E+00       0.00000000E+00       0.00000000E+00       0.00000000E+00       0.00000000E+00       0.00000000E+00       0.00000000E+00
     -0.61779835E+02       0.00000000E+00       0.00000000E+00       0.00000000E+00       0.00000000E+00       0.00000000E+00       0.00000000E+00       0.00000000E+00       0.00000000E+00       0.00000000E+00       0.00000000E+00       0.00000000E+00       0.00000000E+00       0.00000000E+00       0.00000000E+00       0.00000000E+00       0.00000000E+00       0.00000000E+00       0.00000000E+00       0.00000000E+00       0.00000000E+00       0.00000000E+00       0.00000000E+00       0.00000000E+00       0.00000000E+00       0.00000000E+00       0.00000000E+00       0.00000000E+00
     -0.61676761E+02       0.00000000E+00       0.00000000E+00       0.00000000E+00       0.00000000E+00       0.00000000E+00       0.00000000E+00       0.00000000E+00       0.00000000E+00       0.00000000E+00       0.00000000E+00       0.00000000E+00       0.00000000E+00       0.00000000E+00       0.00000000E+00       0.00000000E+00       0.00000000E+00       0.00000000E+00       0.00000000E+00       0.00000000E+00       0.00000000E+00       0.00000000E+00       0.00000000E+00       0.00000000E+00       0.00000000E+00       0.00000000E+00       0.00000000E+00       0.00000000E+00
     -0.61573688E+02       0.00000000E+00       0.00000000E+00       0.00000000E+00       0.00000000E+00       0.00000000E+00       0.00000000E+00       0.00000000E+00       0.00000000E+00       0.00000000E+00       0.00000000E+00       0.00000000E+00       0.00000000E+00       0.00000000E+00       0.00000000E+00       0.00000000E+00       0.00000000E+00       0.00000000E+00       0.00000000E+00       0.00000000E+00       0.00000000E+00       0.00000000E+00       0.00000000E+00       0.00000000E+00       0.00000000E+00       0.00000000E+00       0.00000000E+00       0.00000000E+00
     -0.61470614E+02       0.00000000E+00       0.00000000E+00       0.00000000E+00       0.00000000E+00       0.00000000E+00       0.00000000E+00       0.00000000E+00       0.00000000E+00       0.00000000E+00       0.00000000E+00       0.00000000E+00       0.00000000E+00       0.00000000E+00       0.00000000E+00       0.00000000E+00       0.00000000E+00       0.00000000E+00       0.00000000E+00       0.00000000E+00       0.00000000E+00       0.00000000E+00       0.00000000E+00       0.00000000E+00       0.00000000E+00       0.00000000E+00       0.00000000E+00       0.00000000E+00
     -0.61367541E+02       0.00000000E+00       0.00000000E+00       0.00000000E+00       0.00000000E+00       0.00000000E+00       0.00000000E+00       0.00000000E+00       0.00000000E+00       0.00000000E+00       0.00000000E+00       0.00000000E+00       0.00000000E+00       0.00000000E+00       0.00000000E+00       0.00000000E+00       0.00000000E+00       0.00000000E+00       0.00000000E+00       0.00000000E+00       0.00000000E+00       0.00000000E+00       0.00000000E+00       0.00000000E+00       0.00000000E+00       0.00000000E+00       0.00000000E+00       0.00000000E+00
     -0.61264467E+02       0.00000000E+00       0.00000000E+00       0.00000000E+00       0.00000000E+00       0.00000000E+00       0.00000000E+00       0.00000000E+00       0.00000000E+00       0.00000000E+00       0.00000000E+00       0.00000000E+00       0.00000000E+00       0.00000000E+00       0.00000000E+00       0.00000000E+00       0.00000000E+00       0.00000000E+00       0.00000000E+00       0.00000000E+00       0.00000000E+00       0.00000000E+00       0.00000000E+00       0.00000000E+00       0.00000000E+00       0.00000000E+00       0.00000000E+00       0.00000000E+00
     -0.61161394E+02       0.00000000E+00       0.00000000E+00       0.00000000E+00       0.00000000E+00       0.00000000E+00       0.00000000E+00       0.00000000E+00       0.00000000E+00       0.00000000E+00       0.00000000E+00       0.00000000E+00       0.00000000E+00       0.00000000E+00       0.00000000E+00       0.00000000E+00       0.00000000E+00       0.00000000E+00       0.00000000E+00       0.00000000E+00       0.00000000E+00       0.00000000E+00       0.00000000E+00       0.00000000E+00       0.00000000E+00       0.00000000E+00       0.00000000E+00       0.00000000E+00
     -0.61058321E+02       0.00000000E+00       0.00000000E+00       0.00000000E+00       0.00000000E+00       0.00000000E+00       0.00000000E+00       0.00000000E+00       0.00000000E+00       0.00000000E+00       0.00000000E+00       0.00000000E+00       0.00000000E+00       0.00000000E+00       0.00000000E+00       0.00000000E+00       0.00000000E+00       0.00000000E+00       0.00000000E+00       0.00000000E+00       0.00000000E+00       0.00000000E+00       0.00000000E+00       0.00000000E+00       0.00000000E+00       0.00000000E+00       0.00000000E+00       0.00000000E+00
     -0.60955247E+02       0.00000000E+00       0.00000000E+00       0.00000000E+00       0.00000000E+00       0.00000000E+00       0.00000000E+00       0.00000000E+00       0.00000000E+00       0.00000000E+00       0.00000000E+00       0.00000000E+00       0.00000000E+00       0.00000000E+00       0.00000000E+00       0.00000000E+00       0.00000000E+00       0.00000000E+00       0.00000000E+00       0.00000000E+00       0.00000000E+00       0.00000000E+00       0.00000000E+00       0.00000000E+00       0.00000000E+00       0.00000000E+00       0.00000000E+00       0.00000000E+00
     -0.60852174E+02       0.00000000E+00       0.00000000E+00       0.00000000E+00       0.00000000E+00       0.00000000E+00       0.00000000E+00       0.00000000E+00       0.00000000E+00       0.00000000E+00       0.00000000E+00       0.00000000E+00       0.00000000E+00       0.00000000E+00       0.00000000E+00       0.00000000E+00       0.00000000E+00       0.00000000E+00       0.00000000E+00       0.00000000E+00       0.00000000E+00       0.00000000E+00       0.00000000E+00       0.00000000E+00       0.00000000E+00       0.00000000E+00       0.00000000E+00       0.00000000E+00
     -0.60749100E+02       0.00000000E+00       0.00000000E+00       0.00000000E+00       0.00000000E+00       0.00000000E+00       0.00000000E+00       0.00000000E+00       0.00000000E+00       0.00000000E+00       0.00000000E+00       0.00000000E+00       0.00000000E+00       0.00000000E+00       0.00000000E+00       0.00000000E+00       0.00000000E+00       0.00000000E+00       0.00000000E+00       0.00000000E+00       0.00000000E+00       0.00000000E+00       0.00000000E+00       0.00000000E+00       0.00000000E+00       0.00000000E+00       0.00000000E+00       0.00000000E+00
     -0.60646027E+02       0.00000000E+00       0.00000000E+00       0.00000000E+00       0.00000000E+00       0.00000000E+00       0.00000000E+00       0.00000000E+00       0.00000000E+00       0.00000000E+00       0.00000000E+00       0.00000000E+00       0.00000000E+00       0.00000000E+00       0.00000000E+00       0.00000000E+00       0.00000000E+00       0.00000000E+00       0.00000000E+00       0.00000000E+00       0.00000000E+00       0.00000000E+00       0.00000000E+00       0.00000000E+00       0.00000000E+00       0.00000000E+00       0.00000000E+00       0.00000000E+00
     -0.60542953E+02       0.00000000E+00       0.00000000E+00       0.00000000E+00       0.00000000E+00       0.00000000E+00       0.00000000E+00       0.00000000E+00       0.00000000E+00       0.00000000E+00       0.00000000E+00       0.00000000E+00       0.00000000E+00       0.00000000E+00       0.00000000E+00       0.00000000E+00       0.00000000E+00       0.00000000E+00       0.00000000E+00       0.00000000E+00       0.00000000E+00       0.00000000E+00       0.00000000E+00       0.00000000E+00       0.00000000E+00       0.00000000E+00       0.00000000E+00       0.00000000E+00
     -0.60439880E+02       0.00000000E+00       0.00000000E+00       0.00000000E+00       0.00000000E+00       0.00000000E+00       0.00000000E+00       0.00000000E+00       0.00000000E+00       0.00000000E+00       0.00000000E+00       0.00000000E+00       0.00000000E+00       0.00000000E+00       0.00000000E+00       0.00000000E+00       0.00000000E+00       0.00000000E+00       0.00000000E+00       0.00000000E+00       0.00000000E+00       0.00000000E+00       0.00000000E+00       0.00000000E+00       0.00000000E+00       0.00000000E+00       0.00000000E+00       0.00000000E+00
     -0.60336807E+02       0.16113755E-07       0.10524134E-09       0.00000000E+00       0.49337274E-14       0.40013827E-08       0.37919093E-14       0.70874316E-14       0.15433702E-14       0.58896274E-14       0.76634963E-14       0.15999662E-14       0.11985487E-12       0.11046916E-12       0.82302972E-14       0.57204659E-14       0.10961677E-12       0.10415706E-12       0.10761066E-13       0.58049388E-14       0.46213291E-13       0.55374442E-13       0.30873250E-14       0.33250967E-14       0.46186076E-13       0.55349895E-13       0.30868797E-14       0.33223477E-14
     -0.60233733E+02       0.63478852E-07       0.41458986E-09       0.00000000E+00       0.19436026E-13       0.15763128E-07       0.14937924E-13       0.27920372E-13       0.60799839E-14       0.23201717E-13       0.30189733E-13       0.63029393E-14       0.47215869E-12       0.43518446E-12       0.32422599E-13       0.22535319E-13       0.43182654E-12       0.41031843E-12       0.42392361E-13       0.22868094E-13       0.18205357E-12       0.21814320E-12       0.12162271E-13       0.13098953E-13       0.18194636E-12       0.21804650E-12       0.12160516E-13       0.13088124E-13
     -0.60130660E+02       0.23462098E-06       0.15323447E-08       0.00000000E+00       0.71836514E-13       0.58261303E-07       0.55211309E-13       0.10319508E-12       0.22471922E-13       0.85754698E-13       0.11158275E-12       0.23295976E-13       0.17451219E-11       0.16084633E-11       0.11983553E-12       0.83291657E-13       0.15960523E-11       0.15165573E-11       0.15668427E-12       0.84521607E-13       0.67287903E-12       0.80626807E-12       0.44952355E-13       0.48414381E-13       0.67248277E-12       0.80591066E-12       0.44945871E-13       0.48374355E-13
     -0.60027586E+02       0.81359845E-06       0.53137329E-08       0.00000000E+00       0.24910848E-12       0.20203353E-06       0.19145702E-12       0.35785100E-12       0.77926196E-13       0.29737276E-12       0.38693705E-12       0.80783781E-13       0.60515836E-11       0.55776907E-11       0.41555535E-12       0.28883164E-12       0.55346528E-11       0.52589867E-11       0.54333622E-12       0.29309675E-12       0.23333520E-11       0.27959070E-11       0.15588191E-12       0.16788722E-12       0.23319779E-11       0.27946676E-11       0.15585942E-12       0.16774842E-12
     -0.59924513E+02       0.26700359E-05       0.17436857E-07       0.00000000E+00       0.82083360E-12       0.66302630E-06       0.63002747E-12       0.11730549E-11       0.25451700E-12       0.97223495E-12       0.12666114E-11       0.26502146E-12       0.19761384E-10       0.18215474E-10       0.13590228E-11       0.94492183E-12       0.18144691E-10       0.17241416E-10       0.17832477E-11       0.96085337E-12       0.77014516E-11       0.92069285E-11       0.51190614E-12       0.55381081E-12       0.76970094E-11       0.92029170E-11       0.51183450E-12       0.55336266E-12
     -0.59821439E+02       0.81706620E-05       0.53357721E-07       0.00000000E+00       0.25147774E-11       0.20289483E-05       0.19294718E-11       0.35885362E-11       0.77778446E-12       0.29719389E-11       0.38731635E-11       0.81092004E-12       0.60385858E-10       0.55663339E-10       0.41546292E-11       0.28889874E-11       0.55508686E-10       0.52745774E-10       0.54571030E-11       0.29394409E-11       0.23606099E-10       0.28202050E-10       0.15667983E-11       0.16972357E-11       0.23592565E-10       0.28189824E-10       0.15665810E-11       0.16958707E-11
     -0.59718366E+02       0.23475475E-04       0.15329931E-06       0.00000000E+00       0.72360729E-11       0.58294587E-05       0.55491943E-11       0.10306075E-10       0.22307364E-11       0.85269012E-11       0.11117700E-10       0.23295916E-11       0.17317795E-09       0.15963961E-09       0.11921505E-10       0.82908935E-11       0.15942367E-09       0.15148996E-09       0.15679513E-10       0.84421247E-11       0.67966150E-10       0.81130388E-10       0.45027332E-11       0.48856225E-11       0.67927482E-10       0.81095442E-10       0.45021157E-11       0.48817247E-11
     -0.59615293E+02       0.63339760E-04       0.41360335E-06       0.00000000E+00       0.19561019E-10       0.15728612E-04       0.14991594E-10       0.27792210E-10       0.60051550E-11       0.22965503E-10       0.29960820E-10       0.62845023E-11       0.46615233E-09       0.42972832E-09       0.32112698E-10       0.22336757E-10       0.42993521E-09       0.40854469E-09       0.42306939E-10       0.22766474E-10       0.18387360E-09       0.21925209E-09       0.12152734E-10       0.13213899E-10       0.18377003E-09       0.21915842E-09       0.12151092E-10       0.13203465E-10
     -0.59512219E+02       0.16052959E-03       0.10481887E-05       0.00000000E+00       0.49696349E-10       0.39862934E-04       0.38057129E-10       0.70388980E-10       0.15175361E-10       0.58070945E-10       0.75816279E-10       0.15924245E-10       0.11778510E-08       0.10858746E-08       0.81215326E-10       0.56503462E-10       0.10889570E-08       0.10347951E-08       0.10722894E-09       0.57662778E-10       0.46760859E-09       0.55681805E-09       0.30812443E-10       0.33592868E-10       0.46734852E-09       0.55658270E-09       0.30808360E-10       0.33566690E-10
     -0.59409146E+02       0.38228904E-03       0.24960114E-05       0.00000000E+00       0.11871396E-09       0.94930607E-04       0.90818806E-10       0.16747977E-09       0.36004683E-10       0.13788682E-09       0.18019536E-09       0.37912280E-10       0.27941079E-08       0.25760976E-08       0.19288664E-09       0.13423300E-09       0.25912050E-08       0.24623764E-08       0.25537390E-09       0.13720707E-09       0.11184190E-08       0.13294846E-08       0.73414859E-10       0.80312492E-10       0.11178071E-08       0.13289303E-08       0.73405372E-10       0.80250963E-10
     -0.59306072E+02       0.85578512E-03       0.55870396E-05       0.00000000E+00       0.26679160E-09       0.21251003E-03       0.20384186E-09       0.37450110E-09       0.80217437E-10       0.30751963E-09       0.40237116E-09       0.84840994E-10       0.62239617E-08       0.57388416E-08       0.43030905E-09       0.29956501E-09       0.57947538E-08       0.55067980E-08       0.57172162E-09       0.30682928E-09       0.25174522E-08       0.29860144E-08       0.16445141E-09       0.18067814E-09       0.25161035E-08       0.29847911E-08       0.16443085E-09       0.18054271E-09
     -0.59202999E+02       0.18017572E-02       0.11761578E-04       0.00000000E+00       0.56447116E-09       0.44741585E-03       0.43059484E-09       0.78736099E-09       0.16787115E-09       0.64438076E-09       0.84445384E-09       0.17854643E-09       0.13021593E-07       0.12007990E-07       0.90201508E-09       0.62823191E-09       0.12184554E-07       0.11579462E-07       0.12038177E-08       0.64514168E-09       0.53369119E-08       0.63129602E-08       0.34651663E-09       0.38277327E-09       0.53341286E-08       0.63104316E-08       0.34647513E-09       0.38249428E-09
     -0.59099925E+02       0.35699500E-02       0.23300834E-04       0.00000000E+00       0.11253379E-08       0.88649787E-03       0.85673137E-09       0.15572920E-08       0.33007856E-09       0.12691127E-08       0.16664642E-08       0.35357598E-09       0.25595575E-07       0.23606601E-07       0.17773763E-08       0.12386083E-08       0.24103148E-07       0.22907141E-07       0.23855176E-08       0.12761408E-08       0.10665912E-07       0.12573760E-07       0.68728384E-09       0.76433995E-09       0.10660538E-07       0.12568867E-07       0.68720609E-09       0.76380249E-09
     -0.58996852E+02       0.66619235E-02       0.43474437E-04       0.00000000E+00       0.21161211E-08       0.16543058E-02       0.16070647E-08       0.28996383E-08       0.61004847E-09       0.23504785E-08       0.30941553E-08       0.65936716E-09       0.47286072E-07       0.43619547E-07       0.32938117E-08       0.22970344E-08       0.44888263E-07       0.42663158E-07       0.44523590E-08       0.23764669E-08       0.20117163E-07       0.23616637E-07       0.12841937E-08       0.14401572E-08       0.20107461E-07       0.23607777E-07       0.12840591E-08       0.14391900E-08
     -0.58893779E+02       0.11719680E-01       0.76464025E-04       0.00000000E+00       0.37578107E-08       0.29102658E-02       0.28452623E-08       0.50870150E-08       0.10603086E-08       0.40961182E-08       0.54091363E-08       0.11589914E-08       0.82143809E-07       0.75791983E-07       0.57444241E-08       0.40096842E-08       0.78769505E-07       0.74869860E-07       0.78341709E-08       0.41698928E-08       0.35855247E-07       0.41879062E-07       0.22627451E-08       0.25636364E-08       0.35838890E-07       0.41864068E-07       0.22625310E-08       0.25620127E-08
     -0.58790705E+02       0.19457726E-01       0.12691693E-03       0.00000000E+00       0.63104231E-08       0.48318104E-02       0.47607292E-08       0.84172009E-08       0.17341550E-08       0.67215579E-08       0.89111552E-08       0.19222547E-08       0.13425957E-06       0.12391401E-06       0.94353642E-08       0.65934912E-08       0.13037480E-06       0.12393042E-06       0.13009952E-07       0.69011384E-08       0.60475493E-07       0.70207007E-07       0.37640468E-08       0.43175744E-08       0.60449786E-07       0.70183320E-07       0.37637376E-08       0.43150371E-08
     -0.58687632E+02       0.30527068E-01       0.19905573E-03       0.00000000E+00       0.10036046E-07       0.75806071E-02       0.75390190E-08       0.13151444E-07       0.26709061E-08       0.10395317E-07       0.13848864E-07       0.30120638E-08       0.20661354E-06       0.19076234E-06       0.14609685E-07       0.10223693E-07       0.20377873E-06       0.19372526E-06       0.20417251E-07       0.10785434E-07       0.96675982E-07       0.11143195E-06       0.59192393E-08       0.68901060E-08       0.96638402E-07       0.11139708E-06       0.59188421E-08       0.68864260E-08
     -0.58584558E+02       0.45322967E-01       0.29542257E-03       0.00000000E+00       0.15140230E-07       0.11254819E-01       0.11316725E-07       0.19429805E-07       0.38773967E-08       0.15168360E-07       0.20328145E-07       0.44653304E-08       0.29963788E-06       0.27677560E-06       0.21348792E-07       0.14965360E-07       0.30119335E-06       0.28636803E-06       0.30323796E-07       0.15939187E-07       0.14670955E-06       0.16771263E-06       0.88126885E-08       0.10435252E-07       0.14665862E-06       0.16766490E-06       0.88122541E-08       0.10430320E-07
     -0.58481485E+02       0.63776961E-01       0.41552495E-03       0.00000000E+00       0.21699411E-07       0.15837460E-01       0.16127947E-07       0.27183228E-07       0.53113257E-08       0.20907931E-07       0.28221841E-07       0.62725661E-08       0.40993378E-06       0.37886754E-06       0.29478897E-07       0.20707481E-07       0.42160345E-06       0.40090769E-06       0.42688201E-07       0.22307789E-07       0.21166950E-06       0.23973607E-06       0.12441233E-07       0.15022375E-07       0.21160583E-06       0.23967557E-06       0.12440877E-07       0.15016310E-07
     -0.58378411E+02       0.85194255E-01       0.55478397E-03       0.00000000E+00       0.29589200E-07       0.21156009E-01       0.21854727E-07       0.36070779E-07       0.68737296E-08       0.27262364E-07       0.37113707E-07       0.83623396E-08       0.52971231E-06       0.48990129E-06       0.38519220E-07       0.27124748E-07       0.55978391E-06       0.53239173E-06       0.57050395E-07       0.29613776E-07       0.29073299E-06       0.32595122E-06       0.16680799E-07       0.20583839E-07       0.29066015E-06       0.32588056E-06       0.16680714E-07       0.20577071E-07
     -0.58275338E+02       0.10819781E+00       0.70418534E-03       0.00000000E+00       0.38432603E-07       0.26868527E-01       0.28196008E-07       0.45468892E-07       0.84163557E-08       0.33679008E-07       0.46305493E-07       0.10596680E-07       0.64740695E-06       0.59923738E-06       0.47702841E-07       0.33688568E-07       0.70611459E-06       0.67168541E-06       0.72492735E-07       0.37347331E-07       0.38054171E-06       0.42204855E-06       0.21272162E-07       0.26873759E-07       0.38046650E-06       0.42197320E-06       0.21272605E-07       0.26867055E-07
     -0.58172265E+02       0.13081773E+00       0.85088177E-03       0.00000000E+00       0.47587494E-07       0.32485838E-01       0.34668097E-07       0.54526596E-07       0.97648717E-08       0.39481023E-07       0.54898184E-07       0.12781045E-07       0.74952184E-06       0.69441826E-06       0.56079224E-07       0.39734297E-07       0.84741290E-06       0.80625737E-06       0.87697900E-07       0.44810730E-07       0.47493007E-06       0.52088956E-06       0.25834023E-07       0.33452266E-07       0.47486181E-06       0.52081731E-06       0.25835281E-07       0.33446637E-07
     -0.58069191E+02       0.15072820E+00       0.97975471E-03       0.00000000E+00       0.56189145E-07       0.37430377E-01       0.40644929E-07       0.62281708E-07       0.10752598E-07       0.43987238E-07       0.61933861E-07       0.14688677E-07       0.82328520E-06       0.76359965E-06       0.62678073E-07       0.44572086E-07       0.96871449E-06       0.92186744E-06       0.10110580E-06       0.51212926E-07       0.56520721E-06       0.61303669E-06       0.29905382E-07       0.39708669E-07       0.56515599E-06       0.61297627E-06       0.29907704E-07       0.39705182E-07
     -0.57966118E+02       0.16559867E+00       0.10757088E-02       0.00000000E+00       0.63255668E-07       0.41123378E-01       0.45439620E-07       0.67816058E-07       0.11254915E-07       0.46642793E-07       0.66564708E-07       0.16095510E-07       0.85932253E-06       0.79801339E-06       0.66691653E-07       0.47613377E-07       0.10556729E-05       0.10048465E-05       0.11114794E-06       0.55796659E-07       0.64113669E-06       0.68794056E-06       0.33012649E-07       0.44932160E-07       0.64111105E-06       0.68789967E-06       0.33016171E-07       0.44931679E-07
     -0.57863044E+02       0.17349903E+00       0.11263008E-02       0.00000000E+00       0.67850171E-07       0.43085507E-01       0.48419442E-07       0.70418446E-07       0.11214107E-07       0.47125138E-07       0.68208723E-07       0.16819348E-07       0.85354052E-06       0.79372204E-06       0.67627491E-07       0.48480839E-07       0.10971007E-05       0.10445164E-05       0.11651975E-06       0.57972704E-07       0.69260298E-06       0.73569307E-06       0.34751207E-07       0.48428089E-07       0.69260761E-06       0.73567644E-06       0.34755888E-07       0.48431029E-07
     -0.57759971E+02       0.17328082E+00       0.11241939E-02       0.00000000E+00       0.69272859E-07       0.43031528E-01       0.49134393E-07       0.69722176E-07       0.10648209E-07       0.45399971E-07       0.66657791E-07       0.16755633E-07       0.80772591E-06       0.75220676E-06       0.65395626E-07       0.47076583E-07       0.10871372E-05       0.10352602E-05       0.11643846E-06       0.57434025E-07       0.71170287E-06       0.74905128E-06       0.34866148E-07       0.49661242E-07       0.71173720E-06       0.74905940E-06       0.34871746E-07       0.49667428E-07
     -0.57656897E+02       0.16484618E+00       0.10688715E-02       0.00000000E+00       0.67234893E-07       0.40937101E-01       0.47427694E-07       0.65786844E-07       0.96431487E-08       0.41718268E-07       0.62116723E-07       0.15901639E-07       0.72883092E-06       0.67975226E-06       0.60315504E-07       0.43596185E-07       0.10265634E-05       0.97778448E-06       0.11082686E-06       0.54224564E-07       0.69472845E-06       0.72522810E-06       0.33313073E-07       0.48389758E-07       0.69478668E-06       0.72525711E-06       0.33319172E-07       0.48398442E-07
     -0.57553824E+02       0.14922189E+00       0.96708596E-03       0.00000000E+00       0.61955891E-07       0.37057187E-01       0.43491858E-07       0.59101193E-07       0.83323117E-08       0.36560499E-07       0.55165811E-07       0.14361790E-07       0.62730415E-06       0.58594405E-06       0.53047042E-07       0.38488400E-07       0.92288650E-06       0.87920982E-06       0.10036614E-06       0.48743009E-07       0.64337022E-06       0.66685524E-06       0.30279749E-07       0.44744502E-07       0.64344275E-06       0.66689803E-06       0.30285834E-07       0.44754540E-07
     -0.57450750E+02       0.12839092E+00       0.83174355E-03       0.00000000E+00       0.54140689E-07       0.31884209E-01       0.37843759E-07       0.50497972E-07       0.68699007E-08       0.30543549E-07       0.46653206E-07       0.12330209E-07       0.51499653E-06       0.48175169E-06       0.44464020E-07       0.32370156E-07       0.78903898E-06       0.75183837E-06       0.86384764E-07       0.41673512E-07       0.56460897E-06       0.58167245E-06       0.26156438E-07       0.39218512E-07       0.56468477E-06       0.58172046E-06       0.26161999E-07       0.39228625E-07
     -0.57347677E+02       0.10490122E+00       0.67936341E-03       0.00000000E+00       0.44829585E-07       0.26050917E-01       0.31217229E-07       0.40994219E-07       0.54043587E-08       0.24310771E-07       0.37538042E-07       0.10052771E-07       0.40314168E-06       0.37765300E-06       0.35496854E-07       0.25914453E-07       0.64089194E-06       0.61078685E-06       0.70596027E-07       0.33854156E-07       0.46919664E-06       0.48089899E-06       0.21457568E-07       0.32560468E-07       0.46926573E-06       0.48094423E-06       0.21462196E-07       0.32569531E-07
     -0.57244604E+02       0.81350650E-01       0.52674771E-03       0.00000000E+00       0.35164633E-07       0.20202459E-01       0.24402758E-07       0.31595317E-07       0.40568271E-08       0.18427629E-07       0.28719269E-07       0.77780969E-08       0.30077848E-06       0.28214377E-06       0.26977637E-07       0.19735163E-07       0.49418363E-06       0.47105717E-06       0.54750779E-07       0.26114844E-07       0.36917277E-06       0.37674383E-06       0.16715032E-07       0.25603203E-07       0.36922802E-06       0.37678039E-06       0.16718486E-07       0.25610437E-07
     -0.57141530E+02       0.59897243E-01       0.38782615E-03       0.00000000E+00       0.26147961E-07       0.14874772E-01       0.18084958E-07       0.23116310E-07       0.29079154E-08       0.13304208E-07       0.20891885E-07       0.57114745E-08       0.21383111E-06       0.20084612E-06       0.19520809E-07       0.14294877E-07       0.36170606E-06       0.34485032E-06       0.40306311E-07       0.19129112E-07       0.27524514E-06       0.27985396E-06       0.12374982E-07       0.19083992E-07       0.27528313E-06       0.27987874E-06       0.12377208E-07       0.19089053E-07
     -0.57038457E+02       0.41935452E-01       0.27157688E-03       0.00000000E+00       0.18468089E-07       0.10414166E-01       0.12727825E-07       0.16068956E-07       0.19941595E-08       0.91594798E-08       0.14465318E-07       0.39847018E-08       0.14491208E-06       0.13629159E-06       0.13464198E-07       0.98562713E-08       0.25151758E-06       0.23985787E-06       0.28206683E-07       0.13320246E-07       0.19487440E-06       0.19749606E-06       0.87284884E-08       0.13513940E-07       0.19489518E-06       0.19750869E-06       0.87295948E-08       0.13516881E-07
     -0.56935383E+02       0.28010688E-01       0.18148686E-03       0.00000000E+00       0.12437442E-07       0.69561005E-02       0.85356930E-08       0.10638017E-07       0.13133908E-08       0.60305419E-08       0.95579969E-08       0.26484842E-08       0.93764147E-07       0.88311314E-07       0.88774883E-08       0.64839924E-08       0.16655616E-06       0.15888977E-06       0.18823782E-07       0.88413792E-08       0.13154845E-06       0.13291942E-06       0.58920656E-08       0.91293965E-08       0.13155465E-06       0.13292159E-06       0.58922735E-08       0.91305567E-08
     -0.56832310E+02       0.17952411E-01       0.11642110E-03       0.00000000E+00       0.80373144E-08       0.44582315E-02       0.54864572E-08       0.67373255E-08       0.83620698E-09       0.38169657E-08       0.60564843E-08       0.16853849E-08       0.58125093E-07       0.54835399E-07       0.56246169E-08       0.40880318E-08       0.10550837E-06       0.10070125E-06       0.12046087E-07       0.56217808E-08       0.85220443E-07       0.85853698E-07       0.38343480E-08       0.59232557E-08       0.85216044E-07       0.85848244E-07       0.38339293E-08       0.59231196E-08
     -0.56729236E+02       0.11135581E-01       0.72317053E-04       0.00000000E+00       0.50297137E-08       0.27653431E-02       0.34092753E-08       0.41114283E-08       0.51956711E-09       0.23414849E-08       0.37088769E-08       0.10347859E-08       0.34729074E-07       0.32831229E-07       0.34523402E-08       0.24881328E-08       0.64398417E-07       0.61507487E-07       0.74544334E-08       0.34509855E-08       0.53480004E-07       0.53708924E-07       0.24300376E-08       0.37263426E-08       0.53469254E-07       0.53698982E-07       0.24292603E-08       0.37254139E-08
     -0.56626163E+02       0.67600309E-02       0.43990901E-04       0.00000000E+00       0.30834976E-08       0.16787248E-02       0.20711585E-08       0.24419878E-08       0.31873457E-09       0.14073112E-08       0.22182158E-08       0.61945898E-09       0.20180044E-07       0.19127942E-07       0.20751939E-08       0.14767867E-08       0.38255654E-07       0.36573928E-07       0.45102917E-08       0.20668427E-08       0.32892176E-07       0.32920203E-07       0.15178120E-08       0.22999357E-08       0.32878777E-07       0.32908544E-07       0.15169013E-08       0.22986480E-08
     -0.56523090E+02       0.40646690E-02       0.26520055E-04       0.00000000E+00       0.18740205E-08       0.10093671E-02       0.12450222E-08       0.14286280E-08       0.19520519E-09       0.83863039E-09       0.13112977E-08       0.36594125E-09       0.11534464E-07       0.10969639E-07       0.12362139E-08       0.86499137E-09       0.22383562E-07       0.21426648E-07       0.27004332E-08       0.12223226E-08       0.20062599E-07       0.20006150E-07       0.94460693E-09       0.14090927E-08       0.20049282E-07       0.19994835E-07       0.94372524E-09       0.14077641E-08
     -0.56420016E+02       0.24431926E-02       0.15987881E-04       0.00000000E+00       0.11388454E-08       0.60669980E-03       0.74758957E-09       0.83237124E-09       0.12012542E-09       0.50016746E-09       0.77407345E-09       0.21558637E-09       0.65604633E-08       0.62636953E-08       0.73678888E-09       0.50538356E-09       0.13042892E-07       0.12503874E-07       0.16153624E-08       0.72126106E-09       0.12237498E-07       0.12158145E-07       0.58924865E-09       0.86372981E-09       0.12225923E-07       0.12148422E-07       0.58849261E-09       0.86255483E-09
     -0.56316943E+02       0.14721340E-02       0.96616923E-05       0.00000000E+00       0.69321588E-09       0.36555749E-03       0.44980473E-09       0.48600661E-09       0.74180879E-10       0.29945840E-09       0.45837341E-09       0.12730730E-09       0.37422971E-08       0.35878678E-08       0.44074986E-09       0.29619274E-09       0.76161379E-08       0.73127255E-08       0.96865995E-09       0.42669973E-09       0.74747785E-08       0.74013451E-08       0.36778770E-09       0.53008565E-09       0.74656704E-08       0.73937406E-08       0.36719733E-09       0.52915279E-09
     -0.56213869E+02       0.88464938E-03       0.58208606E-05       0.00000000E+00       0.42012030E-09       0.21967099E-03       0.26989580E-09       0.28397183E-09       0.45565521E-10       0.17908826E-09       0.27136092E-09       0.75148419E-10       0.21422364E-08       0.20618560E-08       0.26336209E-09       0.17374353E-09       0.44503422E-08       0.42791495E-08       0.57964666E-09       0.25232235E-09       0.45431247E-08       0.44860511E-08       0.22767182E-09       0.32349014E-09       0.45365319E-08       0.44805651E-08       0.22724638E-09       0.32281154E-09
     -0.56110796E+02       0.52444476E-03       0.34576623E-05       0.00000000E+00       0.25066147E-09       0.13022547E-03       0.15979437E-09       0.16462103E-09       0.27483786E-10       0.10581062E-09       0.15901535E-09       0.43924440E-10       0.12217803E-08       0.11797684E-08       0.15549011E-09       0.10106874E-09       0.25800040E-08       0.24836534E-08       0.34249522E-09       0.14770098E-09       0.27165228E-08       0.26768427E-08       0.13804671E-09       0.19402957E-09       0.27120957E-08       0.26731659E-08       0.13776177E-09       0.19357258E-09
     -0.56007722E+02       0.30282225E-03       0.19993605E-05       0.00000000E+00       0.14538685E-09       0.75193472E-04       0.92176219E-10       0.93519400E-10       0.16068413E-10       0.60961035E-10       0.91061999E-10       0.25104362E-10       0.68588461E-09       0.66392609E-09       0.89534382E-10       0.57570321E-10       0.14657075E-08       0.14121918E-08       0.19729209E-09       0.84510043E-10       0.15780154E-08       0.15527297E-08       0.80980630E-10       0.11295828E-09       0.15752445E-08       0.15504310E-08       0.80802568E-10       0.11267178E-09
     -0.55904649E+02       0.16835938E-03       0.11126483E-05       0.00000000E+00       0.81070784E-10       0.41804890E-04       0.51211257E-10       0.51421071E-10       0.90089653E-11       0.33845017E-10       0.50347915E-10       0.13860753E-10       0.37409640E-09       0.36273941E-09       0.49689847E-10       0.31715255E-10       0.80592194E-09       0.77695958E-09       0.10951228E-09       0.46696180E-10       0.88081978E-09       0.86588573E-09       0.45497195E-10       0.63143484E-10       0.87919891E-09       0.86454199E-09       0.45393137E-10       0.62975732E-10
     -0.55801576E+02       0.89328951E-04       0.59072015E-06       0.00000000E+00       0.43096373E-10       0.22180960E-04       0.27159304E-10       0.27087718E-10       0.48061033E-11       0.17942316E-10       0.26618978E-10       0.73213425E-11       0.19603927E-09       0.19030236E-09       0.26335561E-10       0.16728476E-10       0.42454907E-09       0.40945213E-09       0.58045436E-10       0.24677814E-10       0.46853440E-09       0.46031397E-09       0.24302335E-10       0.33619385E-10       0.46764692E-09       0.45957851E-09       0.24245392E-10       0.33527482E-10
     -0.55698502E+02       0.44948500E-04       0.29735410E-06       0.00000000E+00       0.21711404E-10       0.11160978E-04       0.13662193E-10       0.13567833E-10       0.24264696E-11       0.90229368E-11       0.13363685E-10       0.36734861E-11       0.97854946E-10       0.95060898E-10       0.13241758E-10       0.83856555E-11       0.21265165E-09       0.20514097E-09       0.29188223E-10       0.12386030E-10       0.23613745E-09       0.23190565E-09       0.12279914E-10       0.16953814E-10       0.23568219E-09       0.23152846E-09       0.12250713E-10       0.16906652E-10
     -0.55595429E+02       0.21365842E-04       0.14137822E-06       0.00000000E+00       0.10327573E-10       0.53052570E-05       0.64929116E-11       0.64314343E-11       0.11558859E-11       0.42878131E-11       0.63437940E-11       0.17431286E-11       0.46295743E-10       0.44993563E-10       0.62919951E-11       0.39771210E-11       0.10080147E-09       0.97256104E-10       0.13868798E-10       0.58785878E-11       0.11235166E-09       0.11031368E-09       0.58520489E-11       0.80693499E-11       0.11213272E-09       0.11013232E-09       0.58380090E-11       0.80466648E-11
     -0.55492355E+02       0.10324007E-04       0.69318376E-07       0.00000000E+00       0.48401510E-11       0.25632432E-05       0.31772371E-11       0.33547755E-11       0.55591246E-12       0.19735382E-11       0.28793003E-11       0.82686939E-12       0.24360684E-10       0.23420244E-10       0.36292151E-11       0.20283039E-11       0.51949127E-10       0.49728628E-10       0.76677031E-11       0.29819170E-11       0.54894903E-10       0.53285130E-10       0.34197192E-11       0.40121810E-11       0.54797068E-10       0.53204111E-10       0.34136429E-11       0.40020346E-11
     -0.55389282E+02       0.70091029E-05       0.50305238E-07       0.00000000E+00       0.27900050E-11       0.17393622E-05       0.22881498E-11       0.30992336E-11       0.36667731E-12       0.10202533E-11       0.13558279E-11       0.51381933E-12       0.23223915E-10       0.21547548E-10       0.43861728E-11       0.17324157E-11       0.46088704E-10       0.42904802E-10       0.83612089E-11       0.24934369E-11       0.39151543E-10       0.36044342E-10       0.42386148E-11       0.30831713E-11       0.39113329E-10       0.36012764E-10       0.42369396E-11       0.30791788E-11
     -0.55286208E+02       0.12600950E-04       0.97871700E-07       0.00000000E+00       0.38766277E-11       0.31250579E-05       0.44145469E-11       0.74600947E-11       0.63404383E-12       0.11014353E-11       0.10656087E-11       0.81533505E-12       0.57131647E-10       0.51731849E-10       0.12294667E-10       0.39315177E-11       0.10773412E-09       0.98159965E-10       0.22270152E-10       0.55602405E-11       0.74681578E-10       0.64481344E-10       0.12013432E-10       0.63645860E-11       0.74678118E-10       0.64478753E-10       0.12016074E-10       0.63641080E-11
     -0.55183135E+02       0.38776474E-04       0.30682320E-06       0.00000000E+00       0.11062275E-10       0.96151421E-05       0.13813686E-10       0.24394836E-10       0.19316279E-11       0.28324967E-11       0.22374309E-11       0.24270254E-11       0.18753313E-09       0.16909882E-09       0.41186332E-10       0.12720716E-10       0.35047868E-09       0.31808585E-09       0.74034849E-10       0.17930826E-10       0.23306494E-09       0.19817213E-09       0.40306268E-10       0.20208660E-10       0.23310426E-09       0.19820565E-09       0.40318721E-10       0.20212321E-10
     -0.55080062E+02       0.12520454E-03       0.99314627E-06       0.00000000E+00       0.35331399E-10       0.31045486E-04       0.44666289E-10       0.79384580E-10       0.62688358E-11       0.89596213E-11       0.68135200E-11       0.78260511E-11       0.61279004E-09       0.55204085E-09       0.13485567E-09       0.41413936E-10       0.11377610E-08       0.10322412E-08       0.24105856E-09       0.58182690E-10       0.75279981E-09       0.63888806E-09       0.13135186E-09       0.65428182E-10       0.75294481E-09       0.63901124E-09       0.13139334E-09       0.65441864E-10
     -0.54976988E+02       0.38230022E-03       0.30334076E-05       0.00000000E+00       0.10772873E-09       0.94794216E-04       0.13639023E-09       0.24262312E-09       0.19173801E-10       0.27314976E-10       0.20669666E-10       0.23904828E-10       0.18749560E-08       0.16887770E-08       0.41268810E-09       0.12661806E-09       0.34752863E-08       0.31529147E-08       0.73661825E-09       0.17772836E-09       0.22981193E-08       0.19499668E-08       0.40140603E-09       0.19979833E-09       0.22985671E-08       0.19503471E-08       0.40153288E-09       0.19984063E-09
     -0.54873915E+02       0.10972051E-02       0.87068332E-05       0.00000000E+00       0.30900495E-09       0.27206004E-03       0.39136212E-09       0.69654101E-09       0.55156952E-10       0.78483955E-10       0.59286126E-10       0.68675224E-10       0.53901509E-08       0.48540926E-08       0.11863170E-08       0.36372502E-09       0.99703096E-08       0.90457426E-08       0.21137651E-08       0.50998873E-09       0.65924152E-08       0.55935323E-08       0.11518008E-08       0.57322036E-09       0.65936966E-08       0.55946206E-08       0.11521636E-08       0.57334139E-09
     -0.54770841E+02       0.29568061E-02       0.23466111E-04       0.00000000E+00       0.83221983E-09       0.73316110E-03       0.10543605E-08       0.18776191E-08       0.14908487E-09       0.21188414E-09       0.15977601E-09       0.18531575E-09       0.14555320E-07       0.13104997E-07       0.32030858E-08       0.98124700E-09       0.26852972E-07       0.24363997E-07       0.56944196E-08       0.13739169E-08       0.17754077E-07       0.15063782E-07       0.31026829E-08       0.15439638E-08       0.17757511E-07       0.15066699E-07       0.31036558E-08       0.15442881E-08
     -0.54667768E+02       0.74823061E-02       0.59389699E-04       0.00000000E+00       0.21043612E-08       0.18552891E-02       0.26671079E-08       0.47530981E-08       0.37870892E-09       0.53743720E-09       0.40438315E-09       0.46974955E-09       0.36928570E-07       0.33239966E-07       0.81253145E-08       0.24865038E-08       0.67901357E-07       0.61611436E-07       0.14403695E-07       0.34753317E-08       0.44889893E-07       0.38087145E-07       0.78472811E-08       0.39045033E-08       0.44898519E-07       0.38094472E-07       0.78497272E-08       0.39053176E-08
     -0.54564694E+02       0.17784493E-01       0.14118600E-03       0.00000000E+00       0.49968630E-08       0.44097811E-02       0.63363530E-08       0.11303085E-07       0.90452531E-09       0.12812380E-08       0.96137183E-09       0.11189675E-08       0.88069972E-07       0.79245616E-07       0.19373990E-07       0.59206860E-08       0.16124327E-06       0.14631797E-06       0.34218072E-07       0.82563017E-08       0.10658284E-06       0.90429299E-07       0.18639330E-07       0.92726860E-08       0.10660315E-06       0.90446549E-07       0.18645095E-07       0.92746021E-08
     -0.54461621E+02       0.39714294E-01       0.31534894E-03       0.00000000E+00       0.11144439E-07       0.98474018E-02       0.14141012E-07       0.25256211E-07       0.20323826E-08       0.28720057E-08       0.21474097E-08       0.25056880E-08       0.19750492E-06       0.17763775E-06       0.43436894E-07       0.13251348E-07       0.35963682E-06       0.32637975E-06       0.76359930E-07       0.18425064E-07       0.23768253E-06       0.20165505E-06       0.41587064E-07       0.20684464E-07       0.23772732E-06       0.20169311E-06       0.41599800E-07       0.20688687E-07
     -0.54358547E+02       0.83354895E-01       0.66205816E-03       0.00000000E+00       0.23353195E-07       0.20668310E-01       0.29657058E-07       0.53051259E-07       0.42990545E-08       0.60570164E-08       0.45086815E-08       0.52776142E-08       0.41677853E-06       0.37464719E-06       0.91632103E-07       0.27893057E-07       0.75368213E-06       0.68407182E-06       0.16013271E-06       0.38640084E-07       0.49799115E-06       0.42249403E-06       0.87189134E-07       0.43354404E-07       0.49808369E-06       0.42257264E-06       0.87215495E-07       0.43363122E-07
     -0.54255474E+02       0.16451600E+00       0.13071536E-02       0.00000000E+00       0.45997631E-07       0.40792546E-01       0.58475993E-07       0.10481334E-06       0.85683273E-08       0.12027258E-07       0.89026058E-08       0.10462601E-07       0.82822138E-06       0.74398063E-06       0.18201884E-06       0.55253846E-07       0.14846963E-05       0.13477818E-05       0.31571799E-06       0.76185296E-07       0.98069000E-06       0.83198230E-06       0.17184270E-06       0.85418755E-07       0.98086894E-06       0.83213432E-06       0.17189380E-06       0.85435592E-07
     -0.54152401E+02       0.30552571E+00       0.24286277E-02       0.00000000E+00       0.85201254E-07       0.75756327E-01       0.10846181E-06       0.19490868E-06       0.16107337E-07       0.22505904E-07       0.16542340E-07       0.19538502E-07       0.15513740E-05       0.13923701E-05       0.34077999E-06       0.10308891E-06       0.27507420E-05       0.24975677E-05       0.58557274E-06       0.14130646E-06       0.18161248E-05       0.15406594E-05       0.31856948E-06       0.15828291E-06       0.18164484E-05       0.15409344E-05       0.31866220E-06       0.15831331E-06
     -0.54049327E+02       0.53430417E+00       0.42495981E-02       0.00000000E+00       0.14851010E-06       0.13248228E+00       0.18938192E-06       0.34144381E-06       0.28594785E-07       0.39729796E-07       0.28949330E-07       0.34405611E-07       0.27423511E-05       0.24586378E-05       0.60203664E-06       0.18133502E-06       0.47965888E-05       0.43561743E-05       0.10224830E-05       0.24673730E-06       0.31647559E-05       0.26845631E-05       0.55588609E-06       0.27603645E-06       0.31653025E-05       0.26850277E-05       0.55604343E-06       0.27608771E-06
     -0.53946254E+02       0.88075067E+00       0.70100618E-02       0.00000000E+00       0.24378951E-06       0.21838347E+00       0.31156989E-06       0.56410342E-06       0.48006354E-07       0.66249450E-07       0.47761334E-07       0.57197786E-07       0.45811981E-05       0.41018399E-05       0.10050133E-05       0.30109913E-06       0.78792520E-05       0.71578983E-05       0.16824895E-05       0.40597877E-06       0.51935640E-05       0.44051771E-05       0.91382041E-06       0.45343758E-06       0.51944255E-05       0.44059095E-05       0.91406988E-06       0.45351815E-06
     -0.53843180E+02       0.13701384E+01       0.10914918E-01       0.00000000E+00       0.37727658E-06       0.33972552E+00       0.48352513E-06       0.88013512E-06       0.76339390E-07       0.10450608E-06       0.74378408E-07       0.89900611E-07       0.72446044E-05       0.64762304E-05       0.15879991E-05       0.47266141E-06       0.12207541E-04       0.11093795E-04       0.26122923E-05       0.63022519E-06       0.80345797E-05       0.68142046E-05       0.14168203E-05       0.70234187E-06       0.80358435E-05       0.68152794E-05       0.14171893E-05       0.70245964E-06
     -0.53740107E+02       0.20144971E+01       0.16065848E-01       0.00000000E+00       0.55110351E-06       0.49948969E+00       0.70882697E-06       0.12990939E-05       0.11518221E-06       0.15621747E-06       0.10949782E-06       0.13381362E-06       0.10866421E-04       0.96954759E-05       0.23796903E-05       0.70273636E-06       0.17866682E-04       0.16243113E-04       0.38333563E-05       0.92445564E-06       0.11732440E-04       0.99490344E-05       0.20747132E-05       0.10271572E-05       0.11734160E-04       0.99504982E-05       0.20752213E-05       0.10273167E-05
     -0.53637033E+02       0.28044287E+01       0.22396200E-01       0.00000000E+00       0.76103497E-06       0.69534372E+00       0.98327354E-06       0.18178777E-05       0.16519234E-06       0.22169665E-06       0.15266745E-06       0.18897719E-06       0.15494711E-04       0.13794300E-04       0.33898940E-05       0.99168888E-06       0.24753010E-04       0.22513438E-04       0.53278475E-05       0.12839077E-05       0.16197057E-04       0.13732561E-04       0.28744567E-05       0.14206981E-05       0.16199219E-04       0.13734402E-04       0.28751059E-05       0.14208972E-05
     -0.53533960E+02       0.37046392E+01       0.29634683E-01       0.00000000E+00       0.99539236E-06       0.91853389E+00       0.12934481E-05       0.24181019E-05       0.22560017E-06       0.29929572E-06       0.20203265E-06       0.25374253E-06       0.21058528E-04       0.18699717E-04       0.46025462E-05       0.13316905E-05       0.32550573E-04       0.29618290E-04       0.70330074E-05       0.16925172E-05       0.21182312E-04       0.17955111E-04       0.37762680E-05       0.18622355E-05       0.21184800E-04       0.17957233E-04       0.37770340E-05       0.18624621E-05
     -0.53430887E+02       0.46559148E+01       0.37319481E-01       0.00000000E+00       0.12359433E-05       0.11543755E+01       0.16176874E-05       0.30674908E-05       0.29387844E-06       0.38517298E-06       0.25442423E-06       0.32465749E-06       0.27357289E-04       0.24223490E-04       0.59738632E-05       0.17066966E-05       0.40773502E-04       0.37113877E-04       0.88490090E-05       0.21245608E-05       0.26307247E-04       0.22292477E-04       0.47169834E-05       0.23191726E-05       0.26309830E-04       0.22294686E-04       0.47178108E-05       0.23194040E-05
     -0.53327813E+02       0.55842020E+01       0.44868277E-01       0.00000000E+00       0.14608855E-05       0.13845047E+01       0.19296322E-05       0.37256013E-05       0.36570487E-06       0.47351247E-06       0.30582705E-06       0.39676134E-06       0.34079517E-04       0.30081525E-04       0.74369969E-05       0.20945735E-05       0.48873750E-04       0.44495069E-04       0.10660432E-04       0.25496167E-05       0.31121903E-04       0.26361860E-04       0.56210544E-05       0.27525647E-05       0.31124253E-04       0.26363880E-04       0.56218605E-05       0.27527689E-05
     -0.53224740E+02       0.64146293E+01       0.51687561E-01       0.00000000E+00       0.16491953E-05       0.15903559E+01       0.22034797E-05       0.43523179E-05       0.43529984E-06       0.55720686E-06       0.35212052E-06       0.46425865E-06       0.40847737E-04       0.35936561E-04       0.89122510E-05       0.24708922E-05       0.56381917E-04       0.51322181E-04       0.12364962E-04       0.29394556E-05       0.35201005E-04       0.29801491E-04       0.64163324E-05       0.31250891E-05       0.35202742E-04       0.29803001E-04       0.64170190E-05       0.31252298E-05
     -0.53121666E+02       0.70860713E+01       0.57286930E-01       0.00000000E+00       0.17849689E-05       0.17567732E+01       0.24192351E-05       0.49160544E-05       0.49614891E-06       0.62889048E-06       0.38986304E-06       0.52142451E-06       0.47276319E-04       0.41451359E-04       0.10319655E-04       0.28131891E-05       0.63025218E-04       0.57328872E-04       0.13897996E-04       0.32743355E-05       0.38234641E-04       0.32347746E-04       0.70493206E-05       0.34088576E-05       0.38235402E-04       0.32348442E-04       0.70497924E-05       0.34089010E-05
     -0.53018593E+02       0.75613699E+01       0.61359956E-01       0.00000000E+00       0.18603026E-05       0.18745454E+01       0.25661345E-05       0.53982980E-05       0.54202370E-06       0.68211092E-06       0.41686311E-06       0.56352321E-06       0.53023119E-04       0.46334616E-04       0.11589466E-04       0.31042145E-05       0.68766180E-04       0.62460797E-04       0.15241514E-04       0.35460629E-05       0.40083711E-04       0.33882446E-04       0.74942777E-05       0.35903202E-05       0.40083229E-04       0.33882106E-04       0.74944615E-05       0.35902426E-05
     -0.52915519E+02       0.78298978E+01       0.63805148E-01       0.00000000E+00       0.18758084E-05       0.19410411E+01       0.26430758E-05       0.57923857E-05       0.56810216E-06       0.71237449E-06       0.43235632E-06       0.58751500E-06       0.57816893E-04       0.50363527E-04       0.12666666E-04       0.33330093E-05       0.73733506E-04       0.66818986E-04       0.16411098E-04       0.37563249E-05       0.40780995E-04       0.34434082E-04       0.77527854E-05       0.36705782E-05       0.40779152E-04       0.34432608E-04       0.77526450E-05       0.36703707E-05
     -0.52812446E+02       0.79021187E+01       0.64683851E-01       0.00000000E+00       0.18387736E-05       0.19588604E+01       0.26560790E-05       0.60968422E-05       0.57189973E-06       0.71780443E-06       0.43675888E-06       0.59237957E-06       0.61451815E-04       0.53376035E-04       0.13507932E-04       0.34935126E-05       0.78064009E-04       0.70523622E-04       0.17424531E-04       0.39108068E-05       0.40480316E-04       0.34135034E-04       0.78442614E-05       0.36612495E-05       0.40477161E-04       0.34132472E-04       0.78438031E-05       0.36609199E-05
     -0.52709373E+02       0.77989450E+01       0.64137017E-01       0.00000000E+00       0.17598467E-05       0.19331958E+01       0.26139856E-05       0.63062960E-05       0.55371951E-06       0.69923655E-06       0.43113191E-06       0.57899335E-06       0.63756315E-04       0.55240145E-04       0.14073328E-04       0.35815257E-05       0.81721255E-04       0.73555136E-04       0.18265201E-04       0.40116414E-05       0.39376925E-04       0.33154256E-04       0.77917157E-05       0.35777978E-05       0.39372663E-04       0.33150779E-04       0.77909844E-05       0.35773684E-05
     -0.52606299E+02       0.75407474E+01       0.62299635E-01       0.00000000E+00       0.16496016E-05       0.18691065E+01       0.25243047E-05       0.64046727E-05       0.51645851E-06       0.65974550E-06       0.41660385E-06       0.54964040E-06       0.64559655E-04       0.55821857E-04       0.14318591E-04       0.35917843E-05       0.84379373E-04       0.75649943E-04       0.18858506E-04       0.40518285E-05       0.37632879E-04       0.31633870E-04       0.76091589E-05       0.34332019E-05       0.37627821E-04       0.31629741E-04       0.76082266E-05       0.34327046E-05
     -0.52503226E+02       0.71409214E+01       0.59252449E-01       0.00000000E+00       0.15162448E-05       0.17699224E+01       0.23910088E-05       0.63649872E-05       0.46483748E-06       0.60379740E-06       0.39401048E-06       0.50736613E-06       0.63686435E-04       0.54978562E-04       0.14195026E-04       0.35170892E-05       0.85443154E-04       0.76313680E-04       0.19076314E-04       0.40147481E-05       0.35337521E-04       0.29655051E-04       0.72964170E-05       0.32345880E-05       0.35332034E-04       0.29650577E-04       0.72953687E-05       0.32340586E-05
     -0.52400152E+02       0.66067585E+01       0.55033200E-01       0.00000000E+00       0.13651472E-05       0.16374586E+01       0.22151738E-05       0.61573336E-05       0.40434184E-06       0.53635520E-06       0.36390714E-06       0.45542822E-06       0.60998340E-04       0.52594702E-04       0.13661084E-04       0.33505896E-05       0.84219505E-04       0.74966264E-04       0.18773029E-04       0.38797438E-05       0.32516614E-04       0.27244697E-04       0.68437858E-05       0.29840541E-05       0.32511065E-04       0.27240180E-04       0.68427058E-05       0.29835273E-05
     -0.52297079E+02       0.59467455E+01       0.49699802E-01       0.00000000E+00       0.12000361E-05       0.14738235E+01       0.19979852E-05       0.57625617E-05       0.34024261E-06       0.46223294E-06       0.32692066E-06       0.39701693E-06       0.56475305E-04       0.48652537E-04       0.12703146E-04       0.30906200E-05       0.80182917E-04       0.71169955E-04       0.17841496E-04       0.36318203E-05       0.29181057E-04       0.24415434E-04       0.62442558E-05       0.26829406E-05       0.29175772E-04       0.24411142E-04       0.62432179E-05       0.26824457E-05
     -0.52194005E+02       0.51800107E+01       0.43409586E-01       0.00000000E+00       0.10249484E-05       0.12837593E+01       0.17444401E-05       0.51856967E-05       0.27696328E-06       0.38581003E-06       0.28422464E-06       0.33523983E-06       0.50298950E-04       0.43305383E-04       0.11356275E-04       0.27458099E-05       0.73224912E-04       0.64845174E-04       0.16265582E-04       0.32712148E-05       0.25387685E-04       0.21216137E-04       0.55071821E-05       0.23371447E-05       0.25382920E-04       0.21212277E-04       0.55062429E-05       0.23367040E-05
     -0.52090932E+02       0.43423265E+01       0.36468019E-01       0.00000000E+00       0.84576671E-06       0.10761301E+01       0.14656900E-05       0.44624928E-05       0.21784657E-06       0.31099599E-06       0.23784528E-06       0.27320398E-06       0.42889310E-04       0.36910618E-04       0.97133264E-05       0.23375860E-05       0.63775613E-04       0.56376457E-04       0.14145490E-04       0.28182938E-05       0.21279678E-04       0.17765827E-04       0.46663464E-05       0.19605930E-05       0.21275604E-04       0.17762533E-04       0.46655427E-05       0.19602200E-05
     -0.51987859E+02       0.34847764E+01       0.29314721E-01       0.00000000E+00       0.67047349E-06       0.86359266E+00       0.11786583E-05       0.36553360E-05       0.16519325E-06       0.24122584E-06       0.19058783E-06       0.21398791E-06       0.34862589E-04       0.29994383E-04       0.79150109E-05       0.18982014E-05       0.52739807E-04       0.46557659E-04       0.11683299E-04       0.23112477E-05       0.17085345E-04       0.14253176E-04       0.37780397E-05       0.15749679E-05       0.17082041E-04       0.14250509E-04       0.37773882E-05       0.15746679E-05
     -0.51884785E+02       0.26650312E+01       0.22447012E-01       0.00000000E+00       0.50799854E-06       0.66043483E+00       0.90296559E-06       0.28396438E-05       0.12039178E-06       0.17932704E-06       0.14557512E-06       0.16040239E-06       0.26915484E-04       0.23152652E-04       0.61225269E-05       0.14645875E-05       0.41273157E-04       0.36398009E-04       0.91341207E-05       0.17973859E-05       0.13075654E-04       0.10901750E-04       0.29097136E-05       0.12057256E-05       0.13073113E-04       0.10899703E-04       0.29092134E-05       0.12054965E-05
     -0.51781712E+02       0.19349477E+01       0.16312935E-01       0.00000000E+00       0.36627035E-06       0.47950389E+00       0.65652523E-06       0.20862233E-05       0.84026704E-07       0.12726529E-06       0.10559140E-06       0.11461008E-06       0.19678228E-04       0.16925045E-04       0.44828547E-05       0.10703706E-05       0.30492136E-04       0.26870111E-04       0.67430187E-05       0.13216705E-05       0.95008007E-05       0.79177315E-05       0.21241787E-05       0.87624720E-06       0.94989520E-05       0.79162441E-05       0.21238153E-05       0.87608141E-06
     -0.51678638E+02       0.13297849E+01       0.11218750E-01       0.00000000E+00       0.25042290E-06       0.32953440E+00       0.45169623E-06       0.14464208E-05       0.55960459E-07       0.85912727E-07       0.72512110E-07       0.77788216E-07       0.13592392E-04       0.11689690E-04       0.30998991E-05       0.73916873E-06       0.21229437E-04       0.18697274E-04       0.46919273E-05       0.91699508E-06       0.65339346E-05       0.54434251E-05       0.14659302E-05       0.60268253E-06       0.65326634E-05       0.54424034E-05       0.14656807E-05       0.60256901E-06
     -0.51575565E+02       0.86306328E+00       0.72849375E-02       0.00000000E+00       0.16191636E-06       0.21387468E+00       0.29341328E-06       0.94488838E-06       0.35442377E-07       0.54998346E-07       0.47034880E-07       0.50006546E-07       0.88542559E-05       0.76143768E-05       0.20209912E-05       0.48143602E-06       0.13911517E-04       0.12247206E-04       0.30732380E-05       0.59937047E-06       0.42431943E-05       0.35341484E-05       0.95441296E-06       0.39141179E-06       0.42423694E-05       0.35334860E-05       0.95425123E-06       0.39133837E-06
     -0.51472491E+02       0.52808145E+00       0.44590756E-02       0.00000000E+00       0.98797854E-07       0.13086265E+00       0.17964714E-06       0.58091820E-06       0.21284374E-07       0.33303252E-07       0.28766622E-07       0.30377665E-07       0.54320717E-05       0.46712263E-05       0.12406382E-05       0.29533477E-06       0.85724730E-05       0.75446503E-05       0.18931511E-05       0.36865135E-06       0.25975236E-05       0.21630864E-05       0.58534147E-06       0.23961602E-06       0.25970191E-05       0.21626815E-05       0.58524266E-06       0.23957122E-06
     -0.51369418E+02       0.30422582E+00       0.25695498E-02       0.00000000E+00       0.56802519E-07       0.75389259E-01       0.10354453E-06       0.33583849E-06       0.12090060E-07       0.19036835E-07       0.16566958E-07       0.17406464E-07       0.31354257E-05       0.26961891E-05       0.71642914E-06       0.17046003E-06       0.49642627E-05       0.43681070E-05       0.10960447E-05       0.21319254E-06       0.14969883E-05       0.12464536E-05       0.33779658E-06       0.13809671E-06       0.14966978E-05       0.12462207E-05       0.33773974E-06       0.13807097E-06
     -0.51266345E+02       0.16485973E+00       0.13927098E-02       0.00000000E+00       0.30736184E-07       0.40853283E-01       0.56131051E-07       0.18245652E-06       0.64828888E-08       0.10256435E-07       0.89754597E-08       0.93949523E-08       0.17014521E-05       0.14630715E-05       0.38890286E-06       0.92497802E-07       0.27003559E-05       0.23756951E-05       0.59609658E-06       0.11585272E-06       0.81145222E-06       0.67558402E-06       0.18328483E-06       0.74857036E-07       0.81129490E-06       0.67545788E-06       0.18325406E-06       0.74843113E-07
     -0.51163271E+02       0.83975574E-01       0.70951380E-03       0.00000000E+00       0.15639625E-07       0.20809642E-01       0.28599472E-07       0.93112373E-07       0.32765074E-08       0.52020646E-08       0.45710718E-08       0.47714869E-08       0.86755238E-06       0.74599499E-06       0.19834581E-06       0.47162664E-07       0.13793101E-05       0.12133373E-05       0.30443903E-06       0.59133356E-07       0.41342517E-06       0.34417812E-06       0.93448089E-07       0.38138988E-07       0.41334508E-06       0.34411391E-06       0.93432432E-07       0.38131906E-07
     -0.51060198E+02       0.40187358E-01       0.33958007E-03       0.00000000E+00       0.74787235E-08       0.99586519E-02       0.13689268E-07       0.44620404E-07       0.15589872E-08       0.24816755E-08       0.21872476E-08       0.22785075E-08       0.41547887E-06       0.35726068E-06       0.95006578E-07       0.22586336E-07       0.66141626E-06       0.58177903E-06       0.14597260E-06       0.28341085E-07       0.19788145E-06       0.16472880E-06       0.44751089E-07       0.18254868E-07       0.19784313E-06       0.16469809E-06       0.44743602E-07       0.18251483E-07
     -0.50957124E+02       0.18061853E-01       0.15263271E-03       0.00000000E+00       0.33593631E-08       0.44758240E-02       0.61534115E-08       0.20074069E-07       0.69770968E-09       0.11127959E-08       0.98294533E-09       0.10224332E-08       0.18683198E-06       0.16065147E-06       0.42727984E-07       0.10156505E-07       0.29770487E-06       0.26184402E-06       0.65697941E-07       0.12751491E-07       0.88946991E-07       0.74042287E-07       0.20123020E-07       0.82055103E-08       0.88929776E-07       0.74028491E-07       0.20119657E-07       0.82039902E-08
     -0.50854051E+02       0.76215538E-02       0.64409971E-04       0.00000000E+00       0.14169555E-08       0.18886606E-02       0.25968253E-08       0.84768237E-08       0.29349753E-09       0.46877238E-09       0.41474426E-09       0.43093518E-09       0.78868594E-07       0.67816502E-07       0.18038758E-07       0.42873953E-08       0.12575818E-06       0.11060468E-06       0.27751081E-07       0.53850412E-08       0.37536144E-07       0.31245424E-07       0.84944061E-08       0.34627814E-08       0.37528881E-07       0.31239604E-07       0.84929875E-08       0.34621404E-08
     -0.50750977E+02       0.30190653E-02       0.25515201E-04       0.00000000E+00       0.56112461E-09       0.74813972E-03       0.10287399E-08       0.33595968E-08       0.11599756E-09       0.18546262E-09       0.16428097E-09       0.17055880E-09       0.31250089E-07       0.26870839E-07       0.71479860E-08       0.16987895E-08       0.49854128E-07       0.43845445E-07       0.11000904E-07       0.21343533E-08       0.14869923E-07       0.12377621E-07       0.33657119E-08       0.13717785E-08       0.14867047E-07       0.12375317E-07       0.33651501E-08       0.13715247E-08
     -0.50647904E+02       0.11224587E-02       0.94865686E-05       0.00000000E+00       0.20857652E-09       0.27815087E-03       0.38249705E-09       0.12495364E-08       0.43055419E-10       0.68891275E-10       0.61075774E-10       0.63373034E-10       0.11620778E-07       0.99922715E-08       0.26582108E-08       0.63171716E-09       0.18545715E-07       0.16310107E-07       0.40922190E-08       0.79386200E-09       0.55287696E-08       0.46020457E-08       0.12515797E-08       0.51003932E-09       0.55277003E-08       0.46011890E-08       0.12513709E-08       0.50994498E-09
     -0.50544830E+02       0.39164512E-03       0.33100951E-05       0.00000000E+00       0.72764731E-10       0.97051592E-04       0.13346531E-09       0.43610454E-09       0.15004650E-10       0.24021622E-10       0.21309811E-10       0.22102019E-10       0.40552744E-08       0.34869729E-08       0.92766315E-09       0.22044848E-09       0.64735722E-08       0.56931137E-08       0.14284024E-08       0.27707607E-09       0.19291536E-08       0.16057755E-08       0.43675898E-09       0.17796799E-09       0.19287805E-08       0.16054767E-08       0.43668614E-09       0.17793508E-09
     -0.50441757E+02       0.12805327E-03       0.10823367E-05       0.00000000E+00       0.23781563E-10       0.31732211E-04       0.43642974E-10       0.14269443E-09       0.48901353E-11       0.78404403E-11       0.69670063E-11       0.72178705E-11       0.13264337E-08       0.11405439E-08       0.30345752E-09       0.72105901E-10       0.21189319E-08       0.18633877E-08       0.46752021E-09       0.90666805E-10       0.63082279E-09       0.52506572E-09       0.14285734E-09       0.58194542E-10       0.63070085E-09       0.52496803E-09       0.14283353E-09       0.58183790E-10
     -0.50338684E+02       0.39358810E-04       0.33267000E-06       0.00000000E+00       0.73095671E-11       0.97533005E-05       0.13414226E-10       0.43858955E-10       0.15030456E-11       0.24098595E-11       0.21413984E-11       0.22185047E-11       0.40769633E-09       0.35056074E-09       0.93271544E-10       0.22162670E-10       0.65128079E-09       0.57273600E-09       0.14369831E-09       0.27867601E-10       0.19389144E-09       0.16138565E-09       0.43909027E-10       0.17886836E-10       0.19385396E-09       0.16135563E-09       0.43901711E-10       0.17883531E-10
     -0.50235610E+02       0.11350074E-04       0.95933519E-07       0.00000000E+00       0.21078922E-11       0.28126024E-05       0.38683196E-11       0.12647801E-10       0.43343989E-12       0.69494183E-12       0.61752452E-12       0.63976001E-12       0.11756919E-09       0.10109275E-09       0.26897128E-10       0.63911471E-11       0.18781272E-09       0.16516241E-09       0.41438917E-10       0.80363033E-11       0.55913333E-10       0.46539495E-10       0.12662240E-10       0.51581059E-11       0.55902525E-10       0.46530837E-10       0.12660131E-10       0.51571530E-11
     -0.50132537E+02       0.30708663E-05       0.25955690E-07       0.00000000E+00       0.57030950E-12       0.76097529E-06       0.10466092E-11       0.34219782E-11       0.11727113E-12       0.18802287E-12       0.16707690E-12       0.17309292E-12       0.31809420E-10       0.27351568E-10       0.72772638E-11       0.17291833E-11       0.50814449E-10       0.44686201E-10       0.11211678E-10       0.21742953E-11       0.15127863E-10       0.12591686E-10       0.34258849E-11       0.13955727E-11       0.15124939E-10       0.12589343E-10       0.34253141E-11       0.13953149E-11
     -0.50029463E+02       0.77952239E-06       0.65887082E-08       0.00000000E+00       0.14476991E-12       0.19316936E-06       0.26567595E-12       0.86865020E-12       0.29768625E-13       0.47728563E-13       0.42411546E-13       0.43938678E-13       0.80746451E-11       0.69430440E-11       0.18472931E-11       0.43894359E-12       0.12898966E-10       0.11343344E-10       0.28460223E-11       0.55193282E-12       0.38401243E-11       0.31963297E-11       0.86964190E-12       0.35425840E-12       0.38393820E-11       0.31957350E-11       0.86949699E-12       0.35419295E-12
     -0.49926390E+02       0.00000000E+00       0.00000000E+00       0.00000000E+00       0.00000000E+00       0.00000000E+00       0.00000000E+00       0.00000000E+00       0.00000000E+00       0.00000000E+00       0.00000000E+00       0.00000000E+00       0.00000000E+00       0.00000000E+00       0.00000000E+00       0.00000000E+00       0.00000000E+00       0.00000000E+00       0.00000000E+00       0.00000000E+00       0.00000000E+00       0.00000000E+00       0.00000000E+00       0.00000000E+00       0.00000000E+00       0.00000000E+00       0.00000000E+00       0.00000000E+00
     -0.49823316E+02       0.00000000E+00       0.00000000E+00       0.00000000E+00       0.00000000E+00       0.00000000E+00       0.00000000E+00       0.00000000E+00       0.00000000E+00       0.00000000E+00       0.00000000E+00       0.00000000E+00       0.00000000E+00       0.00000000E+00       0.00000000E+00       0.00000000E+00       0.00000000E+00       0.00000000E+00       0.00000000E+00       0.00000000E+00       0.00000000E+00       0.00000000E+00       0.00000000E+00       0.00000000E+00       0.00000000E+00       0.00000000E+00       0.00000000E+00       0.00000000E+00
     -0.49720243E+02       0.00000000E+00       0.00000000E+00       0.00000000E+00       0.00000000E+00       0.00000000E+00       0.00000000E+00       0.00000000E+00       0.00000000E+00       0.00000000E+00       0.00000000E+00       0.00000000E+00       0.00000000E+00       0.00000000E+00       0.00000000E+00       0.00000000E+00       0.00000000E+00       0.00000000E+00       0.00000000E+00       0.00000000E+00       0.00000000E+00       0.00000000E+00       0.00000000E+00       0.00000000E+00       0.00000000E+00       0.00000000E+00       0.00000000E+00       0.00000000E+00
     -0.49617170E+02       0.00000000E+00       0.00000000E+00       0.00000000E+00       0.00000000E+00       0.00000000E+00       0.00000000E+00       0.00000000E+00       0.00000000E+00       0.00000000E+00       0.00000000E+00       0.00000000E+00       0.00000000E+00       0.00000000E+00       0.00000000E+00       0.00000000E+00       0.00000000E+00       0.00000000E+00       0.00000000E+00       0.00000000E+00       0.00000000E+00       0.00000000E+00       0.00000000E+00       0.00000000E+00       0.00000000E+00       0.00000000E+00       0.00000000E+00       0.00000000E+00
     -0.49514096E+02       0.00000000E+00       0.00000000E+00       0.00000000E+00       0.00000000E+00       0.00000000E+00       0.00000000E+00       0.00000000E+00       0.00000000E+00       0.00000000E+00       0.00000000E+00       0.00000000E+00       0.00000000E+00       0.00000000E+00       0.00000000E+00       0.00000000E+00       0.00000000E+00       0.00000000E+00       0.00000000E+00       0.00000000E+00       0.00000000E+00       0.00000000E+00       0.00000000E+00       0.00000000E+00       0.00000000E+00       0.00000000E+00       0.00000000E+00       0.00000000E+00
     -0.49411023E+02       0.00000000E+00       0.00000000E+00       0.00000000E+00       0.00000000E+00       0.00000000E+00       0.00000000E+00       0.00000000E+00       0.00000000E+00       0.00000000E+00       0.00000000E+00       0.00000000E+00       0.00000000E+00       0.00000000E+00       0.00000000E+00       0.00000000E+00       0.00000000E+00       0.00000000E+00       0.00000000E+00       0.00000000E+00       0.00000000E+00       0.00000000E+00       0.00000000E+00       0.00000000E+00       0.00000000E+00       0.00000000E+00       0.00000000E+00       0.00000000E+00
     -0.49307949E+02       0.00000000E+00       0.00000000E+00       0.00000000E+00       0.00000000E+00       0.00000000E+00       0.00000000E+00       0.00000000E+00       0.00000000E+00       0.00000000E+00       0.00000000E+00       0.00000000E+00       0.00000000E+00       0.00000000E+00       0.00000000E+00       0.00000000E+00       0.00000000E+00       0.00000000E+00       0.00000000E+00       0.00000000E+00       0.00000000E+00       0.00000000E+00       0.00000000E+00       0.00000000E+00       0.00000000E+00       0.00000000E+00       0.00000000E+00       0.00000000E+00
     -0.49204876E+02       0.00000000E+00       0.00000000E+00       0.00000000E+00       0.00000000E+00       0.00000000E+00       0.00000000E+00       0.00000000E+00       0.00000000E+00       0.00000000E+00       0.00000000E+00       0.00000000E+00       0.00000000E+00       0.00000000E+00       0.00000000E+00       0.00000000E+00       0.00000000E+00       0.00000000E+00       0.00000000E+00       0.00000000E+00       0.00000000E+00       0.00000000E+00       0.00000000E+00       0.00000000E+00       0.00000000E+00       0.00000000E+00       0.00000000E+00       0.00000000E+00
     -0.49101802E+02       0.00000000E+00       0.00000000E+00       0.00000000E+00       0.00000000E+00       0.00000000E+00       0.00000000E+00       0.00000000E+00       0.00000000E+00       0.00000000E+00       0.00000000E+00       0.00000000E+00       0.00000000E+00       0.00000000E+00       0.00000000E+00       0.00000000E+00       0.00000000E+00       0.00000000E+00       0.00000000E+00       0.00000000E+00       0.00000000E+00       0.00000000E+00       0.00000000E+00       0.00000000E+00       0.00000000E+00       0.00000000E+00       0.00000000E+00       0.00000000E+00
     -0.48998729E+02       0.00000000E+00       0.00000000E+00       0.00000000E+00       0.00000000E+00       0.00000000E+00       0.00000000E+00       0.00000000E+00       0.00000000E+00       0.00000000E+00       0.00000000E+00       0.00000000E+00       0.00000000E+00       0.00000000E+00       0.00000000E+00       0.00000000E+00       0.00000000E+00       0.00000000E+00       0.00000000E+00       0.00000000E+00       0.00000000E+00       0.00000000E+00       0.00000000E+00       0.00000000E+00       0.00000000E+00       0.00000000E+00       0.00000000E+00       0.00000000E+00
     -0.48895656E+02       0.00000000E+00       0.00000000E+00       0.00000000E+00       0.00000000E+00       0.00000000E+00       0.00000000E+00       0.00000000E+00       0.00000000E+00       0.00000000E+00       0.00000000E+00       0.00000000E+00       0.00000000E+00       0.00000000E+00       0.00000000E+00       0.00000000E+00       0.00000000E+00       0.00000000E+00       0.00000000E+00       0.00000000E+00       0.00000000E+00       0.00000000E+00       0.00000000E+00       0.00000000E+00       0.00000000E+00       0.00000000E+00       0.00000000E+00       0.00000000E+00
     -0.48792582E+02       0.00000000E+00       0.00000000E+00       0.00000000E+00       0.00000000E+00       0.00000000E+00       0.00000000E+00       0.00000000E+00       0.00000000E+00       0.00000000E+00       0.00000000E+00       0.00000000E+00       0.00000000E+00       0.00000000E+00       0.00000000E+00       0.00000000E+00       0.00000000E+00       0.00000000E+00       0.00000000E+00       0.00000000E+00       0.00000000E+00       0.00000000E+00       0.00000000E+00       0.00000000E+00       0.00000000E+00       0.00000000E+00       0.00000000E+00       0.00000000E+00
     -0.48689509E+02       0.00000000E+00       0.00000000E+00       0.00000000E+00       0.00000000E+00       0.00000000E+00       0.00000000E+00       0.00000000E+00       0.00000000E+00       0.00000000E+00       0.00000000E+00       0.00000000E+00       0.00000000E+00       0.00000000E+00       0.00000000E+00       0.00000000E+00       0.00000000E+00       0.00000000E+00       0.00000000E+00       0.00000000E+00       0.00000000E+00       0.00000000E+00       0.00000000E+00       0.00000000E+00       0.00000000E+00       0.00000000E+00       0.00000000E+00       0.00000000E+00
     -0.48586435E+02       0.00000000E+00       0.00000000E+00       0.00000000E+00       0.00000000E+00       0.00000000E+00       0.00000000E+00       0.00000000E+00       0.00000000E+00       0.00000000E+00       0.00000000E+00       0.00000000E+00       0.00000000E+00       0.00000000E+00       0.00000000E+00       0.00000000E+00       0.00000000E+00       0.00000000E+00       0.00000000E+00       0.00000000E+00       0.00000000E+00       0.00000000E+00       0.00000000E+00       0.00000000E+00       0.00000000E+00       0.00000000E+00       0.00000000E+00       0.00000000E+00
     -0.48483362E+02       0.00000000E+00       0.00000000E+00       0.00000000E+00       0.00000000E+00       0.00000000E+00       0.00000000E+00       0.00000000E+00       0.00000000E+00       0.00000000E+00       0.00000000E+00       0.00000000E+00       0.00000000E+00       0.00000000E+00       0.00000000E+00       0.00000000E+00       0.00000000E+00       0.00000000E+00       0.00000000E+00       0.00000000E+00       0.00000000E+00       0.00000000E+00       0.00000000E+00       0.00000000E+00       0.00000000E+00       0.00000000E+00       0.00000000E+00       0.00000000E+00
     -0.48380288E+02       0.00000000E+00       0.00000000E+00       0.00000000E+00       0.00000000E+00       0.00000000E+00       0.00000000E+00       0.00000000E+00       0.00000000E+00       0.00000000E+00       0.00000000E+00       0.00000000E+00       0.00000000E+00       0.00000000E+00       0.00000000E+00       0.00000000E+00       0.00000000E+00       0.00000000E+00       0.00000000E+00       0.00000000E+00       0.00000000E+00       0.00000000E+00       0.00000000E+00       0.00000000E+00       0.00000000E+00       0.00000000E+00       0.00000000E+00       0.00000000E+00
     -0.48277215E+02       0.00000000E+00       0.00000000E+00       0.00000000E+00       0.00000000E+00       0.00000000E+00       0.00000000E+00       0.00000000E+00       0.00000000E+00       0.00000000E+00       0.00000000E+00       0.00000000E+00       0.00000000E+00       0.00000000E+00       0.00000000E+00       0.00000000E+00       0.00000000E+00       0.00000000E+00       0.00000000E+00       0.00000000E+00       0.00000000E+00       0.00000000E+00       0.00000000E+00       0.00000000E+00       0.00000000E+00       0.00000000E+00       0.00000000E+00       0.00000000E+00
     -0.48174142E+02       0.00000000E+00       0.00000000E+00       0.00000000E+00       0.00000000E+00       0.00000000E+00       0.00000000E+00       0.00000000E+00       0.00000000E+00       0.00000000E+00       0.00000000E+00       0.00000000E+00       0.00000000E+00       0.00000000E+00       0.00000000E+00       0.00000000E+00       0.00000000E+00       0.00000000E+00       0.00000000E+00       0.00000000E+00       0.00000000E+00       0.00000000E+00       0.00000000E+00       0.00000000E+00       0.00000000E+00       0.00000000E+00       0.00000000E+00       0.00000000E+00
     -0.48071068E+02       0.00000000E+00       0.00000000E+00       0.00000000E+00       0.00000000E+00       0.00000000E+00       0.00000000E+00       0.00000000E+00       0.00000000E+00       0.00000000E+00       0.00000000E+00       0.00000000E+00       0.00000000E+00       0.00000000E+00       0.00000000E+00       0.00000000E+00       0.00000000E+00       0.00000000E+00       0.00000000E+00       0.00000000E+00       0.00000000E+00       0.00000000E+00       0.00000000E+00       0.00000000E+00       0.00000000E+00       0.00000000E+00       0.00000000E+00       0.00000000E+00
     -0.47967995E+02       0.00000000E+00       0.00000000E+00       0.00000000E+00       0.00000000E+00       0.00000000E+00       0.00000000E+00       0.00000000E+00       0.00000000E+00       0.00000000E+00       0.00000000E+00       0.00000000E+00       0.00000000E+00       0.00000000E+00       0.00000000E+00       0.00000000E+00       0.00000000E+00       0.00000000E+00       0.00000000E+00       0.00000000E+00       0.00000000E+00       0.00000000E+00       0.00000000E+00       0.00000000E+00       0.00000000E+00       0.00000000E+00       0.00000000E+00       0.00000000E+00
     -0.47864921E+02       0.00000000E+00       0.00000000E+00       0.00000000E+00       0.00000000E+00       0.00000000E+00       0.00000000E+00       0.00000000E+00       0.00000000E+00       0.00000000E+00       0.00000000E+00       0.00000000E+00       0.00000000E+00       0.00000000E+00       0.00000000E+00       0.00000000E+00       0.00000000E+00       0.00000000E+00       0.00000000E+00       0.00000000E+00       0.00000000E+00       0.00000000E+00       0.00000000E+00       0.00000000E+00       0.00000000E+00       0.00000000E+00       0.00000000E+00       0.00000000E+00
     -0.47761848E+02       0.00000000E+00       0.00000000E+00       0.00000000E+00       0.00000000E+00       0.00000000E+00       0.00000000E+00       0.00000000E+00       0.00000000E+00       0.00000000E+00       0.00000000E+00       0.00000000E+00       0.00000000E+00       0.00000000E+00       0.00000000E+00       0.00000000E+00       0.00000000E+00       0.00000000E+00       0.00000000E+00       0.00000000E+00       0.00000000E+00       0.00000000E+00       0.00000000E+00       0.00000000E+00       0.00000000E+00       0.00000000E+00       0.00000000E+00       0.00000000E+00
     -0.47658774E+02       0.00000000E+00       0.00000000E+00       0.00000000E+00       0.00000000E+00       0.00000000E+00       0.00000000E+00       0.00000000E+00       0.00000000E+00       0.00000000E+00       0.00000000E+00       0.00000000E+00       0.00000000E+00       0.00000000E+00       0.00000000E+00       0.00000000E+00       0.00000000E+00       0.00000000E+00       0.00000000E+00       0.00000000E+00       0.00000000E+00       0.00000000E+00       0.00000000E+00       0.00000000E+00       0.00000000E+00       0.00000000E+00       0.00000000E+00       0.00000000E+00
     -0.47555701E+02       0.00000000E+00       0.00000000E+00       0.00000000E+00       0.00000000E+00       0.00000000E+00       0.00000000E+00       0.00000000E+00       0.00000000E+00       0.00000000E+00       0.00000000E+00       0.00000000E+00       0.00000000E+00       0.00000000E+00       0.00000000E+00       0.00000000E+00       0.00000000E+00       0.00000000E+00       0.00000000E+00       0.00000000E+00       0.00000000E+00       0.00000000E+00       0.00000000E+00       0.00000000E+00       0.00000000E+00       0.00000000E+00       0.00000000E+00       0.00000000E+00
     -0.47452627E+02       0.00000000E+00       0.00000000E+00       0.00000000E+00       0.00000000E+00       0.00000000E+00       0.00000000E+00       0.00000000E+00       0.00000000E+00       0.00000000E+00       0.00000000E+00       0.00000000E+00       0.00000000E+00       0.00000000E+00       0.00000000E+00       0.00000000E+00       0.00000000E+00       0.00000000E+00       0.00000000E+00       0.00000000E+00       0.00000000E+00       0.00000000E+00       0.00000000E+00       0.00000000E+00       0.00000000E+00       0.00000000E+00       0.00000000E+00       0.00000000E+00
     -0.47349554E+02       0.00000000E+00       0.00000000E+00       0.00000000E+00       0.00000000E+00       0.00000000E+00       0.00000000E+00       0.00000000E+00       0.00000000E+00       0.00000000E+00       0.00000000E+00       0.00000000E+00       0.00000000E+00       0.00000000E+00       0.00000000E+00       0.00000000E+00       0.00000000E+00       0.00000000E+00       0.00000000E+00       0.00000000E+00       0.00000000E+00       0.00000000E+00       0.00000000E+00       0.00000000E+00       0.00000000E+00       0.00000000E+00       0.00000000E+00       0.00000000E+00
     -0.47246481E+02       0.00000000E+00       0.00000000E+00       0.00000000E+00       0.00000000E+00       0.00000000E+00       0.00000000E+00       0.00000000E+00       0.00000000E+00       0.00000000E+00       0.00000000E+00       0.00000000E+00       0.00000000E+00       0.00000000E+00       0.00000000E+00       0.00000000E+00       0.00000000E+00       0.00000000E+00       0.00000000E+00       0.00000000E+00       0.00000000E+00       0.00000000E+00       0.00000000E+00       0.00000000E+00       0.00000000E+00       0.00000000E+00       0.00000000E+00       0.00000000E+00
     -0.47143407E+02       0.00000000E+00       0.00000000E+00       0.00000000E+00       0.00000000E+00       0.00000000E+00       0.00000000E+00       0.00000000E+00       0.00000000E+00       0.00000000E+00       0.00000000E+00       0.00000000E+00       0.00000000E+00       0.00000000E+00       0.00000000E+00       0.00000000E+00       0.00000000E+00       0.00000000E+00       0.00000000E+00       0.00000000E+00       0.00000000E+00       0.00000000E+00       0.00000000E+00       0.00000000E+00       0.00000000E+00       0.00000000E+00       0.00000000E+00       0.00000000E+00
     -0.47040334E+02       0.00000000E+00       0.00000000E+00       0.00000000E+00       0.00000000E+00       0.00000000E+00       0.00000000E+00       0.00000000E+00       0.00000000E+00       0.00000000E+00       0.00000000E+00       0.00000000E+00       0.00000000E+00       0.00000000E+00       0.00000000E+00       0.00000000E+00       0.00000000E+00       0.00000000E+00       0.00000000E+00       0.00000000E+00       0.00000000E+00       0.00000000E+00       0.00000000E+00       0.00000000E+00       0.00000000E+00       0.00000000E+00       0.00000000E+00       0.00000000E+00
     -0.46937260E+02       0.00000000E+00       0.00000000E+00       0.00000000E+00       0.00000000E+00       0.00000000E+00       0.00000000E+00       0.00000000E+00       0.00000000E+00       0.00000000E+00       0.00000000E+00       0.00000000E+00       0.00000000E+00       0.00000000E+00       0.00000000E+00       0.00000000E+00       0.00000000E+00       0.00000000E+00       0.00000000E+00       0.00000000E+00       0.00000000E+00       0.00000000E+00       0.00000000E+00       0.00000000E+00       0.00000000E+00       0.00000000E+00       0.00000000E+00       0.00000000E+00
     -0.46834187E+02       0.00000000E+00       0.00000000E+00       0.00000000E+00       0.00000000E+00       0.00000000E+00       0.00000000E+00       0.00000000E+00       0.00000000E+00       0.00000000E+00       0.00000000E+00       0.00000000E+00       0.00000000E+00       0.00000000E+00       0.00000000E+00       0.00000000E+00       0.00000000E+00       0.00000000E+00       0.00000000E+00       0.00000000E+00       0.00000000E+00       0.00000000E+00       0.00000000E+00       0.00000000E+00       0.00000000E+00       0.00000000E+00       0.00000000E+00       0.00000000E+00
     -0.46731113E+02       0.00000000E+00       0.00000000E+00       0.00000000E+00       0.00000000E+00       0.00000000E+00       0.00000000E+00       0.00000000E+00       0.00000000E+00       0.00000000E+00       0.00000000E+00       0.00000000E+00       0.00000000E+00       0.00000000E+00       0.00000000E+00       0.00000000E+00       0.00000000E+00       0.00000000E+00       0.00000000E+00       0.00000000E+00       0.00000000E+00       0.00000000E+00       0.00000000E+00       0.00000000E+00       0.00000000E+00       0.00000000E+00       0.00000000E+00       0.00000000E+00
     -0.46628040E+02       0.00000000E+00       0.00000000E+00       0.00000000E+00       0.00000000E+00       0.00000000E+00       0.00000000E+00       0.00000000E+00       0.00000000E+00       0.00000000E+00       0.00000000E+00       0.00000000E+00       0.00000000E+00       0.00000000E+00       0.00000000E+00       0.00000000E+00       0.00000000E+00       0.00000000E+00       0.00000000E+00       0.00000000E+00       0.00000000E+00       0.00000000E+00       0.00000000E+00       0.00000000E+00       0.00000000E+00       0.00000000E+00       0.00000000E+00       0.00000000E+00
     -0.46524967E+02       0.00000000E+00       0.00000000E+00       0.00000000E+00       0.00000000E+00       0.00000000E+00       0.00000000E+00       0.00000000E+00       0.00000000E+00       0.00000000E+00       0.00000000E+00       0.00000000E+00       0.00000000E+00       0.00000000E+00       0.00000000E+00       0.00000000E+00       0.00000000E+00       0.00000000E+00       0.00000000E+00       0.00000000E+00       0.00000000E+00       0.00000000E+00       0.00000000E+00       0.00000000E+00       0.00000000E+00       0.00000000E+00       0.00000000E+00       0.00000000E+00
     -0.46421893E+02       0.00000000E+00       0.00000000E+00       0.00000000E+00       0.00000000E+00       0.00000000E+00       0.00000000E+00       0.00000000E+00       0.00000000E+00       0.00000000E+00       0.00000000E+00       0.00000000E+00       0.00000000E+00       0.00000000E+00       0.00000000E+00       0.00000000E+00       0.00000000E+00       0.00000000E+00       0.00000000E+00       0.00000000E+00       0.00000000E+00       0.00000000E+00       0.00000000E+00       0.00000000E+00       0.00000000E+00       0.00000000E+00       0.00000000E+00       0.00000000E+00
     -0.46318820E+02       0.00000000E+00       0.00000000E+00       0.00000000E+00       0.00000000E+00       0.00000000E+00       0.00000000E+00       0.00000000E+00       0.00000000E+00       0.00000000E+00       0.00000000E+00       0.00000000E+00       0.00000000E+00       0.00000000E+00       0.00000000E+00       0.00000000E+00       0.00000000E+00       0.00000000E+00       0.00000000E+00       0.00000000E+00       0.00000000E+00       0.00000000E+00       0.00000000E+00       0.00000000E+00       0.00000000E+00       0.00000000E+00       0.00000000E+00       0.00000000E+00
     -0.46215746E+02       0.00000000E+00       0.00000000E+00       0.00000000E+00       0.00000000E+00       0.00000000E+00       0.00000000E+00       0.00000000E+00       0.00000000E+00       0.00000000E+00       0.00000000E+00       0.00000000E+00       0.00000000E+00       0.00000000E+00       0.00000000E+00       0.00000000E+00       0.00000000E+00       0.00000000E+00       0.00000000E+00       0.00000000E+00       0.00000000E+00       0.00000000E+00       0.00000000E+00       0.00000000E+00       0.00000000E+00       0.00000000E+00       0.00000000E+00       0.00000000E+00
     -0.46112673E+02       0.00000000E+00       0.00000000E+00       0.00000000E+00       0.00000000E+00       0.00000000E+00       0.00000000E+00       0.00000000E+00       0.00000000E+00       0.00000000E+00       0.00000000E+00       0.00000000E+00       0.00000000E+00       0.00000000E+00       0.00000000E+00       0.00000000E+00       0.00000000E+00       0.00000000E+00       0.00000000E+00       0.00000000E+00       0.00000000E+00       0.00000000E+00       0.00000000E+00       0.00000000E+00       0.00000000E+00       0.00000000E+00       0.00000000E+00       0.00000000E+00
     -0.46009599E+02       0.00000000E+00       0.00000000E+00       0.00000000E+00       0.00000000E+00       0.00000000E+00       0.00000000E+00       0.00000000E+00       0.00000000E+00       0.00000000E+00       0.00000000E+00       0.00000000E+00       0.00000000E+00       0.00000000E+00       0.00000000E+00       0.00000000E+00       0.00000000E+00       0.00000000E+00       0.00000000E+00       0.00000000E+00       0.00000000E+00       0.00000000E+00       0.00000000E+00       0.00000000E+00       0.00000000E+00       0.00000000E+00       0.00000000E+00       0.00000000E+00
     -0.45906526E+02       0.00000000E+00       0.00000000E+00       0.00000000E+00       0.00000000E+00       0.00000000E+00       0.00000000E+00       0.00000000E+00       0.00000000E+00       0.00000000E+00       0.00000000E+00       0.00000000E+00       0.00000000E+00       0.00000000E+00       0.00000000E+00       0.00000000E+00       0.00000000E+00       0.00000000E+00       0.00000000E+00       0.00000000E+00       0.00000000E+00       0.00000000E+00       0.00000000E+00       0.00000000E+00       0.00000000E+00       0.00000000E+00       0.00000000E+00       0.00000000E+00
     -0.45803453E+02       0.00000000E+00       0.00000000E+00       0.00000000E+00       0.00000000E+00       0.00000000E+00       0.00000000E+00       0.00000000E+00       0.00000000E+00       0.00000000E+00       0.00000000E+00       0.00000000E+00       0.00000000E+00       0.00000000E+00       0.00000000E+00       0.00000000E+00       0.00000000E+00       0.00000000E+00       0.00000000E+00       0.00000000E+00       0.00000000E+00       0.00000000E+00       0.00000000E+00       0.00000000E+00       0.00000000E+00       0.00000000E+00       0.00000000E+00       0.00000000E+00
     -0.45700379E+02       0.00000000E+00       0.00000000E+00       0.00000000E+00       0.00000000E+00       0.00000000E+00       0.00000000E+00       0.00000000E+00       0.00000000E+00       0.00000000E+00       0.00000000E+00       0.00000000E+00       0.00000000E+00       0.00000000E+00       0.00000000E+00       0.00000000E+00       0.00000000E+00       0.00000000E+00       0.00000000E+00       0.00000000E+00       0.00000000E+00       0.00000000E+00       0.00000000E+00       0.00000000E+00       0.00000000E+00       0.00000000E+00       0.00000000E+00       0.00000000E+00
     -0.45597306E+02       0.00000000E+00       0.00000000E+00       0.00000000E+00       0.00000000E+00       0.00000000E+00       0.00000000E+00       0.00000000E+00       0.00000000E+00       0.00000000E+00       0.00000000E+00       0.00000000E+00       0.00000000E+00       0.00000000E+00       0.00000000E+00       0.00000000E+00       0.00000000E+00       0.00000000E+00       0.00000000E+00       0.00000000E+00       0.00000000E+00       0.00000000E+00       0.00000000E+00       0.00000000E+00       0.00000000E+00       0.00000000E+00       0.00000000E+00       0.00000000E+00
     -0.45494232E+02       0.00000000E+00       0.00000000E+00       0.00000000E+00       0.00000000E+00       0.00000000E+00       0.00000000E+00       0.00000000E+00       0.00000000E+00       0.00000000E+00       0.00000000E+00       0.00000000E+00       0.00000000E+00       0.00000000E+00       0.00000000E+00       0.00000000E+00       0.00000000E+00       0.00000000E+00       0.00000000E+00       0.00000000E+00       0.00000000E+00       0.00000000E+00       0.00000000E+00       0.00000000E+00       0.00000000E+00       0.00000000E+00       0.00000000E+00       0.00000000E+00
     -0.45391159E+02       0.00000000E+00       0.00000000E+00       0.00000000E+00       0.00000000E+00       0.00000000E+00       0.00000000E+00       0.00000000E+00       0.00000000E+00       0.00000000E+00       0.00000000E+00       0.00000000E+00       0.00000000E+00       0.00000000E+00       0.00000000E+00       0.00000000E+00       0.00000000E+00       0.00000000E+00       0.00000000E+00       0.00000000E+00       0.00000000E+00       0.00000000E+00       0.00000000E+00       0.00000000E+00       0.00000000E+00       0.00000000E+00       0.00000000E+00       0.00000000E+00
     -0.45288085E+02       0.00000000E+00       0.00000000E+00       0.00000000E+00       0.00000000E+00       0.00000000E+00       0.00000000E+00       0.00000000E+00       0.00000000E+00       0.00000000E+00       0.00000000E+00       0.00000000E+00       0.00000000E+00       0.00000000E+00       0.00000000E+00       0.00000000E+00       0.00000000E+00       0.00000000E+00       0.00000000E+00       0.00000000E+00       0.00000000E+00       0.00000000E+00       0.00000000E+00       0.00000000E+00       0.00000000E+00       0.00000000E+00       0.00000000E+00       0.00000000E+00
     -0.45185012E+02       0.00000000E+00       0.00000000E+00       0.00000000E+00       0.00000000E+00       0.00000000E+00       0.00000000E+00       0.00000000E+00       0.00000000E+00       0.00000000E+00       0.00000000E+00       0.00000000E+00       0.00000000E+00       0.00000000E+00       0.00000000E+00       0.00000000E+00       0.00000000E+00       0.00000000E+00       0.00000000E+00       0.00000000E+00       0.00000000E+00       0.00000000E+00       0.00000000E+00       0.00000000E+00       0.00000000E+00       0.00000000E+00       0.00000000E+00       0.00000000E+00
     -0.45081939E+02       0.00000000E+00       0.00000000E+00       0.00000000E+00       0.00000000E+00       0.00000000E+00       0.00000000E+00       0.00000000E+00       0.00000000E+00       0.00000000E+00       0.00000000E+00       0.00000000E+00       0.00000000E+00       0.00000000E+00       0.00000000E+00       0.00000000E+00       0.00000000E+00       0.00000000E+00       0.00000000E+00       0.00000000E+00       0.00000000E+00       0.00000000E+00       0.00000000E+00       0.00000000E+00       0.00000000E+00       0.00000000E+00       0.00000000E+00       0.00000000E+00
     -0.44978865E+02       0.00000000E+00       0.00000000E+00       0.00000000E+00       0.00000000E+00       0.00000000E+00       0.00000000E+00       0.00000000E+00       0.00000000E+00       0.00000000E+00       0.00000000E+00       0.00000000E+00       0.00000000E+00       0.00000000E+00       0.00000000E+00       0.00000000E+00       0.00000000E+00       0.00000000E+00       0.00000000E+00       0.00000000E+00       0.00000000E+00       0.00000000E+00       0.00000000E+00       0.00000000E+00       0.00000000E+00       0.00000000E+00       0.00000000E+00       0.00000000E+00
     -0.44875792E+02       0.00000000E+00       0.00000000E+00       0.00000000E+00       0.00000000E+00       0.00000000E+00       0.00000000E+00       0.00000000E+00       0.00000000E+00       0.00000000E+00       0.00000000E+00       0.00000000E+00       0.00000000E+00       0.00000000E+00       0.00000000E+00       0.00000000E+00       0.00000000E+00       0.00000000E+00       0.00000000E+00       0.00000000E+00       0.00000000E+00       0.00000000E+00       0.00000000E+00       0.00000000E+00       0.00000000E+00       0.00000000E+00       0.00000000E+00       0.00000000E+00
     -0.44772718E+02       0.00000000E+00       0.00000000E+00       0.00000000E+00       0.00000000E+00       0.00000000E+00       0.00000000E+00       0.00000000E+00       0.00000000E+00       0.00000000E+00       0.00000000E+00       0.00000000E+00       0.00000000E+00       0.00000000E+00       0.00000000E+00       0.00000000E+00       0.00000000E+00       0.00000000E+00       0.00000000E+00       0.00000000E+00       0.00000000E+00       0.00000000E+00       0.00000000E+00       0.00000000E+00       0.00000000E+00       0.00000000E+00       0.00000000E+00       0.00000000E+00
     -0.44669645E+02       0.00000000E+00       0.00000000E+00       0.00000000E+00       0.00000000E+00       0.00000000E+00       0.00000000E+00       0.00000000E+00       0.00000000E+00       0.00000000E+00       0.00000000E+00       0.00000000E+00       0.00000000E+00       0.00000000E+00       0.00000000E+00       0.00000000E+00       0.00000000E+00       0.00000000E+00       0.00000000E+00       0.00000000E+00       0.00000000E+00       0.00000000E+00       0.00000000E+00       0.00000000E+00       0.00000000E+00       0.00000000E+00       0.00000000E+00       0.00000000E+00
     -0.44566571E+02       0.00000000E+00       0.00000000E+00       0.00000000E+00       0.00000000E+00       0.00000000E+00       0.00000000E+00       0.00000000E+00       0.00000000E+00       0.00000000E+00       0.00000000E+00       0.00000000E+00       0.00000000E+00       0.00000000E+00       0.00000000E+00       0.00000000E+00       0.00000000E+00       0.00000000E+00       0.00000000E+00       0.00000000E+00       0.00000000E+00       0.00000000E+00       0.00000000E+00       0.00000000E+00       0.00000000E+00       0.00000000E+00       0.00000000E+00       0.00000000E+00
     -0.44463498E+02       0.00000000E+00       0.00000000E+00       0.00000000E+00       0.00000000E+00       0.00000000E+00       0.00000000E+00       0.00000000E+00       0.00000000E+00       0.00000000E+00       0.00000000E+00       0.00000000E+00       0.00000000E+00       0.00000000E+00       0.00000000E+00       0.00000000E+00       0.00000000E+00       0.00000000E+00       0.00000000E+00       0.00000000E+00       0.00000000E+00       0.00000000E+00       0.00000000E+00       0.00000000E+00       0.00000000E+00       0.00000000E+00       0.00000000E+00       0.00000000E+00
     -0.44360425E+02       0.00000000E+00       0.00000000E+00       0.00000000E+00       0.00000000E+00       0.00000000E+00       0.00000000E+00       0.00000000E+00       0.00000000E+00       0.00000000E+00       0.00000000E+00       0.00000000E+00       0.00000000E+00       0.00000000E+00       0.00000000E+00       0.00000000E+00       0.00000000E+00       0.00000000E+00       0.00000000E+00       0.00000000E+00       0.00000000E+00       0.00000000E+00       0.00000000E+00       0.00000000E+00       0.00000000E+00       0.00000000E+00       0.00000000E+00       0.00000000E+00
     -0.44257351E+02       0.00000000E+00       0.00000000E+00       0.00000000E+00       0.00000000E+00       0.00000000E+00       0.00000000E+00       0.00000000E+00       0.00000000E+00       0.00000000E+00       0.00000000E+00       0.00000000E+00       0.00000000E+00       0.00000000E+00       0.00000000E+00       0.00000000E+00       0.00000000E+00       0.00000000E+00       0.00000000E+00       0.00000000E+00       0.00000000E+00       0.00000000E+00       0.00000000E+00       0.00000000E+00       0.00000000E+00       0.00000000E+00       0.00000000E+00       0.00000000E+00
     -0.44154278E+02       0.00000000E+00       0.00000000E+00       0.00000000E+00       0.00000000E+00       0.00000000E+00       0.00000000E+00       0.00000000E+00       0.00000000E+00       0.00000000E+00       0.00000000E+00       0.00000000E+00       0.00000000E+00       0.00000000E+00       0.00000000E+00       0.00000000E+00       0.00000000E+00       0.00000000E+00       0.00000000E+00       0.00000000E+00       0.00000000E+00       0.00000000E+00       0.00000000E+00       0.00000000E+00       0.00000000E+00       0.00000000E+00       0.00000000E+00       0.00000000E+00
     -0.44051204E+02       0.00000000E+00       0.00000000E+00       0.00000000E+00       0.00000000E+00       0.00000000E+00       0.00000000E+00       0.00000000E+00       0.00000000E+00       0.00000000E+00       0.00000000E+00       0.00000000E+00       0.00000000E+00       0.00000000E+00       0.00000000E+00       0.00000000E+00       0.00000000E+00       0.00000000E+00       0.00000000E+00       0.00000000E+00       0.00000000E+00       0.00000000E+00       0.00000000E+00       0.00000000E+00       0.00000000E+00       0.00000000E+00       0.00000000E+00       0.00000000E+00
     -0.43948131E+02       0.00000000E+00       0.00000000E+00       0.00000000E+00       0.00000000E+00       0.00000000E+00       0.00000000E+00       0.00000000E+00       0.00000000E+00       0.00000000E+00       0.00000000E+00       0.00000000E+00       0.00000000E+00       0.00000000E+00       0.00000000E+00       0.00000000E+00       0.00000000E+00       0.00000000E+00       0.00000000E+00       0.00000000E+00       0.00000000E+00       0.00000000E+00       0.00000000E+00       0.00000000E+00       0.00000000E+00       0.00000000E+00       0.00000000E+00       0.00000000E+00
     -0.43845057E+02       0.00000000E+00       0.00000000E+00       0.00000000E+00       0.00000000E+00       0.00000000E+00       0.00000000E+00       0.00000000E+00       0.00000000E+00       0.00000000E+00       0.00000000E+00       0.00000000E+00       0.00000000E+00       0.00000000E+00       0.00000000E+00       0.00000000E+00       0.00000000E+00       0.00000000E+00       0.00000000E+00       0.00000000E+00       0.00000000E+00       0.00000000E+00       0.00000000E+00       0.00000000E+00       0.00000000E+00       0.00000000E+00       0.00000000E+00       0.00000000E+00
     -0.43741984E+02       0.00000000E+00       0.00000000E+00       0.00000000E+00       0.00000000E+00       0.00000000E+00       0.00000000E+00       0.00000000E+00       0.00000000E+00       0.00000000E+00       0.00000000E+00       0.00000000E+00       0.00000000E+00       0.00000000E+00       0.00000000E+00       0.00000000E+00       0.00000000E+00       0.00000000E+00       0.00000000E+00       0.00000000E+00       0.00000000E+00       0.00000000E+00       0.00000000E+00       0.00000000E+00       0.00000000E+00       0.00000000E+00       0.00000000E+00       0.00000000E+00
     -0.43638910E+02       0.00000000E+00       0.00000000E+00       0.00000000E+00       0.00000000E+00       0.00000000E+00       0.00000000E+00       0.00000000E+00       0.00000000E+00       0.00000000E+00       0.00000000E+00       0.00000000E+00       0.00000000E+00       0.00000000E+00       0.00000000E+00       0.00000000E+00       0.00000000E+00       0.00000000E+00       0.00000000E+00       0.00000000E+00       0.00000000E+00       0.00000000E+00       0.00000000E+00       0.00000000E+00       0.00000000E+00       0.00000000E+00       0.00000000E+00       0.00000000E+00
     -0.43535837E+02       0.00000000E+00       0.00000000E+00       0.00000000E+00       0.00000000E+00       0.00000000E+00       0.00000000E+00       0.00000000E+00       0.00000000E+00       0.00000000E+00       0.00000000E+00       0.00000000E+00       0.00000000E+00       0.00000000E+00       0.00000000E+00       0.00000000E+00       0.00000000E+00       0.00000000E+00       0.00000000E+00       0.00000000E+00       0.00000000E+00       0.00000000E+00       0.00000000E+00       0.00000000E+00       0.00000000E+00       0.00000000E+00       0.00000000E+00       0.00000000E+00
     -0.43432764E+02       0.00000000E+00       0.00000000E+00       0.00000000E+00       0.00000000E+00       0.00000000E+00       0.00000000E+00       0.00000000E+00       0.00000000E+00       0.00000000E+00       0.00000000E+00       0.00000000E+00       0.00000000E+00       0.00000000E+00       0.00000000E+00       0.00000000E+00       0.00000000E+00       0.00000000E+00       0.00000000E+00       0.00000000E+00       0.00000000E+00       0.00000000E+00       0.00000000E+00       0.00000000E+00       0.00000000E+00       0.00000000E+00       0.00000000E+00       0.00000000E+00
     -0.43329690E+02       0.00000000E+00       0.00000000E+00       0.00000000E+00       0.00000000E+00       0.00000000E+00       0.00000000E+00       0.00000000E+00       0.00000000E+00       0.00000000E+00       0.00000000E+00       0.00000000E+00       0.00000000E+00       0.00000000E+00       0.00000000E+00       0.00000000E+00       0.00000000E+00       0.00000000E+00       0.00000000E+00       0.00000000E+00       0.00000000E+00       0.00000000E+00       0.00000000E+00       0.00000000E+00       0.00000000E+00       0.00000000E+00       0.00000000E+00       0.00000000E+00
     -0.43226617E+02       0.00000000E+00       0.00000000E+00       0.00000000E+00       0.00000000E+00       0.00000000E+00       0.00000000E+00       0.00000000E+00       0.00000000E+00       0.00000000E+00       0.00000000E+00       0.00000000E+00       0.00000000E+00       0.00000000E+00       0.00000000E+00       0.00000000E+00       0.00000000E+00       0.00000000E+00       0.00000000E+00       0.00000000E+00       0.00000000E+00       0.00000000E+00       0.00000000E+00       0.00000000E+00       0.00000000E+00       0.00000000E+00       0.00000000E+00       0.00000000E+00
     -0.43123543E+02       0.00000000E+00       0.00000000E+00       0.00000000E+00       0.00000000E+00       0.00000000E+00       0.00000000E+00       0.00000000E+00       0.00000000E+00       0.00000000E+00       0.00000000E+00       0.00000000E+00       0.00000000E+00       0.00000000E+00       0.00000000E+00       0.00000000E+00       0.00000000E+00       0.00000000E+00       0.00000000E+00       0.00000000E+00       0.00000000E+00       0.00000000E+00       0.00000000E+00       0.00000000E+00       0.00000000E+00       0.00000000E+00       0.00000000E+00       0.00000000E+00
     -0.43020470E+02       0.00000000E+00       0.00000000E+00       0.00000000E+00       0.00000000E+00       0.00000000E+00       0.00000000E+00       0.00000000E+00       0.00000000E+00       0.00000000E+00       0.00000000E+00       0.00000000E+00       0.00000000E+00       0.00000000E+00       0.00000000E+00       0.00000000E+00       0.00000000E+00       0.00000000E+00       0.00000000E+00       0.00000000E+00       0.00000000E+00       0.00000000E+00       0.00000000E+00       0.00000000E+00       0.00000000E+00       0.00000000E+00       0.00000000E+00       0.00000000E+00
     -0.42917396E+02       0.00000000E+00       0.00000000E+00       0.00000000E+00       0.00000000E+00       0.00000000E+00       0.00000000E+00       0.00000000E+00       0.00000000E+00       0.00000000E+00       0.00000000E+00       0.00000000E+00       0.00000000E+00       0.00000000E+00       0.00000000E+00       0.00000000E+00       0.00000000E+00       0.00000000E+00       0.00000000E+00       0.00000000E+00       0.00000000E+00       0.00000000E+00       0.00000000E+00       0.00000000E+00       0.00000000E+00       0.00000000E+00       0.00000000E+00       0.00000000E+00
     -0.42814323E+02       0.00000000E+00       0.00000000E+00       0.00000000E+00       0.00000000E+00       0.00000000E+00       0.00000000E+00       0.00000000E+00       0.00000000E+00       0.00000000E+00       0.00000000E+00       0.00000000E+00       0.00000000E+00       0.00000000E+00       0.00000000E+00       0.00000000E+00       0.00000000E+00       0.00000000E+00       0.00000000E+00       0.00000000E+00       0.00000000E+00       0.00000000E+00       0.00000000E+00       0.00000000E+00       0.00000000E+00       0.00000000E+00       0.00000000E+00       0.00000000E+00
     -0.42711250E+02       0.00000000E+00       0.00000000E+00       0.00000000E+00       0.00000000E+00       0.00000000E+00       0.00000000E+00       0.00000000E+00       0.00000000E+00       0.00000000E+00       0.00000000E+00       0.00000000E+00       0.00000000E+00       0.00000000E+00       0.00000000E+00       0.00000000E+00       0.00000000E+00       0.00000000E+00       0.00000000E+00       0.00000000E+00       0.00000000E+00       0.00000000E+00       0.00000000E+00       0.00000000E+00       0.00000000E+00       0.00000000E+00       0.00000000E+00       0.00000000E+00
     -0.42608176E+02       0.00000000E+00       0.00000000E+00       0.00000000E+00       0.00000000E+00       0.00000000E+00       0.00000000E+00       0.00000000E+00       0.00000000E+00       0.00000000E+00       0.00000000E+00       0.00000000E+00       0.00000000E+00       0.00000000E+00       0.00000000E+00       0.00000000E+00       0.00000000E+00       0.00000000E+00       0.00000000E+00       0.00000000E+00       0.00000000E+00       0.00000000E+00       0.00000000E+00       0.00000000E+00       0.00000000E+00       0.00000000E+00       0.00000000E+00       0.00000000E+00
     -0.42505103E+02       0.00000000E+00       0.00000000E+00       0.00000000E+00       0.00000000E+00       0.00000000E+00       0.00000000E+00       0.00000000E+00       0.00000000E+00       0.00000000E+00       0.00000000E+00       0.00000000E+00       0.00000000E+00       0.00000000E+00       0.00000000E+00       0.00000000E+00       0.00000000E+00       0.00000000E+00       0.00000000E+00       0.00000000E+00       0.00000000E+00       0.00000000E+00       0.00000000E+00       0.00000000E+00       0.00000000E+00       0.00000000E+00       0.00000000E+00       0.00000000E+00
     -0.42402029E+02       0.00000000E+00       0.00000000E+00       0.00000000E+00       0.00000000E+00       0.00000000E+00       0.00000000E+00       0.00000000E+00       0.00000000E+00       0.00000000E+00       0.00000000E+00       0.00000000E+00       0.00000000E+00       0.00000000E+00       0.00000000E+00       0.00000000E+00       0.00000000E+00       0.00000000E+00       0.00000000E+00       0.00000000E+00       0.00000000E+00       0.00000000E+00       0.00000000E+00       0.00000000E+00       0.00000000E+00       0.00000000E+00       0.00000000E+00       0.00000000E+00
     -0.42298956E+02       0.00000000E+00       0.00000000E+00       0.00000000E+00       0.00000000E+00       0.00000000E+00       0.00000000E+00       0.00000000E+00       0.00000000E+00       0.00000000E+00       0.00000000E+00       0.00000000E+00       0.00000000E+00       0.00000000E+00       0.00000000E+00       0.00000000E+00       0.00000000E+00       0.00000000E+00       0.00000000E+00       0.00000000E+00       0.00000000E+00       0.00000000E+00       0.00000000E+00       0.00000000E+00       0.00000000E+00       0.00000000E+00       0.00000000E+00       0.00000000E+00
     -0.42195882E+02       0.00000000E+00       0.00000000E+00       0.00000000E+00       0.00000000E+00       0.00000000E+00       0.00000000E+00       0.00000000E+00       0.00000000E+00       0.00000000E+00       0.00000000E+00       0.00000000E+00       0.00000000E+00       0.00000000E+00       0.00000000E+00       0.00000000E+00       0.00000000E+00       0.00000000E+00       0.00000000E+00       0.00000000E+00       0.00000000E+00       0.00000000E+00       0.00000000E+00       0.00000000E+00       0.00000000E+00       0.00000000E+00       0.00000000E+00       0.00000000E+00
     -0.42092809E+02       0.00000000E+00       0.00000000E+00       0.00000000E+00       0.00000000E+00       0.00000000E+00       0.00000000E+00       0.00000000E+00       0.00000000E+00       0.00000000E+00       0.00000000E+00       0.00000000E+00       0.00000000E+00       0.00000000E+00       0.00000000E+00       0.00000000E+00       0.00000000E+00       0.00000000E+00       0.00000000E+00       0.00000000E+00       0.00000000E+00       0.00000000E+00       0.00000000E+00       0.00000000E+00       0.00000000E+00       0.00000000E+00       0.00000000E+00       0.00000000E+00
     -0.41989736E+02       0.00000000E+00       0.00000000E+00       0.00000000E+00       0.00000000E+00       0.00000000E+00       0.00000000E+00       0.00000000E+00       0.00000000E+00       0.00000000E+00       0.00000000E+00       0.00000000E+00       0.00000000E+00       0.00000000E+00       0.00000000E+00       0.00000000E+00       0.00000000E+00       0.00000000E+00       0.00000000E+00       0.00000000E+00       0.00000000E+00       0.00000000E+00       0.00000000E+00       0.00000000E+00       0.00000000E+00       0.00000000E+00       0.00000000E+00       0.00000000E+00
     -0.41886662E+02       0.00000000E+00       0.00000000E+00       0.00000000E+00       0.00000000E+00       0.00000000E+00       0.00000000E+00       0.00000000E+00       0.00000000E+00       0.00000000E+00       0.00000000E+00       0.00000000E+00       0.00000000E+00       0.00000000E+00       0.00000000E+00       0.00000000E+00       0.00000000E+00       0.00000000E+00       0.00000000E+00       0.00000000E+00       0.00000000E+00       0.00000000E+00       0.00000000E+00       0.00000000E+00       0.00000000E+00       0.00000000E+00       0.00000000E+00       0.00000000E+00
     -0.41783589E+02       0.00000000E+00       0.00000000E+00       0.00000000E+00       0.00000000E+00       0.00000000E+00       0.00000000E+00       0.00000000E+00       0.00000000E+00       0.00000000E+00       0.00000000E+00       0.00000000E+00       0.00000000E+00       0.00000000E+00       0.00000000E+00       0.00000000E+00       0.00000000E+00       0.00000000E+00       0.00000000E+00       0.00000000E+00       0.00000000E+00       0.00000000E+00       0.00000000E+00       0.00000000E+00       0.00000000E+00       0.00000000E+00       0.00000000E+00       0.00000000E+00
     -0.41680515E+02       0.00000000E+00       0.00000000E+00       0.00000000E+00       0.00000000E+00       0.00000000E+00       0.00000000E+00       0.00000000E+00       0.00000000E+00       0.00000000E+00       0.00000000E+00       0.00000000E+00       0.00000000E+00       0.00000000E+00       0.00000000E+00       0.00000000E+00       0.00000000E+00       0.00000000E+00       0.00000000E+00       0.00000000E+00       0.00000000E+00       0.00000000E+00       0.00000000E+00       0.00000000E+00       0.00000000E+00       0.00000000E+00       0.00000000E+00       0.00000000E+00
     -0.41577442E+02       0.00000000E+00       0.00000000E+00       0.00000000E+00       0.00000000E+00       0.00000000E+00       0.00000000E+00       0.00000000E+00       0.00000000E+00       0.00000000E+00       0.00000000E+00       0.00000000E+00       0.00000000E+00       0.00000000E+00       0.00000000E+00       0.00000000E+00       0.00000000E+00       0.00000000E+00       0.00000000E+00       0.00000000E+00       0.00000000E+00       0.00000000E+00       0.00000000E+00       0.00000000E+00       0.00000000E+00       0.00000000E+00       0.00000000E+00       0.00000000E+00
     -0.41474368E+02       0.00000000E+00       0.00000000E+00       0.00000000E+00       0.00000000E+00       0.00000000E+00       0.00000000E+00       0.00000000E+00       0.00000000E+00       0.00000000E+00       0.00000000E+00       0.00000000E+00       0.00000000E+00       0.00000000E+00       0.00000000E+00       0.00000000E+00       0.00000000E+00       0.00000000E+00       0.00000000E+00       0.00000000E+00       0.00000000E+00       0.00000000E+00       0.00000000E+00       0.00000000E+00       0.00000000E+00       0.00000000E+00       0.00000000E+00       0.00000000E+00
     -0.41371295E+02       0.00000000E+00       0.00000000E+00       0.00000000E+00       0.00000000E+00       0.00000000E+00       0.00000000E+00       0.00000000E+00       0.00000000E+00       0.00000000E+00       0.00000000E+00       0.00000000E+00       0.00000000E+00       0.00000000E+00       0.00000000E+00       0.00000000E+00       0.00000000E+00       0.00000000E+00       0.00000000E+00       0.00000000E+00       0.00000000E+00       0.00000000E+00       0.00000000E+00       0.00000000E+00       0.00000000E+00       0.00000000E+00       0.00000000E+00       0.00000000E+00
     -0.41268222E+02       0.00000000E+00       0.00000000E+00       0.00000000E+00       0.00000000E+00       0.00000000E+00       0.00000000E+00       0.00000000E+00       0.00000000E+00       0.00000000E+00       0.00000000E+00       0.00000000E+00       0.00000000E+00       0.00000000E+00       0.00000000E+00       0.00000000E+00       0.00000000E+00       0.00000000E+00       0.00000000E+00       0.00000000E+00       0.00000000E+00       0.00000000E+00       0.00000000E+00       0.00000000E+00       0.00000000E+00       0.00000000E+00       0.00000000E+00       0.00000000E+00
     -0.41165148E+02       0.00000000E+00       0.00000000E+00       0.00000000E+00       0.00000000E+00       0.00000000E+00       0.00000000E+00       0.00000000E+00       0.00000000E+00       0.00000000E+00       0.00000000E+00       0.00000000E+00       0.00000000E+00       0.00000000E+00       0.00000000E+00       0.00000000E+00       0.00000000E+00       0.00000000E+00       0.00000000E+00       0.00000000E+00       0.00000000E+00       0.00000000E+00       0.00000000E+00       0.00000000E+00       0.00000000E+00       0.00000000E+00       0.00000000E+00       0.00000000E+00
     -0.41062075E+02       0.00000000E+00       0.00000000E+00       0.00000000E+00       0.00000000E+00       0.00000000E+00       0.00000000E+00       0.00000000E+00       0.00000000E+00       0.00000000E+00       0.00000000E+00       0.00000000E+00       0.00000000E+00       0.00000000E+00       0.00000000E+00       0.00000000E+00       0.00000000E+00       0.00000000E+00       0.00000000E+00       0.00000000E+00       0.00000000E+00       0.00000000E+00       0.00000000E+00       0.00000000E+00       0.00000000E+00       0.00000000E+00       0.00000000E+00       0.00000000E+00
     -0.40959001E+02       0.00000000E+00       0.00000000E+00       0.00000000E+00       0.00000000E+00       0.00000000E+00       0.00000000E+00       0.00000000E+00       0.00000000E+00       0.00000000E+00       0.00000000E+00       0.00000000E+00       0.00000000E+00       0.00000000E+00       0.00000000E+00       0.00000000E+00       0.00000000E+00       0.00000000E+00       0.00000000E+00       0.00000000E+00       0.00000000E+00       0.00000000E+00       0.00000000E+00       0.00000000E+00       0.00000000E+00       0.00000000E+00       0.00000000E+00       0.00000000E+00
     -0.40855928E+02       0.00000000E+00       0.00000000E+00       0.00000000E+00       0.00000000E+00       0.00000000E+00       0.00000000E+00       0.00000000E+00       0.00000000E+00       0.00000000E+00       0.00000000E+00       0.00000000E+00       0.00000000E+00       0.00000000E+00       0.00000000E+00       0.00000000E+00       0.00000000E+00       0.00000000E+00       0.00000000E+00       0.00000000E+00       0.00000000E+00       0.00000000E+00       0.00000000E+00       0.00000000E+00       0.00000000E+00       0.00000000E+00       0.00000000E+00       0.00000000E+00
     -0.40752854E+02       0.00000000E+00       0.00000000E+00       0.00000000E+00       0.00000000E+00       0.00000000E+00       0.00000000E+00       0.00000000E+00       0.00000000E+00       0.00000000E+00       0.00000000E+00       0.00000000E+00       0.00000000E+00       0.00000000E+00       0.00000000E+00       0.00000000E+00       0.00000000E+00       0.00000000E+00       0.00000000E+00       0.00000000E+00       0.00000000E+00       0.00000000E+00       0.00000000E+00       0.00000000E+00       0.00000000E+00       0.00000000E+00       0.00000000E+00       0.00000000E+00
     -0.40649781E+02       0.00000000E+00       0.00000000E+00       0.00000000E+00       0.00000000E+00       0.00000000E+00       0.00000000E+00       0.00000000E+00       0.00000000E+00       0.00000000E+00       0.00000000E+00       0.00000000E+00       0.00000000E+00       0.00000000E+00       0.00000000E+00       0.00000000E+00       0.00000000E+00       0.00000000E+00       0.00000000E+00       0.00000000E+00       0.00000000E+00       0.00000000E+00       0.00000000E+00       0.00000000E+00       0.00000000E+00       0.00000000E+00       0.00000000E+00       0.00000000E+00
     -0.40546708E+02       0.00000000E+00       0.00000000E+00       0.00000000E+00       0.00000000E+00       0.00000000E+00       0.00000000E+00       0.00000000E+00       0.00000000E+00       0.00000000E+00       0.00000000E+00       0.00000000E+00       0.00000000E+00       0.00000000E+00       0.00000000E+00       0.00000000E+00       0.00000000E+00       0.00000000E+00       0.00000000E+00       0.00000000E+00       0.00000000E+00       0.00000000E+00       0.00000000E+00       0.00000000E+00       0.00000000E+00       0.00000000E+00       0.00000000E+00       0.00000000E+00
     -0.40443634E+02       0.00000000E+00       0.00000000E+00       0.00000000E+00       0.00000000E+00       0.00000000E+00       0.00000000E+00       0.00000000E+00       0.00000000E+00       0.00000000E+00       0.00000000E+00       0.00000000E+00       0.00000000E+00       0.00000000E+00       0.00000000E+00       0.00000000E+00       0.00000000E+00       0.00000000E+00       0.00000000E+00       0.00000000E+00       0.00000000E+00       0.00000000E+00       0.00000000E+00       0.00000000E+00       0.00000000E+00       0.00000000E+00       0.00000000E+00       0.00000000E+00
     -0.40340561E+02       0.00000000E+00       0.00000000E+00       0.00000000E+00       0.00000000E+00       0.00000000E+00       0.00000000E+00       0.00000000E+00       0.00000000E+00       0.00000000E+00       0.00000000E+00       0.00000000E+00       0.00000000E+00       0.00000000E+00       0.00000000E+00       0.00000000E+00       0.00000000E+00       0.00000000E+00       0.00000000E+00       0.00000000E+00       0.00000000E+00       0.00000000E+00       0.00000000E+00       0.00000000E+00       0.00000000E+00       0.00000000E+00       0.00000000E+00       0.00000000E+00
     -0.40237487E+02       0.00000000E+00       0.00000000E+00       0.00000000E+00       0.00000000E+00       0.00000000E+00       0.00000000E+00       0.00000000E+00       0.00000000E+00       0.00000000E+00       0.00000000E+00       0.00000000E+00       0.00000000E+00       0.00000000E+00       0.00000000E+00       0.00000000E+00       0.00000000E+00       0.00000000E+00       0.00000000E+00       0.00000000E+00       0.00000000E+00       0.00000000E+00       0.00000000E+00       0.00000000E+00       0.00000000E+00       0.00000000E+00       0.00000000E+00       0.00000000E+00
     -0.40134414E+02       0.00000000E+00       0.00000000E+00       0.00000000E+00       0.00000000E+00       0.00000000E+00       0.00000000E+00       0.00000000E+00       0.00000000E+00       0.00000000E+00       0.00000000E+00       0.00000000E+00       0.00000000E+00       0.00000000E+00       0.00000000E+00       0.00000000E+00       0.00000000E+00       0.00000000E+00       0.00000000E+00       0.00000000E+00       0.00000000E+00       0.00000000E+00       0.00000000E+00       0.00000000E+00       0.00000000E+00       0.00000000E+00       0.00000000E+00       0.00000000E+00
     -0.40031340E+02       0.00000000E+00       0.00000000E+00       0.00000000E+00       0.00000000E+00       0.00000000E+00       0.00000000E+00       0.00000000E+00       0.00000000E+00       0.00000000E+00       0.00000000E+00       0.00000000E+00       0.00000000E+00       0.00000000E+00       0.00000000E+00       0.00000000E+00       0.00000000E+00       0.00000000E+00       0.00000000E+00       0.00000000E+00       0.00000000E+00       0.00000000E+00       0.00000000E+00       0.00000000E+00       0.00000000E+00       0.00000000E+00       0.00000000E+00       0.00000000E+00
     -0.39928267E+02       0.00000000E+00       0.00000000E+00       0.00000000E+00       0.00000000E+00       0.00000000E+00       0.00000000E+00       0.00000000E+00       0.00000000E+00       0.00000000E+00       0.00000000E+00       0.00000000E+00       0.00000000E+00       0.00000000E+00       0.00000000E+00       0.00000000E+00       0.00000000E+00       0.00000000E+00       0.00000000E+00       0.00000000E+00       0.00000000E+00       0.00000000E+00       0.00000000E+00       0.00000000E+00       0.00000000E+00       0.00000000E+00       0.00000000E+00       0.00000000E+00
     -0.39825193E+02       0.00000000E+00       0.00000000E+00       0.00000000E+00       0.00000000E+00       0.00000000E+00       0.00000000E+00       0.00000000E+00       0.00000000E+00       0.00000000E+00       0.00000000E+00       0.00000000E+00       0.00000000E+00       0.00000000E+00       0.00000000E+00       0.00000000E+00       0.00000000E+00       0.00000000E+00       0.00000000E+00       0.00000000E+00       0.00000000E+00       0.00000000E+00       0.00000000E+00       0.00000000E+00       0.00000000E+00       0.00000000E+00       0.00000000E+00       0.00000000E+00
     -0.39722120E+02       0.00000000E+00       0.00000000E+00       0.00000000E+00       0.00000000E+00       0.00000000E+00       0.00000000E+00       0.00000000E+00       0.00000000E+00       0.00000000E+00       0.00000000E+00       0.00000000E+00       0.00000000E+00       0.00000000E+00       0.00000000E+00       0.00000000E+00       0.00000000E+00       0.00000000E+00       0.00000000E+00       0.00000000E+00       0.00000000E+00       0.00000000E+00       0.00000000E+00       0.00000000E+00       0.00000000E+00       0.00000000E+00       0.00000000E+00       0.00000000E+00
     -0.39619047E+02       0.00000000E+00       0.00000000E+00       0.00000000E+00       0.00000000E+00       0.00000000E+00       0.00000000E+00       0.00000000E+00       0.00000000E+00       0.00000000E+00       0.00000000E+00       0.00000000E+00       0.00000000E+00       0.00000000E+00       0.00000000E+00       0.00000000E+00       0.00000000E+00       0.00000000E+00       0.00000000E+00       0.00000000E+00       0.00000000E+00       0.00000000E+00       0.00000000E+00       0.00000000E+00       0.00000000E+00       0.00000000E+00       0.00000000E+00       0.00000000E+00
     -0.39515973E+02       0.00000000E+00       0.00000000E+00       0.00000000E+00       0.00000000E+00       0.00000000E+00       0.00000000E+00       0.00000000E+00       0.00000000E+00       0.00000000E+00       0.00000000E+00       0.00000000E+00       0.00000000E+00       0.00000000E+00       0.00000000E+00       0.00000000E+00       0.00000000E+00       0.00000000E+00       0.00000000E+00       0.00000000E+00       0.00000000E+00       0.00000000E+00       0.00000000E+00       0.00000000E+00       0.00000000E+00       0.00000000E+00       0.00000000E+00       0.00000000E+00
     -0.39412900E+02       0.00000000E+00       0.00000000E+00       0.00000000E+00       0.00000000E+00       0.00000000E+00       0.00000000E+00       0.00000000E+00       0.00000000E+00       0.00000000E+00       0.00000000E+00       0.00000000E+00       0.00000000E+00       0.00000000E+00       0.00000000E+00       0.00000000E+00       0.00000000E+00       0.00000000E+00       0.00000000E+00       0.00000000E+00       0.00000000E+00       0.00000000E+00       0.00000000E+00       0.00000000E+00       0.00000000E+00       0.00000000E+00       0.00000000E+00       0.00000000E+00
     -0.39309826E+02       0.00000000E+00       0.00000000E+00       0.00000000E+00       0.00000000E+00       0.00000000E+00       0.00000000E+00       0.00000000E+00       0.00000000E+00       0.00000000E+00       0.00000000E+00       0.00000000E+00       0.00000000E+00       0.00000000E+00       0.00000000E+00       0.00000000E+00       0.00000000E+00       0.00000000E+00       0.00000000E+00       0.00000000E+00       0.00000000E+00       0.00000000E+00       0.00000000E+00       0.00000000E+00       0.00000000E+00       0.00000000E+00       0.00000000E+00       0.00000000E+00
     -0.39206753E+02       0.00000000E+00       0.00000000E+00       0.00000000E+00       0.00000000E+00       0.00000000E+00       0.00000000E+00       0.00000000E+00       0.00000000E+00       0.00000000E+00       0.00000000E+00       0.00000000E+00       0.00000000E+00       0.00000000E+00       0.00000000E+00       0.00000000E+00       0.00000000E+00       0.00000000E+00       0.00000000E+00       0.00000000E+00       0.00000000E+00       0.00000000E+00       0.00000000E+00       0.00000000E+00       0.00000000E+00       0.00000000E+00       0.00000000E+00       0.00000000E+00
     -0.39103679E+02       0.00000000E+00       0.00000000E+00       0.00000000E+00       0.00000000E+00       0.00000000E+00       0.00000000E+00       0.00000000E+00       0.00000000E+00       0.00000000E+00       0.00000000E+00       0.00000000E+00       0.00000000E+00       0.00000000E+00       0.00000000E+00       0.00000000E+00       0.00000000E+00       0.00000000E+00       0.00000000E+00       0.00000000E+00       0.00000000E+00       0.00000000E+00       0.00000000E+00       0.00000000E+00       0.00000000E+00       0.00000000E+00       0.00000000E+00       0.00000000E+00
     -0.39000606E+02       0.00000000E+00       0.00000000E+00       0.00000000E+00       0.00000000E+00       0.00000000E+00       0.00000000E+00       0.00000000E+00       0.00000000E+00       0.00000000E+00       0.00000000E+00       0.00000000E+00       0.00000000E+00       0.00000000E+00       0.00000000E+00       0.00000000E+00       0.00000000E+00       0.00000000E+00       0.00000000E+00       0.00000000E+00       0.00000000E+00       0.00000000E+00       0.00000000E+00       0.00000000E+00       0.00000000E+00       0.00000000E+00       0.00000000E+00       0.00000000E+00
     -0.38897533E+02       0.00000000E+00       0.00000000E+00       0.00000000E+00       0.00000000E+00       0.00000000E+00       0.00000000E+00       0.00000000E+00       0.00000000E+00       0.00000000E+00       0.00000000E+00       0.00000000E+00       0.00000000E+00       0.00000000E+00       0.00000000E+00       0.00000000E+00       0.00000000E+00       0.00000000E+00       0.00000000E+00       0.00000000E+00       0.00000000E+00       0.00000000E+00       0.00000000E+00       0.00000000E+00       0.00000000E+00       0.00000000E+00       0.00000000E+00       0.00000000E+00
     -0.38794459E+02       0.00000000E+00       0.00000000E+00       0.00000000E+00       0.00000000E+00       0.00000000E+00       0.00000000E+00       0.00000000E+00       0.00000000E+00       0.00000000E+00       0.00000000E+00       0.00000000E+00       0.00000000E+00       0.00000000E+00       0.00000000E+00       0.00000000E+00       0.00000000E+00       0.00000000E+00       0.00000000E+00       0.00000000E+00       0.00000000E+00       0.00000000E+00       0.00000000E+00       0.00000000E+00       0.00000000E+00       0.00000000E+00       0.00000000E+00       0.00000000E+00
     -0.38691386E+02       0.00000000E+00       0.00000000E+00       0.00000000E+00       0.00000000E+00       0.00000000E+00       0.00000000E+00       0.00000000E+00       0.00000000E+00       0.00000000E+00       0.00000000E+00       0.00000000E+00       0.00000000E+00       0.00000000E+00       0.00000000E+00       0.00000000E+00       0.00000000E+00       0.00000000E+00       0.00000000E+00       0.00000000E+00       0.00000000E+00       0.00000000E+00       0.00000000E+00       0.00000000E+00       0.00000000E+00       0.00000000E+00       0.00000000E+00       0.00000000E+00
     -0.38588312E+02       0.00000000E+00       0.00000000E+00       0.00000000E+00       0.00000000E+00       0.00000000E+00       0.00000000E+00       0.00000000E+00       0.00000000E+00       0.00000000E+00       0.00000000E+00       0.00000000E+00       0.00000000E+00       0.00000000E+00       0.00000000E+00       0.00000000E+00       0.00000000E+00       0.00000000E+00       0.00000000E+00       0.00000000E+00       0.00000000E+00       0.00000000E+00       0.00000000E+00       0.00000000E+00       0.00000000E+00       0.00000000E+00       0.00000000E+00       0.00000000E+00
     -0.38485239E+02       0.00000000E+00       0.00000000E+00       0.00000000E+00       0.00000000E+00       0.00000000E+00       0.00000000E+00       0.00000000E+00       0.00000000E+00       0.00000000E+00       0.00000000E+00       0.00000000E+00       0.00000000E+00       0.00000000E+00       0.00000000E+00       0.00000000E+00       0.00000000E+00       0.00000000E+00       0.00000000E+00       0.00000000E+00       0.00000000E+00       0.00000000E+00       0.00000000E+00       0.00000000E+00       0.00000000E+00       0.00000000E+00       0.00000000E+00       0.00000000E+00
     -0.38382165E+02       0.00000000E+00       0.00000000E+00       0.00000000E+00       0.00000000E+00       0.00000000E+00       0.00000000E+00       0.00000000E+00       0.00000000E+00       0.00000000E+00       0.00000000E+00       0.00000000E+00       0.00000000E+00       0.00000000E+00       0.00000000E+00       0.00000000E+00       0.00000000E+00       0.00000000E+00       0.00000000E+00       0.00000000E+00       0.00000000E+00       0.00000000E+00       0.00000000E+00       0.00000000E+00       0.00000000E+00       0.00000000E+00       0.00000000E+00       0.00000000E+00
     -0.38279092E+02       0.00000000E+00       0.00000000E+00       0.00000000E+00       0.00000000E+00       0.00000000E+00       0.00000000E+00       0.00000000E+00       0.00000000E+00       0.00000000E+00       0.00000000E+00       0.00000000E+00       0.00000000E+00       0.00000000E+00       0.00000000E+00       0.00000000E+00       0.00000000E+00       0.00000000E+00       0.00000000E+00       0.00000000E+00       0.00000000E+00       0.00000000E+00       0.00000000E+00       0.00000000E+00       0.00000000E+00       0.00000000E+00       0.00000000E+00       0.00000000E+00
     -0.38176019E+02       0.00000000E+00       0.00000000E+00       0.00000000E+00       0.00000000E+00       0.00000000E+00       0.00000000E+00       0.00000000E+00       0.00000000E+00       0.00000000E+00       0.00000000E+00       0.00000000E+00       0.00000000E+00       0.00000000E+00       0.00000000E+00       0.00000000E+00       0.00000000E+00       0.00000000E+00       0.00000000E+00       0.00000000E+00       0.00000000E+00       0.00000000E+00       0.00000000E+00       0.00000000E+00       0.00000000E+00       0.00000000E+00       0.00000000E+00       0.00000000E+00
     -0.38072945E+02       0.00000000E+00       0.00000000E+00       0.00000000E+00       0.00000000E+00       0.00000000E+00       0.00000000E+00       0.00000000E+00       0.00000000E+00       0.00000000E+00       0.00000000E+00       0.00000000E+00       0.00000000E+00       0.00000000E+00       0.00000000E+00       0.00000000E+00       0.00000000E+00       0.00000000E+00       0.00000000E+00       0.00000000E+00       0.00000000E+00       0.00000000E+00       0.00000000E+00       0.00000000E+00       0.00000000E+00       0.00000000E+00       0.00000000E+00       0.00000000E+00
     -0.37969872E+02       0.00000000E+00       0.00000000E+00       0.00000000E+00       0.00000000E+00       0.00000000E+00       0.00000000E+00       0.00000000E+00       0.00000000E+00       0.00000000E+00       0.00000000E+00       0.00000000E+00       0.00000000E+00       0.00000000E+00       0.00000000E+00       0.00000000E+00       0.00000000E+00       0.00000000E+00       0.00000000E+00       0.00000000E+00       0.00000000E+00       0.00000000E+00       0.00000000E+00       0.00000000E+00       0.00000000E+00       0.00000000E+00       0.00000000E+00       0.00000000E+00
     -0.37866798E+02       0.00000000E+00       0.00000000E+00       0.00000000E+00       0.00000000E+00       0.00000000E+00       0.00000000E+00       0.00000000E+00       0.00000000E+00       0.00000000E+00       0.00000000E+00       0.00000000E+00       0.00000000E+00       0.00000000E+00       0.00000000E+00       0.00000000E+00       0.00000000E+00       0.00000000E+00       0.00000000E+00       0.00000000E+00       0.00000000E+00       0.00000000E+00       0.00000000E+00       0.00000000E+00       0.00000000E+00       0.00000000E+00       0.00000000E+00       0.00000000E+00
     -0.37763725E+02       0.00000000E+00       0.00000000E+00       0.00000000E+00       0.00000000E+00       0.00000000E+00       0.00000000E+00       0.00000000E+00       0.00000000E+00       0.00000000E+00       0.00000000E+00       0.00000000E+00       0.00000000E+00       0.00000000E+00       0.00000000E+00       0.00000000E+00       0.00000000E+00       0.00000000E+00       0.00000000E+00       0.00000000E+00       0.00000000E+00       0.00000000E+00       0.00000000E+00       0.00000000E+00       0.00000000E+00       0.00000000E+00       0.00000000E+00       0.00000000E+00
     -0.37660651E+02       0.00000000E+00       0.00000000E+00       0.00000000E+00       0.00000000E+00       0.00000000E+00       0.00000000E+00       0.00000000E+00       0.00000000E+00       0.00000000E+00       0.00000000E+00       0.00000000E+00       0.00000000E+00       0.00000000E+00       0.00000000E+00       0.00000000E+00       0.00000000E+00       0.00000000E+00       0.00000000E+00       0.00000000E+00       0.00000000E+00       0.00000000E+00       0.00000000E+00       0.00000000E+00       0.00000000E+00       0.00000000E+00       0.00000000E+00       0.00000000E+00
     -0.37557578E+02       0.00000000E+00       0.00000000E+00       0.00000000E+00       0.00000000E+00       0.00000000E+00       0.00000000E+00       0.00000000E+00       0.00000000E+00       0.00000000E+00       0.00000000E+00       0.00000000E+00       0.00000000E+00       0.00000000E+00       0.00000000E+00       0.00000000E+00       0.00000000E+00       0.00000000E+00       0.00000000E+00       0.00000000E+00       0.00000000E+00       0.00000000E+00       0.00000000E+00       0.00000000E+00       0.00000000E+00       0.00000000E+00       0.00000000E+00       0.00000000E+00
     -0.37454505E+02       0.00000000E+00       0.00000000E+00       0.00000000E+00       0.00000000E+00       0.00000000E+00       0.00000000E+00       0.00000000E+00       0.00000000E+00       0.00000000E+00       0.00000000E+00       0.00000000E+00       0.00000000E+00       0.00000000E+00       0.00000000E+00       0.00000000E+00       0.00000000E+00       0.00000000E+00       0.00000000E+00       0.00000000E+00       0.00000000E+00       0.00000000E+00       0.00000000E+00       0.00000000E+00       0.00000000E+00       0.00000000E+00       0.00000000E+00       0.00000000E+00
     -0.37351431E+02       0.00000000E+00       0.00000000E+00       0.00000000E+00       0.00000000E+00       0.00000000E+00       0.00000000E+00       0.00000000E+00       0.00000000E+00       0.00000000E+00       0.00000000E+00       0.00000000E+00       0.00000000E+00       0.00000000E+00       0.00000000E+00       0.00000000E+00       0.00000000E+00       0.00000000E+00       0.00000000E+00       0.00000000E+00       0.00000000E+00       0.00000000E+00       0.00000000E+00       0.00000000E+00       0.00000000E+00       0.00000000E+00       0.00000000E+00       0.00000000E+00
     -0.37248358E+02       0.00000000E+00       0.00000000E+00       0.00000000E+00       0.00000000E+00       0.00000000E+00       0.00000000E+00       0.00000000E+00       0.00000000E+00       0.00000000E+00       0.00000000E+00       0.00000000E+00       0.00000000E+00       0.00000000E+00       0.00000000E+00       0.00000000E+00       0.00000000E+00       0.00000000E+00       0.00000000E+00       0.00000000E+00       0.00000000E+00       0.00000000E+00       0.00000000E+00       0.00000000E+00       0.00000000E+00       0.00000000E+00       0.00000000E+00       0.00000000E+00
     -0.37145284E+02       0.00000000E+00       0.00000000E+00       0.00000000E+00       0.00000000E+00       0.00000000E+00       0.00000000E+00       0.00000000E+00       0.00000000E+00       0.00000000E+00       0.00000000E+00       0.00000000E+00       0.00000000E+00       0.00000000E+00       0.00000000E+00       0.00000000E+00       0.00000000E+00       0.00000000E+00       0.00000000E+00       0.00000000E+00       0.00000000E+00       0.00000000E+00       0.00000000E+00       0.00000000E+00       0.00000000E+00       0.00000000E+00       0.00000000E+00       0.00000000E+00
     -0.37042211E+02       0.00000000E+00       0.00000000E+00       0.00000000E+00       0.00000000E+00       0.00000000E+00       0.00000000E+00       0.00000000E+00       0.00000000E+00       0.00000000E+00       0.00000000E+00       0.00000000E+00       0.00000000E+00       0.00000000E+00       0.00000000E+00       0.00000000E+00       0.00000000E+00       0.00000000E+00       0.00000000E+00       0.00000000E+00       0.00000000E+00       0.00000000E+00       0.00000000E+00       0.00000000E+00       0.00000000E+00       0.00000000E+00       0.00000000E+00       0.00000000E+00
     -0.36939137E+02       0.00000000E+00       0.00000000E+00       0.00000000E+00       0.00000000E+00       0.00000000E+00       0.00000000E+00       0.00000000E+00       0.00000000E+00       0.00000000E+00       0.00000000E+00       0.00000000E+00       0.00000000E+00       0.00000000E+00       0.00000000E+00       0.00000000E+00       0.00000000E+00       0.00000000E+00       0.00000000E+00       0.00000000E+00       0.00000000E+00       0.00000000E+00       0.00000000E+00       0.00000000E+00       0.00000000E+00       0.00000000E+00       0.00000000E+00       0.00000000E+00
     -0.36836064E+02       0.00000000E+00       0.00000000E+00       0.00000000E+00       0.00000000E+00       0.00000000E+00       0.00000000E+00       0.00000000E+00       0.00000000E+00       0.00000000E+00       0.00000000E+00       0.00000000E+00       0.00000000E+00       0.00000000E+00       0.00000000E+00       0.00000000E+00       0.00000000E+00       0.00000000E+00       0.00000000E+00       0.00000000E+00       0.00000000E+00       0.00000000E+00       0.00000000E+00       0.00000000E+00       0.00000000E+00       0.00000000E+00       0.00000000E+00       0.00000000E+00
     -0.36732990E+02       0.00000000E+00       0.00000000E+00       0.00000000E+00       0.00000000E+00       0.00000000E+00       0.00000000E+00       0.00000000E+00       0.00000000E+00       0.00000000E+00       0.00000000E+00       0.00000000E+00       0.00000000E+00       0.00000000E+00       0.00000000E+00       0.00000000E+00       0.00000000E+00       0.00000000E+00       0.00000000E+00       0.00000000E+00       0.00000000E+00       0.00000000E+00       0.00000000E+00       0.00000000E+00       0.00000000E+00       0.00000000E+00       0.00000000E+00       0.00000000E+00
     -0.36629917E+02       0.00000000E+00       0.00000000E+00       0.00000000E+00       0.00000000E+00       0.00000000E+00       0.00000000E+00       0.00000000E+00       0.00000000E+00       0.00000000E+00       0.00000000E+00       0.00000000E+00       0.00000000E+00       0.00000000E+00       0.00000000E+00       0.00000000E+00       0.00000000E+00       0.00000000E+00       0.00000000E+00       0.00000000E+00       0.00000000E+00       0.00000000E+00       0.00000000E+00       0.00000000E+00       0.00000000E+00       0.00000000E+00       0.00000000E+00       0.00000000E+00
     -0.36526844E+02       0.00000000E+00       0.00000000E+00       0.00000000E+00       0.00000000E+00       0.00000000E+00       0.00000000E+00       0.00000000E+00       0.00000000E+00       0.00000000E+00       0.00000000E+00       0.00000000E+00       0.00000000E+00       0.00000000E+00       0.00000000E+00       0.00000000E+00       0.00000000E+00       0.00000000E+00       0.00000000E+00       0.00000000E+00       0.00000000E+00       0.00000000E+00       0.00000000E+00       0.00000000E+00       0.00000000E+00       0.00000000E+00       0.00000000E+00       0.00000000E+00
     -0.36423770E+02       0.00000000E+00       0.00000000E+00       0.00000000E+00       0.00000000E+00       0.00000000E+00       0.00000000E+00       0.00000000E+00       0.00000000E+00       0.00000000E+00       0.00000000E+00       0.00000000E+00       0.00000000E+00       0.00000000E+00       0.00000000E+00       0.00000000E+00       0.00000000E+00       0.00000000E+00       0.00000000E+00       0.00000000E+00       0.00000000E+00       0.00000000E+00       0.00000000E+00       0.00000000E+00       0.00000000E+00       0.00000000E+00       0.00000000E+00       0.00000000E+00
     -0.36320697E+02       0.00000000E+00       0.00000000E+00       0.00000000E+00       0.00000000E+00       0.00000000E+00       0.00000000E+00       0.00000000E+00       0.00000000E+00       0.00000000E+00       0.00000000E+00       0.00000000E+00       0.00000000E+00       0.00000000E+00       0.00000000E+00       0.00000000E+00       0.00000000E+00       0.00000000E+00       0.00000000E+00       0.00000000E+00       0.00000000E+00       0.00000000E+00       0.00000000E+00       0.00000000E+00       0.00000000E+00       0.00000000E+00       0.00000000E+00       0.00000000E+00
     -0.36217623E+02       0.00000000E+00       0.00000000E+00       0.00000000E+00       0.00000000E+00       0.00000000E+00       0.00000000E+00       0.00000000E+00       0.00000000E+00       0.00000000E+00       0.00000000E+00       0.00000000E+00       0.00000000E+00       0.00000000E+00       0.00000000E+00       0.00000000E+00       0.00000000E+00       0.00000000E+00       0.00000000E+00       0.00000000E+00       0.00000000E+00       0.00000000E+00       0.00000000E+00       0.00000000E+00       0.00000000E+00       0.00000000E+00       0.00000000E+00       0.00000000E+00
     -0.36114550E+02       0.00000000E+00       0.00000000E+00       0.00000000E+00       0.00000000E+00       0.00000000E+00       0.00000000E+00       0.00000000E+00       0.00000000E+00       0.00000000E+00       0.00000000E+00       0.00000000E+00       0.00000000E+00       0.00000000E+00       0.00000000E+00       0.00000000E+00       0.00000000E+00       0.00000000E+00       0.00000000E+00       0.00000000E+00       0.00000000E+00       0.00000000E+00       0.00000000E+00       0.00000000E+00       0.00000000E+00       0.00000000E+00       0.00000000E+00       0.00000000E+00
     -0.36011476E+02       0.00000000E+00       0.00000000E+00       0.00000000E+00       0.00000000E+00       0.00000000E+00       0.00000000E+00       0.00000000E+00       0.00000000E+00       0.00000000E+00       0.00000000E+00       0.00000000E+00       0.00000000E+00       0.00000000E+00       0.00000000E+00       0.00000000E+00       0.00000000E+00       0.00000000E+00       0.00000000E+00       0.00000000E+00       0.00000000E+00       0.00000000E+00       0.00000000E+00       0.00000000E+00       0.00000000E+00       0.00000000E+00       0.00000000E+00       0.00000000E+00
     -0.35908403E+02       0.00000000E+00       0.00000000E+00       0.00000000E+00       0.00000000E+00       0.00000000E+00       0.00000000E+00       0.00000000E+00       0.00000000E+00       0.00000000E+00       0.00000000E+00       0.00000000E+00       0.00000000E+00       0.00000000E+00       0.00000000E+00       0.00000000E+00       0.00000000E+00       0.00000000E+00       0.00000000E+00       0.00000000E+00       0.00000000E+00       0.00000000E+00       0.00000000E+00       0.00000000E+00       0.00000000E+00       0.00000000E+00       0.00000000E+00       0.00000000E+00
     -0.35805330E+02       0.00000000E+00       0.00000000E+00       0.00000000E+00       0.00000000E+00       0.00000000E+00       0.00000000E+00       0.00000000E+00       0.00000000E+00       0.00000000E+00       0.00000000E+00       0.00000000E+00       0.00000000E+00       0.00000000E+00       0.00000000E+00       0.00000000E+00       0.00000000E+00       0.00000000E+00       0.00000000E+00       0.00000000E+00       0.00000000E+00       0.00000000E+00       0.00000000E+00       0.00000000E+00       0.00000000E+00       0.00000000E+00       0.00000000E+00       0.00000000E+00
     -0.35702256E+02       0.00000000E+00       0.00000000E+00       0.00000000E+00       0.00000000E+00       0.00000000E+00       0.00000000E+00       0.00000000E+00       0.00000000E+00       0.00000000E+00       0.00000000E+00       0.00000000E+00       0.00000000E+00       0.00000000E+00       0.00000000E+00       0.00000000E+00       0.00000000E+00       0.00000000E+00       0.00000000E+00       0.00000000E+00       0.00000000E+00       0.00000000E+00       0.00000000E+00       0.00000000E+00       0.00000000E+00       0.00000000E+00       0.00000000E+00       0.00000000E+00
     -0.35599183E+02       0.00000000E+00       0.00000000E+00       0.00000000E+00       0.00000000E+00       0.00000000E+00       0.00000000E+00       0.00000000E+00       0.00000000E+00       0.00000000E+00       0.00000000E+00       0.00000000E+00       0.00000000E+00       0.00000000E+00       0.00000000E+00       0.00000000E+00       0.00000000E+00       0.00000000E+00       0.00000000E+00       0.00000000E+00       0.00000000E+00       0.00000000E+00       0.00000000E+00       0.00000000E+00       0.00000000E+00       0.00000000E+00       0.00000000E+00       0.00000000E+00
     -0.35496109E+02       0.00000000E+00       0.00000000E+00       0.00000000E+00       0.00000000E+00       0.00000000E+00       0.00000000E+00       0.00000000E+00       0.00000000E+00       0.00000000E+00       0.00000000E+00       0.00000000E+00       0.00000000E+00       0.00000000E+00       0.00000000E+00       0.00000000E+00       0.00000000E+00       0.00000000E+00       0.00000000E+00       0.00000000E+00       0.00000000E+00       0.00000000E+00       0.00000000E+00       0.00000000E+00       0.00000000E+00       0.00000000E+00       0.00000000E+00       0.00000000E+00
     -0.35393036E+02       0.00000000E+00       0.00000000E+00       0.00000000E+00       0.00000000E+00       0.00000000E+00       0.00000000E+00       0.00000000E+00       0.00000000E+00       0.00000000E+00       0.00000000E+00       0.00000000E+00       0.00000000E+00       0.00000000E+00       0.00000000E+00       0.00000000E+00       0.00000000E+00       0.00000000E+00       0.00000000E+00       0.00000000E+00       0.00000000E+00       0.00000000E+00       0.00000000E+00       0.00000000E+00       0.00000000E+00       0.00000000E+00       0.00000000E+00       0.00000000E+00
     -0.35289962E+02       0.00000000E+00       0.00000000E+00       0.00000000E+00       0.00000000E+00       0.00000000E+00       0.00000000E+00       0.00000000E+00       0.00000000E+00       0.00000000E+00       0.00000000E+00       0.00000000E+00       0.00000000E+00       0.00000000E+00       0.00000000E+00       0.00000000E+00       0.00000000E+00       0.00000000E+00       0.00000000E+00       0.00000000E+00       0.00000000E+00       0.00000000E+00       0.00000000E+00       0.00000000E+00       0.00000000E+00       0.00000000E+00       0.00000000E+00       0.00000000E+00
     -0.35186889E+02       0.00000000E+00       0.00000000E+00       0.00000000E+00       0.00000000E+00       0.00000000E+00       0.00000000E+00       0.00000000E+00       0.00000000E+00       0.00000000E+00       0.00000000E+00       0.00000000E+00       0.00000000E+00       0.00000000E+00       0.00000000E+00       0.00000000E+00       0.00000000E+00       0.00000000E+00       0.00000000E+00       0.00000000E+00       0.00000000E+00       0.00000000E+00       0.00000000E+00       0.00000000E+00       0.00000000E+00       0.00000000E+00       0.00000000E+00       0.00000000E+00
     -0.35083816E+02       0.00000000E+00       0.00000000E+00       0.00000000E+00       0.00000000E+00       0.00000000E+00       0.00000000E+00       0.00000000E+00       0.00000000E+00       0.00000000E+00       0.00000000E+00       0.00000000E+00       0.00000000E+00       0.00000000E+00       0.00000000E+00       0.00000000E+00       0.00000000E+00       0.00000000E+00       0.00000000E+00       0.00000000E+00       0.00000000E+00       0.00000000E+00       0.00000000E+00       0.00000000E+00       0.00000000E+00       0.00000000E+00       0.00000000E+00       0.00000000E+00
     -0.34980742E+02       0.00000000E+00       0.00000000E+00       0.00000000E+00       0.00000000E+00       0.00000000E+00       0.00000000E+00       0.00000000E+00       0.00000000E+00       0.00000000E+00       0.00000000E+00       0.00000000E+00       0.00000000E+00       0.00000000E+00       0.00000000E+00       0.00000000E+00       0.00000000E+00       0.00000000E+00       0.00000000E+00       0.00000000E+00       0.00000000E+00       0.00000000E+00       0.00000000E+00       0.00000000E+00       0.00000000E+00       0.00000000E+00       0.00000000E+00       0.00000000E+00
     -0.34877669E+02       0.00000000E+00       0.00000000E+00       0.00000000E+00       0.00000000E+00       0.00000000E+00       0.00000000E+00       0.00000000E+00       0.00000000E+00       0.00000000E+00       0.00000000E+00       0.00000000E+00       0.00000000E+00       0.00000000E+00       0.00000000E+00       0.00000000E+00       0.00000000E+00       0.00000000E+00       0.00000000E+00       0.00000000E+00       0.00000000E+00       0.00000000E+00       0.00000000E+00       0.00000000E+00       0.00000000E+00       0.00000000E+00       0.00000000E+00       0.00000000E+00
     -0.34774595E+02       0.00000000E+00       0.00000000E+00       0.00000000E+00       0.00000000E+00       0.00000000E+00       0.00000000E+00       0.00000000E+00       0.00000000E+00       0.00000000E+00       0.00000000E+00       0.00000000E+00       0.00000000E+00       0.00000000E+00       0.00000000E+00       0.00000000E+00       0.00000000E+00       0.00000000E+00       0.00000000E+00       0.00000000E+00       0.00000000E+00       0.00000000E+00       0.00000000E+00       0.00000000E+00       0.00000000E+00       0.00000000E+00       0.00000000E+00       0.00000000E+00
     -0.34671522E+02       0.00000000E+00       0.00000000E+00       0.00000000E+00       0.00000000E+00       0.00000000E+00       0.00000000E+00       0.00000000E+00       0.00000000E+00       0.00000000E+00       0.00000000E+00       0.00000000E+00       0.00000000E+00       0.00000000E+00       0.00000000E+00       0.00000000E+00       0.00000000E+00       0.00000000E+00       0.00000000E+00       0.00000000E+00       0.00000000E+00       0.00000000E+00       0.00000000E+00       0.00000000E+00       0.00000000E+00       0.00000000E+00       0.00000000E+00       0.00000000E+00
     -0.34568448E+02       0.00000000E+00       0.00000000E+00       0.00000000E+00       0.00000000E+00       0.00000000E+00       0.00000000E+00       0.00000000E+00       0.00000000E+00       0.00000000E+00       0.00000000E+00       0.00000000E+00       0.00000000E+00       0.00000000E+00       0.00000000E+00       0.00000000E+00       0.00000000E+00       0.00000000E+00       0.00000000E+00       0.00000000E+00       0.00000000E+00       0.00000000E+00       0.00000000E+00       0.00000000E+00       0.00000000E+00       0.00000000E+00       0.00000000E+00       0.00000000E+00
     -0.34465375E+02       0.00000000E+00       0.00000000E+00       0.00000000E+00       0.00000000E+00       0.00000000E+00       0.00000000E+00       0.00000000E+00       0.00000000E+00       0.00000000E+00       0.00000000E+00       0.00000000E+00       0.00000000E+00       0.00000000E+00       0.00000000E+00       0.00000000E+00       0.00000000E+00       0.00000000E+00       0.00000000E+00       0.00000000E+00       0.00000000E+00       0.00000000E+00       0.00000000E+00       0.00000000E+00       0.00000000E+00       0.00000000E+00       0.00000000E+00       0.00000000E+00
     -0.34362302E+02       0.00000000E+00       0.00000000E+00       0.00000000E+00       0.00000000E+00       0.00000000E+00       0.00000000E+00       0.00000000E+00       0.00000000E+00       0.00000000E+00       0.00000000E+00       0.00000000E+00       0.00000000E+00       0.00000000E+00       0.00000000E+00       0.00000000E+00       0.00000000E+00       0.00000000E+00       0.00000000E+00       0.00000000E+00       0.00000000E+00       0.00000000E+00       0.00000000E+00       0.00000000E+00       0.00000000E+00       0.00000000E+00       0.00000000E+00       0.00000000E+00
     -0.34259228E+02       0.00000000E+00       0.00000000E+00       0.00000000E+00       0.00000000E+00       0.00000000E+00       0.00000000E+00       0.00000000E+00       0.00000000E+00       0.00000000E+00       0.00000000E+00       0.00000000E+00       0.00000000E+00       0.00000000E+00       0.00000000E+00       0.00000000E+00       0.00000000E+00       0.00000000E+00       0.00000000E+00       0.00000000E+00       0.00000000E+00       0.00000000E+00       0.00000000E+00       0.00000000E+00       0.00000000E+00       0.00000000E+00       0.00000000E+00       0.00000000E+00
     -0.34156155E+02       0.00000000E+00       0.00000000E+00       0.00000000E+00       0.00000000E+00       0.00000000E+00       0.00000000E+00       0.00000000E+00       0.00000000E+00       0.00000000E+00       0.00000000E+00       0.00000000E+00       0.00000000E+00       0.00000000E+00       0.00000000E+00       0.00000000E+00       0.00000000E+00       0.00000000E+00       0.00000000E+00       0.00000000E+00       0.00000000E+00       0.00000000E+00       0.00000000E+00       0.00000000E+00       0.00000000E+00       0.00000000E+00       0.00000000E+00       0.00000000E+00
     -0.34053081E+02       0.00000000E+00       0.00000000E+00       0.00000000E+00       0.00000000E+00       0.00000000E+00       0.00000000E+00       0.00000000E+00       0.00000000E+00       0.00000000E+00       0.00000000E+00       0.00000000E+00       0.00000000E+00       0.00000000E+00       0.00000000E+00       0.00000000E+00       0.00000000E+00       0.00000000E+00       0.00000000E+00       0.00000000E+00       0.00000000E+00       0.00000000E+00       0.00000000E+00       0.00000000E+00       0.00000000E+00       0.00000000E+00       0.00000000E+00       0.00000000E+00
     -0.33950008E+02       0.00000000E+00       0.00000000E+00       0.00000000E+00       0.00000000E+00       0.00000000E+00       0.00000000E+00       0.00000000E+00       0.00000000E+00       0.00000000E+00       0.00000000E+00       0.00000000E+00       0.00000000E+00       0.00000000E+00       0.00000000E+00       0.00000000E+00       0.00000000E+00       0.00000000E+00       0.00000000E+00       0.00000000E+00       0.00000000E+00       0.00000000E+00       0.00000000E+00       0.00000000E+00       0.00000000E+00       0.00000000E+00       0.00000000E+00       0.00000000E+00
     -0.33846934E+02       0.00000000E+00       0.00000000E+00       0.00000000E+00       0.00000000E+00       0.00000000E+00       0.00000000E+00       0.00000000E+00       0.00000000E+00       0.00000000E+00       0.00000000E+00       0.00000000E+00       0.00000000E+00       0.00000000E+00       0.00000000E+00       0.00000000E+00       0.00000000E+00       0.00000000E+00       0.00000000E+00       0.00000000E+00       0.00000000E+00       0.00000000E+00       0.00000000E+00       0.00000000E+00       0.00000000E+00       0.00000000E+00       0.00000000E+00       0.00000000E+00
     -0.33743861E+02       0.00000000E+00       0.00000000E+00       0.00000000E+00       0.00000000E+00       0.00000000E+00       0.00000000E+00       0.00000000E+00       0.00000000E+00       0.00000000E+00       0.00000000E+00       0.00000000E+00       0.00000000E+00       0.00000000E+00       0.00000000E+00       0.00000000E+00       0.00000000E+00       0.00000000E+00       0.00000000E+00       0.00000000E+00       0.00000000E+00       0.00000000E+00       0.00000000E+00       0.00000000E+00       0.00000000E+00       0.00000000E+00       0.00000000E+00       0.00000000E+00
     -0.33640788E+02       0.00000000E+00       0.00000000E+00       0.00000000E+00       0.00000000E+00       0.00000000E+00       0.00000000E+00       0.00000000E+00       0.00000000E+00       0.00000000E+00       0.00000000E+00       0.00000000E+00       0.00000000E+00       0.00000000E+00       0.00000000E+00       0.00000000E+00       0.00000000E+00       0.00000000E+00       0.00000000E+00       0.00000000E+00       0.00000000E+00       0.00000000E+00       0.00000000E+00       0.00000000E+00       0.00000000E+00       0.00000000E+00       0.00000000E+00       0.00000000E+00
     -0.33537714E+02       0.00000000E+00       0.00000000E+00       0.00000000E+00       0.00000000E+00       0.00000000E+00       0.00000000E+00       0.00000000E+00       0.00000000E+00       0.00000000E+00       0.00000000E+00       0.00000000E+00       0.00000000E+00       0.00000000E+00       0.00000000E+00       0.00000000E+00       0.00000000E+00       0.00000000E+00       0.00000000E+00       0.00000000E+00       0.00000000E+00       0.00000000E+00       0.00000000E+00       0.00000000E+00       0.00000000E+00       0.00000000E+00       0.00000000E+00       0.00000000E+00
     -0.33434641E+02       0.00000000E+00       0.00000000E+00       0.00000000E+00       0.00000000E+00       0.00000000E+00       0.00000000E+00       0.00000000E+00       0.00000000E+00       0.00000000E+00       0.00000000E+00       0.00000000E+00       0.00000000E+00       0.00000000E+00       0.00000000E+00       0.00000000E+00       0.00000000E+00       0.00000000E+00       0.00000000E+00       0.00000000E+00       0.00000000E+00       0.00000000E+00       0.00000000E+00       0.00000000E+00       0.00000000E+00       0.00000000E+00       0.00000000E+00       0.00000000E+00
     -0.33331567E+02       0.00000000E+00       0.00000000E+00       0.00000000E+00       0.00000000E+00       0.00000000E+00       0.00000000E+00       0.00000000E+00       0.00000000E+00       0.00000000E+00       0.00000000E+00       0.00000000E+00       0.00000000E+00       0.00000000E+00       0.00000000E+00       0.00000000E+00       0.00000000E+00       0.00000000E+00       0.00000000E+00       0.00000000E+00       0.00000000E+00       0.00000000E+00       0.00000000E+00       0.00000000E+00       0.00000000E+00       0.00000000E+00       0.00000000E+00       0.00000000E+00
     -0.33228494E+02       0.00000000E+00       0.00000000E+00       0.00000000E+00       0.00000000E+00       0.00000000E+00       0.00000000E+00       0.00000000E+00       0.00000000E+00       0.00000000E+00       0.00000000E+00       0.00000000E+00       0.00000000E+00       0.00000000E+00       0.00000000E+00       0.00000000E+00       0.00000000E+00       0.00000000E+00       0.00000000E+00       0.00000000E+00       0.00000000E+00       0.00000000E+00       0.00000000E+00       0.00000000E+00       0.00000000E+00       0.00000000E+00       0.00000000E+00       0.00000000E+00
     -0.33125420E+02       0.00000000E+00       0.00000000E+00       0.00000000E+00       0.00000000E+00       0.00000000E+00       0.00000000E+00       0.00000000E+00       0.00000000E+00       0.00000000E+00       0.00000000E+00       0.00000000E+00       0.00000000E+00       0.00000000E+00       0.00000000E+00       0.00000000E+00       0.00000000E+00       0.00000000E+00       0.00000000E+00       0.00000000E+00       0.00000000E+00       0.00000000E+00       0.00000000E+00       0.00000000E+00       0.00000000E+00       0.00000000E+00       0.00000000E+00       0.00000000E+00
     -0.33022347E+02       0.00000000E+00       0.00000000E+00       0.00000000E+00       0.00000000E+00       0.00000000E+00       0.00000000E+00       0.00000000E+00       0.00000000E+00       0.00000000E+00       0.00000000E+00       0.00000000E+00       0.00000000E+00       0.00000000E+00       0.00000000E+00       0.00000000E+00       0.00000000E+00       0.00000000E+00       0.00000000E+00       0.00000000E+00       0.00000000E+00       0.00000000E+00       0.00000000E+00       0.00000000E+00       0.00000000E+00       0.00000000E+00       0.00000000E+00       0.00000000E+00
     -0.32919273E+02       0.00000000E+00       0.00000000E+00       0.00000000E+00       0.00000000E+00       0.00000000E+00       0.00000000E+00       0.00000000E+00       0.00000000E+00       0.00000000E+00       0.00000000E+00       0.00000000E+00       0.00000000E+00       0.00000000E+00       0.00000000E+00       0.00000000E+00       0.00000000E+00       0.00000000E+00       0.00000000E+00       0.00000000E+00       0.00000000E+00       0.00000000E+00       0.00000000E+00       0.00000000E+00       0.00000000E+00       0.00000000E+00       0.00000000E+00       0.00000000E+00
     -0.32816200E+02       0.00000000E+00       0.00000000E+00       0.00000000E+00       0.00000000E+00       0.00000000E+00       0.00000000E+00       0.00000000E+00       0.00000000E+00       0.00000000E+00       0.00000000E+00       0.00000000E+00       0.00000000E+00       0.00000000E+00       0.00000000E+00       0.00000000E+00       0.00000000E+00       0.00000000E+00       0.00000000E+00       0.00000000E+00       0.00000000E+00       0.00000000E+00       0.00000000E+00       0.00000000E+00       0.00000000E+00       0.00000000E+00       0.00000000E+00       0.00000000E+00
     -0.32713127E+02       0.00000000E+00       0.00000000E+00       0.00000000E+00       0.00000000E+00       0.00000000E+00       0.00000000E+00       0.00000000E+00       0.00000000E+00       0.00000000E+00       0.00000000E+00       0.00000000E+00       0.00000000E+00       0.00000000E+00       0.00000000E+00       0.00000000E+00       0.00000000E+00       0.00000000E+00       0.00000000E+00       0.00000000E+00       0.00000000E+00       0.00000000E+00       0.00000000E+00       0.00000000E+00       0.00000000E+00       0.00000000E+00       0.00000000E+00       0.00000000E+00
     -0.32610053E+02       0.00000000E+00       0.00000000E+00       0.00000000E+00       0.00000000E+00       0.00000000E+00       0.00000000E+00       0.00000000E+00       0.00000000E+00       0.00000000E+00       0.00000000E+00       0.00000000E+00       0.00000000E+00       0.00000000E+00       0.00000000E+00       0.00000000E+00       0.00000000E+00       0.00000000E+00       0.00000000E+00       0.00000000E+00       0.00000000E+00       0.00000000E+00       0.00000000E+00       0.00000000E+00       0.00000000E+00       0.00000000E+00       0.00000000E+00       0.00000000E+00
     -0.32506980E+02       0.00000000E+00       0.00000000E+00       0.00000000E+00       0.00000000E+00       0.00000000E+00       0.00000000E+00       0.00000000E+00       0.00000000E+00       0.00000000E+00       0.00000000E+00       0.00000000E+00       0.00000000E+00       0.00000000E+00       0.00000000E+00       0.00000000E+00       0.00000000E+00       0.00000000E+00       0.00000000E+00       0.00000000E+00       0.00000000E+00       0.00000000E+00       0.00000000E+00       0.00000000E+00       0.00000000E+00       0.00000000E+00       0.00000000E+00       0.00000000E+00
     -0.32403906E+02       0.00000000E+00       0.00000000E+00       0.00000000E+00       0.00000000E+00       0.00000000E+00       0.00000000E+00       0.00000000E+00       0.00000000E+00       0.00000000E+00       0.00000000E+00       0.00000000E+00       0.00000000E+00       0.00000000E+00       0.00000000E+00       0.00000000E+00       0.00000000E+00       0.00000000E+00       0.00000000E+00       0.00000000E+00       0.00000000E+00       0.00000000E+00       0.00000000E+00       0.00000000E+00       0.00000000E+00       0.00000000E+00       0.00000000E+00       0.00000000E+00
     -0.32300833E+02       0.00000000E+00       0.00000000E+00       0.00000000E+00       0.00000000E+00       0.00000000E+00       0.00000000E+00       0.00000000E+00       0.00000000E+00       0.00000000E+00       0.00000000E+00       0.00000000E+00       0.00000000E+00       0.00000000E+00       0.00000000E+00       0.00000000E+00       0.00000000E+00       0.00000000E+00       0.00000000E+00       0.00000000E+00       0.00000000E+00       0.00000000E+00       0.00000000E+00       0.00000000E+00       0.00000000E+00       0.00000000E+00       0.00000000E+00       0.00000000E+00
     -0.32197759E+02       0.00000000E+00       0.00000000E+00       0.00000000E+00       0.00000000E+00       0.00000000E+00       0.00000000E+00       0.00000000E+00       0.00000000E+00       0.00000000E+00       0.00000000E+00       0.00000000E+00       0.00000000E+00       0.00000000E+00       0.00000000E+00       0.00000000E+00       0.00000000E+00       0.00000000E+00       0.00000000E+00       0.00000000E+00       0.00000000E+00       0.00000000E+00       0.00000000E+00       0.00000000E+00       0.00000000E+00       0.00000000E+00       0.00000000E+00       0.00000000E+00
     -0.32094686E+02       0.00000000E+00       0.00000000E+00       0.00000000E+00       0.00000000E+00       0.00000000E+00       0.00000000E+00       0.00000000E+00       0.00000000E+00       0.00000000E+00       0.00000000E+00       0.00000000E+00       0.00000000E+00       0.00000000E+00       0.00000000E+00       0.00000000E+00       0.00000000E+00       0.00000000E+00       0.00000000E+00       0.00000000E+00       0.00000000E+00       0.00000000E+00       0.00000000E+00       0.00000000E+00       0.00000000E+00       0.00000000E+00       0.00000000E+00       0.00000000E+00
     -0.31991613E+02       0.00000000E+00       0.00000000E+00       0.00000000E+00       0.00000000E+00       0.00000000E+00       0.00000000E+00       0.00000000E+00       0.00000000E+00       0.00000000E+00       0.00000000E+00       0.00000000E+00       0.00000000E+00       0.00000000E+00       0.00000000E+00       0.00000000E+00       0.00000000E+00       0.00000000E+00       0.00000000E+00       0.00000000E+00       0.00000000E+00       0.00000000E+00       0.00000000E+00       0.00000000E+00       0.00000000E+00       0.00000000E+00       0.00000000E+00       0.00000000E+00
     -0.31888539E+02       0.00000000E+00       0.00000000E+00       0.00000000E+00       0.00000000E+00       0.00000000E+00       0.00000000E+00       0.00000000E+00       0.00000000E+00       0.00000000E+00       0.00000000E+00       0.00000000E+00       0.00000000E+00       0.00000000E+00       0.00000000E+00       0.00000000E+00       0.00000000E+00       0.00000000E+00       0.00000000E+00       0.00000000E+00       0.00000000E+00       0.00000000E+00       0.00000000E+00       0.00000000E+00       0.00000000E+00       0.00000000E+00       0.00000000E+00       0.00000000E+00
     -0.31785466E+02       0.00000000E+00       0.00000000E+00       0.00000000E+00       0.00000000E+00       0.00000000E+00       0.00000000E+00       0.00000000E+00       0.00000000E+00       0.00000000E+00       0.00000000E+00       0.00000000E+00       0.00000000E+00       0.00000000E+00       0.00000000E+00       0.00000000E+00       0.00000000E+00       0.00000000E+00       0.00000000E+00       0.00000000E+00       0.00000000E+00       0.00000000E+00       0.00000000E+00       0.00000000E+00       0.00000000E+00       0.00000000E+00       0.00000000E+00       0.00000000E+00
     -0.31682392E+02       0.00000000E+00       0.00000000E+00       0.00000000E+00       0.00000000E+00       0.00000000E+00       0.00000000E+00       0.00000000E+00       0.00000000E+00       0.00000000E+00       0.00000000E+00       0.00000000E+00       0.00000000E+00       0.00000000E+00       0.00000000E+00       0.00000000E+00       0.00000000E+00       0.00000000E+00       0.00000000E+00       0.00000000E+00       0.00000000E+00       0.00000000E+00       0.00000000E+00       0.00000000E+00       0.00000000E+00       0.00000000E+00       0.00000000E+00       0.00000000E+00
     -0.31579319E+02       0.00000000E+00       0.00000000E+00       0.00000000E+00       0.00000000E+00       0.00000000E+00       0.00000000E+00       0.00000000E+00       0.00000000E+00       0.00000000E+00       0.00000000E+00       0.00000000E+00       0.00000000E+00       0.00000000E+00       0.00000000E+00       0.00000000E+00       0.00000000E+00       0.00000000E+00       0.00000000E+00       0.00000000E+00       0.00000000E+00       0.00000000E+00       0.00000000E+00       0.00000000E+00       0.00000000E+00       0.00000000E+00       0.00000000E+00       0.00000000E+00
     -0.31476245E+02       0.00000000E+00       0.00000000E+00       0.00000000E+00       0.00000000E+00       0.00000000E+00       0.00000000E+00       0.00000000E+00       0.00000000E+00       0.00000000E+00       0.00000000E+00       0.00000000E+00       0.00000000E+00       0.00000000E+00       0.00000000E+00       0.00000000E+00       0.00000000E+00       0.00000000E+00       0.00000000E+00       0.00000000E+00       0.00000000E+00       0.00000000E+00       0.00000000E+00       0.00000000E+00       0.00000000E+00       0.00000000E+00       0.00000000E+00       0.00000000E+00
     -0.31373172E+02       0.00000000E+00       0.00000000E+00       0.00000000E+00       0.00000000E+00       0.00000000E+00       0.00000000E+00       0.00000000E+00       0.00000000E+00       0.00000000E+00       0.00000000E+00       0.00000000E+00       0.00000000E+00       0.00000000E+00       0.00000000E+00       0.00000000E+00       0.00000000E+00       0.00000000E+00       0.00000000E+00       0.00000000E+00       0.00000000E+00       0.00000000E+00       0.00000000E+00       0.00000000E+00       0.00000000E+00       0.00000000E+00       0.00000000E+00       0.00000000E+00
     -0.31270099E+02       0.00000000E+00       0.00000000E+00       0.00000000E+00       0.00000000E+00       0.00000000E+00       0.00000000E+00       0.00000000E+00       0.00000000E+00       0.00000000E+00       0.00000000E+00       0.00000000E+00       0.00000000E+00       0.00000000E+00       0.00000000E+00       0.00000000E+00       0.00000000E+00       0.00000000E+00       0.00000000E+00       0.00000000E+00       0.00000000E+00       0.00000000E+00       0.00000000E+00       0.00000000E+00       0.00000000E+00       0.00000000E+00       0.00000000E+00       0.00000000E+00
     -0.31167025E+02       0.00000000E+00       0.00000000E+00       0.00000000E+00       0.00000000E+00       0.00000000E+00       0.00000000E+00       0.00000000E+00       0.00000000E+00       0.00000000E+00       0.00000000E+00       0.00000000E+00       0.00000000E+00       0.00000000E+00       0.00000000E+00       0.00000000E+00       0.00000000E+00       0.00000000E+00       0.00000000E+00       0.00000000E+00       0.00000000E+00       0.00000000E+00       0.00000000E+00       0.00000000E+00       0.00000000E+00       0.00000000E+00       0.00000000E+00       0.00000000E+00
     -0.31063952E+02       0.00000000E+00       0.00000000E+00       0.00000000E+00       0.00000000E+00       0.00000000E+00       0.00000000E+00       0.00000000E+00       0.00000000E+00       0.00000000E+00       0.00000000E+00       0.00000000E+00       0.00000000E+00       0.00000000E+00       0.00000000E+00       0.00000000E+00       0.00000000E+00       0.00000000E+00       0.00000000E+00       0.00000000E+00       0.00000000E+00       0.00000000E+00       0.00000000E+00       0.00000000E+00       0.00000000E+00       0.00000000E+00       0.00000000E+00       0.00000000E+00
     -0.30960878E+02       0.00000000E+00       0.00000000E+00       0.00000000E+00       0.00000000E+00       0.00000000E+00       0.00000000E+00       0.00000000E+00       0.00000000E+00       0.00000000E+00       0.00000000E+00       0.00000000E+00       0.00000000E+00       0.00000000E+00       0.00000000E+00       0.00000000E+00       0.00000000E+00       0.00000000E+00       0.00000000E+00       0.00000000E+00       0.00000000E+00       0.00000000E+00       0.00000000E+00       0.00000000E+00       0.00000000E+00       0.00000000E+00       0.00000000E+00       0.00000000E+00
     -0.30857805E+02       0.00000000E+00       0.00000000E+00       0.00000000E+00       0.00000000E+00       0.00000000E+00       0.00000000E+00       0.00000000E+00       0.00000000E+00       0.00000000E+00       0.00000000E+00       0.00000000E+00       0.00000000E+00       0.00000000E+00       0.00000000E+00       0.00000000E+00       0.00000000E+00       0.00000000E+00       0.00000000E+00       0.00000000E+00       0.00000000E+00       0.00000000E+00       0.00000000E+00       0.00000000E+00       0.00000000E+00       0.00000000E+00       0.00000000E+00       0.00000000E+00
     -0.30754731E+02       0.00000000E+00       0.00000000E+00       0.00000000E+00       0.00000000E+00       0.00000000E+00       0.00000000E+00       0.00000000E+00       0.00000000E+00       0.00000000E+00       0.00000000E+00       0.00000000E+00       0.00000000E+00       0.00000000E+00       0.00000000E+00       0.00000000E+00       0.00000000E+00       0.00000000E+00       0.00000000E+00       0.00000000E+00       0.00000000E+00       0.00000000E+00       0.00000000E+00       0.00000000E+00       0.00000000E+00       0.00000000E+00       0.00000000E+00       0.00000000E+00
     -0.30651658E+02       0.00000000E+00       0.00000000E+00       0.00000000E+00       0.00000000E+00       0.00000000E+00       0.00000000E+00       0.00000000E+00       0.00000000E+00       0.00000000E+00       0.00000000E+00       0.00000000E+00       0.00000000E+00       0.00000000E+00       0.00000000E+00       0.00000000E+00       0.00000000E+00       0.00000000E+00       0.00000000E+00       0.00000000E+00       0.00000000E+00       0.00000000E+00       0.00000000E+00       0.00000000E+00       0.00000000E+00       0.00000000E+00       0.00000000E+00       0.00000000E+00
     -0.30548585E+02       0.00000000E+00       0.00000000E+00       0.00000000E+00       0.00000000E+00       0.00000000E+00       0.00000000E+00       0.00000000E+00       0.00000000E+00       0.00000000E+00       0.00000000E+00       0.00000000E+00       0.00000000E+00       0.00000000E+00       0.00000000E+00       0.00000000E+00       0.00000000E+00       0.00000000E+00       0.00000000E+00       0.00000000E+00       0.00000000E+00       0.00000000E+00       0.00000000E+00       0.00000000E+00       0.00000000E+00       0.00000000E+00       0.00000000E+00       0.00000000E+00
     -0.30445511E+02       0.00000000E+00       0.00000000E+00       0.00000000E+00       0.00000000E+00       0.00000000E+00       0.00000000E+00       0.00000000E+00       0.00000000E+00       0.00000000E+00       0.00000000E+00       0.00000000E+00       0.00000000E+00       0.00000000E+00       0.00000000E+00       0.00000000E+00       0.00000000E+00       0.00000000E+00       0.00000000E+00       0.00000000E+00       0.00000000E+00       0.00000000E+00       0.00000000E+00       0.00000000E+00       0.00000000E+00       0.00000000E+00       0.00000000E+00       0.00000000E+00
     -0.30342438E+02       0.00000000E+00       0.00000000E+00       0.00000000E+00       0.00000000E+00       0.00000000E+00       0.00000000E+00       0.00000000E+00       0.00000000E+00       0.00000000E+00       0.00000000E+00       0.00000000E+00       0.00000000E+00       0.00000000E+00       0.00000000E+00       0.00000000E+00       0.00000000E+00       0.00000000E+00       0.00000000E+00       0.00000000E+00       0.00000000E+00       0.00000000E+00       0.00000000E+00       0.00000000E+00       0.00000000E+00       0.00000000E+00       0.00000000E+00       0.00000000E+00
     -0.30239364E+02       0.00000000E+00       0.00000000E+00       0.00000000E+00       0.00000000E+00       0.00000000E+00       0.00000000E+00       0.00000000E+00       0.00000000E+00       0.00000000E+00       0.00000000E+00       0.00000000E+00       0.00000000E+00       0.00000000E+00       0.00000000E+00       0.00000000E+00       0.00000000E+00       0.00000000E+00       0.00000000E+00       0.00000000E+00       0.00000000E+00       0.00000000E+00       0.00000000E+00       0.00000000E+00       0.00000000E+00       0.00000000E+00       0.00000000E+00       0.00000000E+00
     -0.30136291E+02       0.00000000E+00       0.00000000E+00       0.00000000E+00       0.00000000E+00       0.00000000E+00       0.00000000E+00       0.00000000E+00       0.00000000E+00       0.00000000E+00       0.00000000E+00       0.00000000E+00       0.00000000E+00       0.00000000E+00       0.00000000E+00       0.00000000E+00       0.00000000E+00       0.00000000E+00       0.00000000E+00       0.00000000E+00       0.00000000E+00       0.00000000E+00       0.00000000E+00       0.00000000E+00       0.00000000E+00       0.00000000E+00       0.00000000E+00       0.00000000E+00
     -0.30033217E+02       0.00000000E+00       0.00000000E+00       0.00000000E+00       0.00000000E+00       0.00000000E+00       0.00000000E+00       0.00000000E+00       0.00000000E+00       0.00000000E+00       0.00000000E+00       0.00000000E+00       0.00000000E+00       0.00000000E+00       0.00000000E+00       0.00000000E+00       0.00000000E+00       0.00000000E+00       0.00000000E+00       0.00000000E+00       0.00000000E+00       0.00000000E+00       0.00000000E+00       0.00000000E+00       0.00000000E+00       0.00000000E+00       0.00000000E+00       0.00000000E+00
     -0.29930144E+02       0.00000000E+00       0.00000000E+00       0.00000000E+00       0.00000000E+00       0.00000000E+00       0.00000000E+00       0.00000000E+00       0.00000000E+00       0.00000000E+00       0.00000000E+00       0.00000000E+00       0.00000000E+00       0.00000000E+00       0.00000000E+00       0.00000000E+00       0.00000000E+00       0.00000000E+00       0.00000000E+00       0.00000000E+00       0.00000000E+00       0.00000000E+00       0.00000000E+00       0.00000000E+00       0.00000000E+00       0.00000000E+00       0.00000000E+00       0.00000000E+00
     -0.29827070E+02       0.00000000E+00       0.00000000E+00       0.00000000E+00       0.00000000E+00       0.00000000E+00       0.00000000E+00       0.00000000E+00       0.00000000E+00       0.00000000E+00       0.00000000E+00       0.00000000E+00       0.00000000E+00       0.00000000E+00       0.00000000E+00       0.00000000E+00       0.00000000E+00       0.00000000E+00       0.00000000E+00       0.00000000E+00       0.00000000E+00       0.00000000E+00       0.00000000E+00       0.00000000E+00       0.00000000E+00       0.00000000E+00       0.00000000E+00       0.00000000E+00
     -0.29723997E+02       0.00000000E+00       0.00000000E+00       0.00000000E+00       0.00000000E+00       0.00000000E+00       0.00000000E+00       0.00000000E+00       0.00000000E+00       0.00000000E+00       0.00000000E+00       0.00000000E+00       0.00000000E+00       0.00000000E+00       0.00000000E+00       0.00000000E+00       0.00000000E+00       0.00000000E+00       0.00000000E+00       0.00000000E+00       0.00000000E+00       0.00000000E+00       0.00000000E+00       0.00000000E+00       0.00000000E+00       0.00000000E+00       0.00000000E+00       0.00000000E+00
     -0.29620924E+02       0.00000000E+00       0.00000000E+00       0.00000000E+00       0.00000000E+00       0.00000000E+00       0.00000000E+00       0.00000000E+00       0.00000000E+00       0.00000000E+00       0.00000000E+00       0.00000000E+00       0.00000000E+00       0.00000000E+00       0.00000000E+00       0.00000000E+00       0.00000000E+00       0.00000000E+00       0.00000000E+00       0.00000000E+00       0.00000000E+00       0.00000000E+00       0.00000000E+00       0.00000000E+00       0.00000000E+00       0.00000000E+00       0.00000000E+00       0.00000000E+00
     -0.29517850E+02       0.00000000E+00       0.00000000E+00       0.00000000E+00       0.00000000E+00       0.00000000E+00       0.00000000E+00       0.00000000E+00       0.00000000E+00       0.00000000E+00       0.00000000E+00       0.00000000E+00       0.00000000E+00       0.00000000E+00       0.00000000E+00       0.00000000E+00       0.00000000E+00       0.00000000E+00       0.00000000E+00       0.00000000E+00       0.00000000E+00       0.00000000E+00       0.00000000E+00       0.00000000E+00       0.00000000E+00       0.00000000E+00       0.00000000E+00       0.00000000E+00
     -0.29414777E+02       0.00000000E+00       0.00000000E+00       0.00000000E+00       0.00000000E+00       0.00000000E+00       0.00000000E+00       0.00000000E+00       0.00000000E+00       0.00000000E+00       0.00000000E+00       0.00000000E+00       0.00000000E+00       0.00000000E+00       0.00000000E+00       0.00000000E+00       0.00000000E+00       0.00000000E+00       0.00000000E+00       0.00000000E+00       0.00000000E+00       0.00000000E+00       0.00000000E+00       0.00000000E+00       0.00000000E+00       0.00000000E+00       0.00000000E+00       0.00000000E+00
     -0.29311703E+02       0.00000000E+00       0.00000000E+00       0.00000000E+00       0.00000000E+00       0.00000000E+00       0.00000000E+00       0.00000000E+00       0.00000000E+00       0.00000000E+00       0.00000000E+00       0.00000000E+00       0.00000000E+00       0.00000000E+00       0.00000000E+00       0.00000000E+00       0.00000000E+00       0.00000000E+00       0.00000000E+00       0.00000000E+00       0.00000000E+00       0.00000000E+00       0.00000000E+00       0.00000000E+00       0.00000000E+00       0.00000000E+00       0.00000000E+00       0.00000000E+00
     -0.29208630E+02       0.00000000E+00       0.00000000E+00       0.00000000E+00       0.00000000E+00       0.00000000E+00       0.00000000E+00       0.00000000E+00       0.00000000E+00       0.00000000E+00       0.00000000E+00       0.00000000E+00       0.00000000E+00       0.00000000E+00       0.00000000E+00       0.00000000E+00       0.00000000E+00       0.00000000E+00       0.00000000E+00       0.00000000E+00       0.00000000E+00       0.00000000E+00       0.00000000E+00       0.00000000E+00       0.00000000E+00       0.00000000E+00       0.00000000E+00       0.00000000E+00
     -0.29105556E+02       0.00000000E+00       0.00000000E+00       0.00000000E+00       0.00000000E+00       0.00000000E+00       0.00000000E+00       0.00000000E+00       0.00000000E+00       0.00000000E+00       0.00000000E+00       0.00000000E+00       0.00000000E+00       0.00000000E+00       0.00000000E+00       0.00000000E+00       0.00000000E+00       0.00000000E+00       0.00000000E+00       0.00000000E+00       0.00000000E+00       0.00000000E+00       0.00000000E+00       0.00000000E+00       0.00000000E+00       0.00000000E+00       0.00000000E+00       0.00000000E+00
     -0.29002483E+02       0.00000000E+00       0.00000000E+00       0.00000000E+00       0.00000000E+00       0.00000000E+00       0.00000000E+00       0.00000000E+00       0.00000000E+00       0.00000000E+00       0.00000000E+00       0.00000000E+00       0.00000000E+00       0.00000000E+00       0.00000000E+00       0.00000000E+00       0.00000000E+00       0.00000000E+00       0.00000000E+00       0.00000000E+00       0.00000000E+00       0.00000000E+00       0.00000000E+00       0.00000000E+00       0.00000000E+00       0.00000000E+00       0.00000000E+00       0.00000000E+00
     -0.28899410E+02       0.00000000E+00       0.00000000E+00       0.00000000E+00       0.00000000E+00       0.00000000E+00       0.00000000E+00       0.00000000E+00       0.00000000E+00       0.00000000E+00       0.00000000E+00       0.00000000E+00       0.00000000E+00       0.00000000E+00       0.00000000E+00       0.00000000E+00       0.00000000E+00       0.00000000E+00       0.00000000E+00       0.00000000E+00       0.00000000E+00       0.00000000E+00       0.00000000E+00       0.00000000E+00       0.00000000E+00       0.00000000E+00       0.00000000E+00       0.00000000E+00
     -0.28796336E+02       0.00000000E+00       0.00000000E+00       0.00000000E+00       0.00000000E+00       0.00000000E+00       0.00000000E+00       0.00000000E+00       0.00000000E+00       0.00000000E+00       0.00000000E+00       0.00000000E+00       0.00000000E+00       0.00000000E+00       0.00000000E+00       0.00000000E+00       0.00000000E+00       0.00000000E+00       0.00000000E+00       0.00000000E+00       0.00000000E+00       0.00000000E+00       0.00000000E+00       0.00000000E+00       0.00000000E+00       0.00000000E+00       0.00000000E+00       0.00000000E+00
     -0.28693263E+02       0.00000000E+00       0.00000000E+00       0.00000000E+00       0.00000000E+00       0.00000000E+00       0.00000000E+00       0.00000000E+00       0.00000000E+00       0.00000000E+00       0.00000000E+00       0.00000000E+00       0.00000000E+00       0.00000000E+00       0.00000000E+00       0.00000000E+00       0.00000000E+00       0.00000000E+00       0.00000000E+00       0.00000000E+00       0.00000000E+00       0.00000000E+00       0.00000000E+00       0.00000000E+00       0.00000000E+00       0.00000000E+00       0.00000000E+00       0.00000000E+00
     -0.28590189E+02       0.00000000E+00       0.00000000E+00       0.00000000E+00       0.00000000E+00       0.00000000E+00       0.00000000E+00       0.00000000E+00       0.00000000E+00       0.00000000E+00       0.00000000E+00       0.00000000E+00       0.00000000E+00       0.00000000E+00       0.00000000E+00       0.00000000E+00       0.00000000E+00       0.00000000E+00       0.00000000E+00       0.00000000E+00       0.00000000E+00       0.00000000E+00       0.00000000E+00       0.00000000E+00       0.00000000E+00       0.00000000E+00       0.00000000E+00       0.00000000E+00
     -0.28487116E+02       0.00000000E+00       0.00000000E+00       0.00000000E+00       0.00000000E+00       0.00000000E+00       0.00000000E+00       0.00000000E+00       0.00000000E+00       0.00000000E+00       0.00000000E+00       0.00000000E+00       0.00000000E+00       0.00000000E+00       0.00000000E+00       0.00000000E+00       0.00000000E+00       0.00000000E+00       0.00000000E+00       0.00000000E+00       0.00000000E+00       0.00000000E+00       0.00000000E+00       0.00000000E+00       0.00000000E+00       0.00000000E+00       0.00000000E+00       0.00000000E+00
     -0.28384042E+02       0.00000000E+00       0.00000000E+00       0.00000000E+00       0.00000000E+00       0.00000000E+00       0.00000000E+00       0.00000000E+00       0.00000000E+00       0.00000000E+00       0.00000000E+00       0.00000000E+00       0.00000000E+00       0.00000000E+00       0.00000000E+00       0.00000000E+00       0.00000000E+00       0.00000000E+00       0.00000000E+00       0.00000000E+00       0.00000000E+00       0.00000000E+00       0.00000000E+00       0.00000000E+00       0.00000000E+00       0.00000000E+00       0.00000000E+00       0.00000000E+00
     -0.28280969E+02       0.00000000E+00       0.00000000E+00       0.00000000E+00       0.00000000E+00       0.00000000E+00       0.00000000E+00       0.00000000E+00       0.00000000E+00       0.00000000E+00       0.00000000E+00       0.00000000E+00       0.00000000E+00       0.00000000E+00       0.00000000E+00       0.00000000E+00       0.00000000E+00       0.00000000E+00       0.00000000E+00       0.00000000E+00       0.00000000E+00       0.00000000E+00       0.00000000E+00       0.00000000E+00       0.00000000E+00       0.00000000E+00       0.00000000E+00       0.00000000E+00
     -0.28177896E+02       0.00000000E+00       0.00000000E+00       0.00000000E+00       0.00000000E+00       0.00000000E+00       0.00000000E+00       0.00000000E+00       0.00000000E+00       0.00000000E+00       0.00000000E+00       0.00000000E+00       0.00000000E+00       0.00000000E+00       0.00000000E+00       0.00000000E+00       0.00000000E+00       0.00000000E+00       0.00000000E+00       0.00000000E+00       0.00000000E+00       0.00000000E+00       0.00000000E+00       0.00000000E+00       0.00000000E+00       0.00000000E+00       0.00000000E+00       0.00000000E+00
     -0.28074822E+02       0.00000000E+00       0.00000000E+00       0.00000000E+00       0.00000000E+00       0.00000000E+00       0.00000000E+00       0.00000000E+00       0.00000000E+00       0.00000000E+00       0.00000000E+00       0.00000000E+00       0.00000000E+00       0.00000000E+00       0.00000000E+00       0.00000000E+00       0.00000000E+00       0.00000000E+00       0.00000000E+00       0.00000000E+00       0.00000000E+00       0.00000000E+00       0.00000000E+00       0.00000000E+00       0.00000000E+00       0.00000000E+00       0.00000000E+00       0.00000000E+00
     -0.27971749E+02       0.00000000E+00       0.00000000E+00       0.00000000E+00       0.00000000E+00       0.00000000E+00       0.00000000E+00       0.00000000E+00       0.00000000E+00       0.00000000E+00       0.00000000E+00       0.00000000E+00       0.00000000E+00       0.00000000E+00       0.00000000E+00       0.00000000E+00       0.00000000E+00       0.00000000E+00       0.00000000E+00       0.00000000E+00       0.00000000E+00       0.00000000E+00       0.00000000E+00       0.00000000E+00       0.00000000E+00       0.00000000E+00       0.00000000E+00       0.00000000E+00
     -0.27868675E+02       0.00000000E+00       0.00000000E+00       0.00000000E+00       0.00000000E+00       0.00000000E+00       0.00000000E+00       0.00000000E+00       0.00000000E+00       0.00000000E+00       0.00000000E+00       0.00000000E+00       0.00000000E+00       0.00000000E+00       0.00000000E+00       0.00000000E+00       0.00000000E+00       0.00000000E+00       0.00000000E+00       0.00000000E+00       0.00000000E+00       0.00000000E+00       0.00000000E+00       0.00000000E+00       0.00000000E+00       0.00000000E+00       0.00000000E+00       0.00000000E+00
     -0.27765602E+02       0.00000000E+00       0.00000000E+00       0.00000000E+00       0.00000000E+00       0.00000000E+00       0.00000000E+00       0.00000000E+00       0.00000000E+00       0.00000000E+00       0.00000000E+00       0.00000000E+00       0.00000000E+00       0.00000000E+00       0.00000000E+00       0.00000000E+00       0.00000000E+00       0.00000000E+00       0.00000000E+00       0.00000000E+00       0.00000000E+00       0.00000000E+00       0.00000000E+00       0.00000000E+00       0.00000000E+00       0.00000000E+00       0.00000000E+00       0.00000000E+00
     -0.27662528E+02       0.00000000E+00       0.00000000E+00       0.00000000E+00       0.00000000E+00       0.00000000E+00       0.00000000E+00       0.00000000E+00       0.00000000E+00       0.00000000E+00       0.00000000E+00       0.00000000E+00       0.00000000E+00       0.00000000E+00       0.00000000E+00       0.00000000E+00       0.00000000E+00       0.00000000E+00       0.00000000E+00       0.00000000E+00       0.00000000E+00       0.00000000E+00       0.00000000E+00       0.00000000E+00       0.00000000E+00       0.00000000E+00       0.00000000E+00       0.00000000E+00
     -0.27559455E+02       0.00000000E+00       0.00000000E+00       0.00000000E+00       0.00000000E+00       0.00000000E+00       0.00000000E+00       0.00000000E+00       0.00000000E+00       0.00000000E+00       0.00000000E+00       0.00000000E+00       0.00000000E+00       0.00000000E+00       0.00000000E+00       0.00000000E+00       0.00000000E+00       0.00000000E+00       0.00000000E+00       0.00000000E+00       0.00000000E+00       0.00000000E+00       0.00000000E+00       0.00000000E+00       0.00000000E+00       0.00000000E+00       0.00000000E+00       0.00000000E+00
     -0.27456382E+02       0.00000000E+00       0.00000000E+00       0.00000000E+00       0.00000000E+00       0.00000000E+00       0.00000000E+00       0.00000000E+00       0.00000000E+00       0.00000000E+00       0.00000000E+00       0.00000000E+00       0.00000000E+00       0.00000000E+00       0.00000000E+00       0.00000000E+00       0.00000000E+00       0.00000000E+00       0.00000000E+00       0.00000000E+00       0.00000000E+00       0.00000000E+00       0.00000000E+00       0.00000000E+00       0.00000000E+00       0.00000000E+00       0.00000000E+00       0.00000000E+00
     -0.27353308E+02       0.00000000E+00       0.00000000E+00       0.00000000E+00       0.00000000E+00       0.00000000E+00       0.00000000E+00       0.00000000E+00       0.00000000E+00       0.00000000E+00       0.00000000E+00       0.00000000E+00       0.00000000E+00       0.00000000E+00       0.00000000E+00       0.00000000E+00       0.00000000E+00       0.00000000E+00       0.00000000E+00       0.00000000E+00       0.00000000E+00       0.00000000E+00       0.00000000E+00       0.00000000E+00       0.00000000E+00       0.00000000E+00       0.00000000E+00       0.00000000E+00
     -0.27250235E+02       0.00000000E+00       0.00000000E+00       0.00000000E+00       0.00000000E+00       0.00000000E+00       0.00000000E+00       0.00000000E+00       0.00000000E+00       0.00000000E+00       0.00000000E+00       0.00000000E+00       0.00000000E+00       0.00000000E+00       0.00000000E+00       0.00000000E+00       0.00000000E+00       0.00000000E+00       0.00000000E+00       0.00000000E+00       0.00000000E+00       0.00000000E+00       0.00000000E+00       0.00000000E+00       0.00000000E+00       0.00000000E+00       0.00000000E+00       0.00000000E+00
     -0.27147161E+02       0.00000000E+00       0.00000000E+00       0.00000000E+00       0.00000000E+00       0.00000000E+00       0.00000000E+00       0.00000000E+00       0.00000000E+00       0.00000000E+00       0.00000000E+00       0.00000000E+00       0.00000000E+00       0.00000000E+00       0.00000000E+00       0.00000000E+00       0.00000000E+00       0.00000000E+00       0.00000000E+00       0.00000000E+00       0.00000000E+00       0.00000000E+00       0.00000000E+00       0.00000000E+00       0.00000000E+00       0.00000000E+00       0.00000000E+00       0.00000000E+00
     -0.27044088E+02       0.00000000E+00       0.00000000E+00       0.00000000E+00       0.00000000E+00       0.00000000E+00       0.00000000E+00       0.00000000E+00       0.00000000E+00       0.00000000E+00       0.00000000E+00       0.00000000E+00       0.00000000E+00       0.00000000E+00       0.00000000E+00       0.00000000E+00       0.00000000E+00       0.00000000E+00       0.00000000E+00       0.00000000E+00       0.00000000E+00       0.00000000E+00       0.00000000E+00       0.00000000E+00       0.00000000E+00       0.00000000E+00       0.00000000E+00       0.00000000E+00
     -0.26941014E+02       0.00000000E+00       0.00000000E+00       0.00000000E+00       0.00000000E+00       0.00000000E+00       0.00000000E+00       0.00000000E+00       0.00000000E+00       0.00000000E+00       0.00000000E+00       0.00000000E+00       0.00000000E+00       0.00000000E+00       0.00000000E+00       0.00000000E+00       0.00000000E+00       0.00000000E+00       0.00000000E+00       0.00000000E+00       0.00000000E+00       0.00000000E+00       0.00000000E+00       0.00000000E+00       0.00000000E+00       0.00000000E+00       0.00000000E+00       0.00000000E+00
     -0.26837941E+02       0.00000000E+00       0.00000000E+00       0.00000000E+00       0.00000000E+00       0.00000000E+00       0.00000000E+00       0.00000000E+00       0.00000000E+00       0.00000000E+00       0.00000000E+00       0.00000000E+00       0.00000000E+00       0.00000000E+00       0.00000000E+00       0.00000000E+00       0.00000000E+00       0.00000000E+00       0.00000000E+00       0.00000000E+00       0.00000000E+00       0.00000000E+00       0.00000000E+00       0.00000000E+00       0.00000000E+00       0.00000000E+00       0.00000000E+00       0.00000000E+00
     -0.26734868E+02       0.00000000E+00       0.00000000E+00       0.00000000E+00       0.00000000E+00       0.00000000E+00       0.00000000E+00       0.00000000E+00       0.00000000E+00       0.00000000E+00       0.00000000E+00       0.00000000E+00       0.00000000E+00       0.00000000E+00       0.00000000E+00       0.00000000E+00       0.00000000E+00       0.00000000E+00       0.00000000E+00       0.00000000E+00       0.00000000E+00       0.00000000E+00       0.00000000E+00       0.00000000E+00       0.00000000E+00       0.00000000E+00       0.00000000E+00       0.00000000E+00
     -0.26631794E+02       0.00000000E+00       0.00000000E+00       0.00000000E+00       0.00000000E+00       0.00000000E+00       0.00000000E+00       0.00000000E+00       0.00000000E+00       0.00000000E+00       0.00000000E+00       0.00000000E+00       0.00000000E+00       0.00000000E+00       0.00000000E+00       0.00000000E+00       0.00000000E+00       0.00000000E+00       0.00000000E+00       0.00000000E+00       0.00000000E+00       0.00000000E+00       0.00000000E+00       0.00000000E+00       0.00000000E+00       0.00000000E+00       0.00000000E+00       0.00000000E+00
     -0.26528721E+02       0.00000000E+00       0.00000000E+00       0.00000000E+00       0.00000000E+00       0.00000000E+00       0.00000000E+00       0.00000000E+00       0.00000000E+00       0.00000000E+00       0.00000000E+00       0.00000000E+00       0.00000000E+00       0.00000000E+00       0.00000000E+00       0.00000000E+00       0.00000000E+00       0.00000000E+00       0.00000000E+00       0.00000000E+00       0.00000000E+00       0.00000000E+00       0.00000000E+00       0.00000000E+00       0.00000000E+00       0.00000000E+00       0.00000000E+00       0.00000000E+00
     -0.26425647E+02       0.00000000E+00       0.00000000E+00       0.00000000E+00       0.00000000E+00       0.00000000E+00       0.00000000E+00       0.00000000E+00       0.00000000E+00       0.00000000E+00       0.00000000E+00       0.00000000E+00       0.00000000E+00       0.00000000E+00       0.00000000E+00       0.00000000E+00       0.00000000E+00       0.00000000E+00       0.00000000E+00       0.00000000E+00       0.00000000E+00       0.00000000E+00       0.00000000E+00       0.00000000E+00       0.00000000E+00       0.00000000E+00       0.00000000E+00       0.00000000E+00
     -0.26322574E+02       0.00000000E+00       0.00000000E+00       0.00000000E+00       0.00000000E+00       0.00000000E+00       0.00000000E+00       0.00000000E+00       0.00000000E+00       0.00000000E+00       0.00000000E+00       0.00000000E+00       0.00000000E+00       0.00000000E+00       0.00000000E+00       0.00000000E+00       0.00000000E+00       0.00000000E+00       0.00000000E+00       0.00000000E+00       0.00000000E+00       0.00000000E+00       0.00000000E+00       0.00000000E+00       0.00000000E+00       0.00000000E+00       0.00000000E+00       0.00000000E+00
     -0.26219500E+02       0.00000000E+00       0.00000000E+00       0.00000000E+00       0.00000000E+00       0.00000000E+00       0.00000000E+00       0.00000000E+00       0.00000000E+00       0.00000000E+00       0.00000000E+00       0.00000000E+00       0.00000000E+00       0.00000000E+00       0.00000000E+00       0.00000000E+00       0.00000000E+00       0.00000000E+00       0.00000000E+00       0.00000000E+00       0.00000000E+00       0.00000000E+00       0.00000000E+00       0.00000000E+00       0.00000000E+00       0.00000000E+00       0.00000000E+00       0.00000000E+00
     -0.26116427E+02       0.00000000E+00       0.00000000E+00       0.00000000E+00       0.00000000E+00       0.00000000E+00       0.00000000E+00       0.00000000E+00       0.00000000E+00       0.00000000E+00       0.00000000E+00       0.00000000E+00       0.00000000E+00       0.00000000E+00       0.00000000E+00       0.00000000E+00       0.00000000E+00       0.00000000E+00       0.00000000E+00       0.00000000E+00       0.00000000E+00       0.00000000E+00       0.00000000E+00       0.00000000E+00       0.00000000E+00       0.00000000E+00       0.00000000E+00       0.00000000E+00
     -0.26013353E+02       0.00000000E+00       0.00000000E+00       0.00000000E+00       0.00000000E+00       0.00000000E+00       0.00000000E+00       0.00000000E+00       0.00000000E+00       0.00000000E+00       0.00000000E+00       0.00000000E+00       0.00000000E+00       0.00000000E+00       0.00000000E+00       0.00000000E+00       0.00000000E+00       0.00000000E+00       0.00000000E+00       0.00000000E+00       0.00000000E+00       0.00000000E+00       0.00000000E+00       0.00000000E+00       0.00000000E+00       0.00000000E+00       0.00000000E+00       0.00000000E+00
     -0.25910280E+02       0.00000000E+00       0.00000000E+00       0.00000000E+00       0.00000000E+00       0.00000000E+00       0.00000000E+00       0.00000000E+00       0.00000000E+00       0.00000000E+00       0.00000000E+00       0.00000000E+00       0.00000000E+00       0.00000000E+00       0.00000000E+00       0.00000000E+00       0.00000000E+00       0.00000000E+00       0.00000000E+00       0.00000000E+00       0.00000000E+00       0.00000000E+00       0.00000000E+00       0.00000000E+00       0.00000000E+00       0.00000000E+00       0.00000000E+00       0.00000000E+00
     -0.25807207E+02       0.00000000E+00       0.00000000E+00       0.00000000E+00       0.00000000E+00       0.00000000E+00       0.00000000E+00       0.00000000E+00       0.00000000E+00       0.00000000E+00       0.00000000E+00       0.00000000E+00       0.00000000E+00       0.00000000E+00       0.00000000E+00       0.00000000E+00       0.00000000E+00       0.00000000E+00       0.00000000E+00       0.00000000E+00       0.00000000E+00       0.00000000E+00       0.00000000E+00       0.00000000E+00       0.00000000E+00       0.00000000E+00       0.00000000E+00       0.00000000E+00
     -0.25704133E+02       0.00000000E+00       0.00000000E+00       0.00000000E+00       0.00000000E+00       0.00000000E+00       0.00000000E+00       0.00000000E+00       0.00000000E+00       0.00000000E+00       0.00000000E+00       0.00000000E+00       0.00000000E+00       0.00000000E+00       0.00000000E+00       0.00000000E+00       0.00000000E+00       0.00000000E+00       0.00000000E+00       0.00000000E+00       0.00000000E+00       0.00000000E+00       0.00000000E+00       0.00000000E+00       0.00000000E+00       0.00000000E+00       0.00000000E+00       0.00000000E+00
     -0.25601060E+02       0.00000000E+00       0.00000000E+00       0.00000000E+00       0.00000000E+00       0.00000000E+00       0.00000000E+00       0.00000000E+00       0.00000000E+00       0.00000000E+00       0.00000000E+00       0.00000000E+00       0.00000000E+00       0.00000000E+00       0.00000000E+00       0.00000000E+00       0.00000000E+00       0.00000000E+00       0.00000000E+00       0.00000000E+00       0.00000000E+00       0.00000000E+00       0.00000000E+00       0.00000000E+00       0.00000000E+00       0.00000000E+00       0.00000000E+00       0.00000000E+00
     -0.25497986E+02       0.00000000E+00       0.00000000E+00       0.00000000E+00       0.00000000E+00       0.00000000E+00       0.00000000E+00       0.00000000E+00       0.00000000E+00       0.00000000E+00       0.00000000E+00       0.00000000E+00       0.00000000E+00       0.00000000E+00       0.00000000E+00       0.00000000E+00       0.00000000E+00       0.00000000E+00       0.00000000E+00       0.00000000E+00       0.00000000E+00       0.00000000E+00       0.00000000E+00       0.00000000E+00       0.00000000E+00       0.00000000E+00       0.00000000E+00       0.00000000E+00
     -0.25394913E+02       0.00000000E+00       0.00000000E+00       0.00000000E+00       0.00000000E+00       0.00000000E+00       0.00000000E+00       0.00000000E+00       0.00000000E+00       0.00000000E+00       0.00000000E+00       0.00000000E+00       0.00000000E+00       0.00000000E+00       0.00000000E+00       0.00000000E+00       0.00000000E+00       0.00000000E+00       0.00000000E+00       0.00000000E+00       0.00000000E+00       0.00000000E+00       0.00000000E+00       0.00000000E+00       0.00000000E+00       0.00000000E+00       0.00000000E+00       0.00000000E+00
     -0.25291839E+02       0.00000000E+00       0.00000000E+00       0.00000000E+00       0.00000000E+00       0.00000000E+00       0.00000000E+00       0.00000000E+00       0.00000000E+00       0.00000000E+00       0.00000000E+00       0.00000000E+00       0.00000000E+00       0.00000000E+00       0.00000000E+00       0.00000000E+00       0.00000000E+00       0.00000000E+00       0.00000000E+00       0.00000000E+00       0.00000000E+00       0.00000000E+00       0.00000000E+00       0.00000000E+00       0.00000000E+00       0.00000000E+00       0.00000000E+00       0.00000000E+00
     -0.25188766E+02       0.00000000E+00       0.00000000E+00       0.00000000E+00       0.00000000E+00       0.00000000E+00       0.00000000E+00       0.00000000E+00       0.00000000E+00       0.00000000E+00       0.00000000E+00       0.00000000E+00       0.00000000E+00       0.00000000E+00       0.00000000E+00       0.00000000E+00       0.00000000E+00       0.00000000E+00       0.00000000E+00       0.00000000E+00       0.00000000E+00       0.00000000E+00       0.00000000E+00       0.00000000E+00       0.00000000E+00       0.00000000E+00       0.00000000E+00       0.00000000E+00
     -0.25085693E+02       0.00000000E+00       0.00000000E+00       0.00000000E+00       0.00000000E+00       0.00000000E+00       0.00000000E+00       0.00000000E+00       0.00000000E+00       0.00000000E+00       0.00000000E+00       0.00000000E+00       0.00000000E+00       0.00000000E+00       0.00000000E+00       0.00000000E+00       0.00000000E+00       0.00000000E+00       0.00000000E+00       0.00000000E+00       0.00000000E+00       0.00000000E+00       0.00000000E+00       0.00000000E+00       0.00000000E+00       0.00000000E+00       0.00000000E+00       0.00000000E+00
     -0.24982619E+02       0.00000000E+00       0.00000000E+00       0.00000000E+00       0.00000000E+00       0.00000000E+00       0.00000000E+00       0.00000000E+00       0.00000000E+00       0.00000000E+00       0.00000000E+00       0.00000000E+00       0.00000000E+00       0.00000000E+00       0.00000000E+00       0.00000000E+00       0.00000000E+00       0.00000000E+00       0.00000000E+00       0.00000000E+00       0.00000000E+00       0.00000000E+00       0.00000000E+00       0.00000000E+00       0.00000000E+00       0.00000000E+00       0.00000000E+00       0.00000000E+00
     -0.24879546E+02       0.00000000E+00       0.00000000E+00       0.00000000E+00       0.00000000E+00       0.00000000E+00       0.00000000E+00       0.00000000E+00       0.00000000E+00       0.00000000E+00       0.00000000E+00       0.00000000E+00       0.00000000E+00       0.00000000E+00       0.00000000E+00       0.00000000E+00       0.00000000E+00       0.00000000E+00       0.00000000E+00       0.00000000E+00       0.00000000E+00       0.00000000E+00       0.00000000E+00       0.00000000E+00       0.00000000E+00       0.00000000E+00       0.00000000E+00       0.00000000E+00
     -0.24776472E+02       0.00000000E+00       0.00000000E+00       0.00000000E+00       0.00000000E+00       0.00000000E+00       0.00000000E+00       0.00000000E+00       0.00000000E+00       0.00000000E+00       0.00000000E+00       0.00000000E+00       0.00000000E+00       0.00000000E+00       0.00000000E+00       0.00000000E+00       0.00000000E+00       0.00000000E+00       0.00000000E+00       0.00000000E+00       0.00000000E+00       0.00000000E+00       0.00000000E+00       0.00000000E+00       0.00000000E+00       0.00000000E+00       0.00000000E+00       0.00000000E+00
     -0.24673399E+02       0.00000000E+00       0.00000000E+00       0.00000000E+00       0.00000000E+00       0.00000000E+00       0.00000000E+00       0.00000000E+00       0.00000000E+00       0.00000000E+00       0.00000000E+00       0.00000000E+00       0.00000000E+00       0.00000000E+00       0.00000000E+00       0.00000000E+00       0.00000000E+00       0.00000000E+00       0.00000000E+00       0.00000000E+00       0.00000000E+00       0.00000000E+00       0.00000000E+00       0.00000000E+00       0.00000000E+00       0.00000000E+00       0.00000000E+00       0.00000000E+00
     -0.24570325E+02       0.00000000E+00       0.00000000E+00       0.00000000E+00       0.00000000E+00       0.00000000E+00       0.00000000E+00       0.00000000E+00       0.00000000E+00       0.00000000E+00       0.00000000E+00       0.00000000E+00       0.00000000E+00       0.00000000E+00       0.00000000E+00       0.00000000E+00       0.00000000E+00       0.00000000E+00       0.00000000E+00       0.00000000E+00       0.00000000E+00       0.00000000E+00       0.00000000E+00       0.00000000E+00       0.00000000E+00       0.00000000E+00       0.00000000E+00       0.00000000E+00
     -0.24467252E+02       0.13305546E-13       0.29618952E-14       0.00000000E+00       0.13320347E-17       0.14655212E-14       0.96341564E-17       0.41232118E-17       0.53485938E-16       0.82126726E-16       0.47486695E-17       0.12239999E-17       0.35743419E-15       0.84519549E-16       0.30764898E-17       0.22592790E-18       0.53383101E-16       0.20564831E-16       0.10387325E-17       0.83827632E-19       0.17069871E-15       0.48755310E-16       0.14606647E-17       0.11195991E-18       0.17063944E-15       0.48748873E-16       0.14604659E-17       0.11194045E-18
     -0.24364179E+02       0.11969771E-12       0.28307335E-13       0.00000000E+00       0.16978069E-16       0.12667151E-13       0.90164234E-16       0.30262136E-16       0.75495958E-15       0.52652902E-15       0.34262173E-16       0.13408949E-16       0.25714908E-14       0.54972594E-15       0.22037943E-16       0.15879315E-17       0.67636379E-15       0.14106316E-15       0.10334197E-16       0.61454535E-18       0.19844972E-14       0.36702029E-15       0.12611855E-16       0.99510129E-18       0.19840035E-14       0.36697244E-15       0.12610357E-16       0.99496938E-18
     -0.24261105E+02       0.20956648E-07       0.84589785E-08       0.00000000E+00       0.61466342E-10       0.39992713E-11       0.16810061E-11       0.26577514E-11       0.48464160E-09       0.65578299E-11       0.27000035E-11       0.63872122E-11       0.54633626E-09       0.45078093E-10       0.18684691E-11       0.14876322E-12       0.26534977E-09       0.18461335E-10       0.87717140E-12       0.66250569E-13       0.77992654E-09       0.54504108E-10       0.19631076E-11       0.16859027E-12       0.77987486E-09       0.54501263E-10       0.19630243E-11       0.16858496E-12
     -0.24158032E+02       0.14542477E-06       0.58518074E-07       0.00000000E+00       0.38544648E-09       0.43901975E-10       0.23527562E-10       0.18702599E-10       0.33824315E-08       0.47435032E-10       0.19151769E-10       0.44578056E-10       0.37637762E-08       0.31895584E-09       0.12891390E-10       0.10369368E-11       0.18199412E-08       0.13098464E-09       0.60762745E-11       0.46531456E-12       0.54434665E-08       0.38530670E-09       0.13770074E-10       0.11859238E-11       0.54431045E-08       0.38528655E-09       0.13769482E-10       0.11858892E-11
     -0.24054958E+02       0.71215496E-06       0.28572149E-06       0.00000000E+00       0.16899385E-08       0.29444953E-09       0.16969518E-09       0.91917365E-10       0.16661698E-07       0.23960331E-09       0.95638493E-10       0.21964653E-09       0.18364434E-07       0.15860291E-08       0.63257373E-10       0.51193641E-11       0.87918080E-08       0.65392168E-09       0.29803559E-10       0.22968473E-11       0.26781233E-07       0.19226990E-08       0.68095896E-10       0.58840989E-11       0.26779410E-07       0.19225978E-08       0.68092884E-10       0.58839314E-11
     -0.23951885E+02       0.28612938E-05       0.11455771E-05       0.00000000E+00       0.62531085E-08       0.13967655E-08       0.82729993E-09       0.37094293E-09       0.67223486E-07       0.98016067E-09       0.38916649E-09       0.88637267E-09       0.73677511E-07       0.64311004E-08       0.25503707E-09       0.20679423E-10       0.34938280E-07       0.26593530E-08       0.11992229E-09       0.92655858E-11       0.10793755E-06       0.78267438E-08       0.27540035E-09       0.23852854E-10       0.10793024E-06       0.78263322E-08       0.27538817E-09       0.23852197E-10
     -0.23848811E+02       0.10204614E-04       0.40805009E-05       0.00000000E+00       0.21362465E-07       0.53045523E-08       0.32554026E-08       0.13306742E-08       0.24024717E-06       0.35446090E-08       0.13992635E-08       0.31686970E-08       0.26239790E-06       0.23041446E-07       0.91076273E-09       0.73956665E-10       0.12364632E-06       0.95298272E-08       0.42827417E-09       0.33027883E-10       0.38585405E-06       0.28113567E-07       0.98625289E-09       0.85510741E-10       0.38582789E-06       0.28112086E-07       0.98620916E-09       0.85508411E-10
     -0.23745738E+02       0.33634183E-04       0.13440176E-04       0.00000000E+00       0.68507092E-07       0.18206713E-07       0.11283973E-07       0.43950664E-08       0.79283383E-06       0.11760838E-07       0.46314270E-08       0.10457944E-07       0.86425047E-06       0.76163730E-07       0.30039874E-08       0.24415152E-09       0.40604837E-06       0.31518874E-07       0.14123305E-08       0.10895164E-09       0.12731834E-05       0.93032906E-07       0.32576965E-08       0.28263871E-09       0.12730970E-05       0.93028006E-07       0.32575517E-08       0.28263106E-09
     -0.23642665E+02       0.10449949E-03       0.41728654E-04       0.00000000E+00       0.20674289E-06       0.58881598E-07       0.36842574E-07       0.13684619E-07       0.24664508E-05       0.36791555E-07       0.14452405E-07       0.32537279E-07       0.26832409E-05       0.23733671E-06       0.93403001E-08       0.75983168E-09       0.12567091E-05       0.98273638E-07       0.43904482E-08       0.33878220E-09       0.39603031E-05       0.29024271E-06       0.10144164E-07       0.88070827E-09       0.39600344E-05       0.29022741E-06       0.10143712E-07       0.88068465E-09
     -0.23539591E+02       0.30616899E-03       0.12216976E-03       0.00000000E+00       0.58722600E-06       0.17948949E-06       0.11338372E-06       0.40187041E-07       0.72359779E-05       0.10856421E-06       0.42535793E-07       0.95467357E-07       0.78557259E-05       0.69746976E-06       0.27388554E-07       0.22300764E-08       0.36669071E-05       0.28896397E-06       0.12871196E-07       0.99332098E-09       0.11617277E-04       0.85401989E-06       0.29790418E-07       0.25881935E-08       0.11616488E-04       0.85397487E-06       0.29789090E-07       0.25881247E-08
     -0.23436518E+02       0.84604829E-03       0.33733924E-03       0.00000000E+00       0.15700770E-05       0.51570202E-06       0.32889736E-06       0.11132740E-06       0.20022923E-04       0.30221775E-06       0.11809342E-06       0.26420344E-06       0.21691692E-04       0.19332888E-05       0.75752223E-07       0.61735762E-08       0.10088970E-04       0.80141011E-06       0.35590996E-07       0.27466748E-08       0.32143348E-04       0.23704093E-05       0.82520560E-07       0.71745517E-08       0.32141165E-04       0.23702843E-05       0.82516875E-07       0.71743626E-08
     -0.23333444E+02       0.22053676E-02       0.87863749E-03       0.00000000E+00       0.39521951E-05       0.13965068E-05       0.89922794E-06       0.29097037E-06       0.52266768E-04       0.79378787E-06       0.30932290E-06       0.68975452E-06       0.56499778E-04       0.50551886E-05       0.19765299E-06       0.16122419E-07       0.26178357E-04       0.20966485E-05       0.92840588E-07       0.71636068E-08       0.83898202E-04       0.62070439E-05       0.21564267E-06       0.18762309E-07       0.83892502E-04       0.62067165E-05       0.21563302E-06       0.18761819E-07
     -0.23230371E+02       0.54234337E-02       0.21589825E-02       0.00000000E+00       0.93673658E-05       0.35641095E-05       0.23172038E-05       0.71760262E-06       0.12871955E-03       0.19673690E-05       0.76447211E-06       0.16989319E-05       0.13883619E-03       0.12470844E-04       0.48657183E-06       0.39723886E-07       0.64068616E-04       0.51748936E-05       0.22849030E-06       0.17624312E-07       0.20660615E-03       0.15335553E-04       0.53167467E-06       0.46293643E-07       0.20659211E-03       0.15334744E-04       0.53165085E-06       0.46292444E-07
     -0.23127297E+02       0.12584049E-01       0.50053167E-02       0.00000000E+00       0.20908207E-04       0.85723075E-05       0.56276068E-05       0.16701458E-05       0.29910666E-03       0.46014848E-05       0.17828345E-05       0.39484328E-05       0.32188988E-03       0.29027524E-04       0.11302353E-05       0.92351132E-07       0.14791270E-03       0.12050824E-04       0.53060907E-06       0.40906047E-07       0.48007199E-03       0.35752211E-04       0.12369063E-05       0.10778018E-06       0.48003937E-03       0.35750324E-04       0.12368508E-05       0.10777741E-06
     -0.23024224E+02       0.27551992E-01       0.10949453E-01       0.00000000E+00       0.43953450E-04       0.19429167E-04       0.12880222E-04       0.36685472E-05       0.65584446E-03       0.10156931E-04       0.39236005E-05       0.86590719E-05       0.70419884E-03       0.63753797E-04       0.24774225E-05       0.20259603E-06       0.32215332E-03       0.26478581E-04       0.11627647E-05       0.89574834E-07       0.10526256E-02       0.78653651E-04       0.27154149E-05       0.23679145E-06       0.10525541E-02       0.78649498E-04       0.27152930E-05       0.23678542E-06
     -0.22921151E+02       0.56923830E-01       0.22602436E-01       0.00000000E+00       0.87036297E-04       0.41494247E-04       0.27780066E-04       0.76054421E-05       0.13570230E-02       0.21158653E-04       0.81488235E-05       0.17919837E-04       0.14537490E-02       0.13212909E-03       0.51245907E-05       0.41940628E-06       0.66198171E-03       0.54896769E-04       0.24045859E-05       0.18506519E-06       0.21780388E-02       0.16328966E-03       0.56254976E-05       0.49092762E-06       0.21778909E-02       0.16328103E-03       0.56252449E-05       0.49091523E-06
     -0.22818077E+02       0.11098220E+00       0.44028251E-01       0.00000000E+00       0.16236436E-03       0.83495531E-04       0.56457191E-04       0.14881725E-04       0.26496664E-02       0.41597801E-04       0.15971321E-04       0.34996029E-04       0.28320449E-02       0.25839821E-03       0.10003504E-04       0.81933005E-06       0.12834345E-02       0.10739217E-03       0.46927607E-05       0.36075249E-06       0.42529334E-02       0.31990505E-03       0.10998039E-04       0.96049596E-06       0.42526447E-02       0.31988815E-03       0.10997545E-04       0.96047193E-06
     -0.22715004E+02       0.20418695E+00       0.80931956E-01       0.00000000E+00       0.28537260E-03       0.15828579E-03       0.10810431E-03       0.27483682E-04       0.48820992E-02       0.77177853E-04       0.29539933E-04       0.64493957E-04       0.52062566E-02       0.47683658E-03       0.18427753E-04       0.15104111E-05       0.23477539E-02       0.19822585E-03       0.86427517E-05       0.66348977E-06       0.78367779E-02       0.59141553E-03       0.20290417E-04       0.17733325E-05       0.78362463E-02       0.59138429E-03       0.20289505E-04       0.17732885E-05
     -0.22611930E+02       0.35448942E+00       0.14038092E+00       0.00000000E+00       0.47261762E-03       0.28267241E-03       0.19501251E-03       0.47903870E-04       0.84881922E-02       0.13512197E-03       0.51555610E-04       0.11215441E-03       0.90313311E-02       0.83026651E-03       0.32033254E-04       0.26273881E-05       0.40520814E-02       0.34521271E-03       0.15020856E-04       0.11512849E-05       0.13626833E-01       0.10316880E-02       0.35323828E-04       0.30894368E-05       0.13625910E-01       0.10316335E-02       0.35322239E-04       0.30893608E-05
     -0.22508857E+02       0.58070140E+00       0.22975820E+00       0.00000000E+00       0.73760588E-03       0.47549428E-03       0.33138467E-03       0.78796870E-04       0.13924752E-01       0.22321833E-03       0.84899251E-04       0.18402672E-03       0.14782679E-01       0.13639590E-02       0.52542147E-04       0.43123621E-05       0.65983462E-02       0.56717709E-03       0.24633613E-04       0.18846389E-05       0.22357934E-01       0.16980557E-02       0.58024839E-04       0.50784330E-05       0.22356420E-01       0.16979659E-02       0.58022230E-04       0.50783089E-05
     -0.22405783E+02       0.89751072E+00       0.35479165E+00       0.00000000E+00       0.10849060E-02       0.75332722E-03       0.53040159E-03       0.12230579E-03       0.21551790E-01       0.34789938E-03       0.13190062E-03       0.28488672E-03       0.22829340E-01       0.21138732E-02       0.81311435E-04       0.66776992E-05       0.10136723E-01       0.87904902E-03       0.38116518E-04       0.29102726E-05       0.34610494E-01       0.26366783E-02       0.89926417E-04       0.78758561E-05       0.34608152E-01       0.26365389E-02       0.89922374E-04       0.78756651E-05
     -0.22302710E+02       0.13086294E+01       0.51685638E+00       0.00000000E+00       0.15039901E-02       0.11239668E-02       0.79952003E-03       0.17911465E-03       0.31466851E-01       0.51149052E-03       0.19330774E-03       0.41604504E-03       0.33260304E-01       0.30902911E-02       0.11870852E-03       0.97545785E-05       0.14690283E-01       0.12850460E-02       0.55641778E-04       0.42389093E-05       0.50544466E-01       0.38619712E-02       0.13147285E-03       0.11522073E-04       0.50541049E-01       0.38617669E-02       0.13146694E-03       0.11521795E-04
     -0.22199636E+02       0.17998169E+01       0.71024201E+00       0.00000000E+00       0.19652142E-02       0.15790976E-02       0.11348902E-02       0.24745631E-03       0.43335067E-01       0.70927399E-03       0.26720689E-03       0.57309561E-03       0.45708486E-01       0.42609249E-02       0.16347060E-03       0.13440065E-04       0.20081152E-01       0.17716452E-02       0.76618520E-04       0.58228643E-05       0.69625908E-01       0.53351285E-02       0.18130107E-03       0.15898911E-04       0.69621206E-01       0.53348463E-02       0.18129293E-03       0.15898531E-04
     -0.22096563E+02       0.23345953E+01       0.92049432E+00       0.00000000E+00       0.24205208E-02       0.20888332E-02       0.15167878E-02       0.32246207E-03       0.56282974E-01       0.92748934E-03       0.34831494E-03       0.74450410E-03       0.59243799E-01       0.55402206E-02       0.21230438E-03       0.17463840E-04       0.25889341E-01       0.23031522E-02       0.99505347E-04       0.75426152E-05       0.90455302E-01       0.69501750E-02       0.23578340E-03       0.20689048E-04       0.90449200E-01       0.69498072E-02       0.23577282E-03       0.20688555E-04
     -0.21993490E+02       0.28555997E+01       0.11249835E+01       0.00000000E+00       0.28103373E-02       0.26013053E-02       0.19084810E-02       0.39627301E-03       0.68927953E-01       0.11435185E-02       0.42810217E-03       0.91198842E-03       0.72409566E-01       0.67920092E-02       0.25999685E-03       0.21396973E-04       0.31475219E-01       0.28228429E-02       0.12186187E-03       0.92118166E-05       0.11081321E+00       0.85366527E-02       0.28913595E-03       0.25384989E-04       0.11080575E+00       0.85362008E-02       0.28912297E-03       0.25384388E-04
     -0.21890416E+02       0.32931499E+01       0.12963087E+01       0.00000000E+00       0.30758864E-02       0.30494749E-02       0.22604139E-02       0.45916031E-03       0.79582841E-01       0.13290275E-02       0.49601475E-03       0.10532180E-02       0.83441604E-01       0.78495144E-02       0.30018638E-03       0.24715167E-04       0.36080111E-01       0.32613368E-02       0.14070910E-03       0.10605662E-04       0.12798742E+00       0.98842289E-02       0.33426435E-03       0.29362955E-04       0.12797881E+00       0.98837055E-02       0.33424936E-03       0.29362263E-04
     -0.21787343E+02       0.35799463E+01       0.14080925E+01       0.00000000E+00       0.31735885E-02       0.33647955E-02       0.25198243E-02       0.50153701E-03       0.86610579E-01       0.14557815E-02       0.54166651E-03       0.11465031E-02       0.90641291E-01       0.85503326E-02       0.32669953E-03       0.26908821E-04       0.38989706E-01       0.35511874E-02       0.15315462E-03       0.11508733E-04       0.13934189E+00       0.10786513E-01       0.36424800E-03       0.32013183E-04       0.13933252E+00       0.10785941E-01       0.36423167E-03       0.32012432E-04
     -0.21684269E+02       0.36678571E+01       0.14415680E+01       0.00000000E+00       0.30867432E-02       0.34941878E-02       0.26435046E-02       0.51632502E-03       0.88832025E-01       0.15026020E-02       0.55741262E-03       0.11761954E-02       0.92799793E-01       0.87768674E-02       0.33508855E-03       0.27609920E-04       0.39713984E-01       0.36437043E-02       0.15711228E-03       0.11769024E-04       0.14297269E+00       0.11092279E-01       0.37406025E-03       0.32891421E-04       0.14296308E+00       0.11091691E-01       0.37404350E-03       0.32890652E-04
     -0.21581196E+02       0.35410983E+01       0.13907193E+01       0.00000000E+00       0.28301934E-02       0.34146209E-02       0.26095370E-02       0.50088369E-03       0.85848746E-01       0.14611435E-02       0.54043906E-03       0.11369707E-02       0.89529259E-01       0.84885258E-02       0.32384887E-03       0.26692766E-04       0.38121909E-01       0.35222990E-02       0.15187267E-03       0.11339697E-04       0.13822887E+00       0.10746820E-01       0.36194329E-03       0.31840420E-04       0.13821959E+00       0.10746251E-01       0.36192709E-03       0.31839678E-04
     -0.21478122E+02       0.32208615E+01       0.12640472E+01       0.00000000E+00       0.24461868E-02       0.31398087E-02       0.24236390E-02       0.45778006E-03       0.78159670E-01       0.13383387E-02       0.49358718E-03       0.10353877E-02       0.81376688E-01       0.77335963E-02       0.29485973E-03       0.24310786E-04       0.34480114E-01       0.32073410E-02       0.13831073E-03       0.10292842E-04       0.12590306E+00       0.98079269E-02       0.32992226E-03       0.29035910E-04       0.12589462E+00       0.98074067E-02       0.32990751E-03       0.29035235E-04
     -0.21375049E+02       0.27595310E+01       0.10822492E+01       0.00000000E+00       0.19930249E-02       0.27163515E-02       0.21175995E-02       0.39409327E-03       0.67024746E-01       0.11545567E-02       0.42458787E-03       0.88809664E-03       0.69674768E-01       0.66360501E-02       0.25287135E-03       0.20854646E-04       0.29379957E-01       0.27505743E-02       0.11864714E-03       0.87997011E-05       0.10801536E+00       0.84301026E-02       0.28325258E-03       0.24938625E-04       0.10800811E+00       0.84296553E-02       0.28323993E-03       0.24938047E-04
     -0.21271976E+02       0.22266672E+01       0.87268574E+00       0.00000000E+00       0.15307021E-02       0.22108243E-02       0.17404030E-02       0.31951393E-03       0.54126778E-01       0.93822051E-03       0.34400471E-03       0.71737078E-03       0.56186050E-01       0.53622370E-02       0.20423153E-03       0.16847456E-04       0.23580382E-01       0.22211984E-02       0.95852873E-04       0.70848224E-05       0.87271805E-01       0.68229392E-02       0.22900788E-03       0.20170425E-04       0.87265957E-01       0.68225770E-02       0.22899765E-03       0.20169958E-04
     -0.21168902E+02       0.16919395E+01       0.66267891E+00       0.00000000E+00       0.11084072E-02       0.16927462E-02       0.13454708E-02       0.24394612E-03       0.41156352E-01       0.71903254E-03       0.26268138E-03       0.54561387E-03       0.42672425E-01       0.40798438E-02       0.15532362E-03       0.12815949E-04       0.17824171E-01       0.16887725E-02       0.72917017E-04       0.53710736E-05       0.66398347E-01       0.51991219E-02       0.17433185E-03       0.15360462E-04       0.66393897E-01       0.51988457E-02       0.17432407E-03       0.15360106E-04
     -0.21065829E+02       0.12108028E+01       0.47390726E+00       0.00000000E+00       0.75739111E-03       0.12194530E-02       0.97863542E-03       0.17543853E-03       0.29460240E-01       0.52245214E-03       0.18963295E-03       0.39070543E-03       0.30536788E-01       0.29231126E-02       0.11124738E-03       0.91815624E-05       0.12688712E-01       0.12087436E-02       0.52225805E-04       0.38340252E-05       0.47577286E-01       0.37298265E-02       0.12494901E-03       0.11013907E-04       0.47574092E-01       0.37296281E-02       0.12494343E-03       0.11013652E-04
     -0.20962755E+02       0.81687911E+00       0.31943842E+00       0.00000000E+00       0.49022657E-03       0.82732921E-03       0.67058834E-03       0.11904126E-03       0.19849336E-01       0.36762109E-03       0.13110719E-03       0.26346528E-03       0.20637603E-01       0.19740305E-02       0.75109702E-04       0.62018724E-05       0.85106080E-02       0.81457632E-03       0.35223559E-04       0.25780450E-05       0.32144149E-01       0.25199820E-02       0.84347609E-04       0.74398708E-05       0.32141974E-01       0.25198473E-02       0.84343832E-04       0.74396973E-05
     -0.20859682E+02       0.52195329E+00       0.20373413E+00       0.00000000E+00       0.30521554E-03       0.53080008E-03       0.43531731E-03       0.76762503E-04       0.12587170E-01       0.26995978E-03       0.91137021E-04       0.16752913E-03       0.13300584E-01       0.12618406E-02       0.48012152E-04       0.39697593E-05       0.53901280E-02       0.51736628E-03       0.22394413E-04       0.16364698E-05       0.20583916E-01       0.16065404E-02       0.53734411E-04       0.47476245E-05       0.20582482E-01       0.16064533E-02       0.53731972E-04       0.47475107E-05
     -0.20756608E+02       0.32180519E+00       0.12491329E+00       0.00000000E+00       0.19352555E-03       0.32759420E-03       0.27374664E-03       0.48415119E-04       0.75135261E-02       0.24879171E-03       0.73549863E-04       0.10104852E-03       0.84849408E-02       0.77667911E-03       0.29574373E-04       0.24572452E-05       0.32535639E-02       0.31108546E-03       0.13486462E-04       0.98964789E-06       0.12760187E-01       0.97446692E-03       0.32579761E-04       0.28954888E-05       0.12759204E-01       0.97441138E-03       0.32578204E-04       0.28954125E-05
     -0.20653535E+02       0.20483914E+00       0.78069058E-01       0.00000000E+00       0.14668469E-03       0.20729721E-03       0.18044906E-03       0.32948246E-04       0.42261732E-02       0.33982064E-03       0.85210333E-04       0.59210504E-04       0.60299813E-02       0.48998936E-03       0.18713509E-04       0.15810727E-05       0.19395704E-02       0.18030811E-03       0.78439819E-05       0.59077098E-06       0.82604075E-02       0.58103874E-03       0.19435852E-04       0.17647542E-05       0.82595806E-02       0.58099999E-03       0.19434760E-04       0.17646937E-05
     -0.20550462E+02       0.16069185E+00       0.58532603E-01       0.00000000E+00       0.16279798E-03       0.16029475E-03       0.15115745E-03       0.29871010E-04       0.22504689E-02       0.61172216E-03       0.14017504E-03       0.36652665E-04       0.59112588E-02       0.37482091E-03       0.14417975E-04       0.12684709E-05       0.12795532E-02       0.10752983E-03       0.47239210E-05       0.39041498E-06       0.67476562E-02       0.37965308E-03       0.12733712E-04       0.12328353E-05       0.67466618E-02       0.37961743E-03       0.12732695E-04       0.12327687E-05
     -0.20447388E+02       0.18700032E+00       0.64385252E-01       0.00000000E+00       0.25054802E-03       0.18516792E-03       0.18941099E-03       0.40488509E-04       0.11562615E-02       0.11846988E-02       0.26420652E-03       0.29219480E-04       0.84544878E-02       0.42155149E-03       0.16345877E-04       0.15088627E-05       0.11546080E-02       0.78366705E-04       0.35226734E-05       0.35438648E-06       0.82468596E-02       0.33772174E-03       0.11378286E-04       0.12295158E-05       0.82453101E-02       0.33767545E-03       0.11376947E-04       0.12294198E-05
     -0.20344315E+02       0.29342336E+00       0.97904526E-01       0.00000000E+00       0.43027701E-03       0.29351905E-03       0.31128415E-03       0.68754680E-04       0.61394951E-03       0.22459250E-02       0.49852067E-03       0.34893140E-04       0.14467989E-01       0.64688590E-03       0.25165861E-04       0.23840061E-05       0.15237754E-02       0.84170699E-04       0.38921948E-05       0.47312590E-06       0.13325827E-01       0.44673626E-03       0.15078409E-04       0.17697755E-05       0.13323241E-01       0.44666450E-03       0.15076316E-04       0.17696254E-05
     -0.20241241E+02       0.50234489E+00       0.16579521E+00       0.00000000E+00       0.73130520E-03       0.51148968E-03       0.54727339E-03       0.12153009E-03       0.40297845E-03       0.40527152E-02       0.90075636E-03       0.53960705E-04       0.25251015E-01       0.10950103E-02       0.42596476E-04       0.40716156E-05       0.24253464E-02       0.12237763E-03       0.57575345E-05       0.76291834E-06       0.23139440E-01       0.72452703E-03       0.24413244E-04       0.29614008E-05       0.23135249E-01       0.72441380E-03       0.24409921E-04       0.29611742E-05
     -0.20138168E+02       0.84556152E+00       0.27803535E+00       0.00000000E+00       0.11846683E-02       0.87696608E-03       0.94009531E-03       0.20795097E-03       0.39316533E-03       0.69109885E-02       0.15403888E-02       0.88529132E-04       0.42425998E-01       0.18297284E-02       0.71098380E-04       0.68169177E-05       0.39544827E-02       0.19512720E-03       0.92569884E-05       0.12594868E-05       0.39294580E-01       0.12099830E-02       0.40645766E-04       0.49854570E-05       0.39288202E-01       0.12098130E-02       0.40640747E-04       0.49851424E-05
     -0.20035094E+02       0.13562806E+01       0.44517029E+00       0.00000000E+00       0.18113103E-02       0.14313392E-02       0.15369824E-02       0.33760804E-03       0.51623111E-03       0.11117843E-01       0.24859981E-02       0.14147013E-03       0.67552829E-01       0.29165925E-02       0.11318218E-03       0.10867522E-04       0.62217167E-02       0.30665485E-03       0.14624445E-04       0.20044806E-05       0.63491059E-01       0.19501757E-02       0.65285004E-04       0.80468225E-05       0.63482062E-01       0.19499388E-02       0.65277955E-04       0.80464341E-05
     -0.19932021E+02       0.20565937E+01       0.67414805E+00       0.00000000E+00       0.26077007E-02       0.22055261E-02       0.23758248E-02       0.51745477E-03       0.73816530E-03       0.16866236E-01       0.37837800E-02       0.21489573E-03       0.10153664E+00       0.43958880E-02       0.17036712E-03       0.16374336E-04       0.93009226E-02       0.45996334E-03       0.22034916E-04       0.30262315E-05       0.96931701E-01       0.29804145E-02       0.99420331E-04       0.12295493E-04       0.96920034E-01       0.29801119E-02       0.99411232E-04       0.12295088E-04
     -0.19828948E+02       0.29425051E+01       0.96339925E+00       0.00000000E+00       0.35333005E-02       0.32022129E-02       0.34667023E-02       0.74788866E-03       0.10372188E-02       0.24127526E-01       0.54306583E-02       0.30840572E-03       0.14394026E+00       0.62512945E-02       0.24197871E-03       0.23276411E-04       0.13184683E-01       0.65354692E-03       0.31448287E-04       0.43186465E-05       0.13958666E+00       0.43000740E-02       0.14292867E-03       0.17729896E-04       0.13957290E+00       0.42997250E-02       0.14291801E-03       0.17729588E-04
     -0.19725874E+02       0.39710139E+01       0.12986398E+01       0.00000000E+00       0.45058883E-02       0.43794049E-02       0.47735914E-02       0.10191433E-02       0.13891097E-02       0.32548666E-01       0.73502132E-02       0.41757192E-03       0.19242454E+00       0.83838405E-02       0.32415597E-03       0.31205639E-04       0.17775990E-01       0.87936175E-03       0.42508195E-04       0.58254273E-05       0.18951900E+00       0.58505289E-02       0.19376867E-03       0.24108407E-04       0.18950450E+00       0.58501740E-02       0.19375754E-03       0.24108367E-04
     -0.19622801E+02       0.50553230E+01       0.16513695E+01       0.00000000E+00       0.54098925E-02       0.56427443E-02       0.62038495E-02       0.13096422E-02       0.17598661E-02       0.41414133E-01       0.93828785E-02       0.53328885E-03       0.24259887E+00       0.10603525E-01       0.40954190E-03       0.39457457E-04       0.22950369E-01       0.11234784E-02       0.54566747E-04       0.74388661E-05       0.24256635E+00       0.75042380E-02       0.24765854E-03       0.30906493E-04       0.24255318E+00       0.75039372E-02       0.24764862E-03       0.30906929E-04
     -0.19519727E+02       0.60734161E+01       0.19817500E+01       0.00000000E+00       0.61188884E-02       0.68536208E-02       0.76133645E-02       0.15878563E-02       0.21062080E-02       0.49715881E-01       0.11300608E-01       0.64255037E-03       0.28850342E+00       0.12648665E-01       0.48803848E-03       0.47064865E-04       0.28712460E-01       0.13705046E-02       0.66891173E-04       0.90207857E-05       0.29264994E+00       0.90734329E-02       0.29840576E-03       0.37354324E-04       0.29264059E+00       0.90732554E-02       0.29839903E-03       0.37355436E-04
     -0.19416654E+02       0.68913011E+01       0.22462453E+01       0.00000000E+00       0.65274116E-02       0.78556483E-02       0.88314419E-02       0.18182299E-02       0.23824040E-02       0.56342284E-01       0.12849067E-01       0.73081428E-03       0.32374540E+00       0.14234545E-01       0.54868068E-03       0.52981336E-04       0.35439321E-01       0.16116929E-02       0.79052804E-04       0.10446449E-04       0.33280618E+00       0.10341558E-01       0.33897446E-03       0.42567578E-04       0.33280295E+00       0.10341566E-01       0.33897275E-03       0.42569508E-04
     -0.19313580E+02       0.73961437E+01       0.24084309E+01       0.00000000E+00       0.65819723E-02       0.85145171E-02       0.97019633E-02       0.19700808E-02       0.25509967E-02       0.60347605E-01       0.13809098E-01       0.78548189E-03       0.34303384E+00       0.15120751E-01       0.58221803E-03       0.56332479E-04       0.44150946E-01       0.18548079E-02       0.91408547E-04       0.11661659E-04       0.35674834E+00       0.11111713E-01       0.36308329E-03       0.45747424E-04       0.35675276E+00       0.11111946E-01       0.36308778E-03       0.45750196E-04
     -0.19210507E+02       0.75289578E+01       0.24495827E+01       0.00000000E+00       0.62996402E-02       0.87587842E-02       0.10128917E-01       0.20267500E-02       0.25933705E-02       0.61218624E-01       0.14058599E-01       0.79942137E-03       0.34362902E+00       0.15176170E-01       0.58359942E-03       0.56657554E-04       0.56690160E-01       0.21319376E-02       0.10548978E-03       0.12732769E-04       0.36049266E+00       0.11257699E-01       0.36685130E-03       0.46390021E-04       0.36050499E+00       0.11258157E-01       0.36686215E-03       0.46393522E-04
     -0.19107433E+02       0.73045650E+01       0.23750566E+01       0.00000000E+00       0.57662009E-02       0.86059071E-02       0.10109423E-01       0.19915329E-02       0.25158474E-02       0.59039700E-01       0.13611934E-01       0.77323378E-03       0.32617582E+00       0.14418070E-01       0.55346272E-03       0.54052127E-04       0.75655974E-01       0.25004359E-02       0.12406038E-03       0.13864342E-04       0.34347526E+00       0.10759631E-01       0.34990534E-03       0.44431109E-04       0.34349438E+00       0.10760276E-01       0.34992160E-03       0.44435094E-04
     -0.19004360E+02       0.68098973E+01       0.22135889E+01       0.00000000E+00       0.51133366E-02       0.81613832E-02       0.97393379E-02       0.18876758E-02       0.23484031E-02       0.54485201E-01       0.12619853E-01       0.71529258E-03       0.29457756E+00       0.13009411E-01       0.49803163E-03       0.49152240E-04       0.10395112E+00       0.30329936E-02       0.15064221E-03       0.15364257E-04       0.30873053E+00       0.97103437E-02       0.31551602E-03       0.40268858E-04       0.30875418E+00       0.97111063E-02       0.31553584E-03       0.40273003E-04
     -0.18901287E+02       0.61794891E+01       0.20091940E+01       0.00000000E+00       0.44821842E-02       0.75884781E-02       0.91858285E-02       0.17517999E-02       0.21358784E-02       0.48630683E-01       0.11327133E-01       0.63939204E-03       0.25492136E+00       0.11214021E-01       0.42741141E-03       0.42958631E-04       0.14390470E+00       0.37959344E-02       0.18845762E-03       0.17552170E-04       0.26205157E+00       0.82896370E-02       0.26969065E-03       0.34653158E-04       0.26207698E+00       0.82904344E-02       0.26971177E-03       0.34657128E-04
     -0.18798213E+02       0.55558831E+01       0.18082143E+01       0.00000000E+00       0.39854303E-02       0.70577017E-02       0.86343535E-02       0.16227025E-02       0.19245360E-02       0.42644435E-01       0.10001591E-01       0.56076975E-03       0.21382589E+00       0.93252726E-02       0.35288194E-03       0.36560563E-04       0.19611366E+00       0.48197714E-02       0.23898470E-03       0.20630660E-04       0.21044615E+00       0.67158715E-02       0.21955405E-03       0.28481224E-04       0.21047066E+00       0.67166267E-02       0.21957433E-03       0.28484743E-04
     -0.18695140E+02       0.50486718E+01       0.16460036E+01       0.00000000E+00       0.36800135E-02       0.66936552E-02       0.82285561E-02       0.15294017E-02       0.17487385E-02       0.37466828E-01       0.88592703E-02       0.49189714E-03       0.17678368E+00       0.75931420E-02       0.28413095E-03       0.30855004E-04       0.25835867E+00       0.60712420E-02       0.30057938E-03       0.24560556E-04       0.16044654E+00       0.51924456E-02       0.17159902E-03       0.22573115E-04       0.16046817E+00       0.51931028E-02       0.17161687E-03       0.22576010E-04
     -0.18592066E+02       0.47063453E+01       0.15378465E+01       0.00000000E+00       0.35581222E-02       0.65382918E-02       0.80252784E-02       0.14826887E-02       0.16224293E-02       0.33586395E-01       0.80115077E-02       0.43948000E-03       0.14703064E+00       0.61731465E-02       0.22731119E-03       0.26353029E-04       0.32508426E+00       0.74388915E-02       0.36776238E-03       0.28992097E-04       0.11682365E+00       0.38667708E-02       0.13037866E-03       0.17501619E-04       0.11684134E+00       0.38673017E-02       0.13039323E-03       0.17503835E-04
     -0.18488993E+02       0.45099681E+01       0.14770196E+01       0.00000000E+00       0.35576641E-02       0.65434173E-02       0.79813867E-02       0.14731323E-02       0.15381247E-02       0.30980105E-01       0.74502624E-02       0.40358395E-03       0.12523390E+00       0.51102323E-02       0.18440856E-03       0.23126168E-04       0.38787167E+00       0.87423338E-02       0.43167302E-03       0.33293050E-04       0.82025291E-01       0.28122893E-02       0.97974210E-04       0.13521636E-04       0.82038844E-01       0.28126913E-02       0.97985387E-04       0.13523216E-04
     -0.18385919E+02       0.43892862E+01       0.14401582E+01       0.00000000E+00       0.35872235E-02       0.65940789E-02       0.79765581E-02       0.14760193E-02       0.14731417E-02       0.29220888E-01       0.70730153E-02       0.37895580E-03       0.10996859E+00       0.43567559E-02       0.15388417E-03       0.20890645E-04       0.43702610E+00       0.97678110E-02       0.48181920E-03       0.36682855E-04       0.56343309E-01       0.20340476E-02       0.74241679E-04       0.10601626E-04       0.56353169E-01       0.20343361E-02       0.74249828E-04       0.10602678E-04
     -0.18282846E+02       0.42537215E+01       0.13974431E+01       0.00000000E+00       0.35565525E-02       0.65529844E-02       0.78620626E-02       0.14611181E-02       0.14001105E-02       0.27695891E-01       0.67342287E-02       0.35781966E-03       0.98692659E-01       0.38123385E-02       0.13213289E-03       0.19180538E-04       0.46393253E+00       0.10321815E-01       0.50871630E-03       0.38438682E-04       0.38566941E-01       0.14901953E-02       0.57574715E-04       0.85240684E-05       0.38573856E-01       0.14903944E-02       0.57580453E-04       0.85247196E-05
     -0.18179773E+02       0.40260054E+01       0.13236020E+01       0.00000000E+00       0.34027927E-02       0.63088376E-02       0.75159484E-02       0.14034757E-02       0.12975219E-02       0.25846650E-01       0.63023579E-02       0.33299144E-03       0.88814552E-01       0.33684957E-02       0.11512674E-03       0.17538462E-04       0.46342249E+00       0.10285273E-01       0.50655023E-03       0.38104302E-04       0.26786899E-01       0.11184857E-02       0.45814602E-04       0.70063244E-05       0.26791661E-01       0.11186200E-02       0.45818573E-04       0.70066996E-05
     -0.18076699E+02       0.36665497E+01       0.12058412E+01       0.00000000E+00       0.31049463E-02       0.58112511E-02       0.68838984E-02       0.12913491E-02       0.11565661E-02       0.23346890E-01       0.57021777E-02       0.30020630E-03       0.78498006E-01       0.29430619E-02       0.99694736E-04       0.15658977E-04       0.43527693E+00       0.96483535E-02       0.47488241E-03       0.35625066E-04       0.19071279E-01       0.85844291E-03       0.36992333E-04       0.57992290E-05       0.19074557E-01       0.85853311E-03       0.36995080E-04       0.57994292E-05
     -0.17973626E+02       0.31814954E+01       0.10464162E+01       0.00000000E+00       0.26837239E-02       0.50814794E-02       0.59924647E-02       0.11288012E-02       0.98244160E-03       0.20168886E-01       0.49304703E-02       0.25901030E-03       0.67011505E-01       0.24962916E-02       0.84144373E-04       0.13448379E-04       0.38427732E+00       0.85125933E-02       0.41874453E-03       0.31358957E-04       0.13871309E-01       0.66428639E-03       0.29737722E-04       0.47402520E-05       0.13873589E-01       0.66434753E-03       0.29739640E-04       0.47403499E-05
     -0.17870552E+02       0.26143756E+01       0.85983808E+00       0.00000000E+00       0.21891119E-02       0.41984687E-02       0.49335769E-02       0.93277997E-03       0.79068498E-03       0.16537676E-01       0.40447487E-02       0.21219874E-03       0.54627040E-01       0.20286311E-02       0.68223046E-04       0.11000806E-04       0.31879424E+00       0.70600969E-02       0.34711486E-03       0.25963636E-04       0.10152480E-01       0.50837284E-03       0.23351794E-04       0.37601866E-05       0.10154082E-01       0.50841480E-03       0.23353146E-04       0.37602296E-05
     -0.17767479E+02       0.20273400E+01       0.66667457E+00       0.00000000E+00       0.16817959E-02       0.32689848E-02       0.38303658E-02       0.72658451E-03       0.60082954E-03       0.12812898E-01       0.31345310E-02       0.16431184E-03       0.42224677E-01       0.15663000E-02       0.52636371E-04       0.85195898E-05       0.24848350E+00       0.55025537E-02       0.27040718E-03       0.20207987E-04       0.73332766E-02       0.37802305E-03       0.17648867E-04       0.28580475E-05       0.73344032E-02       0.37805198E-03       0.17649817E-04       0.28580637E-05
     -0.17664405E+02       0.14805468E+01       0.48677507E+00       0.00000000E+00       0.12155885E-02       0.23949714E-02       0.27996561E-02       0.53263528E-03       0.43019662E-03       0.93555157E-02       0.22889961E-02       0.11992696E-03       0.30819174E-01       0.11432244E-02       0.38424707E-04       0.62248922E-05       0.18195405E+00       0.40293959E-02       0.19792393E-03       0.14780555E-04       0.51379056E-02       0.26957371E-03       0.12710781E-04       0.20644125E-05       0.51386851E-02       0.26959343E-03       0.12711437E-04       0.20644169E-05
     -0.17561332E+02       0.10170668E+01       0.33432196E+00       0.00000000E+00       0.82614127E-03       0.16496148E-02       0.19245429E-02       0.36711983E-03       0.28989384E-03       0.64281846E-02       0.15728507E-02       0.82377981E-04       0.21190308E-01       0.78652754E-03       0.26452488E-04       0.42824765E-05       0.12516128E+00       0.27719379E-02       0.13609977E-03       0.10157358E-04       0.34480138E-02       0.18278232E-03       0.86698466E-05       0.14099829E-05       0.34485364E-02       0.18279540E-03       0.86702846E-05       0.14099829E-05
     -0.17458259E+02       0.65677792E+00       0.21584367E+00       0.00000000E+00       0.52775812E-03       0.10676968E-02       0.12435356E-02       0.23778741E-03       0.18372601E-03       0.41527827E-02       0.10161172E-02       0.53206493E-04       0.13706529E-01       0.50922057E-03       0.17140939E-04       0.27708571E-05       0.80871526E-01       0.17912513E-02       0.87913535E-04       0.65574671E-05       0.21983738E-02       0.11722281E-03       0.55802589E-05       0.90791746E-06       0.21987094E-02       0.11723116E-03       0.55805390E-05       0.90791628E-06
     -0.17355185E+02       0.39852872E+00       0.13094387E+00       0.00000000E+00       0.31684371E-03       0.64919174E-03       0.75499868E-03       0.14468971E-03       0.10946825E-03       0.25211934E-02       0.61688946E-03       0.32296305E-04       0.83340604E-02       0.30995612E-03       0.10443602E-04       0.16850251E-05       0.49081224E-01       0.10872499E-02       0.53341206E-04       0.39766447E-05       0.13250496E-02       0.70888062E-04       0.33821211E-05       0.55024908E-06       0.13252542E-02       0.70893125E-04       0.33822912E-05       0.55024794E-06
     -0.17252112E+02       0.22718005E+00       0.74628000E-01       0.00000000E+00       0.17874412E-03       0.37075121E-03       0.43062373E-03       0.82693633E-04       0.61303805E-04       0.14380103E-02       0.35184792E-03       0.18417998E-04       0.47613567E-02       0.17728129E-03       0.59792735E-05       0.96273493E-06       0.27977441E-01       0.61983659E-03       0.30398575E-04       0.22651255E-05       0.75283696E-03       0.40350079E-04       0.19279408E-05       0.31356729E-06       0.75295493E-03       0.40352986E-04       0.19280385E-05       0.31356648E-06
     -0.17149038E+02       0.12164241E+00       0.39950759E-01       0.00000000E+00       0.94745239E-04       0.19885132E-03       0.23070243E-03       0.44385338E-04       0.32262903E-04       0.77042069E-03       0.18849947E-03       0.98662226E-05       0.25552533E-02       0.95248132E-04       0.32156933E-05       0.51667266E-06       0.14977986E-01       0.33187771E-03       0.16270634E-04       0.12118180E-05       0.40251521E-03       0.21596416E-04       0.10329227E-05       0.16792533E-06       0.40257927E-03       0.21597990E-04       0.10329755E-05       0.16792485E-06
     -0.17045965E+02       0.61172979E-01       0.20086809E-01       0.00000000E+00       0.47183715E-04       0.10015604E-03       0.11608222E-03       0.22371948E-04       0.15954852E-04       0.38766086E-03       0.94846656E-04       0.49639122E-05       0.12879337E-02       0.48061389E-04       0.16241844E-05       0.26041673E-06       0.75306509E-02       0.16688285E-03       0.81789195E-05       0.60887781E-06       0.20232886E-03       0.10862421E-04       0.51991876E-06       0.84483261E-07       0.20236157E-03       0.10863223E-04       0.51994561E-06       0.84483000E-07
     -0.16942891E+02       0.28890887E-01       0.94847674E-02       0.00000000E+00       0.22075522E-04       0.47369922E-04       0.54853676E-04       0.10588574E-04       0.74135182E-05       0.18318787E-03       0.44818157E-04       0.23454335E-05       0.60962209E-03       0.22773380E-04       0.77032007E-06       0.12326035E-06       0.35557130E-02       0.78805939E-04       0.38610738E-05       0.28730969E-06       0.95559829E-04       0.51324052E-05       0.24580287E-06       0.39921079E-07       0.95575525E-04       0.51327893E-05       0.24581570E-06       0.39920950E-07
     -0.16839818E+02       0.12813336E-01       0.42057734E-02       0.00000000E+00       0.97027367E-05       0.21036998E-04       0.24341348E-04       0.47056352E-05       0.32364786E-05       0.81289263E-04       0.19887373E-04       0.10406818E-05       0.27095649E-03       0.10132354E-04       0.34303631E-06       0.54783038E-07       0.15765871E-02       0.34946317E-04       0.17116790E-05       0.12731475E-06       0.42391781E-04       0.22775298E-05       0.10913199E-06       0.17715369E-07       0.42398850E-04       0.22777025E-05       0.10913775E-06       0.17715310E-07
     -0.16736745E+02       0.53363305E-02       0.17512484E-02       0.00000000E+00       0.40060696E-05       0.87721429E-05       0.10142823E-04       0.19634907E-05       0.13274494E-05       0.33871921E-04       0.82864912E-05       0.43359688E-06       0.11308015E-03       0.42327304E-05       0.14342240E-06       0.22862007E-07       0.65643069E-03       0.14551964E-04       0.71255882E-06       0.52978240E-07       0.17660450E-04       0.94908173E-06       0.45497972E-07       0.73820723E-08       0.17663437E-04       0.94915457E-06       0.45500397E-07       0.73820466E-08
     -0.16633671E+02       0.20868537E-02       0.68473332E-03       0.00000000E+00       0.15536845E-05       0.34344363E-05       0.39686255E-05       0.76923582E-06       0.51151137E-06       0.13252816E-04       0.32420944E-05       0.16963687E-06       0.44311427E-04       0.16601858E-05       0.56299421E-07       0.89582190E-08       0.25663895E-03       0.56898772E-05       0.27853936E-06       0.20700963E-07       0.69108704E-05       0.37144215E-06       0.17812796E-07       0.28887259E-08       0.69120559E-05       0.37147102E-06       0.17813755E-07       0.28887157E-08
     -0.16530598E+02       0.76627124E-03       0.25138525E-03       0.00000000E+00       0.56598685E-06       0.12624457E-05       0.14580054E-05       0.28293554E-06       0.18516273E-06       0.48686414E-05       0.11910010E-05       0.62314387E-07       0.16302349E-04       0.61133159E-06       0.20747032E-07       0.32955955E-08       0.94211153E-04       0.20889506E-05       0.10223566E-06       0.75952075E-08       0.25391004E-05       0.13649060E-06       0.65476895E-08       0.10613568E-08       0.25395419E-05       0.13650134E-06       0.65480458E-08       0.10613529E-08
     -0.16427524E+02       0.26417905E-03       0.86653621E-04       0.00000000E+00       0.19365525E-06       0.43567617E-06       0.50292034E-06       0.97701035E-07       0.62964674E-07       0.16792797E-05       0.41078491E-06       0.21491886E-07       0.56308541E-05       0.21133259E-06       0.71772722E-08       0.11382450E-08       0.32472231E-04       0.72008122E-06       0.35233194E-07       0.26165475E-08       0.87584928E-06       0.47089391E-07       0.22596706E-08       0.36612393E-09       0.87600349E-06       0.47093137E-07       0.22597947E-08       0.36612259E-09
     -0.16324451E+02       0.85511421E-04       0.28044438E-04       0.00000000E+00       0.62231782E-07       0.14115472E-06       0.16287120E-06       0.31672416E-07       0.20112649E-07       0.54379950E-06       0.13302021E-06       0.69592669E-08       0.18258842E-05       0.68582234E-07       0.23307793E-08       0.36907327E-09       0.10508398E-04       0.23304908E-06       0.11400389E-07       0.84633400E-09       0.28364019E-06       0.15252373E-07       0.73213115E-09       0.11857459E-09       0.28369073E-06       0.15253599E-07       0.73217172E-09       0.11857415E-09
     -0.16221377E+02       0.25986325E-04       0.85212802E-05       0.00000000E+00       0.18781750E-07       0.42933314E-07       0.49519812E-07       0.96387499E-08       0.60346784E-08       0.16532572E-06       0.40439609E-07       0.21156335E-08       0.55581812E-06       0.20892906E-07       0.71050735E-09       0.11234409E-09       0.31927171E-05       0.70812662E-07       0.34633010E-08       0.25701824E-09       0.86234621E-07       0.46380070E-08       0.22269237E-09       0.36052684E-10       0.86250165E-07       0.46383836E-08       0.22270482E-09       0.36052548E-10
     -0.16118304E+02       0.74138921E-05       0.24307854E-05       0.00000000E+00       0.53233134E-08       0.12258815E-07       0.14134762E-07       0.27536286E-08       0.17007295E-08       0.47186081E-07       0.11541665E-07       0.60379729E-09       0.15883246E-06       0.59746918E-08       0.20330583E-09       0.32102239E-10       0.91068768E-06       0.20200294E-07       0.98775453E-09       0.73279145E-10       0.24612677E-07       0.13240107E-08       0.63588896E-10       0.10290873E-10       0.24617161E-07       0.13241193E-08       0.63592478E-10       0.10290834E-10
     -0.16015231E+02       0.19756993E-05       0.64761778E-06       0.00000000E+00       0.13970384E-08       0.32766628E-08       0.37658960E-08       0.73633253E-09       0.44197487E-09       0.12583133E-07       0.30778586E-08       0.16097334E-09       0.42414526E-07       0.15976618E-08       0.54430263E-10       0.85733893E-11       0.24260799E-06       0.53821511E-08       0.26304981E-09       0.19508238E-10       0.65756810E-08       0.35329333E-09       0.16977913E-10       0.27453517E-11       0.65768940E-08       0.35332268E-09       0.16978879E-10       0.27453408E-11
     -0.15912157E+02       0.42892406E-06       0.14029981E-06       0.00000000E+00       0.27484402E-09       0.71745774E-09       0.82568633E-09       0.16271465E-09       0.78113296E-10       0.27484045E-08       0.67188547E-09       0.35145913E-10       0.94541095E-08       0.35977834E-09       0.12362271E-10       0.19087398E-11       0.52491297E-07       0.11660787E-08       0.56831348E-10       0.41910435E-11       0.14300770E-08       0.77350642E-10       0.37310059E-11       0.60017468E-12       0.14303873E-08       0.77358026E-10       0.37312450E-11       0.60017195E-12
     -0.15809084E+02       0.00000000E+00       0.00000000E+00       0.00000000E+00       0.00000000E+00       0.00000000E+00       0.00000000E+00       0.00000000E+00       0.00000000E+00       0.00000000E+00       0.00000000E+00       0.00000000E+00       0.00000000E+00       0.00000000E+00       0.00000000E+00       0.00000000E+00       0.00000000E+00       0.00000000E+00       0.00000000E+00       0.00000000E+00       0.00000000E+00       0.00000000E+00       0.00000000E+00       0.00000000E+00       0.00000000E+00       0.00000000E+00       0.00000000E+00       0.00000000E+00
     -0.15706010E+02       0.00000000E+00       0.00000000E+00       0.00000000E+00       0.00000000E+00       0.00000000E+00       0.00000000E+00       0.00000000E+00       0.00000000E+00       0.00000000E+00       0.00000000E+00       0.00000000E+00       0.00000000E+00       0.00000000E+00       0.00000000E+00       0.00000000E+00       0.00000000E+00       0.00000000E+00       0.00000000E+00       0.00000000E+00       0.00000000E+00       0.00000000E+00       0.00000000E+00       0.00000000E+00       0.00000000E+00       0.00000000E+00       0.00000000E+00       0.00000000E+00
     -0.15602937E+02       0.00000000E+00       0.00000000E+00       0.00000000E+00       0.00000000E+00       0.00000000E+00       0.00000000E+00       0.00000000E+00       0.00000000E+00       0.00000000E+00       0.00000000E+00       0.00000000E+00       0.00000000E+00       0.00000000E+00       0.00000000E+00       0.00000000E+00       0.00000000E+00       0.00000000E+00       0.00000000E+00       0.00000000E+00       0.00000000E+00       0.00000000E+00       0.00000000E+00       0.00000000E+00       0.00000000E+00       0.00000000E+00       0.00000000E+00       0.00000000E+00
     -0.15499863E+02       0.00000000E+00       0.00000000E+00       0.00000000E+00       0.00000000E+00       0.00000000E+00       0.00000000E+00       0.00000000E+00       0.00000000E+00       0.00000000E+00       0.00000000E+00       0.00000000E+00       0.00000000E+00       0.00000000E+00       0.00000000E+00       0.00000000E+00       0.00000000E+00       0.00000000E+00       0.00000000E+00       0.00000000E+00       0.00000000E+00       0.00000000E+00       0.00000000E+00       0.00000000E+00       0.00000000E+00       0.00000000E+00       0.00000000E+00       0.00000000E+00
     -0.15396790E+02       0.00000000E+00       0.00000000E+00       0.00000000E+00       0.00000000E+00       0.00000000E+00       0.00000000E+00       0.00000000E+00       0.00000000E+00       0.00000000E+00       0.00000000E+00       0.00000000E+00       0.00000000E+00       0.00000000E+00       0.00000000E+00       0.00000000E+00       0.00000000E+00       0.00000000E+00       0.00000000E+00       0.00000000E+00       0.00000000E+00       0.00000000E+00       0.00000000E+00       0.00000000E+00       0.00000000E+00       0.00000000E+00       0.00000000E+00       0.00000000E+00
     -0.15293716E+02       0.00000000E+00       0.00000000E+00       0.00000000E+00       0.00000000E+00       0.00000000E+00       0.00000000E+00       0.00000000E+00       0.00000000E+00       0.00000000E+00       0.00000000E+00       0.00000000E+00       0.00000000E+00       0.00000000E+00       0.00000000E+00       0.00000000E+00       0.00000000E+00       0.00000000E+00       0.00000000E+00       0.00000000E+00       0.00000000E+00       0.00000000E+00       0.00000000E+00       0.00000000E+00       0.00000000E+00       0.00000000E+00       0.00000000E+00       0.00000000E+00
     -0.15190643E+02       0.00000000E+00       0.00000000E+00       0.00000000E+00       0.00000000E+00       0.00000000E+00       0.00000000E+00       0.00000000E+00       0.00000000E+00       0.00000000E+00       0.00000000E+00       0.00000000E+00       0.00000000E+00       0.00000000E+00       0.00000000E+00       0.00000000E+00       0.00000000E+00       0.00000000E+00       0.00000000E+00       0.00000000E+00       0.00000000E+00       0.00000000E+00       0.00000000E+00       0.00000000E+00       0.00000000E+00       0.00000000E+00       0.00000000E+00       0.00000000E+00
     -0.15087570E+02       0.00000000E+00       0.00000000E+00       0.00000000E+00       0.00000000E+00       0.00000000E+00       0.00000000E+00       0.00000000E+00       0.00000000E+00       0.00000000E+00       0.00000000E+00       0.00000000E+00       0.00000000E+00       0.00000000E+00       0.00000000E+00       0.00000000E+00       0.00000000E+00       0.00000000E+00       0.00000000E+00       0.00000000E+00       0.00000000E+00       0.00000000E+00       0.00000000E+00       0.00000000E+00       0.00000000E+00       0.00000000E+00       0.00000000E+00       0.00000000E+00
     -0.14984496E+02       0.00000000E+00       0.00000000E+00       0.00000000E+00       0.00000000E+00       0.00000000E+00       0.00000000E+00       0.00000000E+00       0.00000000E+00       0.00000000E+00       0.00000000E+00       0.00000000E+00       0.00000000E+00       0.00000000E+00       0.00000000E+00       0.00000000E+00       0.00000000E+00       0.00000000E+00       0.00000000E+00       0.00000000E+00       0.00000000E+00       0.00000000E+00       0.00000000E+00       0.00000000E+00       0.00000000E+00       0.00000000E+00       0.00000000E+00       0.00000000E+00
     -0.14881423E+02       0.00000000E+00       0.00000000E+00       0.00000000E+00       0.00000000E+00       0.00000000E+00       0.00000000E+00       0.00000000E+00       0.00000000E+00       0.00000000E+00       0.00000000E+00       0.00000000E+00       0.00000000E+00       0.00000000E+00       0.00000000E+00       0.00000000E+00       0.00000000E+00       0.00000000E+00       0.00000000E+00       0.00000000E+00       0.00000000E+00       0.00000000E+00       0.00000000E+00       0.00000000E+00       0.00000000E+00       0.00000000E+00       0.00000000E+00       0.00000000E+00
     -0.14778349E+02       0.00000000E+00       0.00000000E+00       0.00000000E+00       0.00000000E+00       0.00000000E+00       0.00000000E+00       0.00000000E+00       0.00000000E+00       0.00000000E+00       0.00000000E+00       0.00000000E+00       0.00000000E+00       0.00000000E+00       0.00000000E+00       0.00000000E+00       0.00000000E+00       0.00000000E+00       0.00000000E+00       0.00000000E+00       0.00000000E+00       0.00000000E+00       0.00000000E+00       0.00000000E+00       0.00000000E+00       0.00000000E+00       0.00000000E+00       0.00000000E+00
     -0.14675276E+02       0.00000000E+00       0.00000000E+00       0.00000000E+00       0.00000000E+00       0.00000000E+00       0.00000000E+00       0.00000000E+00       0.00000000E+00       0.00000000E+00       0.00000000E+00       0.00000000E+00       0.00000000E+00       0.00000000E+00       0.00000000E+00       0.00000000E+00       0.00000000E+00       0.00000000E+00       0.00000000E+00       0.00000000E+00       0.00000000E+00       0.00000000E+00       0.00000000E+00       0.00000000E+00       0.00000000E+00       0.00000000E+00       0.00000000E+00       0.00000000E+00
     -0.14572202E+02       0.00000000E+00       0.00000000E+00       0.00000000E+00       0.00000000E+00       0.00000000E+00       0.00000000E+00       0.00000000E+00       0.00000000E+00       0.00000000E+00       0.00000000E+00       0.00000000E+00       0.00000000E+00       0.00000000E+00       0.00000000E+00       0.00000000E+00       0.00000000E+00       0.00000000E+00       0.00000000E+00       0.00000000E+00       0.00000000E+00       0.00000000E+00       0.00000000E+00       0.00000000E+00       0.00000000E+00       0.00000000E+00       0.00000000E+00       0.00000000E+00
     -0.14469129E+02       0.00000000E+00       0.00000000E+00       0.00000000E+00       0.00000000E+00       0.00000000E+00       0.00000000E+00       0.00000000E+00       0.00000000E+00       0.00000000E+00       0.00000000E+00       0.00000000E+00       0.00000000E+00       0.00000000E+00       0.00000000E+00       0.00000000E+00       0.00000000E+00       0.00000000E+00       0.00000000E+00       0.00000000E+00       0.00000000E+00       0.00000000E+00       0.00000000E+00       0.00000000E+00       0.00000000E+00       0.00000000E+00       0.00000000E+00       0.00000000E+00
     -0.14366056E+02       0.00000000E+00       0.00000000E+00       0.00000000E+00       0.00000000E+00       0.00000000E+00       0.00000000E+00       0.00000000E+00       0.00000000E+00       0.00000000E+00       0.00000000E+00       0.00000000E+00       0.00000000E+00       0.00000000E+00       0.00000000E+00       0.00000000E+00       0.00000000E+00       0.00000000E+00       0.00000000E+00       0.00000000E+00       0.00000000E+00       0.00000000E+00       0.00000000E+00       0.00000000E+00       0.00000000E+00       0.00000000E+00       0.00000000E+00       0.00000000E+00
     -0.14262982E+02       0.00000000E+00       0.00000000E+00       0.00000000E+00       0.00000000E+00       0.00000000E+00       0.00000000E+00       0.00000000E+00       0.00000000E+00       0.00000000E+00       0.00000000E+00       0.00000000E+00       0.00000000E+00       0.00000000E+00       0.00000000E+00       0.00000000E+00       0.00000000E+00       0.00000000E+00       0.00000000E+00       0.00000000E+00       0.00000000E+00       0.00000000E+00       0.00000000E+00       0.00000000E+00       0.00000000E+00       0.00000000E+00       0.00000000E+00       0.00000000E+00
     -0.14159909E+02       0.00000000E+00       0.00000000E+00       0.00000000E+00       0.00000000E+00       0.00000000E+00       0.00000000E+00       0.00000000E+00       0.00000000E+00       0.00000000E+00       0.00000000E+00       0.00000000E+00       0.00000000E+00       0.00000000E+00       0.00000000E+00       0.00000000E+00       0.00000000E+00       0.00000000E+00       0.00000000E+00       0.00000000E+00       0.00000000E+00       0.00000000E+00       0.00000000E+00       0.00000000E+00       0.00000000E+00       0.00000000E+00       0.00000000E+00       0.00000000E+00
     -0.14056835E+02       0.00000000E+00       0.00000000E+00       0.00000000E+00       0.00000000E+00       0.00000000E+00       0.00000000E+00       0.00000000E+00       0.00000000E+00       0.00000000E+00       0.00000000E+00       0.00000000E+00       0.00000000E+00       0.00000000E+00       0.00000000E+00       0.00000000E+00       0.00000000E+00       0.00000000E+00       0.00000000E+00       0.00000000E+00       0.00000000E+00       0.00000000E+00       0.00000000E+00       0.00000000E+00       0.00000000E+00       0.00000000E+00       0.00000000E+00       0.00000000E+00
     -0.13953762E+02       0.00000000E+00       0.00000000E+00       0.00000000E+00       0.00000000E+00       0.00000000E+00       0.00000000E+00       0.00000000E+00       0.00000000E+00       0.00000000E+00       0.00000000E+00       0.00000000E+00       0.00000000E+00       0.00000000E+00       0.00000000E+00       0.00000000E+00       0.00000000E+00       0.00000000E+00       0.00000000E+00       0.00000000E+00       0.00000000E+00       0.00000000E+00       0.00000000E+00       0.00000000E+00       0.00000000E+00       0.00000000E+00       0.00000000E+00       0.00000000E+00
     -0.13850688E+02       0.00000000E+00       0.00000000E+00       0.00000000E+00       0.00000000E+00       0.00000000E+00       0.00000000E+00       0.00000000E+00       0.00000000E+00       0.00000000E+00       0.00000000E+00       0.00000000E+00       0.00000000E+00       0.00000000E+00       0.00000000E+00       0.00000000E+00       0.00000000E+00       0.00000000E+00       0.00000000E+00       0.00000000E+00       0.00000000E+00       0.00000000E+00       0.00000000E+00       0.00000000E+00       0.00000000E+00       0.00000000E+00       0.00000000E+00       0.00000000E+00
     -0.13747615E+02       0.00000000E+00       0.00000000E+00       0.00000000E+00       0.00000000E+00       0.00000000E+00       0.00000000E+00       0.00000000E+00       0.00000000E+00       0.00000000E+00       0.00000000E+00       0.00000000E+00       0.00000000E+00       0.00000000E+00       0.00000000E+00       0.00000000E+00       0.00000000E+00       0.00000000E+00       0.00000000E+00       0.00000000E+00       0.00000000E+00       0.00000000E+00       0.00000000E+00       0.00000000E+00       0.00000000E+00       0.00000000E+00       0.00000000E+00       0.00000000E+00
     -0.13644542E+02       0.00000000E+00       0.00000000E+00       0.00000000E+00       0.00000000E+00       0.00000000E+00       0.00000000E+00       0.00000000E+00       0.00000000E+00       0.00000000E+00       0.00000000E+00       0.00000000E+00       0.00000000E+00       0.00000000E+00       0.00000000E+00       0.00000000E+00       0.00000000E+00       0.00000000E+00       0.00000000E+00       0.00000000E+00       0.00000000E+00       0.00000000E+00       0.00000000E+00       0.00000000E+00       0.00000000E+00       0.00000000E+00       0.00000000E+00       0.00000000E+00
     -0.13541468E+02       0.00000000E+00       0.00000000E+00       0.00000000E+00       0.00000000E+00       0.00000000E+00       0.00000000E+00       0.00000000E+00       0.00000000E+00       0.00000000E+00       0.00000000E+00       0.00000000E+00       0.00000000E+00       0.00000000E+00       0.00000000E+00       0.00000000E+00       0.00000000E+00       0.00000000E+00       0.00000000E+00       0.00000000E+00       0.00000000E+00       0.00000000E+00       0.00000000E+00       0.00000000E+00       0.00000000E+00       0.00000000E+00       0.00000000E+00       0.00000000E+00
     -0.13438395E+02       0.00000000E+00       0.00000000E+00       0.00000000E+00       0.00000000E+00       0.00000000E+00       0.00000000E+00       0.00000000E+00       0.00000000E+00       0.00000000E+00       0.00000000E+00       0.00000000E+00       0.00000000E+00       0.00000000E+00       0.00000000E+00       0.00000000E+00       0.00000000E+00       0.00000000E+00       0.00000000E+00       0.00000000E+00       0.00000000E+00       0.00000000E+00       0.00000000E+00       0.00000000E+00       0.00000000E+00       0.00000000E+00       0.00000000E+00       0.00000000E+00
     -0.13335321E+02       0.00000000E+00       0.00000000E+00       0.00000000E+00       0.00000000E+00       0.00000000E+00       0.00000000E+00       0.00000000E+00       0.00000000E+00       0.00000000E+00       0.00000000E+00       0.00000000E+00       0.00000000E+00       0.00000000E+00       0.00000000E+00       0.00000000E+00       0.00000000E+00       0.00000000E+00       0.00000000E+00       0.00000000E+00       0.00000000E+00       0.00000000E+00       0.00000000E+00       0.00000000E+00       0.00000000E+00       0.00000000E+00       0.00000000E+00       0.00000000E+00
     -0.13232248E+02       0.00000000E+00       0.00000000E+00       0.00000000E+00       0.00000000E+00       0.00000000E+00       0.00000000E+00       0.00000000E+00       0.00000000E+00       0.00000000E+00       0.00000000E+00       0.00000000E+00       0.00000000E+00       0.00000000E+00       0.00000000E+00       0.00000000E+00       0.00000000E+00       0.00000000E+00       0.00000000E+00       0.00000000E+00       0.00000000E+00       0.00000000E+00       0.00000000E+00       0.00000000E+00       0.00000000E+00       0.00000000E+00       0.00000000E+00       0.00000000E+00
     -0.13129174E+02       0.00000000E+00       0.00000000E+00       0.00000000E+00       0.00000000E+00       0.00000000E+00       0.00000000E+00       0.00000000E+00       0.00000000E+00       0.00000000E+00       0.00000000E+00       0.00000000E+00       0.00000000E+00       0.00000000E+00       0.00000000E+00       0.00000000E+00       0.00000000E+00       0.00000000E+00       0.00000000E+00       0.00000000E+00       0.00000000E+00       0.00000000E+00       0.00000000E+00       0.00000000E+00       0.00000000E+00       0.00000000E+00       0.00000000E+00       0.00000000E+00
     -0.13026101E+02       0.00000000E+00       0.00000000E+00       0.00000000E+00       0.00000000E+00       0.00000000E+00       0.00000000E+00       0.00000000E+00       0.00000000E+00       0.00000000E+00       0.00000000E+00       0.00000000E+00       0.00000000E+00       0.00000000E+00       0.00000000E+00       0.00000000E+00       0.00000000E+00       0.00000000E+00       0.00000000E+00       0.00000000E+00       0.00000000E+00       0.00000000E+00       0.00000000E+00       0.00000000E+00       0.00000000E+00       0.00000000E+00       0.00000000E+00       0.00000000E+00
     -0.12923028E+02       0.00000000E+00       0.00000000E+00       0.00000000E+00       0.00000000E+00       0.00000000E+00       0.00000000E+00       0.00000000E+00       0.00000000E+00       0.00000000E+00       0.00000000E+00       0.00000000E+00       0.00000000E+00       0.00000000E+00       0.00000000E+00       0.00000000E+00       0.00000000E+00       0.00000000E+00       0.00000000E+00       0.00000000E+00       0.00000000E+00       0.00000000E+00       0.00000000E+00       0.00000000E+00       0.00000000E+00       0.00000000E+00       0.00000000E+00       0.00000000E+00
     -0.12819954E+02       0.00000000E+00       0.00000000E+00       0.00000000E+00       0.00000000E+00       0.00000000E+00       0.00000000E+00       0.00000000E+00       0.00000000E+00       0.00000000E+00       0.00000000E+00       0.00000000E+00       0.00000000E+00       0.00000000E+00       0.00000000E+00       0.00000000E+00       0.00000000E+00       0.00000000E+00       0.00000000E+00       0.00000000E+00       0.00000000E+00       0.00000000E+00       0.00000000E+00       0.00000000E+00       0.00000000E+00       0.00000000E+00       0.00000000E+00       0.00000000E+00
     -0.12716881E+02       0.00000000E+00       0.00000000E+00       0.00000000E+00       0.00000000E+00       0.00000000E+00       0.00000000E+00       0.00000000E+00       0.00000000E+00       0.00000000E+00       0.00000000E+00       0.00000000E+00       0.00000000E+00       0.00000000E+00       0.00000000E+00       0.00000000E+00       0.00000000E+00       0.00000000E+00       0.00000000E+00       0.00000000E+00       0.00000000E+00       0.00000000E+00       0.00000000E+00       0.00000000E+00       0.00000000E+00       0.00000000E+00       0.00000000E+00       0.00000000E+00
     -0.12613807E+02       0.00000000E+00       0.00000000E+00       0.00000000E+00       0.00000000E+00       0.00000000E+00       0.00000000E+00       0.00000000E+00       0.00000000E+00       0.00000000E+00       0.00000000E+00       0.00000000E+00       0.00000000E+00       0.00000000E+00       0.00000000E+00       0.00000000E+00       0.00000000E+00       0.00000000E+00       0.00000000E+00       0.00000000E+00       0.00000000E+00       0.00000000E+00       0.00000000E+00       0.00000000E+00       0.00000000E+00       0.00000000E+00       0.00000000E+00       0.00000000E+00
     -0.12510734E+02       0.00000000E+00       0.00000000E+00       0.00000000E+00       0.00000000E+00       0.00000000E+00       0.00000000E+00       0.00000000E+00       0.00000000E+00       0.00000000E+00       0.00000000E+00       0.00000000E+00       0.00000000E+00       0.00000000E+00       0.00000000E+00       0.00000000E+00       0.00000000E+00       0.00000000E+00       0.00000000E+00       0.00000000E+00       0.00000000E+00       0.00000000E+00       0.00000000E+00       0.00000000E+00       0.00000000E+00       0.00000000E+00       0.00000000E+00       0.00000000E+00
     -0.12407660E+02       0.00000000E+00       0.00000000E+00       0.00000000E+00       0.00000000E+00       0.00000000E+00       0.00000000E+00       0.00000000E+00       0.00000000E+00       0.00000000E+00       0.00000000E+00       0.00000000E+00       0.00000000E+00       0.00000000E+00       0.00000000E+00       0.00000000E+00       0.00000000E+00       0.00000000E+00       0.00000000E+00       0.00000000E+00       0.00000000E+00       0.00000000E+00       0.00000000E+00       0.00000000E+00       0.00000000E+00       0.00000000E+00       0.00000000E+00       0.00000000E+00
     -0.12304587E+02       0.00000000E+00       0.00000000E+00       0.00000000E+00       0.00000000E+00       0.00000000E+00       0.00000000E+00       0.00000000E+00       0.00000000E+00       0.00000000E+00       0.00000000E+00       0.00000000E+00       0.00000000E+00       0.00000000E+00       0.00000000E+00       0.00000000E+00       0.00000000E+00       0.00000000E+00       0.00000000E+00       0.00000000E+00       0.00000000E+00       0.00000000E+00       0.00000000E+00       0.00000000E+00       0.00000000E+00       0.00000000E+00       0.00000000E+00       0.00000000E+00
     -0.12201513E+02       0.00000000E+00       0.00000000E+00       0.00000000E+00       0.00000000E+00       0.00000000E+00       0.00000000E+00       0.00000000E+00       0.00000000E+00       0.00000000E+00       0.00000000E+00       0.00000000E+00       0.00000000E+00       0.00000000E+00       0.00000000E+00       0.00000000E+00       0.00000000E+00       0.00000000E+00       0.00000000E+00       0.00000000E+00       0.00000000E+00       0.00000000E+00       0.00000000E+00       0.00000000E+00       0.00000000E+00       0.00000000E+00       0.00000000E+00       0.00000000E+00
     -0.12098440E+02       0.00000000E+00       0.00000000E+00       0.00000000E+00       0.00000000E+00       0.00000000E+00       0.00000000E+00       0.00000000E+00       0.00000000E+00       0.00000000E+00       0.00000000E+00       0.00000000E+00       0.00000000E+00       0.00000000E+00       0.00000000E+00       0.00000000E+00       0.00000000E+00       0.00000000E+00       0.00000000E+00       0.00000000E+00       0.00000000E+00       0.00000000E+00       0.00000000E+00       0.00000000E+00       0.00000000E+00       0.00000000E+00       0.00000000E+00       0.00000000E+00
     -0.11995367E+02       0.00000000E+00       0.00000000E+00       0.00000000E+00       0.00000000E+00       0.00000000E+00       0.00000000E+00       0.00000000E+00       0.00000000E+00       0.00000000E+00       0.00000000E+00       0.00000000E+00       0.00000000E+00       0.00000000E+00       0.00000000E+00       0.00000000E+00       0.00000000E+00       0.00000000E+00       0.00000000E+00       0.00000000E+00       0.00000000E+00       0.00000000E+00       0.00000000E+00       0.00000000E+00       0.00000000E+00       0.00000000E+00       0.00000000E+00       0.00000000E+00
     -0.11892293E+02       0.10759761E-13       0.26827699E-14       0.00000000E+00       0.14021603E-16       0.22285504E-15       0.80966848E-15       0.61030861E-17       0.28968345E-16       0.38416578E-16       0.69899977E-18       0.17146904E-17       0.74119823E-17       0.36295346E-15       0.70836485E-18       0.18833262E-18       0.99355702E-17       0.12691434E-15       0.40801217E-18       0.68308015E-19       0.19297865E-17       0.19007673E-15       0.53740510E-18       0.51505149E-19       0.19323634E-17       0.19006042E-15       0.53744184E-18       0.51496427E-19
     -0.11789220E+02       0.11010338E-12       0.28948754E-13       0.00000000E+00       0.14409543E-15       0.27909839E-14       0.75708879E-14       0.61366632E-16       0.41700490E-15       0.38111900E-15       0.13226474E-16       0.15888981E-16       0.97633470E-16       0.33234910E-14       0.73923868E-17       0.18097866E-17       0.15549918E-15       0.12260257E-14       0.40877154E-17       0.83481791E-18       0.86574729E-16       0.19290733E-14       0.73341947E-17       0.65353164E-18       0.86597438E-16       0.19289145E-14       0.73344444E-17       0.65344923E-18
     -0.11686146E+02       0.59324675E-12       0.15834899E-12       0.00000000E+00       0.88116569E-15       0.15555225E-13       0.40295340E-13       0.31670508E-15       0.26616119E-14       0.19679929E-14       0.81445140E-16       0.81161126E-16       0.54198109E-15       0.16549166E-13       0.40713729E-16       0.89921899E-17       0.95836089E-15       0.63796516E-14       0.21892062E-16       0.45513095E-17       0.71086425E-15       0.10351127E-13       0.43869624E-16       0.39663785E-17       0.71096020E-15       0.10350273E-13       0.43870397E-16       0.39660179E-17
     -0.11583073E+02       0.41862152E-08       0.17238580E-08       0.00000000E+00       0.64313342E-10       0.20528959E-11       0.14066591E-10       0.43250841E-12       0.11923853E-09       0.11646098E-11       0.35288528E-12       0.28745466E-12       0.19292485E-10       0.68508378E-10       0.57381717E-12       0.37062452E-13       0.32146767E-10       0.74933570E-10       0.34894529E-12       0.41070550E-13       0.24046460E-10       0.82938769E-10       0.68575446E-12       0.42398273E-13       0.24045885E-10       0.82930178E-10       0.68572293E-12       0.42395959E-13
     -0.11479999E+02       0.37422739E-07       0.15345342E-07       0.00000000E+00       0.54693220E-09       0.29115754E-10       0.13134339E-09       0.53527466E-11       0.10581955E-08       0.11652770E-10       0.37516642E-11       0.24681967E-11       0.18044390E-09       0.60873123E-09       0.50119630E-11       0.32284946E-12       0.28696710E-09       0.66462545E-09       0.31328246E-11       0.38397610E-12       0.22633821E-09       0.74741483E-09       0.60596838E-11       0.38663618E-12       0.22633310E-09       0.74733705E-09       0.60593966E-11       0.38661520E-12
     -0.11376926E+02       0.17692341E-06       0.72391957E-07       0.00000000E+00       0.25163057E-08       0.16385621E-09       0.63814720E-09       0.28915636E-10       0.49820724E-08       0.58161338E-10       0.19008823E-10       0.11425242E-10       0.87005940E-09       0.28663106E-08       0.23423056E-10       0.15209584E-11       0.13562246E-08       0.31293666E-08       0.14819418E-10       0.18259412E-11       0.10986740E-08       0.35490784E-08       0.28454098E-10       0.18342895E-11       0.10986497E-08       0.35487082E-08       0.28452757E-10       0.18341876E-11
     -0.11273853E+02       0.67749631E-06       0.27691287E-06       0.00000000E+00       0.95207947E-08       0.66081817E-09       0.25008245E-08       0.11558173E-09       0.19040307E-07       0.22776028E-09       0.74372441E-10       0.43330710E-10       0.33659603E-08       0.10966435E-07       0.89168607E-10       0.58265207E-11       0.51879208E-08       0.11986676E-07       0.56819510E-10       0.70167574E-11       0.42558380E-08       0.13595467E-07       0.10851185E-09       0.70214218E-11       0.42557461E-08       0.13594046E-07       0.10850673E-09       0.70210266E-11
     -0.11170779E+02       0.24235550E-05       0.98944146E-06       0.00000000E+00       0.33589875E-07       0.25200271E-08       0.91039079E-08       0.43872806E-09       0.67967731E-07       0.83842754E-09       0.27165722E-09       0.15335012E-09       0.12158133E-07       0.39144317E-07       0.31692875E-09       0.20842941E-10       0.18544108E-07       0.42818249E-07       0.20331688E-09       0.25155683E-10       0.15429637E-07       0.48722257E-07       0.38676265E-09       0.25128500E-10       0.15429308E-07       0.48717154E-07       0.38674440E-09       0.25127072E-10
     -0.11067706E+02       0.80381275E-05       0.32788679E-05       0.00000000E+00       0.11022905E-06       0.87482031E-08       0.30593906E-07       0.15144604E-08       0.22510710E-06       0.28319202E-08       0.91366832E-09       0.50472880E-09       0.40629334E-07       0.12965632E-06       0.10465226E-08       0.69120372E-10       0.61481399E-07       0.14184381E-06       0.67445963E-09       0.83568906E-10       0.51658481E-07       0.16180308E-06       0.12795305E-08       0.83380226E-10       0.51657386E-07       0.16178611E-06       0.12794701E-08       0.83375459E-10
     -0.10964632E+02       0.24995082E-04       0.10187879E-04       0.00000000E+00       0.33954660E-06       0.28212738E-07       0.96413206E-07       0.48619173E-08       0.69910822E-06       0.89360742E-08       0.28749224E-08       0.15587331E-08       0.12719734E-06       0.40280112E-06       0.32416221E-08       0.21495636E-09       0.19111160E-06       0.44075647E-06       0.20979957E-08       0.26033026E-09       0.16196076E-06       0.50356019E-06       0.39691450E-08       0.25932794E-09       0.16195734E-06       0.50350734E-06       0.39689580E-08       0.25931304E-09
     -0.10861559E+02       0.73356621E-04       0.29872946E-04       0.00000000E+00       0.98533329E-06       0.86272955E-07       0.28744711E-06       0.14784843E-07       0.20489527E-05       0.26641989E-07       0.85329145E-08       0.45387482E-08       0.37623333E-06       0.11807774E-05       0.94717096E-08       0.63096739E-09       0.56074068E-06       0.12923335E-05       0.61586056E-08       0.76540137E-09       0.47978126E-06       0.14793797E-05       0.11617516E-07       0.76122328E-09       0.47977097E-06       0.14792239E-05       0.11616968E-07       0.76117910E-09
     -0.10758485E+02       0.20295499E-03       0.82573499E-04       0.00000000E+00       0.26948480E-05       0.24844805E-06       0.80758715E-06       0.42391353E-07       0.56607612E-05       0.74918873E-07       0.23881962E-07       0.12456146E-07       0.10492484E-05       0.32629342E-05       0.26085934E-07       0.17461096E-08       0.15508505E-05       0.35720866E-05       0.17043139E-07       0.21212527E-08       0.13400042E-05       0.40972892E-05       0.32053875E-07       0.21063807E-08       0.13399755E-05       0.40968569E-05       0.32052365E-07       0.21062576E-08
     -0.10655412E+02       0.53025981E-03       0.21552270E-03       0.00000000E+00       0.69512528E-05       0.67683167E-06       0.21456806E-05       0.11500967E-06       0.14767066E-04       0.19917338E-06       0.63124419E-07       0.32256459E-07       0.27651177E-05       0.85137408E-05       0.67814675E-07       0.45638791E-08       0.40503224E-05       0.93229774E-05       0.44539057E-07       0.55515412E-08       0.35371126E-05       0.10717268E-04       0.83496342E-07       0.55037142E-08       0.35370367E-05       0.10716134E-04       0.83492410E-07       0.55033899E-08
     -0.10552339E+02       0.13095450E-02       0.53166055E-03       0.00000000E+00       0.16919276E-04       0.17470298E-05       0.54005737E-05       0.29559803E-06       0.36408043E-04       0.50102436E-06       0.15768312E-06       0.78878057E-07       0.68944622E-05       0.20995850E-04       0.16655679E-06       0.11278253E-07       0.99990139E-05       0.22997663E-04       0.11001912E-06       0.13733806E-07       0.88341626E-05       0.26500180E-04       0.20552049E-06       0.13591560E-07       0.88339719E-05       0.26497370E-04       0.20551082E-06       0.13590752E-07
     -0.10449265E+02       0.30599820E-02       0.12407310E-02       0.00000000E+00       0.38879285E-04       0.42788348E-05       0.12893801E-04       0.72090219E-06       0.84918735E-04       0.11937142E-05       0.37249356E-06       0.18227871E-06       0.16284530E-04       0.48984398E-04       0.38681505E-06       0.26376959E-07       0.23355949E-04       0.53668032E-04       0.25712787E-06       0.32147820E-07       0.20900885E-04       0.62004801E-04       0.47846424E-06       0.31754057E-07       0.20900429E-04       0.61998205E-04       0.47844173E-06       0.31752149E-07
     -0.10346192E+02       0.67718951E-02       0.27418231E-02       0.00000000E+00       0.84395610E-04       0.99547523E-05       0.29237392E-04       0.16700575E-05       0.18755858E-03       0.26960891E-05       0.83270686E-06       0.39839032E-06       0.36478756E-04       0.10822234E-03       0.85024686E-06       0.58441339E-07       0.51670774E-04       0.11859494E-03       0.56912135E-06       0.71273471E-07       0.46894477E-04       0.13741760E-03       0.10545346E-05       0.70253313E-07       0.46893437E-04       0.13740293E-03       0.10544851E-05       0.70249042E-07
     -0.10243118E+02       0.14209242E-01       0.57436305E-02       0.00000000E+00       0.17316366E-03       0.22024425E-04       0.63052251E-04       0.36792456E-05       0.39271197E-03       0.57777639E-05       0.17628525E-05       0.82427945E-06       0.77597750E-04       0.22666570E-03       0.17706686E-05       0.12280448E-06       0.10838923E-03       0.24842790E-03       0.11942780E-05       0.14983180E-06       0.99897667E-04       0.28878728E-03       0.22026804E-05       0.14734796E-06       0.99895404E-04       0.28875630E-03       0.22025770E-05       0.14733889E-06
     -0.10140045E+02       0.28302556E-01       0.11419158E-01       0.00000000E+00       0.33606347E-03       0.46391348E-04       0.12950126E-03       0.77171539E-05       0.78044582E-03       0.11759560E-04       0.35368247E-05       0.16161497E-05       0.15696469E-03       0.45059767E-03       0.34976957E-05       0.24504062E-06       0.21585274E-03       0.49389165E-03       0.23788557E-05       0.29902857E-06       0.20231155E-03       0.57617886E-03       0.43655134E-05       0.29332742E-06       0.20230684E-03       0.57611672E-03       0.43653087E-05       0.29330910E-06
     -0.10036971E+02       0.53584687E-01       0.21574474E-01       0.00000000E+00       0.61734215E-03       0.93131484E-04       0.25366404E-03       0.15428209E-04       0.14740621E-02       0.22753517E-04       0.67300004E-05       0.30062625E-05       0.30236284E-03       0.85132219E-03       0.65618994E-05       0.46489983E-06       0.40863776E-03       0.93307294E-03       0.45035064E-05       0.56732044E-06       0.39002769E-03       0.10928108E-02       0.82200371E-05       0.55495469E-06       0.39001830E-03       0.10926922E-02       0.82196522E-05       0.55491949E-06
     -0.99338980E+01       0.96563100E-01       0.38787724E-01       0.00000000E+00       0.10742358E-02       0.17836445E-03       0.47447611E-03       0.29430144E-04       0.26497178E-02       0.41893686E-04       0.12154888E-04       0.53119144E-05       0.55547697E-03       0.15307309E-02       0.11707646E-04       0.83978352E-06       0.73643926E-03       0.16774056E-02       0.81140903E-05       0.10245979E-05       0.71673707E-03       0.19730266E-02       0.14725360E-04       0.99920779E-06       0.71671915E-03       0.19728110E-02       0.14724671E-04       0.99914337E-06
     -0.98308245E+01       0.16585992E+00       0.66450580E-01       0.00000000E+00       0.17720782E-02       0.32615860E-03       0.84843625E-03       0.53615774E-04       0.45395707E-02       0.73466726E-04       0.20851785E-04       0.89274851E-05       0.97460565E-03       0.26230825E-02       0.19893682E-04       0.14462742E-05       0.12652260E-02       0.28734062E-02       0.13932558E-04       0.17639912E-05       0.12571006E-02       0.33956298E-02       0.25132270E-04       0.17145807E-05       0.12570678E-02       0.33952561E-02       0.25131097E-04       0.17144683E-05
     -0.97277511E+01       0.27190533E+00       0.10862844E+00       0.00000000E+00       0.27734541E-02       0.56979977E-03       0.14515539E-02       0.93356170E-04       0.74228152E-02       0.12281278E-03       0.34001377E-04       0.14290740E-04       0.16351942E-02       0.42896731E-02       0.32238820E-04       0.23777633E-05       0.20750332E-02       0.46965192E-02       0.22829818E-04       0.28989671E-05       0.21068132E-02       0.55781074E-02       0.40924887E-04       0.28077696E-05       0.21067558E-02       0.55774889E-02       0.40922984E-04       0.28075821E-05
     -0.96246777E+01       0.42596597E+00       0.16965779E+00       0.00000000E+00       0.41215032E-02       0.95135180E-03       0.23771895E-02       0.15544278E-03       0.11599018E-01       0.19585298E-03       0.52733665E-04       0.21818109E-04       0.26262549E-02       0.67030880E-02       0.49893355E-04       0.37360892E-05       0.32526923E-02       0.73335209E-02       0.35742414E-04       0.45532593E-05       0.33770537E-02       0.87570961E-02       0.63666942E-04       0.43935778E-05       0.33769576E-02       0.87561179E-02       0.63663991E-04       0.43932791E-05
     -0.95216042E+01       0.63835163E+00       0.25342775E+00       0.00000000E+00       0.58198985E-02       0.15181494E-02       0.37268869E-02       0.24756226E-03       0.17339915E-01       0.29813331E-03       0.77831876E-04       0.31810597E-04       0.40405460E-02       0.10018765E-01       0.73827604E-04       0.56155678E-05       0.48782109E-02       0.10951182E-01       0.53520425E-04       0.68417368E-05       0.51807719E-02       0.13151639E-01       0.94736898E-04       0.65765473E-05       0.51806184E-02       0.13150159E-01       0.94732527E-04       0.65760925E-05
     -0.94185308E+01       0.91579257E+00       0.36235424E+00       0.00000000E+00       0.78145846E-02       0.23149722E-02       0.55916451E-02       0.37710921E-03       0.24819741E-01       0.43338572E-03       0.10937027E-03       0.44341117E-04       0.59568657E-02       0.14333994E-01       0.10454753E-03       0.80791286E-05       0.70046119E-02       0.15651595E-01       0.76706979E-04       0.98418569E-05       0.76091924E-02       0.18908823E-01       0.13495847E-03       0.94243521E-05       0.76089589E-02       0.18906684E-01       0.13495228E-03       0.94236900E-05
     -0.93154574E+01       0.12582297E+01       0.49615210E+00       0.00000000E+00       0.99838879E-02       0.33714785E-02       0.80230839E-02       0.54925514E-03       0.34030604E-01       0.60177033E-03       0.14637073E-03       0.59143427E-04       0.84144581E-02       0.19638398E-01       0.14177304E-03       0.11128657E-04       0.96329618E-02       0.21418840E-01       0.10527101E-03       0.13558091E-04       0.10699301E-01       0.26036588E-01       0.18416616E-03       0.12935460E-04       0.10698964E-01       0.26033631E-01       0.18415778E-03       0.12934539E-04
     -0.92123839E+01       0.16556038E+01       0.65063790E+00       0.00000000E+00       0.12143066E-01       0.46862161E-02       0.10998060E-01       0.76444075E-03       0.44698204E-01       0.79820056E-03       0.18659755E-03       0.75530594E-04       0.11382647E-01       0.25765284E-01       0.18414521E-03       0.14675020E-04       0.12687058E-01       0.28067284E-01       0.13834329E-03       0.17885631E-04       0.14397079E-01       0.34335707E-01       0.24078765E-03       0.17006934E-04       0.14396616E-01       0.34331801E-01       0.24077679E-03       0.17005710E-04
     -0.91093105E+01       0.20855929E+01       0.81692568E+00       0.00000000E+00       0.14066219E-01       0.62109335E-02       0.14385802E-01       0.10158184E-02       0.56222571E-01       0.10113315E-02       0.22661078E-03       0.92374686E-04       0.14733021E-01       0.32358793E-01       0.22905718E-03       0.18516816E-04       0.15995231E-01       0.35207421E-01       0.17403521E-03       0.22583987E-04       0.18526150E-01       0.43350679E-01       0.30156789E-03       0.21411785E-04       0.18525549E-01       0.43345754E-01       0.30155445E-03       0.21410234E-04
     -0.90062371E+01       0.25134760E+01       0.98145281E+00       0.00000000E+00       0.15523440E-01       0.78410968E-02       0.17931315E-01       0.12875289E-02       0.67674493E-01       0.12238955E-02       0.26215237E-03       0.10817648E-03       0.18225287E-01       0.38875086E-01       0.27271655E-03       0.22339090E-04       0.19288636E-01       0.42248273E-01       0.20943661E-03       0.27273864E-04       0.22775339E-01       0.52364258E-01       0.36158495E-03       0.25797553E-04       0.22774602E-01       0.52358337E-01       0.36156905E-03       0.25795679E-04
     -0.89031636E+01       0.28951534E+01       0.11272090E+01       0.00000000E+00       0.16325697E-01       0.94190902E-02       0.21269297E-01       0.15548491E-02       0.77874676E-01       0.14149528E-02       0.28884849E-03       0.12124067E-03       0.21518687E-01       0.44633162E-01       0.31052408E-03       0.25741684E-04       0.22224322E-01       0.48452211E-01       0.24087537E-03       0.31469298E-04       0.26718466E-01       0.60457725E-01       0.41468668E-03       0.29716447E-04       0.26717615E-01       0.60450944E-01       0.41466876E-03       0.29714292E-04
     -0.88000902E+01       0.31836684E+01       0.12362758E+01       0.00000000E+00       0.16366396E-01       0.10754260E-01       0.23976243E-01       0.17869794E-02       0.85564632E-01       0.15642974E-02       0.30310142E-03       0.12994640E-03       0.24216244E-01       0.48919810E-01       0.33778098E-03       0.28300188E-04       0.24435799E-01       0.53046015E-01       0.26446247E-03       0.34649209E-04       0.29873095E-01       0.66645067E-01       0.45438740E-03       0.32690735E-04       0.29872168E-01       0.66637680E-01       0.45436816E-03       0.32688378E-04
     -0.86970168E+01       0.33383821E+01       0.12933387E+01       0.00000000E+00       0.15648516E-01       0.11658599E-01       0.25655201E-01       0.19524792E-02       0.89646775E-01       0.16587638E-02       0.30295718E-03       0.13306809E-03       0.25938606E-01       0.51134594E-01       0.35062139E-03       0.29651031E-04       0.25604193E-01       0.55372291E-01       0.27684800E-03       0.36358916E-04       0.31791986E-01       0.70064661E-01       0.47510866E-03       0.34305267E-04       0.31791037E-01       0.70057014E-01       0.47508900E-03       0.34302819E-04
     -0.85939433E+01       0.33346597E+01       0.12893531E+01       0.00000000E+00       0.14290029E-01       0.11990129E-01       0.26032396E-01       0.20262926E-02       0.89436555E-01       0.16997172E-02       0.28871526E-03       0.13007007E-03       0.26411109E-01       0.50941126E-01       0.34694797E-03       0.29580414E-04       0.25532677E-01       0.55044663E-01       0.27600849E-03       0.36317339E-04       0.32165974E-01       0.70184860E-01       0.47347841E-03       0.34306060E-04       0.32165060E-01       0.70177342E-01       0.47345931E-03       0.34303648E-04
     -0.84908699E+01       0.31711684E+01       0.12242733E+01       0.00000000E+00       0.12506815E-01       0.11691007E-01       0.25035407E-01       0.19963795E-02       0.84848917E-01       0.17107187E-02       0.26311224E-03       0.12128630E-03       0.25537897E-01       0.48380038E-01       0.32708785E-03       0.28090256E-04       0.24200928E-01       0.52059136E-01       0.26182671E-03       0.34497014E-04       0.30906900E-01       0.66963140E-01       0.44930083E-03       0.32675868E-04       0.30906071E-01       0.66956122E-01       0.44928324E-03       0.32673615E-04
     -0.83877965E+01       0.28722164E+01       0.11078861E+01       0.00000000E+00       0.10578790E-01       0.10807194E-01       0.22825345E-01       0.18677161E-02       0.76450155E-01       0.17443697E-02       0.23104654E-03       0.10791840E-03       0.23436910E-01       0.43905236E-01       0.29393335E-03       0.25418271E-04       0.21779414E-01       0.46821236E-01       0.23625648E-03       0.31148027E-04       0.28180992E-01       0.60904048E-01       0.40585180E-03       0.29660416E-04       0.28180282E-01       0.60897816E-01       0.40583643E-03       0.29658421E-04
     -0.82847231E+01       0.24840603E+01       0.95835996E+00       0.00000000E+00       0.88088159E-02       0.94822004E-02       0.19771230E-01       0.16621114E-02       0.65346874E-01       0.18875368E-02       0.19895703E-03       0.91837599E-04       0.20421084E-01       0.38328353E-01       0.25248906E-03       0.22003687E-04       0.18595786E-01       0.40074742E-01       0.20299202E-03       0.26754419E-04       0.24378076E-01       0.52991142E-01       0.34935492E-03       0.25733582E-04       0.24377497E-01       0.52985853E-01       0.34934218E-03       0.25731907E-04
     -0.81816496E+01       0.20662016E+01       0.79890858E+00       0.00000000E+00       0.74837284E-02       0.79268187E-02       0.16376891E-01       0.14137154E-02       0.52941366E-01       0.22643466E-02       0.17406318E-03       0.75241685E-04       0.16930375E-01       0.32687619E-01       0.20895247E-03       0.18409361E-04       0.15062792E-01       0.32752827E-01       0.16673560E-03       0.21935754E-04       0.20024860E-01       0.44511390E-01       0.28777876E-03       0.21510783E-04       0.20024400E-01       0.44507043E-01       0.28776871E-03       0.21509447E-04
     -0.80785762E+01       0.16804235E+01       0.65361273E+00       0.00000000E+00       0.68428651E-02       0.63755728E-02       0.13188284E-01       0.11616360E-02       0.40630778E-01       0.30362907E-02       0.16367099E-03       0.60264903E-04       0.13437046E-01       0.28081572E-01       0.16961504E-03       0.15225948E-04       0.11590983E-01       0.25800199E-01       0.13229851E-03       0.17326254E-04       0.15670655E-01       0.36827240E-01       0.22933594E-03       0.17637623E-04       0.15670284E-01       0.36823685E-01       0.22932834E-03       0.17636604E-04
     -0.79755028E+01       0.13808727E+01       0.54364577E+00       0.00000000E+00       0.70545872E-02       0.50445497E-02       0.10713373E-01       0.94202510E-03       0.29543393E-01       0.43985691E-02       0.17466289E-03       0.48646956E-04       0.10354806E-01       0.25513897E-01       0.13990819E-03       0.12987336E-04       0.85135282E-02       0.20022169E-01       0.10381161E-03       0.13469794E-04       0.11781971E-01       0.31164731E-01       0.18114529E-03       0.14687171E-04       0.11781643E-01       0.31161691E-01       0.18113963E-03       0.14686417E-04
     -0.78724293E+01       0.12076655E+01       0.48483619E+00       0.00000000E+00       0.81982718E-02       0.41027363E-02       0.93758503E-02       0.78194271E-03       0.20382875E-01       0.65715741E-02       0.21317318E-03       0.41533768E-04       0.79772975E-02       0.25781671E-01       0.12382253E-03       0.12117524E-04       0.60431234E-02       0.16000731E-01       0.84247608E-04       0.10758915E-04       0.86751209E-02       0.28470717E-01       0.14840607E-03       0.13091669E-04       0.86747862E-02       0.28467825E-01       0.14840168E-03       0.13091112E-04
     -0.77693559E+01       0.11848255E+01       0.48686874E+00       0.00000000E+00       0.10250048E-01       0.36617538E-02       0.95044304E-02       0.69639817E-03       0.13404115E-01       0.97864654E-02       0.28437454E-03       0.39427844E-04       0.64569803E-02       0.29414805E-01       0.12375610E-03       0.12912887E-04       0.42668376E-02       0.14087949E-01       0.75312093E-04       0.94258519E-05       0.64983544E-02       0.29358567E-01       0.13419659E-03       0.13117977E-04       0.64979619E-02       0.29355405E-01       0.13419273E-03       0.13117544E-04
     -0.76662825E+01       0.13216909E+01       0.55379939E+00       0.00000000E+00       0.13074392E-01       0.37809364E-02       0.11341482E-01       0.68871614E-03       0.84965136E-02       0.14264151E-01       0.39230484E-03       0.42257339E-04       0.58193467E-02       0.36653076E-01       0.14068571E-03       0.15548722E-04       0.31707740E-02       0.14457833E-01       0.77618528E-04       0.95735270E-05       0.52560749E-02       0.34126999E-01       0.13976759E-03       0.14879194E-04       0.52555806E-02       0.34123139E-01       0.13976346E-03       0.14878820E-04
     -0.75632090E+01       0.16159876E+01       0.68519950E+00       0.00000000E+00       0.16427691E-01       0.44797463E-02       0.15047001E-01       0.75335995E-03       0.53224003E-02       0.20187588E-01       0.53972913E-03       0.49509963E-04       0.59971339E-02       0.47439062E-01       0.17447149E-03       0.20091721E-04       0.26787090E-02       0.17181377E-01       0.90985226E-04       0.11222871E-04       0.48558577E-02       0.42815720E-01       0.16505828E-03       0.18364899E-04       0.48552318E-02       0.42810772E-01       0.16505312E-03       0.18364525E-04
     -0.74601356E+01       0.20567638E+01       0.87723525E+00       0.00000000E+00       0.19980619E-01       0.57491793E-02       0.20679542E-01       0.87987341E-03       0.34566364E-02       0.27668265E-01       0.72810006E-03       0.60382853E-04       0.68676161E-02       0.61412156E-01       0.22411733E-03       0.26502634E-04       0.26890086E-02       0.22289278E-01       0.11469889E-03       0.14352567E-04       0.51572487E-02       0.55259492E-01       0.20915838E-03       0.23471722E-04       0.51564832E-02       0.55253146E-01       0.20915145E-03       0.23471303E-04
     -0.73570622E+01       0.26260911E+01       0.11232450E+01       0.00000000E+00       0.23361936E-01       0.75572072E-02       0.28151492E-01       0.10566599E-02       0.24912884E-02       0.36709352E-01       0.95768346E-03       0.73920258E-04       0.82814606E-02       0.77904710E-01       0.28788905E-03       0.34623296E-04       0.30999450E-02       0.29799004E-01       0.14765701E-03       0.18915834E-04       0.60076434E-02       0.71115204E-01       0.27054161E-03       0.30022450E-04       0.60067600E-02       0.71107284E-01       0.27053234E-03       0.30021946E-04
     -0.72539887E+01       0.32993974E+01       0.14137396E+01       0.00000000E+00       0.26218411E-01       0.98480393E-02       0.37174586E-01       0.12736913E-02       0.20931583E-02       0.47170614E-01       0.12278299E-02       0.89131059E-04       0.10079525E-01       0.95956557E-01       0.36329304E-03       0.44154428E-04       0.38209655E-02       0.39699851E-01       0.18838703E-03       0.24831007E-04       0.72600505E-02       0.89856383E-01       0.34704192E-03       0.37770992E-04       0.72591061E-02       0.89846890E-01       0.34702992E-03       0.37770372E-04
     -0.71509153E+01       0.40450881E+01       0.17360746E+01       0.00000000E+00       0.28277547E-01       0.12538619E-01       0.47224182E-01       0.15237115E-02       0.20205673E-02       0.58743307E-01       0.15372231E-02       0.10508706E-03       0.12100280E-01       0.11436992E+00       0.44699730E-03       0.54639733E-04       0.47730961E-02       0.51904797E-01       0.23500409E-03       0.31953662E-04       0.87757586E-02       0.11074845E+00       0.43566810E-03       0.46398607E-04       0.87748461E-02       0.11073760E+00       0.43565330E-03       0.46397844E-04
     -0.70478419E+01       0.48244966E+01       0.20742304E+01       0.00000000E+00       0.29395897E-01       0.15516880E-01       0.57551165E-01       0.18019314E-02       0.21143392E-02       0.70945166E-01       0.18838211E-02       0.12100015E-03       0.14183273E-01       0.13181877E+00       0.53481229E-03       0.65473979E-04       0.58839953E-02       0.66187482E-01       0.28518963E-03       0.40044767E-04       0.10419453E-01       0.13283015E+00       0.53241904E-03       0.55511012E-04       0.10418694E-01       0.13281835E+00       0.53240171E-03       0.55510083E-04
     -0.69447684E+01       0.55930950E+01       0.24091416E+01       0.00000000E+00       0.29578219E-01       0.18644808E-01       0.67256600E-01       0.21045525E-02       0.22777803E-02       0.83143872E-01       0.22642112E-02       0.13626815E-03       0.16173412E-01       0.14700699E+00       0.62183117E-03       0.75946403E-04       0.70825718E-02       0.82125450E-01       0.33625134E-03       0.48750430E-04       0.12054811E-01       0.15492811E+00       0.63225472E-03       0.64645714E-04       0.12054339E-01       0.15491595E+00       0.63223549E-03       0.64644609E-04
     -0.68416950E+01       0.63033692E+01       0.27198321E+01       0.00000000E+00       0.28961162E-01       0.21766497E-01       0.75421409E-01       0.24266661E-02       0.24558168E-02       0.94610963E-01       0.26723083E-02       0.15047574E-03       0.17928366E-01       0.15884600E+00       0.70276869E-03       0.85317903E-04       0.82959179E-02       0.99067593E-01       0.38527631E-03       0.57604530E-04       0.13545982E-01       0.17572153E+00       0.72931076E-03       0.73294552E-04       0.13545922E-01       0.17570968E+00       0.72929052E-03       0.73293272E-04
     -0.67386216E+01       0.69090591E+01       0.29853121E+01       0.00000000E+00       0.27766443E-01       0.24718734E-01       0.81260770E-01       0.27601505E-02       0.26182255E-02       0.10459855E+00       0.30977156E-02       0.16334407E-03       0.19328632E-01       0.16660738E+00       0.77245757E-03       0.92916286E-04       0.94491003E-02       0.11613669E+00       0.42934235E-03       0.66057493E-04       0.14766167E-01       0.19385558E+00       0.81734465E-03       0.80939975E-04       0.14766607E-01       0.19384470E+00       0.81732443E-03       0.80938540E-04
     -0.66355481E+01       0.73698881E+01       0.31868846E+01       0.00000000E+00       0.26238441E-01       0.27340910E-01       0.84261619E-01       0.30921411E-02       0.27481608E-02       0.11242292E+00       0.35245321E-02       0.17464265E-03       0.20287837E-01       0.17000786E+00       0.82639516E-03       0.98225242E-04       0.10467116E-01       0.13227051E+00       0.46573094E-03       0.73525991E-04       0.15610554E-01       0.20808369E+00       0.89031709E-03       0.87098266E-04       0.15611532E-01       0.20807433E+00       0.89029787E-03       0.87096715E-04
     -0.65324747E+01       0.76557603E+01       0.33103618E+01       0.00000000E+00       0.24586011E-01       0.29482532E-01       0.84267017E-01       0.34045484E-02       0.28353203E-02       0.11753696E+00       0.39317211E-02       0.18410127E-03       0.20760124E-01       0.16920562E+00       0.86121470E-03       0.10094447E-03       0.11278317E-01       0.14630016E+00       0.49210098E-03       0.79453183E-04       0.16008735E-01       0.21740971E+00       0.94297947E-03       0.91361407E-04       0.16010226E-01       0.21740222E+00       0.94296203E-03       0.91359797E-04
     -0.64294013E+01       0.77497522E+01       0.33477573E+01       0.00000000E+00       0.22946261E-01       0.31009618E-01       0.81490991E-01       0.36749767E-02       0.28725571E-02       0.11957965E+00       0.42961096E-02       0.19137579E-03       0.20742001E-01       0.16471879E+00       0.87499350E-03       0.10101039E-03       0.11819292E-01       0.15706246E+00       0.50662439E-03       0.83369126E-04       0.15932169E-01       0.22120591E+00       0.97137316E-03       0.93432441E-04       0.15934090E-01       0.22120045E+00       0.97135805E-03       0.93430843E-04
     -0.63263278E+01       0.76498255E+01       0.32982645E+01       0.00000000E+00       0.21379627E-01       0.31813648E-01       0.76471436E-01       0.38792316E-02       0.28548364E-02       0.11840127E+00       0.45984713E-02       0.19611553E-03       0.20267625E-01       0.15730387E+00       0.86738397E-03       0.98582675E-04       0.12041664E-01       0.16354157E+00       0.50812160E-03       0.84945045E-04       0.15394832E-01       0.21929792E+00       0.97321803E-03       0.93154448E-04       0.15397059E-01       0.21929444E+00       0.97320549E-03       0.93152938E-04
     -0.62232544E+01       0.73696173E+01       0.31685706E+01       0.00000000E+00       0.19893884E-01       0.31826471E-01       0.69985063E-01       0.39953078E-02       0.27796780E-02       0.11407229E+00       0.48319584E-02       0.19814463E-03       0.19398726E-01       0.14784045E+00       0.83961564E-03       0.94012750E-04       0.11920711E-01       0.16502836E+00       0.49623675E-03       0.84039098E-04       0.14448182E-01       0.21201951E+00       0.94821891E-03       0.90536109E-04       0.14450571E-01       0.21201781E+00       0.94820894E-03       0.90534760E-04
     -0.61201810E+01       0.69385504E+01       0.29726186E+01       0.00000000E+00       0.18484153E-01       0.31040795E-01       0.62950017E-01       0.40082532E-02       0.26483599E-02       0.10688408E+00       0.50106397E-02       0.19771335E-03       0.18212299E-01       0.13725383E+00       0.79442632E-03       0.87809691E-04       0.11464138E-01       0.16127275E+00       0.47164576E-03       0.80730917E-04       0.13173227E-01       0.20023853E+00       0.89830287E-03       0.85773877E-04       0.13175633E-01       0.20023837E+00       0.89829526E-03       0.85772758E-04
     -0.60171075E+01       0.64009104E+01       0.27307796E+01       0.00000000E+00       0.17170551E-01       0.29530168E-01       0.56330404E-01       0.39147361E-02       0.24671701E-02       0.97341581E-01       0.51746959E-02       0.19571993E-03       0.16789872E-01       0.12647750E+00       0.73592973E-03       0.80607560E-04       0.10717637E-01       0.15258985E+00       0.43622042E-03       0.75337358E-04       0.11671982E-01       0.18533828E+00       0.82771945E-03       0.79262895E-04       0.11674278E-01       0.18533939E+00       0.82771385E-03       0.79262066E-04
     -0.59140341E+01       0.58129181E+01       0.24681911E+01       0.00000000E+00       0.16016953E-01       0.27458052E-01       0.51042185E-01       0.37257835E-02       0.22480379E-02       0.86137857E-01       0.53886706E-02       0.19377988E-03       0.15211034E-01       0.11642902E+00       0.66935649E-03       0.73124359E-04       0.97633991E-02       0.13987626E+00       0.39302386E-03       0.68396862E-04       0.10058817E-01       0.16912122E+00       0.74285461E-03       0.71581677E-04       0.10060905E-01       0.16912340E+00       0.74285059E-03       0.71581189E-04
     -0.58109607E+01       0.52368363E+01       0.22119956E+01       0.00000000E+00       0.15122575E-01       0.25066225E-01       0.47852944E-01       0.34663532E-02       0.20079794E-02       0.74096773E-01       0.57307203E-02       0.19405263E-03       0.13551409E-01       0.10796239E+00       0.60057695E-03       0.66097140E-04       0.87093393E-02       0.12450768E+00       0.34603211E-03       0.60611271E-04       0.84506627E-02       0.15360501E+00       0.65161093E-03       0.63436585E-04       0.84524792E-02       0.15360812E+00       0.65160801E-03       0.63436480E-04
     -0.57078872E+01       0.47321363E+01       0.19875605E+01       0.00000000E+00       0.14589441E-01       0.22639487E-01       0.47275407E-01       0.31712794E-02       0.17671561E-02       0.62079113E-01       0.62740061E-02       0.19882501E-03       0.11882824E-01       0.10177566E+00       0.53537455E-03       0.60186981E-04       0.76701994E-02       0.10812465E+00       0.29956987E-03       0.52745250E-04       0.69552655E-02       0.14071475E+00       0.56233360E-03       0.55564537E-04       0.69567812E-02       0.14071870E+00       0.56233136E-03       0.55564847E-04
     -0.56048138E+01       0.43453844E+01       0.18143559E+01       0.00000000E+00       0.14478942E-01       0.20454002E-01       0.49472920E-01       0.28784480E-02       0.15458291E-02       0.50864986E-01       0.70652672E-02       0.20996743E-03       0.10272543E-01       0.98287935E-01       0.47857287E-03       0.55868301E-04       0.67453709E-02       0.92354611E-01       0.25757765E-03       0.45501241E-04       0.56585120E-02       0.13193192E+00       0.48247091E-03       0.48612099E-04       0.56597282E-02       0.13193666E+00       0.48246903E-03       0.48612838E-04
     -0.55017404E+01       0.41019144E+01       0.17026929E+01       0.00000000E+00       0.14775552E-01       0.18725482E-01       0.54212479E-01       0.26212302E-02       0.13609837E-02       0.41041992E-01       0.81083859E-02       0.22846597E-03       0.87796504E-02       0.97536333E-01       0.43325688E-03       0.53337403E-04       0.60003161E-02       0.78547185E-01       0.22292492E-03       0.39403010E-04       0.46139054E-02       0.12800735E+00       0.41733623E-03       0.43025638E-04       0.46148476E-02       0.12801279E+00       0.41733462E-03       0.43026801E-04
     -0.53986669E+01       0.40025288E+01       0.16525751E+01       0.00000000E+00       0.15373553E-01       0.17575489E-01       0.60902508E-01       0.24226390E-02       0.12236320E-02       0.32933067E-01       0.93605386E-02       0.25423883E-03       0.74492229E-02       0.99156424E-01       0.40037440E-03       0.52480941E-04       0.54576397E-02       0.67598796E-01       0.19699375E-03       0.34723768E-04       0.38378873E-02       0.12885070E+00       0.36937229E-03       0.38989967E-04       0.38385961E-02       0.12885666E+00       0.36937114E-03       0.38991519E-04
     -0.52955935E+01       0.40269980E+01       0.16553166E+01       0.00000000E+00       0.16093976E-01       0.17027689E-01       0.68730313E-01       0.22930697E-02       0.11376574E-02       0.26586418E-01       0.10744530E-01       0.28634581E-03       0.63069827E-02       0.10248632E+00       0.37890441E-03       0.52928601E-04       0.51003793E-02       0.59911120E-01       0.17966673E-03       0.31481890E-04       0.33131346E-02       0.13365684E+00       0.33816534E-03       0.36437774E-04       0.33136569E-02       0.13366299E+00       0.33816513E-03       0.36439645E-04
     -0.51925201E+01       0.41434857E+01       0.16975210E+01       0.00000000E+00       0.16727217E-01       0.17033300E-01       0.76873494E-01       0.22320653E-02       0.11005481E-02       0.21827635E-01       0.12174283E-01       0.32352934E-03       0.53574919E-02       0.10677926E+00       0.36656161E-03       0.54180806E-04       0.48854712E-02       0.55478907E-01       0.16970282E-03       0.29503147E-04       0.29989539E-02       0.14123764E+00       0.32118066E-03       0.35125122E-04       0.29993351E-02       0.14124348E+00       0.32118210E-03       0.35127210E-04
     -0.50894466E+01       0.43204482E+01       0.17659929E+01       0.00000000E+00       0.17086720E-01       0.17512520E-01       0.84719254E-01       0.22329378E-02       0.11056779E-02       0.18351930E-01       0.13584085E-01       0.36485987E-03       0.45873057E-02       0.11145021E+00       0.36077417E-03       0.55767600E-04       0.47617000E-02       0.54057909E-01       0.16534297E-03       0.28523918E-04       0.28450783E-02       0.15043858E+00       0.31491975E-03       0.34742125E-04       0.28453568E-02       0.15044348E+00       0.31492367E-03       0.34744293E-04
     -0.49863732E+01       0.45363768E+01       0.18517018E+01       0.00000000E+00       0.17054899E-01       0.18392475E-01       0.92009186E-01       0.22880235E-02       0.11452132E-02       0.15823087E-01       0.14949445E-01       0.41018601E-03       0.39720612E-02       0.11625239E+00       0.35954973E-03       0.57378025E-04       0.46853481E-02       0.55341274E-01       0.16491813E-03       0.28296207E-04       0.28040686E-02       0.16047912E+00       0.31606288E-03       0.35015504E-04       0.28042738E-02       0.16048235E+00       0.31607007E-03       0.35017594E-04
     -0.48832998E+01       0.47836583E+01       0.19513096E+01       0.00000000E+00       0.16605934E-01       0.19625203E-01       0.98848401E-01       0.23923049E-02       0.12124962E-02       0.13948926E-01       0.16290172E-01       0.46015696E-03       0.34847034E-02       0.12130146E+00       0.36190201E-03       0.58910584E-04       0.46285379E-02       0.59079691E-01       0.16725801E-03       0.28658042E-04       0.28386075E-02       0.17108749E+00       0.32221202E-03       0.35766791E-04       0.28387602E-02       0.17108835E+00       0.32222307E-03       0.35768642E-04
     -0.47802263E+01       0.50654377E+01       0.20658478E+01       0.00000000E+00       0.15799521E-01       0.21179703E-01       0.10557135E+00       0.25440657E-02       0.13029950E-02       0.12517625E-01       0.17653650E-01       0.51576883E-03       0.31018626E-02       0.12693189E+00       0.36772317E-03       0.60430563E-04       0.45789257E-02       0.65110675E-01       0.17180057E-03       0.29549719E-04       0.29225546E-02       0.18239108E+00       0.33205356E-03       0.36912286E-04       0.29226684E-02       0.18238898E+00       0.33206872E-03       0.36913750E-04
     -0.46771529E+01       0.53874374E+01       0.21973679E+01       0.00000000E+00       0.14750807E-01       0.23014724E-01       0.11251798E+00       0.27426839E-02       0.14135186E-02       0.11396785E-01       0.19084973E-01       0.57760501E-03       0.28066777E-02       0.13344871E+00       0.37724281E-03       0.62061639E-04       0.45331382E-02       0.73301335E-01       0.17842725E-03       0.30979155E-04       0.30373434E-02       0.19463021E+00       0.34501301E-03       0.38417146E-04       0.30374273E-02       0.19462473E+00       0.34503210E-03       0.38418109E-04
     -0.45740795E+01       0.57487626E+01       0.23452203E+01       0.00000000E+00       0.13589713E-01       0.25047629E-01       0.11981303E+00       0.29849283E-02       0.15401396E-02       0.10509699E-01       0.20596423E-01       0.64509029E-03       0.25881732E-02       0.14088775E+00       0.39038467E-03       0.63866570E-04       0.44884817E-02       0.83441577E-01       0.18714518E-03       0.32958439E-04       0.31668910E-02       0.20783576E+00       0.36066419E-03       0.40233831E-04       0.31669509E-02       0.20782672E+00       0.36068665E-03       0.40234232E-04
     -0.44710060E+01       0.61359225E+01       0.25036703E+01       0.00000000E+00       0.12424716E-01       0.27135815E-01       0.12723910E+00       0.32617084E-02       0.16758537E-02       0.98068422E-02       0.22149173E-01       0.71609150E-03       0.24386709E-02       0.14889412E+00       0.40634088E-03       0.65772308E-04       0.44372552E-02       0.95140980E-01       0.19777367E-03       0.35441742E-04       0.32941234E-02       0.22161852E+00       0.37821129E-03       0.42257586E-04       0.32941634E-02       0.22160601E+00       0.37823618E-03       0.42257421E-04
     -0.43679326E+01       0.65226699E+01       0.26618902E+01       0.00000000E+00       0.11321932E-01       0.29081078E-01       0.13425296E+00       0.35569564E-02       0.18091752E-02       0.92458843E-02       0.23655039E-01       0.78707120E-03       0.23510928E-02       0.15677471E+00       0.42354549E-03       0.67570425E-04       0.43659105E-02       0.10777981E+00       0.20976680E-03       0.38290695E-04       0.34007913E-02       0.23516114E+00       0.39628081E-03       0.44319529E-04       0.34008144E-02       0.23514549E+00       0.39630699E-03       0.44318856E-04
     -0.42648592E+01       0.68756935E+01       0.28063096E+01       0.00000000E+00       0.10302864E-01       0.30657522E-01       0.14013527E+00       0.38493999E-02       0.19245554E-02       0.87850304E-02       0.24998096E-01       0.85379214E-03       0.23175081E-02       0.16370553E+00       0.44003175E-03       0.68987965E-04       0.42586344E-02       0.12054513E+00       0.22223612E-03       0.41280384E-04       0.34703269E-02       0.24741235E+00       0.41309443E-03       0.46218678E-04       0.34703355E-02       0.24739415E+00       0.41312071E-03       0.46217607E-04
     -0.41617857E+01       0.71638365E+01       0.29243562E+01       0.00000000E+00       0.93569248E-02       0.31654545E-01       0.14421294E+00       0.41168198E-02       0.20048095E-02       0.83867521E-02       0.26068442E-01       0.91236398E-03       0.23293288E-02       0.16901330E+00       0.45399819E-03       0.69794301E-04       0.41030009E-02       0.13255297E+00       0.23415665E-03       0.44143019E-04       0.34919998E-02       0.25739912E+00       0.42692110E-03       0.47776848E-04       0.34919965E-02       0.25737914E+00       0.42694649E-03       0.47775524E-04
     -0.40587123E+01       0.73672652E+01       0.30081195E+01       0.00000000E+00       0.84607219E-02       0.31921398E-01       0.14607118E+00       0.43414077E-02       0.20349179E-02       0.80251861E-02       0.26796079E-01       0.96029483E-03       0.23786746E-02       0.17242634E+00       0.46434889E-03       0.69897968E-04       0.38948813E-02       0.14302527E+00       0.24466953E-03       0.46632675E-04       0.34641352E-02       0.26452854E+00       0.43659488E-03       0.48891787E-04       0.34641232E-02       0.26450770E+00       0.43661875E-03       0.48890372E-04
     -0.39556389E+01       0.74832103E+01       0.30565717E+01       0.00000000E+00       0.75957781E-02       0.31399838E-01       0.14568255E+00       0.45143593E-02       0.20059579E-02       0.76908563E-02       0.27173086E-01       0.99719981E-03       0.24599311E-02       0.17420822E+00       0.47101314E-03       0.69395833E-04       0.36406383E-02       0.15146568E+00       0.25335711E-03       0.48587491E-04       0.33947129E-02       0.26876149E+00       0.44186990E-03       0.49566180E-04       0.33946969E-02       0.26874080E+00       0.44189215E-03       0.49564835E-04
     -0.38525654E+01       0.75263375E+01       0.30755842E+01       0.00000000E+00       0.67590964E-02       0.30135649E-01       0.14341592E+00       0.46380264E-02       0.19177816E-02       0.73894935E-02       0.27256608E-01       0.10249324E-02       0.25705213E-02       0.17513476E+00       0.47495230E-03       0.68558908E-04       0.33560563E-02       0.15777317E+00       0.26037374E-03       0.49967371E-04       0.32988863E-02       0.27059517E+00       0.44346217E-03       0.49901039E-04       0.32988717E-02       0.27057565E+00       0.44348325E-03       0.49899909E-04
     -0.37494920E+01       0.75238455E+01       0.30758267E+01       0.00000000E+00       0.59648613E-02       0.28266558E-01       0.13993219E+00       0.47247579E-02       0.17794567E-02       0.71353524E-02       0.27152039E-01       0.10471014E-02       0.27103286E-02       0.17633096E+00       0.47787499E-03       0.67763901E-04       0.30627117E-02       0.16224999E+00       0.26636930E-03       0.50854666E-04       0.31942567E-02       0.27086806E+00       0.44276130E-03       0.50056454E-04       0.31942492E-02       0.27085067E+00       0.44278222E-03       0.50055667E-04
     -0.36464186E+01       0.75072627E+01       0.30694050E+01       0.00000000E+00       0.52389957E-02       0.25990997E-01       0.13601087E+00       0.47927214E-02       0.16072787E-02       0.69419630E-02       0.26982567E-01       0.10681499E-02       0.28798231E-02       0.17902736E+00       0.48176772E-03       0.67397605E-04       0.27831371E-02       0.16549832E+00       0.27222566E-03       0.51419124E-04       0.30956140E-02       0.27046744E+00       0.44132924E-03       0.50194893E-04       0.30956188E-02       0.27045309E+00       0.44135144E-03       0.50194554E-04
     -0.35433451E+01       0.75039101E+01       0.30664749E+01       0.00000000E+00       0.46102042E-02       0.23527404E-01       0.13236907E+00       0.48600886E-02       0.14210198E-02       0.68139882E-02       0.26855496E-01       0.10923152E-02       0.30774950E-02       0.18431081E+00       0.48838454E-03       0.67766493E-04       0.25361834E-02       0.16824040E+00       0.27870485E-03       0.51860878E-04       0.30109896E-02       0.27005123E+00       0.44038067E-03       0.50427621E-04       0.30110099E-02       0.27004075E+00       0.44040582E-03       0.50427822E-04
     -0.34402717E+01       0.75307589E+01       0.30729381E+01       0.00000000E+00       0.41013322E-02       0.21075525E-01       0.12952774E+00       0.49395190E-02       0.12396459E-02       0.67429686E-02       0.26835822E-01       0.11227980E-02       0.32974483E-02       0.19293064E+00       0.49882349E-03       0.69036199E-04       0.23336391E-02       0.17112310E+00       0.28614460E-03       0.52351422E-04       0.29402837E-02       0.26987998E+00       0.44043135E-03       0.50781717E-04       0.29403205E-02       0.26987414E+00       0.44046112E-03       0.50782536E-04
     -0.33371983E+01       0.75921337E+01       0.30897579E+01       0.00000000E+00       0.37237307E-02       0.18789142E-01       0.12775479E+00       0.50346736E-02       0.10778018E-02       0.67078947E-02       0.26933615E-01       0.11613399E-02       0.35279161E-02       0.20518758E+00       0.51326636E-03       0.71209909E-04       0.21786789E-02       0.17456876E+00       0.29431323E-03       0.52990542E-04       0.28766902E-02       0.26980100E+00       0.44121524E-03       0.51195558E-04       0.28767424E-02       0.26980049E+00       0.44125104E-03       0.51197056E-04
     -0.32341248E+01       0.76810779E+01       0.31137376E+01       0.00000000E+00       0.34755704E-02       0.16764708E-01       0.12708360E+00       0.51396389E-02       0.94394218E-03       0.66797040E-02       0.27106119E-01       0.12082192E-02       0.37511791E-02       0.22089937E+00       0.53090119E-03       0.74139337E-04       0.20662472E-02       0.17871279E+00       0.30246443E-03       0.53789161E-04       0.28100872E-02       0.26936155E+00       0.44185331E-03       0.51539457E-04       0.28101518E-02       0.26936693E+00       0.44189602E-03       0.51541664E-04
     -0.31310514E+01       0.77830160E+01       0.31391283E+01       0.00000000E+00       0.33434865E-02       0.15044742E-01       0.12738183E+00       0.52410908E-02       0.84031956E-03       0.66276542E-02       0.27270845E-01       0.12625195E-02       0.39451162E-02       0.23942152E+00       0.55001198E-03       0.77554012E-04       0.19851401E-02       0.18344029E+00       0.30955148E-03       0.54678944E-04       0.27309309E-02       0.26798283E+00       0.44116625E-03       0.51650626E-04       0.27310038E-02       0.26799435E+00       0.44121597E-03       0.51653526E-04
     -0.30279780E+01       0.78801061E+01       0.31593629E+01       0.00000000E+00       0.33061134E-02       0.13630874E-01       0.12843959E+00       0.53222552E-02       0.76442635E-03       0.65254362E-02       0.27324212E-01       0.13224976E-02       0.40864804E-02       0.25970751E+00       0.56821616E-03       0.81096414E-04       0.19213461E-02       0.18851042E+00       0.31450866E-03       0.55543158E-04       0.26332161E-02       0.26511990E+00       0.43799696E-03       0.51370280E-04       0.26332930E-02       0.26513738E+00       0.43805289E-03       0.51373798E-04
     -0.29249045E+01       0.79552406E+01       0.31684973E+01       0.00000000E+00       0.33381494E-02       0.12500257E-01       0.13005413E+00       0.53674799E-02       0.71116029E-03       0.63556297E-02       0.27161250E-01       0.13859598E-02       0.41558206E-02       0.28041061E+00       0.58283652E-03       0.84358280E-04       0.18621132E-02       0.19374339E+00       0.31650467E-03       0.56260618E-04       0.25156761E-02       0.26036235E+00       0.43144655E-03       0.50574492E-04       0.25157527E-02       0.26038509E+00       0.43150704E-03       0.50578492E-04
     -0.28218311E+01       0.79954309E+01       0.31622990E+01       0.00000000E+00       0.34142456E-02       0.11620503E-01       0.13210109E+00       0.53664349E-02       0.67498879E-03       0.61120755E-02       0.26693721E-01       0.14506761E-02       0.41435040E-02       0.30003852E+00       0.59138186E-03       0.86920347E-04       0.18001173E-02       0.19923348E+00       0.31510650E-03       0.56753591E-04       0.23812454E-02       0.25347312E+00       0.42099511E-03       0.49195421E-04       0.23813183E-02       0.25349988E+00       0.42105785E-03       0.49199714E-04
     -0.27187577E+01       0.79946833E+01       0.31391080E+01       0.00000000E+00       0.35126383E-02       0.10960672E-01       0.13458927E+00       0.53173003E-02       0.65161225E-03       0.58003978E-02       0.25865050E-01       0.15149036E-02       0.40554978E-02       0.31716140E+00       0.59206585E-03       0.88398676E-04       0.17369440E-02       0.20553574E+00       0.31033714E-03       0.57029063E-04       0.22354827E-02       0.24439395E+00       0.40653407E-03       0.47232651E-04       0.22355495E-02       0.24442315E+00       0.40659649E-03       0.47237025E-04
     -0.26156842E+01       0.79562181E+01       0.31004984E+01       0.00000000E+00       0.36185270E-02       0.10497743E-01       0.13769128E+00       0.52285021E-02       0.63889058E-03       0.54370078E-02       0.24660346E-01       0.15780048E-02       0.39167671E-02       0.33064488E+00       0.58423755E-03       0.88495469E-04       0.16848895E-02       0.21375573E+00       0.30264147E-03       0.57200768E-04       0.20848668E-02       0.23325042E+00       0.38835481E-03       0.44754782E-04       0.20849261E-02       0.23328033E+00       0.38841445E-03       0.44759036E-04
     -0.25126108E+01       0.78932743E+01       0.30515182E+01       0.00000000E+00       0.37266504E-02       0.10218623E-01       0.14173205E+00       0.51185490E-02       0.63697676E-03       0.50466816E-02       0.23109477E-01       0.16409610E-02       0.37699572E-02       0.33984932E+00       0.56857426E-03       0.87045258E-04       0.16660284E-02       0.22546577E+00       0.29278491E-03       0.57479421E-04       0.19356209E-02       0.22036962E+00       0.36712056E-03       0.41890648E-04       0.19356721E-02       0.22039864E+00       0.36717545E-03       0.41894625E-04
     -0.24095374E+01       0.78273674E+01       0.30001016E+01       0.00000000E+00       0.38417929E-02       0.10117528E-01       0.14711259E+00       0.50134950E-02       0.64768394E-03       0.46586301E-02       0.21281860E-01       0.17064201E-02       0.36679363E-02       0.34472342E+00       0.54692996E-03       0.84043635E-04       0.17078334E-02       0.24239563E+00       0.28170551E-03       0.58123789E-04       0.17932178E-02       0.20629546E+00       0.34381603E-03       0.38809815E-04       0.17932611E-02       0.20632239E+00       0.34386487E-03       0.38813420E-04
     -0.23064640E+01       0.77832034E+01       0.29553419E+01       0.00000000E+00       0.39758148E-02       0.10188591E-01       0.15415824E+00       0.49417898E-02       0.67318126E-03       0.43011761E-02       0.19273642E-01       0.17779282E-02       0.36607666E-02       0.34573905E+00       0.52183936E-03       0.79647990E-04       0.18355064E-02       0.26590982E+00       0.27033597E-03       0.59356775E-04       0.16622724E-02       0.19176786E+00       0.31964673E-03       0.35694095E-04       0.16623081E-02       0.19179200E+00       0.31968896E-03       0.35697303E-04
     -0.22033905E+01       0.77806230E+01       0.29247194E+01       0.00000000E+00       0.41407682E-02       0.10414653E-01       0.16291216E+00       0.49269751E-02       0.71425417E-03       0.39957287E-02       0.17190301E-01       0.18582536E-02       0.37801102E-02       0.34366296E+00       0.49580533E-03       0.74147157E-04       0.20624585E-02       0.29637677E+00       0.25941579E-03       0.61265898E-04       0.15463784E-02       0.17763580E+00       0.29586535E-03       0.32704945E-04       0.15464070E-02       0.17765699E+00       0.29590105E-03       0.32707789E-04
     -0.21003171E+01       0.78255491E+01       0.29109468E+01       0.00000000E+00       0.43395874E-02       0.10755375E-01       0.17293489E+00       0.49797263E-02       0.76858133E-03       0.37514183E-02       0.15129163E-01       0.19471691E-02       0.40259135E-02       0.33922612E+00       0.47059097E-03       0.67906177E-04       0.23816353E-02       0.33262129E+00       0.24932585E-03       0.63720301E-04       0.14476303E-02       0.16470075E+00       0.27353528E-03       0.29954054E-04       0.14476518E-02       0.16471932E+00       0.27356499E-03       0.29956606E-04
     -0.19972437E+01       0.79031440E+01       0.29095498E+01       0.00000000E+00       0.45577950E-02       0.11139769E-01       0.18319687E+00       0.50916606E-02       0.82966025E-03       0.35621108E-02       0.13166160E-01       0.20395044E-02       0.43604715E-02       0.33280508E+00       0.44675212E-03       0.61300223E-04       0.27609724E-02       0.37168528E+00       0.23998880E-03       0.66339421E-04       0.13659297E-02       0.15352493E+00       0.25328676E-03       0.27484877E-04       0.13659444E-02       0.15354150E+00       0.25331130E-03       0.27487218E-04
     -0.18941702E+01       0.79764408E+01       0.29083298E+01       0.00000000E+00       0.47603688E-02       0.11468404E-01       0.19214139E+00       0.52335108E-02       0.88698948E-03       0.34072264E-02       0.11349486E-01       0.21244376E-02       0.47132068E-02       0.32424332E+00       0.42357235E-03       0.54655014E-04       0.31456641E-02       0.40906570E+00       0.23087630E-03       0.68537015E-04       0.12984795E-02       0.14426831E+00       0.23515198E-03       0.25270657E-04       0.12984879E-02       0.14428364E+00       0.23517225E-03       0.25272860E-04
     -0.17910968E+01       0.79921943E+01       0.28893351E+01       0.00000000E+00       0.48965483E-02       0.11627741E-01       0.19794250E+00       0.53592810E-02       0.92778007E-03       0.32567555E-02       0.97004978E-02       0.21866923E-02       0.49960600E-02       0.31289720E+00       0.39942399E-03       0.48208629E-04       0.34679831E-02       0.43945511E+00       0.22114060E-03       0.69639700E-04       0.12399048E-02       0.13662202E+00       0.21855807E-03       0.23230113E-04       0.12399076E-02       0.13663681E+00       0.21857497E-03       0.23232224E-04
     -0.16880234E+01       0.78930423E+01       0.28330402E+01       0.00000000E+00       0.49122061E-02       0.11514119E-01       0.19890502E+00       0.54160027E-02       0.93988960E-03       0.30793879E-02       0.82201021E-02       0.22095990E-02       0.51254841E-02       0.29790281E+00       0.37242730E-03       0.42101944E-04       0.36626409E-02       0.45782424E+00       0.20984756E-03       0.69050131E-04       0.11831871E-02       0.12987641E+00       0.20250740E-03       0.21256567E-04       0.11831852E-02       0.12989113E+00       0.20252167E-03       0.21258600E-04
     -0.15849499E+01       0.76324119E+01       0.27235009E+01       0.00000000E+00       0.47658828E-02       0.11060020E-01       0.19388691E+00       0.53564935E-02       0.91509197E-03       0.28513597E-02       0.68976489E-02       0.21791737E-02       0.50442725E-02       0.27856461E+00       0.34117424E-03       0.36394927E-04       0.36832175E-02       0.46053973E+00       0.19624691E-03       0.66404289E-04       0.11212068E-02       0.12311207E+00       0.18590024E-03       0.19251945E-04       0.11212013E-02       0.12312691E+00       0.18591244E-03       0.19253887E-04
     -0.14818765E+01       0.71872708E+01       0.25527822E+01       0.00000000E+00       0.44425369E-02       0.10253190E-01       0.18260405E+00       0.51511503E-02       0.85152646E-03       0.25631302E-02       0.57192493E-02       0.20878725E-02       0.47361483E-02       0.25471260E+00       0.30526677E-03       0.31097898E-04       0.35142514E-02       0.44617455E+00       0.17999576E-03       0.61670839E-04       0.10483868E-02       0.11545362E+00       0.16789400E-03       0.17155460E-04       0.10483788E-02       0.11546846E+00       0.16790450E-03       0.17157279E-04
     -0.13788031E+01       0.65645434E+01       0.23232001E+01       0.00000000E+00       0.39596608E-02       0.91413617E-02       0.16571723E+00       0.47950255E-02       0.75439574E-03       0.22216809E-02       0.46733200E-02       0.19367544E-02       0.42285380E-02       0.22689064E+00       0.26550111E-03       0.26203919E-04       0.31748284E-02       0.41576935E+00       0.16126542E-03       0.55160419E-04       0.96188706E-03       0.10630295E+00       0.14817501E-03       0.14958921E-04       0.96187749E-03       0.10631741E+00       0.14818400E-03       0.14960580E-04
     -0.12757296E+01       0.57994482E+01       0.20467678E+01       0.00000000E+00       0.33634841E-02       0.78207999E-02       0.14468096E+00       0.43081979E-02       0.63464011E-03       0.18478524E-02       0.37525941E-02       0.17354006E-02       0.35832504E-02       0.19631482E+00       0.22366984E-03       0.21711539E-04       0.27125686E-02       0.37249733E+00       0.14070571E-03       0.47445716E-04       0.86201917E-03       0.95480181E-01       0.12705438E-03       0.12705582E-04       0.86200870E-03       0.95493744E-01       0.12706194E-03       0.12707048E-04
     -0.11726562E+01       0.49469909E+01       0.17422693E+01       0.00000000E+00       0.27169833E-02       0.64130419E-02       0.12141934E+00       0.37299151E-02       0.50609869E-03       0.14699782E-02       0.29532274E-02       0.14997756E-02       0.28790186E-02       0.16463719E+00       0.18209400E-03       0.17633648E-04       0.21904396E-02       0.32088522E+00       0.11929301E-03       0.39224150E-04       0.75188036E-03       0.83239531E-01       0.10537079E-03       0.10475187E-04       0.75186958E-03       0.83251701E-01       0.10537696E-03       0.10476439E-04
     -0.10695828E+01       0.40699774E+01       0.14311215E+01       0.00000000E+00       0.20844110E-02       0.50380930E-02       0.97945196E-01       0.31090032E-02       0.38220399E-03       0.11162913E-02       0.22724516E-02       0.12488788E-02       0.21922294E-02       0.13361671E+00       0.14307444E-03       0.13994605E-04       0.16712151E-02       0.26586294E+00       0.98124867E-04       0.31170685E-04       0.63646857E-03       0.70172854E-01       0.84255351E-04       0.83619916E-05       0.63645793E-03       0.70183254E-01       0.84260215E-04       0.83630220E-05
     -0.96650933E+00       0.32274316E+01       0.11333612E+01       0.00000000E+00       0.15177561E-02       0.37924244E-02       0.76044251E-01       0.24938070E-02       0.27331388E-03       0.80868534E-03       0.17062763E-02       0.10012652E-02       0.15818287E-02       0.10481182E+00       0.10844582E-03       0.10821295E-04       0.12046362E-02       0.21191526E+00       0.78230135E-04       0.23823687E-04       0.52162490E-03       0.57046541E-01       0.64857385E-04       0.64536218E-05       0.52161473E-03       0.57054986E-01       0.64861062E-04       0.64544378E-05
     -0.86343589E+00       0.24663399E+01       0.86474880E+00       0.00000000E+00       0.10489580E-02       0.27370028E-02       0.57113202E-01       0.19243517E-02       0.18539496E-03       0.55950422E-03       0.12482051E-02       0.77231381E-03       0.10818806E-02       0.79373395E-01       0.79344544E-04       0.81339585E-05       0.82056639E-03       0.16251457E+00       0.60444920E-04       0.17527338E-04       0.41308466E-03       0.44627625E-01       0.48131481E-04       0.48170036E-05       0.41307506E-03       0.44634133E-01       0.48134158E-04       0.48176226E-05
     -0.76036246E+00       0.18179934E+01       0.63539332E+00       0.00000000E+00       0.68892730E-03       0.18962043E-02       0.42195447E-01       0.14280606E-02       0.12017906E-03       0.37168996E-03       0.88922913E-03       0.57268014E-03       0.70198991E-03       0.57962627E-01       0.56210157E-04       0.59409093E-05       0.52873202E-03       0.11988493E+00       0.45375980E-04       0.12431083E-04       0.31579769E-03       0.33544674E-01       0.34754983E-04       0.34945092E-05       0.31578822E-03       0.33549427E-01       0.34756901E-04       0.34949533E-05
     -0.65728903E+00       0.12987110E+01       0.44978624E+00       0.00000000E+00       0.43192158E-03       0.12649450E-02       0.32219706E-01       0.10189823E-02       0.76414926E-04       0.24149684E-03       0.61885903E-03       0.40794191E-03       0.43326550E-03       0.40775167E-01       0.38972031E-04       0.42393998E-05       0.32334409E-03       0.85045382E-01       0.33452112E-04       0.85301714E-05       0.23359036E-03       0.24208341E-01       0.25199307E-04       0.25105783E-05       0.23357963E-03       0.24211620E-01       0.25200735E-04       0.25108673E-05
     -0.55421559E+00       0.91386910E+00       0.30783759E+00       0.00000000E+00       0.26254439E-03       0.81983191E-03       0.28419958E-01       0.69960807E-03       0.51609026E-04       0.16247032E-03       0.42678588E-03       0.27917324E-03       0.25650668E-03       0.27633812E-01       0.27346702E-04       0.30235135E-05       0.18984883E-03       0.58033186E-01       0.25055296E-04       0.57258770E-05       0.16920349E-03       0.16795420E-01       0.19935772E-04       0.18870232E-05       0.16918848E-03       0.16797527E-01       0.19936994E-04       0.18871666E-05
     -0.45114216E+00       0.66387337E+00       0.20644567E+00       0.00000000E+00       0.16272705E-03       0.53050831E-03       0.32887133E-01       0.46409402E-03       0.43692739E-04       0.12947546E-03       0.30482446E-03       0.18408812E-03       0.14975666E-03       0.18113178E-01       0.21178331E-04       0.22988638E-05       0.11131318E-03       0.38208688E-01       0.20721110E-04       0.38874650E-05       0.12471701E-03       0.11284843E-01       0.19722705E-04       0.16638679E-05       0.12469218E-03       0.11286041E-01       0.19723979E-04       0.16638557E-05
     -0.34806873E+00       0.55066275E+00       0.14118867E+00       0.00000000E+00       0.11699200E-03       0.36873414E-03       0.49154052E-01       0.30185696E-03       0.52236960E-04       0.14193363E-03       0.24885099E-03       0.11841302E-03       0.93604260E-04       0.11669228E-01       0.20769855E-04       0.21021459E-05       0.72967839E-04       0.24568497E-01       0.21389501E-04       0.29049071E-05       0.10230519E-03       0.75256279E-02       0.25890852E-04       0.19210605E-05       0.10226140E-03       0.75260900E-02       0.25892358E-04       0.19208540E-05
     -0.24499530E+00       0.58325130E+00       0.10780892E+00       0.00000000E+00       0.11538221E-03       0.31414793E-03       0.82638656E-01       0.20080775E-03       0.79018564E-04       0.20575949E-03       0.26038233E-03       0.77211577E-04       0.73873337E-04       0.77549030E-02       0.27154412E-04       0.25209546E-05       0.64523835E-04       0.16020071E-01       0.28663083E-04       0.27270021E-05       0.10515628E-03       0.53142193E-02       0.40516623E-04       0.27943938E-05       0.10507982E-03       0.53139984E-02       0.40518347E-04       0.27939183E-05
     -0.14192186E+00       0.78067017E+00       0.10322778E+00       0.00000000E+00       0.15418964E-03       0.35656970E-03       0.14068724E+00       0.14975951E-03       0.12785487E-03       0.33361548E-03       0.34725696E-03       0.55954103E-04       0.82144380E-04       0.59079268E-02       0.42238466E-04       0.37061772E-05       0.80592841E-04       0.11589327E-01       0.44991039E-04       0.33816996E-05       0.13826569E-03       0.44605807E-02       0.66355256E-04       0.44770179E-05       0.13813793E-03       0.44595936E-02       0.66356825E-04       0.44761613E-05
     -0.38848431E-01       0.11707073E+01       0.12589803E+00       0.00000000E+00       0.23491336E-03       0.49509186E-03       0.23192452E+00       0.13976636E-03       0.20369023E-03       0.54310127E-03       0.52271702E-03       0.51194727E-04       0.11482542E-03       0.58001389E-02       0.68722475E-04       0.58670243E-05       0.11978793E-03       0.10544531E-01       0.73656238E-04       0.49749448E-05       0.20874115E-03       0.48275939E-02       0.10642317E-03       0.71977964E-05       0.20853967E-03       0.48256212E-02       0.10642364E-03       0.71964178E-05
      0.64225002E-01       0.17834202E+01       0.17540830E+00       0.00000000E+00       0.36190002E-03       0.73438183E-03       0.36470384E+00       0.16434926E-03       0.31102117E-03       0.85262232E-03       0.80227913E-03       0.60792981E-04       0.17141369E-03       0.72422434E-02       0.10970002E-03       0.92393226E-05       0.18302954E-03       0.12429392E-01       0.11842766E-03       0.76638929E-05       0.32531993E-03       0.63362311E-02       0.16319841E-03       0.11171717E-04       0.32502174E-03       0.63329397E-02       0.16319607E-03       0.11169668E-04
      0.16729843E+00       0.26397234E+01       0.25141712E+00       0.00000000E+00       0.53911309E-03       0.10788874E-02       0.54470299E+00       0.21877359E-03       0.45193355E-03       0.12751641E-02       0.11982535E-02       0.83693048E-04       0.25241201E-03       0.10144606E-01       0.16788248E-03       0.14022813E-04       0.27146513E-03       0.17009001E-01       0.18278112E-03       0.11602623E-04       0.49702598E-03       0.89383204E-02       0.23755526E-03       0.16526608E-04       0.49661314E-03       0.89333165E-02       0.23754762E-03       0.16523770E-04
      0.27037187E+00       0.37372712E+01       0.35219253E+00       0.00000000E+00       0.76659644E-03       0.15261127E-02       0.77209771E+00       0.29874148E-03       0.62426174E-03       0.18110687E-02       0.17126297E-02       0.11934831E-03       0.35724996E-03       0.14443079E-01       0.24450987E-03       0.20293449E-04       0.38437844E-03       0.24144816E-01       0.26871033E-03       0.16865107E-04       0.73126946E-03       0.12568070E-01       0.32772487E-03       0.23222853E-04       0.73073633E-03       0.12560986E-01       0.32770882E-03       0.23219174E-04
      0.37344530E+00       0.50377422E+01       0.47320946E+00       0.00000000E+00       0.10374249E-02       0.20606630E-02       0.10391306E+01       0.39900033E-03       0.82054565E-03       0.24418819E-02       0.23300671E-02       0.16694755E-03       0.48254704E-03       0.20007671E-01       0.33817199E-03       0.27910210E-04       0.51752374E-03       0.33628732E-01       0.37533855E-03       0.23360347E-04       0.10320891E-02       0.17090618E-01       0.42869270E-03       0.30993452E-04       0.10314496E-02       0.17081224E-01       0.42866507E-03       0.30988986E-04
      0.47651873E+00       0.64605396E+01       0.60632853E+00       0.00000000E+00       0.13360943E-02       0.26510008E-02       0.13290756E+01       0.51238422E-03       0.10284041E-02       0.31278655E-02       0.30134585E-02       0.22465300E-03       0.62107869E-03       0.26558862E-01       0.44391754E-03       0.36447620E-04       0.66236456E-03       0.45019257E-01       0.49774133E-03       0.30764720E-04       0.13994377E-02       0.22268077E-01       0.53241272E-03       0.39334017E-04       0.13987297E-02       0.22256397E-01       0.53237098E-03       0.39328931E-04
      0.57959217E+00       0.78870606E+01       0.73998680E+00       0.00000000E+00       0.16391976E-02       0.32505083E-02       0.16174056E+01       0.62967431E-03       0.12325843E-02       0.38113072E-02       0.37045229E-02       0.28908745E-03       0.76177401E-03       0.33619449E-01       0.55308516E-03       0.45188397E-04       0.80660172E-03       0.57530741E-01       0.62650481E-03       0.38501027E-04       0.18301782E-02       0.27759343E-01       0.62899593E-03       0.47561314E-04       0.18294638E-02       0.27745739E-01       0.62893903E-03       0.47555877E-04
      0.68266560E+00       0.91768626E+01       0.86055862E+00       0.00000000E+00       0.19187343E-02       0.38034067E-02       0.18753710E+01       0.74040348E-03       0.14183475E-02       0.44261053E-02       0.43307942E-02       0.35527999E-03       0.89091868E-03       0.40525300E-01       0.65417286E-03       0.53199734E-04       0.93608194E-03       0.70022846E-01       0.74846657E-03       0.45787285E-04       0.23206920E-02       0.33159202E-01       0.70867395E-03       0.54936110E-04       0.23200506E-02       0.33144391E-01       0.70860293E-03       0.54930649E-04
      0.78573903E+00       0.10193011E+02       0.95466228E+00       0.00000000E+00       0.21475756E-02       0.42545762E-02       0.20753566E+01       0.83441229E-03       0.15752290E-02       0.49116979E-02       0.48183709E-02       0.41717871E-03       0.99445329E-03       0.46504774E-01       0.73476069E-03       0.59491662E-04       0.10377444E-02       0.81116250E-01       0.84877307E-03       0.51759268E-04       0.28698880E-02       0.38068011E-01       0.76399369E-03       0.60819380E-04       0.28694053E-02       0.38052989E-01       0.76391183E-03       0.60814222E-04
      0.88881246E+00       0.10830133E+02       0.10118248E+01       0.00000000E+00       0.23057342E-02       0.45608420E-02       0.21966327E+01       0.90369276E-03       0.16998497E-02       0.52272289E-02       0.51075026E-02       0.46866710E-03       0.10609177E-02       0.50815262E-01       0.78410045E-03       0.63224139E-04       0.11028599E-02       0.89422631E-01       0.91390890E-03       0.55643892E-04       0.34805192E-02       0.42170452E-01       0.79153523E-03       0.64812586E-04       0.34802721E-02       0.42156344E-01       0.79144768E-03       0.64808010E-04
      0.99188590E+00       0.11036874E+02       0.10267217E+01       0.00000000E+00       0.23855520E-02       0.47004428E-02       0.22297898E+01       0.94392761E-03       0.17966063E-02       0.53610951E-02       0.51664987E-02       0.50482574E-03       0.10843228E-02       0.52902637E-01       0.79565498E-03       0.63904463E-04       0.11296494E-02       0.93832720E-01       0.93489609E-03       0.56936316E-04       0.41567644E-02       0.45296182E-01       0.79256120E-03       0.66833045E-04       0.41568072E-02       0.45284041E-01       0.79247425E-03       0.66829258E-04
      0.10949593E+01       0.10825648E+02       0.10002823E+01       0.00000000E+00       0.23940575E-02       0.46776186E-02       0.21784568E+01       0.95521025E-03       0.18757653E-02       0.53323538E-02       0.49994394E-02       0.52304605E-03       0.10661673E-02       0.52535263E-01       0.76878116E-03       0.61511785E-04       0.11245564E-02       0.93774963E-01       0.90965901E-03       0.55524577E-04       0.48974857E-02       0.47440075E-01       0.77237229E-03       0.67096866E-04       0.48978386E-02       0.47430704E-01       0.77229229E-03       0.67093994E-04
      0.11980328E+01       0.10266593E+02       0.93929868E+00       0.00000000E+00       0.23516359E-02       0.45206542E-02       0.20577746E+01       0.94170284E-03       0.19495331E-02       0.51835662E-02       0.46450030E-02       0.52360931E-03       0.10160438E-02       0.49867046E-01       0.70898809E-03       0.56506273E-04       0.11019504E-02       0.89357240E-01       0.84374647E-03       0.51718797E-04       0.56870988E-02       0.48734651E-01       0.73861149E-03       0.66016964E-04       0.56877425E-02       0.48728485E-01       0.73854391E-03       0.66015076E-04
      0.13011062E+01       0.94680844E+01       0.85467103E+00       0.00000000E+00       0.22874697E-02       0.42738688E-02       0.18902134E+01       0.91036914E-03       0.20276175E-02       0.49681417E-02       0.41668008E-02       0.50951717E-03       0.95073821E-03       0.45405729E-01       0.62668956E-03       0.49720140E-04       0.10826215E-02       0.81340744E-01       0.74915534E-03       0.46174409E-04       0.64883741E-02       0.49386529E-01       0.69913324E-03       0.64057327E-04       0.64892509E-02       0.49383609E-01       0.69908197E-03       0.64056447E-04
      0.14041796E+01       0.85507035E+01       0.75888022E+00       0.00000000E+00       0.22333695E-02       0.39861571E-02       0.17002084E+01       0.86925934E-03       0.21141435E-02       0.47373785E-02       0.36386130E-02       0.48563886E-03       0.89224365E-03       0.39895637E-01       0.53489853E-03       0.42168944E-04       0.10917988E-02       0.70955527E-01       0.64167281E-03       0.39736749E-04       0.72420796E-02       0.49603730E-01       0.66017562E-03       0.61601025E-04       0.72431004E-02       0.49603766E-01       0.66014254E-03       0.61601143E-04
      0.15072531E+01       0.76232380E+01       0.66349235E+00       0.00000000E+00       0.22180179E-02       0.36998311E-02       0.15093680E+01       0.82596691E-03       0.22072493E-02       0.45320039E-02       0.31294784E-02       0.45749362E-03       0.86540928E-03       0.34153930E-01       0.44663944E-03       0.34845830E-04       0.11573400E-02       0.59623570E-01       0.53763617E-03       0.33260505E-04       0.78761882E-02       0.49543513E-01       0.62539767E-03       0.58880230E-04       0.78772455E-02       0.49545993E-01       0.62538259E-03       0.58881300E-04
      0.16103265E+01       0.67674274E+01       0.57739250E+00       0.00000000E+00       0.22630954E-02       0.34431347E-02       0.13335627E+01       0.78674297E-03       0.23014279E-02       0.43802885E-02       0.26930250E-02       0.43009087E-03       0.89584649E-03       0.28912388E-01       0.37284235E-03       0.28558584E-04       0.13082252E-02       0.48681469E-01       0.45108747E-03       0.27460032E-04       0.83229878E-02       0.49298810E-01       0.59595421E-03       0.55985535E-04       0.83239720E-02       0.49303126E-01       0.59595507E-03       0.55987467E-04
      0.17133999E+01       0.60337427E+01       0.50607445E+00       0.00000000E+00       0.23815750E-02       0.32280816E-02       0.11822815E+01       0.75639186E-03       0.23912967E-02       0.43012393E-02       0.23631293E-02       0.40715834E-03       0.10082318E-02       0.24707648E-01       0.32116488E-03       0.23843425E-04       0.15728019E-02       0.39180328E-01       0.39197708E-03       0.22826150E-04       0.85380223E-02       0.48920845E-01       0.57135349E-03       0.52934563E-04       0.85388383E-02       0.48926389E-01       0.57136664E-03       0.52937215E-04
      0.18164734E+01       0.54458159E+01       0.45187148E+00       0.00000000E+00       0.25773707E-02       0.30530560E-02       0.10597044E+01       0.73865988E-03       0.24747200E-02       0.43089153E-02       0.21551857E-02       0.39086554E-03       0.12245217E-02       0.21837851E-01       0.29574526E-03       0.20955014E-04       0.19757998E-02       0.31796568E-01       0.36554877E-03       0.19613450E-04       0.85129891E-02       0.48456890E-01       0.55056895E-03       0.49754943E-04       0.85135703E-02       0.48463116E-01       0.55058969E-03       0.49758134E-04
      0.19195468E+01       0.50084010E+01       0.41470768E+00       0.00000000E+00       0.28451482E-02       0.29079985E-02       0.96642544E+00       0.73658140E-03       0.25535328E-02       0.44138366E-02       0.20703050E-02       0.38192651E-03       0.15612090E-02       0.20376260E-01       0.29754204E-03       0.19905936E-04       0.25332902E-02       0.26838907E-01       0.37259214E-03       0.17875462E-04       0.82768689E-02       0.47975588E-01       0.53286484E-03       0.46536023E-04       0.82771844E-02       0.47982042E-01       0.53288800E-03       0.46539551E-04
      0.20226202E+01       0.47139307E+01       0.39289452E+00       0.00000000E+00       0.31696180E-02       0.27796447E-02       0.90083063E+00       0.75229730E-03       0.26313621E-02       0.46196342E-02       0.20994030E-02       0.37985540E-03       0.20249360E-02       0.20215662E-01       0.32480771E-03       0.20520910E-04       0.32456129E-02       0.24307125E-01       0.41006727E-03       0.17514488E-04       0.78847285E-02       0.47560847E-01       0.51802388E-03       0.43425446E-04       0.78847833E-02       0.47567175E-01       0.51804443E-03       0.43429114E-04
      0.21256937E+01       0.45452050E+01       0.38366782E+00       0.00000000E+00       0.35246551E-02       0.26551217E-02       0.85965638E+00       0.78618991E-03       0.27095596E-02       0.49162178E-02       0.22252596E-02       0.38318690E-03       0.26066526E-02       0.21116643E-01       0.37338532E-03       0.22480670E-04       0.40896083E-02       0.23957257E-01       0.47171816E-03       0.18320099E-04       0.73990828E-02       0.47273779E-01       0.50599807E-03       0.40577594E-04       0.73989104E-02       0.47279721E-01       0.50601175E-03       0.40581233E-04
      0.22287671E+01       0.44748463E+01       0.38342597E+00       0.00000000E+00       0.38734626E-02       0.25235493E-02       0.83787231E+00       0.83563111E-03       0.27832525E-02       0.52731515E-02       0.24224602E-02       0.38960676E-03       0.32758340E-02       0.22745008E-01       0.43680281E-03       0.25349562E-04       0.50128003E-02       0.25349466E-01       0.54857573E-03       0.19988275E-04       0.68715798E-02       0.47100469E-01       0.49627651E-03       0.38084252E-04       0.68712318E-02       0.47105853E-01       0.49628038E-03       0.38087733E-04
      0.23318405E+01       0.44642682E+01       0.38784267E+00       0.00000000E+00       0.41711671E-02       0.23763555E-02       0.82844030E+00       0.89399448E-03       0.28395432E-02       0.56375136E-02       0.26567191E-02       0.39607366E-03       0.39774819E-02       0.24699609E-01       0.50641053E-03       0.28598285E-04       0.59328504E-02       0.27882833E-01       0.62952919E-03       0.22131243E-04       0.63318516E-02       0.46912718E-01       0.48736498E-03       0.35923661E-04       0.63313859E-02       0.46917446E-01       0.48735775E-03       0.35926899E-04
      0.24349140E+01       0.44652030E+01       0.39209663E+00       0.00000000E+00       0.43705666E-02       0.22073305E-02       0.82254566E+00       0.95065753E-03       0.28590032E-02       0.59391023E-02       0.28857508E-02       0.39907278E-03       0.46349265E-02       0.26542580E-01       0.57192245E-03       0.31640687E-04       0.67450529E-02       0.30839679E-01       0.70226243E-03       0.24297227E-04       0.57865549E-02       0.46465704E-01       0.47668877E-03       0.33952723E-04       0.57860266E-02       0.46469740E-01       0.47667083E-03       0.33955666E-04
      0.25379874E+01       0.44254642E+01       0.39137665E+00       0.00000000E+00       0.44304879E-02       0.20130788E-02       0.81062242E+00       0.99243735E-03       0.28202685E-02       0.61030723E-02       0.30633218E-02       0.39509584E-03       0.51602223E-02       0.27844100E-01       0.62260950E-03       0.33897877E-04       0.73385584E-02       0.33461406E-01       0.75474461E-03       0.26015613E-04       0.52271278E-02       0.45442817E-01       0.46102648E-03       0.31946642E-04       0.52265836E-02       0.45446170E-01       0.46099973E-03       0.31949264E-04
      0.26410608E+01       0.42983721E+01       0.38164348E+00       0.00000000E+00       0.43248725E-02       0.17938651E-02       0.78406536E+00       0.10063400E-02       0.27063093E-02       0.60670238E-02       0.31466204E-02       0.38131695E-03       0.54711998E-02       0.28244031E-01       0.64908832E-03       0.34887229E-04       0.76187679E-02       0.35059742E-01       0.77717197E-03       0.26868769E-04       0.46417038E-02       0.43539067E-01       0.43735193E-03       0.29670837E-04       0.46411797E-02       0.43541778E-01       0.43731927E-03       0.29673127E-04
      0.27441343E+01       0.40531881E+01       0.36044906E+00       0.00000000E+00       0.40498846E-02       0.15543331E-02       0.73713439E+00       0.98288040E-03       0.25102503E-02       0.57973718E-02       0.31052499E-02       0.35629453E-03       0.55109761E-02       0.27518643E-01       0.64528493E-03       0.34315613E-04       0.75300921E-02       0.35141855E-01       0.76392062E-03       0.26574111E-04       0.40259364E-02       0.40557570E-01       0.40378751E-03       0.26958466E-04       0.40254577E-02       0.40559702E-01       0.40375228E-03       0.26960422E-04
      0.28472077E+01       0.36828888E+01       0.32751843E+00       0.00000000E+00       0.36264741E-02       0.13034530E-02       0.66837632E+00       0.91884026E-03       0.22386901E-02       0.52994419E-02       0.29288464E-02       0.32045073E-03       0.52635715E-02       0.25630456E-01       0.60992082E-03       0.32145324E-04       0.70716807E-02       0.33509789E-01       0.71487089E-03       0.25048416E-04       0.33889021E-02       0.36485285E-01       0.36031456E-03       0.23766247E-04       0.33884847E-02       0.36486911E-01       0.36027992E-03       0.23767873E-04
      0.29502811E+01       0.32061840E+01       0.28484038E+00       0.00000000E+00       0.30970527E-02       0.10533478E-02       0.58100012E+00       0.81841300E-03       0.19112912E-02       0.46175333E-02       0.26302868E-02       0.27611448E-03       0.47596859E-02       0.22739516E-01       0.54692073E-03       0.28604601E-04       0.63000828E-02       0.30295217E-01       0.63554653E-03       0.22427736E-04       0.27527637E-02       0.31518922E-01       0.30896482E-03       0.20190298E-04       0.27524153E-02       0.31520121E-01       0.30893332E-03       0.20191610E-04
      0.30533546E+01       0.26626790E+01       0.23618104E+00       0.00000000E+00       0.25168917E-02       0.81715184E-03       0.48200840E+00       0.69224618E-03       0.15567118E-02       0.38246204E-02       0.22428681E-02       0.22705924E-03       0.40699257E-02       0.19166423E-01       0.46449283E-03       0.24132639E-04       0.53170287E-02       0.25911404E-01       0.53588179E-03       0.19031212E-04       0.21473392E-02       0.26029295E-01       0.25340753E-03       0.16438778E-04       0.21470610E-02       0.26030148E-01       0.25338079E-03       0.16439799E-04
      0.31564280E+01       0.21026654E+01       0.18615486E+00       0.00000000E+00       0.19427223E-02       0.60650581E-03       0.38035593E+00       0.55470592E-03       0.12062397E-02       0.30050770E-02       0.18121286E-02       0.17766043E-03       0.32875127E-02       0.15315805E-01       0.37313371E-03       0.19273689E-04       0.42459550E-02       0.20935875E-01       0.42793525E-03       0.15278794E-04       0.16023011E-02       0.20475562E-01       0.19807405E-03       0.12773390E-04       0.16020887E-02       0.20476145E-01       0.19805277E-03       0.12774153E-04
      0.32595014E+01       0.15749957E+01       0.13915514E+00       0.00000000E+00       0.14219698E-02       0.42946417E-03       0.28476130E+00       0.42035600E-03       0.88723320E-03       0.22361441E-02       0.13850525E-02       0.13194515E-03       0.25064641E-02       0.11584449E-01       0.28321726E-03       0.14554162E-04       0.32049720E-02       0.15963550E-01       0.32326446E-03       0.11590537E-04       0.11400518E-02       0.15299476E-01       0.14712847E-03       0.94416628E-05       0.11398972E-02       0.15299858E-01       0.14711255E-03       0.94422089E-05
      0.33625748E+01       0.11169595E+01       0.98481302E-01       0.00000000E+00       0.98562914E-03       0.28942215E-03       0.20187908E+00       0.30085592E-03       0.61836249E-03       0.15738164E-02       0.10002309E-02       0.92835225E-04       0.18024867E-02       0.82830714E-02       0.20294071E-03       0.10381073E-04       0.22847509E-02       0.11478320E-01       0.23076665E-03       0.83002043E-05       0.77150845E-03       0.10835236E-01       0.10362508E-03       0.66225051E-05       0.77140130E-03       0.10835475E-01       0.10361386E-03       0.66228778E-05
      0.34656483E+01       0.74889707E+00       0.65893181E-01       0.00000000E+00       0.64622426E-03       0.18525680E-03       0.13532581E+00       0.20317052E-03       0.40777503E-03       0.10465524E-02       0.68182421E-03       0.61785331E-04       0.12219522E-02       0.55929814E-02       0.13718430E-03       0.69883985E-05       0.15370878E-02       0.77783508E-02       0.15554489E-03       0.56068098E-05       0.49557388E-03       0.72607872E-02       0.69084701E-04       0.43994769E-05       0.49550336E-03       0.72609304E-02       0.69077250E-04       0.43997189E-05
      0.35687217E+01       0.47418722E+00       0.41638085E-01       0.00000000E+00       0.40039458E-03       0.11244146E-03       0.85674601E-01       0.12935934E-03       0.25413441E-03       0.65697241E-03       0.43838062E-03       0.38849469E-04       0.78056137E-03       0.35634739E-02       0.87432049E-04       0.44371379E-05       0.97528885E-03       0.49654760E-02       0.98922759E-04       0.35704573E-05       0.30166133E-03       0.45976491E-02       0.43537193E-04       0.27640336E-05       0.30161732E-03       0.45977305E-02       0.43532526E-04       0.27641828E-05
      0.36717951E+01       0.28329709E+00       0.24828106E-01       0.00000000E+00       0.23427323E-03       0.64623032E-04       0.51181882E-01       0.77610131E-04       0.14955034E-03       0.38904995E-03       0.26568838E-03       0.23057206E-04       0.46965215E-03       0.21408835E-02       0.52511748E-04       0.26556903E-05       0.58334367E-03       0.29849793E-02       0.59324444E-04       0.21424138E-05       0.17379435E-03       0.27481585E-02       0.25908264E-04       0.16403891E-05       0.17376835E-03       0.27482025E-02       0.25905507E-04       0.16404762E-05
      0.37748686E+01       0.15959051E+00       0.13962676E-01       0.00000000E+00       0.12943209E-03       0.35129264E-04       0.28831338E-01       0.43856462E-04       0.83068650E-04       0.21721095E-03       0.15171374E-03       0.12909411E-04       0.26613413E-03       0.12121872E-02       0.29708872E-04       0.14976205E-05       0.32881154E-03       0.16892815E-02       0.33531285E-04       0.12108349E-05       0.94714878E-04       0.15493353E-02       0.14546227E-04       0.91878864E-06       0.94700355E-04       0.15493579E-02       0.14544690E-04       0.91883677E-06
      0.38779420E+01       0.84733528E-01       0.74077243E-02       0.00000000E+00       0.67689199E-04       0.18047830E-04       0.15305661E-01       0.23336765E-04       0.43623744E-04       0.11427949E-03       0.81592234E-04       0.68220196E-05       0.14212694E-03       0.64659466E-03       0.15827626E-04       0.79545079E-06       0.17474457E-03       0.89979831E-03       0.17855488E-04       0.64436839E-06       0.48927086E-04       0.82332737E-03       0.77003452E-05       0.48533188E-06       0.48919427E-04       0.82333837E-03       0.76995382E-05       0.48535700E-06
      0.39810154E+01       0.42409631E-01       0.37219303E-02       0.00000000E+00       0.34025469E-04       0.87638083E-05       0.76539398E-02       0.11697903E-04       0.21906848E-04       0.56638478E-04       0.41321700E-04       0.34215450E-05       0.71869944E-04       0.32489055E-03       0.79385512E-05       0.39782886E-06       0.87915377E-04       0.45105222E-03       0.89557430E-05       0.32282315E-06       0.24311014E-04       0.41224135E-03       0.38416064E-05       0.24165443E-06       0.24307207E-04       0.41224641E-03       0.38412067E-05       0.24166680E-06
      0.40840889E+01       0.20067822E-01       0.18096087E-02       0.00000000E+00       0.17723017E-04       0.40398015E-05       0.36044200E-02       0.55422220E-05       0.11145770E-04       0.26442144E-04       0.19719623E-04       0.16783714E-05       0.35271768E-04       0.15394636E-03       0.37485598E-05       0.18735370E-06       0.42804970E-04       0.21287057E-03       0.42327311E-05       0.15227712E-06       0.12513587E-04       0.19453759E-03       0.18060455E-05       0.11341188E-06       0.12511816E-04       0.19453979E-03       0.18058591E-05       0.11341761E-06
      0.41871623E+01       0.91273490E-02       0.94063146E-03       0.00000000E+00       0.12332450E-04       0.18166748E-05       0.15986046E-02       0.25273872E-05       0.71272037E-05       0.11644852E-04       0.89089185E-05       0.91893291E-06       0.18763776E-04       0.69291640E-04       0.16682508E-05       0.83195001E-07       0.22308007E-04       0.94857905E-04       0.18916690E-05       0.67745192E-07       0.86097745E-05       0.86819791E-04       0.80140312E-06       0.50259117E-07       0.86090291E-05       0.86820671E-04       0.80132140E-06       0.50261588E-07
      0.42902357E+01       0.43199139E-02       0.69908014E-03       0.00000000E+00       0.15163534E-04       0.91203902E-06       0.66893694E-03       0.12094289E-05       0.78772020E-05       0.48816420E-05       0.39060038E-05       0.77580709E-06       0.14626277E-04       0.30781182E-04       0.70444149E-06       0.35119343E-07       0.16642923E-04       0.40571948E-04       0.81474727E-06       0.28701639E-07       0.10536285E-04       0.37378775E-04       0.33906341E-06       0.21269308E-07       0.10536060E-04       0.37379067E-04       0.33903016E-06       0.21270242E-07
      0.43933092E+01       0.27629336E-02       0.91310210E-03       0.00000000E+00       0.26804810E-04       0.73757611E-06       0.26688974E-03       0.79929548E-06       0.13319263E-04       0.20459623E-05       0.18620317E-05       0.11245860E-05       0.19830717E-04       0.15894808E-04       0.29235425E-06       0.14704949E-07       0.21743074E-04       0.18093002E-04       0.36982525E-06       0.12165456E-07       0.18633848E-04       0.17114058E-04       0.14420910E-06       0.91052315E-08       0.18633939E-04       0.17114062E-04       0.14419736E-06       0.91054154E-08
      0.44963826E+01       0.31263366E-02       0.15966188E-02       0.00000000E+00       0.50900981E-04       0.10937462E-05       0.10703304E-03       0.93876771E-06       0.25070031E-04       0.10535902E-05       0.13216579E-05       0.20350248E-05       0.35027541E-04       0.13527058E-04       0.13900314E-06       0.72940507E-08       0.37877579E-04       0.11186612E-04       0.23382493E-06       0.62768015E-08       0.35432266E-04       0.11318392E-04       0.76111518E-07       0.49136062E-08       0.35432659E-04       0.11318193E-04       0.76109631E-07       0.49133150E-08
      0.45994560E+01       0.50304225E-02       0.29113990E-02       0.00000000E+00       0.94140157E-04       0.20515850E-05       0.52930924E-04       0.15373289E-05       0.46369869E-04       0.96559930E-06       0.16607677E-05       0.37423642E-05       0.63868088E-04       0.19435456E-04       0.10711636E-06       0.60907178E-08       0.68716490E-04       0.12788583E-04       0.26243156E-06       0.55526046E-08       0.65622693E-04       0.13709332E-04       0.70618779E-07       0.46648226E-08       0.65623517E-04       0.13708896E-04       0.70622648E-07       0.46640418E-08
      0.47025295E+01       0.86655160E-02       0.51428790E-02       0.00000000E+00       0.16621070E-03       0.39044713E-05       0.45068364E-04       0.26691090E-05       0.82031808E-04       0.14516712E-05       0.27237238E-05       0.66298309E-05       0.11253723E-03       0.33396106E-04       0.14140623E-06       0.84410025E-08       0.12069383E-03       0.20921952E-04       0.40731091E-06       0.78809553E-08       0.11603176E-03       0.22708969E-04       0.10426582E-06       0.68730785E-08       0.11603328E-03       0.22708184E-04       0.10427509E-06       0.68715972E-08
      0.48056029E+01       0.14561349E-01       0.86757263E-02       0.00000000E+00       0.27938328E-03       0.71623399E-05       0.60414241E-04       0.45100653E-05       0.13823028E-03       0.25008869E-05       0.46134646E-05       0.11205798E-04       0.18921436E-03       0.57607390E-04       0.22695475E-06       0.13747652E-07       0.20234909E-03       0.36435068E-04       0.66877714E-06       0.12826042E-07       0.19534668E-03       0.39385858E-04       0.17434078E-06       0.11326674E-07       0.19534932E-03       0.39384545E-04       0.17435711E-06       0.11324112E-07
      0.49086763E+01       0.23426537E-01       0.13954792E-01       0.00000000E+00       0.44739898E-03       0.12558544E-04       0.91819605E-04       0.72926875E-05       0.22195774E-03       0.42831990E-05       0.75730409E-05       0.18058843E-04       0.30317160E-03       0.95789553E-04       0.36766133E-06       0.22397883E-07       0.32333145E-03       0.61821797E-04       0.10700622E-05       0.20744192E-07       0.31335793E-03       0.66369520E-04       0.28866396E-06       0.18428757E-07       0.31336228E-03       0.66367435E-04       0.28869033E-06       0.18424568E-07
      0.50117498E+01       0.36000832E-01       0.21422795E-01       0.00000000E+00       0.68351237E-03       0.21042423E-04       0.13823070E-03       0.11261584E-04       0.34005822E-03       0.70891180E-05       0.11908723E-04       0.27780700E-04       0.46334179E-03       0.15253976E-03       0.57537203E-06       0.35226421E-07       0.49289416E-03       0.10053179E-03       0.16425804E-05       0.32324221E-07       0.47960285E-03       0.10719714E-03       0.46033750E-06       0.28851094E-07       0.47960973E-03       0.10719398E-03       0.46037780E-06       0.28844571E-07
      0.51148232E+01       0.52897133E-01       0.31436858E-01       0.00000000E+00       0.99785234E-03       0.33740410E-04       0.20022256E-03       0.16623295E-04       0.49790371E-03       0.11304907E-04       0.17925917E-04       0.40860322E-04       0.67642213E-03       0.23269537E-03       0.86403695E-06       0.53230109E-07       0.71795805E-03       0.15640774E-03       0.24161851E-05       0.48319837E-07       0.70151333E-03       0.16576983E-03       0.70470509E-06       0.43329664E-07       0.70152374E-03       0.16576525E-03       0.70476385E-06       0.43319973E-07
      0.52178966E+01       0.74444572E-01       0.44179360E-01       0.00000000E+00       0.13946505E-02       0.51883166E-04       0.27793839E-03       0.23494577E-04       0.69797918E-03       0.17403160E-04       0.25869683E-04       0.57568999E-04       0.94487127E-03       0.34065570E-03       0.12462473E-05       0.77401433E-07       0.10011156E-02       0.23310818E-03       0.34121020E-05       0.69365817E-07       0.98244445E-03       0.24580237E-03       0.10373154E-05       0.62527744E-07       0.98245959E-03       0.24579599E-03       0.10373972E-05       0.62513980E-07
      0.53209701E+01       0.10057117E+00       0.59590225E-01       0.00000000E+00       0.18702069E-02       0.76717273E-04       0.37015764E-03       0.31862518E-04       0.93881607E-03       0.25945114E-04       0.35878349E-04       0.77871475E-04       0.12654090E-02       0.47978712E-03       0.17314956E-05       0.10864538E-06       0.13391785E-02       0.33355776E-03       0.46386895E-05       0.95852957E-07       0.13201966E-02       0.35032704E-03       0.14728291E-05       0.86961241E-07       0.13202178E-02       0.35031845E-03       0.14729381E-05       0.86942518E-07
      0.54240435E+01       0.13077499E+00       0.77351383E-01       0.00000000E+00       0.24125240E-02       0.10943642E-03       0.47407293E-03       0.41573911E-04       0.12147634E-02       0.37599651E-04       0.47967059E-04       0.10140282E-03       0.16287052E-02       0.65213387E-03       0.23265619E-05       0.14779068E-06       0.17229125E-02       0.45959225E-03       0.60911343E-05       0.12788407E-06       0.17067011E-02       0.48142008E-03       0.20254325E-05       0.11701279E-06       0.17067299E-02       0.48140887E-03       0.20255714E-05       0.11698833E-06
      0.55271169E+01       0.16421913E+00       0.96944798E-01       0.00000000E+00       0.30031983E-02       0.15117003E-03       0.58570755E-03       0.52367255E-04       0.15169310E-02       0.53185893E-04       0.62056616E-04       0.12753894E-03       0.20207376E-02       0.85864113E-03       0.30385980E-05       0.19570637E-06       0.21383637E-02       0.61198442E-03       0.77559272E-05       0.16534207E-06       0.21293167E-02       0.64032477E-03       0.27113621E-05       0.15306060E-06       0.21293549E-02       0.64031046E-03       0.27115316E-05       0.15302981E-06
      0.56301904E+01       0.19994633E+00       0.11778190E+00       0.00000000E+00       0.36214120E-02       0.20305013E-03       0.70074701E-03       0.63947227E-04       0.18352640E-02       0.73739178E-04       0.78047730E-04       0.15555835E-03       0.24257824E-02       0.10999208E-02       0.38806971E-05       0.25349430E-06       0.25696607E-02       0.79091832E-03       0.96193391E-05       0.20807347E-06       0.25736668E-02       0.82800951E-03       0.35535563E-05       0.19570764E-06       0.25737163E-02       0.82799152E-03       0.35537544E-05       0.19567011E-06
      0.57332638E+01       0.23715786E+00       0.13937132E+00       0.00000000E+00       0.42489468E-02       0.26634027E-03       0.81561821E-03       0.76082928E-04       0.21612218E-02       0.10058916E-03       0.95920214E-04       0.18485311E-03       0.28303085E-02       0.13773336E-02       0.48787952E-05       0.32269571E-06       0.30025502E-02       0.99677587E-03       0.11677594E-04       0.25615223E-06       0.30272883E-02       0.10459850E-02       0.45875764E-05       0.24604770E-06       0.30273513E-02       0.10459626E-02       0.45877981E-05       0.24600311E-06
      0.58363372E+01       0.27545978E+00       0.16146734E+00       0.00000000E+00       0.48744782E-02       0.34257682E-03       0.92844780E-03       0.88695233E-04       0.24901437E-02       0.13543105E-03       0.11581893E-03       0.21511493E-03       0.32264757E-02       0.16939278E-02       0.60778663E-05       0.40543935E-06       0.34274736E-02       0.12308795E-02       0.13945517E-04       0.31014476E-06       0.34828606E-02       0.12969970E-02       0.58671066E-05       0.30586155E-06       0.34829400E-02       0.12969691E-02       0.58673440E-05       0.30580957E-06
      0.59394107E+01       0.31497442E+00       0.18413828E+00       0.00000000E+00       0.54954290E-02       0.43366308E-03       0.10395359E-02       0.10189525E-03       0.28223394E-02       0.18037379E-03       0.13808627E-03       0.24641938E-03       0.36138114E-02       0.20547304E-02       0.75453372E-05       0.50449895E-06       0.38410047E-02       0.14957495E-02       0.16461161E-04       0.37128327E-06       0.39397459E-02       0.15851588E-02       0.74671491E-05       0.37763936E-06       0.39398452E-02       0.15851241E-02       0.74673917E-05       0.37757944E-06
      0.60424841E+01       0.35626130E+00       0.20772090E+00       0.00000000E+00       0.61165581E-02       0.54188725E-03       0.11511312E-02       0.11595188E-03       0.31623551E-02       0.23797248E-03       0.16322342E-03       0.27916565E-03       0.39981747E-02       0.24661370E-02       0.93710674E-05       0.62332128E-06       0.42450629E-02       0.17945934E-02       0.19286460E-04       0.44149101E-06       0.44031532E-02       0.19153037E-02       0.94839774E-05       0.46439855E-06       0.44032764E-02       0.19152608E-02       0.94842126E-05       0.46432987E-06
      0.61455575E+01       0.40007568E+00       0.23267689E+00       0.00000000E+00       0.67459455E-02       0.66989499E-03       0.12665622E-02       0.13119832E-03       0.35166519E-02       0.31128564E-03       0.19180263E-03       0.31389416E-03       0.43882147E-02       0.29346296E-02       0.11665526E-04       0.76616979E-06       0.46442939E-02       0.21301260E-02       0.22506939E-04       0.52328171E-06       0.48812739E-02       0.22917693E-02       0.12032848E-04       0.56939432E-06       0.48814253E-02       0.22917169E-02       0.12033061E-04       0.56931582E-06
      0.62486310E+01       0.44707895E+00       0.25941819E+00       0.00000000E+00       0.73903915E-02       0.82069369E-03       0.13890626E-02       0.14792181E-03       0.38907245E-02       0.40402987E-03       0.22439455E-03       0.35106784E-03       0.47907437E-02       0.34655255E-02       0.14560273E-04       0.93855432E-06       0.50428970E-02       0.25032576E-02       0.26235077E-04       0.61964115E-06       0.53817371E-02       0.27172781E-02       0.15246734E-04       0.69595829E-06       0.53819212E-02       0.27172152E-02       0.15246907E-04       0.69586883E-06
      0.63517044E+01       0.49764994E+00       0.28818985E+00       0.00000000E+00       0.80526551E-02       0.99775730E-03       0.15207773E-02       0.16629772E-03       0.42870582E-02       0.52088905E-03       0.26158719E-03       0.39092836E-03       0.52071389E-02       0.40626038E-02       0.18215292E-04       0.11480035E-05       0.54424632E-02       0.29123932E-02       0.30620199E-04       0.73402621E-06       0.59091297E-02       0.31927297E-02       0.19280249E-04       0.84774043E-06       0.59093507E-02       0.31926564E-02       0.19280361E-04       0.84763909E-06
      0.64547778E+01       0.55190460E+00       0.31907582E+00       0.00000000E+00       0.87320205E-02       0.12052359E-02       0.16623693E-02       0.18641502E-03       0.47049720E-02       0.66800212E-03       0.30415529E-03       0.43350441E-03       0.56325780E-02       0.47290922E-02       0.22836622E-04       0.14050920E-05       0.58418271E-02       0.33538807E-02       0.35863859E-04       0.87057156E-06       0.64647810E-02       0.37184003E-02       0.24323206E-04       0.10295884E-05       0.64650422E-02       0.37183177E-02       0.24323225E-04       0.10294746E-05
      0.65578513E+01       0.60992167E+00       0.35212969E+00       0.00000000E+00       0.94277449E-02       0.14481904E-02       0.18133538E-02       0.20839675E-03       0.51424445E-02       0.85356754E-03       0.35338116E-03       0.47876580E-03       0.60585962E-02       0.54697090E-02       0.28704059E-04       0.17244806E-05       0.62387830E-02       0.38235365E-02       0.42235278E-04       0.10344646E-05       0.70487341E-02       0.42962994E-02       0.30625908E-04       0.12490849E-05       0.70490377E-02       0.42962102E-02       0.30625794E-04       0.12489585E-05
      0.66609247E+01       0.67206080E+00       0.38756687E+00       0.00000000E+00       0.10143148E-01       0.17327770E-02       0.19729457E-02       0.23256942E-03       0.55989693E-02       0.10885060E-02       0.41149009E-03       0.52683340E-03       0.64777656E-02       0.62927522E-02       0.36206928E-04       0.21258356E-05       0.66324705E-02       0.43185301E-02       0.50082028E-04       0.12323631E-05       0.76625348E-02       0.49327289E-02       0.38538772E-04       0.15186464E-05       0.76628817E-02       0.49326374E-02       0.38538468E-04       0.15185069E-05
      0.67639981E+01       0.73921393E+00       0.42592612E+00       0.00000000E+00       0.10887631E-01       0.20664277E-02       0.21409972E-02       0.25960999E-03       0.60779785E-02       0.13872315E-02       0.48217047E-03       0.57812271E-03       0.68881774E-02       0.72110954E-02       0.45887260E-04       0.26348353E-05       0.70249600E-02       0.48386633E-02       0.59838104E-04       0.14727705E-05       0.83109759E-02       0.56398862E-02       0.48572132E-04       0.18581148E-05       0.83113654E-02       0.56397985E-02       0.48571564E-04       0.18579613E-05
      0.68670716E+01       0.81289096E+00       0.46814060E+00       0.00000000E+00       0.11675255E-01       0.24582557E-02       0.23186744E-02       0.29061706E-03       0.65877384E-02       0.17688300E-02       0.57121734E-03       0.63334372E-03       0.72955532E-02       0.82416496E-02       0.58494836E-04       0.32849477E-05       0.74212974E-02       0.53864877E-02       0.72042266E-04       0.17664815E-05       0.90016274E-02       0.64359330E-02       0.61489553E-04       0.22980855E-05       0.90020570E-02       0.64358569E-02       0.61488630E-04       0.22979150E-05
      0.69701450E+01       0.89517011E+00       0.51553123E+00       0.00000000E+00       0.12521037E-01       0.29199704E-02       0.25088424E-02       0.32710871E-03       0.71406256E-02       0.22592222E-02       0.68743883E-03       0.69337295E-03       0.77122028E-02       0.94040072E-02       0.75064115E-04       0.41209215E-05       0.78284999E-02       0.59665879E-02       0.87387643E-04       0.21274751E-05       0.97424407E-02       0.73439950E-02       0.78456020E-04       0.28846878E-05       0.97429054E-02       0.73439396E-02       0.78454631E-04       0.28844952E-05
      0.70732184E+01       0.98865182E+00       0.56979676E+00       0.00000000E+00       0.13438291E-01       0.34673390E-02       0.27164731E-02       0.37100411E-03       0.77516175E-02       0.28949396E-02       0.84400462E-03       0.75908737E-03       0.81538237E-02       0.10719796E-01       0.97021606E-04       0.52045780E-05       0.82548593E-02       0.65851479E-02       0.10681979E-03       0.25747496E-05       0.10538938E-01       0.83913654E-02       0.10126064E-03       0.36867859E-05       0.10539430E-01       0.83913406E-02       0.10125865E-03       0.36865628E-05
      0.71762919E+01       0.10965496E+01       0.63307058E+00       0.00000000E+00       0.14440584E-01       0.41216404E-02       0.29494757E-02       0.42465654E-03       0.84369897E-02       0.37286586E-02       0.10602940E-02       0.83124617E-03       0.86361761E-02       0.12213910E-01       0.12631619E-03       0.66222469E-05       0.87107218E-02       0.72509670E-02       0.13167985E-03       0.31353236E-05       0.11392570E-01       0.96100047E-02       0.13260986E-03       0.48060261E-05       0.11393079E-01       0.96100209E-02       0.13260708E-03       0.48057613E-05
      0.72793653E+01       0.12229115E+01       0.70803384E+00       0.00000000E+00       0.15549769E-01       0.49099102E-02       0.32200311E-02       0.49094888E-03       0.92134669E-02       0.48354920E-02       0.13639784E-02       0.91042204E-03       0.91732958E-02       0.13917166E-01       0.16553437E-03       0.84913332E-05       0.92107286E-02       0.79782762E-02       0.16385646E-03       0.38479731E-05       0.12300633E-01       0.11038148E-01       0.17643463E-03       0.63884415E-05       0.12301144E-01       0.11038215E-01       0.17643078E-03       0.63881204E-05
      0.73824387E+01       0.13727685E+01       0.79796050E+00       0.00000000E+00       0.16807785E-01       0.58625377E-02       0.35459060E-02       0.57335944E-03       0.10096984E-01       0.63174828E-02       0.17926232E-02       0.99688329E-03       0.97774098E-02       0.15867912E-01       0.21792846E-03       0.10961820E-04       0.97761015E-02       0.87904634E-02       0.20587810E-03       0.47664885E-05       0.13256511E-01       0.12721103E-01       0.23808255E-03       0.86335659E-05       0.13257010E-01       0.12721229E-01       0.23807718E-03       0.86331708E-05
      0.74855122E+01       0.15518886E+01       0.90650584E+00       0.00000000E+00       0.18286381E-01       0.70073985E-02       0.39507184E-02       0.67581897E-03       0.11099725E-01       0.83025250E-02       0.23937249E-02       0.10903019E-02       0.10459161E-01       0.18109122E-01       0.28727172E-03       0.14208231E-04       0.10434901E-01       0.97230419E-02       0.26086489E-03       0.59608067E-05       0.14248333E-01       0.14708377E-01       0.32420463E-03       0.11794263E-04       0.14248805E-01       0.14708566E-01       0.32419701E-03       0.11793773E-04
      0.75885856E+01       0.17658935E+01       0.10371016E+01       0.00000000E+00       0.20087308E-01       0.83612384E-02       0.44621211E-02       0.80218070E-03       0.12224782E-01       0.10934091E-01       0.32220992E-02       0.11892575E-02       0.11226227E-01       0.20678834E-01       0.37748424E-03       0.18409733E-04       0.11218741E-01       0.10824511E-01       0.33228145E-03       0.75147415E-05       0.15255091E-01       0.17045061E-01       0.44214506E-03       0.16159498E-04       0.15255522E-01       0.17045315E-01       0.44213409E-03       0.16158889E-04
      0.76916590E+01       0.20187787E+01       0.11920002E+01       0.00000000E+00       0.22327119E-01       0.99209558E-02       0.51075770E-02       0.95525753E-03       0.13459482E-01       0.14350505E-01       0.43341465E-02       0.12906873E-02       0.12079378E-01       0.23595309E-01       0.49205889E-03       0.23720863E-04       0.12155958E-01       0.12155128E-01       0.42349561E-03       0.95203235E-05       0.16241601E-01       0.19758155E-01       0.59874831E-03       0.22015138E-04       0.16241979E-01       0.19758470E-01       0.59873241E-03       0.22014383E-04
      0.77947325E+01       0.23112563E+01       0.13712386E+01       0.00000000E+00       0.25105528E-01       0.11658731E-01       0.59085712E-02       0.11356144E-02       0.14770068E-01       0.18656810E-01       0.57796606E-02       0.13895854E-02       0.13006926E-01       0.26842490E-01       0.63343024E-03       0.30241150E-04       0.13262866E-01       0.13785104E-01       0.53723209E-03       0.12070376E-04       0.17155883E-01       0.22841995E-01       0.79871419E-03       0.29585119E-04       0.17156199E-01       0.22842364E-01       0.79869133E-03       0.29584191E-04
      0.78978059E+01       0.26395953E+01       0.15719506E+01       0.00000000E+00       0.28463253E-01       0.13524570E-01       0.68751418E-02       0.13405330E-02       0.16101030E-01       0.23896877E-01       0.75930965E-02       0.14792679E-02       0.13980173E-01       0.30363434E-01       0.80250837E-03       0.37995499E-04       0.14535725E-01       0.15794091E-01       0.67507913E-03       0.15251903E-04       0.17932906E-01       0.26249309E-01       0.10428942E-02       0.38965255E-04       0.17933156E-01       0.26249720E-01       0.10428620E-02       0.38964125E-04
      0.80008793E+01       0.29955855E+01       0.17884161E+01       0.00000000E+00       0.32342011E-01       0.15457318E-01       0.80028409E-02       0.15636521E-02       0.17381137E-01       0.30035566E-01       0.97868238E-02       0.15523379E-02       0.14952918E-01       0.34067298E-01       0.99857222E-03       0.46935101E-04       0.15946035E-01       0.18272271E-01       0.83721278E-03       0.19142177E-04       0.18506376E-01       0.29893717E-01       0.13271003E-02       0.50069982E-04       0.18506560E-01       0.29894156E-01       0.13270563E-02       0.50068631E-04
      0.81039528E+01       0.33678421E+01       0.20129730E+01       0.00000000E+00       0.36562800E-01       0.17401234E-01       0.92733380E-02       0.17956252E-02       0.18535657E-01       0.36958327E-01       0.12348282E-01       0.16021811E-02       0.15866884E-01       0.37849137E-01       0.12195525E-02       0.56959651E-04       0.17440741E-01       0.21320358E-01       0.10224235E-02       0.23807006E-04       0.18826167E-01       0.33665241E-01       0.16419584E-02       0.62613299E-04       0.18826288E-01       0.33665699E-01       0.16419002E-02       0.62611722E-04
      0.82070262E+01       0.37440612E+01       0.22375279E+01       0.00000000E+00       0.40836029E-01       0.19321681E-01       0.10658185E-01       0.20257642E-02       0.19501588E-01       0.44488827E-01       0.15241218E-01       0.16245367E-02       0.16662598E-01       0.41614295E-01       0.14625016E-02       0.67949281E-04       0.18947477E-01       0.25043181E-01       0.12283897E-02       0.29297880E-04       0.18875175E-01       0.37454224E-01       0.19740322E-02       0.76136224E-04       0.18875239E-01       0.37454694E-01       0.19739583E-02       0.76134436E-04
      0.83100996E+01       0.41133412E+01       0.24550878E+01       0.00000000E+00       0.44807900E-01       0.21212645E-01       0.12123709E-01       0.22442081E-02       0.20241245E-01       0.52417154E-01       0.18409238E-01       0.16185850E-02       0.17292825E-01       0.45295215E-01       0.17238919E-02       0.79786133E-04       0.20383609E-01       0.29531634E-01       0.14520178E-02       0.35643791E-04       0.18678240E-01       0.41174184E-01       0.23079796E-02       0.90076719E-04       0.18678254E-01       0.41174672E-01       0.23078893E-02       0.90074766E-04
      0.84131731E+01       0.44676251E+01       0.26606943E+01       0.00000000E+00       0.48134299E-01       0.23091666E-01       0.13634588E-01       0.24439029E-02       0.20750295E-01       0.60526766E-01       0.21779075E-01       0.15871471E-02       0.17734188E-01       0.48851586E-01       0.19994544E-02       0.92348215E-04       0.21667047E-01       0.34831981E-01       0.16896479E-02       0.42836117E-04       0.18298473E-01       0.44773830E-01       0.26290923E-02       0.10386160E-03       0.18298442E-01       0.44774358E-01       0.26289861E-02       0.10385957E-03
      0.85162465E+01       0.48017628E+01       0.28514361E+01       0.00000000E+00       0.50561861E-01       0.24983593E-01       0.15154739E-01       0.26217544E-02       0.21058616E-01       0.68610543E-01       0.25262039E-01       0.15359402E-02       0.17992792E-01       0.52254219E-01       0.22835791E-02       0.10547360E-03       0.22726912E-01       0.40908696E-01       0.19370388E-02       0.50810604E-04       0.17821740E-01       0.48233456E-01       0.29254375E-02       0.11699177E-03       0.17821670E-01       0.48234064E-01       0.29253171E-02       0.11698977E-03
      0.86193199E+01       0.51124246E+01       0.30256883E+01       0.00000000E+00       0.51991244E-01       0.26900109E-01       0.16646132E-01       0.27786603E-02       0.21225050E-01       0.76473910E-01       0.28754473E-01       0.14722054E-02       0.18101442E-01       0.55463436E-01       0.25686911E-02       0.11891327E-03       0.23512648E-01       0.47613513E-01       0.21892306E-02       0.59435619E-04       0.17335424E-01       0.51548697E-01       0.31890259E-02       0.12909603E-03       0.17335318E-01       0.51549445E-01       0.31888942E-02       0.12909423E-03
      0.87223934E+01       0.53966560E+01       0.31820996E+01       0.00000000E+00       0.52502758E-01       0.28824079E-01       0.18067657E-01       0.29185600E-02       0.21328566E-01       0.83930833E-01       0.32140003E-01       0.14032380E-02       0.18108874E-01       0.58417145E-01       0.28452039E-02       0.13230329E-03       0.24000595E-01       0.54674925E-01       0.24405080E-02       0.68516392E-04       0.16909826E-01       0.54710660E-01       0.34158499E-02       0.13994263E-03       0.16909682E-01       0.54711618E-01       0.34157104E-02       0.13994119E-03
      0.88254668E+01       0.56509253E+01       0.33189030E+01       0.00000000E+00       0.52337132E-01       0.30704980E-01       0.19376160E-01       0.30469114E-02       0.21458054E-01       0.90801221E-01       0.35296283E-01       0.13352995E-02       0.18064212E-01       0.61038317E-01       0.31024593E-02       0.14518125E-03       0.24196887E-01       0.61716830E-01       0.26846474E-02       0.77818714E-04       0.16588483E-01       0.57691995E-01       0.36050354E-02       0.14941294E-03       0.16588298E-01       0.57693238E-01       0.36048921E-02       0.14941202E-03
      0.89285402E+01       0.58710498E+01       0.34338313E+01       0.00000000E+00       0.51838748E-01       0.32465809E-01       0.20530164E-01       0.31690317E-02       0.21701567E-01       0.96914312E-01       0.38106508E-01       0.12731341E-02       0.18001679E-01       0.63259028E-01       0.33305276E-02       0.15704937E-03       0.24135256E-01       0.68304407E-01       0.29154279E-02       0.87104906E-04       0.16388559E-01       0.60443710E-01       0.37575527E-02       0.15745291E-03       0.16388327E-01       0.60445304E-01       0.37574092E-02       0.15745263E-03
      0.90316137E+01       0.60527561E+01       0.35245072E+01       0.00000000E+00       0.51379020E-01       0.34016553E-01       0.21494700E-01       0.32886133E-02       0.22134689E-01       0.10211570E+00       0.40472738E-01       0.12199972E-02       0.17930665E-01       0.65046547E-01       0.35221787E-02       0.16745969E-03       0.23868721E-01       0.74004913E-01       0.31271715E-02       0.96166188E-04       0.16307427E-01       0.62900843E-01       0.38749144E-02       0.16402072E-03       0.16307138E-01       0.62902832E-01       0.38747738E-02       0.16402112E-03
      0.91346871E+01       0.61922680E+01       0.35889214E+01       0.00000000E+00       0.51280439E-01       0.35267846E-01       0.22244631E-01       0.34066117E-02       0.22807988E-01       0.10627174E+00       0.42326344E-01       0.11779065E-02       0.17834562E-01       0.66413969E-01       0.36741026E-02       0.17608247E-03       0.23455934E-01       0.78446427E-01       0.33150022E-02       0.10483500E-03       0.16329505E-01       0.64991101E-01       0.39581701E-02       0.16904754E-03       0.16329147E-01       0.64993497E-01       0.39580338E-02       0.16904856E-03
      0.92377605E+01       0.62864579E+01       0.36256639E+01       0.00000000E+00       0.51757843E-01       0.36141029E-01       0.22764623E-01       0.35206871E-02       0.23735022E-01       0.10926748E+00       0.43631940E-01       0.11478244E-02       0.17678819E-01       0.67406166E-01       0.37867462E-02       0.18272683E-03       0.22945552E-01       0.81360783E-01       0.34746704E-02       0.11297043E-03       0.16429161E-01       0.66641507E-01       0.40073870E-02       0.17242354E-03       0.16428720E-01       0.66644285E-01       0.40072553E-02       0.17242503E-03
      0.93408339E+01       0.63325828E+01       0.36338624E+01       0.00000000E+00       0.52886072E-01       0.36575043E-01       0.23046087E-01       0.36254066E-02       0.24884109E-01       0.11100124E+00       0.44384523E-01       0.11296440E-02       0.17425525E-01       0.68066407E-01       0.38628032E-02       0.18730808E-03       0.22363809E-01       0.82605572E-01       0.36020863E-02       0.12042512E-03       0.16569594E-01       0.67782357E-01       0.40217292E-02       0.17401543E-03       0.16569057E-01       0.67785454E-01       0.40216008E-02       0.17401712E-03
      0.94439074E+01       0.63280785E+01       0.36130649E+01       0.00000000E+00       0.54595882E-01       0.36532939E-01       0.23083517E-01       0.37133251E-02       0.26177587E-01       0.11138446E+00       0.44602929E-01       0.11220596E-02       0.17049537E-01       0.68401171E-01       0.39050806E-02       0.18978603E-03       0.21709996E-01       0.82168783E-01       0.36929619E-02       0.12701426E-03       0.16701254E-01       0.68351733E-01       0.40001386E-02       0.17371377E-03       0.16700613E-01       0.68355056E-01       0.40000112E-02       0.17371537E-03
      0.95469808E+01       0.62709507E+01       0.35633730E+01       0.00000000E+00       0.56694767E-01       0.36009721E-01       0.22873339E-01       0.37768095E-02       0.27501001E-01       0.11035515E+00       0.44324027E-01       0.11225341E-02       0.16550666E-01       0.68362994E-01       0.39147758E-02       0.19011361E-03       0.20961452E-01       0.80163622E-01       0.37429859E-02       0.13250892E-03       0.16764329E-01       0.68304269E-01       0.39424553E-02       0.17149801E-03       0.16763584E-01       0.68307707E-01       0.39423265E-02       0.17149921E-03
      0.96500542E+01       0.61609445E+01       0.34859561E+01       0.00000000E+00       0.58906177E-01       0.35039847E-01       0.22417053E-01       0.38101340E-02       0.28722026E-01       0.10790552E+00       0.43600459E-01       0.11275604E-02       0.15957835E-01       0.67862498E-01       0.38909821E-02       0.18822936E-03       0.20085645E-01       0.76819087E-01       0.37487159E-02       0.13666523E-03       0.16697678E-01       0.67624687E-01       0.38506213E-02       0.16749746E-03       0.16696840E-01       0.67628125E-01       0.38504887E-02       0.16749801E-03
      0.97531277E+01       0.60011166E+01       0.33837663E+01       0.00000000E+00       0.60918850E-01       0.33699995E-01       0.21727976E-01       0.38111774E-02       0.29715961E-01       0.10411456E+00       0.42501449E-01       0.11332800E-02       0.15323913E-01       0.66806045E-01       0.38316107E-02       0.18410209E-03       0.19054218E-01       0.72466359E-01       0.37089733E-02       0.13928211E-03       0.16452663E-01       0.66342251E-01       0.37295087E-02       0.16202378E-03       0.16451750E-01       0.66345582E-01       0.37293711E-02       0.16202356E-03
      0.98562011E+01       0.57990596E+01       0.32620608E+01       0.00000000E+00       0.62437300E-01       0.32102987E-01       0.20838498E-01       0.37821469E-02       0.30392553E-01       0.99169832E-01       0.41113342E-01       0.11363400E-02       0.14713007E-01       0.65142737E-01       0.37352406E-02       0.17780692E-03       0.17853987E-01       0.67516353E-01       0.36261901E-02       0.14026490E-03       0.16007003E-01       0.64539914E-01       0.35869961E-02       0.15555659E-03       0.16006042E-01       0.64543050E-01       0.35868533E-02       0.15555561E-03
      0.99592745E+01       0.55670453E+01       0.31283441E+01       0.00000000E+00       0.63225162E-01       0.30382238E-01       0.19803927E-01       0.37291338E-02       0.30717948E-01       0.93364220E-01       0.39535968E-01       0.11347266E-02       0.14184266E-01       0.62900231E-01       0.36029987E-02       0.16959292E-03       0.16492330E-01       0.62423267E-01       0.35070748E-02       0.13966675E-03       0.15372822E-01       0.62353019E-01       0.34331683E-02       0.14867927E-03       0.15371839E-01       0.62355894E-01       0.34330218E-02       0.14867771E-03
      0.10062348E+02       0.53207685E+01       0.29915710E+01       0.00000000E+00       0.63135277E-01       0.28670656E-01       0.18699989E-01       0.36607797E-02       0.30726162E-01       0.87062453E-01       0.37873028E-01       0.11282826E-02       0.13776914E-01       0.60194447E-01       0.34396358E-02       0.15990461E-03       0.14997376E-01       0.57633320E-01       0.33621844E-02       0.13768954E-03       0.14595021E-01       0.59956189E-01       0.32788424E-02       0.14197989E-03       0.14594041E-01       0.59958758E-01       0.32786951E-02       0.14197805E-03
      0.10165421E+02       0.50769556E+01       0.28607764E+01       0.00000000E+00       0.62123709E-01       0.27080800E-01       0.17613500E-01       0.35866453E-02       0.30516281E-01       0.80644450E-01       0.36218159E-01       0.11186927E-02       0.13500313E-01       0.57210231E-01       0.32533929E-02       0.14934068E-03       0.13415004E-01       0.53525033E-01       0.32044221E-02       0.13464372E-03       0.13739955E-01       0.57541273E-01       0.31338570E-02       0.13594499E-03       0.13738996E-01       0.57543514E-01       0.31337130E-02       0.13594327E-03
      0.10268495E+02       0.48505681E+01       0.27435507E+01       0.00000000E+00       0.60248400E-01       0.25692769E-01       0.16628363E-01       0.35158812E-02       0.30234950E-01       0.74442556E-01       0.34641284E-01       0.11088966E-02       0.13331122E-01       0.54162304E-01       0.30548134E-02       0.13856263E-03       0.11804358E-01       0.50353813E-01       0.30469134E-02       0.13088485E-03       0.12878187E-01       0.55292038E-01       0.30056386E-02       0.13087775E-03       0.12877257E-01       0.55293951E-01       0.30055027E-02       0.13087655E-03
      0.10371568E+02       0.46525084E+01       0.26448674E+01       0.00000000E+00       0.57655955E-01       0.24553220E-01       0.15810927E-01       0.34565442E-02       0.30047850E-01       0.68692653E-01       0.33180627E-01       0.11020936E-02       0.13217748E-01       0.51252837E-01       0.28550607E-02       0.12818826E-03       0.10232408E-01       0.48216208E-01       0.29009525E-02       0.12675282E-03       0.12067218E-01       0.53362017E-01       0.28984564E-02       0.12686459E-03       0.12066320E-01       0.53363622E-01       0.28983337E-02       0.12686424E-03
      0.10474642E+02       0.44885644E+01       0.25666537E+01       0.00000000E+00       0.54561717E-01       0.23684840E-01       0.15199191E-01       0.34155356E-02       0.30107794E-01       0.63514150E-01       0.31844090E-01       0.11006693E-02       0.13090906E-01       0.48641512E-01       0.26643953E-02       0.11871049E-03       0.87673099E-02       0.47046193E-01       0.27746563E-02       0.12253570E-03       0.11339810E-01       0.51860866E-01       0.28135745E-02       0.12380038E-03       0.11338945E-01       0.51862206E-01       0.28134688E-02       0.12380110E-03
      0.10577715E+02       0.43599014E+01       0.25082401E+01       0.00000000E+00       0.51228258E-01       0.23102336E-01       0.14799264E-01       0.33988575E-02       0.30528798E-01       0.58923190E-01       0.30620088E-01       0.11054361E-02       0.12878255E-01       0.46436979E-01       0.24912529E-02       0.11046702E-03       0.74706866E-02       0.46647886E-01       0.26726547E-02       0.11846620E-03       0.10701153E-01       0.50852108E-01       0.27502515E-02       0.12146520E-03       0.10700319E-01       0.50853248E-01       0.27501653E-02       0.12146700E-03
      0.10680789E+02       0.42648542E+01       0.24675117E+01       0.00000000E+00       0.47945446E-01       0.22829126E-01       0.14590228E-01       0.34117715E-02       0.31373464E-01       0.54871235E-01       0.29494037E-01       0.11154815E-02       0.12520351E-01       0.44708620E-01       0.23420015E-02       0.10366103E-03       0.63900170E-02       0.46758115E-01       0.25967124E-02       0.11474221E-03       0.10134818E-01       0.50361439E-01       0.27072779E-02       0.11962897E-03       0.10134019E-01       0.50362469E-01       0.27072114E-02       0.11963166E-03
      0.10783862E+02       0.42012452E+01       0.24423018E+01       0.00000000E+00       0.45011481E-01       0.22908318E-01       0.14535644E-01       0.34585175E-02       0.32655511E-01       0.51292262E-01       0.28463776E-01       0.11286842E-02       0.11984628E-01       0.43508486E-01       0.22211200E-02       0.98408056E-04       0.55529444E-02       0.47121942E-01       0.25467956E-02       0.11155094E-03       0.96144536E-02       0.50390439E-01       0.26844994E-02       0.11814914E-03       0.96136959E-02       0.50391474E-01       0.26844511E-02       0.11815240E-03
      0.10886935E+02       0.41681785E+01       0.24314347E+01       0.00000000E+00       0.42710656E-01       0.23402223E-01       0.14597412E-01       0.35414562E-02       0.34352430E-01       0.48139299E-01       0.27546788E-01       0.11426766E-02       0.11273901E-01       0.42888642E-01       0.21313952E-02       0.94773684E-04       0.49649116E-02       0.47558485E-01       0.25219367E-02       0.10907380E-03       0.91164136E-02       0.50927275E-01       0.26836612E-02       0.11702434E-03       0.91157053E-02       0.50928451E-01       0.26836279E-02       0.11702777E-03
      0.10990009E+02       0.41663886E+01       0.24349222E+01       0.00000000E+00       0.41282808E-01       0.24377142E-01       0.14746651E-01       0.36597937E-02       0.36418866E-01       0.45396373E-01       0.26774707E-01       0.11558209E-02       0.10426707E-01       0.42901111E-01       0.20738266E-02       0.92774336E-04       0.46102766E-02       0.47996263E-01       0.25203918E-02       0.10745841E-03       0.86286396E-02       0.51946287E-01       0.27080288E-02       0.11637841E-03       0.86279882E-02       0.51947752E-01       0.27080067E-02       0.11638158E-03
      0.11093082E+02       0.41968284E+01       0.24531685E+01       0.00000000E+00       0.40883714E-01       0.25875178E-01       0.14967470E-01       0.38083488E-02       0.38792040E-01       0.43063143E-01       0.26175842E-01       0.11677561E-02       0.95087231E-02       0.43576006E-01       0.20472112E-02       0.92337528E-04       0.44559009E-02       0.48467348E-01       0.25390056E-02       0.10676138E-03       0.81529833E-02       0.53393629E-01       0.27606790E-02       0.11637457E-03       0.81523933E-02       0.53395529E-01       0.27606640E-02       0.11637715E-03
      0.11196156E+02       0.42580675E+01       0.24855296E+01       0.00000000E+00       0.41544084E-01       0.27881410E-01       0.15252774E-01       0.39770143E-02       0.41386436E-01       0.41122383E-01       0.25752498E-01       0.11792733E-02       0.85972931E-02       0.44885262E-01       0.20477046E-02       0.93245088E-04       0.44558791E-02       0.49064777E-01       0.25722060E-02       0.10688475E-03       0.77010353E-02       0.55164879E-01       0.28419864E-02       0.11709097E-03       0.77005066E-02       0.55167341E-01       0.28419746E-02       0.11709274E-03
      0.11299229E+02       0.43438233E+01       0.25289733E+01       0.00000000E+00       0.43142685E-01       0.30300130E-01       0.15595122E-01       0.41515027E-02       0.44082808E-01       0.39509102E-01       0.25463689E-01       0.11916055E-02       0.77634238E-02       0.46709299E-01       0.20688318E-02       0.95099543E-04       0.45566406E-02       0.49881847E-01       0.26113939E-02       0.10754029E-03       0.72862229E-02       0.57088257E-01       0.29473882E-02       0.11841188E-03       0.72857511E-02       0.57091360E-01       0.29473761E-02       0.11841276E-03
      0.11402303E+02       0.44421221E+01       0.25776599E+01       0.00000000E+00       0.45410620E-01       0.32954139E-01       0.15978182E-01       0.43155993E-02       0.46721712E-01       0.38100079E-01       0.25223159E-01       0.12055045E-02       0.70565603E-02       0.48826489E-01       0.21023334E-02       0.97349648E-04       0.47024348E-02       0.50958556E-01       0.26454409E-02       0.10827112E-03       0.69162457E-02       0.58928585E-01       0.30666328E-02       0.11998984E-03       0.69158242E-02       0.58932346E-01       0.30666174E-02       0.11998991E-03
      0.11505376E+02       0.45369841E+01       0.26239067E+01       0.00000000E+00       0.47975744E-01       0.35614352E-01       0.16373926E-01       0.44545570E-02       0.49110928E-01       0.36733227E-01       0.24916838E-01       0.12205730E-02       0.64963512E-02       0.50937831E-01       0.21398830E-02       0.99386199E-04       0.48414424E-02       0.52256193E-01       0.26625427E-02       0.10853985E-03       0.65892740E-02       0.60420135E-01       0.31852374E-02       0.12130792E-03       0.65888967E-02       0.60424496E-01       0.31852163E-02       0.12130737E-03
      0.11608449E+02       0.46123722E+01       0.26603500E+01       0.00000000E+00       0.50440668E-01       0.38054911E-01       0.16747606E-01       0.45587188E-02       0.51049483E-01       0.35251707E-01       0.24435318E-01       0.12351831E-02       0.60730510E-02       0.52724502E-01       0.21752609E-02       0.10068517E-03       0.49321985E-02       0.53667665E-01       0.26529963E-02       0.10786247E-03       0.62951641E-02       0.61323443E-01       0.32879413E-02       0.12182701E-03       0.62948269E-02       0.61328276E-01       0.32879130E-02       0.12182612E-03
      0.11711523E+02       0.46569980E+01       0.26824925E+01       0.00000000E+00       0.52472242E-01       0.40117137E-01       0.17068311E-01       0.46262161E-02       0.52362208E-01       0.33555080E-01       0.23709647E-01       0.12470104E-02       0.57553111E-02       0.53920619E-01       0.22062388E-02       0.10094870E-03       0.49491119E-02       0.55055120E-01       0.26119269E-02       0.10594418E-03       0.60204275E-02       0.61488544E-01       0.33629808E-02       0.12116292E-03       0.60201287E-02       0.61493670E-01       0.33629448E-02       0.12116201E-03
      0.11814596E+02       0.46680502E+01       0.26905582E+01       0.00000000E+00       0.53872954E-01       0.41760112E-01       0.17319945E-01       0.46638304E-02       0.52932710E-01       0.31635441E-01       0.22736417E-01       0.12539195E-02       0.55020741E-02       0.54375598E-01       0.22354175E-02       0.10018931E-03       0.48854097E-02       0.56295563E-01       0.25408892E-02       0.10276683E-03       0.57541182E-02       0.60901580E-01       0.34055359E-02       0.11922121E-03       0.57538570E-02       0.60906800E-01       0.34054932E-02       0.11922062E-03
      0.11917670E+02       0.46522927E+01       0.26898243E+01       0.00000000E+00       0.54609996E-01       0.43079754E-01       0.17507270E-01       0.46857423E-02       0.52722549E-01       0.29582511E-01       0.21582083E-01       0.12547836E-02       0.52747114E-02       0.54083977E-01       0.22695944E-02       0.98722364E-04       0.47522901E-02       0.57314128E-01       0.24476721E-02       0.98594536E-04       0.54918268E-02       0.59696633E-01       0.34189815E-02       0.11623476E-03       0.54916005E-02       0.59701761E-01       0.34189344E-02       0.11623479E-03
      0.12020743E+02       0.46240873E+01       0.26892498E+01       0.00000000E+00       0.54793812E-01       0.44290056E-01       0.17654284E-01       0.47106511E-02       0.51770246E-01       0.27555019E-01       0.20364893E-01       0.12498871E-02       0.50462802E-02       0.53173952E-01       0.23177841E-02       0.97067140E-04       0.45743062E-02       0.58093107E-01       0.23443640E-02       0.93895412E-04       0.52363525E-02       0.58127724E-01       0.34134846E-02       0.11269019E-03       0.52361550E-02       0.58132607E-01       0.34134366E-02       0.11269111E-03
      0.12123817E+02       0.46011824E+01       0.26989471E+01       0.00000000E+00       0.54617506E-01       0.45673980E-01       0.17796003E-01       0.47582904E-02       0.50172203E-01       0.25729847E-01       0.19221671E-01       0.12407790E-02       0.48061917E-02       0.51862329E-01       0.23885486E-02       0.95792215E-04       0.43823614E-02       0.58657439E-01       0.22444218E-02       0.89209586E-04       0.49954373E-02       0.56511031E-01       0.34025944E-02       0.10917585E-03       0.49952572E-02       0.56515567E-01       0.34025497E-02       0.10917784E-03
      0.12226890E+02       0.45999331E+01       0.27274824E+01       0.00000000E+00       0.54282386E-01       0.47520795E-01       0.17967680E-01       0.48464273E-02       0.48054466E-01       0.24248709E-01       0.18272059E-01       0.12297045E-02       0.45600250E-02       0.50395264E-01       0.24875450E-02       0.95360179E-04       0.42064545E-02       0.59047652E-01       0.21598036E-02       0.85012332E-04       0.47781775E-02       0.55157479E-01       0.33992215E-02       0.10621217E-03       0.47779993E-02       0.55161616E-01       0.33991841E-02       0.10621535E-03
      0.12329963E+02       0.46316286E+01       0.27799512E+01       0.00000000E+00       0.53937355E-01       0.50067784E-01       0.18196094E-01       0.49889957E-02       0.45546374E-01       0.23181463E-01       0.17592459E-01       0.12189057E-02       0.43253210E-02       0.48995881E-01       0.26160706E-02       0.96022660E-04       0.40701058E-02       0.59294588E-01       0.20990453E-02       0.81617403E-04       0.45918796E-02       0.54316601E-01       0.34124844E-02       0.10412547E-03       0.45916848E-02       0.54320320E-01       0.34124576E-02       0.10412984E-03
      0.12433037E+02       0.47008610E+01       0.28572999E+01       0.00000000E+00       0.53650373E-01       0.53458143E-01       0.18495790E-01       0.51953012E-02       0.42764049E-01       0.22516508E-01       0.17206580E-01       0.12100849E-02       0.41248716E-02       0.47832198E-01       0.27709197E-02       0.97792482E-04       0.39874294E-02       0.59406195E-01       0.20666126E-02       0.79143955E-04       0.44403548E-02       0.54144566E-01       0.34463235E-02       0.10300023E-03       0.44401248E-02       0.54147864E-01       0.34463096E-02       0.10300576E-03
      0.12536110E+02       0.48058292E+01       0.29567465E+01       0.00000000E+00       0.53414108E-01       0.57717891E-01       0.18870157E-01       0.54696435E-02       0.39805605E-01       0.22176971E-01       0.17092024E-01       0.12041784E-02       0.39793331E-02       0.47006846E-01       0.29453001E-02       0.10048764E-03       0.39626483E-02       0.59368428E-01       0.20632659E-02       0.77541960E-04       0.43236091E-02       0.54697137E-01       0.34998939E-02       0.10270904E-03       0.43233273E-02       0.54700005E-01       0.34998939E-02       0.10271562E-03
      0.12639184E+02       0.49396954E+01       0.30727207E+01       0.00000000E+00       0.53173114E-01       0.62748099E-01       0.19314836E-01       0.58106048E-02       0.36754328E-01       0.22051978E-01       0.17196404E-01       0.12013996E-02       0.39009597E-02       0.46560638E-01       0.31301703E-02       0.10381619E-03       0.39910935E-02       0.59154827E-01       0.20868373E-02       0.76650191E-04       0.42382224E-02       0.55938510E-01       0.35690112E-02       0.10299002E-03       0.42378760E-02       0.55940913E-01       0.35690251E-02       0.10299751E-03
      0.12742257E+02       0.50919888E+01       0.31977221E+01       0.00000000E+00       0.52853455E-01       0.68328069E-01       0.19820394E-01       0.62097767E-02       0.33683705E-01       0.22029126E-01       0.17454479E-01       0.12013908E-02       0.38898750E-02       0.46479780E-01       0.33153517E-02       0.10746283E-03       0.40607054E-02       0.58736559E-01       0.21328930E-02       0.76256350E-04       0.41777225E-02       0.57754298E-01       0.36477002E-02       0.10353285E-03       0.41773034E-02       0.57756162E-01       0.36477273E-02       0.10354113E-03
      0.12845331E+02       0.52495554E+01       0.33228528E+01       0.00000000E+00       0.52380037E-01       0.74129499E-01       0.20372743E-01       0.66505664E-02       0.30659748E-01       0.22017613E-01       0.17800156E-01       0.12033350E-02       0.39336053E-02       0.46701350E-01       0.34901353E-02       0.11114857E-03       0.41536500E-02       0.58087457E-01       0.21951148E-02       0.76139906E-04       0.41327652E-02       0.59961895E-01       0.37292376E-02       0.10404538E-03       0.41322705E-02       0.59963113E-01       0.37292765E-02       0.10405433E-03
      0.12948404E+02       0.53972986E+01       0.34382397E+01       0.00000000E+00       0.51678653E-01       0.79746920E-01       0.20952199E-01       0.71083818E-02       0.27739832E-01       0.21958562E-01       0.18171951E-01       0.12060039E-02       0.40097453E-02       0.47119237E-01       0.36435944E-02       0.11465590E-03       0.42483838E-02       0.57184426E-01       0.22656337E-02       0.76095518E-04       0.40914800E-02       0.62320132E-01       0.38067067E-02       0.10429375E-03       0.40909119E-02       0.62320576E-01       0.38067558E-02       0.10430330E-03
      0.13051478E+02       0.55193920E+01       0.35338042E+01       0.00000000E+00       0.50671428E-01       0.84749757E-01       0.21533682E-01       0.75533607E-02       0.24970349E-01       0.21825448E-01       0.18514697E-01       0.12078451E-02       0.40908361E-02       0.47597124E-01       0.37651174E-02       0.11783110E-03       0.43227568E-02       0.56008082E-01       0.23356876E-02       0.75947184E-04       0.40405167E-02       0.64546224E-01       0.38735462E-02       0.10412582E-03       0.40398826E-02       0.64545772E-01       0.38736032E-02       0.10413591E-03
      0.13154551E+02       0.56014267E+01       0.36006510E+01       0.00000000E+00       0.49278733E-01       0.88753405E-01       0.22090011E-01       0.79557032E-02       0.22385930E-01       0.21619986E-01       0.18781462E-01       0.12072277E-02       0.41500195E-02       0.47992600E-01       0.38455476E-02       0.12058110E-03       0.43582365E-02       0.54548437E-01       0.23967789E-02       0.75563654E-04       0.39670082E-02       0.66346810E-01       0.39245181E-02       0.10348915E-03       0.39663205E-02       0.66345378E-01       0.39245807E-02       0.10349973E-03
      0.13257624E+02       0.56331729E+01       0.36328205E+01       0.00000000E+00       0.47434993E-01       0.91493149E-01       0.22597576E-01       0.82920389E-02       0.20010915E-01       0.21366871E-01       0.18937531E-01       0.12028426E-02       0.41659359E-02       0.48188226E-01       0.38788205E-02       0.12287278E-03       0.43442888E-02       0.52815573E-01       0.24420873E-02       0.74875915E-04       0.38610625E-02       0.67461457E-01       0.39569783E-02       0.10244283E-03       0.38603380E-02       0.67459023E-01       0.39570436E-02       0.10245380E-03
      0.13360698E+02       0.56107965E+01       0.36286238E+01       0.00000000E+00       0.45114149E-01       0.92873860E-01       0.23040650E-01       0.85500190E-02       0.17861263E-01       0.21106725E-01       0.18964546E-01       0.11940682E-02       0.41256407E-02       0.48116811E-01       0.38634066E-02       0.12472607E-03       0.42810855E-02       0.50849014E-01       0.24675347E-02       0.73885955E-04       0.37178891E-02       0.67706302E-01       0.39716692E-02       0.10114763E-03       0.37171488E-02       0.67702918E-01       0.39717352E-02       0.10115889E-03
      0.13463771E+02       0.55371122E+01       0.35906452E+01       0.00000000E+00       0.42350762E-01       0.92969389E-01       0.23409529E-01       0.87284122E-02       0.15944297E-01       0.20884130E-01       0.18860574E-01       0.11810138E-02       0.40249827E-02       0.47766094E-01       0.38026320E-02       0.12618249E-03       0.41787608E-02       0.48716455E-01       0.24718651E-02       0.72652138E-04       0.35386032E-02       0.67000109E-01       0.39720442E-02       0.99815825E-04       0.35378709E-02       0.66995900E-01       0.39721100E-02       0.99827202E-04
      0.13566845E+02       0.54191186E+01       0.35239602E+01       0.00000000E+00       0.39241844E-01       0.91962351E-01       0.23690154E-01       0.88317319E-02       0.14255374E-01       0.20729088E-01       0.18632855E-01       0.11640566E-02       0.38667111E-02       0.47155710E-01       0.37032756E-02       0.12723838E-03       0.40526973E-02       0.46495843E-01       0.24554921E-02       0.71244869E-04       0.33292162E-02       0.65359679E-01       0.39616657E-02       0.98616823E-04       0.33285170E-02       0.65354816E-01       0.39617322E-02       0.98628121E-04
      0.13669918E+02       0.52634338E+01       0.34330291E+01       0.00000000E+00       0.35923811E-01       0.90042265E-01       0.23848209E-01       0.88612111E-02       0.12773407E-01       0.20635221E-01       0.18284331E-01       0.11429730E-02       0.36573317E-02       0.46293978E-01       0.35726788E-02       0.12775619E-03       0.39162730E-02       0.44243687E-01       0.24185115E-02       0.69683304E-04       0.30981133E-02       0.62865275E-01       0.39403440E-02       0.97563183E-04       0.30974709E-02       0.62859952E-01       0.39404138E-02       0.97574178E-04
      0.13772992E+02       0.50716115E+01       0.33185962E+01       0.00000000E+00       0.32532942E-01       0.87304149E-01       0.23816068E-01       0.88063814E-02       0.11459087E-01       0.20543312E-01       0.17799951E-01       0.11160836E-02       0.34041070E-02       0.45135663E-01       0.34155039E-02       0.12739460E-03       0.37740898E-02       0.41962404E-01       0.23588464E-02       0.67879987E-04       0.28530483E-02       0.59612411E-01       0.39007693E-02       0.96425314E-04       0.28524825E-02       0.59606828E-01       0.39008455E-02       0.96435768E-04
      0.13876065E+02       0.48378125E+01       0.31762300E+01       0.00000000E+00       0.29167769E-01       0.83696100E-01       0.23492651E-01       0.86420981E-02       0.10259103E-01       0.20340489E-01       0.17141044E-01       0.10799592E-02       0.31134173E-02       0.43565580E-01       0.32317207E-02       0.12560880E-03       0.36189153E-02       0.39584247E-01       0.22716196E-02       0.65624767E-04       0.25989550E-02       0.55674576E-01       0.38277005E-02       0.94726235E-04       0.25984793E-02       0.55668922E-01       0.38277852E-02       0.94735917E-04
      0.13979138E+02       0.45504846E+01       0.29975707E+01       0.00000000E+00       0.25871542E-01       0.79046310E-01       0.22762159E-01       0.83338807E-02       0.91168530E-02       0.19881100E-01       0.16253427E-01       0.10300562E-02       0.27909746E-02       0.41422913E-01       0.30170317E-02       0.12175309E-03       0.34340972E-02       0.36985002E-01       0.21503784E-02       0.62626938E-04       0.23375153E-02       0.51096464E-01       0.37009430E-02       0.91841819E-04       0.23371352E-02       0.51090925E-01       0.37010361E-02       0.91850520E-04
      0.14082212E+02       0.41978450E+01       0.27741147E+01       0.00000000E+00       0.22642349E-01       0.73163806E-01       0.21528831E-01       0.78505909E-02       0.79865978E-02       0.19026229E-01       0.15088387E-01       0.96221183E-03       0.24434395E-02       0.38561337E-01       0.27658437E-02       0.11527244E-03       0.32006988E-02       0.34027810E-01       0.19899054E-02       0.58609069E-04       0.20685880E-02       0.45920938E-01       0.35016370E-02       0.87186244E-04       0.20683006E-02       0.45915699E-01       0.35017354E-02       0.87193801E-04
      0.14185285E+02       0.37749861E+01       0.25020629E+01       0.00000000E+00       0.19463942E-01       0.65970773E-01       0.19755802E-01       0.71796196E-02       0.68458156E-02       0.17689319E-01       0.13628520E-01       0.87445552E-03       0.20802733E-02       0.34920889E-01       0.24756102E-02       0.10592016E-03       0.29063393E-02       0.30622359E-01       0.17894780E-02       0.53419745E-04       0.17926977E-02       0.40234039E-01       0.32196462E-02       0.80419200E-04       0.17924933E-02       0.40229278E-01       0.32197444E-02       0.80425515E-04
      0.14288359E+02       0.32894358E+01       0.21861061E+01       0.00000000E+00       0.16340146E-01       0.57606878E-01       0.17491891E-01       0.63379965E-02       0.57007760E-02       0.15870595E-01       0.11906870E-01       0.76835642E-03       0.17145597E-02       0.30579503E-01       0.21505795E-02       0.93913637E-04       0.25519007E-02       0.26775282E-01       0.15550809E-02       0.47119386E-04       0.15132886E-02       0.34201697E-01       0.28590276E-02       0.71594115E-04       0.15131527E-02       0.34197571E-01       0.28591192E-02       0.71599172E-04
      0.14391432E+02       0.27625624E+01       0.18404005E+01       0.00000000E+00       0.13315389E-01       0.48457557E-01       0.14873774E-01       0.53742635E-02       0.45830770E-02       0.13666199E-01       0.10010080E-01       0.64927820E-03       0.13620856E-02       0.25760114E-01       0.18031744E-02       0.79956705E-04       0.21532984E-02       0.22609740E-01       0.12994635E-02       0.40001632E-04       0.12376092E-02       0.28075592E-01       0.24391997E-02       0.61186671E-04       0.12375256E-02       0.28072209E-01       0.24392788E-02       0.61190537E-04
      0.14494506E+02       0.22260647E+01       0.14862239E+01       0.00000000E+00       0.10472490E-01       0.39092631E-01       0.12100953E-01       0.43599011E-02       0.35385590E-02       0.11247917E-01       0.80632684E-02       0.52537944E-03       0.10388804E-02       0.20788840E-01       0.14522969E-02       0.65110677E-04       0.17378066E-02       0.18345069E-01       0.10398732E-02       0.32539260E-04       0.97580656E-03       0.22161259E-01       0.19912043E-02       0.49991325E-04       0.97575948E-03       0.22158660E-01       0.19912674E-02       0.49994138E-04
      0.14597579E+02       0.17149365E+01       0.11472372E+01       0.00000000E+00       0.79109018E-02       0.30140874E-01       0.93922059E-02       0.33735431E-02       0.26129375E-02       0.88212214E-02       0.62023017E-02       0.40573758E-03       0.75817330E-03       0.16020732E-01       0.11192396E-02       0.50558804E-04       0.13367670E-02       0.14244569E-01       0.79431049E-03       0.25274916E-04       0.73867014E-03       0.16760184E-01       0.15504981E-02       0.38926736E-04       0.73864641E-03       0.16758330E-01       0.15505443E-02       0.38928679E-04
      0.14700652E+02       0.12596563E+01       0.84420053E+00       0.00000000E+00       0.57172062E-02       0.22150478E-01       0.69391576E-02       0.24839247E-02       0.18392858E-02       0.65772847E-02       0.45440359E-02       0.29830902E-03       0.52795929E-03       0.11761385E-01       0.82285840E-03       0.37349547E-04       0.97774528E-03       0.10552034E-01       0.57770619E-03       0.18697758E-04       0.53502832E-03       0.12109020E-01       0.11489766E-02       0.28822926E-04       0.53501804E-03       0.12107807E-01       0.11490074E-02       0.28824197E-04
      0.14803726E+02       0.88035172E+00       0.59099417E+00       0.00000000E+00       0.39411800E-02       0.15484903E-01       0.48721568E-02       0.17373477E-02       0.12311043E-02       0.46551261E-02       0.31647316E-02       0.20842343E-03       0.35001520E-03       0.82109022E-02       0.57578878E-03       0.26204122E-04       0.67891963E-03       0.74399180E-02       0.39931081E-03       0.13148161E-04       0.36982362E-03       0.83383644E-02       0.80891797E-03       0.20260990E-04       0.36982018E-03       0.83376505E-02       0.80893642E-03       0.20261777E-04
      0.14906799E+02       0.58451992E+00       0.39302248E+00       0.00000000E+00       0.25858122E-02       0.10282317E-01       0.32469884E-02       0.11528861E-02       0.78203650E-03       0.31238589E-02       0.20922551E-02       0.13820346E-03       0.22052658E-03       0.54440497E-02       0.38281896E-03       0.17438012E-04       0.44708973E-03       0.49842215E-02       0.26193457E-03       0.87760311E-05       0.24345873E-03       0.54628298E-02       0.54040860E-03       0.13505566E-04       0.24345822E-03       0.54624638E-02       0.54041831E-03       0.13506026E-04
      0.15009873E+02       0.36829400E+00       0.24801129E+00       0.00000000E+00       0.16121663E-02       0.64782627E-02       0.20520703E-02       0.72517465E-03       0.47076180E-03       0.19860045E-02       0.13116384E-02       0.86892636E-04       0.13186477E-03       0.34249046E-02       0.24152777E-03       0.10996668E-04       0.27905916E-03       0.31686503E-02       0.16289297E-03       0.55544097E-05       0.15240609E-03       0.34003557E-02       0.34228073E-03       0.85297433E-05       0.15240653E-03       0.34002046E-02       0.34228498E-03       0.85299970E-05
      0.15112946E+02       0.22003031E+00       0.14838607E+00       0.00000000E+00       0.95407347E-03       0.38695564E-02       0.12290285E-02       0.43208564E-03       0.26823849E-03       0.11955118E-02       0.77909977E-03       0.51767656E-04       0.74754460E-04       0.20430336E-02       0.14447071E-03       0.65669340E-05       0.16503993E-03       0.19098275E-02       0.95964020E-04       0.33308480E-05       0.90618804E-04       0.20088387E-02       0.20540302E-03       0.51012155E-05       0.90619340E-04       0.20088022E-02       0.20540432E-03       0.51013478E-05
      0.15216020E+02       0.12456412E+00       0.84123589E-01       0.00000000E+00       0.53552139E-03       0.21899493E-02       0.69721326E-03       0.24375868E-03       0.14454521E-03       0.68114322E-03       0.43822205E-03       0.29211256E-04       0.40146251E-04       0.11550036E-02       0.81871240E-04       0.37117540E-05       0.92474191E-04       0.10905718E-02       0.53526209E-04       0.18914986E-05       0.51130623E-04       0.11254525E-02       0.11673164E-03       0.28876208E-05       0.51131005E-04       0.11254652E-02       0.11673162E-03       0.28876861E-05
      0.15319093E+02       0.66790786E-01       0.45168908E-01       0.00000000E+00       0.28494361E-03       0.11737334E-02       0.37447751E-03       0.13015435E-03       0.73612508E-04       0.36720250E-03       0.23330213E-03       0.15607014E-04       0.20412666E-04       0.61858636E-03       0.43933229E-04       0.19849134E-05       0.49089338E-04       0.58968716E-03       0.28254864E-04       0.10167354E-05       0.27357507E-04       0.59757327E-03       0.62801170E-04       0.15466665E-05       0.27357724E-04       0.59759930E-03       0.62800742E-04       0.15466970E-05
      0.15422166E+02       0.33906554E-01       0.22961016E-01       0.00000000E+00       0.14366773E-03       0.59552045E-03       0.19036835E-03       0.65757638E-04       0.35410863E-04       0.18726447E-03       0.11751892E-03       0.78934197E-05       0.98224461E-05       0.31375046E-03       0.22314399E-04       0.10039616E-05       0.24689277E-04       0.30179336E-03       0.14110709E-04       0.51715021E-06       0.13872133E-04       0.30054474E-03       0.31975221E-04       0.78367302E-06       0.13872240E-04       0.30056814E-03       0.31974790E-04       0.78368657E-06
      0.15525240E+02       0.16290969E-01       0.11046531E-01       0.00000000E+00       0.68619422E-04       0.28593393E-03       0.91567520E-04       0.31428505E-04       0.16083535E-04       0.90323648E-04       0.55992203E-04       0.37783568E-05       0.44717324E-05       0.15066320E-03       0.10723998E-04       0.48017046E-06       0.11765335E-04       0.14613661E-03       0.66653145E-05       0.24883507E-06       0.66626914E-05       0.14311513E-03       0.15403177E-04       0.37554592E-06       0.66627386E-05       0.14313138E-03       0.15402869E-04       0.37555165E-06
      0.15628313E+02       0.74057757E-02       0.50281542E-02       0.00000000E+00       0.31038838E-04       0.12987863E-03       0.41662262E-04       0.14207010E-04       0.68953520E-05       0.41196653E-04       0.25226588E-04       0.17114196E-05       0.19256527E-05       0.68476898E-04       0.48749873E-05       0.21710972E-06       0.53122803E-05       0.66930873E-04       0.29772385E-05       0.11323592E-06       0.30295966E-05       0.64497800E-04       0.70185663E-05       0.17017542E-06       0.30296162E-05       0.64507459E-04       0.70183837E-05       0.17017773E-06
      0.15731387E+02       0.31843678E-02       0.21647472E-02       0.00000000E+00       0.13293179E-04       0.55792755E-04       0.17925712E-04       0.60729304E-05       0.27897492E-05       0.17764498E-04       0.10744614E-04       0.73341050E-06       0.78429038E-06       0.29448953E-04       0.20956103E-05       0.92784747E-07       0.22725846E-05       0.28985010E-04       0.12573101E-05       0.48722715E-07       0.13036083E-05       0.27499510E-04       0.30242508E-05       0.72904446E-07       0.13036162E-05       0.27504621E-04       0.30241555E-05       0.72905341E-07
      0.15834460E+02       0.12946916E-02       0.88121591E-03       0.00000000E+00       0.53888463E-05       0.22659207E-04       0.72914535E-05       0.24542386E-05       0.10649429E-05       0.72406915E-05       0.43252387E-05       0.29729206E-06       0.30208819E-06       0.11979757E-04       0.85159772E-06       0.37470675E-07       0.92101118E-06       0.11864719E-04       0.50190215E-06       0.19817287E-07       0.53054353E-06       0.11088201E-04       0.12319699E-05       0.29521881E-07       0.53054687E-06       0.11090653E-04       0.12319252E-05       0.29522214E-07
      0.15937534E+02       0.49757137E-03       0.33906931E-03       0.00000000E+00       0.20671409E-05       0.86974731E-05       0.28029888E-05       0.93747289E-06       0.38353462E-06       0.27889232E-05       0.16451276E-05       0.11396147E-06       0.11002448E-06       0.46081213E-05       0.32705096E-06       0.14296396E-07       0.35351599E-06       0.45892457E-05       0.18934360E-06       0.76173224E-08       0.20412758E-06       0.42265525E-05       0.47431609E-06       0.11297101E-07       0.20412907E-06       0.42276293E-05       0.47429705E-06       0.11297220E-07
      0.16040607E+02       0.18068755E-03       0.12327159E-03       0.00000000E+00       0.75006311E-06       0.31539910E-05       0.10179874E-05       0.33837595E-06       0.13025191E-06       0.10148323E-05       0.59105807E-06       0.41299207E-07       0.37884347E-07       0.16754818E-05       0.11865651E-06       0.51518324E-08       0.12847038E-06       0.16766769E-05       0.67488757E-07       0.27661225E-08       0.74216863E-07       0.15223827E-05       0.17253323E-06       0.40841492E-08       0.74217543E-07       0.15228187E-05       0.17252581E-06       0.40841905E-08
      0.16143681E+02       0.61978682E-04       0.42331203E-04       0.00000000E+00       0.25733776E-06       0.10802103E-05       0.34917060E-06       0.11538372E-06       0.41734827E-07       0.34875867E-06       0.20054109E-06       0.14144455E-07       0.12336154E-07       0.57561433E-06       0.40659375E-07       0.17530610E-08       0.44187615E-07       0.57844642E-06       0.22722823E-07       0.94870466E-09       0.25485011E-07       0.51799644E-06       0.59276124E-07       0.13945731E-08       0.25485317E-07       0.51815968E-06       0.59273467E-07       0.13945868E-08
      0.16246754E+02       0.20068728E-04       0.13721676E-04       0.00000000E+00       0.83430573E-07       0.34920836E-06       0.11304898E-06       0.37150266E-07       0.12598268E-07       0.11312675E-06       0.64222611E-07       0.45757669E-08       0.37904152E-08       0.18671997E-06       0.13150593E-07       0.56297553E-09       0.14372880E-07       0.18832698E-06       0.72232566E-08       0.30713413E-09       0.82587587E-08       0.16636090E-06       0.19225332E-07       0.44949172E-09       0.82588895E-08       0.16641770E-06       0.19224457E-07       0.44949607E-09
      0.16349827E+02       0.61022649E-05       0.41775071E-05       0.00000000E+00       0.25428270E-07       0.10596794E-06       0.34368360E-07       0.11222646E-07       0.35180330E-08       0.34542659E-07       0.19277259E-07       0.13906125E-08       0.10816661E-08       0.56831972E-07       0.39961590E-08       0.16982609E-09       0.43980295E-08       0.57642908E-07       0.21510943E-08       0.93470824E-10       0.25127442E-08       0.50081081E-07       0.58567780E-08       0.13617005E-09       0.25128008E-08       0.50099310E-07       0.58565048E-08       0.13617130E-09
      0.16452901E+02       0.17364384E-05       0.11905702E-05       0.00000000E+00       0.72090105E-08       0.30053842E-07       0.97831602E-08       0.31791692E-08       0.90663111E-09       0.98454539E-08       0.54107719E-08       0.39612118E-09       0.28381052E-09       0.16227653E-07       0.11359189E-08       0.47865675E-10       0.12491530E-08       0.16536733E-07       0.59678884E-09       0.26630255E-10       0.71341151E-09       0.14090834E-07       0.16707368E-08       0.38501483E-10       0.71343398E-09       0.14096394E-07       0.16706656E-08       0.38501755E-10
      0.16555974E+02       0.43030993E-06       0.29573597E-06       0.00000000E+00       0.17968658E-08       0.74455929E-08       0.24273195E-08       0.77189873E-09       0.16849012E-09       0.24432140E-08       0.13055063E-08       0.96342508E-10       0.59125638E-10       0.40296626E-08       0.28017663E-09       0.11579778E-10       0.30635826E-09       0.41603198E-08       0.14028322E-09       0.65879392E-11       0.17699255E-09       0.34255503E-08       0.41652407E-09       0.94361923E-11       0.17699683E-09       0.34272804E-08       0.41650454E-09       0.94362633E-11
      0.16659048E+02       0.93953478E-07       0.64842673E-07       0.00000000E+00       0.38057261E-09       0.16234237E-08       0.52599804E-09       0.16114500E-09       0.16420245E-10       0.52828633E-09       0.27056456E-09       0.20904488E-10       0.90328429E-11       0.88281722E-09       0.60882014E-10       0.24195841E-11       0.68948638E-10       0.91249712E-09       0.28005936E-10       0.14032776E-11       0.41302989E-10       0.74405126E-09       0.89675123E-10       0.19756424E-11       0.41301394E-10       0.74464804E-09       0.89661455E-10       0.19756875E-11
      0.16762121E+02       0.17405174E-07       0.12083414E-07       0.00000000E+00       0.88202956E-10       0.28256972E-09       0.96560465E-10       0.30877382E-10       0.33851526E-11       0.10382806E-09       0.43165691E-10       0.43715695E-11       0.20189555E-11       0.17545871E-09       0.10997805E-10       0.40833328E-12       0.17352810E-10       0.17653331E-09       0.45509235E-11       0.27282533E-12       0.65076975E-11       0.11793306E-09       0.17420991E-10       0.36910847E-12       0.65105638E-11       0.11792313E-09       0.17425056E-10       0.36911285E-12
      0.16865195E+02       0.00000000E+00       0.00000000E+00       0.00000000E+00       0.00000000E+00       0.00000000E+00       0.00000000E+00       0.00000000E+00       0.00000000E+00       0.00000000E+00       0.00000000E+00       0.00000000E+00       0.00000000E+00       0.00000000E+00       0.00000000E+00       0.00000000E+00       0.00000000E+00       0.00000000E+00       0.00000000E+00       0.00000000E+00       0.00000000E+00       0.00000000E+00       0.00000000E+00       0.00000000E+00       0.00000000E+00       0.00000000E+00       0.00000000E+00       0.00000000E+00
      0.16968268E+02       0.00000000E+00       0.00000000E+00       0.00000000E+00       0.00000000E+00       0.00000000E+00       0.00000000E+00       0.00000000E+00       0.00000000E+00       0.00000000E+00       0.00000000E+00       0.00000000E+00       0.00000000E+00       0.00000000E+00       0.00000000E+00       0.00000000E+00       0.00000000E+00       0.00000000E+00       0.00000000E+00       0.00000000E+00       0.00000000E+00       0.00000000E+00       0.00000000E+00       0.00000000E+00       0.00000000E+00       0.00000000E+00       0.00000000E+00       0.00000000E+00
      0.17071341E+02       0.00000000E+00       0.00000000E+00       0.00000000E+00       0.00000000E+00       0.00000000E+00       0.00000000E+00       0.00000000E+00       0.00000000E+00       0.00000000E+00       0.00000000E+00       0.00000000E+00       0.00000000E+00       0.00000000E+00       0.00000000E+00       0.00000000E+00       0.00000000E+00       0.00000000E+00       0.00000000E+00       0.00000000E+00       0.00000000E+00       0.00000000E+00       0.00000000E+00       0.00000000E+00       0.00000000E+00       0.00000000E+00       0.00000000E+00       0.00000000E+00
      0.17174415E+02       0.00000000E+00       0.00000000E+00       0.00000000E+00       0.00000000E+00       0.00000000E+00       0.00000000E+00       0.00000000E+00       0.00000000E+00       0.00000000E+00       0.00000000E+00       0.00000000E+00       0.00000000E+00       0.00000000E+00       0.00000000E+00       0.00000000E+00       0.00000000E+00       0.00000000E+00       0.00000000E+00       0.00000000E+00       0.00000000E+00       0.00000000E+00       0.00000000E+00       0.00000000E+00       0.00000000E+00       0.00000000E+00       0.00000000E+00       0.00000000E+00
      0.17277488E+02       0.00000000E+00       0.00000000E+00       0.00000000E+00       0.00000000E+00       0.00000000E+00       0.00000000E+00       0.00000000E+00       0.00000000E+00       0.00000000E+00       0.00000000E+00       0.00000000E+00       0.00000000E+00       0.00000000E+00       0.00000000E+00       0.00000000E+00       0.00000000E+00       0.00000000E+00       0.00000000E+00       0.00000000E+00       0.00000000E+00       0.00000000E+00       0.00000000E+00       0.00000000E+00       0.00000000E+00       0.00000000E+00       0.00000000E+00       0.00000000E+00
      0.17380562E+02       0.00000000E+00       0.00000000E+00       0.00000000E+00       0.00000000E+00       0.00000000E+00       0.00000000E+00       0.00000000E+00       0.00000000E+00       0.00000000E+00       0.00000000E+00       0.00000000E+00       0.00000000E+00       0.00000000E+00       0.00000000E+00       0.00000000E+00       0.00000000E+00       0.00000000E+00       0.00000000E+00       0.00000000E+00       0.00000000E+00       0.00000000E+00       0.00000000E+00       0.00000000E+00       0.00000000E+00       0.00000000E+00       0.00000000E+00       0.00000000E+00
      0.17483635E+02       0.00000000E+00       0.00000000E+00       0.00000000E+00       0.00000000E+00       0.00000000E+00       0.00000000E+00       0.00000000E+00       0.00000000E+00       0.00000000E+00       0.00000000E+00       0.00000000E+00       0.00000000E+00       0.00000000E+00       0.00000000E+00       0.00000000E+00       0.00000000E+00       0.00000000E+00       0.00000000E+00       0.00000000E+00       0.00000000E+00       0.00000000E+00       0.00000000E+00       0.00000000E+00       0.00000000E+00       0.00000000E+00       0.00000000E+00       0.00000000E+00
      0.17586709E+02       0.00000000E+00       0.00000000E+00       0.00000000E+00       0.00000000E+00       0.00000000E+00       0.00000000E+00       0.00000000E+00       0.00000000E+00       0.00000000E+00       0.00000000E+00       0.00000000E+00       0.00000000E+00       0.00000000E+00       0.00000000E+00       0.00000000E+00       0.00000000E+00       0.00000000E+00       0.00000000E+00       0.00000000E+00       0.00000000E+00       0.00000000E+00       0.00000000E+00       0.00000000E+00       0.00000000E+00       0.00000000E+00       0.00000000E+00       0.00000000E+00
      0.17689782E+02       0.00000000E+00       0.00000000E+00       0.00000000E+00       0.00000000E+00       0.00000000E+00       0.00000000E+00       0.00000000E+00       0.00000000E+00       0.00000000E+00       0.00000000E+00       0.00000000E+00       0.00000000E+00       0.00000000E+00       0.00000000E+00       0.00000000E+00       0.00000000E+00       0.00000000E+00       0.00000000E+00       0.00000000E+00       0.00000000E+00       0.00000000E+00       0.00000000E+00       0.00000000E+00       0.00000000E+00       0.00000000E+00       0.00000000E+00       0.00000000E+00
      0.17792855E+02       0.00000000E+00       0.00000000E+00       0.00000000E+00       0.00000000E+00       0.00000000E+00       0.00000000E+00       0.00000000E+00       0.00000000E+00       0.00000000E+00       0.00000000E+00       0.00000000E+00       0.00000000E+00       0.00000000E+00       0.00000000E+00       0.00000000E+00       0.00000000E+00       0.00000000E+00       0.00000000E+00       0.00000000E+00       0.00000000E+00       0.00000000E+00       0.00000000E+00       0.00000000E+00       0.00000000E+00       0.00000000E+00       0.00000000E+00       0.00000000E+00
      0.17895929E+02       0.00000000E+00       0.00000000E+00       0.00000000E+00       0.00000000E+00       0.00000000E+00       0.00000000E+00       0.00000000E+00       0.00000000E+00       0.00000000E+00       0.00000000E+00       0.00000000E+00       0.00000000E+00       0.00000000E+00       0.00000000E+00       0.00000000E+00       0.00000000E+00       0.00000000E+00       0.00000000E+00       0.00000000E+00       0.00000000E+00       0.00000000E+00       0.00000000E+00       0.00000000E+00       0.00000000E+00       0.00000000E+00       0.00000000E+00       0.00000000E+00
      0.17999002E+02       0.00000000E+00       0.00000000E+00       0.00000000E+00       0.00000000E+00       0.00000000E+00       0.00000000E+00       0.00000000E+00       0.00000000E+00       0.00000000E+00       0.00000000E+00       0.00000000E+00       0.00000000E+00       0.00000000E+00       0.00000000E+00       0.00000000E+00       0.00000000E+00       0.00000000E+00       0.00000000E+00       0.00000000E+00       0.00000000E+00       0.00000000E+00       0.00000000E+00       0.00000000E+00       0.00000000E+00       0.00000000E+00       0.00000000E+00       0.00000000E+00
      0.18102076E+02       0.00000000E+00       0.00000000E+00       0.00000000E+00       0.00000000E+00       0.00000000E+00       0.00000000E+00       0.00000000E+00       0.00000000E+00       0.00000000E+00       0.00000000E+00       0.00000000E+00       0.00000000E+00       0.00000000E+00       0.00000000E+00       0.00000000E+00       0.00000000E+00       0.00000000E+00       0.00000000E+00       0.00000000E+00       0.00000000E+00       0.00000000E+00       0.00000000E+00       0.00000000E+00       0.00000000E+00       0.00000000E+00       0.00000000E+00       0.00000000E+00
      0.18205149E+02       0.00000000E+00       0.00000000E+00       0.00000000E+00       0.00000000E+00       0.00000000E+00       0.00000000E+00       0.00000000E+00       0.00000000E+00       0.00000000E+00       0.00000000E+00       0.00000000E+00       0.00000000E+00       0.00000000E+00       0.00000000E+00       0.00000000E+00       0.00000000E+00       0.00000000E+00       0.00000000E+00       0.00000000E+00       0.00000000E+00       0.00000000E+00       0.00000000E+00       0.00000000E+00       0.00000000E+00       0.00000000E+00       0.00000000E+00       0.00000000E+00
      0.18308223E+02       0.00000000E+00       0.00000000E+00       0.00000000E+00       0.00000000E+00       0.00000000E+00       0.00000000E+00       0.00000000E+00       0.00000000E+00       0.00000000E+00       0.00000000E+00       0.00000000E+00       0.00000000E+00       0.00000000E+00       0.00000000E+00       0.00000000E+00       0.00000000E+00       0.00000000E+00       0.00000000E+00       0.00000000E+00       0.00000000E+00       0.00000000E+00       0.00000000E+00       0.00000000E+00       0.00000000E+00       0.00000000E+00       0.00000000E+00       0.00000000E+00
      0.18411296E+02       0.00000000E+00       0.00000000E+00       0.00000000E+00       0.00000000E+00       0.00000000E+00       0.00000000E+00       0.00000000E+00       0.00000000E+00       0.00000000E+00       0.00000000E+00       0.00000000E+00       0.00000000E+00       0.00000000E+00       0.00000000E+00       0.00000000E+00       0.00000000E+00       0.00000000E+00       0.00000000E+00       0.00000000E+00       0.00000000E+00       0.00000000E+00       0.00000000E+00       0.00000000E+00       0.00000000E+00       0.00000000E+00       0.00000000E+00       0.00000000E+00
      0.18514369E+02       0.00000000E+00       0.00000000E+00       0.00000000E+00       0.00000000E+00       0.00000000E+00       0.00000000E+00       0.00000000E+00       0.00000000E+00       0.00000000E+00       0.00000000E+00       0.00000000E+00       0.00000000E+00       0.00000000E+00       0.00000000E+00       0.00000000E+00       0.00000000E+00       0.00000000E+00       0.00000000E+00       0.00000000E+00       0.00000000E+00       0.00000000E+00       0.00000000E+00       0.00000000E+00       0.00000000E+00       0.00000000E+00       0.00000000E+00       0.00000000E+00
      0.18617443E+02       0.00000000E+00       0.00000000E+00       0.00000000E+00       0.00000000E+00       0.00000000E+00       0.00000000E+00       0.00000000E+00       0.00000000E+00       0.00000000E+00       0.00000000E+00       0.00000000E+00       0.00000000E+00       0.00000000E+00       0.00000000E+00       0.00000000E+00       0.00000000E+00       0.00000000E+00       0.00000000E+00       0.00000000E+00       0.00000000E+00       0.00000000E+00       0.00000000E+00       0.00000000E+00       0.00000000E+00       0.00000000E+00       0.00000000E+00       0.00000000E+00
      0.18720516E+02       0.00000000E+00       0.00000000E+00       0.00000000E+00       0.00000000E+00       0.00000000E+00       0.00000000E+00       0.00000000E+00       0.00000000E+00       0.00000000E+00       0.00000000E+00       0.00000000E+00       0.00000000E+00       0.00000000E+00       0.00000000E+00       0.00000000E+00       0.00000000E+00       0.00000000E+00       0.00000000E+00       0.00000000E+00       0.00000000E+00       0.00000000E+00       0.00000000E+00       0.00000000E+00       0.00000000E+00       0.00000000E+00       0.00000000E+00       0.00000000E+00
      0.18823590E+02       0.00000000E+00       0.00000000E+00       0.00000000E+00       0.00000000E+00       0.00000000E+00       0.00000000E+00       0.00000000E+00       0.00000000E+00       0.00000000E+00       0.00000000E+00       0.00000000E+00       0.00000000E+00       0.00000000E+00       0.00000000E+00       0.00000000E+00       0.00000000E+00       0.00000000E+00       0.00000000E+00       0.00000000E+00       0.00000000E+00       0.00000000E+00       0.00000000E+00       0.00000000E+00       0.00000000E+00       0.00000000E+00       0.00000000E+00       0.00000000E+00
      0.18926663E+02       0.00000000E+00       0.00000000E+00       0.00000000E+00       0.00000000E+00       0.00000000E+00       0.00000000E+00       0.00000000E+00       0.00000000E+00       0.00000000E+00       0.00000000E+00       0.00000000E+00       0.00000000E+00       0.00000000E+00       0.00000000E+00       0.00000000E+00       0.00000000E+00       0.00000000E+00       0.00000000E+00       0.00000000E+00       0.00000000E+00       0.00000000E+00       0.00000000E+00       0.00000000E+00       0.00000000E+00       0.00000000E+00       0.00000000E+00       0.00000000E+00
      0.19029737E+02       0.00000000E+00       0.00000000E+00       0.00000000E+00       0.00000000E+00       0.00000000E+00       0.00000000E+00       0.00000000E+00       0.00000000E+00       0.00000000E+00       0.00000000E+00       0.00000000E+00       0.00000000E+00       0.00000000E+00       0.00000000E+00       0.00000000E+00       0.00000000E+00       0.00000000E+00       0.00000000E+00       0.00000000E+00       0.00000000E+00       0.00000000E+00       0.00000000E+00       0.00000000E+00       0.00000000E+00       0.00000000E+00       0.00000000E+00       0.00000000E+00
      0.19132810E+02       0.00000000E+00       0.00000000E+00       0.00000000E+00       0.00000000E+00       0.00000000E+00       0.00000000E+00       0.00000000E+00       0.00000000E+00       0.00000000E+00       0.00000000E+00       0.00000000E+00       0.00000000E+00       0.00000000E+00       0.00000000E+00       0.00000000E+00       0.00000000E+00       0.00000000E+00       0.00000000E+00       0.00000000E+00       0.00000000E+00       0.00000000E+00       0.00000000E+00       0.00000000E+00       0.00000000E+00       0.00000000E+00       0.00000000E+00       0.00000000E+00
      0.19235883E+02       0.00000000E+00       0.00000000E+00       0.00000000E+00       0.00000000E+00       0.00000000E+00       0.00000000E+00       0.00000000E+00       0.00000000E+00       0.00000000E+00       0.00000000E+00       0.00000000E+00       0.00000000E+00       0.00000000E+00       0.00000000E+00       0.00000000E+00       0.00000000E+00       0.00000000E+00       0.00000000E+00       0.00000000E+00       0.00000000E+00       0.00000000E+00       0.00000000E+00       0.00000000E+00       0.00000000E+00       0.00000000E+00       0.00000000E+00       0.00000000E+00
      0.19338957E+02       0.00000000E+00       0.00000000E+00       0.00000000E+00       0.00000000E+00       0.00000000E+00       0.00000000E+00       0.00000000E+00       0.00000000E+00       0.00000000E+00       0.00000000E+00       0.00000000E+00       0.00000000E+00       0.00000000E+00       0.00000000E+00       0.00000000E+00       0.00000000E+00       0.00000000E+00       0.00000000E+00       0.00000000E+00       0.00000000E+00       0.00000000E+00       0.00000000E+00       0.00000000E+00       0.00000000E+00       0.00000000E+00       0.00000000E+00       0.00000000E+00
      0.19442030E+02       0.00000000E+00       0.00000000E+00       0.00000000E+00       0.00000000E+00       0.00000000E+00       0.00000000E+00       0.00000000E+00       0.00000000E+00       0.00000000E+00       0.00000000E+00       0.00000000E+00       0.00000000E+00       0.00000000E+00       0.00000000E+00       0.00000000E+00       0.00000000E+00       0.00000000E+00       0.00000000E+00       0.00000000E+00       0.00000000E+00       0.00000000E+00       0.00000000E+00       0.00000000E+00       0.00000000E+00       0.00000000E+00       0.00000000E+00       0.00000000E+00
      0.19545104E+02       0.00000000E+00       0.00000000E+00       0.00000000E+00       0.00000000E+00       0.00000000E+00       0.00000000E+00       0.00000000E+00       0.00000000E+00       0.00000000E+00       0.00000000E+00       0.00000000E+00       0.00000000E+00       0.00000000E+00       0.00000000E+00       0.00000000E+00       0.00000000E+00       0.00000000E+00       0.00000000E+00       0.00000000E+00       0.00000000E+00       0.00000000E+00       0.00000000E+00       0.00000000E+00       0.00000000E+00       0.00000000E+00       0.00000000E+00       0.00000000E+00
      0.19648177E+02       0.00000000E+00       0.00000000E+00       0.00000000E+00       0.00000000E+00       0.00000000E+00       0.00000000E+00       0.00000000E+00       0.00000000E+00       0.00000000E+00       0.00000000E+00       0.00000000E+00       0.00000000E+00       0.00000000E+00       0.00000000E+00       0.00000000E+00       0.00000000E+00       0.00000000E+00       0.00000000E+00       0.00000000E+00       0.00000000E+00       0.00000000E+00       0.00000000E+00       0.00000000E+00       0.00000000E+00       0.00000000E+00       0.00000000E+00       0.00000000E+00
      0.19751251E+02       0.00000000E+00       0.00000000E+00       0.00000000E+00       0.00000000E+00       0.00000000E+00       0.00000000E+00       0.00000000E+00       0.00000000E+00       0.00000000E+00       0.00000000E+00       0.00000000E+00       0.00000000E+00       0.00000000E+00       0.00000000E+00       0.00000000E+00       0.00000000E+00       0.00000000E+00       0.00000000E+00       0.00000000E+00       0.00000000E+00       0.00000000E+00       0.00000000E+00       0.00000000E+00       0.00000000E+00       0.00000000E+00       0.00000000E+00       0.00000000E+00
      0.19854324E+02       0.00000000E+00       0.00000000E+00       0.00000000E+00       0.00000000E+00       0.00000000E+00       0.00000000E+00       0.00000000E+00       0.00000000E+00       0.00000000E+00       0.00000000E+00       0.00000000E+00       0.00000000E+00       0.00000000E+00       0.00000000E+00       0.00000000E+00       0.00000000E+00       0.00000000E+00       0.00000000E+00       0.00000000E+00       0.00000000E+00       0.00000000E+00       0.00000000E+00       0.00000000E+00       0.00000000E+00       0.00000000E+00       0.00000000E+00       0.00000000E+00
      0.19957398E+02       0.00000000E+00       0.00000000E+00       0.00000000E+00       0.00000000E+00       0.00000000E+00       0.00000000E+00       0.00000000E+00       0.00000000E+00       0.00000000E+00       0.00000000E+00       0.00000000E+00       0.00000000E+00       0.00000000E+00       0.00000000E+00       0.00000000E+00       0.00000000E+00       0.00000000E+00       0.00000000E+00       0.00000000E+00       0.00000000E+00       0.00000000E+00       0.00000000E+00       0.00000000E+00       0.00000000E+00       0.00000000E+00       0.00000000E+00       0.00000000E+00
      0.20060471E+02       0.00000000E+00       0.00000000E+00       0.00000000E+00       0.00000000E+00       0.00000000E+00       0.00000000E+00       0.00000000E+00       0.00000000E+00       0.00000000E+00       0.00000000E+00       0.00000000E+00       0.00000000E+00       0.00000000E+00       0.00000000E+00       0.00000000E+00       0.00000000E+00       0.00000000E+00       0.00000000E+00       0.00000000E+00       0.00000000E+00       0.00000000E+00       0.00000000E+00       0.00000000E+00       0.00000000E+00       0.00000000E+00       0.00000000E+00       0.00000000E+00
      0.20163544E+02       0.00000000E+00       0.00000000E+00       0.00000000E+00       0.00000000E+00       0.00000000E+00       0.00000000E+00       0.00000000E+00       0.00000000E+00       0.00000000E+00       0.00000000E+00       0.00000000E+00       0.00000000E+00       0.00000000E+00       0.00000000E+00       0.00000000E+00       0.00000000E+00       0.00000000E+00       0.00000000E+00       0.00000000E+00       0.00000000E+00       0.00000000E+00       0.00000000E+00       0.00000000E+00       0.00000000E+00       0.00000000E+00       0.00000000E+00       0.00000000E+00
      0.20266618E+02       0.00000000E+00       0.00000000E+00       0.00000000E+00       0.00000000E+00       0.00000000E+00       0.00000000E+00       0.00000000E+00       0.00000000E+00       0.00000000E+00       0.00000000E+00       0.00000000E+00       0.00000000E+00       0.00000000E+00       0.00000000E+00       0.00000000E+00       0.00000000E+00       0.00000000E+00       0.00000000E+00       0.00000000E+00       0.00000000E+00       0.00000000E+00       0.00000000E+00       0.00000000E+00       0.00000000E+00       0.00000000E+00       0.00000000E+00       0.00000000E+00
      0.20369691E+02       0.00000000E+00       0.00000000E+00       0.00000000E+00       0.00000000E+00       0.00000000E+00       0.00000000E+00       0.00000000E+00       0.00000000E+00       0.00000000E+00       0.00000000E+00       0.00000000E+00       0.00000000E+00       0.00000000E+00       0.00000000E+00       0.00000000E+00       0.00000000E+00       0.00000000E+00       0.00000000E+00       0.00000000E+00       0.00000000E+00       0.00000000E+00       0.00000000E+00       0.00000000E+00       0.00000000E+00       0.00000000E+00       0.00000000E+00       0.00000000E+00
      0.20472765E+02       0.00000000E+00       0.00000000E+00       0.00000000E+00       0.00000000E+00       0.00000000E+00       0.00000000E+00       0.00000000E+00       0.00000000E+00       0.00000000E+00       0.00000000E+00       0.00000000E+00       0.00000000E+00       0.00000000E+00       0.00000000E+00       0.00000000E+00       0.00000000E+00       0.00000000E+00       0.00000000E+00       0.00000000E+00       0.00000000E+00       0.00000000E+00       0.00000000E+00       0.00000000E+00       0.00000000E+00       0.00000000E+00       0.00000000E+00       0.00000000E+00
      0.20575838E+02       0.00000000E+00       0.00000000E+00       0.00000000E+00       0.00000000E+00       0.00000000E+00       0.00000000E+00       0.00000000E+00       0.00000000E+00       0.00000000E+00       0.00000000E+00       0.00000000E+00       0.00000000E+00       0.00000000E+00       0.00000000E+00       0.00000000E+00       0.00000000E+00       0.00000000E+00       0.00000000E+00       0.00000000E+00       0.00000000E+00       0.00000000E+00       0.00000000E+00       0.00000000E+00       0.00000000E+00       0.00000000E+00       0.00000000E+00       0.00000000E+00
      0.20678912E+02       0.00000000E+00       0.00000000E+00       0.00000000E+00       0.00000000E+00       0.00000000E+00       0.00000000E+00       0.00000000E+00       0.00000000E+00       0.00000000E+00       0.00000000E+00       0.00000000E+00       0.00000000E+00       0.00000000E+00       0.00000000E+00       0.00000000E+00       0.00000000E+00       0.00000000E+00       0.00000000E+00       0.00000000E+00       0.00000000E+00       0.00000000E+00       0.00000000E+00       0.00000000E+00       0.00000000E+00       0.00000000E+00       0.00000000E+00       0.00000000E+00
      0.20781985E+02       0.00000000E+00       0.00000000E+00       0.00000000E+00       0.00000000E+00       0.00000000E+00       0.00000000E+00       0.00000000E+00       0.00000000E+00       0.00000000E+00       0.00000000E+00       0.00000000E+00       0.00000000E+00       0.00000000E+00       0.00000000E+00       0.00000000E+00       0.00000000E+00       0.00000000E+00       0.00000000E+00       0.00000000E+00       0.00000000E+00       0.00000000E+00       0.00000000E+00       0.00000000E+00       0.00000000E+00       0.00000000E+00       0.00000000E+00       0.00000000E+00
      0.20885058E+02       0.00000000E+00       0.00000000E+00       0.00000000E+00       0.00000000E+00       0.00000000E+00       0.00000000E+00       0.00000000E+00       0.00000000E+00       0.00000000E+00       0.00000000E+00       0.00000000E+00       0.00000000E+00       0.00000000E+00       0.00000000E+00       0.00000000E+00       0.00000000E+00       0.00000000E+00       0.00000000E+00       0.00000000E+00       0.00000000E+00       0.00000000E+00       0.00000000E+00       0.00000000E+00       0.00000000E+00       0.00000000E+00       0.00000000E+00       0.00000000E+00
      0.20988132E+02       0.00000000E+00       0.00000000E+00       0.00000000E+00       0.00000000E+00       0.00000000E+00       0.00000000E+00       0.00000000E+00       0.00000000E+00       0.00000000E+00       0.00000000E+00       0.00000000E+00       0.00000000E+00       0.00000000E+00       0.00000000E+00       0.00000000E+00       0.00000000E+00       0.00000000E+00       0.00000000E+00       0.00000000E+00       0.00000000E+00       0.00000000E+00       0.00000000E+00       0.00000000E+00       0.00000000E+00       0.00000000E+00       0.00000000E+00       0.00000000E+00
      0.21091205E+02       0.00000000E+00       0.00000000E+00       0.00000000E+00       0.00000000E+00       0.00000000E+00       0.00000000E+00       0.00000000E+00       0.00000000E+00       0.00000000E+00       0.00000000E+00       0.00000000E+00       0.00000000E+00       0.00000000E+00       0.00000000E+00       0.00000000E+00       0.00000000E+00       0.00000000E+00       0.00000000E+00       0.00000000E+00       0.00000000E+00       0.00000000E+00       0.00000000E+00       0.00000000E+00       0.00000000E+00       0.00000000E+00       0.00000000E+00       0.00000000E+00
      0.21194279E+02       0.00000000E+00       0.00000000E+00       0.00000000E+00       0.00000000E+00       0.00000000E+00       0.00000000E+00       0.00000000E+00       0.00000000E+00       0.00000000E+00       0.00000000E+00       0.00000000E+00       0.00000000E+00       0.00000000E+00       0.00000000E+00       0.00000000E+00       0.00000000E+00       0.00000000E+00       0.00000000E+00       0.00000000E+00       0.00000000E+00       0.00000000E+00       0.00000000E+00       0.00000000E+00       0.00000000E+00       0.00000000E+00       0.00000000E+00       0.00000000E+00
      0.21297352E+02       0.00000000E+00       0.00000000E+00       0.00000000E+00       0.00000000E+00       0.00000000E+00       0.00000000E+00       0.00000000E+00       0.00000000E+00       0.00000000E+00       0.00000000E+00       0.00000000E+00       0.00000000E+00       0.00000000E+00       0.00000000E+00       0.00000000E+00       0.00000000E+00       0.00000000E+00       0.00000000E+00       0.00000000E+00       0.00000000E+00       0.00000000E+00       0.00000000E+00       0.00000000E+00       0.00000000E+00       0.00000000E+00       0.00000000E+00       0.00000000E+00
      0.21400426E+02       0.00000000E+00       0.00000000E+00       0.00000000E+00       0.00000000E+00       0.00000000E+00       0.00000000E+00       0.00000000E+00       0.00000000E+00       0.00000000E+00       0.00000000E+00       0.00000000E+00       0.00000000E+00       0.00000000E+00       0.00000000E+00       0.00000000E+00       0.00000000E+00       0.00000000E+00       0.00000000E+00       0.00000000E+00       0.00000000E+00       0.00000000E+00       0.00000000E+00       0.00000000E+00       0.00000000E+00       0.00000000E+00       0.00000000E+00       0.00000000E+00
      0.21503499E+02       0.00000000E+00       0.00000000E+00       0.00000000E+00       0.00000000E+00       0.00000000E+00       0.00000000E+00       0.00000000E+00       0.00000000E+00       0.00000000E+00       0.00000000E+00       0.00000000E+00       0.00000000E+00       0.00000000E+00       0.00000000E+00       0.00000000E+00       0.00000000E+00       0.00000000E+00       0.00000000E+00       0.00000000E+00       0.00000000E+00       0.00000000E+00       0.00000000E+00       0.00000000E+00       0.00000000E+00       0.00000000E+00       0.00000000E+00       0.00000000E+00
      0.21606572E+02       0.00000000E+00       0.00000000E+00       0.00000000E+00       0.00000000E+00       0.00000000E+00       0.00000000E+00       0.00000000E+00       0.00000000E+00       0.00000000E+00       0.00000000E+00       0.00000000E+00       0.00000000E+00       0.00000000E+00       0.00000000E+00       0.00000000E+00       0.00000000E+00       0.00000000E+00       0.00000000E+00       0.00000000E+00       0.00000000E+00       0.00000000E+00       0.00000000E+00       0.00000000E+00       0.00000000E+00       0.00000000E+00       0.00000000E+00       0.00000000E+00
      0.21709646E+02       0.00000000E+00       0.00000000E+00       0.00000000E+00       0.00000000E+00       0.00000000E+00       0.00000000E+00       0.00000000E+00       0.00000000E+00       0.00000000E+00       0.00000000E+00       0.00000000E+00       0.00000000E+00       0.00000000E+00       0.00000000E+00       0.00000000E+00       0.00000000E+00       0.00000000E+00       0.00000000E+00       0.00000000E+00       0.00000000E+00       0.00000000E+00       0.00000000E+00       0.00000000E+00       0.00000000E+00       0.00000000E+00       0.00000000E+00       0.00000000E+00
      0.21812719E+02       0.00000000E+00       0.00000000E+00       0.00000000E+00       0.00000000E+00       0.00000000E+00       0.00000000E+00       0.00000000E+00       0.00000000E+00       0.00000000E+00       0.00000000E+00       0.00000000E+00       0.00000000E+00       0.00000000E+00       0.00000000E+00       0.00000000E+00       0.00000000E+00       0.00000000E+00       0.00000000E+00       0.00000000E+00       0.00000000E+00       0.00000000E+00       0.00000000E+00       0.00000000E+00       0.00000000E+00       0.00000000E+00       0.00000000E+00       0.00000000E+00
      0.21915793E+02       0.00000000E+00       0.00000000E+00       0.00000000E+00       0.00000000E+00       0.00000000E+00       0.00000000E+00       0.00000000E+00       0.00000000E+00       0.00000000E+00       0.00000000E+00       0.00000000E+00       0.00000000E+00       0.00000000E+00       0.00000000E+00       0.00000000E+00       0.00000000E+00       0.00000000E+00       0.00000000E+00       0.00000000E+00       0.00000000E+00       0.00000000E+00       0.00000000E+00       0.00000000E+00       0.00000000E+00       0.00000000E+00       0.00000000E+00       0.00000000E+00
      0.22018866E+02       0.00000000E+00       0.00000000E+00       0.00000000E+00       0.00000000E+00       0.00000000E+00       0.00000000E+00       0.00000000E+00       0.00000000E+00       0.00000000E+00       0.00000000E+00       0.00000000E+00       0.00000000E+00       0.00000000E+00       0.00000000E+00       0.00000000E+00       0.00000000E+00       0.00000000E+00       0.00000000E+00       0.00000000E+00       0.00000000E+00       0.00000000E+00       0.00000000E+00       0.00000000E+00       0.00000000E+00       0.00000000E+00       0.00000000E+00       0.00000000E+00
      0.22121940E+02       0.00000000E+00       0.00000000E+00       0.00000000E+00       0.00000000E+00       0.00000000E+00       0.00000000E+00       0.00000000E+00       0.00000000E+00       0.00000000E+00       0.00000000E+00       0.00000000E+00       0.00000000E+00       0.00000000E+00       0.00000000E+00       0.00000000E+00       0.00000000E+00       0.00000000E+00       0.00000000E+00       0.00000000E+00       0.00000000E+00       0.00000000E+00       0.00000000E+00       0.00000000E+00       0.00000000E+00       0.00000000E+00       0.00000000E+00       0.00000000E+00
      0.22225013E+02       0.00000000E+00       0.00000000E+00       0.00000000E+00       0.00000000E+00       0.00000000E+00       0.00000000E+00       0.00000000E+00       0.00000000E+00       0.00000000E+00       0.00000000E+00       0.00000000E+00       0.00000000E+00       0.00000000E+00       0.00000000E+00       0.00000000E+00       0.00000000E+00       0.00000000E+00       0.00000000E+00       0.00000000E+00       0.00000000E+00       0.00000000E+00       0.00000000E+00       0.00000000E+00       0.00000000E+00       0.00000000E+00       0.00000000E+00       0.00000000E+00
      0.22328086E+02       0.00000000E+00       0.00000000E+00       0.00000000E+00       0.00000000E+00       0.00000000E+00       0.00000000E+00       0.00000000E+00       0.00000000E+00       0.00000000E+00       0.00000000E+00       0.00000000E+00       0.00000000E+00       0.00000000E+00       0.00000000E+00       0.00000000E+00       0.00000000E+00       0.00000000E+00       0.00000000E+00       0.00000000E+00       0.00000000E+00       0.00000000E+00       0.00000000E+00       0.00000000E+00       0.00000000E+00       0.00000000E+00       0.00000000E+00       0.00000000E+00
      0.22431160E+02       0.00000000E+00       0.00000000E+00       0.00000000E+00       0.00000000E+00       0.00000000E+00       0.00000000E+00       0.00000000E+00       0.00000000E+00       0.00000000E+00       0.00000000E+00       0.00000000E+00       0.00000000E+00       0.00000000E+00       0.00000000E+00       0.00000000E+00       0.00000000E+00       0.00000000E+00       0.00000000E+00       0.00000000E+00       0.00000000E+00       0.00000000E+00       0.00000000E+00       0.00000000E+00       0.00000000E+00       0.00000000E+00       0.00000000E+00       0.00000000E+00
      0.22534233E+02       0.00000000E+00       0.00000000E+00       0.00000000E+00       0.00000000E+00       0.00000000E+00       0.00000000E+00       0.00000000E+00       0.00000000E+00       0.00000000E+00       0.00000000E+00       0.00000000E+00       0.00000000E+00       0.00000000E+00       0.00000000E+00       0.00000000E+00       0.00000000E+00       0.00000000E+00       0.00000000E+00       0.00000000E+00       0.00000000E+00       0.00000000E+00       0.00000000E+00       0.00000000E+00       0.00000000E+00       0.00000000E+00       0.00000000E+00       0.00000000E+00
      0.22637307E+02       0.00000000E+00       0.00000000E+00       0.00000000E+00       0.00000000E+00       0.00000000E+00       0.00000000E+00       0.00000000E+00       0.00000000E+00       0.00000000E+00       0.00000000E+00       0.00000000E+00       0.00000000E+00       0.00000000E+00       0.00000000E+00       0.00000000E+00       0.00000000E+00       0.00000000E+00       0.00000000E+00       0.00000000E+00       0.00000000E+00       0.00000000E+00       0.00000000E+00       0.00000000E+00       0.00000000E+00       0.00000000E+00       0.00000000E+00       0.00000000E+00
      0.22740380E+02       0.00000000E+00       0.00000000E+00       0.00000000E+00       0.00000000E+00       0.00000000E+00       0.00000000E+00       0.00000000E+00       0.00000000E+00       0.00000000E+00       0.00000000E+00       0.00000000E+00       0.00000000E+00       0.00000000E+00       0.00000000E+00       0.00000000E+00       0.00000000E+00       0.00000000E+00       0.00000000E+00       0.00000000E+00       0.00000000E+00       0.00000000E+00       0.00000000E+00       0.00000000E+00       0.00000000E+00       0.00000000E+00       0.00000000E+00       0.00000000E+00
      0.22843454E+02       0.00000000E+00       0.00000000E+00       0.00000000E+00       0.00000000E+00       0.00000000E+00       0.00000000E+00       0.00000000E+00       0.00000000E+00       0.00000000E+00       0.00000000E+00       0.00000000E+00       0.00000000E+00       0.00000000E+00       0.00000000E+00       0.00000000E+00       0.00000000E+00       0.00000000E+00       0.00000000E+00       0.00000000E+00       0.00000000E+00       0.00000000E+00       0.00000000E+00       0.00000000E+00       0.00000000E+00       0.00000000E+00       0.00000000E+00       0.00000000E+00
      0.22946527E+02       0.00000000E+00       0.00000000E+00       0.00000000E+00       0.00000000E+00       0.00000000E+00       0.00000000E+00       0.00000000E+00       0.00000000E+00       0.00000000E+00       0.00000000E+00       0.00000000E+00       0.00000000E+00       0.00000000E+00       0.00000000E+00       0.00000000E+00       0.00000000E+00       0.00000000E+00       0.00000000E+00       0.00000000E+00       0.00000000E+00       0.00000000E+00       0.00000000E+00       0.00000000E+00       0.00000000E+00       0.00000000E+00       0.00000000E+00       0.00000000E+00
      0.23049601E+02       0.00000000E+00       0.00000000E+00       0.00000000E+00       0.00000000E+00       0.00000000E+00       0.00000000E+00       0.00000000E+00       0.00000000E+00       0.00000000E+00       0.00000000E+00       0.00000000E+00       0.00000000E+00       0.00000000E+00       0.00000000E+00       0.00000000E+00       0.00000000E+00       0.00000000E+00       0.00000000E+00       0.00000000E+00       0.00000000E+00       0.00000000E+00       0.00000000E+00       0.00000000E+00       0.00000000E+00       0.00000000E+00       0.00000000E+00       0.00000000E+00
      0.23152674E+02       0.00000000E+00       0.00000000E+00       0.00000000E+00       0.00000000E+00       0.00000000E+00       0.00000000E+00       0.00000000E+00       0.00000000E+00       0.00000000E+00       0.00000000E+00       0.00000000E+00       0.00000000E+00       0.00000000E+00       0.00000000E+00       0.00000000E+00       0.00000000E+00       0.00000000E+00       0.00000000E+00       0.00000000E+00       0.00000000E+00       0.00000000E+00       0.00000000E+00       0.00000000E+00       0.00000000E+00       0.00000000E+00       0.00000000E+00       0.00000000E+00
      0.23255747E+02       0.00000000E+00       0.00000000E+00       0.00000000E+00       0.00000000E+00       0.00000000E+00       0.00000000E+00       0.00000000E+00       0.00000000E+00       0.00000000E+00       0.00000000E+00       0.00000000E+00       0.00000000E+00       0.00000000E+00       0.00000000E+00       0.00000000E+00       0.00000000E+00       0.00000000E+00       0.00000000E+00       0.00000000E+00       0.00000000E+00       0.00000000E+00       0.00000000E+00       0.00000000E+00       0.00000000E+00       0.00000000E+00       0.00000000E+00       0.00000000E+00
      0.23358821E+02       0.00000000E+00       0.00000000E+00       0.00000000E+00       0.00000000E+00       0.00000000E+00       0.00000000E+00       0.00000000E+00       0.00000000E+00       0.00000000E+00       0.00000000E+00       0.00000000E+00       0.00000000E+00       0.00000000E+00       0.00000000E+00       0.00000000E+00       0.00000000E+00       0.00000000E+00       0.00000000E+00       0.00000000E+00       0.00000000E+00       0.00000000E+00       0.00000000E+00       0.00000000E+00       0.00000000E+00       0.00000000E+00       0.00000000E+00       0.00000000E+00
      0.23461894E+02       0.00000000E+00       0.00000000E+00       0.00000000E+00       0.00000000E+00       0.00000000E+00       0.00000000E+00       0.00000000E+00       0.00000000E+00       0.00000000E+00       0.00000000E+00       0.00000000E+00       0.00000000E+00       0.00000000E+00       0.00000000E+00       0.00000000E+00       0.00000000E+00       0.00000000E+00       0.00000000E+00       0.00000000E+00       0.00000000E+00       0.00000000E+00       0.00000000E+00       0.00000000E+00       0.00000000E+00       0.00000000E+00       0.00000000E+00       0.00000000E+00
      0.23564968E+02       0.00000000E+00       0.00000000E+00       0.00000000E+00       0.00000000E+00       0.00000000E+00       0.00000000E+00       0.00000000E+00       0.00000000E+00       0.00000000E+00       0.00000000E+00       0.00000000E+00       0.00000000E+00       0.00000000E+00       0.00000000E+00       0.00000000E+00       0.00000000E+00       0.00000000E+00       0.00000000E+00       0.00000000E+00       0.00000000E+00       0.00000000E+00       0.00000000E+00       0.00000000E+00       0.00000000E+00       0.00000000E+00       0.00000000E+00       0.00000000E+00
      0.23668041E+02       0.00000000E+00       0.00000000E+00       0.00000000E+00       0.00000000E+00       0.00000000E+00       0.00000000E+00       0.00000000E+00       0.00000000E+00       0.00000000E+00       0.00000000E+00       0.00000000E+00       0.00000000E+00       0.00000000E+00       0.00000000E+00       0.00000000E+00       0.00000000E+00       0.00000000E+00       0.00000000E+00       0.00000000E+00       0.00000000E+00       0.00000000E+00       0.00000000E+00       0.00000000E+00       0.00000000E+00       0.00000000E+00       0.00000000E+00       0.00000000E+00
      0.23771115E+02       0.00000000E+00       0.00000000E+00       0.00000000E+00       0.00000000E+00       0.00000000E+00       0.00000000E+00       0.00000000E+00       0.00000000E+00       0.00000000E+00       0.00000000E+00       0.00000000E+00       0.00000000E+00       0.00000000E+00       0.00000000E+00       0.00000000E+00       0.00000000E+00       0.00000000E+00       0.00000000E+00       0.00000000E+00       0.00000000E+00       0.00000000E+00       0.00000000E+00       0.00000000E+00       0.00000000E+00       0.00000000E+00       0.00000000E+00       0.00000000E+00
      0.23874188E+02       0.00000000E+00       0.00000000E+00       0.00000000E+00       0.00000000E+00       0.00000000E+00       0.00000000E+00       0.00000000E+00       0.00000000E+00       0.00000000E+00       0.00000000E+00       0.00000000E+00       0.00000000E+00       0.00000000E+00       0.00000000E+00       0.00000000E+00       0.00000000E+00       0.00000000E+00       0.00000000E+00       0.00000000E+00       0.00000000E+00       0.00000000E+00       0.00000000E+00       0.00000000E+00       0.00000000E+00       0.00000000E+00       0.00000000E+00       0.00000000E+00
      0.23977261E+02       0.00000000E+00       0.00000000E+00       0.00000000E+00       0.00000000E+00       0.00000000E+00       0.00000000E+00       0.00000000E+00       0.00000000E+00       0.00000000E+00       0.00000000E+00       0.00000000E+00       0.00000000E+00       0.00000000E+00       0.00000000E+00       0.00000000E+00       0.00000000E+00       0.00000000E+00       0.00000000E+00       0.00000000E+00       0.00000000E+00       0.00000000E+00       0.00000000E+00       0.00000000E+00       0.00000000E+00       0.00000000E+00       0.00000000E+00       0.00000000E+00
      0.24080335E+02       0.00000000E+00       0.00000000E+00       0.00000000E+00       0.00000000E+00       0.00000000E+00       0.00000000E+00       0.00000000E+00       0.00000000E+00       0.00000000E+00       0.00000000E+00       0.00000000E+00       0.00000000E+00       0.00000000E+00       0.00000000E+00       0.00000000E+00       0.00000000E+00       0.00000000E+00       0.00000000E+00       0.00000000E+00       0.00000000E+00       0.00000000E+00       0.00000000E+00       0.00000000E+00       0.00000000E+00       0.00000000E+00       0.00000000E+00       0.00000000E+00
      0.24183408E+02       0.00000000E+00       0.00000000E+00       0.00000000E+00       0.00000000E+00       0.00000000E+00       0.00000000E+00       0.00000000E+00       0.00000000E+00       0.00000000E+00       0.00000000E+00       0.00000000E+00       0.00000000E+00       0.00000000E+00       0.00000000E+00       0.00000000E+00       0.00000000E+00       0.00000000E+00       0.00000000E+00       0.00000000E+00       0.00000000E+00       0.00000000E+00       0.00000000E+00       0.00000000E+00       0.00000000E+00       0.00000000E+00       0.00000000E+00       0.00000000E+00
      0.24286482E+02       0.00000000E+00       0.00000000E+00       0.00000000E+00       0.00000000E+00       0.00000000E+00       0.00000000E+00       0.00000000E+00       0.00000000E+00       0.00000000E+00       0.00000000E+00       0.00000000E+00       0.00000000E+00       0.00000000E+00       0.00000000E+00       0.00000000E+00       0.00000000E+00       0.00000000E+00       0.00000000E+00       0.00000000E+00       0.00000000E+00       0.00000000E+00       0.00000000E+00       0.00000000E+00       0.00000000E+00       0.00000000E+00       0.00000000E+00       0.00000000E+00
      0.24389555E+02       0.00000000E+00       0.00000000E+00       0.00000000E+00       0.00000000E+00       0.00000000E+00       0.00000000E+00       0.00000000E+00       0.00000000E+00       0.00000000E+00       0.00000000E+00       0.00000000E+00       0.00000000E+00       0.00000000E+00       0.00000000E+00       0.00000000E+00       0.00000000E+00       0.00000000E+00       0.00000000E+00       0.00000000E+00       0.00000000E+00       0.00000000E+00       0.00000000E+00       0.00000000E+00       0.00000000E+00       0.00000000E+00       0.00000000E+00       0.00000000E+00
      0.24492629E+02       0.00000000E+00       0.00000000E+00       0.00000000E+00       0.00000000E+00       0.00000000E+00       0.00000000E+00       0.00000000E+00       0.00000000E+00       0.00000000E+00       0.00000000E+00       0.00000000E+00       0.00000000E+00       0.00000000E+00       0.00000000E+00       0.00000000E+00       0.00000000E+00       0.00000000E+00       0.00000000E+00       0.00000000E+00       0.00000000E+00       0.00000000E+00       0.00000000E+00       0.00000000E+00       0.00000000E+00       0.00000000E+00       0.00000000E+00       0.00000000E+00
      0.24595702E+02       0.00000000E+00       0.00000000E+00       0.00000000E+00       0.00000000E+00       0.00000000E+00       0.00000000E+00       0.00000000E+00       0.00000000E+00       0.00000000E+00       0.00000000E+00       0.00000000E+00       0.00000000E+00       0.00000000E+00       0.00000000E+00       0.00000000E+00       0.00000000E+00       0.00000000E+00       0.00000000E+00       0.00000000E+00       0.00000000E+00       0.00000000E+00       0.00000000E+00       0.00000000E+00       0.00000000E+00       0.00000000E+00       0.00000000E+00       0.00000000E+00
      0.24698775E+02       0.00000000E+00       0.00000000E+00       0.00000000E+00       0.00000000E+00       0.00000000E+00       0.00000000E+00       0.00000000E+00       0.00000000E+00       0.00000000E+00       0.00000000E+00       0.00000000E+00       0.00000000E+00       0.00000000E+00       0.00000000E+00       0.00000000E+00       0.00000000E+00       0.00000000E+00       0.00000000E+00       0.00000000E+00       0.00000000E+00       0.00000000E+00       0.00000000E+00       0.00000000E+00       0.00000000E+00       0.00000000E+00       0.00000000E+00       0.00000000E+00
      0.24801849E+02       0.00000000E+00       0.00000000E+00       0.00000000E+00       0.00000000E+00       0.00000000E+00       0.00000000E+00       0.00000000E+00       0.00000000E+00       0.00000000E+00       0.00000000E+00       0.00000000E+00       0.00000000E+00       0.00000000E+00       0.00000000E+00       0.00000000E+00       0.00000000E+00       0.00000000E+00       0.00000000E+00       0.00000000E+00       0.00000000E+00       0.00000000E+00       0.00000000E+00       0.00000000E+00       0.00000000E+00       0.00000000E+00       0.00000000E+00       0.00000000E+00
      0.24904922E+02       0.00000000E+00       0.00000000E+00       0.00000000E+00       0.00000000E+00       0.00000000E+00       0.00000000E+00       0.00000000E+00       0.00000000E+00       0.00000000E+00       0.00000000E+00       0.00000000E+00       0.00000000E+00       0.00000000E+00       0.00000000E+00       0.00000000E+00       0.00000000E+00       0.00000000E+00       0.00000000E+00       0.00000000E+00       0.00000000E+00       0.00000000E+00       0.00000000E+00       0.00000000E+00       0.00000000E+00       0.00000000E+00       0.00000000E+00       0.00000000E+00
      0.25007996E+02       0.00000000E+00       0.00000000E+00       0.00000000E+00       0.00000000E+00       0.00000000E+00       0.00000000E+00       0.00000000E+00       0.00000000E+00       0.00000000E+00       0.00000000E+00       0.00000000E+00       0.00000000E+00       0.00000000E+00       0.00000000E+00       0.00000000E+00       0.00000000E+00       0.00000000E+00       0.00000000E+00       0.00000000E+00       0.00000000E+00       0.00000000E+00       0.00000000E+00       0.00000000E+00       0.00000000E+00       0.00000000E+00       0.00000000E+00       0.00000000E+00
      0.25111069E+02       0.00000000E+00       0.00000000E+00       0.00000000E+00       0.00000000E+00       0.00000000E+00       0.00000000E+00       0.00000000E+00       0.00000000E+00       0.00000000E+00       0.00000000E+00       0.00000000E+00       0.00000000E+00       0.00000000E+00       0.00000000E+00       0.00000000E+00       0.00000000E+00       0.00000000E+00       0.00000000E+00       0.00000000E+00       0.00000000E+00       0.00000000E+00       0.00000000E+00       0.00000000E+00       0.00000000E+00       0.00000000E+00       0.00000000E+00       0.00000000E+00
      0.25214143E+02       0.00000000E+00       0.00000000E+00       0.00000000E+00       0.00000000E+00       0.00000000E+00       0.00000000E+00       0.00000000E+00       0.00000000E+00       0.00000000E+00       0.00000000E+00       0.00000000E+00       0.00000000E+00       0.00000000E+00       0.00000000E+00       0.00000000E+00       0.00000000E+00       0.00000000E+00       0.00000000E+00       0.00000000E+00       0.00000000E+00       0.00000000E+00       0.00000000E+00       0.00000000E+00       0.00000000E+00       0.00000000E+00       0.00000000E+00       0.00000000E+00
      0.25317216E+02       0.00000000E+00       0.00000000E+00       0.00000000E+00       0.00000000E+00       0.00000000E+00       0.00000000E+00       0.00000000E+00       0.00000000E+00       0.00000000E+00       0.00000000E+00       0.00000000E+00       0.00000000E+00       0.00000000E+00       0.00000000E+00       0.00000000E+00       0.00000000E+00       0.00000000E+00       0.00000000E+00       0.00000000E+00       0.00000000E+00       0.00000000E+00       0.00000000E+00       0.00000000E+00       0.00000000E+00       0.00000000E+00       0.00000000E+00       0.00000000E+00
      0.25420289E+02       0.00000000E+00       0.00000000E+00       0.00000000E+00       0.00000000E+00       0.00000000E+00       0.00000000E+00       0.00000000E+00       0.00000000E+00       0.00000000E+00       0.00000000E+00       0.00000000E+00       0.00000000E+00       0.00000000E+00       0.00000000E+00       0.00000000E+00       0.00000000E+00       0.00000000E+00       0.00000000E+00       0.00000000E+00       0.00000000E+00       0.00000000E+00       0.00000000E+00       0.00000000E+00       0.00000000E+00       0.00000000E+00       0.00000000E+00       0.00000000E+00
      0.25523363E+02       0.00000000E+00       0.00000000E+00       0.00000000E+00       0.00000000E+00       0.00000000E+00       0.00000000E+00       0.00000000E+00       0.00000000E+00       0.00000000E+00       0.00000000E+00       0.00000000E+00       0.00000000E+00       0.00000000E+00       0.00000000E+00       0.00000000E+00       0.00000000E+00       0.00000000E+00       0.00000000E+00       0.00000000E+00       0.00000000E+00       0.00000000E+00       0.00000000E+00       0.00000000E+00       0.00000000E+00       0.00000000E+00       0.00000000E+00       0.00000000E+00
      0.25626436E+02       0.00000000E+00       0.00000000E+00       0.00000000E+00       0.00000000E+00       0.00000000E+00       0.00000000E+00       0.00000000E+00       0.00000000E+00       0.00000000E+00       0.00000000E+00       0.00000000E+00       0.00000000E+00       0.00000000E+00       0.00000000E+00       0.00000000E+00       0.00000000E+00       0.00000000E+00       0.00000000E+00       0.00000000E+00       0.00000000E+00       0.00000000E+00       0.00000000E+00       0.00000000E+00       0.00000000E+00       0.00000000E+00       0.00000000E+00       0.00000000E+00
      0.25729510E+02       0.00000000E+00       0.00000000E+00       0.00000000E+00       0.00000000E+00       0.00000000E+00       0.00000000E+00       0.00000000E+00       0.00000000E+00       0.00000000E+00       0.00000000E+00       0.00000000E+00       0.00000000E+00       0.00000000E+00       0.00000000E+00       0.00000000E+00       0.00000000E+00       0.00000000E+00       0.00000000E+00       0.00000000E+00       0.00000000E+00       0.00000000E+00       0.00000000E+00       0.00000000E+00       0.00000000E+00       0.00000000E+00       0.00000000E+00       0.00000000E+00
      0.25832583E+02       0.00000000E+00       0.00000000E+00       0.00000000E+00       0.00000000E+00       0.00000000E+00       0.00000000E+00       0.00000000E+00       0.00000000E+00       0.00000000E+00       0.00000000E+00       0.00000000E+00       0.00000000E+00       0.00000000E+00       0.00000000E+00       0.00000000E+00       0.00000000E+00       0.00000000E+00       0.00000000E+00       0.00000000E+00       0.00000000E+00       0.00000000E+00       0.00000000E+00       0.00000000E+00       0.00000000E+00       0.00000000E+00       0.00000000E+00       0.00000000E+00
      0.25935657E+02       0.00000000E+00       0.00000000E+00       0.00000000E+00       0.00000000E+00       0.00000000E+00       0.00000000E+00       0.00000000E+00       0.00000000E+00       0.00000000E+00       0.00000000E+00       0.00000000E+00       0.00000000E+00       0.00000000E+00       0.00000000E+00       0.00000000E+00       0.00000000E+00       0.00000000E+00       0.00000000E+00       0.00000000E+00       0.00000000E+00       0.00000000E+00       0.00000000E+00       0.00000000E+00       0.00000000E+00       0.00000000E+00       0.00000000E+00       0.00000000E+00
      0.26038730E+02       0.00000000E+00       0.00000000E+00       0.00000000E+00       0.00000000E+00       0.00000000E+00       0.00000000E+00       0.00000000E+00       0.00000000E+00       0.00000000E+00       0.00000000E+00       0.00000000E+00       0.00000000E+00       0.00000000E+00       0.00000000E+00       0.00000000E+00       0.00000000E+00       0.00000000E+00       0.00000000E+00       0.00000000E+00       0.00000000E+00       0.00000000E+00       0.00000000E+00       0.00000000E+00       0.00000000E+00       0.00000000E+00       0.00000000E+00       0.00000000E+00
      0.26141803E+02       0.00000000E+00       0.00000000E+00       0.00000000E+00       0.00000000E+00       0.00000000E+00       0.00000000E+00       0.00000000E+00       0.00000000E+00       0.00000000E+00       0.00000000E+00       0.00000000E+00       0.00000000E+00       0.00000000E+00       0.00000000E+00       0.00000000E+00       0.00000000E+00       0.00000000E+00       0.00000000E+00       0.00000000E+00       0.00000000E+00       0.00000000E+00       0.00000000E+00       0.00000000E+00       0.00000000E+00       0.00000000E+00       0.00000000E+00       0.00000000E+00
      0.26244877E+02       0.00000000E+00       0.00000000E+00       0.00000000E+00       0.00000000E+00       0.00000000E+00       0.00000000E+00       0.00000000E+00       0.00000000E+00       0.00000000E+00       0.00000000E+00       0.00000000E+00       0.00000000E+00       0.00000000E+00       0.00000000E+00       0.00000000E+00       0.00000000E+00       0.00000000E+00       0.00000000E+00       0.00000000E+00       0.00000000E+00       0.00000000E+00       0.00000000E+00       0.00000000E+00       0.00000000E+00       0.00000000E+00       0.00000000E+00       0.00000000E+00
      0.26347950E+02       0.00000000E+00       0.00000000E+00       0.00000000E+00       0.00000000E+00       0.00000000E+00       0.00000000E+00       0.00000000E+00       0.00000000E+00       0.00000000E+00       0.00000000E+00       0.00000000E+00       0.00000000E+00       0.00000000E+00       0.00000000E+00       0.00000000E+00       0.00000000E+00       0.00000000E+00       0.00000000E+00       0.00000000E+00       0.00000000E+00       0.00000000E+00       0.00000000E+00       0.00000000E+00       0.00000000E+00       0.00000000E+00       0.00000000E+00       0.00000000E+00
      0.26451024E+02       0.00000000E+00       0.00000000E+00       0.00000000E+00       0.00000000E+00       0.00000000E+00       0.00000000E+00       0.00000000E+00       0.00000000E+00       0.00000000E+00       0.00000000E+00       0.00000000E+00       0.00000000E+00       0.00000000E+00       0.00000000E+00       0.00000000E+00       0.00000000E+00       0.00000000E+00       0.00000000E+00       0.00000000E+00       0.00000000E+00       0.00000000E+00       0.00000000E+00       0.00000000E+00       0.00000000E+00       0.00000000E+00       0.00000000E+00       0.00000000E+00
      0.26554097E+02       0.00000000E+00       0.00000000E+00       0.00000000E+00       0.00000000E+00       0.00000000E+00       0.00000000E+00       0.00000000E+00       0.00000000E+00       0.00000000E+00       0.00000000E+00       0.00000000E+00       0.00000000E+00       0.00000000E+00       0.00000000E+00       0.00000000E+00       0.00000000E+00       0.00000000E+00       0.00000000E+00       0.00000000E+00       0.00000000E+00       0.00000000E+00       0.00000000E+00       0.00000000E+00       0.00000000E+00       0.00000000E+00       0.00000000E+00       0.00000000E+00
      0.26657171E+02       0.00000000E+00       0.00000000E+00       0.00000000E+00       0.00000000E+00       0.00000000E+00       0.00000000E+00       0.00000000E+00       0.00000000E+00       0.00000000E+00       0.00000000E+00       0.00000000E+00       0.00000000E+00       0.00000000E+00       0.00000000E+00       0.00000000E+00       0.00000000E+00       0.00000000E+00       0.00000000E+00       0.00000000E+00       0.00000000E+00       0.00000000E+00       0.00000000E+00       0.00000000E+00       0.00000000E+00       0.00000000E+00       0.00000000E+00       0.00000000E+00
      0.26760244E+02       0.00000000E+00       0.00000000E+00       0.00000000E+00       0.00000000E+00       0.00000000E+00       0.00000000E+00       0.00000000E+00       0.00000000E+00       0.00000000E+00       0.00000000E+00       0.00000000E+00       0.00000000E+00       0.00000000E+00       0.00000000E+00       0.00000000E+00       0.00000000E+00       0.00000000E+00       0.00000000E+00       0.00000000E+00       0.00000000E+00       0.00000000E+00       0.00000000E+00       0.00000000E+00       0.00000000E+00       0.00000000E+00       0.00000000E+00       0.00000000E+00
      0.26863318E+02       0.00000000E+00       0.00000000E+00       0.00000000E+00       0.00000000E+00       0.00000000E+00       0.00000000E+00       0.00000000E+00       0.00000000E+00       0.00000000E+00       0.00000000E+00       0.00000000E+00       0.00000000E+00       0.00000000E+00       0.00000000E+00       0.00000000E+00       0.00000000E+00       0.00000000E+00       0.00000000E+00       0.00000000E+00       0.00000000E+00       0.00000000E+00       0.00000000E+00       0.00000000E+00       0.00000000E+00       0.00000000E+00       0.00000000E+00       0.00000000E+00
      0.26966391E+02       0.00000000E+00       0.00000000E+00       0.00000000E+00       0.00000000E+00       0.00000000E+00       0.00000000E+00       0.00000000E+00       0.00000000E+00       0.00000000E+00       0.00000000E+00       0.00000000E+00       0.00000000E+00       0.00000000E+00       0.00000000E+00       0.00000000E+00       0.00000000E+00       0.00000000E+00       0.00000000E+00       0.00000000E+00       0.00000000E+00       0.00000000E+00       0.00000000E+00       0.00000000E+00       0.00000000E+00       0.00000000E+00       0.00000000E+00       0.00000000E+00
      0.27069464E+02       0.00000000E+00       0.00000000E+00       0.00000000E+00       0.00000000E+00       0.00000000E+00       0.00000000E+00       0.00000000E+00       0.00000000E+00       0.00000000E+00       0.00000000E+00       0.00000000E+00       0.00000000E+00       0.00000000E+00       0.00000000E+00       0.00000000E+00       0.00000000E+00       0.00000000E+00       0.00000000E+00       0.00000000E+00       0.00000000E+00       0.00000000E+00       0.00000000E+00       0.00000000E+00       0.00000000E+00       0.00000000E+00       0.00000000E+00       0.00000000E+00
      0.27172538E+02       0.00000000E+00       0.00000000E+00       0.00000000E+00       0.00000000E+00       0.00000000E+00       0.00000000E+00       0.00000000E+00       0.00000000E+00       0.00000000E+00       0.00000000E+00       0.00000000E+00       0.00000000E+00       0.00000000E+00       0.00000000E+00       0.00000000E+00       0.00000000E+00       0.00000000E+00       0.00000000E+00       0.00000000E+00       0.00000000E+00       0.00000000E+00       0.00000000E+00       0.00000000E+00       0.00000000E+00       0.00000000E+00       0.00000000E+00       0.00000000E+00
      0.27275611E+02       0.00000000E+00       0.00000000E+00       0.00000000E+00       0.00000000E+00       0.00000000E+00       0.00000000E+00       0.00000000E+00       0.00000000E+00       0.00000000E+00       0.00000000E+00       0.00000000E+00       0.00000000E+00       0.00000000E+00       0.00000000E+00       0.00000000E+00       0.00000000E+00       0.00000000E+00       0.00000000E+00       0.00000000E+00       0.00000000E+00       0.00000000E+00       0.00000000E+00       0.00000000E+00       0.00000000E+00       0.00000000E+00       0.00000000E+00       0.00000000E+00
      0.27378685E+02       0.00000000E+00       0.00000000E+00       0.00000000E+00       0.00000000E+00       0.00000000E+00       0.00000000E+00       0.00000000E+00       0.00000000E+00       0.00000000E+00       0.00000000E+00       0.00000000E+00       0.00000000E+00       0.00000000E+00       0.00000000E+00       0.00000000E+00       0.00000000E+00       0.00000000E+00       0.00000000E+00       0.00000000E+00       0.00000000E+00       0.00000000E+00       0.00000000E+00       0.00000000E+00       0.00000000E+00       0.00000000E+00       0.00000000E+00       0.00000000E+00
      0.27481758E+02       0.00000000E+00       0.00000000E+00       0.00000000E+00       0.00000000E+00       0.00000000E+00       0.00000000E+00       0.00000000E+00       0.00000000E+00       0.00000000E+00       0.00000000E+00       0.00000000E+00       0.00000000E+00       0.00000000E+00       0.00000000E+00       0.00000000E+00       0.00000000E+00       0.00000000E+00       0.00000000E+00       0.00000000E+00       0.00000000E+00       0.00000000E+00       0.00000000E+00       0.00000000E+00       0.00000000E+00       0.00000000E+00       0.00000000E+00       0.00000000E+00
      0.27584832E+02       0.00000000E+00       0.00000000E+00       0.00000000E+00       0.00000000E+00       0.00000000E+00       0.00000000E+00       0.00000000E+00       0.00000000E+00       0.00000000E+00       0.00000000E+00       0.00000000E+00       0.00000000E+00       0.00000000E+00       0.00000000E+00       0.00000000E+00       0.00000000E+00       0.00000000E+00       0.00000000E+00       0.00000000E+00       0.00000000E+00       0.00000000E+00       0.00000000E+00       0.00000000E+00       0.00000000E+00       0.00000000E+00       0.00000000E+00       0.00000000E+00
      0.27687905E+02       0.00000000E+00       0.00000000E+00       0.00000000E+00       0.00000000E+00       0.00000000E+00       0.00000000E+00       0.00000000E+00       0.00000000E+00       0.00000000E+00       0.00000000E+00       0.00000000E+00       0.00000000E+00       0.00000000E+00       0.00000000E+00       0.00000000E+00       0.00000000E+00       0.00000000E+00       0.00000000E+00       0.00000000E+00       0.00000000E+00       0.00000000E+00       0.00000000E+00       0.00000000E+00       0.00000000E+00       0.00000000E+00       0.00000000E+00       0.00000000E+00
      0.27790978E+02       0.00000000E+00       0.00000000E+00       0.00000000E+00       0.00000000E+00       0.00000000E+00       0.00000000E+00       0.00000000E+00       0.00000000E+00       0.00000000E+00       0.00000000E+00       0.00000000E+00       0.00000000E+00       0.00000000E+00       0.00000000E+00       0.00000000E+00       0.00000000E+00       0.00000000E+00       0.00000000E+00       0.00000000E+00       0.00000000E+00       0.00000000E+00       0.00000000E+00       0.00000000E+00       0.00000000E+00       0.00000000E+00       0.00000000E+00       0.00000000E+00
      0.27894052E+02       0.00000000E+00       0.00000000E+00       0.00000000E+00       0.00000000E+00       0.00000000E+00       0.00000000E+00       0.00000000E+00       0.00000000E+00       0.00000000E+00       0.00000000E+00       0.00000000E+00       0.00000000E+00       0.00000000E+00       0.00000000E+00       0.00000000E+00       0.00000000E+00       0.00000000E+00       0.00000000E+00       0.00000000E+00       0.00000000E+00       0.00000000E+00       0.00000000E+00       0.00000000E+00       0.00000000E+00       0.00000000E+00       0.00000000E+00       0.00000000E+00
      0.27997125E+02       0.00000000E+00       0.00000000E+00       0.00000000E+00       0.00000000E+00       0.00000000E+00       0.00000000E+00       0.00000000E+00       0.00000000E+00       0.00000000E+00       0.00000000E+00       0.00000000E+00       0.00000000E+00       0.00000000E+00       0.00000000E+00       0.00000000E+00       0.00000000E+00       0.00000000E+00       0.00000000E+00       0.00000000E+00       0.00000000E+00       0.00000000E+00       0.00000000E+00       0.00000000E+00       0.00000000E+00       0.00000000E+00       0.00000000E+00       0.00000000E+00
      0.28100199E+02       0.00000000E+00       0.00000000E+00       0.00000000E+00       0.00000000E+00       0.00000000E+00       0.00000000E+00       0.00000000E+00       0.00000000E+00       0.00000000E+00       0.00000000E+00       0.00000000E+00       0.00000000E+00       0.00000000E+00       0.00000000E+00       0.00000000E+00       0.00000000E+00       0.00000000E+00       0.00000000E+00       0.00000000E+00       0.00000000E+00       0.00000000E+00       0.00000000E+00       0.00000000E+00       0.00000000E+00       0.00000000E+00       0.00000000E+00       0.00000000E+00
      0.28203272E+02       0.00000000E+00       0.00000000E+00       0.00000000E+00       0.00000000E+00       0.00000000E+00       0.00000000E+00       0.00000000E+00       0.00000000E+00       0.00000000E+00       0.00000000E+00       0.00000000E+00       0.00000000E+00       0.00000000E+00       0.00000000E+00       0.00000000E+00       0.00000000E+00       0.00000000E+00       0.00000000E+00       0.00000000E+00       0.00000000E+00       0.00000000E+00       0.00000000E+00       0.00000000E+00       0.00000000E+00       0.00000000E+00       0.00000000E+00       0.00000000E+00
      0.28306346E+02       0.00000000E+00       0.00000000E+00       0.00000000E+00       0.00000000E+00       0.00000000E+00       0.00000000E+00       0.00000000E+00       0.00000000E+00       0.00000000E+00       0.00000000E+00       0.00000000E+00       0.00000000E+00       0.00000000E+00       0.00000000E+00       0.00000000E+00       0.00000000E+00       0.00000000E+00       0.00000000E+00       0.00000000E+00       0.00000000E+00       0.00000000E+00       0.00000000E+00       0.00000000E+00       0.00000000E+00       0.00000000E+00       0.00000000E+00       0.00000000E+00
      0.28409419E+02       0.00000000E+00       0.00000000E+00       0.00000000E+00       0.00000000E+00       0.00000000E+00       0.00000000E+00       0.00000000E+00       0.00000000E+00       0.00000000E+00       0.00000000E+00       0.00000000E+00       0.00000000E+00       0.00000000E+00       0.00000000E+00       0.00000000E+00       0.00000000E+00       0.00000000E+00       0.00000000E+00       0.00000000E+00       0.00000000E+00       0.00000000E+00       0.00000000E+00       0.00000000E+00       0.00000000E+00       0.00000000E+00       0.00000000E+00       0.00000000E+00
      0.28512492E+02       0.00000000E+00       0.00000000E+00       0.00000000E+00       0.00000000E+00       0.00000000E+00       0.00000000E+00       0.00000000E+00       0.00000000E+00       0.00000000E+00       0.00000000E+00       0.00000000E+00       0.00000000E+00       0.00000000E+00       0.00000000E+00       0.00000000E+00       0.00000000E+00       0.00000000E+00       0.00000000E+00       0.00000000E+00       0.00000000E+00       0.00000000E+00       0.00000000E+00       0.00000000E+00       0.00000000E+00       0.00000000E+00       0.00000000E+00       0.00000000E+00
      0.28615566E+02       0.00000000E+00       0.00000000E+00       0.00000000E+00       0.00000000E+00       0.00000000E+00       0.00000000E+00       0.00000000E+00       0.00000000E+00       0.00000000E+00       0.00000000E+00       0.00000000E+00       0.00000000E+00       0.00000000E+00       0.00000000E+00       0.00000000E+00       0.00000000E+00       0.00000000E+00       0.00000000E+00       0.00000000E+00       0.00000000E+00       0.00000000E+00       0.00000000E+00       0.00000000E+00       0.00000000E+00       0.00000000E+00       0.00000000E+00       0.00000000E+00
      0.28718639E+02       0.00000000E+00       0.00000000E+00       0.00000000E+00       0.00000000E+00       0.00000000E+00       0.00000000E+00       0.00000000E+00       0.00000000E+00       0.00000000E+00       0.00000000E+00       0.00000000E+00       0.00000000E+00       0.00000000E+00       0.00000000E+00       0.00000000E+00       0.00000000E+00       0.00000000E+00       0.00000000E+00       0.00000000E+00       0.00000000E+00       0.00000000E+00       0.00000000E+00       0.00000000E+00       0.00000000E+00       0.00000000E+00       0.00000000E+00       0.00000000E+00
      0.28821713E+02       0.00000000E+00       0.00000000E+00       0.00000000E+00       0.00000000E+00       0.00000000E+00       0.00000000E+00       0.00000000E+00       0.00000000E+00       0.00000000E+00       0.00000000E+00       0.00000000E+00       0.00000000E+00       0.00000000E+00       0.00000000E+00       0.00000000E+00       0.00000000E+00       0.00000000E+00       0.00000000E+00       0.00000000E+00       0.00000000E+00       0.00000000E+00       0.00000000E+00       0.00000000E+00       0.00000000E+00       0.00000000E+00       0.00000000E+00       0.00000000E+00
      0.28924786E+02       0.00000000E+00       0.00000000E+00       0.00000000E+00       0.00000000E+00       0.00000000E+00       0.00000000E+00       0.00000000E+00       0.00000000E+00       0.00000000E+00       0.00000000E+00       0.00000000E+00       0.00000000E+00       0.00000000E+00       0.00000000E+00       0.00000000E+00       0.00000000E+00       0.00000000E+00       0.00000000E+00       0.00000000E+00       0.00000000E+00       0.00000000E+00       0.00000000E+00       0.00000000E+00       0.00000000E+00       0.00000000E+00       0.00000000E+00       0.00000000E+00
      0.29027860E+02       0.00000000E+00       0.00000000E+00       0.00000000E+00       0.00000000E+00       0.00000000E+00       0.00000000E+00       0.00000000E+00       0.00000000E+00       0.00000000E+00       0.00000000E+00       0.00000000E+00       0.00000000E+00       0.00000000E+00       0.00000000E+00       0.00000000E+00       0.00000000E+00       0.00000000E+00       0.00000000E+00       0.00000000E+00       0.00000000E+00       0.00000000E+00       0.00000000E+00       0.00000000E+00       0.00000000E+00       0.00000000E+00       0.00000000E+00       0.00000000E+00
      0.29130933E+02       0.00000000E+00       0.00000000E+00       0.00000000E+00       0.00000000E+00       0.00000000E+00       0.00000000E+00       0.00000000E+00       0.00000000E+00       0.00000000E+00       0.00000000E+00       0.00000000E+00       0.00000000E+00       0.00000000E+00       0.00000000E+00       0.00000000E+00       0.00000000E+00       0.00000000E+00       0.00000000E+00       0.00000000E+00       0.00000000E+00       0.00000000E+00       0.00000000E+00       0.00000000E+00       0.00000000E+00       0.00000000E+00       0.00000000E+00       0.00000000E+00
      0.29234006E+02       0.00000000E+00       0.00000000E+00       0.00000000E+00       0.00000000E+00       0.00000000E+00       0.00000000E+00       0.00000000E+00       0.00000000E+00       0.00000000E+00       0.00000000E+00       0.00000000E+00       0.00000000E+00       0.00000000E+00       0.00000000E+00       0.00000000E+00       0.00000000E+00       0.00000000E+00       0.00000000E+00       0.00000000E+00       0.00000000E+00       0.00000000E+00       0.00000000E+00       0.00000000E+00       0.00000000E+00       0.00000000E+00       0.00000000E+00       0.00000000E+00
      0.29337080E+02       0.00000000E+00       0.00000000E+00       0.00000000E+00       0.00000000E+00       0.00000000E+00       0.00000000E+00       0.00000000E+00       0.00000000E+00       0.00000000E+00       0.00000000E+00       0.00000000E+00       0.00000000E+00       0.00000000E+00       0.00000000E+00       0.00000000E+00       0.00000000E+00       0.00000000E+00       0.00000000E+00       0.00000000E+00       0.00000000E+00       0.00000000E+00       0.00000000E+00       0.00000000E+00       0.00000000E+00       0.00000000E+00       0.00000000E+00       0.00000000E+00
      0.29440153E+02       0.00000000E+00       0.00000000E+00       0.00000000E+00       0.00000000E+00       0.00000000E+00       0.00000000E+00       0.00000000E+00       0.00000000E+00       0.00000000E+00       0.00000000E+00       0.00000000E+00       0.00000000E+00       0.00000000E+00       0.00000000E+00       0.00000000E+00       0.00000000E+00       0.00000000E+00       0.00000000E+00       0.00000000E+00       0.00000000E+00       0.00000000E+00       0.00000000E+00       0.00000000E+00       0.00000000E+00       0.00000000E+00       0.00000000E+00       0.00000000E+00
      0.29543227E+02       0.00000000E+00       0.00000000E+00       0.00000000E+00       0.00000000E+00       0.00000000E+00       0.00000000E+00       0.00000000E+00       0.00000000E+00       0.00000000E+00       0.00000000E+00       0.00000000E+00       0.00000000E+00       0.00000000E+00       0.00000000E+00       0.00000000E+00       0.00000000E+00       0.00000000E+00       0.00000000E+00       0.00000000E+00       0.00000000E+00       0.00000000E+00       0.00000000E+00       0.00000000E+00       0.00000000E+00       0.00000000E+00       0.00000000E+00       0.00000000E+00
      0.29646300E+02       0.00000000E+00       0.00000000E+00       0.00000000E+00       0.00000000E+00       0.00000000E+00       0.00000000E+00       0.00000000E+00       0.00000000E+00       0.00000000E+00       0.00000000E+00       0.00000000E+00       0.00000000E+00       0.00000000E+00       0.00000000E+00       0.00000000E+00       0.00000000E+00       0.00000000E+00       0.00000000E+00       0.00000000E+00       0.00000000E+00       0.00000000E+00       0.00000000E+00       0.00000000E+00       0.00000000E+00       0.00000000E+00       0.00000000E+00       0.00000000E+00
      0.29749374E+02       0.00000000E+00       0.00000000E+00       0.00000000E+00       0.00000000E+00       0.00000000E+00       0.00000000E+00       0.00000000E+00       0.00000000E+00       0.00000000E+00       0.00000000E+00       0.00000000E+00       0.00000000E+00       0.00000000E+00       0.00000000E+00       0.00000000E+00       0.00000000E+00       0.00000000E+00       0.00000000E+00       0.00000000E+00       0.00000000E+00       0.00000000E+00       0.00000000E+00       0.00000000E+00       0.00000000E+00       0.00000000E+00       0.00000000E+00       0.00000000E+00
      0.29852447E+02       0.00000000E+00       0.00000000E+00       0.00000000E+00       0.00000000E+00       0.00000000E+00       0.00000000E+00       0.00000000E+00       0.00000000E+00       0.00000000E+00       0.00000000E+00       0.00000000E+00       0.00000000E+00       0.00000000E+00       0.00000000E+00       0.00000000E+00       0.00000000E+00       0.00000000E+00       0.00000000E+00       0.00000000E+00       0.00000000E+00       0.00000000E+00       0.00000000E+00       0.00000000E+00       0.00000000E+00       0.00000000E+00       0.00000000E+00       0.00000000E+00
      0.29955520E+02       0.00000000E+00       0.00000000E+00       0.00000000E+00       0.00000000E+00       0.00000000E+00       0.00000000E+00       0.00000000E+00       0.00000000E+00       0.00000000E+00       0.00000000E+00       0.00000000E+00       0.00000000E+00       0.00000000E+00       0.00000000E+00       0.00000000E+00       0.00000000E+00       0.00000000E+00       0.00000000E+00       0.00000000E+00       0.00000000E+00       0.00000000E+00       0.00000000E+00       0.00000000E+00       0.00000000E+00       0.00000000E+00       0.00000000E+00       0.00000000E+00
      0.30058594E+02       0.00000000E+00       0.00000000E+00       0.00000000E+00       0.00000000E+00       0.00000000E+00       0.00000000E+00       0.00000000E+00       0.00000000E+00       0.00000000E+00       0.00000000E+00       0.00000000E+00       0.00000000E+00       0.00000000E+00       0.00000000E+00       0.00000000E+00       0.00000000E+00       0.00000000E+00       0.00000000E+00       0.00000000E+00       0.00000000E+00       0.00000000E+00       0.00000000E+00       0.00000000E+00       0.00000000E+00       0.00000000E+00       0.00000000E+00       0.00000000E+00
      0.30161667E+02       0.00000000E+00       0.00000000E+00       0.00000000E+00       0.00000000E+00       0.00000000E+00       0.00000000E+00       0.00000000E+00       0.00000000E+00       0.00000000E+00       0.00000000E+00       0.00000000E+00       0.00000000E+00       0.00000000E+00       0.00000000E+00       0.00000000E+00       0.00000000E+00       0.00000000E+00       0.00000000E+00       0.00000000E+00       0.00000000E+00       0.00000000E+00       0.00000000E+00       0.00000000E+00       0.00000000E+00       0.00000000E+00       0.00000000E+00       0.00000000E+00
      0.30264741E+02       0.00000000E+00       0.00000000E+00       0.00000000E+00       0.00000000E+00       0.00000000E+00       0.00000000E+00       0.00000000E+00       0.00000000E+00       0.00000000E+00       0.00000000E+00       0.00000000E+00       0.00000000E+00       0.00000000E+00       0.00000000E+00       0.00000000E+00       0.00000000E+00       0.00000000E+00       0.00000000E+00       0.00000000E+00       0.00000000E+00       0.00000000E+00       0.00000000E+00       0.00000000E+00       0.00000000E+00       0.00000000E+00       0.00000000E+00       0.00000000E+00
      0.30367814E+02       0.00000000E+00       0.00000000E+00       0.00000000E+00       0.00000000E+00       0.00000000E+00       0.00000000E+00       0.00000000E+00       0.00000000E+00       0.00000000E+00       0.00000000E+00       0.00000000E+00       0.00000000E+00       0.00000000E+00       0.00000000E+00       0.00000000E+00       0.00000000E+00       0.00000000E+00       0.00000000E+00       0.00000000E+00       0.00000000E+00       0.00000000E+00       0.00000000E+00       0.00000000E+00       0.00000000E+00       0.00000000E+00       0.00000000E+00       0.00000000E+00
      0.30470888E+02       0.00000000E+00       0.00000000E+00       0.00000000E+00       0.00000000E+00       0.00000000E+00       0.00000000E+00       0.00000000E+00       0.00000000E+00       0.00000000E+00       0.00000000E+00       0.00000000E+00       0.00000000E+00       0.00000000E+00       0.00000000E+00       0.00000000E+00       0.00000000E+00       0.00000000E+00       0.00000000E+00       0.00000000E+00       0.00000000E+00       0.00000000E+00       0.00000000E+00       0.00000000E+00       0.00000000E+00       0.00000000E+00       0.00000000E+00       0.00000000E+00
      0.30573961E+02       0.00000000E+00       0.00000000E+00       0.00000000E+00       0.00000000E+00       0.00000000E+00       0.00000000E+00       0.00000000E+00       0.00000000E+00       0.00000000E+00       0.00000000E+00       0.00000000E+00       0.00000000E+00       0.00000000E+00       0.00000000E+00       0.00000000E+00       0.00000000E+00       0.00000000E+00       0.00000000E+00       0.00000000E+00       0.00000000E+00       0.00000000E+00       0.00000000E+00       0.00000000E+00       0.00000000E+00       0.00000000E+00       0.00000000E+00       0.00000000E+00
      0.30677035E+02       0.00000000E+00       0.00000000E+00       0.00000000E+00       0.00000000E+00       0.00000000E+00       0.00000000E+00       0.00000000E+00       0.00000000E+00       0.00000000E+00       0.00000000E+00       0.00000000E+00       0.00000000E+00       0.00000000E+00       0.00000000E+00       0.00000000E+00       0.00000000E+00       0.00000000E+00       0.00000000E+00       0.00000000E+00       0.00000000E+00       0.00000000E+00       0.00000000E+00       0.00000000E+00       0.00000000E+00       0.00000000E+00       0.00000000E+00       0.00000000E+00
      0.30780108E+02       0.00000000E+00       0.00000000E+00       0.00000000E+00       0.00000000E+00       0.00000000E+00       0.00000000E+00       0.00000000E+00       0.00000000E+00       0.00000000E+00       0.00000000E+00       0.00000000E+00       0.00000000E+00       0.00000000E+00       0.00000000E+00       0.00000000E+00       0.00000000E+00       0.00000000E+00       0.00000000E+00       0.00000000E+00       0.00000000E+00       0.00000000E+00       0.00000000E+00       0.00000000E+00       0.00000000E+00       0.00000000E+00       0.00000000E+00       0.00000000E+00
      0.30883181E+02       0.00000000E+00       0.00000000E+00       0.00000000E+00       0.00000000E+00       0.00000000E+00       0.00000000E+00       0.00000000E+00       0.00000000E+00       0.00000000E+00       0.00000000E+00       0.00000000E+00       0.00000000E+00       0.00000000E+00       0.00000000E+00       0.00000000E+00       0.00000000E+00       0.00000000E+00       0.00000000E+00       0.00000000E+00       0.00000000E+00       0.00000000E+00       0.00000000E+00       0.00000000E+00       0.00000000E+00       0.00000000E+00       0.00000000E+00       0.00000000E+00
      0.30986255E+02       0.00000000E+00       0.00000000E+00       0.00000000E+00       0.00000000E+00       0.00000000E+00       0.00000000E+00       0.00000000E+00       0.00000000E+00       0.00000000E+00       0.00000000E+00       0.00000000E+00       0.00000000E+00       0.00000000E+00       0.00000000E+00       0.00000000E+00       0.00000000E+00       0.00000000E+00       0.00000000E+00       0.00000000E+00       0.00000000E+00       0.00000000E+00       0.00000000E+00       0.00000000E+00       0.00000000E+00       0.00000000E+00       0.00000000E+00       0.00000000E+00
      0.31089328E+02       0.00000000E+00       0.00000000E+00       0.00000000E+00       0.00000000E+00       0.00000000E+00       0.00000000E+00       0.00000000E+00       0.00000000E+00       0.00000000E+00       0.00000000E+00       0.00000000E+00       0.00000000E+00       0.00000000E+00       0.00000000E+00       0.00000000E+00       0.00000000E+00       0.00000000E+00       0.00000000E+00       0.00000000E+00       0.00000000E+00       0.00000000E+00       0.00000000E+00       0.00000000E+00       0.00000000E+00       0.00000000E+00       0.00000000E+00       0.00000000E+00
      0.31192402E+02       0.00000000E+00       0.00000000E+00       0.00000000E+00       0.00000000E+00       0.00000000E+00       0.00000000E+00       0.00000000E+00       0.00000000E+00       0.00000000E+00       0.00000000E+00       0.00000000E+00       0.00000000E+00       0.00000000E+00       0.00000000E+00       0.00000000E+00       0.00000000E+00       0.00000000E+00       0.00000000E+00       0.00000000E+00       0.00000000E+00       0.00000000E+00       0.00000000E+00       0.00000000E+00       0.00000000E+00       0.00000000E+00       0.00000000E+00       0.00000000E+00
      0.31295475E+02       0.00000000E+00       0.00000000E+00       0.00000000E+00       0.00000000E+00       0.00000000E+00       0.00000000E+00       0.00000000E+00       0.00000000E+00       0.00000000E+00       0.00000000E+00       0.00000000E+00       0.00000000E+00       0.00000000E+00       0.00000000E+00       0.00000000E+00       0.00000000E+00       0.00000000E+00       0.00000000E+00       0.00000000E+00       0.00000000E+00       0.00000000E+00       0.00000000E+00       0.00000000E+00       0.00000000E+00       0.00000000E+00       0.00000000E+00       0.00000000E+00
      0.31398549E+02       0.00000000E+00       0.00000000E+00       0.00000000E+00       0.00000000E+00       0.00000000E+00       0.00000000E+00       0.00000000E+00       0.00000000E+00       0.00000000E+00       0.00000000E+00       0.00000000E+00       0.00000000E+00       0.00000000E+00       0.00000000E+00       0.00000000E+00       0.00000000E+00       0.00000000E+00       0.00000000E+00       0.00000000E+00       0.00000000E+00       0.00000000E+00       0.00000000E+00       0.00000000E+00       0.00000000E+00       0.00000000E+00       0.00000000E+00       0.00000000E+00
      0.31501622E+02       0.00000000E+00       0.00000000E+00       0.00000000E+00       0.00000000E+00       0.00000000E+00       0.00000000E+00       0.00000000E+00       0.00000000E+00       0.00000000E+00       0.00000000E+00       0.00000000E+00       0.00000000E+00       0.00000000E+00       0.00000000E+00       0.00000000E+00       0.00000000E+00       0.00000000E+00       0.00000000E+00       0.00000000E+00       0.00000000E+00       0.00000000E+00       0.00000000E+00       0.00000000E+00       0.00000000E+00       0.00000000E+00       0.00000000E+00       0.00000000E+00
      0.31604695E+02       0.00000000E+00       0.00000000E+00       0.00000000E+00       0.00000000E+00       0.00000000E+00       0.00000000E+00       0.00000000E+00       0.00000000E+00       0.00000000E+00       0.00000000E+00       0.00000000E+00       0.00000000E+00       0.00000000E+00       0.00000000E+00       0.00000000E+00       0.00000000E+00       0.00000000E+00       0.00000000E+00       0.00000000E+00       0.00000000E+00       0.00000000E+00       0.00000000E+00       0.00000000E+00       0.00000000E+00       0.00000000E+00       0.00000000E+00       0.00000000E+00
      0.31707769E+02       0.00000000E+00       0.00000000E+00       0.00000000E+00       0.00000000E+00       0.00000000E+00       0.00000000E+00       0.00000000E+00       0.00000000E+00       0.00000000E+00       0.00000000E+00       0.00000000E+00       0.00000000E+00       0.00000000E+00       0.00000000E+00       0.00000000E+00       0.00000000E+00       0.00000000E+00       0.00000000E+00       0.00000000E+00       0.00000000E+00       0.00000000E+00       0.00000000E+00       0.00000000E+00       0.00000000E+00       0.00000000E+00       0.00000000E+00       0.00000000E+00
      0.31810842E+02       0.00000000E+00       0.00000000E+00       0.00000000E+00       0.00000000E+00       0.00000000E+00       0.00000000E+00       0.00000000E+00       0.00000000E+00       0.00000000E+00       0.00000000E+00       0.00000000E+00       0.00000000E+00       0.00000000E+00       0.00000000E+00       0.00000000E+00       0.00000000E+00       0.00000000E+00       0.00000000E+00       0.00000000E+00       0.00000000E+00       0.00000000E+00       0.00000000E+00       0.00000000E+00       0.00000000E+00       0.00000000E+00       0.00000000E+00       0.00000000E+00
      0.31913916E+02       0.00000000E+00       0.00000000E+00       0.00000000E+00       0.00000000E+00       0.00000000E+00       0.00000000E+00       0.00000000E+00       0.00000000E+00       0.00000000E+00       0.00000000E+00       0.00000000E+00       0.00000000E+00       0.00000000E+00       0.00000000E+00       0.00000000E+00       0.00000000E+00       0.00000000E+00       0.00000000E+00       0.00000000E+00       0.00000000E+00       0.00000000E+00       0.00000000E+00       0.00000000E+00       0.00000000E+00       0.00000000E+00       0.00000000E+00       0.00000000E+00
      0.32016989E+02       0.00000000E+00       0.00000000E+00       0.00000000E+00       0.00000000E+00       0.00000000E+00       0.00000000E+00       0.00000000E+00       0.00000000E+00       0.00000000E+00       0.00000000E+00       0.00000000E+00       0.00000000E+00       0.00000000E+00       0.00000000E+00       0.00000000E+00       0.00000000E+00       0.00000000E+00       0.00000000E+00       0.00000000E+00       0.00000000E+00       0.00000000E+00       0.00000000E+00       0.00000000E+00       0.00000000E+00       0.00000000E+00       0.00000000E+00       0.00000000E+00
      0.32120063E+02       0.00000000E+00       0.00000000E+00       0.00000000E+00       0.00000000E+00       0.00000000E+00       0.00000000E+00       0.00000000E+00       0.00000000E+00       0.00000000E+00       0.00000000E+00       0.00000000E+00       0.00000000E+00       0.00000000E+00       0.00000000E+00       0.00000000E+00       0.00000000E+00       0.00000000E+00       0.00000000E+00       0.00000000E+00       0.00000000E+00       0.00000000E+00       0.00000000E+00       0.00000000E+00       0.00000000E+00       0.00000000E+00       0.00000000E+00       0.00000000E+00
      0.32223136E+02       0.00000000E+00       0.00000000E+00       0.00000000E+00       0.00000000E+00       0.00000000E+00       0.00000000E+00       0.00000000E+00       0.00000000E+00       0.00000000E+00       0.00000000E+00       0.00000000E+00       0.00000000E+00       0.00000000E+00       0.00000000E+00       0.00000000E+00       0.00000000E+00       0.00000000E+00       0.00000000E+00       0.00000000E+00       0.00000000E+00       0.00000000E+00       0.00000000E+00       0.00000000E+00       0.00000000E+00       0.00000000E+00       0.00000000E+00       0.00000000E+00
      0.32326209E+02       0.00000000E+00       0.00000000E+00       0.00000000E+00       0.00000000E+00       0.00000000E+00       0.00000000E+00       0.00000000E+00       0.00000000E+00       0.00000000E+00       0.00000000E+00       0.00000000E+00       0.00000000E+00       0.00000000E+00       0.00000000E+00       0.00000000E+00       0.00000000E+00       0.00000000E+00       0.00000000E+00       0.00000000E+00       0.00000000E+00       0.00000000E+00       0.00000000E+00       0.00000000E+00       0.00000000E+00       0.00000000E+00       0.00000000E+00       0.00000000E+00
      0.32429283E+02       0.00000000E+00       0.00000000E+00       0.00000000E+00       0.00000000E+00       0.00000000E+00       0.00000000E+00       0.00000000E+00       0.00000000E+00       0.00000000E+00       0.00000000E+00       0.00000000E+00       0.00000000E+00       0.00000000E+00       0.00000000E+00       0.00000000E+00       0.00000000E+00       0.00000000E+00       0.00000000E+00       0.00000000E+00       0.00000000E+00       0.00000000E+00       0.00000000E+00       0.00000000E+00       0.00000000E+00       0.00000000E+00       0.00000000E+00       0.00000000E+00
      0.32532356E+02       0.00000000E+00       0.00000000E+00       0.00000000E+00       0.00000000E+00       0.00000000E+00       0.00000000E+00       0.00000000E+00       0.00000000E+00       0.00000000E+00       0.00000000E+00       0.00000000E+00       0.00000000E+00       0.00000000E+00       0.00000000E+00       0.00000000E+00       0.00000000E+00       0.00000000E+00       0.00000000E+00       0.00000000E+00       0.00000000E+00       0.00000000E+00       0.00000000E+00       0.00000000E+00       0.00000000E+00       0.00000000E+00       0.00000000E+00       0.00000000E+00
      0.32635430E+02       0.00000000E+00       0.00000000E+00       0.00000000E+00       0.00000000E+00       0.00000000E+00       0.00000000E+00       0.00000000E+00       0.00000000E+00       0.00000000E+00       0.00000000E+00       0.00000000E+00       0.00000000E+00       0.00000000E+00       0.00000000E+00       0.00000000E+00       0.00000000E+00       0.00000000E+00       0.00000000E+00       0.00000000E+00       0.00000000E+00       0.00000000E+00       0.00000000E+00       0.00000000E+00       0.00000000E+00       0.00000000E+00       0.00000000E+00       0.00000000E+00
      0.32738503E+02       0.00000000E+00       0.00000000E+00       0.00000000E+00       0.00000000E+00       0.00000000E+00       0.00000000E+00       0.00000000E+00       0.00000000E+00       0.00000000E+00       0.00000000E+00       0.00000000E+00       0.00000000E+00       0.00000000E+00       0.00000000E+00       0.00000000E+00       0.00000000E+00       0.00000000E+00       0.00000000E+00       0.00000000E+00       0.00000000E+00       0.00000000E+00       0.00000000E+00       0.00000000E+00       0.00000000E+00       0.00000000E+00       0.00000000E+00       0.00000000E+00
      0.32841577E+02       0.00000000E+00       0.00000000E+00       0.00000000E+00       0.00000000E+00       0.00000000E+00       0.00000000E+00       0.00000000E+00       0.00000000E+00       0.00000000E+00       0.00000000E+00       0.00000000E+00       0.00000000E+00       0.00000000E+00       0.00000000E+00       0.00000000E+00       0.00000000E+00       0.00000000E+00       0.00000000E+00       0.00000000E+00       0.00000000E+00       0.00000000E+00       0.00000000E+00       0.00000000E+00       0.00000000E+00       0.00000000E+00       0.00000000E+00       0.00000000E+00
      0.32944650E+02       0.00000000E+00       0.00000000E+00       0.00000000E+00       0.00000000E+00       0.00000000E+00       0.00000000E+00       0.00000000E+00       0.00000000E+00       0.00000000E+00       0.00000000E+00       0.00000000E+00       0.00000000E+00       0.00000000E+00       0.00000000E+00       0.00000000E+00       0.00000000E+00       0.00000000E+00       0.00000000E+00       0.00000000E+00       0.00000000E+00       0.00000000E+00       0.00000000E+00       0.00000000E+00       0.00000000E+00       0.00000000E+00       0.00000000E+00       0.00000000E+00
      0.33047723E+02       0.00000000E+00       0.00000000E+00       0.00000000E+00       0.00000000E+00       0.00000000E+00       0.00000000E+00       0.00000000E+00       0.00000000E+00       0.00000000E+00       0.00000000E+00       0.00000000E+00       0.00000000E+00       0.00000000E+00       0.00000000E+00       0.00000000E+00       0.00000000E+00       0.00000000E+00       0.00000000E+00       0.00000000E+00       0.00000000E+00       0.00000000E+00       0.00000000E+00       0.00000000E+00       0.00000000E+00       0.00000000E+00       0.00000000E+00       0.00000000E+00
      0.33150797E+02       0.00000000E+00       0.00000000E+00       0.00000000E+00       0.00000000E+00       0.00000000E+00       0.00000000E+00       0.00000000E+00       0.00000000E+00       0.00000000E+00       0.00000000E+00       0.00000000E+00       0.00000000E+00       0.00000000E+00       0.00000000E+00       0.00000000E+00       0.00000000E+00       0.00000000E+00       0.00000000E+00       0.00000000E+00       0.00000000E+00       0.00000000E+00       0.00000000E+00       0.00000000E+00       0.00000000E+00       0.00000000E+00       0.00000000E+00       0.00000000E+00
      0.33253870E+02       0.00000000E+00       0.00000000E+00       0.00000000E+00       0.00000000E+00       0.00000000E+00       0.00000000E+00       0.00000000E+00       0.00000000E+00       0.00000000E+00       0.00000000E+00       0.00000000E+00       0.00000000E+00       0.00000000E+00       0.00000000E+00       0.00000000E+00       0.00000000E+00       0.00000000E+00       0.00000000E+00       0.00000000E+00       0.00000000E+00       0.00000000E+00       0.00000000E+00       0.00000000E+00       0.00000000E+00       0.00000000E+00       0.00000000E+00       0.00000000E+00
      0.33356944E+02       0.00000000E+00       0.00000000E+00       0.00000000E+00       0.00000000E+00       0.00000000E+00       0.00000000E+00       0.00000000E+00       0.00000000E+00       0.00000000E+00       0.00000000E+00       0.00000000E+00       0.00000000E+00       0.00000000E+00       0.00000000E+00       0.00000000E+00       0.00000000E+00       0.00000000E+00       0.00000000E+00       0.00000000E+00       0.00000000E+00       0.00000000E+00       0.00000000E+00       0.00000000E+00       0.00000000E+00       0.00000000E+00       0.00000000E+00       0.00000000E+00
      0.33460017E+02       0.00000000E+00       0.00000000E+00       0.00000000E+00       0.00000000E+00       0.00000000E+00       0.00000000E+00       0.00000000E+00       0.00000000E+00       0.00000000E+00       0.00000000E+00       0.00000000E+00       0.00000000E+00       0.00000000E+00       0.00000000E+00       0.00000000E+00       0.00000000E+00       0.00000000E+00       0.00000000E+00       0.00000000E+00       0.00000000E+00       0.00000000E+00       0.00000000E+00       0.00000000E+00       0.00000000E+00       0.00000000E+00       0.00000000E+00       0.00000000E+00
      0.33563091E+02       0.00000000E+00       0.00000000E+00       0.00000000E+00       0.00000000E+00       0.00000000E+00       0.00000000E+00       0.00000000E+00       0.00000000E+00       0.00000000E+00       0.00000000E+00       0.00000000E+00       0.00000000E+00       0.00000000E+00       0.00000000E+00       0.00000000E+00       0.00000000E+00       0.00000000E+00       0.00000000E+00       0.00000000E+00       0.00000000E+00       0.00000000E+00       0.00000000E+00       0.00000000E+00       0.00000000E+00       0.00000000E+00       0.00000000E+00       0.00000000E+00
      0.33666164E+02       0.00000000E+00       0.00000000E+00       0.00000000E+00       0.00000000E+00       0.00000000E+00       0.00000000E+00       0.00000000E+00       0.00000000E+00       0.00000000E+00       0.00000000E+00       0.00000000E+00       0.00000000E+00       0.00000000E+00       0.00000000E+00       0.00000000E+00       0.00000000E+00       0.00000000E+00       0.00000000E+00       0.00000000E+00       0.00000000E+00       0.00000000E+00       0.00000000E+00       0.00000000E+00       0.00000000E+00       0.00000000E+00       0.00000000E+00       0.00000000E+00
      0.33769238E+02       0.00000000E+00       0.00000000E+00       0.00000000E+00       0.00000000E+00       0.00000000E+00       0.00000000E+00       0.00000000E+00       0.00000000E+00       0.00000000E+00       0.00000000E+00       0.00000000E+00       0.00000000E+00       0.00000000E+00       0.00000000E+00       0.00000000E+00       0.00000000E+00       0.00000000E+00       0.00000000E+00       0.00000000E+00       0.00000000E+00       0.00000000E+00       0.00000000E+00       0.00000000E+00       0.00000000E+00       0.00000000E+00       0.00000000E+00       0.00000000E+00
      0.33872311E+02       0.00000000E+00       0.00000000E+00       0.00000000E+00       0.00000000E+00       0.00000000E+00       0.00000000E+00       0.00000000E+00       0.00000000E+00       0.00000000E+00       0.00000000E+00       0.00000000E+00       0.00000000E+00       0.00000000E+00       0.00000000E+00       0.00000000E+00       0.00000000E+00       0.00000000E+00       0.00000000E+00       0.00000000E+00       0.00000000E+00       0.00000000E+00       0.00000000E+00       0.00000000E+00       0.00000000E+00       0.00000000E+00       0.00000000E+00       0.00000000E+00
      0.33975384E+02       0.00000000E+00       0.00000000E+00       0.00000000E+00       0.00000000E+00       0.00000000E+00       0.00000000E+00       0.00000000E+00       0.00000000E+00       0.00000000E+00       0.00000000E+00       0.00000000E+00       0.00000000E+00       0.00000000E+00       0.00000000E+00       0.00000000E+00       0.00000000E+00       0.00000000E+00       0.00000000E+00       0.00000000E+00       0.00000000E+00       0.00000000E+00       0.00000000E+00       0.00000000E+00       0.00000000E+00       0.00000000E+00       0.00000000E+00       0.00000000E+00
      0.34078458E+02       0.00000000E+00       0.00000000E+00       0.00000000E+00       0.00000000E+00       0.00000000E+00       0.00000000E+00       0.00000000E+00       0.00000000E+00       0.00000000E+00       0.00000000E+00       0.00000000E+00       0.00000000E+00       0.00000000E+00       0.00000000E+00       0.00000000E+00       0.00000000E+00       0.00000000E+00       0.00000000E+00       0.00000000E+00       0.00000000E+00       0.00000000E+00       0.00000000E+00       0.00000000E+00       0.00000000E+00       0.00000000E+00       0.00000000E+00       0.00000000E+00
      0.34181531E+02       0.00000000E+00       0.00000000E+00       0.00000000E+00       0.00000000E+00       0.00000000E+00       0.00000000E+00       0.00000000E+00       0.00000000E+00       0.00000000E+00       0.00000000E+00       0.00000000E+00       0.00000000E+00       0.00000000E+00       0.00000000E+00       0.00000000E+00       0.00000000E+00       0.00000000E+00       0.00000000E+00       0.00000000E+00       0.00000000E+00       0.00000000E+00       0.00000000E+00       0.00000000E+00       0.00000000E+00       0.00000000E+00       0.00000000E+00       0.00000000E+00
      0.34284605E+02       0.00000000E+00       0.00000000E+00       0.00000000E+00       0.00000000E+00       0.00000000E+00       0.00000000E+00       0.00000000E+00       0.00000000E+00       0.00000000E+00       0.00000000E+00       0.00000000E+00       0.00000000E+00       0.00000000E+00       0.00000000E+00       0.00000000E+00       0.00000000E+00       0.00000000E+00       0.00000000E+00       0.00000000E+00       0.00000000E+00       0.00000000E+00       0.00000000E+00       0.00000000E+00       0.00000000E+00       0.00000000E+00       0.00000000E+00       0.00000000E+00
      0.34387678E+02       0.00000000E+00       0.00000000E+00       0.00000000E+00       0.00000000E+00       0.00000000E+00       0.00000000E+00       0.00000000E+00       0.00000000E+00       0.00000000E+00       0.00000000E+00       0.00000000E+00       0.00000000E+00       0.00000000E+00       0.00000000E+00       0.00000000E+00       0.00000000E+00       0.00000000E+00       0.00000000E+00       0.00000000E+00       0.00000000E+00       0.00000000E+00       0.00000000E+00       0.00000000E+00       0.00000000E+00       0.00000000E+00       0.00000000E+00       0.00000000E+00
      0.34490752E+02       0.00000000E+00       0.00000000E+00       0.00000000E+00       0.00000000E+00       0.00000000E+00       0.00000000E+00       0.00000000E+00       0.00000000E+00       0.00000000E+00       0.00000000E+00       0.00000000E+00       0.00000000E+00       0.00000000E+00       0.00000000E+00       0.00000000E+00       0.00000000E+00       0.00000000E+00       0.00000000E+00       0.00000000E+00       0.00000000E+00       0.00000000E+00       0.00000000E+00       0.00000000E+00       0.00000000E+00       0.00000000E+00       0.00000000E+00       0.00000000E+00
      0.34593825E+02       0.00000000E+00       0.00000000E+00       0.00000000E+00       0.00000000E+00       0.00000000E+00       0.00000000E+00       0.00000000E+00       0.00000000E+00       0.00000000E+00       0.00000000E+00       0.00000000E+00       0.00000000E+00       0.00000000E+00       0.00000000E+00       0.00000000E+00       0.00000000E+00       0.00000000E+00       0.00000000E+00       0.00000000E+00       0.00000000E+00       0.00000000E+00       0.00000000E+00       0.00000000E+00       0.00000000E+00       0.00000000E+00       0.00000000E+00       0.00000000E+00
      0.34696898E+02       0.00000000E+00       0.00000000E+00       0.00000000E+00       0.00000000E+00       0.00000000E+00       0.00000000E+00       0.00000000E+00       0.00000000E+00       0.00000000E+00       0.00000000E+00       0.00000000E+00       0.00000000E+00       0.00000000E+00       0.00000000E+00       0.00000000E+00       0.00000000E+00       0.00000000E+00       0.00000000E+00       0.00000000E+00       0.00000000E+00       0.00000000E+00       0.00000000E+00       0.00000000E+00       0.00000000E+00       0.00000000E+00       0.00000000E+00       0.00000000E+00
      0.34799972E+02       0.00000000E+00       0.00000000E+00       0.00000000E+00       0.00000000E+00       0.00000000E+00       0.00000000E+00       0.00000000E+00       0.00000000E+00       0.00000000E+00       0.00000000E+00       0.00000000E+00       0.00000000E+00       0.00000000E+00       0.00000000E+00       0.00000000E+00       0.00000000E+00       0.00000000E+00       0.00000000E+00       0.00000000E+00       0.00000000E+00       0.00000000E+00       0.00000000E+00       0.00000000E+00       0.00000000E+00       0.00000000E+00       0.00000000E+00       0.00000000E+00
      0.34903045E+02       0.00000000E+00       0.00000000E+00       0.00000000E+00       0.00000000E+00       0.00000000E+00       0.00000000E+00       0.00000000E+00       0.00000000E+00       0.00000000E+00       0.00000000E+00       0.00000000E+00       0.00000000E+00       0.00000000E+00       0.00000000E+00       0.00000000E+00       0.00000000E+00       0.00000000E+00       0.00000000E+00       0.00000000E+00       0.00000000E+00       0.00000000E+00       0.00000000E+00       0.00000000E+00       0.00000000E+00       0.00000000E+00       0.00000000E+00       0.00000000E+00
      0.35006119E+02       0.00000000E+00       0.00000000E+00       0.00000000E+00       0.00000000E+00       0.00000000E+00       0.00000000E+00       0.00000000E+00       0.00000000E+00       0.00000000E+00       0.00000000E+00       0.00000000E+00       0.00000000E+00       0.00000000E+00       0.00000000E+00       0.00000000E+00       0.00000000E+00       0.00000000E+00       0.00000000E+00       0.00000000E+00       0.00000000E+00       0.00000000E+00       0.00000000E+00       0.00000000E+00       0.00000000E+00       0.00000000E+00       0.00000000E+00       0.00000000E+00
      0.35109192E+02       0.00000000E+00       0.00000000E+00       0.00000000E+00       0.00000000E+00       0.00000000E+00       0.00000000E+00       0.00000000E+00       0.00000000E+00       0.00000000E+00       0.00000000E+00       0.00000000E+00       0.00000000E+00       0.00000000E+00       0.00000000E+00       0.00000000E+00       0.00000000E+00       0.00000000E+00       0.00000000E+00       0.00000000E+00       0.00000000E+00       0.00000000E+00       0.00000000E+00       0.00000000E+00       0.00000000E+00       0.00000000E+00       0.00000000E+00       0.00000000E+00
      0.35212266E+02       0.00000000E+00       0.00000000E+00       0.00000000E+00       0.00000000E+00       0.00000000E+00       0.00000000E+00       0.00000000E+00       0.00000000E+00       0.00000000E+00       0.00000000E+00       0.00000000E+00       0.00000000E+00       0.00000000E+00       0.00000000E+00       0.00000000E+00       0.00000000E+00       0.00000000E+00       0.00000000E+00       0.00000000E+00       0.00000000E+00       0.00000000E+00       0.00000000E+00       0.00000000E+00       0.00000000E+00       0.00000000E+00       0.00000000E+00       0.00000000E+00
      0.35315339E+02       0.00000000E+00       0.00000000E+00       0.00000000E+00       0.00000000E+00       0.00000000E+00       0.00000000E+00       0.00000000E+00       0.00000000E+00       0.00000000E+00       0.00000000E+00       0.00000000E+00       0.00000000E+00       0.00000000E+00       0.00000000E+00       0.00000000E+00       0.00000000E+00       0.00000000E+00       0.00000000E+00       0.00000000E+00       0.00000000E+00       0.00000000E+00       0.00000000E+00       0.00000000E+00       0.00000000E+00       0.00000000E+00       0.00000000E+00       0.00000000E+00
      0.35418412E+02       0.00000000E+00       0.00000000E+00       0.00000000E+00       0.00000000E+00       0.00000000E+00       0.00000000E+00       0.00000000E+00       0.00000000E+00       0.00000000E+00       0.00000000E+00       0.00000000E+00       0.00000000E+00       0.00000000E+00       0.00000000E+00       0.00000000E+00       0.00000000E+00       0.00000000E+00       0.00000000E+00       0.00000000E+00       0.00000000E+00       0.00000000E+00       0.00000000E+00       0.00000000E+00       0.00000000E+00       0.00000000E+00       0.00000000E+00       0.00000000E+00
      0.35521486E+02       0.00000000E+00       0.00000000E+00       0.00000000E+00       0.00000000E+00       0.00000000E+00       0.00000000E+00       0.00000000E+00       0.00000000E+00       0.00000000E+00       0.00000000E+00       0.00000000E+00       0.00000000E+00       0.00000000E+00       0.00000000E+00       0.00000000E+00       0.00000000E+00       0.00000000E+00       0.00000000E+00       0.00000000E+00       0.00000000E+00       0.00000000E+00       0.00000000E+00       0.00000000E+00       0.00000000E+00       0.00000000E+00       0.00000000E+00       0.00000000E+00
      0.35624559E+02       0.00000000E+00       0.00000000E+00       0.00000000E+00       0.00000000E+00       0.00000000E+00       0.00000000E+00       0.00000000E+00       0.00000000E+00       0.00000000E+00       0.00000000E+00       0.00000000E+00       0.00000000E+00       0.00000000E+00       0.00000000E+00       0.00000000E+00       0.00000000E+00       0.00000000E+00       0.00000000E+00       0.00000000E+00       0.00000000E+00       0.00000000E+00       0.00000000E+00       0.00000000E+00       0.00000000E+00       0.00000000E+00       0.00000000E+00       0.00000000E+00
      0.35727633E+02       0.00000000E+00       0.00000000E+00       0.00000000E+00       0.00000000E+00       0.00000000E+00       0.00000000E+00       0.00000000E+00       0.00000000E+00       0.00000000E+00       0.00000000E+00       0.00000000E+00       0.00000000E+00       0.00000000E+00       0.00000000E+00       0.00000000E+00       0.00000000E+00       0.00000000E+00       0.00000000E+00       0.00000000E+00       0.00000000E+00       0.00000000E+00       0.00000000E+00       0.00000000E+00       0.00000000E+00       0.00000000E+00       0.00000000E+00       0.00000000E+00
      0.35830706E+02       0.00000000E+00       0.00000000E+00       0.00000000E+00       0.00000000E+00       0.00000000E+00       0.00000000E+00       0.00000000E+00       0.00000000E+00       0.00000000E+00       0.00000000E+00       0.00000000E+00       0.00000000E+00       0.00000000E+00       0.00000000E+00       0.00000000E+00       0.00000000E+00       0.00000000E+00       0.00000000E+00       0.00000000E+00       0.00000000E+00       0.00000000E+00       0.00000000E+00       0.00000000E+00       0.00000000E+00       0.00000000E+00       0.00000000E+00       0.00000000E+00
      0.35933780E+02       0.00000000E+00       0.00000000E+00       0.00000000E+00       0.00000000E+00       0.00000000E+00       0.00000000E+00       0.00000000E+00       0.00000000E+00       0.00000000E+00       0.00000000E+00       0.00000000E+00       0.00000000E+00       0.00000000E+00       0.00000000E+00       0.00000000E+00       0.00000000E+00       0.00000000E+00       0.00000000E+00       0.00000000E+00       0.00000000E+00       0.00000000E+00       0.00000000E+00       0.00000000E+00       0.00000000E+00       0.00000000E+00       0.00000000E+00       0.00000000E+00
      0.36036853E+02       0.00000000E+00       0.00000000E+00       0.00000000E+00       0.00000000E+00       0.00000000E+00       0.00000000E+00       0.00000000E+00       0.00000000E+00       0.00000000E+00       0.00000000E+00       0.00000000E+00       0.00000000E+00       0.00000000E+00       0.00000000E+00       0.00000000E+00       0.00000000E+00       0.00000000E+00       0.00000000E+00       0.00000000E+00       0.00000000E+00       0.00000000E+00       0.00000000E+00       0.00000000E+00       0.00000000E+00       0.00000000E+00       0.00000000E+00       0.00000000E+00
      0.36139926E+02       0.00000000E+00       0.00000000E+00       0.00000000E+00       0.00000000E+00       0.00000000E+00       0.00000000E+00       0.00000000E+00       0.00000000E+00       0.00000000E+00       0.00000000E+00       0.00000000E+00       0.00000000E+00       0.00000000E+00       0.00000000E+00       0.00000000E+00       0.00000000E+00       0.00000000E+00       0.00000000E+00       0.00000000E+00       0.00000000E+00       0.00000000E+00       0.00000000E+00       0.00000000E+00       0.00000000E+00       0.00000000E+00       0.00000000E+00       0.00000000E+00
      0.36243000E+02       0.00000000E+00       0.00000000E+00       0.00000000E+00       0.00000000E+00       0.00000000E+00       0.00000000E+00       0.00000000E+00       0.00000000E+00       0.00000000E+00       0.00000000E+00       0.00000000E+00       0.00000000E+00       0.00000000E+00       0.00000000E+00       0.00000000E+00       0.00000000E+00       0.00000000E+00       0.00000000E+00       0.00000000E+00       0.00000000E+00       0.00000000E+00       0.00000000E+00       0.00000000E+00       0.00000000E+00       0.00000000E+00       0.00000000E+00       0.00000000E+00
      0.36346073E+02       0.00000000E+00       0.00000000E+00       0.00000000E+00       0.00000000E+00       0.00000000E+00       0.00000000E+00       0.00000000E+00       0.00000000E+00       0.00000000E+00       0.00000000E+00       0.00000000E+00       0.00000000E+00       0.00000000E+00       0.00000000E+00       0.00000000E+00       0.00000000E+00       0.00000000E+00       0.00000000E+00       0.00000000E+00       0.00000000E+00       0.00000000E+00       0.00000000E+00       0.00000000E+00       0.00000000E+00       0.00000000E+00       0.00000000E+00       0.00000000E+00
      0.36449147E+02       0.00000000E+00       0.00000000E+00       0.00000000E+00       0.00000000E+00       0.00000000E+00       0.00000000E+00       0.00000000E+00       0.00000000E+00       0.00000000E+00       0.00000000E+00       0.00000000E+00       0.00000000E+00       0.00000000E+00       0.00000000E+00       0.00000000E+00       0.00000000E+00       0.00000000E+00       0.00000000E+00       0.00000000E+00       0.00000000E+00       0.00000000E+00       0.00000000E+00       0.00000000E+00       0.00000000E+00       0.00000000E+00       0.00000000E+00       0.00000000E+00
      0.36552220E+02       0.00000000E+00       0.00000000E+00       0.00000000E+00       0.00000000E+00       0.00000000E+00       0.00000000E+00       0.00000000E+00       0.00000000E+00       0.00000000E+00       0.00000000E+00       0.00000000E+00       0.00000000E+00       0.00000000E+00       0.00000000E+00       0.00000000E+00       0.00000000E+00       0.00000000E+00       0.00000000E+00       0.00000000E+00       0.00000000E+00       0.00000000E+00       0.00000000E+00       0.00000000E+00       0.00000000E+00       0.00000000E+00       0.00000000E+00       0.00000000E+00
      0.36655294E+02       0.00000000E+00       0.00000000E+00       0.00000000E+00       0.00000000E+00       0.00000000E+00       0.00000000E+00       0.00000000E+00       0.00000000E+00       0.00000000E+00       0.00000000E+00       0.00000000E+00       0.00000000E+00       0.00000000E+00       0.00000000E+00       0.00000000E+00       0.00000000E+00       0.00000000E+00       0.00000000E+00       0.00000000E+00       0.00000000E+00       0.00000000E+00       0.00000000E+00       0.00000000E+00       0.00000000E+00       0.00000000E+00       0.00000000E+00       0.00000000E+00
      0.36758367E+02       0.00000000E+00       0.00000000E+00       0.00000000E+00       0.00000000E+00       0.00000000E+00       0.00000000E+00       0.00000000E+00       0.00000000E+00       0.00000000E+00       0.00000000E+00       0.00000000E+00       0.00000000E+00       0.00000000E+00       0.00000000E+00       0.00000000E+00       0.00000000E+00       0.00000000E+00       0.00000000E+00       0.00000000E+00       0.00000000E+00       0.00000000E+00       0.00000000E+00       0.00000000E+00       0.00000000E+00       0.00000000E+00       0.00000000E+00       0.00000000E+00
      0.36861440E+02       0.00000000E+00       0.00000000E+00       0.00000000E+00       0.00000000E+00       0.00000000E+00       0.00000000E+00       0.00000000E+00       0.00000000E+00       0.00000000E+00       0.00000000E+00       0.00000000E+00       0.00000000E+00       0.00000000E+00       0.00000000E+00       0.00000000E+00       0.00000000E+00       0.00000000E+00       0.00000000E+00       0.00000000E+00       0.00000000E+00       0.00000000E+00       0.00000000E+00       0.00000000E+00       0.00000000E+00       0.00000000E+00       0.00000000E+00       0.00000000E+00
      0.36964514E+02       0.00000000E+00       0.00000000E+00       0.00000000E+00       0.00000000E+00       0.00000000E+00       0.00000000E+00       0.00000000E+00       0.00000000E+00       0.00000000E+00       0.00000000E+00       0.00000000E+00       0.00000000E+00       0.00000000E+00       0.00000000E+00       0.00000000E+00       0.00000000E+00       0.00000000E+00       0.00000000E+00       0.00000000E+00       0.00000000E+00       0.00000000E+00       0.00000000E+00       0.00000000E+00       0.00000000E+00       0.00000000E+00       0.00000000E+00       0.00000000E+00
      0.37067587E+02       0.00000000E+00       0.00000000E+00       0.00000000E+00       0.00000000E+00       0.00000000E+00       0.00000000E+00       0.00000000E+00       0.00000000E+00       0.00000000E+00       0.00000000E+00       0.00000000E+00       0.00000000E+00       0.00000000E+00       0.00000000E+00       0.00000000E+00       0.00000000E+00       0.00000000E+00       0.00000000E+00       0.00000000E+00       0.00000000E+00       0.00000000E+00       0.00000000E+00       0.00000000E+00       0.00000000E+00       0.00000000E+00       0.00000000E+00       0.00000000E+00
      0.37170661E+02       0.00000000E+00       0.00000000E+00       0.00000000E+00       0.00000000E+00       0.00000000E+00       0.00000000E+00       0.00000000E+00       0.00000000E+00       0.00000000E+00       0.00000000E+00       0.00000000E+00       0.00000000E+00       0.00000000E+00       0.00000000E+00       0.00000000E+00       0.00000000E+00       0.00000000E+00       0.00000000E+00       0.00000000E+00       0.00000000E+00       0.00000000E+00       0.00000000E+00       0.00000000E+00       0.00000000E+00       0.00000000E+00       0.00000000E+00       0.00000000E+00
      0.37273734E+02       0.00000000E+00       0.00000000E+00       0.00000000E+00       0.00000000E+00       0.00000000E+00       0.00000000E+00       0.00000000E+00       0.00000000E+00       0.00000000E+00       0.00000000E+00       0.00000000E+00       0.00000000E+00       0.00000000E+00       0.00000000E+00       0.00000000E+00       0.00000000E+00       0.00000000E+00       0.00000000E+00       0.00000000E+00       0.00000000E+00       0.00000000E+00       0.00000000E+00       0.00000000E+00       0.00000000E+00       0.00000000E+00       0.00000000E+00       0.00000000E+00
      0.37376808E+02       0.00000000E+00       0.00000000E+00       0.00000000E+00       0.00000000E+00       0.00000000E+00       0.00000000E+00       0.00000000E+00       0.00000000E+00       0.00000000E+00       0.00000000E+00       0.00000000E+00       0.00000000E+00       0.00000000E+00       0.00000000E+00       0.00000000E+00       0.00000000E+00       0.00000000E+00       0.00000000E+00       0.00000000E+00       0.00000000E+00       0.00000000E+00       0.00000000E+00       0.00000000E+00       0.00000000E+00       0.00000000E+00       0.00000000E+00       0.00000000E+00
      0.37479881E+02       0.00000000E+00       0.00000000E+00       0.00000000E+00       0.00000000E+00       0.00000000E+00       0.00000000E+00       0.00000000E+00       0.00000000E+00       0.00000000E+00       0.00000000E+00       0.00000000E+00       0.00000000E+00       0.00000000E+00       0.00000000E+00       0.00000000E+00       0.00000000E+00       0.00000000E+00       0.00000000E+00       0.00000000E+00       0.00000000E+00       0.00000000E+00       0.00000000E+00       0.00000000E+00       0.00000000E+00       0.00000000E+00       0.00000000E+00       0.00000000E+00
      0.37582955E+02       0.00000000E+00       0.00000000E+00       0.00000000E+00       0.00000000E+00       0.00000000E+00       0.00000000E+00       0.00000000E+00       0.00000000E+00       0.00000000E+00       0.00000000E+00       0.00000000E+00       0.00000000E+00       0.00000000E+00       0.00000000E+00       0.00000000E+00       0.00000000E+00       0.00000000E+00       0.00000000E+00       0.00000000E+00       0.00000000E+00       0.00000000E+00       0.00000000E+00       0.00000000E+00       0.00000000E+00       0.00000000E+00       0.00000000E+00       0.00000000E+00
      0.37686028E+02       0.00000000E+00       0.00000000E+00       0.00000000E+00       0.00000000E+00       0.00000000E+00       0.00000000E+00       0.00000000E+00       0.00000000E+00       0.00000000E+00       0.00000000E+00       0.00000000E+00       0.00000000E+00       0.00000000E+00       0.00000000E+00       0.00000000E+00       0.00000000E+00       0.00000000E+00       0.00000000E+00       0.00000000E+00       0.00000000E+00       0.00000000E+00       0.00000000E+00       0.00000000E+00       0.00000000E+00       0.00000000E+00       0.00000000E+00       0.00000000E+00
      0.37789101E+02       0.00000000E+00       0.00000000E+00       0.00000000E+00       0.00000000E+00       0.00000000E+00       0.00000000E+00       0.00000000E+00       0.00000000E+00       0.00000000E+00       0.00000000E+00       0.00000000E+00       0.00000000E+00       0.00000000E+00       0.00000000E+00       0.00000000E+00       0.00000000E+00       0.00000000E+00       0.00000000E+00       0.00000000E+00       0.00000000E+00       0.00000000E+00       0.00000000E+00       0.00000000E+00       0.00000000E+00       0.00000000E+00       0.00000000E+00       0.00000000E+00
      0.37892175E+02       0.00000000E+00       0.00000000E+00       0.00000000E+00       0.00000000E+00       0.00000000E+00       0.00000000E+00       0.00000000E+00       0.00000000E+00       0.00000000E+00       0.00000000E+00       0.00000000E+00       0.00000000E+00       0.00000000E+00       0.00000000E+00       0.00000000E+00       0.00000000E+00       0.00000000E+00       0.00000000E+00       0.00000000E+00       0.00000000E+00       0.00000000E+00       0.00000000E+00       0.00000000E+00       0.00000000E+00       0.00000000E+00       0.00000000E+00       0.00000000E+00
      0.37995248E+02       0.00000000E+00       0.00000000E+00       0.00000000E+00       0.00000000E+00       0.00000000E+00       0.00000000E+00       0.00000000E+00       0.00000000E+00       0.00000000E+00       0.00000000E+00       0.00000000E+00       0.00000000E+00       0.00000000E+00       0.00000000E+00       0.00000000E+00       0.00000000E+00       0.00000000E+00       0.00000000E+00       0.00000000E+00       0.00000000E+00       0.00000000E+00       0.00000000E+00       0.00000000E+00       0.00000000E+00       0.00000000E+00       0.00000000E+00       0.00000000E+00
      0.38098322E+02       0.00000000E+00       0.00000000E+00       0.00000000E+00       0.00000000E+00       0.00000000E+00       0.00000000E+00       0.00000000E+00       0.00000000E+00       0.00000000E+00       0.00000000E+00       0.00000000E+00       0.00000000E+00       0.00000000E+00       0.00000000E+00       0.00000000E+00       0.00000000E+00       0.00000000E+00       0.00000000E+00       0.00000000E+00       0.00000000E+00       0.00000000E+00       0.00000000E+00       0.00000000E+00       0.00000000E+00       0.00000000E+00       0.00000000E+00       0.00000000E+00
      0.38201395E+02       0.00000000E+00       0.00000000E+00       0.00000000E+00       0.00000000E+00       0.00000000E+00       0.00000000E+00       0.00000000E+00       0.00000000E+00       0.00000000E+00       0.00000000E+00       0.00000000E+00       0.00000000E+00       0.00000000E+00       0.00000000E+00       0.00000000E+00       0.00000000E+00       0.00000000E+00       0.00000000E+00       0.00000000E+00       0.00000000E+00       0.00000000E+00       0.00000000E+00       0.00000000E+00       0.00000000E+00       0.00000000E+00       0.00000000E+00       0.00000000E+00
      0.38304469E+02       0.00000000E+00       0.00000000E+00       0.00000000E+00       0.00000000E+00       0.00000000E+00       0.00000000E+00       0.00000000E+00       0.00000000E+00       0.00000000E+00       0.00000000E+00       0.00000000E+00       0.00000000E+00       0.00000000E+00       0.00000000E+00       0.00000000E+00       0.00000000E+00       0.00000000E+00       0.00000000E+00       0.00000000E+00       0.00000000E+00       0.00000000E+00       0.00000000E+00       0.00000000E+00       0.00000000E+00       0.00000000E+00       0.00000000E+00       0.00000000E+00
      0.38407542E+02       0.00000000E+00       0.00000000E+00       0.00000000E+00       0.00000000E+00       0.00000000E+00       0.00000000E+00       0.00000000E+00       0.00000000E+00       0.00000000E+00       0.00000000E+00       0.00000000E+00       0.00000000E+00       0.00000000E+00       0.00000000E+00       0.00000000E+00       0.00000000E+00       0.00000000E+00       0.00000000E+00       0.00000000E+00       0.00000000E+00       0.00000000E+00       0.00000000E+00       0.00000000E+00       0.00000000E+00       0.00000000E+00       0.00000000E+00       0.00000000E+00
      0.38510615E+02       0.00000000E+00       0.00000000E+00       0.00000000E+00       0.00000000E+00       0.00000000E+00       0.00000000E+00       0.00000000E+00       0.00000000E+00       0.00000000E+00       0.00000000E+00       0.00000000E+00       0.00000000E+00       0.00000000E+00       0.00000000E+00       0.00000000E+00       0.00000000E+00       0.00000000E+00       0.00000000E+00       0.00000000E+00       0.00000000E+00       0.00000000E+00       0.00000000E+00       0.00000000E+00       0.00000000E+00       0.00000000E+00       0.00000000E+00       0.00000000E+00
      0.38613689E+02       0.00000000E+00       0.00000000E+00       0.00000000E+00       0.00000000E+00       0.00000000E+00       0.00000000E+00       0.00000000E+00       0.00000000E+00       0.00000000E+00       0.00000000E+00       0.00000000E+00       0.00000000E+00       0.00000000E+00       0.00000000E+00       0.00000000E+00       0.00000000E+00       0.00000000E+00       0.00000000E+00       0.00000000E+00       0.00000000E+00       0.00000000E+00       0.00000000E+00       0.00000000E+00       0.00000000E+00       0.00000000E+00       0.00000000E+00       0.00000000E+00
      0.38716762E+02       0.00000000E+00       0.00000000E+00       0.00000000E+00       0.00000000E+00       0.00000000E+00       0.00000000E+00       0.00000000E+00       0.00000000E+00       0.00000000E+00       0.00000000E+00       0.00000000E+00       0.00000000E+00       0.00000000E+00       0.00000000E+00       0.00000000E+00       0.00000000E+00       0.00000000E+00       0.00000000E+00       0.00000000E+00       0.00000000E+00       0.00000000E+00       0.00000000E+00       0.00000000E+00       0.00000000E+00       0.00000000E+00       0.00000000E+00       0.00000000E+00
      0.38819836E+02       0.00000000E+00       0.00000000E+00       0.00000000E+00       0.00000000E+00       0.00000000E+00       0.00000000E+00       0.00000000E+00       0.00000000E+00       0.00000000E+00       0.00000000E+00       0.00000000E+00       0.00000000E+00       0.00000000E+00       0.00000000E+00       0.00000000E+00       0.00000000E+00       0.00000000E+00       0.00000000E+00       0.00000000E+00       0.00000000E+00       0.00000000E+00       0.00000000E+00       0.00000000E+00       0.00000000E+00       0.00000000E+00       0.00000000E+00       0.00000000E+00
      0.38922909E+02       0.00000000E+00       0.00000000E+00       0.00000000E+00       0.00000000E+00       0.00000000E+00       0.00000000E+00       0.00000000E+00       0.00000000E+00       0.00000000E+00       0.00000000E+00       0.00000000E+00       0.00000000E+00       0.00000000E+00       0.00000000E+00       0.00000000E+00       0.00000000E+00       0.00000000E+00       0.00000000E+00       0.00000000E+00       0.00000000E+00       0.00000000E+00       0.00000000E+00       0.00000000E+00       0.00000000E+00       0.00000000E+00       0.00000000E+00       0.00000000E+00
      0.39025983E+02       0.00000000E+00       0.00000000E+00       0.00000000E+00       0.00000000E+00       0.00000000E+00       0.00000000E+00       0.00000000E+00       0.00000000E+00       0.00000000E+00       0.00000000E+00       0.00000000E+00       0.00000000E+00       0.00000000E+00       0.00000000E+00       0.00000000E+00       0.00000000E+00       0.00000000E+00       0.00000000E+00       0.00000000E+00       0.00000000E+00       0.00000000E+00       0.00000000E+00       0.00000000E+00       0.00000000E+00       0.00000000E+00       0.00000000E+00       0.00000000E+00
      0.39129056E+02       0.00000000E+00       0.00000000E+00       0.00000000E+00       0.00000000E+00       0.00000000E+00       0.00000000E+00       0.00000000E+00       0.00000000E+00       0.00000000E+00       0.00000000E+00       0.00000000E+00       0.00000000E+00       0.00000000E+00       0.00000000E+00       0.00000000E+00       0.00000000E+00       0.00000000E+00       0.00000000E+00       0.00000000E+00       0.00000000E+00       0.00000000E+00       0.00000000E+00       0.00000000E+00       0.00000000E+00       0.00000000E+00       0.00000000E+00       0.00000000E+00
      0.39232129E+02       0.00000000E+00       0.00000000E+00       0.00000000E+00       0.00000000E+00       0.00000000E+00       0.00000000E+00       0.00000000E+00       0.00000000E+00       0.00000000E+00       0.00000000E+00       0.00000000E+00       0.00000000E+00       0.00000000E+00       0.00000000E+00       0.00000000E+00       0.00000000E+00       0.00000000E+00       0.00000000E+00       0.00000000E+00       0.00000000E+00       0.00000000E+00       0.00000000E+00       0.00000000E+00       0.00000000E+00       0.00000000E+00       0.00000000E+00       0.00000000E+00
      0.39335203E+02       0.00000000E+00       0.00000000E+00       0.00000000E+00       0.00000000E+00       0.00000000E+00       0.00000000E+00       0.00000000E+00       0.00000000E+00       0.00000000E+00       0.00000000E+00       0.00000000E+00       0.00000000E+00       0.00000000E+00       0.00000000E+00       0.00000000E+00       0.00000000E+00       0.00000000E+00       0.00000000E+00       0.00000000E+00       0.00000000E+00       0.00000000E+00       0.00000000E+00       0.00000000E+00       0.00000000E+00       0.00000000E+00       0.00000000E+00       0.00000000E+00
      0.39438276E+02       0.00000000E+00       0.00000000E+00       0.00000000E+00       0.00000000E+00       0.00000000E+00       0.00000000E+00       0.00000000E+00       0.00000000E+00       0.00000000E+00       0.00000000E+00       0.00000000E+00       0.00000000E+00       0.00000000E+00       0.00000000E+00       0.00000000E+00       0.00000000E+00       0.00000000E+00       0.00000000E+00       0.00000000E+00       0.00000000E+00       0.00000000E+00       0.00000000E+00       0.00000000E+00       0.00000000E+00       0.00000000E+00       0.00000000E+00       0.00000000E+00
      0.39541350E+02       0.00000000E+00       0.00000000E+00       0.00000000E+00       0.00000000E+00       0.00000000E+00       0.00000000E+00       0.00000000E+00       0.00000000E+00       0.00000000E+00       0.00000000E+00       0.00000000E+00       0.00000000E+00       0.00000000E+00       0.00000000E+00       0.00000000E+00       0.00000000E+00       0.00000000E+00       0.00000000E+00       0.00000000E+00       0.00000000E+00       0.00000000E+00       0.00000000E+00       0.00000000E+00       0.00000000E+00       0.00000000E+00       0.00000000E+00       0.00000000E+00
      0.39644423E+02       0.00000000E+00       0.00000000E+00       0.00000000E+00       0.00000000E+00       0.00000000E+00       0.00000000E+00       0.00000000E+00       0.00000000E+00       0.00000000E+00       0.00000000E+00       0.00000000E+00       0.00000000E+00       0.00000000E+00       0.00000000E+00       0.00000000E+00       0.00000000E+00       0.00000000E+00       0.00000000E+00       0.00000000E+00       0.00000000E+00       0.00000000E+00       0.00000000E+00       0.00000000E+00       0.00000000E+00       0.00000000E+00       0.00000000E+00       0.00000000E+00
      0.39747497E+02       0.00000000E+00       0.00000000E+00       0.00000000E+00       0.00000000E+00       0.00000000E+00       0.00000000E+00       0.00000000E+00       0.00000000E+00       0.00000000E+00       0.00000000E+00       0.00000000E+00       0.00000000E+00       0.00000000E+00       0.00000000E+00       0.00000000E+00       0.00000000E+00       0.00000000E+00       0.00000000E+00       0.00000000E+00       0.00000000E+00       0.00000000E+00       0.00000000E+00       0.00000000E+00       0.00000000E+00       0.00000000E+00       0.00000000E+00       0.00000000E+00
      0.39850570E+02       0.00000000E+00       0.00000000E+00       0.00000000E+00       0.00000000E+00       0.00000000E+00       0.00000000E+00       0.00000000E+00       0.00000000E+00       0.00000000E+00       0.00000000E+00       0.00000000E+00       0.00000000E+00       0.00000000E+00       0.00000000E+00       0.00000000E+00       0.00000000E+00       0.00000000E+00       0.00000000E+00       0.00000000E+00       0.00000000E+00       0.00000000E+00       0.00000000E+00       0.00000000E+00       0.00000000E+00       0.00000000E+00       0.00000000E+00       0.00000000E+00
      0.39953643E+02       0.00000000E+00       0.00000000E+00       0.00000000E+00       0.00000000E+00       0.00000000E+00       0.00000000E+00       0.00000000E+00       0.00000000E+00       0.00000000E+00       0.00000000E+00       0.00000000E+00       0.00000000E+00       0.00000000E+00       0.00000000E+00       0.00000000E+00       0.00000000E+00       0.00000000E+00       0.00000000E+00       0.00000000E+00       0.00000000E+00       0.00000000E+00       0.00000000E+00       0.00000000E+00       0.00000000E+00       0.00000000E+00       0.00000000E+00       0.00000000E+00
      0.40056717E+02       0.00000000E+00       0.00000000E+00       0.00000000E+00       0.00000000E+00       0.00000000E+00       0.00000000E+00       0.00000000E+00       0.00000000E+00       0.00000000E+00       0.00000000E+00       0.00000000E+00       0.00000000E+00       0.00000000E+00       0.00000000E+00       0.00000000E+00       0.00000000E+00       0.00000000E+00       0.00000000E+00       0.00000000E+00       0.00000000E+00       0.00000000E+00       0.00000000E+00       0.00000000E+00       0.00000000E+00       0.00000000E+00       0.00000000E+00       0.00000000E+00
      0.40159790E+02       0.00000000E+00       0.00000000E+00       0.00000000E+00       0.00000000E+00       0.00000000E+00       0.00000000E+00       0.00000000E+00       0.00000000E+00       0.00000000E+00       0.00000000E+00       0.00000000E+00       0.00000000E+00       0.00000000E+00       0.00000000E+00       0.00000000E+00       0.00000000E+00       0.00000000E+00       0.00000000E+00       0.00000000E+00       0.00000000E+00       0.00000000E+00       0.00000000E+00       0.00000000E+00       0.00000000E+00       0.00000000E+00       0.00000000E+00       0.00000000E+00
      0.40262864E+02       0.00000000E+00       0.00000000E+00       0.00000000E+00       0.00000000E+00       0.00000000E+00       0.00000000E+00       0.00000000E+00       0.00000000E+00       0.00000000E+00       0.00000000E+00       0.00000000E+00       0.00000000E+00       0.00000000E+00       0.00000000E+00       0.00000000E+00       0.00000000E+00       0.00000000E+00       0.00000000E+00       0.00000000E+00       0.00000000E+00       0.00000000E+00       0.00000000E+00       0.00000000E+00       0.00000000E+00       0.00000000E+00       0.00000000E+00       0.00000000E+00
      0.40365937E+02       0.00000000E+00       0.00000000E+00       0.00000000E+00       0.00000000E+00       0.00000000E+00       0.00000000E+00       0.00000000E+00       0.00000000E+00       0.00000000E+00       0.00000000E+00       0.00000000E+00       0.00000000E+00       0.00000000E+00       0.00000000E+00       0.00000000E+00       0.00000000E+00       0.00000000E+00       0.00000000E+00       0.00000000E+00       0.00000000E+00       0.00000000E+00       0.00000000E+00       0.00000000E+00       0.00000000E+00       0.00000000E+00       0.00000000E+00       0.00000000E+00
      0.40469011E+02       0.00000000E+00       0.00000000E+00       0.00000000E+00       0.00000000E+00       0.00000000E+00       0.00000000E+00       0.00000000E+00       0.00000000E+00       0.00000000E+00       0.00000000E+00       0.00000000E+00       0.00000000E+00       0.00000000E+00       0.00000000E+00       0.00000000E+00       0.00000000E+00       0.00000000E+00       0.00000000E+00       0.00000000E+00       0.00000000E+00       0.00000000E+00       0.00000000E+00       0.00000000E+00       0.00000000E+00       0.00000000E+00       0.00000000E+00       0.00000000E+00
      0.40572084E+02       0.00000000E+00       0.00000000E+00       0.00000000E+00       0.00000000E+00       0.00000000E+00       0.00000000E+00       0.00000000E+00       0.00000000E+00       0.00000000E+00       0.00000000E+00       0.00000000E+00       0.00000000E+00       0.00000000E+00       0.00000000E+00       0.00000000E+00       0.00000000E+00       0.00000000E+00       0.00000000E+00       0.00000000E+00       0.00000000E+00       0.00000000E+00       0.00000000E+00       0.00000000E+00       0.00000000E+00       0.00000000E+00       0.00000000E+00       0.00000000E+00
      0.40675158E+02       0.00000000E+00       0.00000000E+00       0.00000000E+00       0.00000000E+00       0.00000000E+00       0.00000000E+00       0.00000000E+00       0.00000000E+00       0.00000000E+00       0.00000000E+00       0.00000000E+00       0.00000000E+00       0.00000000E+00       0.00000000E+00       0.00000000E+00       0.00000000E+00       0.00000000E+00       0.00000000E+00       0.00000000E+00       0.00000000E+00       0.00000000E+00       0.00000000E+00       0.00000000E+00       0.00000000E+00       0.00000000E+00       0.00000000E+00       0.00000000E+00
      0.40778231E+02       0.00000000E+00       0.00000000E+00       0.00000000E+00       0.00000000E+00       0.00000000E+00       0.00000000E+00       0.00000000E+00       0.00000000E+00       0.00000000E+00       0.00000000E+00       0.00000000E+00       0.00000000E+00       0.00000000E+00       0.00000000E+00       0.00000000E+00       0.00000000E+00       0.00000000E+00       0.00000000E+00       0.00000000E+00       0.00000000E+00       0.00000000E+00       0.00000000E+00       0.00000000E+00       0.00000000E+00       0.00000000E+00       0.00000000E+00       0.00000000E+00
      0.40881304E+02       0.00000000E+00       0.00000000E+00       0.00000000E+00       0.00000000E+00       0.00000000E+00       0.00000000E+00       0.00000000E+00       0.00000000E+00       0.00000000E+00       0.00000000E+00       0.00000000E+00       0.00000000E+00       0.00000000E+00       0.00000000E+00       0.00000000E+00       0.00000000E+00       0.00000000E+00       0.00000000E+00       0.00000000E+00       0.00000000E+00       0.00000000E+00       0.00000000E+00       0.00000000E+00       0.00000000E+00       0.00000000E+00       0.00000000E+00       0.00000000E+00
      0.40984378E+02       0.00000000E+00       0.00000000E+00       0.00000000E+00       0.00000000E+00       0.00000000E+00       0.00000000E+00       0.00000000E+00       0.00000000E+00       0.00000000E+00       0.00000000E+00       0.00000000E+00       0.00000000E+00       0.00000000E+00       0.00000000E+00       0.00000000E+00       0.00000000E+00       0.00000000E+00       0.00000000E+00       0.00000000E+00       0.00000000E+00       0.00000000E+00       0.00000000E+00       0.00000000E+00       0.00000000E+00       0.00000000E+00       0.00000000E+00       0.00000000E+00
      0.41087451E+02       0.00000000E+00       0.00000000E+00       0.00000000E+00       0.00000000E+00       0.00000000E+00       0.00000000E+00       0.00000000E+00       0.00000000E+00       0.00000000E+00       0.00000000E+00       0.00000000E+00       0.00000000E+00       0.00000000E+00       0.00000000E+00       0.00000000E+00       0.00000000E+00       0.00000000E+00       0.00000000E+00       0.00000000E+00       0.00000000E+00       0.00000000E+00       0.00000000E+00       0.00000000E+00       0.00000000E+00       0.00000000E+00       0.00000000E+00       0.00000000E+00
      0.41190525E+02       0.00000000E+00       0.00000000E+00       0.00000000E+00       0.00000000E+00       0.00000000E+00       0.00000000E+00       0.00000000E+00       0.00000000E+00       0.00000000E+00       0.00000000E+00       0.00000000E+00       0.00000000E+00       0.00000000E+00       0.00000000E+00       0.00000000E+00       0.00000000E+00       0.00000000E+00       0.00000000E+00       0.00000000E+00       0.00000000E+00       0.00000000E+00       0.00000000E+00       0.00000000E+00       0.00000000E+00       0.00000000E+00       0.00000000E+00       0.00000000E+00
      0.41293598E+02       0.00000000E+00       0.00000000E+00       0.00000000E+00       0.00000000E+00       0.00000000E+00       0.00000000E+00       0.00000000E+00       0.00000000E+00       0.00000000E+00       0.00000000E+00       0.00000000E+00       0.00000000E+00       0.00000000E+00       0.00000000E+00       0.00000000E+00       0.00000000E+00       0.00000000E+00       0.00000000E+00       0.00000000E+00       0.00000000E+00       0.00000000E+00       0.00000000E+00       0.00000000E+00       0.00000000E+00       0.00000000E+00       0.00000000E+00       0.00000000E+00
      0.41396672E+02       0.00000000E+00       0.00000000E+00       0.00000000E+00       0.00000000E+00       0.00000000E+00       0.00000000E+00       0.00000000E+00       0.00000000E+00       0.00000000E+00       0.00000000E+00       0.00000000E+00       0.00000000E+00       0.00000000E+00       0.00000000E+00       0.00000000E+00       0.00000000E+00       0.00000000E+00       0.00000000E+00       0.00000000E+00       0.00000000E+00       0.00000000E+00       0.00000000E+00       0.00000000E+00       0.00000000E+00       0.00000000E+00       0.00000000E+00       0.00000000E+00
      0.41499745E+02       0.00000000E+00       0.00000000E+00       0.00000000E+00       0.00000000E+00       0.00000000E+00       0.00000000E+00       0.00000000E+00       0.00000000E+00       0.00000000E+00       0.00000000E+00       0.00000000E+00       0.00000000E+00       0.00000000E+00       0.00000000E+00       0.00000000E+00       0.00000000E+00       0.00000000E+00       0.00000000E+00       0.00000000E+00       0.00000000E+00       0.00000000E+00       0.00000000E+00       0.00000000E+00       0.00000000E+00       0.00000000E+00       0.00000000E+00       0.00000000E+00
      0.41602818E+02       0.00000000E+00       0.00000000E+00       0.00000000E+00       0.00000000E+00       0.00000000E+00       0.00000000E+00       0.00000000E+00       0.00000000E+00       0.00000000E+00       0.00000000E+00       0.00000000E+00       0.00000000E+00       0.00000000E+00       0.00000000E+00       0.00000000E+00       0.00000000E+00       0.00000000E+00       0.00000000E+00       0.00000000E+00       0.00000000E+00       0.00000000E+00       0.00000000E+00       0.00000000E+00       0.00000000E+00       0.00000000E+00       0.00000000E+00       0.00000000E+00
      0.41705892E+02       0.00000000E+00       0.00000000E+00       0.00000000E+00       0.00000000E+00       0.00000000E+00       0.00000000E+00       0.00000000E+00       0.00000000E+00       0.00000000E+00       0.00000000E+00       0.00000000E+00       0.00000000E+00       0.00000000E+00       0.00000000E+00       0.00000000E+00       0.00000000E+00       0.00000000E+00       0.00000000E+00       0.00000000E+00       0.00000000E+00       0.00000000E+00       0.00000000E+00       0.00000000E+00       0.00000000E+00       0.00000000E+00       0.00000000E+00       0.00000000E+00
      0.41808965E+02       0.00000000E+00       0.00000000E+00       0.00000000E+00       0.00000000E+00       0.00000000E+00       0.00000000E+00       0.00000000E+00       0.00000000E+00       0.00000000E+00       0.00000000E+00       0.00000000E+00       0.00000000E+00       0.00000000E+00       0.00000000E+00       0.00000000E+00       0.00000000E+00       0.00000000E+00       0.00000000E+00       0.00000000E+00       0.00000000E+00       0.00000000E+00       0.00000000E+00       0.00000000E+00       0.00000000E+00       0.00000000E+00       0.00000000E+00       0.00000000E+00
      0.41912039E+02       0.00000000E+00       0.00000000E+00       0.00000000E+00       0.00000000E+00       0.00000000E+00       0.00000000E+00       0.00000000E+00       0.00000000E+00       0.00000000E+00       0.00000000E+00       0.00000000E+00       0.00000000E+00       0.00000000E+00       0.00000000E+00       0.00000000E+00       0.00000000E+00       0.00000000E+00       0.00000000E+00       0.00000000E+00       0.00000000E+00       0.00000000E+00       0.00000000E+00       0.00000000E+00       0.00000000E+00       0.00000000E+00       0.00000000E+00       0.00000000E+00
      0.42015112E+02       0.00000000E+00       0.00000000E+00       0.00000000E+00       0.00000000E+00       0.00000000E+00       0.00000000E+00       0.00000000E+00       0.00000000E+00       0.00000000E+00       0.00000000E+00       0.00000000E+00       0.00000000E+00       0.00000000E+00       0.00000000E+00       0.00000000E+00       0.00000000E+00       0.00000000E+00       0.00000000E+00       0.00000000E+00       0.00000000E+00       0.00000000E+00       0.00000000E+00       0.00000000E+00       0.00000000E+00       0.00000000E+00       0.00000000E+00       0.00000000E+00
      0.42118186E+02       0.00000000E+00       0.00000000E+00       0.00000000E+00       0.00000000E+00       0.00000000E+00       0.00000000E+00       0.00000000E+00       0.00000000E+00       0.00000000E+00       0.00000000E+00       0.00000000E+00       0.00000000E+00       0.00000000E+00       0.00000000E+00       0.00000000E+00       0.00000000E+00       0.00000000E+00       0.00000000E+00       0.00000000E+00       0.00000000E+00       0.00000000E+00       0.00000000E+00       0.00000000E+00       0.00000000E+00       0.00000000E+00       0.00000000E+00       0.00000000E+00
      0.42221259E+02       0.00000000E+00       0.00000000E+00       0.00000000E+00       0.00000000E+00       0.00000000E+00       0.00000000E+00       0.00000000E+00       0.00000000E+00       0.00000000E+00       0.00000000E+00       0.00000000E+00       0.00000000E+00       0.00000000E+00       0.00000000E+00       0.00000000E+00       0.00000000E+00       0.00000000E+00       0.00000000E+00       0.00000000E+00       0.00000000E+00       0.00000000E+00       0.00000000E+00       0.00000000E+00       0.00000000E+00       0.00000000E+00       0.00000000E+00       0.00000000E+00
      0.42324332E+02       0.00000000E+00       0.00000000E+00       0.00000000E+00       0.00000000E+00       0.00000000E+00       0.00000000E+00       0.00000000E+00       0.00000000E+00       0.00000000E+00       0.00000000E+00       0.00000000E+00       0.00000000E+00       0.00000000E+00       0.00000000E+00       0.00000000E+00       0.00000000E+00       0.00000000E+00       0.00000000E+00       0.00000000E+00       0.00000000E+00       0.00000000E+00       0.00000000E+00       0.00000000E+00       0.00000000E+00       0.00000000E+00       0.00000000E+00       0.00000000E+00
      0.42427406E+02       0.00000000E+00       0.00000000E+00       0.00000000E+00       0.00000000E+00       0.00000000E+00       0.00000000E+00       0.00000000E+00       0.00000000E+00       0.00000000E+00       0.00000000E+00       0.00000000E+00       0.00000000E+00       0.00000000E+00       0.00000000E+00       0.00000000E+00       0.00000000E+00       0.00000000E+00       0.00000000E+00       0.00000000E+00       0.00000000E+00       0.00000000E+00       0.00000000E+00       0.00000000E+00       0.00000000E+00       0.00000000E+00       0.00000000E+00       0.00000000E+00
      0.42530479E+02       0.00000000E+00       0.00000000E+00       0.00000000E+00       0.00000000E+00       0.00000000E+00       0.00000000E+00       0.00000000E+00       0.00000000E+00       0.00000000E+00       0.00000000E+00       0.00000000E+00       0.00000000E+00       0.00000000E+00       0.00000000E+00       0.00000000E+00       0.00000000E+00       0.00000000E+00       0.00000000E+00       0.00000000E+00       0.00000000E+00       0.00000000E+00       0.00000000E+00       0.00000000E+00       0.00000000E+00       0.00000000E+00       0.00000000E+00       0.00000000E+00
      0.42633553E+02       0.00000000E+00       0.00000000E+00       0.00000000E+00       0.00000000E+00       0.00000000E+00       0.00000000E+00       0.00000000E+00       0.00000000E+00       0.00000000E+00       0.00000000E+00       0.00000000E+00       0.00000000E+00       0.00000000E+00       0.00000000E+00       0.00000000E+00       0.00000000E+00       0.00000000E+00       0.00000000E+00       0.00000000E+00       0.00000000E+00       0.00000000E+00       0.00000000E+00       0.00000000E+00       0.00000000E+00       0.00000000E+00       0.00000000E+00       0.00000000E+00
      0.42736626E+02       0.00000000E+00       0.00000000E+00       0.00000000E+00       0.00000000E+00       0.00000000E+00       0.00000000E+00       0.00000000E+00       0.00000000E+00       0.00000000E+00       0.00000000E+00       0.00000000E+00       0.00000000E+00       0.00000000E+00       0.00000000E+00       0.00000000E+00       0.00000000E+00       0.00000000E+00       0.00000000E+00       0.00000000E+00       0.00000000E+00       0.00000000E+00       0.00000000E+00       0.00000000E+00       0.00000000E+00       0.00000000E+00       0.00000000E+00       0.00000000E+00
      0.42839700E+02       0.00000000E+00       0.00000000E+00       0.00000000E+00       0.00000000E+00       0.00000000E+00       0.00000000E+00       0.00000000E+00       0.00000000E+00       0.00000000E+00       0.00000000E+00       0.00000000E+00       0.00000000E+00       0.00000000E+00       0.00000000E+00       0.00000000E+00       0.00000000E+00       0.00000000E+00       0.00000000E+00       0.00000000E+00       0.00000000E+00       0.00000000E+00       0.00000000E+00       0.00000000E+00       0.00000000E+00       0.00000000E+00       0.00000000E+00       0.00000000E+00
      0.42942773E+02       0.00000000E+00       0.00000000E+00       0.00000000E+00       0.00000000E+00       0.00000000E+00       0.00000000E+00       0.00000000E+00       0.00000000E+00       0.00000000E+00       0.00000000E+00       0.00000000E+00       0.00000000E+00       0.00000000E+00       0.00000000E+00       0.00000000E+00       0.00000000E+00       0.00000000E+00       0.00000000E+00       0.00000000E+00       0.00000000E+00       0.00000000E+00       0.00000000E+00       0.00000000E+00       0.00000000E+00       0.00000000E+00       0.00000000E+00       0.00000000E+00
      0.43045846E+02       0.00000000E+00       0.00000000E+00       0.00000000E+00       0.00000000E+00       0.00000000E+00       0.00000000E+00       0.00000000E+00       0.00000000E+00       0.00000000E+00       0.00000000E+00       0.00000000E+00       0.00000000E+00       0.00000000E+00       0.00000000E+00       0.00000000E+00       0.00000000E+00       0.00000000E+00       0.00000000E+00       0.00000000E+00       0.00000000E+00       0.00000000E+00       0.00000000E+00       0.00000000E+00       0.00000000E+00       0.00000000E+00       0.00000000E+00       0.00000000E+00
      0.43148920E+02       0.00000000E+00       0.00000000E+00       0.00000000E+00       0.00000000E+00       0.00000000E+00       0.00000000E+00       0.00000000E+00       0.00000000E+00       0.00000000E+00       0.00000000E+00       0.00000000E+00       0.00000000E+00       0.00000000E+00       0.00000000E+00       0.00000000E+00       0.00000000E+00       0.00000000E+00       0.00000000E+00       0.00000000E+00       0.00000000E+00       0.00000000E+00       0.00000000E+00       0.00000000E+00       0.00000000E+00       0.00000000E+00       0.00000000E+00       0.00000000E+00
      0.43251993E+02       0.00000000E+00       0.00000000E+00       0.00000000E+00       0.00000000E+00       0.00000000E+00       0.00000000E+00       0.00000000E+00       0.00000000E+00       0.00000000E+00       0.00000000E+00       0.00000000E+00       0.00000000E+00       0.00000000E+00       0.00000000E+00       0.00000000E+00       0.00000000E+00       0.00000000E+00       0.00000000E+00       0.00000000E+00       0.00000000E+00       0.00000000E+00       0.00000000E+00       0.00000000E+00       0.00000000E+00       0.00000000E+00       0.00000000E+00       0.00000000E+00
      0.43355067E+02       0.00000000E+00       0.00000000E+00       0.00000000E+00       0.00000000E+00       0.00000000E+00       0.00000000E+00       0.00000000E+00       0.00000000E+00       0.00000000E+00       0.00000000E+00       0.00000000E+00       0.00000000E+00       0.00000000E+00       0.00000000E+00       0.00000000E+00       0.00000000E+00       0.00000000E+00       0.00000000E+00       0.00000000E+00       0.00000000E+00       0.00000000E+00       0.00000000E+00       0.00000000E+00       0.00000000E+00       0.00000000E+00       0.00000000E+00       0.00000000E+00
      0.43458140E+02       0.00000000E+00       0.00000000E+00       0.00000000E+00       0.00000000E+00       0.00000000E+00       0.00000000E+00       0.00000000E+00       0.00000000E+00       0.00000000E+00       0.00000000E+00       0.00000000E+00       0.00000000E+00       0.00000000E+00       0.00000000E+00       0.00000000E+00       0.00000000E+00       0.00000000E+00       0.00000000E+00       0.00000000E+00       0.00000000E+00       0.00000000E+00       0.00000000E+00       0.00000000E+00       0.00000000E+00       0.00000000E+00       0.00000000E+00       0.00000000E+00
      0.43561214E+02       0.00000000E+00       0.00000000E+00       0.00000000E+00       0.00000000E+00       0.00000000E+00       0.00000000E+00       0.00000000E+00       0.00000000E+00       0.00000000E+00       0.00000000E+00       0.00000000E+00       0.00000000E+00       0.00000000E+00       0.00000000E+00       0.00000000E+00       0.00000000E+00       0.00000000E+00       0.00000000E+00       0.00000000E+00       0.00000000E+00       0.00000000E+00       0.00000000E+00       0.00000000E+00       0.00000000E+00       0.00000000E+00       0.00000000E+00       0.00000000E+00
      0.43664287E+02       0.00000000E+00       0.00000000E+00       0.00000000E+00       0.00000000E+00       0.00000000E+00       0.00000000E+00       0.00000000E+00       0.00000000E+00       0.00000000E+00       0.00000000E+00       0.00000000E+00       0.00000000E+00       0.00000000E+00       0.00000000E+00       0.00000000E+00       0.00000000E+00       0.00000000E+00       0.00000000E+00       0.00000000E+00       0.00000000E+00       0.00000000E+00       0.00000000E+00       0.00000000E+00       0.00000000E+00       0.00000000E+00       0.00000000E+00       0.00000000E+00
      0.43767360E+02       0.00000000E+00       0.00000000E+00       0.00000000E+00       0.00000000E+00       0.00000000E+00       0.00000000E+00       0.00000000E+00       0.00000000E+00       0.00000000E+00       0.00000000E+00       0.00000000E+00       0.00000000E+00       0.00000000E+00       0.00000000E+00       0.00000000E+00       0.00000000E+00       0.00000000E+00       0.00000000E+00       0.00000000E+00       0.00000000E+00       0.00000000E+00       0.00000000E+00       0.00000000E+00       0.00000000E+00       0.00000000E+00       0.00000000E+00       0.00000000E+00
      0.43870434E+02       0.00000000E+00       0.00000000E+00       0.00000000E+00       0.00000000E+00       0.00000000E+00       0.00000000E+00       0.00000000E+00       0.00000000E+00       0.00000000E+00       0.00000000E+00       0.00000000E+00       0.00000000E+00       0.00000000E+00       0.00000000E+00       0.00000000E+00       0.00000000E+00       0.00000000E+00       0.00000000E+00       0.00000000E+00       0.00000000E+00       0.00000000E+00       0.00000000E+00       0.00000000E+00       0.00000000E+00       0.00000000E+00       0.00000000E+00       0.00000000E+00
      0.43973507E+02       0.00000000E+00       0.00000000E+00       0.00000000E+00       0.00000000E+00       0.00000000E+00       0.00000000E+00       0.00000000E+00       0.00000000E+00       0.00000000E+00       0.00000000E+00       0.00000000E+00       0.00000000E+00       0.00000000E+00       0.00000000E+00       0.00000000E+00       0.00000000E+00       0.00000000E+00       0.00000000E+00       0.00000000E+00       0.00000000E+00       0.00000000E+00       0.00000000E+00       0.00000000E+00       0.00000000E+00       0.00000000E+00       0.00000000E+00       0.00000000E+00
      0.44076581E+02       0.00000000E+00       0.00000000E+00       0.00000000E+00       0.00000000E+00       0.00000000E+00       0.00000000E+00       0.00000000E+00       0.00000000E+00       0.00000000E+00       0.00000000E+00       0.00000000E+00       0.00000000E+00       0.00000000E+00       0.00000000E+00       0.00000000E+00       0.00000000E+00       0.00000000E+00       0.00000000E+00       0.00000000E+00       0.00000000E+00       0.00000000E+00       0.00000000E+00       0.00000000E+00       0.00000000E+00       0.00000000E+00       0.00000000E+00       0.00000000E+00
      0.44179654E+02       0.00000000E+00       0.00000000E+00       0.00000000E+00       0.00000000E+00       0.00000000E+00       0.00000000E+00       0.00000000E+00       0.00000000E+00       0.00000000E+00       0.00000000E+00       0.00000000E+00       0.00000000E+00       0.00000000E+00       0.00000000E+00       0.00000000E+00       0.00000000E+00       0.00000000E+00       0.00000000E+00       0.00000000E+00       0.00000000E+00       0.00000000E+00       0.00000000E+00       0.00000000E+00       0.00000000E+00       0.00000000E+00       0.00000000E+00       0.00000000E+00
      0.44282728E+02       0.00000000E+00       0.00000000E+00       0.00000000E+00       0.00000000E+00       0.00000000E+00       0.00000000E+00       0.00000000E+00       0.00000000E+00       0.00000000E+00       0.00000000E+00       0.00000000E+00       0.00000000E+00       0.00000000E+00       0.00000000E+00       0.00000000E+00       0.00000000E+00       0.00000000E+00       0.00000000E+00       0.00000000E+00       0.00000000E+00       0.00000000E+00       0.00000000E+00       0.00000000E+00       0.00000000E+00       0.00000000E+00       0.00000000E+00       0.00000000E+00
      0.44385801E+02       0.00000000E+00       0.00000000E+00       0.00000000E+00       0.00000000E+00       0.00000000E+00       0.00000000E+00       0.00000000E+00       0.00000000E+00       0.00000000E+00       0.00000000E+00       0.00000000E+00       0.00000000E+00       0.00000000E+00       0.00000000E+00       0.00000000E+00       0.00000000E+00       0.00000000E+00       0.00000000E+00       0.00000000E+00       0.00000000E+00       0.00000000E+00       0.00000000E+00       0.00000000E+00       0.00000000E+00       0.00000000E+00       0.00000000E+00       0.00000000E+00
      0.44488875E+02       0.00000000E+00       0.00000000E+00       0.00000000E+00       0.00000000E+00       0.00000000E+00       0.00000000E+00       0.00000000E+00       0.00000000E+00       0.00000000E+00       0.00000000E+00       0.00000000E+00       0.00000000E+00       0.00000000E+00       0.00000000E+00       0.00000000E+00       0.00000000E+00       0.00000000E+00       0.00000000E+00       0.00000000E+00       0.00000000E+00       0.00000000E+00       0.00000000E+00       0.00000000E+00       0.00000000E+00       0.00000000E+00       0.00000000E+00       0.00000000E+00
      0.44591948E+02       0.00000000E+00       0.00000000E+00       0.00000000E+00       0.00000000E+00       0.00000000E+00       0.00000000E+00       0.00000000E+00       0.00000000E+00       0.00000000E+00       0.00000000E+00       0.00000000E+00       0.00000000E+00       0.00000000E+00       0.00000000E+00       0.00000000E+00       0.00000000E+00       0.00000000E+00       0.00000000E+00       0.00000000E+00       0.00000000E+00       0.00000000E+00       0.00000000E+00       0.00000000E+00       0.00000000E+00       0.00000000E+00       0.00000000E+00       0.00000000E+00
      0.44695021E+02       0.00000000E+00       0.00000000E+00       0.00000000E+00       0.00000000E+00       0.00000000E+00       0.00000000E+00       0.00000000E+00       0.00000000E+00       0.00000000E+00       0.00000000E+00       0.00000000E+00       0.00000000E+00       0.00000000E+00       0.00000000E+00       0.00000000E+00       0.00000000E+00       0.00000000E+00       0.00000000E+00       0.00000000E+00       0.00000000E+00       0.00000000E+00       0.00000000E+00       0.00000000E+00       0.00000000E+00       0.00000000E+00       0.00000000E+00       0.00000000E+00
      0.44798095E+02       0.00000000E+00       0.00000000E+00       0.00000000E+00       0.00000000E+00       0.00000000E+00       0.00000000E+00       0.00000000E+00       0.00000000E+00       0.00000000E+00       0.00000000E+00       0.00000000E+00       0.00000000E+00       0.00000000E+00       0.00000000E+00       0.00000000E+00       0.00000000E+00       0.00000000E+00       0.00000000E+00       0.00000000E+00       0.00000000E+00       0.00000000E+00       0.00000000E+00       0.00000000E+00       0.00000000E+00       0.00000000E+00       0.00000000E+00       0.00000000E+00
      0.44901168E+02       0.00000000E+00       0.00000000E+00       0.00000000E+00       0.00000000E+00       0.00000000E+00       0.00000000E+00       0.00000000E+00       0.00000000E+00       0.00000000E+00       0.00000000E+00       0.00000000E+00       0.00000000E+00       0.00000000E+00       0.00000000E+00       0.00000000E+00       0.00000000E+00       0.00000000E+00       0.00000000E+00       0.00000000E+00       0.00000000E+00       0.00000000E+00       0.00000000E+00       0.00000000E+00       0.00000000E+00       0.00000000E+00       0.00000000E+00       0.00000000E+00
      0.45004242E+02       0.00000000E+00       0.00000000E+00       0.00000000E+00       0.00000000E+00       0.00000000E+00       0.00000000E+00       0.00000000E+00       0.00000000E+00       0.00000000E+00       0.00000000E+00       0.00000000E+00       0.00000000E+00       0.00000000E+00       0.00000000E+00       0.00000000E+00       0.00000000E+00       0.00000000E+00       0.00000000E+00       0.00000000E+00       0.00000000E+00       0.00000000E+00       0.00000000E+00       0.00000000E+00       0.00000000E+00       0.00000000E+00       0.00000000E+00       0.00000000E+00
      0.45107315E+02       0.00000000E+00       0.00000000E+00       0.00000000E+00       0.00000000E+00       0.00000000E+00       0.00000000E+00       0.00000000E+00       0.00000000E+00       0.00000000E+00       0.00000000E+00       0.00000000E+00       0.00000000E+00       0.00000000E+00       0.00000000E+00       0.00000000E+00       0.00000000E+00       0.00000000E+00       0.00000000E+00       0.00000000E+00       0.00000000E+00       0.00000000E+00       0.00000000E+00       0.00000000E+00       0.00000000E+00       0.00000000E+00       0.00000000E+00       0.00000000E+00
      0.45210389E+02       0.00000000E+00       0.00000000E+00       0.00000000E+00       0.00000000E+00       0.00000000E+00       0.00000000E+00       0.00000000E+00       0.00000000E+00       0.00000000E+00       0.00000000E+00       0.00000000E+00       0.00000000E+00       0.00000000E+00       0.00000000E+00       0.00000000E+00       0.00000000E+00       0.00000000E+00       0.00000000E+00       0.00000000E+00       0.00000000E+00       0.00000000E+00       0.00000000E+00       0.00000000E+00       0.00000000E+00       0.00000000E+00       0.00000000E+00       0.00000000E+00
      0.45313462E+02       0.00000000E+00       0.00000000E+00       0.00000000E+00       0.00000000E+00       0.00000000E+00       0.00000000E+00       0.00000000E+00       0.00000000E+00       0.00000000E+00       0.00000000E+00       0.00000000E+00       0.00000000E+00       0.00000000E+00       0.00000000E+00       0.00000000E+00       0.00000000E+00       0.00000000E+00       0.00000000E+00       0.00000000E+00       0.00000000E+00       0.00000000E+00       0.00000000E+00       0.00000000E+00       0.00000000E+00       0.00000000E+00       0.00000000E+00       0.00000000E+00
      0.45416535E+02       0.00000000E+00       0.00000000E+00       0.00000000E+00       0.00000000E+00       0.00000000E+00       0.00000000E+00       0.00000000E+00       0.00000000E+00       0.00000000E+00       0.00000000E+00       0.00000000E+00       0.00000000E+00       0.00000000E+00       0.00000000E+00       0.00000000E+00       0.00000000E+00       0.00000000E+00       0.00000000E+00       0.00000000E+00       0.00000000E+00       0.00000000E+00       0.00000000E+00       0.00000000E+00       0.00000000E+00       0.00000000E+00       0.00000000E+00       0.00000000E+00
      0.45519609E+02       0.00000000E+00       0.00000000E+00       0.00000000E+00       0.00000000E+00       0.00000000E+00       0.00000000E+00       0.00000000E+00       0.00000000E+00       0.00000000E+00       0.00000000E+00       0.00000000E+00       0.00000000E+00       0.00000000E+00       0.00000000E+00       0.00000000E+00       0.00000000E+00       0.00000000E+00       0.00000000E+00       0.00000000E+00       0.00000000E+00       0.00000000E+00       0.00000000E+00       0.00000000E+00       0.00000000E+00       0.00000000E+00       0.00000000E+00       0.00000000E+00
      0.45622682E+02       0.00000000E+00       0.00000000E+00       0.00000000E+00       0.00000000E+00       0.00000000E+00       0.00000000E+00       0.00000000E+00       0.00000000E+00       0.00000000E+00       0.00000000E+00       0.00000000E+00       0.00000000E+00       0.00000000E+00       0.00000000E+00       0.00000000E+00       0.00000000E+00       0.00000000E+00       0.00000000E+00       0.00000000E+00       0.00000000E+00       0.00000000E+00       0.00000000E+00       0.00000000E+00       0.00000000E+00       0.00000000E+00       0.00000000E+00       0.00000000E+00
      0.45725756E+02       0.00000000E+00       0.00000000E+00       0.00000000E+00       0.00000000E+00       0.00000000E+00       0.00000000E+00       0.00000000E+00       0.00000000E+00       0.00000000E+00       0.00000000E+00       0.00000000E+00       0.00000000E+00       0.00000000E+00       0.00000000E+00       0.00000000E+00       0.00000000E+00       0.00000000E+00       0.00000000E+00       0.00000000E+00       0.00000000E+00       0.00000000E+00       0.00000000E+00       0.00000000E+00       0.00000000E+00       0.00000000E+00       0.00000000E+00       0.00000000E+00
      0.45828829E+02       0.00000000E+00       0.00000000E+00       0.00000000E+00       0.00000000E+00       0.00000000E+00       0.00000000E+00       0.00000000E+00       0.00000000E+00       0.00000000E+00       0.00000000E+00       0.00000000E+00       0.00000000E+00       0.00000000E+00       0.00000000E+00       0.00000000E+00       0.00000000E+00       0.00000000E+00       0.00000000E+00       0.00000000E+00       0.00000000E+00       0.00000000E+00       0.00000000E+00       0.00000000E+00       0.00000000E+00       0.00000000E+00       0.00000000E+00       0.00000000E+00
      0.45931903E+02       0.00000000E+00       0.00000000E+00       0.00000000E+00       0.00000000E+00       0.00000000E+00       0.00000000E+00       0.00000000E+00       0.00000000E+00       0.00000000E+00       0.00000000E+00       0.00000000E+00       0.00000000E+00       0.00000000E+00       0.00000000E+00       0.00000000E+00       0.00000000E+00       0.00000000E+00       0.00000000E+00       0.00000000E+00       0.00000000E+00       0.00000000E+00       0.00000000E+00       0.00000000E+00       0.00000000E+00       0.00000000E+00       0.00000000E+00       0.00000000E+00
      0.46034976E+02       0.00000000E+00       0.00000000E+00       0.00000000E+00       0.00000000E+00       0.00000000E+00       0.00000000E+00       0.00000000E+00       0.00000000E+00       0.00000000E+00       0.00000000E+00       0.00000000E+00       0.00000000E+00       0.00000000E+00       0.00000000E+00       0.00000000E+00       0.00000000E+00       0.00000000E+00       0.00000000E+00       0.00000000E+00       0.00000000E+00       0.00000000E+00       0.00000000E+00       0.00000000E+00       0.00000000E+00       0.00000000E+00       0.00000000E+00       0.00000000E+00
      0.46138049E+02       0.00000000E+00       0.00000000E+00       0.00000000E+00       0.00000000E+00       0.00000000E+00       0.00000000E+00       0.00000000E+00       0.00000000E+00       0.00000000E+00       0.00000000E+00       0.00000000E+00       0.00000000E+00       0.00000000E+00       0.00000000E+00       0.00000000E+00       0.00000000E+00       0.00000000E+00       0.00000000E+00       0.00000000E+00       0.00000000E+00       0.00000000E+00       0.00000000E+00       0.00000000E+00       0.00000000E+00       0.00000000E+00       0.00000000E+00       0.00000000E+00
      0.46241123E+02       0.00000000E+00       0.00000000E+00       0.00000000E+00       0.00000000E+00       0.00000000E+00       0.00000000E+00       0.00000000E+00       0.00000000E+00       0.00000000E+00       0.00000000E+00       0.00000000E+00       0.00000000E+00       0.00000000E+00       0.00000000E+00       0.00000000E+00       0.00000000E+00       0.00000000E+00       0.00000000E+00       0.00000000E+00       0.00000000E+00       0.00000000E+00       0.00000000E+00       0.00000000E+00       0.00000000E+00       0.00000000E+00       0.00000000E+00       0.00000000E+00
      0.46344196E+02       0.00000000E+00       0.00000000E+00       0.00000000E+00       0.00000000E+00       0.00000000E+00       0.00000000E+00       0.00000000E+00       0.00000000E+00       0.00000000E+00       0.00000000E+00       0.00000000E+00       0.00000000E+00       0.00000000E+00       0.00000000E+00       0.00000000E+00       0.00000000E+00       0.00000000E+00       0.00000000E+00       0.00000000E+00       0.00000000E+00       0.00000000E+00       0.00000000E+00       0.00000000E+00       0.00000000E+00       0.00000000E+00       0.00000000E+00       0.00000000E+00
      0.46447270E+02       0.00000000E+00       0.00000000E+00       0.00000000E+00       0.00000000E+00       0.00000000E+00       0.00000000E+00       0.00000000E+00       0.00000000E+00       0.00000000E+00       0.00000000E+00       0.00000000E+00       0.00000000E+00       0.00000000E+00       0.00000000E+00       0.00000000E+00       0.00000000E+00       0.00000000E+00       0.00000000E+00       0.00000000E+00       0.00000000E+00       0.00000000E+00       0.00000000E+00       0.00000000E+00       0.00000000E+00       0.00000000E+00       0.00000000E+00       0.00000000E+00
      0.46550343E+02       0.00000000E+00       0.00000000E+00       0.00000000E+00       0.00000000E+00       0.00000000E+00       0.00000000E+00       0.00000000E+00       0.00000000E+00       0.00000000E+00       0.00000000E+00       0.00000000E+00       0.00000000E+00       0.00000000E+00       0.00000000E+00       0.00000000E+00       0.00000000E+00       0.00000000E+00       0.00000000E+00       0.00000000E+00       0.00000000E+00       0.00000000E+00       0.00000000E+00       0.00000000E+00       0.00000000E+00       0.00000000E+00       0.00000000E+00       0.00000000E+00
      0.46653417E+02       0.00000000E+00       0.00000000E+00       0.00000000E+00       0.00000000E+00       0.00000000E+00       0.00000000E+00       0.00000000E+00       0.00000000E+00       0.00000000E+00       0.00000000E+00       0.00000000E+00       0.00000000E+00       0.00000000E+00       0.00000000E+00       0.00000000E+00       0.00000000E+00       0.00000000E+00       0.00000000E+00       0.00000000E+00       0.00000000E+00       0.00000000E+00       0.00000000E+00       0.00000000E+00       0.00000000E+00       0.00000000E+00       0.00000000E+00       0.00000000E+00
      0.46756490E+02       0.00000000E+00       0.00000000E+00       0.00000000E+00       0.00000000E+00       0.00000000E+00       0.00000000E+00       0.00000000E+00       0.00000000E+00       0.00000000E+00       0.00000000E+00       0.00000000E+00       0.00000000E+00       0.00000000E+00       0.00000000E+00       0.00000000E+00       0.00000000E+00       0.00000000E+00       0.00000000E+00       0.00000000E+00       0.00000000E+00       0.00000000E+00       0.00000000E+00       0.00000000E+00       0.00000000E+00       0.00000000E+00       0.00000000E+00       0.00000000E+00
      0.46859563E+02       0.00000000E+00       0.00000000E+00       0.00000000E+00       0.00000000E+00       0.00000000E+00       0.00000000E+00       0.00000000E+00       0.00000000E+00       0.00000000E+00       0.00000000E+00       0.00000000E+00       0.00000000E+00       0.00000000E+00       0.00000000E+00       0.00000000E+00       0.00000000E+00       0.00000000E+00       0.00000000E+00       0.00000000E+00       0.00000000E+00       0.00000000E+00       0.00000000E+00       0.00000000E+00       0.00000000E+00       0.00000000E+00       0.00000000E+00       0.00000000E+00
      0.46962637E+02       0.00000000E+00       0.00000000E+00       0.00000000E+00       0.00000000E+00       0.00000000E+00       0.00000000E+00       0.00000000E+00       0.00000000E+00       0.00000000E+00       0.00000000E+00       0.00000000E+00       0.00000000E+00       0.00000000E+00       0.00000000E+00       0.00000000E+00       0.00000000E+00       0.00000000E+00       0.00000000E+00       0.00000000E+00       0.00000000E+00       0.00000000E+00       0.00000000E+00       0.00000000E+00       0.00000000E+00       0.00000000E+00       0.00000000E+00       0.00000000E+00
      0.47065710E+02       0.00000000E+00       0.00000000E+00       0.00000000E+00       0.00000000E+00       0.00000000E+00       0.00000000E+00       0.00000000E+00       0.00000000E+00       0.00000000E+00       0.00000000E+00       0.00000000E+00       0.00000000E+00       0.00000000E+00       0.00000000E+00       0.00000000E+00       0.00000000E+00       0.00000000E+00       0.00000000E+00       0.00000000E+00       0.00000000E+00       0.00000000E+00       0.00000000E+00       0.00000000E+00       0.00000000E+00       0.00000000E+00       0.00000000E+00       0.00000000E+00
      0.47168784E+02       0.00000000E+00       0.00000000E+00       0.00000000E+00       0.00000000E+00       0.00000000E+00       0.00000000E+00       0.00000000E+00       0.00000000E+00       0.00000000E+00       0.00000000E+00       0.00000000E+00       0.00000000E+00       0.00000000E+00       0.00000000E+00       0.00000000E+00       0.00000000E+00       0.00000000E+00       0.00000000E+00       0.00000000E+00       0.00000000E+00       0.00000000E+00       0.00000000E+00       0.00000000E+00       0.00000000E+00       0.00000000E+00       0.00000000E+00       0.00000000E+00
      0.47271857E+02       0.00000000E+00       0.00000000E+00       0.00000000E+00       0.00000000E+00       0.00000000E+00       0.00000000E+00       0.00000000E+00       0.00000000E+00       0.00000000E+00       0.00000000E+00       0.00000000E+00       0.00000000E+00       0.00000000E+00       0.00000000E+00       0.00000000E+00       0.00000000E+00       0.00000000E+00       0.00000000E+00       0.00000000E+00       0.00000000E+00       0.00000000E+00       0.00000000E+00       0.00000000E+00       0.00000000E+00       0.00000000E+00       0.00000000E+00       0.00000000E+00
      0.47374931E+02       0.00000000E+00       0.00000000E+00       0.00000000E+00       0.00000000E+00       0.00000000E+00       0.00000000E+00       0.00000000E+00       0.00000000E+00       0.00000000E+00       0.00000000E+00       0.00000000E+00       0.00000000E+00       0.00000000E+00       0.00000000E+00       0.00000000E+00       0.00000000E+00       0.00000000E+00       0.00000000E+00       0.00000000E+00       0.00000000E+00       0.00000000E+00       0.00000000E+00       0.00000000E+00       0.00000000E+00       0.00000000E+00       0.00000000E+00       0.00000000E+00
      0.47478004E+02       0.00000000E+00       0.00000000E+00       0.00000000E+00       0.00000000E+00       0.00000000E+00       0.00000000E+00       0.00000000E+00       0.00000000E+00       0.00000000E+00       0.00000000E+00       0.00000000E+00       0.00000000E+00       0.00000000E+00       0.00000000E+00       0.00000000E+00       0.00000000E+00       0.00000000E+00       0.00000000E+00       0.00000000E+00       0.00000000E+00       0.00000000E+00       0.00000000E+00       0.00000000E+00       0.00000000E+00       0.00000000E+00       0.00000000E+00       0.00000000E+00
      0.47581077E+02       0.00000000E+00       0.00000000E+00       0.00000000E+00       0.00000000E+00       0.00000000E+00       0.00000000E+00       0.00000000E+00       0.00000000E+00       0.00000000E+00       0.00000000E+00       0.00000000E+00       0.00000000E+00       0.00000000E+00       0.00000000E+00       0.00000000E+00       0.00000000E+00       0.00000000E+00       0.00000000E+00       0.00000000E+00       0.00000000E+00       0.00000000E+00       0.00000000E+00       0.00000000E+00       0.00000000E+00       0.00000000E+00       0.00000000E+00       0.00000000E+00
      0.47684151E+02       0.00000000E+00       0.00000000E+00       0.00000000E+00       0.00000000E+00       0.00000000E+00       0.00000000E+00       0.00000000E+00       0.00000000E+00       0.00000000E+00       0.00000000E+00       0.00000000E+00       0.00000000E+00       0.00000000E+00       0.00000000E+00       0.00000000E+00       0.00000000E+00       0.00000000E+00       0.00000000E+00       0.00000000E+00       0.00000000E+00       0.00000000E+00       0.00000000E+00       0.00000000E+00       0.00000000E+00       0.00000000E+00       0.00000000E+00       0.00000000E+00
      0.47787224E+02       0.00000000E+00       0.00000000E+00       0.00000000E+00       0.00000000E+00       0.00000000E+00       0.00000000E+00       0.00000000E+00       0.00000000E+00       0.00000000E+00       0.00000000E+00       0.00000000E+00       0.00000000E+00       0.00000000E+00       0.00000000E+00       0.00000000E+00       0.00000000E+00       0.00000000E+00       0.00000000E+00       0.00000000E+00       0.00000000E+00       0.00000000E+00       0.00000000E+00       0.00000000E+00       0.00000000E+00       0.00000000E+00       0.00000000E+00       0.00000000E+00
      0.47890298E+02       0.00000000E+00       0.00000000E+00       0.00000000E+00       0.00000000E+00       0.00000000E+00       0.00000000E+00       0.00000000E+00       0.00000000E+00       0.00000000E+00       0.00000000E+00       0.00000000E+00       0.00000000E+00       0.00000000E+00       0.00000000E+00       0.00000000E+00       0.00000000E+00       0.00000000E+00       0.00000000E+00       0.00000000E+00       0.00000000E+00       0.00000000E+00       0.00000000E+00       0.00000000E+00       0.00000000E+00       0.00000000E+00       0.00000000E+00       0.00000000E+00
      0.47993371E+02       0.00000000E+00       0.00000000E+00       0.00000000E+00       0.00000000E+00       0.00000000E+00       0.00000000E+00       0.00000000E+00       0.00000000E+00       0.00000000E+00       0.00000000E+00       0.00000000E+00       0.00000000E+00       0.00000000E+00       0.00000000E+00       0.00000000E+00       0.00000000E+00       0.00000000E+00       0.00000000E+00       0.00000000E+00       0.00000000E+00       0.00000000E+00       0.00000000E+00       0.00000000E+00       0.00000000E+00       0.00000000E+00       0.00000000E+00       0.00000000E+00
      0.48096445E+02       0.00000000E+00       0.00000000E+00       0.00000000E+00       0.00000000E+00       0.00000000E+00       0.00000000E+00       0.00000000E+00       0.00000000E+00       0.00000000E+00       0.00000000E+00       0.00000000E+00       0.00000000E+00       0.00000000E+00       0.00000000E+00       0.00000000E+00       0.00000000E+00       0.00000000E+00       0.00000000E+00       0.00000000E+00       0.00000000E+00       0.00000000E+00       0.00000000E+00       0.00000000E+00       0.00000000E+00       0.00000000E+00       0.00000000E+00       0.00000000E+00
      0.48199518E+02       0.00000000E+00       0.00000000E+00       0.00000000E+00       0.00000000E+00       0.00000000E+00       0.00000000E+00       0.00000000E+00       0.00000000E+00       0.00000000E+00       0.00000000E+00       0.00000000E+00       0.00000000E+00       0.00000000E+00       0.00000000E+00       0.00000000E+00       0.00000000E+00       0.00000000E+00       0.00000000E+00       0.00000000E+00       0.00000000E+00       0.00000000E+00       0.00000000E+00       0.00000000E+00       0.00000000E+00       0.00000000E+00       0.00000000E+00       0.00000000E+00
      0.48302592E+02       0.00000000E+00       0.00000000E+00       0.00000000E+00       0.00000000E+00       0.00000000E+00       0.00000000E+00       0.00000000E+00       0.00000000E+00       0.00000000E+00       0.00000000E+00       0.00000000E+00       0.00000000E+00       0.00000000E+00       0.00000000E+00       0.00000000E+00       0.00000000E+00       0.00000000E+00       0.00000000E+00       0.00000000E+00       0.00000000E+00       0.00000000E+00       0.00000000E+00       0.00000000E+00       0.00000000E+00       0.00000000E+00       0.00000000E+00       0.00000000E+00
      0.48405665E+02       0.00000000E+00       0.00000000E+00       0.00000000E+00       0.00000000E+00       0.00000000E+00       0.00000000E+00       0.00000000E+00       0.00000000E+00       0.00000000E+00       0.00000000E+00       0.00000000E+00       0.00000000E+00       0.00000000E+00       0.00000000E+00       0.00000000E+00       0.00000000E+00       0.00000000E+00       0.00000000E+00       0.00000000E+00       0.00000000E+00       0.00000000E+00       0.00000000E+00       0.00000000E+00       0.00000000E+00       0.00000000E+00       0.00000000E+00       0.00000000E+00
      0.48508738E+02       0.00000000E+00       0.00000000E+00       0.00000000E+00       0.00000000E+00       0.00000000E+00       0.00000000E+00       0.00000000E+00       0.00000000E+00       0.00000000E+00       0.00000000E+00       0.00000000E+00       0.00000000E+00       0.00000000E+00       0.00000000E+00       0.00000000E+00       0.00000000E+00       0.00000000E+00       0.00000000E+00       0.00000000E+00       0.00000000E+00       0.00000000E+00       0.00000000E+00       0.00000000E+00       0.00000000E+00       0.00000000E+00       0.00000000E+00       0.00000000E+00
      0.48611812E+02       0.00000000E+00       0.00000000E+00       0.00000000E+00       0.00000000E+00       0.00000000E+00       0.00000000E+00       0.00000000E+00       0.00000000E+00       0.00000000E+00       0.00000000E+00       0.00000000E+00       0.00000000E+00       0.00000000E+00       0.00000000E+00       0.00000000E+00       0.00000000E+00       0.00000000E+00       0.00000000E+00       0.00000000E+00       0.00000000E+00       0.00000000E+00       0.00000000E+00       0.00000000E+00       0.00000000E+00       0.00000000E+00       0.00000000E+00       0.00000000E+00
      0.48714885E+02       0.00000000E+00       0.00000000E+00       0.00000000E+00       0.00000000E+00       0.00000000E+00       0.00000000E+00       0.00000000E+00       0.00000000E+00       0.00000000E+00       0.00000000E+00       0.00000000E+00       0.00000000E+00       0.00000000E+00       0.00000000E+00       0.00000000E+00       0.00000000E+00       0.00000000E+00       0.00000000E+00       0.00000000E+00       0.00000000E+00       0.00000000E+00       0.00000000E+00       0.00000000E+00       0.00000000E+00       0.00000000E+00       0.00000000E+00       0.00000000E+00
      0.48817959E+02       0.00000000E+00       0.00000000E+00       0.00000000E+00       0.00000000E+00       0.00000000E+00       0.00000000E+00       0.00000000E+00       0.00000000E+00       0.00000000E+00       0.00000000E+00       0.00000000E+00       0.00000000E+00       0.00000000E+00       0.00000000E+00       0.00000000E+00       0.00000000E+00       0.00000000E+00       0.00000000E+00       0.00000000E+00       0.00000000E+00       0.00000000E+00       0.00000000E+00       0.00000000E+00       0.00000000E+00       0.00000000E+00       0.00000000E+00       0.00000000E+00
      0.48921032E+02       0.00000000E+00       0.00000000E+00       0.00000000E+00       0.00000000E+00       0.00000000E+00       0.00000000E+00       0.00000000E+00       0.00000000E+00       0.00000000E+00       0.00000000E+00       0.00000000E+00       0.00000000E+00       0.00000000E+00       0.00000000E+00       0.00000000E+00       0.00000000E+00       0.00000000E+00       0.00000000E+00       0.00000000E+00       0.00000000E+00       0.00000000E+00       0.00000000E+00       0.00000000E+00       0.00000000E+00       0.00000000E+00       0.00000000E+00       0.00000000E+00
      0.49024106E+02       0.00000000E+00       0.00000000E+00       0.00000000E+00       0.00000000E+00       0.00000000E+00       0.00000000E+00       0.00000000E+00       0.00000000E+00       0.00000000E+00       0.00000000E+00       0.00000000E+00       0.00000000E+00       0.00000000E+00       0.00000000E+00       0.00000000E+00       0.00000000E+00       0.00000000E+00       0.00000000E+00       0.00000000E+00       0.00000000E+00       0.00000000E+00       0.00000000E+00       0.00000000E+00       0.00000000E+00       0.00000000E+00       0.00000000E+00       0.00000000E+00
      0.49127179E+02       0.00000000E+00       0.00000000E+00       0.00000000E+00       0.00000000E+00       0.00000000E+00       0.00000000E+00       0.00000000E+00       0.00000000E+00       0.00000000E+00       0.00000000E+00       0.00000000E+00       0.00000000E+00       0.00000000E+00       0.00000000E+00       0.00000000E+00       0.00000000E+00       0.00000000E+00       0.00000000E+00       0.00000000E+00       0.00000000E+00       0.00000000E+00       0.00000000E+00       0.00000000E+00       0.00000000E+00       0.00000000E+00       0.00000000E+00       0.00000000E+00
      0.49230252E+02       0.00000000E+00       0.00000000E+00       0.00000000E+00       0.00000000E+00       0.00000000E+00       0.00000000E+00       0.00000000E+00       0.00000000E+00       0.00000000E+00       0.00000000E+00       0.00000000E+00       0.00000000E+00       0.00000000E+00       0.00000000E+00       0.00000000E+00       0.00000000E+00       0.00000000E+00       0.00000000E+00       0.00000000E+00       0.00000000E+00       0.00000000E+00       0.00000000E+00       0.00000000E+00       0.00000000E+00       0.00000000E+00       0.00000000E+00       0.00000000E+00
      0.49333326E+02       0.00000000E+00       0.00000000E+00       0.00000000E+00       0.00000000E+00       0.00000000E+00       0.00000000E+00       0.00000000E+00       0.00000000E+00       0.00000000E+00       0.00000000E+00       0.00000000E+00       0.00000000E+00       0.00000000E+00       0.00000000E+00       0.00000000E+00       0.00000000E+00       0.00000000E+00       0.00000000E+00       0.00000000E+00       0.00000000E+00       0.00000000E+00       0.00000000E+00       0.00000000E+00       0.00000000E+00       0.00000000E+00       0.00000000E+00       0.00000000E+00
      0.49436399E+02       0.00000000E+00       0.00000000E+00       0.00000000E+00       0.00000000E+00       0.00000000E+00       0.00000000E+00       0.00000000E+00       0.00000000E+00       0.00000000E+00       0.00000000E+00       0.00000000E+00       0.00000000E+00       0.00000000E+00       0.00000000E+00       0.00000000E+00       0.00000000E+00       0.00000000E+00       0.00000000E+00       0.00000000E+00       0.00000000E+00       0.00000000E+00       0.00000000E+00       0.00000000E+00       0.00000000E+00       0.00000000E+00       0.00000000E+00       0.00000000E+00
      0.49539473E+02       0.00000000E+00       0.00000000E+00       0.00000000E+00       0.00000000E+00       0.00000000E+00       0.00000000E+00       0.00000000E+00       0.00000000E+00       0.00000000E+00       0.00000000E+00       0.00000000E+00       0.00000000E+00       0.00000000E+00       0.00000000E+00       0.00000000E+00       0.00000000E+00       0.00000000E+00       0.00000000E+00       0.00000000E+00       0.00000000E+00       0.00000000E+00       0.00000000E+00       0.00000000E+00       0.00000000E+00       0.00000000E+00       0.00000000E+00       0.00000000E+00
      0.49642546E+02       0.00000000E+00       0.00000000E+00       0.00000000E+00       0.00000000E+00       0.00000000E+00       0.00000000E+00       0.00000000E+00       0.00000000E+00       0.00000000E+00       0.00000000E+00       0.00000000E+00       0.00000000E+00       0.00000000E+00       0.00000000E+00       0.00000000E+00       0.00000000E+00       0.00000000E+00       0.00000000E+00       0.00000000E+00       0.00000000E+00       0.00000000E+00       0.00000000E+00       0.00000000E+00       0.00000000E+00       0.00000000E+00       0.00000000E+00       0.00000000E+00
      0.49745620E+02       0.00000000E+00       0.00000000E+00       0.00000000E+00       0.00000000E+00       0.00000000E+00       0.00000000E+00       0.00000000E+00       0.00000000E+00       0.00000000E+00       0.00000000E+00       0.00000000E+00       0.00000000E+00       0.00000000E+00       0.00000000E+00       0.00000000E+00       0.00000000E+00       0.00000000E+00       0.00000000E+00       0.00000000E+00       0.00000000E+00       0.00000000E+00       0.00000000E+00       0.00000000E+00       0.00000000E+00       0.00000000E+00       0.00000000E+00       0.00000000E+00
      0.49848693E+02       0.00000000E+00       0.00000000E+00       0.00000000E+00       0.00000000E+00       0.00000000E+00       0.00000000E+00       0.00000000E+00       0.00000000E+00       0.00000000E+00       0.00000000E+00       0.00000000E+00       0.00000000E+00       0.00000000E+00       0.00000000E+00       0.00000000E+00       0.00000000E+00       0.00000000E+00       0.00000000E+00       0.00000000E+00       0.00000000E+00       0.00000000E+00       0.00000000E+00       0.00000000E+00       0.00000000E+00       0.00000000E+00       0.00000000E+00       0.00000000E+00
      0.49951766E+02       0.00000000E+00       0.00000000E+00       0.00000000E+00       0.00000000E+00       0.00000000E+00       0.00000000E+00       0.00000000E+00       0.00000000E+00       0.00000000E+00       0.00000000E+00       0.00000000E+00       0.00000000E+00       0.00000000E+00       0.00000000E+00       0.00000000E+00       0.00000000E+00       0.00000000E+00       0.00000000E+00       0.00000000E+00       0.00000000E+00       0.00000000E+00       0.00000000E+00       0.00000000E+00       0.00000000E+00       0.00000000E+00       0.00000000E+00       0.00000000E+00
      0.50054840E+02       0.00000000E+00       0.00000000E+00       0.00000000E+00       0.00000000E+00       0.00000000E+00       0.00000000E+00       0.00000000E+00       0.00000000E+00       0.00000000E+00       0.00000000E+00       0.00000000E+00       0.00000000E+00       0.00000000E+00       0.00000000E+00       0.00000000E+00       0.00000000E+00       0.00000000E+00       0.00000000E+00       0.00000000E+00       0.00000000E+00       0.00000000E+00       0.00000000E+00       0.00000000E+00       0.00000000E+00       0.00000000E+00       0.00000000E+00       0.00000000E+00
      0.50157913E+02       0.00000000E+00       0.00000000E+00       0.00000000E+00       0.00000000E+00       0.00000000E+00       0.00000000E+00       0.00000000E+00       0.00000000E+00       0.00000000E+00       0.00000000E+00       0.00000000E+00       0.00000000E+00       0.00000000E+00       0.00000000E+00       0.00000000E+00       0.00000000E+00       0.00000000E+00       0.00000000E+00       0.00000000E+00       0.00000000E+00       0.00000000E+00       0.00000000E+00       0.00000000E+00       0.00000000E+00       0.00000000E+00       0.00000000E+00       0.00000000E+00
      0.50260987E+02       0.00000000E+00       0.00000000E+00       0.00000000E+00       0.00000000E+00       0.00000000E+00       0.00000000E+00       0.00000000E+00       0.00000000E+00       0.00000000E+00       0.00000000E+00       0.00000000E+00       0.00000000E+00       0.00000000E+00       0.00000000E+00       0.00000000E+00       0.00000000E+00       0.00000000E+00       0.00000000E+00       0.00000000E+00       0.00000000E+00       0.00000000E+00       0.00000000E+00       0.00000000E+00       0.00000000E+00       0.00000000E+00       0.00000000E+00       0.00000000E+00
      0.50364060E+02       0.00000000E+00       0.00000000E+00       0.00000000E+00       0.00000000E+00       0.00000000E+00       0.00000000E+00       0.00000000E+00       0.00000000E+00       0.00000000E+00       0.00000000E+00       0.00000000E+00       0.00000000E+00       0.00000000E+00       0.00000000E+00       0.00000000E+00       0.00000000E+00       0.00000000E+00       0.00000000E+00       0.00000000E+00       0.00000000E+00       0.00000000E+00       0.00000000E+00       0.00000000E+00       0.00000000E+00       0.00000000E+00       0.00000000E+00       0.00000000E+00
      0.50467134E+02       0.00000000E+00       0.00000000E+00       0.00000000E+00       0.00000000E+00       0.00000000E+00       0.00000000E+00       0.00000000E+00       0.00000000E+00       0.00000000E+00       0.00000000E+00       0.00000000E+00       0.00000000E+00       0.00000000E+00       0.00000000E+00       0.00000000E+00       0.00000000E+00       0.00000000E+00       0.00000000E+00       0.00000000E+00       0.00000000E+00       0.00000000E+00       0.00000000E+00       0.00000000E+00       0.00000000E+00       0.00000000E+00       0.00000000E+00       0.00000000E+00
      0.50570207E+02       0.00000000E+00       0.00000000E+00       0.00000000E+00       0.00000000E+00       0.00000000E+00       0.00000000E+00       0.00000000E+00       0.00000000E+00       0.00000000E+00       0.00000000E+00       0.00000000E+00       0.00000000E+00       0.00000000E+00       0.00000000E+00       0.00000000E+00       0.00000000E+00       0.00000000E+00       0.00000000E+00       0.00000000E+00       0.00000000E+00       0.00000000E+00       0.00000000E+00       0.00000000E+00       0.00000000E+00       0.00000000E+00       0.00000000E+00       0.00000000E+00
      0.50673280E+02       0.00000000E+00       0.00000000E+00       0.00000000E+00       0.00000000E+00       0.00000000E+00       0.00000000E+00       0.00000000E+00       0.00000000E+00       0.00000000E+00       0.00000000E+00       0.00000000E+00       0.00000000E+00       0.00000000E+00       0.00000000E+00       0.00000000E+00       0.00000000E+00       0.00000000E+00       0.00000000E+00       0.00000000E+00       0.00000000E+00       0.00000000E+00       0.00000000E+00       0.00000000E+00       0.00000000E+00       0.00000000E+00       0.00000000E+00       0.00000000E+00
      0.50776354E+02       0.00000000E+00       0.00000000E+00       0.00000000E+00       0.00000000E+00       0.00000000E+00       0.00000000E+00       0.00000000E+00       0.00000000E+00       0.00000000E+00       0.00000000E+00       0.00000000E+00       0.00000000E+00       0.00000000E+00       0.00000000E+00       0.00000000E+00       0.00000000E+00       0.00000000E+00       0.00000000E+00       0.00000000E+00       0.00000000E+00       0.00000000E+00       0.00000000E+00       0.00000000E+00       0.00000000E+00       0.00000000E+00       0.00000000E+00       0.00000000E+00
      0.50879427E+02       0.00000000E+00       0.00000000E+00       0.00000000E+00       0.00000000E+00       0.00000000E+00       0.00000000E+00       0.00000000E+00       0.00000000E+00       0.00000000E+00       0.00000000E+00       0.00000000E+00       0.00000000E+00       0.00000000E+00       0.00000000E+00       0.00000000E+00       0.00000000E+00       0.00000000E+00       0.00000000E+00       0.00000000E+00       0.00000000E+00       0.00000000E+00       0.00000000E+00       0.00000000E+00       0.00000000E+00       0.00000000E+00       0.00000000E+00       0.00000000E+00
      0.50982501E+02       0.00000000E+00       0.00000000E+00       0.00000000E+00       0.00000000E+00       0.00000000E+00       0.00000000E+00       0.00000000E+00       0.00000000E+00       0.00000000E+00       0.00000000E+00       0.00000000E+00       0.00000000E+00       0.00000000E+00       0.00000000E+00       0.00000000E+00       0.00000000E+00       0.00000000E+00       0.00000000E+00       0.00000000E+00       0.00000000E+00       0.00000000E+00       0.00000000E+00       0.00000000E+00       0.00000000E+00       0.00000000E+00       0.00000000E+00       0.00000000E+00
      0.51085574E+02       0.00000000E+00       0.00000000E+00       0.00000000E+00       0.00000000E+00       0.00000000E+00       0.00000000E+00       0.00000000E+00       0.00000000E+00       0.00000000E+00       0.00000000E+00       0.00000000E+00       0.00000000E+00       0.00000000E+00       0.00000000E+00       0.00000000E+00       0.00000000E+00       0.00000000E+00       0.00000000E+00       0.00000000E+00       0.00000000E+00       0.00000000E+00       0.00000000E+00       0.00000000E+00       0.00000000E+00       0.00000000E+00       0.00000000E+00       0.00000000E+00
      0.51188648E+02       0.00000000E+00       0.00000000E+00       0.00000000E+00       0.00000000E+00       0.00000000E+00       0.00000000E+00       0.00000000E+00       0.00000000E+00       0.00000000E+00       0.00000000E+00       0.00000000E+00       0.00000000E+00       0.00000000E+00       0.00000000E+00       0.00000000E+00       0.00000000E+00       0.00000000E+00       0.00000000E+00       0.00000000E+00       0.00000000E+00       0.00000000E+00       0.00000000E+00       0.00000000E+00       0.00000000E+00       0.00000000E+00       0.00000000E+00       0.00000000E+00
      0.51291721E+02       0.00000000E+00       0.00000000E+00       0.00000000E+00       0.00000000E+00       0.00000000E+00       0.00000000E+00       0.00000000E+00       0.00000000E+00       0.00000000E+00       0.00000000E+00       0.00000000E+00       0.00000000E+00       0.00000000E+00       0.00000000E+00       0.00000000E+00       0.00000000E+00       0.00000000E+00       0.00000000E+00       0.00000000E+00       0.00000000E+00       0.00000000E+00       0.00000000E+00       0.00000000E+00       0.00000000E+00       0.00000000E+00       0.00000000E+00       0.00000000E+00
      0.51394795E+02       0.00000000E+00       0.00000000E+00       0.00000000E+00       0.00000000E+00       0.00000000E+00       0.00000000E+00       0.00000000E+00       0.00000000E+00       0.00000000E+00       0.00000000E+00       0.00000000E+00       0.00000000E+00       0.00000000E+00       0.00000000E+00       0.00000000E+00       0.00000000E+00       0.00000000E+00       0.00000000E+00       0.00000000E+00       0.00000000E+00       0.00000000E+00       0.00000000E+00       0.00000000E+00       0.00000000E+00       0.00000000E+00       0.00000000E+00       0.00000000E+00
      0.51497868E+02       0.00000000E+00       0.00000000E+00       0.00000000E+00       0.00000000E+00       0.00000000E+00       0.00000000E+00       0.00000000E+00       0.00000000E+00       0.00000000E+00       0.00000000E+00       0.00000000E+00       0.00000000E+00       0.00000000E+00       0.00000000E+00       0.00000000E+00       0.00000000E+00       0.00000000E+00       0.00000000E+00       0.00000000E+00       0.00000000E+00       0.00000000E+00       0.00000000E+00       0.00000000E+00       0.00000000E+00       0.00000000E+00       0.00000000E+00       0.00000000E+00
      0.51600941E+02       0.00000000E+00       0.00000000E+00       0.00000000E+00       0.00000000E+00       0.00000000E+00       0.00000000E+00       0.00000000E+00       0.00000000E+00       0.00000000E+00       0.00000000E+00       0.00000000E+00       0.00000000E+00       0.00000000E+00       0.00000000E+00       0.00000000E+00       0.00000000E+00       0.00000000E+00       0.00000000E+00       0.00000000E+00       0.00000000E+00       0.00000000E+00       0.00000000E+00       0.00000000E+00       0.00000000E+00       0.00000000E+00       0.00000000E+00       0.00000000E+00
      0.51704015E+02       0.00000000E+00       0.00000000E+00       0.00000000E+00       0.00000000E+00       0.00000000E+00       0.00000000E+00       0.00000000E+00       0.00000000E+00       0.00000000E+00       0.00000000E+00       0.00000000E+00       0.00000000E+00       0.00000000E+00       0.00000000E+00       0.00000000E+00       0.00000000E+00       0.00000000E+00       0.00000000E+00       0.00000000E+00       0.00000000E+00       0.00000000E+00       0.00000000E+00       0.00000000E+00       0.00000000E+00       0.00000000E+00       0.00000000E+00       0.00000000E+00
      0.51807088E+02       0.00000000E+00       0.00000000E+00       0.00000000E+00       0.00000000E+00       0.00000000E+00       0.00000000E+00       0.00000000E+00       0.00000000E+00       0.00000000E+00       0.00000000E+00       0.00000000E+00       0.00000000E+00       0.00000000E+00       0.00000000E+00       0.00000000E+00       0.00000000E+00       0.00000000E+00       0.00000000E+00       0.00000000E+00       0.00000000E+00       0.00000000E+00       0.00000000E+00       0.00000000E+00       0.00000000E+00       0.00000000E+00       0.00000000E+00       0.00000000E+00
      0.51910162E+02       0.00000000E+00       0.00000000E+00       0.00000000E+00       0.00000000E+00       0.00000000E+00       0.00000000E+00       0.00000000E+00       0.00000000E+00       0.00000000E+00       0.00000000E+00       0.00000000E+00       0.00000000E+00       0.00000000E+00       0.00000000E+00       0.00000000E+00       0.00000000E+00       0.00000000E+00       0.00000000E+00       0.00000000E+00       0.00000000E+00       0.00000000E+00       0.00000000E+00       0.00000000E+00       0.00000000E+00       0.00000000E+00       0.00000000E+00       0.00000000E+00
      0.52013235E+02       0.00000000E+00       0.00000000E+00       0.00000000E+00       0.00000000E+00       0.00000000E+00       0.00000000E+00       0.00000000E+00       0.00000000E+00       0.00000000E+00       0.00000000E+00       0.00000000E+00       0.00000000E+00       0.00000000E+00       0.00000000E+00       0.00000000E+00       0.00000000E+00       0.00000000E+00       0.00000000E+00       0.00000000E+00       0.00000000E+00       0.00000000E+00       0.00000000E+00       0.00000000E+00       0.00000000E+00       0.00000000E+00       0.00000000E+00       0.00000000E+00
      0.52116309E+02       0.00000000E+00       0.00000000E+00       0.00000000E+00       0.00000000E+00       0.00000000E+00       0.00000000E+00       0.00000000E+00       0.00000000E+00       0.00000000E+00       0.00000000E+00       0.00000000E+00       0.00000000E+00       0.00000000E+00       0.00000000E+00       0.00000000E+00       0.00000000E+00       0.00000000E+00       0.00000000E+00       0.00000000E+00       0.00000000E+00       0.00000000E+00       0.00000000E+00       0.00000000E+00       0.00000000E+00       0.00000000E+00       0.00000000E+00       0.00000000E+00
      0.52219382E+02       0.00000000E+00       0.00000000E+00       0.00000000E+00       0.00000000E+00       0.00000000E+00       0.00000000E+00       0.00000000E+00       0.00000000E+00       0.00000000E+00       0.00000000E+00       0.00000000E+00       0.00000000E+00       0.00000000E+00       0.00000000E+00       0.00000000E+00       0.00000000E+00       0.00000000E+00       0.00000000E+00       0.00000000E+00       0.00000000E+00       0.00000000E+00       0.00000000E+00       0.00000000E+00       0.00000000E+00       0.00000000E+00       0.00000000E+00       0.00000000E+00
      0.52322455E+02       0.00000000E+00       0.00000000E+00       0.00000000E+00       0.00000000E+00       0.00000000E+00       0.00000000E+00       0.00000000E+00       0.00000000E+00       0.00000000E+00       0.00000000E+00       0.00000000E+00       0.00000000E+00       0.00000000E+00       0.00000000E+00       0.00000000E+00       0.00000000E+00       0.00000000E+00       0.00000000E+00       0.00000000E+00       0.00000000E+00       0.00000000E+00       0.00000000E+00       0.00000000E+00       0.00000000E+00       0.00000000E+00       0.00000000E+00       0.00000000E+00
      0.52425529E+02       0.00000000E+00       0.00000000E+00       0.00000000E+00       0.00000000E+00       0.00000000E+00       0.00000000E+00       0.00000000E+00       0.00000000E+00       0.00000000E+00       0.00000000E+00       0.00000000E+00       0.00000000E+00       0.00000000E+00       0.00000000E+00       0.00000000E+00       0.00000000E+00       0.00000000E+00       0.00000000E+00       0.00000000E+00       0.00000000E+00       0.00000000E+00       0.00000000E+00       0.00000000E+00       0.00000000E+00       0.00000000E+00       0.00000000E+00       0.00000000E+00
      0.52528602E+02       0.00000000E+00       0.00000000E+00       0.00000000E+00       0.00000000E+00       0.00000000E+00       0.00000000E+00       0.00000000E+00       0.00000000E+00       0.00000000E+00       0.00000000E+00       0.00000000E+00       0.00000000E+00       0.00000000E+00       0.00000000E+00       0.00000000E+00       0.00000000E+00       0.00000000E+00       0.00000000E+00       0.00000000E+00       0.00000000E+00       0.00000000E+00       0.00000000E+00       0.00000000E+00       0.00000000E+00       0.00000000E+00       0.00000000E+00       0.00000000E+00
      0.52631676E+02       0.00000000E+00       0.00000000E+00       0.00000000E+00       0.00000000E+00       0.00000000E+00       0.00000000E+00       0.00000000E+00       0.00000000E+00       0.00000000E+00       0.00000000E+00       0.00000000E+00       0.00000000E+00       0.00000000E+00       0.00000000E+00       0.00000000E+00       0.00000000E+00       0.00000000E+00       0.00000000E+00       0.00000000E+00       0.00000000E+00       0.00000000E+00       0.00000000E+00       0.00000000E+00       0.00000000E+00       0.00000000E+00       0.00000000E+00       0.00000000E+00
      0.52734749E+02       0.00000000E+00       0.00000000E+00       0.00000000E+00       0.00000000E+00       0.00000000E+00       0.00000000E+00       0.00000000E+00       0.00000000E+00       0.00000000E+00       0.00000000E+00       0.00000000E+00       0.00000000E+00       0.00000000E+00       0.00000000E+00       0.00000000E+00       0.00000000E+00       0.00000000E+00       0.00000000E+00       0.00000000E+00       0.00000000E+00       0.00000000E+00       0.00000000E+00       0.00000000E+00       0.00000000E+00       0.00000000E+00       0.00000000E+00       0.00000000E+00
      0.52837823E+02       0.00000000E+00       0.00000000E+00       0.00000000E+00       0.00000000E+00       0.00000000E+00       0.00000000E+00       0.00000000E+00       0.00000000E+00       0.00000000E+00       0.00000000E+00       0.00000000E+00       0.00000000E+00       0.00000000E+00       0.00000000E+00       0.00000000E+00       0.00000000E+00       0.00000000E+00       0.00000000E+00       0.00000000E+00       0.00000000E+00       0.00000000E+00       0.00000000E+00       0.00000000E+00       0.00000000E+00       0.00000000E+00       0.00000000E+00       0.00000000E+00
      0.52940896E+02       0.00000000E+00       0.00000000E+00       0.00000000E+00       0.00000000E+00       0.00000000E+00       0.00000000E+00       0.00000000E+00       0.00000000E+00       0.00000000E+00       0.00000000E+00       0.00000000E+00       0.00000000E+00       0.00000000E+00       0.00000000E+00       0.00000000E+00       0.00000000E+00       0.00000000E+00       0.00000000E+00       0.00000000E+00       0.00000000E+00       0.00000000E+00       0.00000000E+00       0.00000000E+00       0.00000000E+00       0.00000000E+00       0.00000000E+00       0.00000000E+00
      0.53043969E+02       0.00000000E+00       0.00000000E+00       0.00000000E+00       0.00000000E+00       0.00000000E+00       0.00000000E+00       0.00000000E+00       0.00000000E+00       0.00000000E+00       0.00000000E+00       0.00000000E+00       0.00000000E+00       0.00000000E+00       0.00000000E+00       0.00000000E+00       0.00000000E+00       0.00000000E+00       0.00000000E+00       0.00000000E+00       0.00000000E+00       0.00000000E+00       0.00000000E+00       0.00000000E+00       0.00000000E+00       0.00000000E+00       0.00000000E+00       0.00000000E+00
      0.53147043E+02       0.00000000E+00       0.00000000E+00       0.00000000E+00       0.00000000E+00       0.00000000E+00       0.00000000E+00       0.00000000E+00       0.00000000E+00       0.00000000E+00       0.00000000E+00       0.00000000E+00       0.00000000E+00       0.00000000E+00       0.00000000E+00       0.00000000E+00       0.00000000E+00       0.00000000E+00       0.00000000E+00       0.00000000E+00       0.00000000E+00       0.00000000E+00       0.00000000E+00       0.00000000E+00       0.00000000E+00       0.00000000E+00       0.00000000E+00       0.00000000E+00
      0.53250116E+02       0.00000000E+00       0.00000000E+00       0.00000000E+00       0.00000000E+00       0.00000000E+00       0.00000000E+00       0.00000000E+00       0.00000000E+00       0.00000000E+00       0.00000000E+00       0.00000000E+00       0.00000000E+00       0.00000000E+00       0.00000000E+00       0.00000000E+00       0.00000000E+00       0.00000000E+00       0.00000000E+00       0.00000000E+00       0.00000000E+00       0.00000000E+00       0.00000000E+00       0.00000000E+00       0.00000000E+00       0.00000000E+00       0.00000000E+00       0.00000000E+00
      0.53353190E+02       0.00000000E+00       0.00000000E+00       0.00000000E+00       0.00000000E+00       0.00000000E+00       0.00000000E+00       0.00000000E+00       0.00000000E+00       0.00000000E+00       0.00000000E+00       0.00000000E+00       0.00000000E+00       0.00000000E+00       0.00000000E+00       0.00000000E+00       0.00000000E+00       0.00000000E+00       0.00000000E+00       0.00000000E+00       0.00000000E+00       0.00000000E+00       0.00000000E+00       0.00000000E+00       0.00000000E+00       0.00000000E+00       0.00000000E+00       0.00000000E+00
      0.53456263E+02       0.00000000E+00       0.00000000E+00       0.00000000E+00       0.00000000E+00       0.00000000E+00       0.00000000E+00       0.00000000E+00       0.00000000E+00       0.00000000E+00       0.00000000E+00       0.00000000E+00       0.00000000E+00       0.00000000E+00       0.00000000E+00       0.00000000E+00       0.00000000E+00       0.00000000E+00       0.00000000E+00       0.00000000E+00       0.00000000E+00       0.00000000E+00       0.00000000E+00       0.00000000E+00       0.00000000E+00       0.00000000E+00       0.00000000E+00       0.00000000E+00
      0.53559337E+02       0.00000000E+00       0.00000000E+00       0.00000000E+00       0.00000000E+00       0.00000000E+00       0.00000000E+00       0.00000000E+00       0.00000000E+00       0.00000000E+00       0.00000000E+00       0.00000000E+00       0.00000000E+00       0.00000000E+00       0.00000000E+00       0.00000000E+00       0.00000000E+00       0.00000000E+00       0.00000000E+00       0.00000000E+00       0.00000000E+00       0.00000000E+00       0.00000000E+00       0.00000000E+00       0.00000000E+00       0.00000000E+00       0.00000000E+00       0.00000000E+00
      0.53662410E+02       0.00000000E+00       0.00000000E+00       0.00000000E+00       0.00000000E+00       0.00000000E+00       0.00000000E+00       0.00000000E+00       0.00000000E+00       0.00000000E+00       0.00000000E+00       0.00000000E+00       0.00000000E+00       0.00000000E+00       0.00000000E+00       0.00000000E+00       0.00000000E+00       0.00000000E+00       0.00000000E+00       0.00000000E+00       0.00000000E+00       0.00000000E+00       0.00000000E+00       0.00000000E+00       0.00000000E+00       0.00000000E+00       0.00000000E+00       0.00000000E+00
      0.53765483E+02       0.00000000E+00       0.00000000E+00       0.00000000E+00       0.00000000E+00       0.00000000E+00       0.00000000E+00       0.00000000E+00       0.00000000E+00       0.00000000E+00       0.00000000E+00       0.00000000E+00       0.00000000E+00       0.00000000E+00       0.00000000E+00       0.00000000E+00       0.00000000E+00       0.00000000E+00       0.00000000E+00       0.00000000E+00       0.00000000E+00       0.00000000E+00       0.00000000E+00       0.00000000E+00       0.00000000E+00       0.00000000E+00       0.00000000E+00       0.00000000E+00
      0.53868557E+02       0.00000000E+00       0.00000000E+00       0.00000000E+00       0.00000000E+00       0.00000000E+00       0.00000000E+00       0.00000000E+00       0.00000000E+00       0.00000000E+00       0.00000000E+00       0.00000000E+00       0.00000000E+00       0.00000000E+00       0.00000000E+00       0.00000000E+00       0.00000000E+00       0.00000000E+00       0.00000000E+00       0.00000000E+00       0.00000000E+00       0.00000000E+00       0.00000000E+00       0.00000000E+00       0.00000000E+00       0.00000000E+00       0.00000000E+00       0.00000000E+00
      0.53971630E+02       0.00000000E+00       0.00000000E+00       0.00000000E+00       0.00000000E+00       0.00000000E+00       0.00000000E+00       0.00000000E+00       0.00000000E+00       0.00000000E+00       0.00000000E+00       0.00000000E+00       0.00000000E+00       0.00000000E+00       0.00000000E+00       0.00000000E+00       0.00000000E+00       0.00000000E+00       0.00000000E+00       0.00000000E+00       0.00000000E+00       0.00000000E+00       0.00000000E+00       0.00000000E+00       0.00000000E+00       0.00000000E+00       0.00000000E+00       0.00000000E+00
      0.54074704E+02       0.00000000E+00       0.00000000E+00       0.00000000E+00       0.00000000E+00       0.00000000E+00       0.00000000E+00       0.00000000E+00       0.00000000E+00       0.00000000E+00       0.00000000E+00       0.00000000E+00       0.00000000E+00       0.00000000E+00       0.00000000E+00       0.00000000E+00       0.00000000E+00       0.00000000E+00       0.00000000E+00       0.00000000E+00       0.00000000E+00       0.00000000E+00       0.00000000E+00       0.00000000E+00       0.00000000E+00       0.00000000E+00       0.00000000E+00       0.00000000E+00
      0.54177777E+02       0.00000000E+00       0.00000000E+00       0.00000000E+00       0.00000000E+00       0.00000000E+00       0.00000000E+00       0.00000000E+00       0.00000000E+00       0.00000000E+00       0.00000000E+00       0.00000000E+00       0.00000000E+00       0.00000000E+00       0.00000000E+00       0.00000000E+00       0.00000000E+00       0.00000000E+00       0.00000000E+00       0.00000000E+00       0.00000000E+00       0.00000000E+00       0.00000000E+00       0.00000000E+00       0.00000000E+00       0.00000000E+00       0.00000000E+00       0.00000000E+00
      0.54280851E+02       0.00000000E+00       0.00000000E+00       0.00000000E+00       0.00000000E+00       0.00000000E+00       0.00000000E+00       0.00000000E+00       0.00000000E+00       0.00000000E+00       0.00000000E+00       0.00000000E+00       0.00000000E+00       0.00000000E+00       0.00000000E+00       0.00000000E+00       0.00000000E+00       0.00000000E+00       0.00000000E+00       0.00000000E+00       0.00000000E+00       0.00000000E+00       0.00000000E+00       0.00000000E+00       0.00000000E+00       0.00000000E+00       0.00000000E+00       0.00000000E+00
      0.54383924E+02       0.00000000E+00       0.00000000E+00       0.00000000E+00       0.00000000E+00       0.00000000E+00       0.00000000E+00       0.00000000E+00       0.00000000E+00       0.00000000E+00       0.00000000E+00       0.00000000E+00       0.00000000E+00       0.00000000E+00       0.00000000E+00       0.00000000E+00       0.00000000E+00       0.00000000E+00       0.00000000E+00       0.00000000E+00       0.00000000E+00       0.00000000E+00       0.00000000E+00       0.00000000E+00       0.00000000E+00       0.00000000E+00       0.00000000E+00       0.00000000E+00
      0.54486997E+02       0.00000000E+00       0.00000000E+00       0.00000000E+00       0.00000000E+00       0.00000000E+00       0.00000000E+00       0.00000000E+00       0.00000000E+00       0.00000000E+00       0.00000000E+00       0.00000000E+00       0.00000000E+00       0.00000000E+00       0.00000000E+00       0.00000000E+00       0.00000000E+00       0.00000000E+00       0.00000000E+00       0.00000000E+00       0.00000000E+00       0.00000000E+00       0.00000000E+00       0.00000000E+00       0.00000000E+00       0.00000000E+00       0.00000000E+00       0.00000000E+00
      0.54590071E+02       0.00000000E+00       0.00000000E+00       0.00000000E+00       0.00000000E+00       0.00000000E+00       0.00000000E+00       0.00000000E+00       0.00000000E+00       0.00000000E+00       0.00000000E+00       0.00000000E+00       0.00000000E+00       0.00000000E+00       0.00000000E+00       0.00000000E+00       0.00000000E+00       0.00000000E+00       0.00000000E+00       0.00000000E+00       0.00000000E+00       0.00000000E+00       0.00000000E+00       0.00000000E+00       0.00000000E+00       0.00000000E+00       0.00000000E+00       0.00000000E+00
      0.54693144E+02       0.00000000E+00       0.00000000E+00       0.00000000E+00       0.00000000E+00       0.00000000E+00       0.00000000E+00       0.00000000E+00       0.00000000E+00       0.00000000E+00       0.00000000E+00       0.00000000E+00       0.00000000E+00       0.00000000E+00       0.00000000E+00       0.00000000E+00       0.00000000E+00       0.00000000E+00       0.00000000E+00       0.00000000E+00       0.00000000E+00       0.00000000E+00       0.00000000E+00       0.00000000E+00       0.00000000E+00       0.00000000E+00       0.00000000E+00       0.00000000E+00
      0.54796218E+02       0.00000000E+00       0.00000000E+00       0.00000000E+00       0.00000000E+00       0.00000000E+00       0.00000000E+00       0.00000000E+00       0.00000000E+00       0.00000000E+00       0.00000000E+00       0.00000000E+00       0.00000000E+00       0.00000000E+00       0.00000000E+00       0.00000000E+00       0.00000000E+00       0.00000000E+00       0.00000000E+00       0.00000000E+00       0.00000000E+00       0.00000000E+00       0.00000000E+00       0.00000000E+00       0.00000000E+00       0.00000000E+00       0.00000000E+00       0.00000000E+00
      0.54899291E+02       0.00000000E+00       0.00000000E+00       0.00000000E+00       0.00000000E+00       0.00000000E+00       0.00000000E+00       0.00000000E+00       0.00000000E+00       0.00000000E+00       0.00000000E+00       0.00000000E+00       0.00000000E+00       0.00000000E+00       0.00000000E+00       0.00000000E+00       0.00000000E+00       0.00000000E+00       0.00000000E+00       0.00000000E+00       0.00000000E+00       0.00000000E+00       0.00000000E+00       0.00000000E+00       0.00000000E+00       0.00000000E+00       0.00000000E+00       0.00000000E+00
      0.55002365E+02       0.00000000E+00       0.00000000E+00       0.00000000E+00       0.00000000E+00       0.00000000E+00       0.00000000E+00       0.00000000E+00       0.00000000E+00       0.00000000E+00       0.00000000E+00       0.00000000E+00       0.00000000E+00       0.00000000E+00       0.00000000E+00       0.00000000E+00       0.00000000E+00       0.00000000E+00       0.00000000E+00       0.00000000E+00       0.00000000E+00       0.00000000E+00       0.00000000E+00       0.00000000E+00       0.00000000E+00       0.00000000E+00       0.00000000E+00       0.00000000E+00
      0.55105438E+02       0.00000000E+00       0.00000000E+00       0.00000000E+00       0.00000000E+00       0.00000000E+00       0.00000000E+00       0.00000000E+00       0.00000000E+00       0.00000000E+00       0.00000000E+00       0.00000000E+00       0.00000000E+00       0.00000000E+00       0.00000000E+00       0.00000000E+00       0.00000000E+00       0.00000000E+00       0.00000000E+00       0.00000000E+00       0.00000000E+00       0.00000000E+00       0.00000000E+00       0.00000000E+00       0.00000000E+00       0.00000000E+00       0.00000000E+00       0.00000000E+00
      0.55208512E+02       0.00000000E+00       0.00000000E+00       0.00000000E+00       0.00000000E+00       0.00000000E+00       0.00000000E+00       0.00000000E+00       0.00000000E+00       0.00000000E+00       0.00000000E+00       0.00000000E+00       0.00000000E+00       0.00000000E+00       0.00000000E+00       0.00000000E+00       0.00000000E+00       0.00000000E+00       0.00000000E+00       0.00000000E+00       0.00000000E+00       0.00000000E+00       0.00000000E+00       0.00000000E+00       0.00000000E+00       0.00000000E+00       0.00000000E+00       0.00000000E+00
      0.55311585E+02       0.00000000E+00       0.00000000E+00       0.00000000E+00       0.00000000E+00       0.00000000E+00       0.00000000E+00       0.00000000E+00       0.00000000E+00       0.00000000E+00       0.00000000E+00       0.00000000E+00       0.00000000E+00       0.00000000E+00       0.00000000E+00       0.00000000E+00       0.00000000E+00       0.00000000E+00       0.00000000E+00       0.00000000E+00       0.00000000E+00       0.00000000E+00       0.00000000E+00       0.00000000E+00       0.00000000E+00       0.00000000E+00       0.00000000E+00       0.00000000E+00
      0.55414658E+02       0.00000000E+00       0.00000000E+00       0.00000000E+00       0.00000000E+00       0.00000000E+00       0.00000000E+00       0.00000000E+00       0.00000000E+00       0.00000000E+00       0.00000000E+00       0.00000000E+00       0.00000000E+00       0.00000000E+00       0.00000000E+00       0.00000000E+00       0.00000000E+00       0.00000000E+00       0.00000000E+00       0.00000000E+00       0.00000000E+00       0.00000000E+00       0.00000000E+00       0.00000000E+00       0.00000000E+00       0.00000000E+00       0.00000000E+00       0.00000000E+00
      0.55517732E+02       0.00000000E+00       0.00000000E+00       0.00000000E+00       0.00000000E+00       0.00000000E+00       0.00000000E+00       0.00000000E+00       0.00000000E+00       0.00000000E+00       0.00000000E+00       0.00000000E+00       0.00000000E+00       0.00000000E+00       0.00000000E+00       0.00000000E+00       0.00000000E+00       0.00000000E+00       0.00000000E+00       0.00000000E+00       0.00000000E+00       0.00000000E+00       0.00000000E+00       0.00000000E+00       0.00000000E+00       0.00000000E+00       0.00000000E+00       0.00000000E+00
      0.55620805E+02       0.00000000E+00       0.00000000E+00       0.00000000E+00       0.00000000E+00       0.00000000E+00       0.00000000E+00       0.00000000E+00       0.00000000E+00       0.00000000E+00       0.00000000E+00       0.00000000E+00       0.00000000E+00       0.00000000E+00       0.00000000E+00       0.00000000E+00       0.00000000E+00       0.00000000E+00       0.00000000E+00       0.00000000E+00       0.00000000E+00       0.00000000E+00       0.00000000E+00       0.00000000E+00       0.00000000E+00       0.00000000E+00       0.00000000E+00       0.00000000E+00
      0.55723879E+02       0.00000000E+00       0.00000000E+00       0.00000000E+00       0.00000000E+00       0.00000000E+00       0.00000000E+00       0.00000000E+00       0.00000000E+00       0.00000000E+00       0.00000000E+00       0.00000000E+00       0.00000000E+00       0.00000000E+00       0.00000000E+00       0.00000000E+00       0.00000000E+00       0.00000000E+00       0.00000000E+00       0.00000000E+00       0.00000000E+00       0.00000000E+00       0.00000000E+00       0.00000000E+00       0.00000000E+00       0.00000000E+00       0.00000000E+00       0.00000000E+00
      0.55826952E+02       0.00000000E+00       0.00000000E+00       0.00000000E+00       0.00000000E+00       0.00000000E+00       0.00000000E+00       0.00000000E+00       0.00000000E+00       0.00000000E+00       0.00000000E+00       0.00000000E+00       0.00000000E+00       0.00000000E+00       0.00000000E+00       0.00000000E+00       0.00000000E+00       0.00000000E+00       0.00000000E+00       0.00000000E+00       0.00000000E+00       0.00000000E+00       0.00000000E+00       0.00000000E+00       0.00000000E+00       0.00000000E+00       0.00000000E+00       0.00000000E+00
      0.55930026E+02       0.00000000E+00       0.00000000E+00       0.00000000E+00       0.00000000E+00       0.00000000E+00       0.00000000E+00       0.00000000E+00       0.00000000E+00       0.00000000E+00       0.00000000E+00       0.00000000E+00       0.00000000E+00       0.00000000E+00       0.00000000E+00       0.00000000E+00       0.00000000E+00       0.00000000E+00       0.00000000E+00       0.00000000E+00       0.00000000E+00       0.00000000E+00       0.00000000E+00       0.00000000E+00       0.00000000E+00       0.00000000E+00       0.00000000E+00       0.00000000E+00
      0.56033099E+02       0.00000000E+00       0.00000000E+00       0.00000000E+00       0.00000000E+00       0.00000000E+00       0.00000000E+00       0.00000000E+00       0.00000000E+00       0.00000000E+00       0.00000000E+00       0.00000000E+00       0.00000000E+00       0.00000000E+00       0.00000000E+00       0.00000000E+00       0.00000000E+00       0.00000000E+00       0.00000000E+00       0.00000000E+00       0.00000000E+00       0.00000000E+00       0.00000000E+00       0.00000000E+00       0.00000000E+00       0.00000000E+00       0.00000000E+00       0.00000000E+00
      0.56136172E+02       0.00000000E+00       0.00000000E+00       0.00000000E+00       0.00000000E+00       0.00000000E+00       0.00000000E+00       0.00000000E+00       0.00000000E+00       0.00000000E+00       0.00000000E+00       0.00000000E+00       0.00000000E+00       0.00000000E+00       0.00000000E+00       0.00000000E+00       0.00000000E+00       0.00000000E+00       0.00000000E+00       0.00000000E+00       0.00000000E+00       0.00000000E+00       0.00000000E+00       0.00000000E+00       0.00000000E+00       0.00000000E+00       0.00000000E+00       0.00000000E+00
      0.56239246E+02       0.00000000E+00       0.00000000E+00       0.00000000E+00       0.00000000E+00       0.00000000E+00       0.00000000E+00       0.00000000E+00       0.00000000E+00       0.00000000E+00       0.00000000E+00       0.00000000E+00       0.00000000E+00       0.00000000E+00       0.00000000E+00       0.00000000E+00       0.00000000E+00       0.00000000E+00       0.00000000E+00       0.00000000E+00       0.00000000E+00       0.00000000E+00       0.00000000E+00       0.00000000E+00       0.00000000E+00       0.00000000E+00       0.00000000E+00       0.00000000E+00
      0.56342319E+02       0.00000000E+00       0.00000000E+00       0.00000000E+00       0.00000000E+00       0.00000000E+00       0.00000000E+00       0.00000000E+00       0.00000000E+00       0.00000000E+00       0.00000000E+00       0.00000000E+00       0.00000000E+00       0.00000000E+00       0.00000000E+00       0.00000000E+00       0.00000000E+00       0.00000000E+00       0.00000000E+00       0.00000000E+00       0.00000000E+00       0.00000000E+00       0.00000000E+00       0.00000000E+00       0.00000000E+00       0.00000000E+00       0.00000000E+00       0.00000000E+00
      0.56445393E+02       0.00000000E+00       0.00000000E+00       0.00000000E+00       0.00000000E+00       0.00000000E+00       0.00000000E+00       0.00000000E+00       0.00000000E+00       0.00000000E+00       0.00000000E+00       0.00000000E+00       0.00000000E+00       0.00000000E+00       0.00000000E+00       0.00000000E+00       0.00000000E+00       0.00000000E+00       0.00000000E+00       0.00000000E+00       0.00000000E+00       0.00000000E+00       0.00000000E+00       0.00000000E+00       0.00000000E+00       0.00000000E+00       0.00000000E+00       0.00000000E+00
      0.56548466E+02       0.00000000E+00       0.00000000E+00       0.00000000E+00       0.00000000E+00       0.00000000E+00       0.00000000E+00       0.00000000E+00       0.00000000E+00       0.00000000E+00       0.00000000E+00       0.00000000E+00       0.00000000E+00       0.00000000E+00       0.00000000E+00       0.00000000E+00       0.00000000E+00       0.00000000E+00       0.00000000E+00       0.00000000E+00       0.00000000E+00       0.00000000E+00       0.00000000E+00       0.00000000E+00       0.00000000E+00       0.00000000E+00       0.00000000E+00       0.00000000E+00
      0.56651540E+02       0.00000000E+00       0.00000000E+00       0.00000000E+00       0.00000000E+00       0.00000000E+00       0.00000000E+00       0.00000000E+00       0.00000000E+00       0.00000000E+00       0.00000000E+00       0.00000000E+00       0.00000000E+00       0.00000000E+00       0.00000000E+00       0.00000000E+00       0.00000000E+00       0.00000000E+00       0.00000000E+00       0.00000000E+00       0.00000000E+00       0.00000000E+00       0.00000000E+00       0.00000000E+00       0.00000000E+00       0.00000000E+00       0.00000000E+00       0.00000000E+00
      0.56754613E+02       0.00000000E+00       0.00000000E+00       0.00000000E+00       0.00000000E+00       0.00000000E+00       0.00000000E+00       0.00000000E+00       0.00000000E+00       0.00000000E+00       0.00000000E+00       0.00000000E+00       0.00000000E+00       0.00000000E+00       0.00000000E+00       0.00000000E+00       0.00000000E+00       0.00000000E+00       0.00000000E+00       0.00000000E+00       0.00000000E+00       0.00000000E+00       0.00000000E+00       0.00000000E+00       0.00000000E+00       0.00000000E+00       0.00000000E+00       0.00000000E+00
      0.56857686E+02       0.00000000E+00       0.00000000E+00       0.00000000E+00       0.00000000E+00       0.00000000E+00       0.00000000E+00       0.00000000E+00       0.00000000E+00       0.00000000E+00       0.00000000E+00       0.00000000E+00       0.00000000E+00       0.00000000E+00       0.00000000E+00       0.00000000E+00       0.00000000E+00       0.00000000E+00       0.00000000E+00       0.00000000E+00       0.00000000E+00       0.00000000E+00       0.00000000E+00       0.00000000E+00       0.00000000E+00       0.00000000E+00       0.00000000E+00       0.00000000E+00
      0.56960760E+02       0.00000000E+00       0.00000000E+00       0.00000000E+00       0.00000000E+00       0.00000000E+00       0.00000000E+00       0.00000000E+00       0.00000000E+00       0.00000000E+00       0.00000000E+00       0.00000000E+00       0.00000000E+00       0.00000000E+00       0.00000000E+00       0.00000000E+00       0.00000000E+00       0.00000000E+00       0.00000000E+00       0.00000000E+00       0.00000000E+00       0.00000000E+00       0.00000000E+00       0.00000000E+00       0.00000000E+00       0.00000000E+00       0.00000000E+00       0.00000000E+00
      0.57063833E+02       0.00000000E+00       0.00000000E+00       0.00000000E+00       0.00000000E+00       0.00000000E+00       0.00000000E+00       0.00000000E+00       0.00000000E+00       0.00000000E+00       0.00000000E+00       0.00000000E+00       0.00000000E+00       0.00000000E+00       0.00000000E+00       0.00000000E+00       0.00000000E+00       0.00000000E+00       0.00000000E+00       0.00000000E+00       0.00000000E+00       0.00000000E+00       0.00000000E+00       0.00000000E+00       0.00000000E+00       0.00000000E+00       0.00000000E+00       0.00000000E+00
      0.57166907E+02       0.00000000E+00       0.00000000E+00       0.00000000E+00       0.00000000E+00       0.00000000E+00       0.00000000E+00       0.00000000E+00       0.00000000E+00       0.00000000E+00       0.00000000E+00       0.00000000E+00       0.00000000E+00       0.00000000E+00       0.00000000E+00       0.00000000E+00       0.00000000E+00       0.00000000E+00       0.00000000E+00       0.00000000E+00       0.00000000E+00       0.00000000E+00       0.00000000E+00       0.00000000E+00       0.00000000E+00       0.00000000E+00       0.00000000E+00       0.00000000E+00
      0.57269980E+02       0.00000000E+00       0.00000000E+00       0.00000000E+00       0.00000000E+00       0.00000000E+00       0.00000000E+00       0.00000000E+00       0.00000000E+00       0.00000000E+00       0.00000000E+00       0.00000000E+00       0.00000000E+00       0.00000000E+00       0.00000000E+00       0.00000000E+00       0.00000000E+00       0.00000000E+00       0.00000000E+00       0.00000000E+00       0.00000000E+00       0.00000000E+00       0.00000000E+00       0.00000000E+00       0.00000000E+00       0.00000000E+00       0.00000000E+00       0.00000000E+00
      0.57373054E+02       0.00000000E+00       0.00000000E+00       0.00000000E+00       0.00000000E+00       0.00000000E+00       0.00000000E+00       0.00000000E+00       0.00000000E+00       0.00000000E+00       0.00000000E+00       0.00000000E+00       0.00000000E+00       0.00000000E+00       0.00000000E+00       0.00000000E+00       0.00000000E+00       0.00000000E+00       0.00000000E+00       0.00000000E+00       0.00000000E+00       0.00000000E+00       0.00000000E+00       0.00000000E+00       0.00000000E+00       0.00000000E+00       0.00000000E+00       0.00000000E+00
      0.57476127E+02       0.00000000E+00       0.00000000E+00       0.00000000E+00       0.00000000E+00       0.00000000E+00       0.00000000E+00       0.00000000E+00       0.00000000E+00       0.00000000E+00       0.00000000E+00       0.00000000E+00       0.00000000E+00       0.00000000E+00       0.00000000E+00       0.00000000E+00       0.00000000E+00       0.00000000E+00       0.00000000E+00       0.00000000E+00       0.00000000E+00       0.00000000E+00       0.00000000E+00       0.00000000E+00       0.00000000E+00       0.00000000E+00       0.00000000E+00       0.00000000E+00
      0.57579200E+02       0.00000000E+00       0.00000000E+00       0.00000000E+00       0.00000000E+00       0.00000000E+00       0.00000000E+00       0.00000000E+00       0.00000000E+00       0.00000000E+00       0.00000000E+00       0.00000000E+00       0.00000000E+00       0.00000000E+00       0.00000000E+00       0.00000000E+00       0.00000000E+00       0.00000000E+00       0.00000000E+00       0.00000000E+00       0.00000000E+00       0.00000000E+00       0.00000000E+00       0.00000000E+00       0.00000000E+00       0.00000000E+00       0.00000000E+00       0.00000000E+00
      0.57682274E+02       0.00000000E+00       0.00000000E+00       0.00000000E+00       0.00000000E+00       0.00000000E+00       0.00000000E+00       0.00000000E+00       0.00000000E+00       0.00000000E+00       0.00000000E+00       0.00000000E+00       0.00000000E+00       0.00000000E+00       0.00000000E+00       0.00000000E+00       0.00000000E+00       0.00000000E+00       0.00000000E+00       0.00000000E+00       0.00000000E+00       0.00000000E+00       0.00000000E+00       0.00000000E+00       0.00000000E+00       0.00000000E+00       0.00000000E+00       0.00000000E+00
      0.57785347E+02       0.00000000E+00       0.00000000E+00       0.00000000E+00       0.00000000E+00       0.00000000E+00       0.00000000E+00       0.00000000E+00       0.00000000E+00       0.00000000E+00       0.00000000E+00       0.00000000E+00       0.00000000E+00       0.00000000E+00       0.00000000E+00       0.00000000E+00       0.00000000E+00       0.00000000E+00       0.00000000E+00       0.00000000E+00       0.00000000E+00       0.00000000E+00       0.00000000E+00       0.00000000E+00       0.00000000E+00       0.00000000E+00       0.00000000E+00       0.00000000E+00
      0.57888421E+02       0.00000000E+00       0.00000000E+00       0.00000000E+00       0.00000000E+00       0.00000000E+00       0.00000000E+00       0.00000000E+00       0.00000000E+00       0.00000000E+00       0.00000000E+00       0.00000000E+00       0.00000000E+00       0.00000000E+00       0.00000000E+00       0.00000000E+00       0.00000000E+00       0.00000000E+00       0.00000000E+00       0.00000000E+00       0.00000000E+00       0.00000000E+00       0.00000000E+00       0.00000000E+00       0.00000000E+00       0.00000000E+00       0.00000000E+00       0.00000000E+00
      0.57991494E+02       0.00000000E+00       0.00000000E+00       0.00000000E+00       0.00000000E+00       0.00000000E+00       0.00000000E+00       0.00000000E+00       0.00000000E+00       0.00000000E+00       0.00000000E+00       0.00000000E+00       0.00000000E+00       0.00000000E+00       0.00000000E+00       0.00000000E+00       0.00000000E+00       0.00000000E+00       0.00000000E+00       0.00000000E+00       0.00000000E+00       0.00000000E+00       0.00000000E+00       0.00000000E+00       0.00000000E+00       0.00000000E+00       0.00000000E+00       0.00000000E+00
      0.58094568E+02       0.00000000E+00       0.00000000E+00       0.00000000E+00       0.00000000E+00       0.00000000E+00       0.00000000E+00       0.00000000E+00       0.00000000E+00       0.00000000E+00       0.00000000E+00       0.00000000E+00       0.00000000E+00       0.00000000E+00       0.00000000E+00       0.00000000E+00       0.00000000E+00       0.00000000E+00       0.00000000E+00       0.00000000E+00       0.00000000E+00       0.00000000E+00       0.00000000E+00       0.00000000E+00       0.00000000E+00       0.00000000E+00       0.00000000E+00       0.00000000E+00
      0.58197641E+02       0.00000000E+00       0.00000000E+00       0.00000000E+00       0.00000000E+00       0.00000000E+00       0.00000000E+00       0.00000000E+00       0.00000000E+00       0.00000000E+00       0.00000000E+00       0.00000000E+00       0.00000000E+00       0.00000000E+00       0.00000000E+00       0.00000000E+00       0.00000000E+00       0.00000000E+00       0.00000000E+00       0.00000000E+00       0.00000000E+00       0.00000000E+00       0.00000000E+00       0.00000000E+00       0.00000000E+00       0.00000000E+00       0.00000000E+00       0.00000000E+00
      0.58300715E+02       0.00000000E+00       0.00000000E+00       0.00000000E+00       0.00000000E+00       0.00000000E+00       0.00000000E+00       0.00000000E+00       0.00000000E+00       0.00000000E+00       0.00000000E+00       0.00000000E+00       0.00000000E+00       0.00000000E+00       0.00000000E+00       0.00000000E+00       0.00000000E+00       0.00000000E+00       0.00000000E+00       0.00000000E+00       0.00000000E+00       0.00000000E+00       0.00000000E+00       0.00000000E+00       0.00000000E+00       0.00000000E+00       0.00000000E+00       0.00000000E+00
      0.58403788E+02       0.00000000E+00       0.00000000E+00       0.00000000E+00       0.00000000E+00       0.00000000E+00       0.00000000E+00       0.00000000E+00       0.00000000E+00       0.00000000E+00       0.00000000E+00       0.00000000E+00       0.00000000E+00       0.00000000E+00       0.00000000E+00       0.00000000E+00       0.00000000E+00       0.00000000E+00       0.00000000E+00       0.00000000E+00       0.00000000E+00       0.00000000E+00       0.00000000E+00       0.00000000E+00       0.00000000E+00       0.00000000E+00       0.00000000E+00       0.00000000E+00
      0.58506861E+02       0.00000000E+00       0.00000000E+00       0.00000000E+00       0.00000000E+00       0.00000000E+00       0.00000000E+00       0.00000000E+00       0.00000000E+00       0.00000000E+00       0.00000000E+00       0.00000000E+00       0.00000000E+00       0.00000000E+00       0.00000000E+00       0.00000000E+00       0.00000000E+00       0.00000000E+00       0.00000000E+00       0.00000000E+00       0.00000000E+00       0.00000000E+00       0.00000000E+00       0.00000000E+00       0.00000000E+00       0.00000000E+00       0.00000000E+00       0.00000000E+00
      0.58609935E+02       0.00000000E+00       0.00000000E+00       0.00000000E+00       0.00000000E+00       0.00000000E+00       0.00000000E+00       0.00000000E+00       0.00000000E+00       0.00000000E+00       0.00000000E+00       0.00000000E+00       0.00000000E+00       0.00000000E+00       0.00000000E+00       0.00000000E+00       0.00000000E+00       0.00000000E+00       0.00000000E+00       0.00000000E+00       0.00000000E+00       0.00000000E+00       0.00000000E+00       0.00000000E+00       0.00000000E+00       0.00000000E+00       0.00000000E+00       0.00000000E+00
      0.58713008E+02       0.00000000E+00       0.00000000E+00       0.00000000E+00       0.00000000E+00       0.00000000E+00       0.00000000E+00       0.00000000E+00       0.00000000E+00       0.00000000E+00       0.00000000E+00       0.00000000E+00       0.00000000E+00       0.00000000E+00       0.00000000E+00       0.00000000E+00       0.00000000E+00       0.00000000E+00       0.00000000E+00       0.00000000E+00       0.00000000E+00       0.00000000E+00       0.00000000E+00       0.00000000E+00       0.00000000E+00       0.00000000E+00       0.00000000E+00       0.00000000E+00
      0.58816082E+02       0.00000000E+00       0.00000000E+00       0.00000000E+00       0.00000000E+00       0.00000000E+00       0.00000000E+00       0.00000000E+00       0.00000000E+00       0.00000000E+00       0.00000000E+00       0.00000000E+00       0.00000000E+00       0.00000000E+00       0.00000000E+00       0.00000000E+00       0.00000000E+00       0.00000000E+00       0.00000000E+00       0.00000000E+00       0.00000000E+00       0.00000000E+00       0.00000000E+00       0.00000000E+00       0.00000000E+00       0.00000000E+00       0.00000000E+00       0.00000000E+00
      0.58919155E+02       0.00000000E+00       0.00000000E+00       0.00000000E+00       0.00000000E+00       0.00000000E+00       0.00000000E+00       0.00000000E+00       0.00000000E+00       0.00000000E+00       0.00000000E+00       0.00000000E+00       0.00000000E+00       0.00000000E+00       0.00000000E+00       0.00000000E+00       0.00000000E+00       0.00000000E+00       0.00000000E+00       0.00000000E+00       0.00000000E+00       0.00000000E+00       0.00000000E+00       0.00000000E+00       0.00000000E+00       0.00000000E+00       0.00000000E+00       0.00000000E+00
      0.59022229E+02       0.00000000E+00       0.00000000E+00       0.00000000E+00       0.00000000E+00       0.00000000E+00       0.00000000E+00       0.00000000E+00       0.00000000E+00       0.00000000E+00       0.00000000E+00       0.00000000E+00       0.00000000E+00       0.00000000E+00       0.00000000E+00       0.00000000E+00       0.00000000E+00       0.00000000E+00       0.00000000E+00       0.00000000E+00       0.00000000E+00       0.00000000E+00       0.00000000E+00       0.00000000E+00       0.00000000E+00       0.00000000E+00       0.00000000E+00       0.00000000E+00
      0.59125302E+02       0.00000000E+00       0.00000000E+00       0.00000000E+00       0.00000000E+00       0.00000000E+00       0.00000000E+00       0.00000000E+00       0.00000000E+00       0.00000000E+00       0.00000000E+00       0.00000000E+00       0.00000000E+00       0.00000000E+00       0.00000000E+00       0.00000000E+00       0.00000000E+00       0.00000000E+00       0.00000000E+00       0.00000000E+00       0.00000000E+00       0.00000000E+00       0.00000000E+00       0.00000000E+00       0.00000000E+00       0.00000000E+00       0.00000000E+00       0.00000000E+00
      0.59228375E+02       0.00000000E+00       0.00000000E+00       0.00000000E+00       0.00000000E+00       0.00000000E+00       0.00000000E+00       0.00000000E+00       0.00000000E+00       0.00000000E+00       0.00000000E+00       0.00000000E+00       0.00000000E+00       0.00000000E+00       0.00000000E+00       0.00000000E+00       0.00000000E+00       0.00000000E+00       0.00000000E+00       0.00000000E+00       0.00000000E+00       0.00000000E+00       0.00000000E+00       0.00000000E+00       0.00000000E+00       0.00000000E+00       0.00000000E+00       0.00000000E+00
      0.59331449E+02       0.00000000E+00       0.00000000E+00       0.00000000E+00       0.00000000E+00       0.00000000E+00       0.00000000E+00       0.00000000E+00       0.00000000E+00       0.00000000E+00       0.00000000E+00       0.00000000E+00       0.00000000E+00       0.00000000E+00       0.00000000E+00       0.00000000E+00       0.00000000E+00       0.00000000E+00       0.00000000E+00       0.00000000E+00       0.00000000E+00       0.00000000E+00       0.00000000E+00       0.00000000E+00       0.00000000E+00       0.00000000E+00       0.00000000E+00       0.00000000E+00
      0.59434522E+02       0.00000000E+00       0.00000000E+00       0.00000000E+00       0.00000000E+00       0.00000000E+00       0.00000000E+00       0.00000000E+00       0.00000000E+00       0.00000000E+00       0.00000000E+00       0.00000000E+00       0.00000000E+00       0.00000000E+00       0.00000000E+00       0.00000000E+00       0.00000000E+00       0.00000000E+00       0.00000000E+00       0.00000000E+00       0.00000000E+00       0.00000000E+00       0.00000000E+00       0.00000000E+00       0.00000000E+00       0.00000000E+00       0.00000000E+00       0.00000000E+00
      0.59537596E+02       0.00000000E+00       0.00000000E+00       0.00000000E+00       0.00000000E+00       0.00000000E+00       0.00000000E+00       0.00000000E+00       0.00000000E+00       0.00000000E+00       0.00000000E+00       0.00000000E+00       0.00000000E+00       0.00000000E+00       0.00000000E+00       0.00000000E+00       0.00000000E+00       0.00000000E+00       0.00000000E+00       0.00000000E+00       0.00000000E+00       0.00000000E+00       0.00000000E+00       0.00000000E+00       0.00000000E+00       0.00000000E+00       0.00000000E+00       0.00000000E+00
      0.59640669E+02       0.00000000E+00       0.00000000E+00       0.00000000E+00       0.00000000E+00       0.00000000E+00       0.00000000E+00       0.00000000E+00       0.00000000E+00       0.00000000E+00       0.00000000E+00       0.00000000E+00       0.00000000E+00       0.00000000E+00       0.00000000E+00       0.00000000E+00       0.00000000E+00       0.00000000E+00       0.00000000E+00       0.00000000E+00       0.00000000E+00       0.00000000E+00       0.00000000E+00       0.00000000E+00       0.00000000E+00       0.00000000E+00       0.00000000E+00       0.00000000E+00
      0.59743743E+02       0.00000000E+00       0.00000000E+00       0.00000000E+00       0.00000000E+00       0.00000000E+00       0.00000000E+00       0.00000000E+00       0.00000000E+00       0.00000000E+00       0.00000000E+00       0.00000000E+00       0.00000000E+00       0.00000000E+00       0.00000000E+00       0.00000000E+00       0.00000000E+00       0.00000000E+00       0.00000000E+00       0.00000000E+00       0.00000000E+00       0.00000000E+00       0.00000000E+00       0.00000000E+00       0.00000000E+00       0.00000000E+00       0.00000000E+00       0.00000000E+00
      0.59846816E+02       0.00000000E+00       0.00000000E+00       0.00000000E+00       0.00000000E+00       0.00000000E+00       0.00000000E+00       0.00000000E+00       0.00000000E+00       0.00000000E+00       0.00000000E+00       0.00000000E+00       0.00000000E+00       0.00000000E+00       0.00000000E+00       0.00000000E+00       0.00000000E+00       0.00000000E+00       0.00000000E+00       0.00000000E+00       0.00000000E+00       0.00000000E+00       0.00000000E+00       0.00000000E+00       0.00000000E+00       0.00000000E+00       0.00000000E+00       0.00000000E+00
      0.59949889E+02       0.00000000E+00       0.00000000E+00       0.00000000E+00       0.00000000E+00       0.00000000E+00       0.00000000E+00       0.00000000E+00       0.00000000E+00       0.00000000E+00       0.00000000E+00       0.00000000E+00       0.00000000E+00       0.00000000E+00       0.00000000E+00       0.00000000E+00       0.00000000E+00       0.00000000E+00       0.00000000E+00       0.00000000E+00       0.00000000E+00       0.00000000E+00       0.00000000E+00       0.00000000E+00       0.00000000E+00       0.00000000E+00       0.00000000E+00       0.00000000E+00
      0.60052963E+02       0.00000000E+00       0.00000000E+00       0.00000000E+00       0.00000000E+00       0.00000000E+00       0.00000000E+00       0.00000000E+00       0.00000000E+00       0.00000000E+00       0.00000000E+00       0.00000000E+00       0.00000000E+00       0.00000000E+00       0.00000000E+00       0.00000000E+00       0.00000000E+00       0.00000000E+00       0.00000000E+00       0.00000000E+00       0.00000000E+00       0.00000000E+00       0.00000000E+00       0.00000000E+00       0.00000000E+00       0.00000000E+00       0.00000000E+00       0.00000000E+00
      0.60156036E+02       0.00000000E+00       0.00000000E+00       0.00000000E+00       0.00000000E+00       0.00000000E+00       0.00000000E+00       0.00000000E+00       0.00000000E+00       0.00000000E+00       0.00000000E+00       0.00000000E+00       0.00000000E+00       0.00000000E+00       0.00000000E+00       0.00000000E+00       0.00000000E+00       0.00000000E+00       0.00000000E+00       0.00000000E+00       0.00000000E+00       0.00000000E+00       0.00000000E+00       0.00000000E+00       0.00000000E+00       0.00000000E+00       0.00000000E+00       0.00000000E+00
      0.60259110E+02       0.00000000E+00       0.00000000E+00       0.00000000E+00       0.00000000E+00       0.00000000E+00       0.00000000E+00       0.00000000E+00       0.00000000E+00       0.00000000E+00       0.00000000E+00       0.00000000E+00       0.00000000E+00       0.00000000E+00       0.00000000E+00       0.00000000E+00       0.00000000E+00       0.00000000E+00       0.00000000E+00       0.00000000E+00       0.00000000E+00       0.00000000E+00       0.00000000E+00       0.00000000E+00       0.00000000E+00       0.00000000E+00       0.00000000E+00       0.00000000E+00
      0.60362183E+02       0.00000000E+00       0.00000000E+00       0.00000000E+00       0.00000000E+00       0.00000000E+00       0.00000000E+00       0.00000000E+00       0.00000000E+00       0.00000000E+00       0.00000000E+00       0.00000000E+00       0.00000000E+00       0.00000000E+00       0.00000000E+00       0.00000000E+00       0.00000000E+00       0.00000000E+00       0.00000000E+00       0.00000000E+00       0.00000000E+00       0.00000000E+00       0.00000000E+00       0.00000000E+00       0.00000000E+00       0.00000000E+00       0.00000000E+00       0.00000000E+00
      0.60465257E+02       0.00000000E+00       0.00000000E+00       0.00000000E+00       0.00000000E+00       0.00000000E+00       0.00000000E+00       0.00000000E+00       0.00000000E+00       0.00000000E+00       0.00000000E+00       0.00000000E+00       0.00000000E+00       0.00000000E+00       0.00000000E+00       0.00000000E+00       0.00000000E+00       0.00000000E+00       0.00000000E+00       0.00000000E+00       0.00000000E+00       0.00000000E+00       0.00000000E+00       0.00000000E+00       0.00000000E+00       0.00000000E+00       0.00000000E+00       0.00000000E+00
      0.60568330E+02       0.00000000E+00       0.00000000E+00       0.00000000E+00       0.00000000E+00       0.00000000E+00       0.00000000E+00       0.00000000E+00       0.00000000E+00       0.00000000E+00       0.00000000E+00       0.00000000E+00       0.00000000E+00       0.00000000E+00       0.00000000E+00       0.00000000E+00       0.00000000E+00       0.00000000E+00       0.00000000E+00       0.00000000E+00       0.00000000E+00       0.00000000E+00       0.00000000E+00       0.00000000E+00       0.00000000E+00       0.00000000E+00       0.00000000E+00       0.00000000E+00
      0.60671403E+02       0.00000000E+00       0.00000000E+00       0.00000000E+00       0.00000000E+00       0.00000000E+00       0.00000000E+00       0.00000000E+00       0.00000000E+00       0.00000000E+00       0.00000000E+00       0.00000000E+00       0.00000000E+00       0.00000000E+00       0.00000000E+00       0.00000000E+00       0.00000000E+00       0.00000000E+00       0.00000000E+00       0.00000000E+00       0.00000000E+00       0.00000000E+00       0.00000000E+00       0.00000000E+00       0.00000000E+00       0.00000000E+00       0.00000000E+00       0.00000000E+00
      0.60774477E+02       0.00000000E+00       0.00000000E+00       0.00000000E+00       0.00000000E+00       0.00000000E+00       0.00000000E+00       0.00000000E+00       0.00000000E+00       0.00000000E+00       0.00000000E+00       0.00000000E+00       0.00000000E+00       0.00000000E+00       0.00000000E+00       0.00000000E+00       0.00000000E+00       0.00000000E+00       0.00000000E+00       0.00000000E+00       0.00000000E+00       0.00000000E+00       0.00000000E+00       0.00000000E+00       0.00000000E+00       0.00000000E+00       0.00000000E+00       0.00000000E+00
      0.60877550E+02       0.00000000E+00       0.00000000E+00       0.00000000E+00       0.00000000E+00       0.00000000E+00       0.00000000E+00       0.00000000E+00       0.00000000E+00       0.00000000E+00       0.00000000E+00       0.00000000E+00       0.00000000E+00       0.00000000E+00       0.00000000E+00       0.00000000E+00       0.00000000E+00       0.00000000E+00       0.00000000E+00       0.00000000E+00       0.00000000E+00       0.00000000E+00       0.00000000E+00       0.00000000E+00       0.00000000E+00       0.00000000E+00       0.00000000E+00       0.00000000E+00
      0.60980624E+02       0.00000000E+00       0.00000000E+00       0.00000000E+00       0.00000000E+00       0.00000000E+00       0.00000000E+00       0.00000000E+00       0.00000000E+00       0.00000000E+00       0.00000000E+00       0.00000000E+00       0.00000000E+00       0.00000000E+00       0.00000000E+00       0.00000000E+00       0.00000000E+00       0.00000000E+00       0.00000000E+00       0.00000000E+00       0.00000000E+00       0.00000000E+00       0.00000000E+00       0.00000000E+00       0.00000000E+00       0.00000000E+00       0.00000000E+00       0.00000000E+00
      0.61083697E+02       0.00000000E+00       0.00000000E+00       0.00000000E+00       0.00000000E+00       0.00000000E+00       0.00000000E+00       0.00000000E+00       0.00000000E+00       0.00000000E+00       0.00000000E+00       0.00000000E+00       0.00000000E+00       0.00000000E+00       0.00000000E+00       0.00000000E+00       0.00000000E+00       0.00000000E+00       0.00000000E+00       0.00000000E+00       0.00000000E+00       0.00000000E+00       0.00000000E+00       0.00000000E+00       0.00000000E+00       0.00000000E+00       0.00000000E+00       0.00000000E+00
      0.61186771E+02       0.00000000E+00       0.00000000E+00       0.00000000E+00       0.00000000E+00       0.00000000E+00       0.00000000E+00       0.00000000E+00       0.00000000E+00       0.00000000E+00       0.00000000E+00       0.00000000E+00       0.00000000E+00       0.00000000E+00       0.00000000E+00       0.00000000E+00       0.00000000E+00       0.00000000E+00       0.00000000E+00       0.00000000E+00       0.00000000E+00       0.00000000E+00       0.00000000E+00       0.00000000E+00       0.00000000E+00       0.00000000E+00       0.00000000E+00       0.00000000E+00
      0.61289844E+02       0.00000000E+00       0.00000000E+00       0.00000000E+00       0.00000000E+00       0.00000000E+00       0.00000000E+00       0.00000000E+00       0.00000000E+00       0.00000000E+00       0.00000000E+00       0.00000000E+00       0.00000000E+00       0.00000000E+00       0.00000000E+00       0.00000000E+00       0.00000000E+00       0.00000000E+00       0.00000000E+00       0.00000000E+00       0.00000000E+00       0.00000000E+00       0.00000000E+00       0.00000000E+00       0.00000000E+00       0.00000000E+00       0.00000000E+00       0.00000000E+00
      0.61392917E+02       0.00000000E+00       0.00000000E+00       0.00000000E+00       0.00000000E+00       0.00000000E+00       0.00000000E+00       0.00000000E+00       0.00000000E+00       0.00000000E+00       0.00000000E+00       0.00000000E+00       0.00000000E+00       0.00000000E+00       0.00000000E+00       0.00000000E+00       0.00000000E+00       0.00000000E+00       0.00000000E+00       0.00000000E+00       0.00000000E+00       0.00000000E+00       0.00000000E+00       0.00000000E+00       0.00000000E+00       0.00000000E+00       0.00000000E+00       0.00000000E+00
      0.61495991E+02       0.00000000E+00       0.00000000E+00       0.00000000E+00       0.00000000E+00       0.00000000E+00       0.00000000E+00       0.00000000E+00       0.00000000E+00       0.00000000E+00       0.00000000E+00       0.00000000E+00       0.00000000E+00       0.00000000E+00       0.00000000E+00       0.00000000E+00       0.00000000E+00       0.00000000E+00       0.00000000E+00       0.00000000E+00       0.00000000E+00       0.00000000E+00       0.00000000E+00       0.00000000E+00       0.00000000E+00       0.00000000E+00       0.00000000E+00       0.00000000E+00
      0.61599064E+02       0.00000000E+00       0.00000000E+00       0.00000000E+00       0.00000000E+00       0.00000000E+00       0.00000000E+00       0.00000000E+00       0.00000000E+00       0.00000000E+00       0.00000000E+00       0.00000000E+00       0.00000000E+00       0.00000000E+00       0.00000000E+00       0.00000000E+00       0.00000000E+00       0.00000000E+00       0.00000000E+00       0.00000000E+00       0.00000000E+00       0.00000000E+00       0.00000000E+00       0.00000000E+00       0.00000000E+00       0.00000000E+00       0.00000000E+00       0.00000000E+00
      0.61702138E+02       0.00000000E+00       0.00000000E+00       0.00000000E+00       0.00000000E+00       0.00000000E+00       0.00000000E+00       0.00000000E+00       0.00000000E+00       0.00000000E+00       0.00000000E+00       0.00000000E+00       0.00000000E+00       0.00000000E+00       0.00000000E+00       0.00000000E+00       0.00000000E+00       0.00000000E+00       0.00000000E+00       0.00000000E+00       0.00000000E+00       0.00000000E+00       0.00000000E+00       0.00000000E+00       0.00000000E+00       0.00000000E+00       0.00000000E+00       0.00000000E+00
      0.61805211E+02       0.00000000E+00       0.00000000E+00       0.00000000E+00       0.00000000E+00       0.00000000E+00       0.00000000E+00       0.00000000E+00       0.00000000E+00       0.00000000E+00       0.00000000E+00       0.00000000E+00       0.00000000E+00       0.00000000E+00       0.00000000E+00       0.00000000E+00       0.00000000E+00       0.00000000E+00       0.00000000E+00       0.00000000E+00       0.00000000E+00       0.00000000E+00       0.00000000E+00       0.00000000E+00       0.00000000E+00       0.00000000E+00       0.00000000E+00       0.00000000E+00
      0.61908285E+02       0.00000000E+00       0.00000000E+00       0.00000000E+00       0.00000000E+00       0.00000000E+00       0.00000000E+00       0.00000000E+00       0.00000000E+00       0.00000000E+00       0.00000000E+00       0.00000000E+00       0.00000000E+00       0.00000000E+00       0.00000000E+00       0.00000000E+00       0.00000000E+00       0.00000000E+00       0.00000000E+00       0.00000000E+00       0.00000000E+00       0.00000000E+00       0.00000000E+00       0.00000000E+00       0.00000000E+00       0.00000000E+00       0.00000000E+00       0.00000000E+00
