              #energy Total                INT                  Sym                  MT:1s                MT:1p                MT:1d                MT:1f                MT:2s                MT:2p                MT:2d                MT:2f                MT:3s                MT:3p                MT:3d                MT:3f                MT:4s                MT:4p                MT:4d                MT:4f                MT:5s                MT:5p                MT:5d                MT:5f                MT:6s                MT:6p                MT:6d                MT:6f               
     -0.74148647E+02       0.00000000E+00       0.00000000E+00       0.00000000E+00       0.00000000E+00       0.00000000E+00       0.00000000E+00       0.00000000E+00       0.00000000E+00       0.00000000E+00       0.00000000E+00       0.00000000E+00       0.00000000E+00       0.00000000E+00       0.00000000E+00       0.00000000E+00       0.00000000E+00       0.00000000E+00       0.00000000E+00       0.00000000E+00       0.00000000E+00       0.00000000E+00       0.00000000E+00       0.00000000E+00       0.00000000E+00       0.00000000E+00       0.00000000E+00       0.00000000E+00
     -0.74045573E+02       0.00000000E+00       0.00000000E+00       0.00000000E+00       0.00000000E+00       0.00000000E+00       0.00000000E+00       0.00000000E+00       0.00000000E+00       0.00000000E+00       0.00000000E+00       0.00000000E+00       0.00000000E+00       0.00000000E+00       0.00000000E+00       0.00000000E+00       0.00000000E+00       0.00000000E+00       0.00000000E+00       0.00000000E+00       0.00000000E+00       0.00000000E+00       0.00000000E+00       0.00000000E+00       0.00000000E+00       0.00000000E+00       0.00000000E+00       0.00000000E+00
     -0.73942500E+02       0.00000000E+00       0.00000000E+00       0.00000000E+00       0.00000000E+00       0.00000000E+00       0.00000000E+00       0.00000000E+00       0.00000000E+00       0.00000000E+00       0.00000000E+00       0.00000000E+00       0.00000000E+00       0.00000000E+00       0.00000000E+00       0.00000000E+00       0.00000000E+00       0.00000000E+00       0.00000000E+00       0.00000000E+00       0.00000000E+00       0.00000000E+00       0.00000000E+00       0.00000000E+00       0.00000000E+00       0.00000000E+00       0.00000000E+00       0.00000000E+00
     -0.73839426E+02       0.00000000E+00       0.00000000E+00       0.00000000E+00       0.00000000E+00       0.00000000E+00       0.00000000E+00       0.00000000E+00       0.00000000E+00       0.00000000E+00       0.00000000E+00       0.00000000E+00       0.00000000E+00       0.00000000E+00       0.00000000E+00       0.00000000E+00       0.00000000E+00       0.00000000E+00       0.00000000E+00       0.00000000E+00       0.00000000E+00       0.00000000E+00       0.00000000E+00       0.00000000E+00       0.00000000E+00       0.00000000E+00       0.00000000E+00       0.00000000E+00
     -0.73736353E+02       0.00000000E+00       0.00000000E+00       0.00000000E+00       0.00000000E+00       0.00000000E+00       0.00000000E+00       0.00000000E+00       0.00000000E+00       0.00000000E+00       0.00000000E+00       0.00000000E+00       0.00000000E+00       0.00000000E+00       0.00000000E+00       0.00000000E+00       0.00000000E+00       0.00000000E+00       0.00000000E+00       0.00000000E+00       0.00000000E+00       0.00000000E+00       0.00000000E+00       0.00000000E+00       0.00000000E+00       0.00000000E+00       0.00000000E+00       0.00000000E+00
     -0.73633279E+02       0.00000000E+00       0.00000000E+00       0.00000000E+00       0.00000000E+00       0.00000000E+00       0.00000000E+00       0.00000000E+00       0.00000000E+00       0.00000000E+00       0.00000000E+00       0.00000000E+00       0.00000000E+00       0.00000000E+00       0.00000000E+00       0.00000000E+00       0.00000000E+00       0.00000000E+00       0.00000000E+00       0.00000000E+00       0.00000000E+00       0.00000000E+00       0.00000000E+00       0.00000000E+00       0.00000000E+00       0.00000000E+00       0.00000000E+00       0.00000000E+00
     -0.73530206E+02       0.00000000E+00       0.00000000E+00       0.00000000E+00       0.00000000E+00       0.00000000E+00       0.00000000E+00       0.00000000E+00       0.00000000E+00       0.00000000E+00       0.00000000E+00       0.00000000E+00       0.00000000E+00       0.00000000E+00       0.00000000E+00       0.00000000E+00       0.00000000E+00       0.00000000E+00       0.00000000E+00       0.00000000E+00       0.00000000E+00       0.00000000E+00       0.00000000E+00       0.00000000E+00       0.00000000E+00       0.00000000E+00       0.00000000E+00       0.00000000E+00
     -0.73427133E+02       0.00000000E+00       0.00000000E+00       0.00000000E+00       0.00000000E+00       0.00000000E+00       0.00000000E+00       0.00000000E+00       0.00000000E+00       0.00000000E+00       0.00000000E+00       0.00000000E+00       0.00000000E+00       0.00000000E+00       0.00000000E+00       0.00000000E+00       0.00000000E+00       0.00000000E+00       0.00000000E+00       0.00000000E+00       0.00000000E+00       0.00000000E+00       0.00000000E+00       0.00000000E+00       0.00000000E+00       0.00000000E+00       0.00000000E+00       0.00000000E+00
     -0.73324059E+02       0.00000000E+00       0.00000000E+00       0.00000000E+00       0.00000000E+00       0.00000000E+00       0.00000000E+00       0.00000000E+00       0.00000000E+00       0.00000000E+00       0.00000000E+00       0.00000000E+00       0.00000000E+00       0.00000000E+00       0.00000000E+00       0.00000000E+00       0.00000000E+00       0.00000000E+00       0.00000000E+00       0.00000000E+00       0.00000000E+00       0.00000000E+00       0.00000000E+00       0.00000000E+00       0.00000000E+00       0.00000000E+00       0.00000000E+00       0.00000000E+00
     -0.73220986E+02       0.00000000E+00       0.00000000E+00       0.00000000E+00       0.00000000E+00       0.00000000E+00       0.00000000E+00       0.00000000E+00       0.00000000E+00       0.00000000E+00       0.00000000E+00       0.00000000E+00       0.00000000E+00       0.00000000E+00       0.00000000E+00       0.00000000E+00       0.00000000E+00       0.00000000E+00       0.00000000E+00       0.00000000E+00       0.00000000E+00       0.00000000E+00       0.00000000E+00       0.00000000E+00       0.00000000E+00       0.00000000E+00       0.00000000E+00       0.00000000E+00
     -0.73117912E+02       0.00000000E+00       0.00000000E+00       0.00000000E+00       0.00000000E+00       0.00000000E+00       0.00000000E+00       0.00000000E+00       0.00000000E+00       0.00000000E+00       0.00000000E+00       0.00000000E+00       0.00000000E+00       0.00000000E+00       0.00000000E+00       0.00000000E+00       0.00000000E+00       0.00000000E+00       0.00000000E+00       0.00000000E+00       0.00000000E+00       0.00000000E+00       0.00000000E+00       0.00000000E+00       0.00000000E+00       0.00000000E+00       0.00000000E+00       0.00000000E+00
     -0.73014839E+02       0.00000000E+00       0.00000000E+00       0.00000000E+00       0.00000000E+00       0.00000000E+00       0.00000000E+00       0.00000000E+00       0.00000000E+00       0.00000000E+00       0.00000000E+00       0.00000000E+00       0.00000000E+00       0.00000000E+00       0.00000000E+00       0.00000000E+00       0.00000000E+00       0.00000000E+00       0.00000000E+00       0.00000000E+00       0.00000000E+00       0.00000000E+00       0.00000000E+00       0.00000000E+00       0.00000000E+00       0.00000000E+00       0.00000000E+00       0.00000000E+00
     -0.72911765E+02       0.00000000E+00       0.00000000E+00       0.00000000E+00       0.00000000E+00       0.00000000E+00       0.00000000E+00       0.00000000E+00       0.00000000E+00       0.00000000E+00       0.00000000E+00       0.00000000E+00       0.00000000E+00       0.00000000E+00       0.00000000E+00       0.00000000E+00       0.00000000E+00       0.00000000E+00       0.00000000E+00       0.00000000E+00       0.00000000E+00       0.00000000E+00       0.00000000E+00       0.00000000E+00       0.00000000E+00       0.00000000E+00       0.00000000E+00       0.00000000E+00
     -0.72808692E+02       0.00000000E+00       0.00000000E+00       0.00000000E+00       0.00000000E+00       0.00000000E+00       0.00000000E+00       0.00000000E+00       0.00000000E+00       0.00000000E+00       0.00000000E+00       0.00000000E+00       0.00000000E+00       0.00000000E+00       0.00000000E+00       0.00000000E+00       0.00000000E+00       0.00000000E+00       0.00000000E+00       0.00000000E+00       0.00000000E+00       0.00000000E+00       0.00000000E+00       0.00000000E+00       0.00000000E+00       0.00000000E+00       0.00000000E+00       0.00000000E+00
     -0.72705619E+02       0.00000000E+00       0.00000000E+00       0.00000000E+00       0.00000000E+00       0.00000000E+00       0.00000000E+00       0.00000000E+00       0.00000000E+00       0.00000000E+00       0.00000000E+00       0.00000000E+00       0.00000000E+00       0.00000000E+00       0.00000000E+00       0.00000000E+00       0.00000000E+00       0.00000000E+00       0.00000000E+00       0.00000000E+00       0.00000000E+00       0.00000000E+00       0.00000000E+00       0.00000000E+00       0.00000000E+00       0.00000000E+00       0.00000000E+00       0.00000000E+00
     -0.72602545E+02       0.00000000E+00       0.00000000E+00       0.00000000E+00       0.00000000E+00       0.00000000E+00       0.00000000E+00       0.00000000E+00       0.00000000E+00       0.00000000E+00       0.00000000E+00       0.00000000E+00       0.00000000E+00       0.00000000E+00       0.00000000E+00       0.00000000E+00       0.00000000E+00       0.00000000E+00       0.00000000E+00       0.00000000E+00       0.00000000E+00       0.00000000E+00       0.00000000E+00       0.00000000E+00       0.00000000E+00       0.00000000E+00       0.00000000E+00       0.00000000E+00
     -0.72499472E+02       0.00000000E+00       0.00000000E+00       0.00000000E+00       0.00000000E+00       0.00000000E+00       0.00000000E+00       0.00000000E+00       0.00000000E+00       0.00000000E+00       0.00000000E+00       0.00000000E+00       0.00000000E+00       0.00000000E+00       0.00000000E+00       0.00000000E+00       0.00000000E+00       0.00000000E+00       0.00000000E+00       0.00000000E+00       0.00000000E+00       0.00000000E+00       0.00000000E+00       0.00000000E+00       0.00000000E+00       0.00000000E+00       0.00000000E+00       0.00000000E+00
     -0.72396398E+02       0.00000000E+00       0.00000000E+00       0.00000000E+00       0.00000000E+00       0.00000000E+00       0.00000000E+00       0.00000000E+00       0.00000000E+00       0.00000000E+00       0.00000000E+00       0.00000000E+00       0.00000000E+00       0.00000000E+00       0.00000000E+00       0.00000000E+00       0.00000000E+00       0.00000000E+00       0.00000000E+00       0.00000000E+00       0.00000000E+00       0.00000000E+00       0.00000000E+00       0.00000000E+00       0.00000000E+00       0.00000000E+00       0.00000000E+00       0.00000000E+00
     -0.72293325E+02       0.00000000E+00       0.00000000E+00       0.00000000E+00       0.00000000E+00       0.00000000E+00       0.00000000E+00       0.00000000E+00       0.00000000E+00       0.00000000E+00       0.00000000E+00       0.00000000E+00       0.00000000E+00       0.00000000E+00       0.00000000E+00       0.00000000E+00       0.00000000E+00       0.00000000E+00       0.00000000E+00       0.00000000E+00       0.00000000E+00       0.00000000E+00       0.00000000E+00       0.00000000E+00       0.00000000E+00       0.00000000E+00       0.00000000E+00       0.00000000E+00
     -0.72190251E+02       0.00000000E+00       0.00000000E+00       0.00000000E+00       0.00000000E+00       0.00000000E+00       0.00000000E+00       0.00000000E+00       0.00000000E+00       0.00000000E+00       0.00000000E+00       0.00000000E+00       0.00000000E+00       0.00000000E+00       0.00000000E+00       0.00000000E+00       0.00000000E+00       0.00000000E+00       0.00000000E+00       0.00000000E+00       0.00000000E+00       0.00000000E+00       0.00000000E+00       0.00000000E+00       0.00000000E+00       0.00000000E+00       0.00000000E+00       0.00000000E+00
     -0.72087178E+02       0.00000000E+00       0.00000000E+00       0.00000000E+00       0.00000000E+00       0.00000000E+00       0.00000000E+00       0.00000000E+00       0.00000000E+00       0.00000000E+00       0.00000000E+00       0.00000000E+00       0.00000000E+00       0.00000000E+00       0.00000000E+00       0.00000000E+00       0.00000000E+00       0.00000000E+00       0.00000000E+00       0.00000000E+00       0.00000000E+00       0.00000000E+00       0.00000000E+00       0.00000000E+00       0.00000000E+00       0.00000000E+00       0.00000000E+00       0.00000000E+00
     -0.71984104E+02       0.00000000E+00       0.00000000E+00       0.00000000E+00       0.00000000E+00       0.00000000E+00       0.00000000E+00       0.00000000E+00       0.00000000E+00       0.00000000E+00       0.00000000E+00       0.00000000E+00       0.00000000E+00       0.00000000E+00       0.00000000E+00       0.00000000E+00       0.00000000E+00       0.00000000E+00       0.00000000E+00       0.00000000E+00       0.00000000E+00       0.00000000E+00       0.00000000E+00       0.00000000E+00       0.00000000E+00       0.00000000E+00       0.00000000E+00       0.00000000E+00
     -0.71881031E+02       0.00000000E+00       0.00000000E+00       0.00000000E+00       0.00000000E+00       0.00000000E+00       0.00000000E+00       0.00000000E+00       0.00000000E+00       0.00000000E+00       0.00000000E+00       0.00000000E+00       0.00000000E+00       0.00000000E+00       0.00000000E+00       0.00000000E+00       0.00000000E+00       0.00000000E+00       0.00000000E+00       0.00000000E+00       0.00000000E+00       0.00000000E+00       0.00000000E+00       0.00000000E+00       0.00000000E+00       0.00000000E+00       0.00000000E+00       0.00000000E+00
     -0.71777958E+02       0.00000000E+00       0.00000000E+00       0.00000000E+00       0.00000000E+00       0.00000000E+00       0.00000000E+00       0.00000000E+00       0.00000000E+00       0.00000000E+00       0.00000000E+00       0.00000000E+00       0.00000000E+00       0.00000000E+00       0.00000000E+00       0.00000000E+00       0.00000000E+00       0.00000000E+00       0.00000000E+00       0.00000000E+00       0.00000000E+00       0.00000000E+00       0.00000000E+00       0.00000000E+00       0.00000000E+00       0.00000000E+00       0.00000000E+00       0.00000000E+00
     -0.71674884E+02       0.00000000E+00       0.00000000E+00       0.00000000E+00       0.00000000E+00       0.00000000E+00       0.00000000E+00       0.00000000E+00       0.00000000E+00       0.00000000E+00       0.00000000E+00       0.00000000E+00       0.00000000E+00       0.00000000E+00       0.00000000E+00       0.00000000E+00       0.00000000E+00       0.00000000E+00       0.00000000E+00       0.00000000E+00       0.00000000E+00       0.00000000E+00       0.00000000E+00       0.00000000E+00       0.00000000E+00       0.00000000E+00       0.00000000E+00       0.00000000E+00
     -0.71571811E+02       0.00000000E+00       0.00000000E+00       0.00000000E+00       0.00000000E+00       0.00000000E+00       0.00000000E+00       0.00000000E+00       0.00000000E+00       0.00000000E+00       0.00000000E+00       0.00000000E+00       0.00000000E+00       0.00000000E+00       0.00000000E+00       0.00000000E+00       0.00000000E+00       0.00000000E+00       0.00000000E+00       0.00000000E+00       0.00000000E+00       0.00000000E+00       0.00000000E+00       0.00000000E+00       0.00000000E+00       0.00000000E+00       0.00000000E+00       0.00000000E+00
     -0.71468737E+02       0.00000000E+00       0.00000000E+00       0.00000000E+00       0.00000000E+00       0.00000000E+00       0.00000000E+00       0.00000000E+00       0.00000000E+00       0.00000000E+00       0.00000000E+00       0.00000000E+00       0.00000000E+00       0.00000000E+00       0.00000000E+00       0.00000000E+00       0.00000000E+00       0.00000000E+00       0.00000000E+00       0.00000000E+00       0.00000000E+00       0.00000000E+00       0.00000000E+00       0.00000000E+00       0.00000000E+00       0.00000000E+00       0.00000000E+00       0.00000000E+00
     -0.71365664E+02       0.00000000E+00       0.00000000E+00       0.00000000E+00       0.00000000E+00       0.00000000E+00       0.00000000E+00       0.00000000E+00       0.00000000E+00       0.00000000E+00       0.00000000E+00       0.00000000E+00       0.00000000E+00       0.00000000E+00       0.00000000E+00       0.00000000E+00       0.00000000E+00       0.00000000E+00       0.00000000E+00       0.00000000E+00       0.00000000E+00       0.00000000E+00       0.00000000E+00       0.00000000E+00       0.00000000E+00       0.00000000E+00       0.00000000E+00       0.00000000E+00
     -0.71262590E+02       0.00000000E+00       0.00000000E+00       0.00000000E+00       0.00000000E+00       0.00000000E+00       0.00000000E+00       0.00000000E+00       0.00000000E+00       0.00000000E+00       0.00000000E+00       0.00000000E+00       0.00000000E+00       0.00000000E+00       0.00000000E+00       0.00000000E+00       0.00000000E+00       0.00000000E+00       0.00000000E+00       0.00000000E+00       0.00000000E+00       0.00000000E+00       0.00000000E+00       0.00000000E+00       0.00000000E+00       0.00000000E+00       0.00000000E+00       0.00000000E+00
     -0.71159517E+02       0.00000000E+00       0.00000000E+00       0.00000000E+00       0.00000000E+00       0.00000000E+00       0.00000000E+00       0.00000000E+00       0.00000000E+00       0.00000000E+00       0.00000000E+00       0.00000000E+00       0.00000000E+00       0.00000000E+00       0.00000000E+00       0.00000000E+00       0.00000000E+00       0.00000000E+00       0.00000000E+00       0.00000000E+00       0.00000000E+00       0.00000000E+00       0.00000000E+00       0.00000000E+00       0.00000000E+00       0.00000000E+00       0.00000000E+00       0.00000000E+00
     -0.71056444E+02       0.00000000E+00       0.00000000E+00       0.00000000E+00       0.00000000E+00       0.00000000E+00       0.00000000E+00       0.00000000E+00       0.00000000E+00       0.00000000E+00       0.00000000E+00       0.00000000E+00       0.00000000E+00       0.00000000E+00       0.00000000E+00       0.00000000E+00       0.00000000E+00       0.00000000E+00       0.00000000E+00       0.00000000E+00       0.00000000E+00       0.00000000E+00       0.00000000E+00       0.00000000E+00       0.00000000E+00       0.00000000E+00       0.00000000E+00       0.00000000E+00
     -0.70953370E+02       0.00000000E+00       0.00000000E+00       0.00000000E+00       0.00000000E+00       0.00000000E+00       0.00000000E+00       0.00000000E+00       0.00000000E+00       0.00000000E+00       0.00000000E+00       0.00000000E+00       0.00000000E+00       0.00000000E+00       0.00000000E+00       0.00000000E+00       0.00000000E+00       0.00000000E+00       0.00000000E+00       0.00000000E+00       0.00000000E+00       0.00000000E+00       0.00000000E+00       0.00000000E+00       0.00000000E+00       0.00000000E+00       0.00000000E+00       0.00000000E+00
     -0.70850297E+02       0.00000000E+00       0.00000000E+00       0.00000000E+00       0.00000000E+00       0.00000000E+00       0.00000000E+00       0.00000000E+00       0.00000000E+00       0.00000000E+00       0.00000000E+00       0.00000000E+00       0.00000000E+00       0.00000000E+00       0.00000000E+00       0.00000000E+00       0.00000000E+00       0.00000000E+00       0.00000000E+00       0.00000000E+00       0.00000000E+00       0.00000000E+00       0.00000000E+00       0.00000000E+00       0.00000000E+00       0.00000000E+00       0.00000000E+00       0.00000000E+00
     -0.70747223E+02       0.00000000E+00       0.00000000E+00       0.00000000E+00       0.00000000E+00       0.00000000E+00       0.00000000E+00       0.00000000E+00       0.00000000E+00       0.00000000E+00       0.00000000E+00       0.00000000E+00       0.00000000E+00       0.00000000E+00       0.00000000E+00       0.00000000E+00       0.00000000E+00       0.00000000E+00       0.00000000E+00       0.00000000E+00       0.00000000E+00       0.00000000E+00       0.00000000E+00       0.00000000E+00       0.00000000E+00       0.00000000E+00       0.00000000E+00       0.00000000E+00
     -0.70644150E+02       0.00000000E+00       0.00000000E+00       0.00000000E+00       0.00000000E+00       0.00000000E+00       0.00000000E+00       0.00000000E+00       0.00000000E+00       0.00000000E+00       0.00000000E+00       0.00000000E+00       0.00000000E+00       0.00000000E+00       0.00000000E+00       0.00000000E+00       0.00000000E+00       0.00000000E+00       0.00000000E+00       0.00000000E+00       0.00000000E+00       0.00000000E+00       0.00000000E+00       0.00000000E+00       0.00000000E+00       0.00000000E+00       0.00000000E+00       0.00000000E+00
     -0.70541076E+02       0.00000000E+00       0.00000000E+00       0.00000000E+00       0.00000000E+00       0.00000000E+00       0.00000000E+00       0.00000000E+00       0.00000000E+00       0.00000000E+00       0.00000000E+00       0.00000000E+00       0.00000000E+00       0.00000000E+00       0.00000000E+00       0.00000000E+00       0.00000000E+00       0.00000000E+00       0.00000000E+00       0.00000000E+00       0.00000000E+00       0.00000000E+00       0.00000000E+00       0.00000000E+00       0.00000000E+00       0.00000000E+00       0.00000000E+00       0.00000000E+00
     -0.70438003E+02       0.00000000E+00       0.00000000E+00       0.00000000E+00       0.00000000E+00       0.00000000E+00       0.00000000E+00       0.00000000E+00       0.00000000E+00       0.00000000E+00       0.00000000E+00       0.00000000E+00       0.00000000E+00       0.00000000E+00       0.00000000E+00       0.00000000E+00       0.00000000E+00       0.00000000E+00       0.00000000E+00       0.00000000E+00       0.00000000E+00       0.00000000E+00       0.00000000E+00       0.00000000E+00       0.00000000E+00       0.00000000E+00       0.00000000E+00       0.00000000E+00
     -0.70334930E+02       0.00000000E+00       0.00000000E+00       0.00000000E+00       0.00000000E+00       0.00000000E+00       0.00000000E+00       0.00000000E+00       0.00000000E+00       0.00000000E+00       0.00000000E+00       0.00000000E+00       0.00000000E+00       0.00000000E+00       0.00000000E+00       0.00000000E+00       0.00000000E+00       0.00000000E+00       0.00000000E+00       0.00000000E+00       0.00000000E+00       0.00000000E+00       0.00000000E+00       0.00000000E+00       0.00000000E+00       0.00000000E+00       0.00000000E+00       0.00000000E+00
     -0.70231856E+02       0.00000000E+00       0.00000000E+00       0.00000000E+00       0.00000000E+00       0.00000000E+00       0.00000000E+00       0.00000000E+00       0.00000000E+00       0.00000000E+00       0.00000000E+00       0.00000000E+00       0.00000000E+00       0.00000000E+00       0.00000000E+00       0.00000000E+00       0.00000000E+00       0.00000000E+00       0.00000000E+00       0.00000000E+00       0.00000000E+00       0.00000000E+00       0.00000000E+00       0.00000000E+00       0.00000000E+00       0.00000000E+00       0.00000000E+00       0.00000000E+00
     -0.70128783E+02       0.00000000E+00       0.00000000E+00       0.00000000E+00       0.00000000E+00       0.00000000E+00       0.00000000E+00       0.00000000E+00       0.00000000E+00       0.00000000E+00       0.00000000E+00       0.00000000E+00       0.00000000E+00       0.00000000E+00       0.00000000E+00       0.00000000E+00       0.00000000E+00       0.00000000E+00       0.00000000E+00       0.00000000E+00       0.00000000E+00       0.00000000E+00       0.00000000E+00       0.00000000E+00       0.00000000E+00       0.00000000E+00       0.00000000E+00       0.00000000E+00
     -0.70025709E+02       0.00000000E+00       0.00000000E+00       0.00000000E+00       0.00000000E+00       0.00000000E+00       0.00000000E+00       0.00000000E+00       0.00000000E+00       0.00000000E+00       0.00000000E+00       0.00000000E+00       0.00000000E+00       0.00000000E+00       0.00000000E+00       0.00000000E+00       0.00000000E+00       0.00000000E+00       0.00000000E+00       0.00000000E+00       0.00000000E+00       0.00000000E+00       0.00000000E+00       0.00000000E+00       0.00000000E+00       0.00000000E+00       0.00000000E+00       0.00000000E+00
     -0.69922636E+02       0.00000000E+00       0.00000000E+00       0.00000000E+00       0.00000000E+00       0.00000000E+00       0.00000000E+00       0.00000000E+00       0.00000000E+00       0.00000000E+00       0.00000000E+00       0.00000000E+00       0.00000000E+00       0.00000000E+00       0.00000000E+00       0.00000000E+00       0.00000000E+00       0.00000000E+00       0.00000000E+00       0.00000000E+00       0.00000000E+00       0.00000000E+00       0.00000000E+00       0.00000000E+00       0.00000000E+00       0.00000000E+00       0.00000000E+00       0.00000000E+00
     -0.69819562E+02       0.00000000E+00       0.00000000E+00       0.00000000E+00       0.00000000E+00       0.00000000E+00       0.00000000E+00       0.00000000E+00       0.00000000E+00       0.00000000E+00       0.00000000E+00       0.00000000E+00       0.00000000E+00       0.00000000E+00       0.00000000E+00       0.00000000E+00       0.00000000E+00       0.00000000E+00       0.00000000E+00       0.00000000E+00       0.00000000E+00       0.00000000E+00       0.00000000E+00       0.00000000E+00       0.00000000E+00       0.00000000E+00       0.00000000E+00       0.00000000E+00
     -0.69716489E+02       0.00000000E+00       0.00000000E+00       0.00000000E+00       0.00000000E+00       0.00000000E+00       0.00000000E+00       0.00000000E+00       0.00000000E+00       0.00000000E+00       0.00000000E+00       0.00000000E+00       0.00000000E+00       0.00000000E+00       0.00000000E+00       0.00000000E+00       0.00000000E+00       0.00000000E+00       0.00000000E+00       0.00000000E+00       0.00000000E+00       0.00000000E+00       0.00000000E+00       0.00000000E+00       0.00000000E+00       0.00000000E+00       0.00000000E+00       0.00000000E+00
     -0.69613416E+02       0.00000000E+00       0.00000000E+00       0.00000000E+00       0.00000000E+00       0.00000000E+00       0.00000000E+00       0.00000000E+00       0.00000000E+00       0.00000000E+00       0.00000000E+00       0.00000000E+00       0.00000000E+00       0.00000000E+00       0.00000000E+00       0.00000000E+00       0.00000000E+00       0.00000000E+00       0.00000000E+00       0.00000000E+00       0.00000000E+00       0.00000000E+00       0.00000000E+00       0.00000000E+00       0.00000000E+00       0.00000000E+00       0.00000000E+00       0.00000000E+00
     -0.69510342E+02       0.00000000E+00       0.00000000E+00       0.00000000E+00       0.00000000E+00       0.00000000E+00       0.00000000E+00       0.00000000E+00       0.00000000E+00       0.00000000E+00       0.00000000E+00       0.00000000E+00       0.00000000E+00       0.00000000E+00       0.00000000E+00       0.00000000E+00       0.00000000E+00       0.00000000E+00       0.00000000E+00       0.00000000E+00       0.00000000E+00       0.00000000E+00       0.00000000E+00       0.00000000E+00       0.00000000E+00       0.00000000E+00       0.00000000E+00       0.00000000E+00
     -0.69407269E+02       0.00000000E+00       0.00000000E+00       0.00000000E+00       0.00000000E+00       0.00000000E+00       0.00000000E+00       0.00000000E+00       0.00000000E+00       0.00000000E+00       0.00000000E+00       0.00000000E+00       0.00000000E+00       0.00000000E+00       0.00000000E+00       0.00000000E+00       0.00000000E+00       0.00000000E+00       0.00000000E+00       0.00000000E+00       0.00000000E+00       0.00000000E+00       0.00000000E+00       0.00000000E+00       0.00000000E+00       0.00000000E+00       0.00000000E+00       0.00000000E+00
     -0.69304195E+02       0.00000000E+00       0.00000000E+00       0.00000000E+00       0.00000000E+00       0.00000000E+00       0.00000000E+00       0.00000000E+00       0.00000000E+00       0.00000000E+00       0.00000000E+00       0.00000000E+00       0.00000000E+00       0.00000000E+00       0.00000000E+00       0.00000000E+00       0.00000000E+00       0.00000000E+00       0.00000000E+00       0.00000000E+00       0.00000000E+00       0.00000000E+00       0.00000000E+00       0.00000000E+00       0.00000000E+00       0.00000000E+00       0.00000000E+00       0.00000000E+00
     -0.69201122E+02       0.00000000E+00       0.00000000E+00       0.00000000E+00       0.00000000E+00       0.00000000E+00       0.00000000E+00       0.00000000E+00       0.00000000E+00       0.00000000E+00       0.00000000E+00       0.00000000E+00       0.00000000E+00       0.00000000E+00       0.00000000E+00       0.00000000E+00       0.00000000E+00       0.00000000E+00       0.00000000E+00       0.00000000E+00       0.00000000E+00       0.00000000E+00       0.00000000E+00       0.00000000E+00       0.00000000E+00       0.00000000E+00       0.00000000E+00       0.00000000E+00
     -0.69098048E+02       0.00000000E+00       0.00000000E+00       0.00000000E+00       0.00000000E+00       0.00000000E+00       0.00000000E+00       0.00000000E+00       0.00000000E+00       0.00000000E+00       0.00000000E+00       0.00000000E+00       0.00000000E+00       0.00000000E+00       0.00000000E+00       0.00000000E+00       0.00000000E+00       0.00000000E+00       0.00000000E+00       0.00000000E+00       0.00000000E+00       0.00000000E+00       0.00000000E+00       0.00000000E+00       0.00000000E+00       0.00000000E+00       0.00000000E+00       0.00000000E+00
     -0.68994975E+02       0.00000000E+00       0.00000000E+00       0.00000000E+00       0.00000000E+00       0.00000000E+00       0.00000000E+00       0.00000000E+00       0.00000000E+00       0.00000000E+00       0.00000000E+00       0.00000000E+00       0.00000000E+00       0.00000000E+00       0.00000000E+00       0.00000000E+00       0.00000000E+00       0.00000000E+00       0.00000000E+00       0.00000000E+00       0.00000000E+00       0.00000000E+00       0.00000000E+00       0.00000000E+00       0.00000000E+00       0.00000000E+00       0.00000000E+00       0.00000000E+00
     -0.68891902E+02       0.00000000E+00       0.00000000E+00       0.00000000E+00       0.00000000E+00       0.00000000E+00       0.00000000E+00       0.00000000E+00       0.00000000E+00       0.00000000E+00       0.00000000E+00       0.00000000E+00       0.00000000E+00       0.00000000E+00       0.00000000E+00       0.00000000E+00       0.00000000E+00       0.00000000E+00       0.00000000E+00       0.00000000E+00       0.00000000E+00       0.00000000E+00       0.00000000E+00       0.00000000E+00       0.00000000E+00       0.00000000E+00       0.00000000E+00       0.00000000E+00
     -0.68788828E+02       0.00000000E+00       0.00000000E+00       0.00000000E+00       0.00000000E+00       0.00000000E+00       0.00000000E+00       0.00000000E+00       0.00000000E+00       0.00000000E+00       0.00000000E+00       0.00000000E+00       0.00000000E+00       0.00000000E+00       0.00000000E+00       0.00000000E+00       0.00000000E+00       0.00000000E+00       0.00000000E+00       0.00000000E+00       0.00000000E+00       0.00000000E+00       0.00000000E+00       0.00000000E+00       0.00000000E+00       0.00000000E+00       0.00000000E+00       0.00000000E+00
     -0.68685755E+02       0.00000000E+00       0.00000000E+00       0.00000000E+00       0.00000000E+00       0.00000000E+00       0.00000000E+00       0.00000000E+00       0.00000000E+00       0.00000000E+00       0.00000000E+00       0.00000000E+00       0.00000000E+00       0.00000000E+00       0.00000000E+00       0.00000000E+00       0.00000000E+00       0.00000000E+00       0.00000000E+00       0.00000000E+00       0.00000000E+00       0.00000000E+00       0.00000000E+00       0.00000000E+00       0.00000000E+00       0.00000000E+00       0.00000000E+00       0.00000000E+00
     -0.68582681E+02       0.00000000E+00       0.00000000E+00       0.00000000E+00       0.00000000E+00       0.00000000E+00       0.00000000E+00       0.00000000E+00       0.00000000E+00       0.00000000E+00       0.00000000E+00       0.00000000E+00       0.00000000E+00       0.00000000E+00       0.00000000E+00       0.00000000E+00       0.00000000E+00       0.00000000E+00       0.00000000E+00       0.00000000E+00       0.00000000E+00       0.00000000E+00       0.00000000E+00       0.00000000E+00       0.00000000E+00       0.00000000E+00       0.00000000E+00       0.00000000E+00
     -0.68479608E+02       0.00000000E+00       0.00000000E+00       0.00000000E+00       0.00000000E+00       0.00000000E+00       0.00000000E+00       0.00000000E+00       0.00000000E+00       0.00000000E+00       0.00000000E+00       0.00000000E+00       0.00000000E+00       0.00000000E+00       0.00000000E+00       0.00000000E+00       0.00000000E+00       0.00000000E+00       0.00000000E+00       0.00000000E+00       0.00000000E+00       0.00000000E+00       0.00000000E+00       0.00000000E+00       0.00000000E+00       0.00000000E+00       0.00000000E+00       0.00000000E+00
     -0.68376534E+02       0.00000000E+00       0.00000000E+00       0.00000000E+00       0.00000000E+00       0.00000000E+00       0.00000000E+00       0.00000000E+00       0.00000000E+00       0.00000000E+00       0.00000000E+00       0.00000000E+00       0.00000000E+00       0.00000000E+00       0.00000000E+00       0.00000000E+00       0.00000000E+00       0.00000000E+00       0.00000000E+00       0.00000000E+00       0.00000000E+00       0.00000000E+00       0.00000000E+00       0.00000000E+00       0.00000000E+00       0.00000000E+00       0.00000000E+00       0.00000000E+00
     -0.68273461E+02       0.00000000E+00       0.00000000E+00       0.00000000E+00       0.00000000E+00       0.00000000E+00       0.00000000E+00       0.00000000E+00       0.00000000E+00       0.00000000E+00       0.00000000E+00       0.00000000E+00       0.00000000E+00       0.00000000E+00       0.00000000E+00       0.00000000E+00       0.00000000E+00       0.00000000E+00       0.00000000E+00       0.00000000E+00       0.00000000E+00       0.00000000E+00       0.00000000E+00       0.00000000E+00       0.00000000E+00       0.00000000E+00       0.00000000E+00       0.00000000E+00
     -0.68170387E+02       0.00000000E+00       0.00000000E+00       0.00000000E+00       0.00000000E+00       0.00000000E+00       0.00000000E+00       0.00000000E+00       0.00000000E+00       0.00000000E+00       0.00000000E+00       0.00000000E+00       0.00000000E+00       0.00000000E+00       0.00000000E+00       0.00000000E+00       0.00000000E+00       0.00000000E+00       0.00000000E+00       0.00000000E+00       0.00000000E+00       0.00000000E+00       0.00000000E+00       0.00000000E+00       0.00000000E+00       0.00000000E+00       0.00000000E+00       0.00000000E+00
     -0.68067314E+02       0.00000000E+00       0.00000000E+00       0.00000000E+00       0.00000000E+00       0.00000000E+00       0.00000000E+00       0.00000000E+00       0.00000000E+00       0.00000000E+00       0.00000000E+00       0.00000000E+00       0.00000000E+00       0.00000000E+00       0.00000000E+00       0.00000000E+00       0.00000000E+00       0.00000000E+00       0.00000000E+00       0.00000000E+00       0.00000000E+00       0.00000000E+00       0.00000000E+00       0.00000000E+00       0.00000000E+00       0.00000000E+00       0.00000000E+00       0.00000000E+00
     -0.67964241E+02       0.00000000E+00       0.00000000E+00       0.00000000E+00       0.00000000E+00       0.00000000E+00       0.00000000E+00       0.00000000E+00       0.00000000E+00       0.00000000E+00       0.00000000E+00       0.00000000E+00       0.00000000E+00       0.00000000E+00       0.00000000E+00       0.00000000E+00       0.00000000E+00       0.00000000E+00       0.00000000E+00       0.00000000E+00       0.00000000E+00       0.00000000E+00       0.00000000E+00       0.00000000E+00       0.00000000E+00       0.00000000E+00       0.00000000E+00       0.00000000E+00
     -0.67861167E+02       0.00000000E+00       0.00000000E+00       0.00000000E+00       0.00000000E+00       0.00000000E+00       0.00000000E+00       0.00000000E+00       0.00000000E+00       0.00000000E+00       0.00000000E+00       0.00000000E+00       0.00000000E+00       0.00000000E+00       0.00000000E+00       0.00000000E+00       0.00000000E+00       0.00000000E+00       0.00000000E+00       0.00000000E+00       0.00000000E+00       0.00000000E+00       0.00000000E+00       0.00000000E+00       0.00000000E+00       0.00000000E+00       0.00000000E+00       0.00000000E+00
     -0.67758094E+02       0.00000000E+00       0.00000000E+00       0.00000000E+00       0.00000000E+00       0.00000000E+00       0.00000000E+00       0.00000000E+00       0.00000000E+00       0.00000000E+00       0.00000000E+00       0.00000000E+00       0.00000000E+00       0.00000000E+00       0.00000000E+00       0.00000000E+00       0.00000000E+00       0.00000000E+00       0.00000000E+00       0.00000000E+00       0.00000000E+00       0.00000000E+00       0.00000000E+00       0.00000000E+00       0.00000000E+00       0.00000000E+00       0.00000000E+00       0.00000000E+00
     -0.67655020E+02       0.00000000E+00       0.00000000E+00       0.00000000E+00       0.00000000E+00       0.00000000E+00       0.00000000E+00       0.00000000E+00       0.00000000E+00       0.00000000E+00       0.00000000E+00       0.00000000E+00       0.00000000E+00       0.00000000E+00       0.00000000E+00       0.00000000E+00       0.00000000E+00       0.00000000E+00       0.00000000E+00       0.00000000E+00       0.00000000E+00       0.00000000E+00       0.00000000E+00       0.00000000E+00       0.00000000E+00       0.00000000E+00       0.00000000E+00       0.00000000E+00
     -0.67551947E+02       0.00000000E+00       0.00000000E+00       0.00000000E+00       0.00000000E+00       0.00000000E+00       0.00000000E+00       0.00000000E+00       0.00000000E+00       0.00000000E+00       0.00000000E+00       0.00000000E+00       0.00000000E+00       0.00000000E+00       0.00000000E+00       0.00000000E+00       0.00000000E+00       0.00000000E+00       0.00000000E+00       0.00000000E+00       0.00000000E+00       0.00000000E+00       0.00000000E+00       0.00000000E+00       0.00000000E+00       0.00000000E+00       0.00000000E+00       0.00000000E+00
     -0.67448873E+02       0.00000000E+00       0.00000000E+00       0.00000000E+00       0.00000000E+00       0.00000000E+00       0.00000000E+00       0.00000000E+00       0.00000000E+00       0.00000000E+00       0.00000000E+00       0.00000000E+00       0.00000000E+00       0.00000000E+00       0.00000000E+00       0.00000000E+00       0.00000000E+00       0.00000000E+00       0.00000000E+00       0.00000000E+00       0.00000000E+00       0.00000000E+00       0.00000000E+00       0.00000000E+00       0.00000000E+00       0.00000000E+00       0.00000000E+00       0.00000000E+00
     -0.67345800E+02       0.00000000E+00       0.00000000E+00       0.00000000E+00       0.00000000E+00       0.00000000E+00       0.00000000E+00       0.00000000E+00       0.00000000E+00       0.00000000E+00       0.00000000E+00       0.00000000E+00       0.00000000E+00       0.00000000E+00       0.00000000E+00       0.00000000E+00       0.00000000E+00       0.00000000E+00       0.00000000E+00       0.00000000E+00       0.00000000E+00       0.00000000E+00       0.00000000E+00       0.00000000E+00       0.00000000E+00       0.00000000E+00       0.00000000E+00       0.00000000E+00
     -0.67242727E+02       0.00000000E+00       0.00000000E+00       0.00000000E+00       0.00000000E+00       0.00000000E+00       0.00000000E+00       0.00000000E+00       0.00000000E+00       0.00000000E+00       0.00000000E+00       0.00000000E+00       0.00000000E+00       0.00000000E+00       0.00000000E+00       0.00000000E+00       0.00000000E+00       0.00000000E+00       0.00000000E+00       0.00000000E+00       0.00000000E+00       0.00000000E+00       0.00000000E+00       0.00000000E+00       0.00000000E+00       0.00000000E+00       0.00000000E+00       0.00000000E+00
     -0.67139653E+02       0.00000000E+00       0.00000000E+00       0.00000000E+00       0.00000000E+00       0.00000000E+00       0.00000000E+00       0.00000000E+00       0.00000000E+00       0.00000000E+00       0.00000000E+00       0.00000000E+00       0.00000000E+00       0.00000000E+00       0.00000000E+00       0.00000000E+00       0.00000000E+00       0.00000000E+00       0.00000000E+00       0.00000000E+00       0.00000000E+00       0.00000000E+00       0.00000000E+00       0.00000000E+00       0.00000000E+00       0.00000000E+00       0.00000000E+00       0.00000000E+00
     -0.67036580E+02       0.00000000E+00       0.00000000E+00       0.00000000E+00       0.00000000E+00       0.00000000E+00       0.00000000E+00       0.00000000E+00       0.00000000E+00       0.00000000E+00       0.00000000E+00       0.00000000E+00       0.00000000E+00       0.00000000E+00       0.00000000E+00       0.00000000E+00       0.00000000E+00       0.00000000E+00       0.00000000E+00       0.00000000E+00       0.00000000E+00       0.00000000E+00       0.00000000E+00       0.00000000E+00       0.00000000E+00       0.00000000E+00       0.00000000E+00       0.00000000E+00
     -0.66933506E+02       0.00000000E+00       0.00000000E+00       0.00000000E+00       0.00000000E+00       0.00000000E+00       0.00000000E+00       0.00000000E+00       0.00000000E+00       0.00000000E+00       0.00000000E+00       0.00000000E+00       0.00000000E+00       0.00000000E+00       0.00000000E+00       0.00000000E+00       0.00000000E+00       0.00000000E+00       0.00000000E+00       0.00000000E+00       0.00000000E+00       0.00000000E+00       0.00000000E+00       0.00000000E+00       0.00000000E+00       0.00000000E+00       0.00000000E+00       0.00000000E+00
     -0.66830433E+02       0.00000000E+00       0.00000000E+00       0.00000000E+00       0.00000000E+00       0.00000000E+00       0.00000000E+00       0.00000000E+00       0.00000000E+00       0.00000000E+00       0.00000000E+00       0.00000000E+00       0.00000000E+00       0.00000000E+00       0.00000000E+00       0.00000000E+00       0.00000000E+00       0.00000000E+00       0.00000000E+00       0.00000000E+00       0.00000000E+00       0.00000000E+00       0.00000000E+00       0.00000000E+00       0.00000000E+00       0.00000000E+00       0.00000000E+00       0.00000000E+00
     -0.66727359E+02       0.00000000E+00       0.00000000E+00       0.00000000E+00       0.00000000E+00       0.00000000E+00       0.00000000E+00       0.00000000E+00       0.00000000E+00       0.00000000E+00       0.00000000E+00       0.00000000E+00       0.00000000E+00       0.00000000E+00       0.00000000E+00       0.00000000E+00       0.00000000E+00       0.00000000E+00       0.00000000E+00       0.00000000E+00       0.00000000E+00       0.00000000E+00       0.00000000E+00       0.00000000E+00       0.00000000E+00       0.00000000E+00       0.00000000E+00       0.00000000E+00
     -0.66624286E+02       0.00000000E+00       0.00000000E+00       0.00000000E+00       0.00000000E+00       0.00000000E+00       0.00000000E+00       0.00000000E+00       0.00000000E+00       0.00000000E+00       0.00000000E+00       0.00000000E+00       0.00000000E+00       0.00000000E+00       0.00000000E+00       0.00000000E+00       0.00000000E+00       0.00000000E+00       0.00000000E+00       0.00000000E+00       0.00000000E+00       0.00000000E+00       0.00000000E+00       0.00000000E+00       0.00000000E+00       0.00000000E+00       0.00000000E+00       0.00000000E+00
     -0.66521213E+02       0.00000000E+00       0.00000000E+00       0.00000000E+00       0.00000000E+00       0.00000000E+00       0.00000000E+00       0.00000000E+00       0.00000000E+00       0.00000000E+00       0.00000000E+00       0.00000000E+00       0.00000000E+00       0.00000000E+00       0.00000000E+00       0.00000000E+00       0.00000000E+00       0.00000000E+00       0.00000000E+00       0.00000000E+00       0.00000000E+00       0.00000000E+00       0.00000000E+00       0.00000000E+00       0.00000000E+00       0.00000000E+00       0.00000000E+00       0.00000000E+00
     -0.66418139E+02       0.00000000E+00       0.00000000E+00       0.00000000E+00       0.00000000E+00       0.00000000E+00       0.00000000E+00       0.00000000E+00       0.00000000E+00       0.00000000E+00       0.00000000E+00       0.00000000E+00       0.00000000E+00       0.00000000E+00       0.00000000E+00       0.00000000E+00       0.00000000E+00       0.00000000E+00       0.00000000E+00       0.00000000E+00       0.00000000E+00       0.00000000E+00       0.00000000E+00       0.00000000E+00       0.00000000E+00       0.00000000E+00       0.00000000E+00       0.00000000E+00
     -0.66315066E+02       0.00000000E+00       0.00000000E+00       0.00000000E+00       0.00000000E+00       0.00000000E+00       0.00000000E+00       0.00000000E+00       0.00000000E+00       0.00000000E+00       0.00000000E+00       0.00000000E+00       0.00000000E+00       0.00000000E+00       0.00000000E+00       0.00000000E+00       0.00000000E+00       0.00000000E+00       0.00000000E+00       0.00000000E+00       0.00000000E+00       0.00000000E+00       0.00000000E+00       0.00000000E+00       0.00000000E+00       0.00000000E+00       0.00000000E+00       0.00000000E+00
     -0.66211992E+02       0.00000000E+00       0.00000000E+00       0.00000000E+00       0.00000000E+00       0.00000000E+00       0.00000000E+00       0.00000000E+00       0.00000000E+00       0.00000000E+00       0.00000000E+00       0.00000000E+00       0.00000000E+00       0.00000000E+00       0.00000000E+00       0.00000000E+00       0.00000000E+00       0.00000000E+00       0.00000000E+00       0.00000000E+00       0.00000000E+00       0.00000000E+00       0.00000000E+00       0.00000000E+00       0.00000000E+00       0.00000000E+00       0.00000000E+00       0.00000000E+00
     -0.66108919E+02       0.00000000E+00       0.00000000E+00       0.00000000E+00       0.00000000E+00       0.00000000E+00       0.00000000E+00       0.00000000E+00       0.00000000E+00       0.00000000E+00       0.00000000E+00       0.00000000E+00       0.00000000E+00       0.00000000E+00       0.00000000E+00       0.00000000E+00       0.00000000E+00       0.00000000E+00       0.00000000E+00       0.00000000E+00       0.00000000E+00       0.00000000E+00       0.00000000E+00       0.00000000E+00       0.00000000E+00       0.00000000E+00       0.00000000E+00       0.00000000E+00
     -0.66005845E+02       0.00000000E+00       0.00000000E+00       0.00000000E+00       0.00000000E+00       0.00000000E+00       0.00000000E+00       0.00000000E+00       0.00000000E+00       0.00000000E+00       0.00000000E+00       0.00000000E+00       0.00000000E+00       0.00000000E+00       0.00000000E+00       0.00000000E+00       0.00000000E+00       0.00000000E+00       0.00000000E+00       0.00000000E+00       0.00000000E+00       0.00000000E+00       0.00000000E+00       0.00000000E+00       0.00000000E+00       0.00000000E+00       0.00000000E+00       0.00000000E+00
     -0.65902772E+02       0.00000000E+00       0.00000000E+00       0.00000000E+00       0.00000000E+00       0.00000000E+00       0.00000000E+00       0.00000000E+00       0.00000000E+00       0.00000000E+00       0.00000000E+00       0.00000000E+00       0.00000000E+00       0.00000000E+00       0.00000000E+00       0.00000000E+00       0.00000000E+00       0.00000000E+00       0.00000000E+00       0.00000000E+00       0.00000000E+00       0.00000000E+00       0.00000000E+00       0.00000000E+00       0.00000000E+00       0.00000000E+00       0.00000000E+00       0.00000000E+00
     -0.65799699E+02       0.00000000E+00       0.00000000E+00       0.00000000E+00       0.00000000E+00       0.00000000E+00       0.00000000E+00       0.00000000E+00       0.00000000E+00       0.00000000E+00       0.00000000E+00       0.00000000E+00       0.00000000E+00       0.00000000E+00       0.00000000E+00       0.00000000E+00       0.00000000E+00       0.00000000E+00       0.00000000E+00       0.00000000E+00       0.00000000E+00       0.00000000E+00       0.00000000E+00       0.00000000E+00       0.00000000E+00       0.00000000E+00       0.00000000E+00       0.00000000E+00
     -0.65696625E+02       0.00000000E+00       0.00000000E+00       0.00000000E+00       0.00000000E+00       0.00000000E+00       0.00000000E+00       0.00000000E+00       0.00000000E+00       0.00000000E+00       0.00000000E+00       0.00000000E+00       0.00000000E+00       0.00000000E+00       0.00000000E+00       0.00000000E+00       0.00000000E+00       0.00000000E+00       0.00000000E+00       0.00000000E+00       0.00000000E+00       0.00000000E+00       0.00000000E+00       0.00000000E+00       0.00000000E+00       0.00000000E+00       0.00000000E+00       0.00000000E+00
     -0.65593552E+02       0.00000000E+00       0.00000000E+00       0.00000000E+00       0.00000000E+00       0.00000000E+00       0.00000000E+00       0.00000000E+00       0.00000000E+00       0.00000000E+00       0.00000000E+00       0.00000000E+00       0.00000000E+00       0.00000000E+00       0.00000000E+00       0.00000000E+00       0.00000000E+00       0.00000000E+00       0.00000000E+00       0.00000000E+00       0.00000000E+00       0.00000000E+00       0.00000000E+00       0.00000000E+00       0.00000000E+00       0.00000000E+00       0.00000000E+00       0.00000000E+00
     -0.65490478E+02       0.00000000E+00       0.00000000E+00       0.00000000E+00       0.00000000E+00       0.00000000E+00       0.00000000E+00       0.00000000E+00       0.00000000E+00       0.00000000E+00       0.00000000E+00       0.00000000E+00       0.00000000E+00       0.00000000E+00       0.00000000E+00       0.00000000E+00       0.00000000E+00       0.00000000E+00       0.00000000E+00       0.00000000E+00       0.00000000E+00       0.00000000E+00       0.00000000E+00       0.00000000E+00       0.00000000E+00       0.00000000E+00       0.00000000E+00       0.00000000E+00
     -0.65387405E+02       0.00000000E+00       0.00000000E+00       0.00000000E+00       0.00000000E+00       0.00000000E+00       0.00000000E+00       0.00000000E+00       0.00000000E+00       0.00000000E+00       0.00000000E+00       0.00000000E+00       0.00000000E+00       0.00000000E+00       0.00000000E+00       0.00000000E+00       0.00000000E+00       0.00000000E+00       0.00000000E+00       0.00000000E+00       0.00000000E+00       0.00000000E+00       0.00000000E+00       0.00000000E+00       0.00000000E+00       0.00000000E+00       0.00000000E+00       0.00000000E+00
     -0.65284331E+02       0.00000000E+00       0.00000000E+00       0.00000000E+00       0.00000000E+00       0.00000000E+00       0.00000000E+00       0.00000000E+00       0.00000000E+00       0.00000000E+00       0.00000000E+00       0.00000000E+00       0.00000000E+00       0.00000000E+00       0.00000000E+00       0.00000000E+00       0.00000000E+00       0.00000000E+00       0.00000000E+00       0.00000000E+00       0.00000000E+00       0.00000000E+00       0.00000000E+00       0.00000000E+00       0.00000000E+00       0.00000000E+00       0.00000000E+00       0.00000000E+00
     -0.65181258E+02       0.00000000E+00       0.00000000E+00       0.00000000E+00       0.00000000E+00       0.00000000E+00       0.00000000E+00       0.00000000E+00       0.00000000E+00       0.00000000E+00       0.00000000E+00       0.00000000E+00       0.00000000E+00       0.00000000E+00       0.00000000E+00       0.00000000E+00       0.00000000E+00       0.00000000E+00       0.00000000E+00       0.00000000E+00       0.00000000E+00       0.00000000E+00       0.00000000E+00       0.00000000E+00       0.00000000E+00       0.00000000E+00       0.00000000E+00       0.00000000E+00
     -0.65078184E+02       0.00000000E+00       0.00000000E+00       0.00000000E+00       0.00000000E+00       0.00000000E+00       0.00000000E+00       0.00000000E+00       0.00000000E+00       0.00000000E+00       0.00000000E+00       0.00000000E+00       0.00000000E+00       0.00000000E+00       0.00000000E+00       0.00000000E+00       0.00000000E+00       0.00000000E+00       0.00000000E+00       0.00000000E+00       0.00000000E+00       0.00000000E+00       0.00000000E+00       0.00000000E+00       0.00000000E+00       0.00000000E+00       0.00000000E+00       0.00000000E+00
     -0.64975111E+02       0.00000000E+00       0.00000000E+00       0.00000000E+00       0.00000000E+00       0.00000000E+00       0.00000000E+00       0.00000000E+00       0.00000000E+00       0.00000000E+00       0.00000000E+00       0.00000000E+00       0.00000000E+00       0.00000000E+00       0.00000000E+00       0.00000000E+00       0.00000000E+00       0.00000000E+00       0.00000000E+00       0.00000000E+00       0.00000000E+00       0.00000000E+00       0.00000000E+00       0.00000000E+00       0.00000000E+00       0.00000000E+00       0.00000000E+00       0.00000000E+00
     -0.64872038E+02       0.00000000E+00       0.00000000E+00       0.00000000E+00       0.00000000E+00       0.00000000E+00       0.00000000E+00       0.00000000E+00       0.00000000E+00       0.00000000E+00       0.00000000E+00       0.00000000E+00       0.00000000E+00       0.00000000E+00       0.00000000E+00       0.00000000E+00       0.00000000E+00       0.00000000E+00       0.00000000E+00       0.00000000E+00       0.00000000E+00       0.00000000E+00       0.00000000E+00       0.00000000E+00       0.00000000E+00       0.00000000E+00       0.00000000E+00       0.00000000E+00
     -0.64768964E+02       0.00000000E+00       0.00000000E+00       0.00000000E+00       0.00000000E+00       0.00000000E+00       0.00000000E+00       0.00000000E+00       0.00000000E+00       0.00000000E+00       0.00000000E+00       0.00000000E+00       0.00000000E+00       0.00000000E+00       0.00000000E+00       0.00000000E+00       0.00000000E+00       0.00000000E+00       0.00000000E+00       0.00000000E+00       0.00000000E+00       0.00000000E+00       0.00000000E+00       0.00000000E+00       0.00000000E+00       0.00000000E+00       0.00000000E+00       0.00000000E+00
     -0.64665891E+02       0.00000000E+00       0.00000000E+00       0.00000000E+00       0.00000000E+00       0.00000000E+00       0.00000000E+00       0.00000000E+00       0.00000000E+00       0.00000000E+00       0.00000000E+00       0.00000000E+00       0.00000000E+00       0.00000000E+00       0.00000000E+00       0.00000000E+00       0.00000000E+00       0.00000000E+00       0.00000000E+00       0.00000000E+00       0.00000000E+00       0.00000000E+00       0.00000000E+00       0.00000000E+00       0.00000000E+00       0.00000000E+00       0.00000000E+00       0.00000000E+00
     -0.64562817E+02       0.00000000E+00       0.00000000E+00       0.00000000E+00       0.00000000E+00       0.00000000E+00       0.00000000E+00       0.00000000E+00       0.00000000E+00       0.00000000E+00       0.00000000E+00       0.00000000E+00       0.00000000E+00       0.00000000E+00       0.00000000E+00       0.00000000E+00       0.00000000E+00       0.00000000E+00       0.00000000E+00       0.00000000E+00       0.00000000E+00       0.00000000E+00       0.00000000E+00       0.00000000E+00       0.00000000E+00       0.00000000E+00       0.00000000E+00       0.00000000E+00
     -0.64459744E+02       0.00000000E+00       0.00000000E+00       0.00000000E+00       0.00000000E+00       0.00000000E+00       0.00000000E+00       0.00000000E+00       0.00000000E+00       0.00000000E+00       0.00000000E+00       0.00000000E+00       0.00000000E+00       0.00000000E+00       0.00000000E+00       0.00000000E+00       0.00000000E+00       0.00000000E+00       0.00000000E+00       0.00000000E+00       0.00000000E+00       0.00000000E+00       0.00000000E+00       0.00000000E+00       0.00000000E+00       0.00000000E+00       0.00000000E+00       0.00000000E+00
     -0.64356670E+02       0.00000000E+00       0.00000000E+00       0.00000000E+00       0.00000000E+00       0.00000000E+00       0.00000000E+00       0.00000000E+00       0.00000000E+00       0.00000000E+00       0.00000000E+00       0.00000000E+00       0.00000000E+00       0.00000000E+00       0.00000000E+00       0.00000000E+00       0.00000000E+00       0.00000000E+00       0.00000000E+00       0.00000000E+00       0.00000000E+00       0.00000000E+00       0.00000000E+00       0.00000000E+00       0.00000000E+00       0.00000000E+00       0.00000000E+00       0.00000000E+00
     -0.64253597E+02       0.00000000E+00       0.00000000E+00       0.00000000E+00       0.00000000E+00       0.00000000E+00       0.00000000E+00       0.00000000E+00       0.00000000E+00       0.00000000E+00       0.00000000E+00       0.00000000E+00       0.00000000E+00       0.00000000E+00       0.00000000E+00       0.00000000E+00       0.00000000E+00       0.00000000E+00       0.00000000E+00       0.00000000E+00       0.00000000E+00       0.00000000E+00       0.00000000E+00       0.00000000E+00       0.00000000E+00       0.00000000E+00       0.00000000E+00       0.00000000E+00
     -0.64150524E+02       0.00000000E+00       0.00000000E+00       0.00000000E+00       0.00000000E+00       0.00000000E+00       0.00000000E+00       0.00000000E+00       0.00000000E+00       0.00000000E+00       0.00000000E+00       0.00000000E+00       0.00000000E+00       0.00000000E+00       0.00000000E+00       0.00000000E+00       0.00000000E+00       0.00000000E+00       0.00000000E+00       0.00000000E+00       0.00000000E+00       0.00000000E+00       0.00000000E+00       0.00000000E+00       0.00000000E+00       0.00000000E+00       0.00000000E+00       0.00000000E+00
     -0.64047450E+02       0.00000000E+00       0.00000000E+00       0.00000000E+00       0.00000000E+00       0.00000000E+00       0.00000000E+00       0.00000000E+00       0.00000000E+00       0.00000000E+00       0.00000000E+00       0.00000000E+00       0.00000000E+00       0.00000000E+00       0.00000000E+00       0.00000000E+00       0.00000000E+00       0.00000000E+00       0.00000000E+00       0.00000000E+00       0.00000000E+00       0.00000000E+00       0.00000000E+00       0.00000000E+00       0.00000000E+00       0.00000000E+00       0.00000000E+00       0.00000000E+00
     -0.63944377E+02       0.00000000E+00       0.00000000E+00       0.00000000E+00       0.00000000E+00       0.00000000E+00       0.00000000E+00       0.00000000E+00       0.00000000E+00       0.00000000E+00       0.00000000E+00       0.00000000E+00       0.00000000E+00       0.00000000E+00       0.00000000E+00       0.00000000E+00       0.00000000E+00       0.00000000E+00       0.00000000E+00       0.00000000E+00       0.00000000E+00       0.00000000E+00       0.00000000E+00       0.00000000E+00       0.00000000E+00       0.00000000E+00       0.00000000E+00       0.00000000E+00
     -0.63841303E+02       0.00000000E+00       0.00000000E+00       0.00000000E+00       0.00000000E+00       0.00000000E+00       0.00000000E+00       0.00000000E+00       0.00000000E+00       0.00000000E+00       0.00000000E+00       0.00000000E+00       0.00000000E+00       0.00000000E+00       0.00000000E+00       0.00000000E+00       0.00000000E+00       0.00000000E+00       0.00000000E+00       0.00000000E+00       0.00000000E+00       0.00000000E+00       0.00000000E+00       0.00000000E+00       0.00000000E+00       0.00000000E+00       0.00000000E+00       0.00000000E+00
     -0.63738230E+02       0.00000000E+00       0.00000000E+00       0.00000000E+00       0.00000000E+00       0.00000000E+00       0.00000000E+00       0.00000000E+00       0.00000000E+00       0.00000000E+00       0.00000000E+00       0.00000000E+00       0.00000000E+00       0.00000000E+00       0.00000000E+00       0.00000000E+00       0.00000000E+00       0.00000000E+00       0.00000000E+00       0.00000000E+00       0.00000000E+00       0.00000000E+00       0.00000000E+00       0.00000000E+00       0.00000000E+00       0.00000000E+00       0.00000000E+00       0.00000000E+00
     -0.63635156E+02       0.00000000E+00       0.00000000E+00       0.00000000E+00       0.00000000E+00       0.00000000E+00       0.00000000E+00       0.00000000E+00       0.00000000E+00       0.00000000E+00       0.00000000E+00       0.00000000E+00       0.00000000E+00       0.00000000E+00       0.00000000E+00       0.00000000E+00       0.00000000E+00       0.00000000E+00       0.00000000E+00       0.00000000E+00       0.00000000E+00       0.00000000E+00       0.00000000E+00       0.00000000E+00       0.00000000E+00       0.00000000E+00       0.00000000E+00       0.00000000E+00
     -0.63532083E+02       0.00000000E+00       0.00000000E+00       0.00000000E+00       0.00000000E+00       0.00000000E+00       0.00000000E+00       0.00000000E+00       0.00000000E+00       0.00000000E+00       0.00000000E+00       0.00000000E+00       0.00000000E+00       0.00000000E+00       0.00000000E+00       0.00000000E+00       0.00000000E+00       0.00000000E+00       0.00000000E+00       0.00000000E+00       0.00000000E+00       0.00000000E+00       0.00000000E+00       0.00000000E+00       0.00000000E+00       0.00000000E+00       0.00000000E+00       0.00000000E+00
     -0.63429010E+02       0.00000000E+00       0.00000000E+00       0.00000000E+00       0.00000000E+00       0.00000000E+00       0.00000000E+00       0.00000000E+00       0.00000000E+00       0.00000000E+00       0.00000000E+00       0.00000000E+00       0.00000000E+00       0.00000000E+00       0.00000000E+00       0.00000000E+00       0.00000000E+00       0.00000000E+00       0.00000000E+00       0.00000000E+00       0.00000000E+00       0.00000000E+00       0.00000000E+00       0.00000000E+00       0.00000000E+00       0.00000000E+00       0.00000000E+00       0.00000000E+00
     -0.63325936E+02       0.00000000E+00       0.00000000E+00       0.00000000E+00       0.00000000E+00       0.00000000E+00       0.00000000E+00       0.00000000E+00       0.00000000E+00       0.00000000E+00       0.00000000E+00       0.00000000E+00       0.00000000E+00       0.00000000E+00       0.00000000E+00       0.00000000E+00       0.00000000E+00       0.00000000E+00       0.00000000E+00       0.00000000E+00       0.00000000E+00       0.00000000E+00       0.00000000E+00       0.00000000E+00       0.00000000E+00       0.00000000E+00       0.00000000E+00       0.00000000E+00
     -0.63222863E+02       0.00000000E+00       0.00000000E+00       0.00000000E+00       0.00000000E+00       0.00000000E+00       0.00000000E+00       0.00000000E+00       0.00000000E+00       0.00000000E+00       0.00000000E+00       0.00000000E+00       0.00000000E+00       0.00000000E+00       0.00000000E+00       0.00000000E+00       0.00000000E+00       0.00000000E+00       0.00000000E+00       0.00000000E+00       0.00000000E+00       0.00000000E+00       0.00000000E+00       0.00000000E+00       0.00000000E+00       0.00000000E+00       0.00000000E+00       0.00000000E+00
     -0.63119789E+02       0.00000000E+00       0.00000000E+00       0.00000000E+00       0.00000000E+00       0.00000000E+00       0.00000000E+00       0.00000000E+00       0.00000000E+00       0.00000000E+00       0.00000000E+00       0.00000000E+00       0.00000000E+00       0.00000000E+00       0.00000000E+00       0.00000000E+00       0.00000000E+00       0.00000000E+00       0.00000000E+00       0.00000000E+00       0.00000000E+00       0.00000000E+00       0.00000000E+00       0.00000000E+00       0.00000000E+00       0.00000000E+00       0.00000000E+00       0.00000000E+00
     -0.63016716E+02       0.00000000E+00       0.00000000E+00       0.00000000E+00       0.00000000E+00       0.00000000E+00       0.00000000E+00       0.00000000E+00       0.00000000E+00       0.00000000E+00       0.00000000E+00       0.00000000E+00       0.00000000E+00       0.00000000E+00       0.00000000E+00       0.00000000E+00       0.00000000E+00       0.00000000E+00       0.00000000E+00       0.00000000E+00       0.00000000E+00       0.00000000E+00       0.00000000E+00       0.00000000E+00       0.00000000E+00       0.00000000E+00       0.00000000E+00       0.00000000E+00
     -0.62913642E+02       0.00000000E+00       0.00000000E+00       0.00000000E+00       0.00000000E+00       0.00000000E+00       0.00000000E+00       0.00000000E+00       0.00000000E+00       0.00000000E+00       0.00000000E+00       0.00000000E+00       0.00000000E+00       0.00000000E+00       0.00000000E+00       0.00000000E+00       0.00000000E+00       0.00000000E+00       0.00000000E+00       0.00000000E+00       0.00000000E+00       0.00000000E+00       0.00000000E+00       0.00000000E+00       0.00000000E+00       0.00000000E+00       0.00000000E+00       0.00000000E+00
     -0.62810569E+02       0.00000000E+00       0.00000000E+00       0.00000000E+00       0.00000000E+00       0.00000000E+00       0.00000000E+00       0.00000000E+00       0.00000000E+00       0.00000000E+00       0.00000000E+00       0.00000000E+00       0.00000000E+00       0.00000000E+00       0.00000000E+00       0.00000000E+00       0.00000000E+00       0.00000000E+00       0.00000000E+00       0.00000000E+00       0.00000000E+00       0.00000000E+00       0.00000000E+00       0.00000000E+00       0.00000000E+00       0.00000000E+00       0.00000000E+00       0.00000000E+00
     -0.62707496E+02       0.00000000E+00       0.00000000E+00       0.00000000E+00       0.00000000E+00       0.00000000E+00       0.00000000E+00       0.00000000E+00       0.00000000E+00       0.00000000E+00       0.00000000E+00       0.00000000E+00       0.00000000E+00       0.00000000E+00       0.00000000E+00       0.00000000E+00       0.00000000E+00       0.00000000E+00       0.00000000E+00       0.00000000E+00       0.00000000E+00       0.00000000E+00       0.00000000E+00       0.00000000E+00       0.00000000E+00       0.00000000E+00       0.00000000E+00       0.00000000E+00
     -0.62604422E+02       0.00000000E+00       0.00000000E+00       0.00000000E+00       0.00000000E+00       0.00000000E+00       0.00000000E+00       0.00000000E+00       0.00000000E+00       0.00000000E+00       0.00000000E+00       0.00000000E+00       0.00000000E+00       0.00000000E+00       0.00000000E+00       0.00000000E+00       0.00000000E+00       0.00000000E+00       0.00000000E+00       0.00000000E+00       0.00000000E+00       0.00000000E+00       0.00000000E+00       0.00000000E+00       0.00000000E+00       0.00000000E+00       0.00000000E+00       0.00000000E+00
     -0.62501349E+02       0.00000000E+00       0.00000000E+00       0.00000000E+00       0.00000000E+00       0.00000000E+00       0.00000000E+00       0.00000000E+00       0.00000000E+00       0.00000000E+00       0.00000000E+00       0.00000000E+00       0.00000000E+00       0.00000000E+00       0.00000000E+00       0.00000000E+00       0.00000000E+00       0.00000000E+00       0.00000000E+00       0.00000000E+00       0.00000000E+00       0.00000000E+00       0.00000000E+00       0.00000000E+00       0.00000000E+00       0.00000000E+00       0.00000000E+00       0.00000000E+00
     -0.62398275E+02       0.00000000E+00       0.00000000E+00       0.00000000E+00       0.00000000E+00       0.00000000E+00       0.00000000E+00       0.00000000E+00       0.00000000E+00       0.00000000E+00       0.00000000E+00       0.00000000E+00       0.00000000E+00       0.00000000E+00       0.00000000E+00       0.00000000E+00       0.00000000E+00       0.00000000E+00       0.00000000E+00       0.00000000E+00       0.00000000E+00       0.00000000E+00       0.00000000E+00       0.00000000E+00       0.00000000E+00       0.00000000E+00       0.00000000E+00       0.00000000E+00
     -0.62295202E+02       0.00000000E+00       0.00000000E+00       0.00000000E+00       0.00000000E+00       0.00000000E+00       0.00000000E+00       0.00000000E+00       0.00000000E+00       0.00000000E+00       0.00000000E+00       0.00000000E+00       0.00000000E+00       0.00000000E+00       0.00000000E+00       0.00000000E+00       0.00000000E+00       0.00000000E+00       0.00000000E+00       0.00000000E+00       0.00000000E+00       0.00000000E+00       0.00000000E+00       0.00000000E+00       0.00000000E+00       0.00000000E+00       0.00000000E+00       0.00000000E+00
     -0.62192128E+02       0.00000000E+00       0.00000000E+00       0.00000000E+00       0.00000000E+00       0.00000000E+00       0.00000000E+00       0.00000000E+00       0.00000000E+00       0.00000000E+00       0.00000000E+00       0.00000000E+00       0.00000000E+00       0.00000000E+00       0.00000000E+00       0.00000000E+00       0.00000000E+00       0.00000000E+00       0.00000000E+00       0.00000000E+00       0.00000000E+00       0.00000000E+00       0.00000000E+00       0.00000000E+00       0.00000000E+00       0.00000000E+00       0.00000000E+00       0.00000000E+00
     -0.62089055E+02       0.00000000E+00       0.00000000E+00       0.00000000E+00       0.00000000E+00       0.00000000E+00       0.00000000E+00       0.00000000E+00       0.00000000E+00       0.00000000E+00       0.00000000E+00       0.00000000E+00       0.00000000E+00       0.00000000E+00       0.00000000E+00       0.00000000E+00       0.00000000E+00       0.00000000E+00       0.00000000E+00       0.00000000E+00       0.00000000E+00       0.00000000E+00       0.00000000E+00       0.00000000E+00       0.00000000E+00       0.00000000E+00       0.00000000E+00       0.00000000E+00
     -0.61985982E+02       0.00000000E+00       0.00000000E+00       0.00000000E+00       0.00000000E+00       0.00000000E+00       0.00000000E+00       0.00000000E+00       0.00000000E+00       0.00000000E+00       0.00000000E+00       0.00000000E+00       0.00000000E+00       0.00000000E+00       0.00000000E+00       0.00000000E+00       0.00000000E+00       0.00000000E+00       0.00000000E+00       0.00000000E+00       0.00000000E+00       0.00000000E+00       0.00000000E+00       0.00000000E+00       0.00000000E+00       0.00000000E+00       0.00000000E+00       0.00000000E+00
     -0.61882908E+02       0.00000000E+00       0.00000000E+00       0.00000000E+00       0.00000000E+00       0.00000000E+00       0.00000000E+00       0.00000000E+00       0.00000000E+00       0.00000000E+00       0.00000000E+00       0.00000000E+00       0.00000000E+00       0.00000000E+00       0.00000000E+00       0.00000000E+00       0.00000000E+00       0.00000000E+00       0.00000000E+00       0.00000000E+00       0.00000000E+00       0.00000000E+00       0.00000000E+00       0.00000000E+00       0.00000000E+00       0.00000000E+00       0.00000000E+00       0.00000000E+00
     -0.61779835E+02       0.00000000E+00       0.00000000E+00       0.00000000E+00       0.00000000E+00       0.00000000E+00       0.00000000E+00       0.00000000E+00       0.00000000E+00       0.00000000E+00       0.00000000E+00       0.00000000E+00       0.00000000E+00       0.00000000E+00       0.00000000E+00       0.00000000E+00       0.00000000E+00       0.00000000E+00       0.00000000E+00       0.00000000E+00       0.00000000E+00       0.00000000E+00       0.00000000E+00       0.00000000E+00       0.00000000E+00       0.00000000E+00       0.00000000E+00       0.00000000E+00
     -0.61676761E+02       0.00000000E+00       0.00000000E+00       0.00000000E+00       0.00000000E+00       0.00000000E+00       0.00000000E+00       0.00000000E+00       0.00000000E+00       0.00000000E+00       0.00000000E+00       0.00000000E+00       0.00000000E+00       0.00000000E+00       0.00000000E+00       0.00000000E+00       0.00000000E+00       0.00000000E+00       0.00000000E+00       0.00000000E+00       0.00000000E+00       0.00000000E+00       0.00000000E+00       0.00000000E+00       0.00000000E+00       0.00000000E+00       0.00000000E+00       0.00000000E+00
     -0.61573688E+02       0.00000000E+00       0.00000000E+00       0.00000000E+00       0.00000000E+00       0.00000000E+00       0.00000000E+00       0.00000000E+00       0.00000000E+00       0.00000000E+00       0.00000000E+00       0.00000000E+00       0.00000000E+00       0.00000000E+00       0.00000000E+00       0.00000000E+00       0.00000000E+00       0.00000000E+00       0.00000000E+00       0.00000000E+00       0.00000000E+00       0.00000000E+00       0.00000000E+00       0.00000000E+00       0.00000000E+00       0.00000000E+00       0.00000000E+00       0.00000000E+00
     -0.61470614E+02       0.00000000E+00       0.00000000E+00       0.00000000E+00       0.00000000E+00       0.00000000E+00       0.00000000E+00       0.00000000E+00       0.00000000E+00       0.00000000E+00       0.00000000E+00       0.00000000E+00       0.00000000E+00       0.00000000E+00       0.00000000E+00       0.00000000E+00       0.00000000E+00       0.00000000E+00       0.00000000E+00       0.00000000E+00       0.00000000E+00       0.00000000E+00       0.00000000E+00       0.00000000E+00       0.00000000E+00       0.00000000E+00       0.00000000E+00       0.00000000E+00
     -0.61367541E+02       0.00000000E+00       0.00000000E+00       0.00000000E+00       0.00000000E+00       0.00000000E+00       0.00000000E+00       0.00000000E+00       0.00000000E+00       0.00000000E+00       0.00000000E+00       0.00000000E+00       0.00000000E+00       0.00000000E+00       0.00000000E+00       0.00000000E+00       0.00000000E+00       0.00000000E+00       0.00000000E+00       0.00000000E+00       0.00000000E+00       0.00000000E+00       0.00000000E+00       0.00000000E+00       0.00000000E+00       0.00000000E+00       0.00000000E+00       0.00000000E+00
     -0.61264467E+02       0.00000000E+00       0.00000000E+00       0.00000000E+00       0.00000000E+00       0.00000000E+00       0.00000000E+00       0.00000000E+00       0.00000000E+00       0.00000000E+00       0.00000000E+00       0.00000000E+00       0.00000000E+00       0.00000000E+00       0.00000000E+00       0.00000000E+00       0.00000000E+00       0.00000000E+00       0.00000000E+00       0.00000000E+00       0.00000000E+00       0.00000000E+00       0.00000000E+00       0.00000000E+00       0.00000000E+00       0.00000000E+00       0.00000000E+00       0.00000000E+00
     -0.61161394E+02       0.00000000E+00       0.00000000E+00       0.00000000E+00       0.00000000E+00       0.00000000E+00       0.00000000E+00       0.00000000E+00       0.00000000E+00       0.00000000E+00       0.00000000E+00       0.00000000E+00       0.00000000E+00       0.00000000E+00       0.00000000E+00       0.00000000E+00       0.00000000E+00       0.00000000E+00       0.00000000E+00       0.00000000E+00       0.00000000E+00       0.00000000E+00       0.00000000E+00       0.00000000E+00       0.00000000E+00       0.00000000E+00       0.00000000E+00       0.00000000E+00
     -0.61058321E+02       0.00000000E+00       0.00000000E+00       0.00000000E+00       0.00000000E+00       0.00000000E+00       0.00000000E+00       0.00000000E+00       0.00000000E+00       0.00000000E+00       0.00000000E+00       0.00000000E+00       0.00000000E+00       0.00000000E+00       0.00000000E+00       0.00000000E+00       0.00000000E+00       0.00000000E+00       0.00000000E+00       0.00000000E+00       0.00000000E+00       0.00000000E+00       0.00000000E+00       0.00000000E+00       0.00000000E+00       0.00000000E+00       0.00000000E+00       0.00000000E+00
     -0.60955247E+02       0.00000000E+00       0.00000000E+00       0.00000000E+00       0.00000000E+00       0.00000000E+00       0.00000000E+00       0.00000000E+00       0.00000000E+00       0.00000000E+00       0.00000000E+00       0.00000000E+00       0.00000000E+00       0.00000000E+00       0.00000000E+00       0.00000000E+00       0.00000000E+00       0.00000000E+00       0.00000000E+00       0.00000000E+00       0.00000000E+00       0.00000000E+00       0.00000000E+00       0.00000000E+00       0.00000000E+00       0.00000000E+00       0.00000000E+00       0.00000000E+00
     -0.60852174E+02       0.00000000E+00       0.00000000E+00       0.00000000E+00       0.00000000E+00       0.00000000E+00       0.00000000E+00       0.00000000E+00       0.00000000E+00       0.00000000E+00       0.00000000E+00       0.00000000E+00       0.00000000E+00       0.00000000E+00       0.00000000E+00       0.00000000E+00       0.00000000E+00       0.00000000E+00       0.00000000E+00       0.00000000E+00       0.00000000E+00       0.00000000E+00       0.00000000E+00       0.00000000E+00       0.00000000E+00       0.00000000E+00       0.00000000E+00       0.00000000E+00
     -0.60749100E+02       0.00000000E+00       0.00000000E+00       0.00000000E+00       0.00000000E+00       0.00000000E+00       0.00000000E+00       0.00000000E+00       0.00000000E+00       0.00000000E+00       0.00000000E+00       0.00000000E+00       0.00000000E+00       0.00000000E+00       0.00000000E+00       0.00000000E+00       0.00000000E+00       0.00000000E+00       0.00000000E+00       0.00000000E+00       0.00000000E+00       0.00000000E+00       0.00000000E+00       0.00000000E+00       0.00000000E+00       0.00000000E+00       0.00000000E+00       0.00000000E+00
     -0.60646027E+02       0.00000000E+00       0.00000000E+00       0.00000000E+00       0.00000000E+00       0.00000000E+00       0.00000000E+00       0.00000000E+00       0.00000000E+00       0.00000000E+00       0.00000000E+00       0.00000000E+00       0.00000000E+00       0.00000000E+00       0.00000000E+00       0.00000000E+00       0.00000000E+00       0.00000000E+00       0.00000000E+00       0.00000000E+00       0.00000000E+00       0.00000000E+00       0.00000000E+00       0.00000000E+00       0.00000000E+00       0.00000000E+00       0.00000000E+00       0.00000000E+00
     -0.60542953E+02       0.00000000E+00       0.00000000E+00       0.00000000E+00       0.00000000E+00       0.00000000E+00       0.00000000E+00       0.00000000E+00       0.00000000E+00       0.00000000E+00       0.00000000E+00       0.00000000E+00       0.00000000E+00       0.00000000E+00       0.00000000E+00       0.00000000E+00       0.00000000E+00       0.00000000E+00       0.00000000E+00       0.00000000E+00       0.00000000E+00       0.00000000E+00       0.00000000E+00       0.00000000E+00       0.00000000E+00       0.00000000E+00       0.00000000E+00       0.00000000E+00
     -0.60439880E+02       0.00000000E+00       0.00000000E+00       0.00000000E+00       0.00000000E+00       0.00000000E+00       0.00000000E+00       0.00000000E+00       0.00000000E+00       0.00000000E+00       0.00000000E+00       0.00000000E+00       0.00000000E+00       0.00000000E+00       0.00000000E+00       0.00000000E+00       0.00000000E+00       0.00000000E+00       0.00000000E+00       0.00000000E+00       0.00000000E+00       0.00000000E+00       0.00000000E+00       0.00000000E+00       0.00000000E+00       0.00000000E+00       0.00000000E+00       0.00000000E+00
     -0.60336807E+02       0.76334272E-06       0.52490005E-08       0.00000000E+00       0.11291073E-12       0.18949474E-06       0.12900768E-12       0.13630627E-12       0.20349060E-13       0.35061959E-13       0.32824517E-13       0.43752545E-13       0.20989756E-11       0.20819924E-11       0.53610311E-12       0.18725561E-12       0.40678410E-11       0.40277376E-11       0.99004113E-12       0.26155043E-12       0.29119697E-11       0.27502917E-11       0.56292577E-12       0.33270626E-12       0.29134235E-11       0.27516342E-11       0.56335919E-12       0.33290572E-12
     -0.60233733E+02       0.30071278E-05       0.20678019E-07       0.00000000E+00       0.44480281E-12       0.74649943E-06       0.50821547E-12       0.53696767E-12       0.80163501E-13       0.13812379E-12       0.12930957E-12       0.17235966E-12       0.82687468E-11       0.82018432E-11       0.21119354E-11       0.73767853E-12       0.16024935E-10       0.15866951E-10       0.39001881E-11       0.10303570E-11       0.11471472E-10       0.10834555E-10       0.22176012E-11       0.13106698E-11       0.11477200E-10       0.10839844E-10       0.22193086E-11       0.13114555E-11
     -0.60130660E+02       0.11114493E-04       0.76426983E-07       0.00000000E+00       0.16440132E-11       0.27590989E-05       0.18783896E-11       0.19846591E-11       0.29628827E-12       0.51051238E-12       0.47793456E-12       0.63704985E-12       0.30561698E-10       0.30314419E-10       0.78058181E-11       0.27264964E-11       0.59228955E-10       0.58645038E-10       0.14415289E-10       0.38082507E-11       0.42399131E-10       0.40045051E-10       0.81963638E-11       0.48443005E-11       0.42420298E-10       0.40064600E-10       0.82026745E-11       0.48472047E-11
     -0.60027586E+02       0.38541883E-04       0.26502691E-06       0.00000000E+00       0.57009675E-11       0.95677657E-05       0.65137177E-11       0.68822301E-11       0.10274430E-11       0.17703109E-11       0.16573403E-11       0.22091066E-11       0.10597923E-09       0.10512173E-09       0.27068344E-10       0.94547096E-11       0.20538907E-09       0.20336421E-09       0.49988096E-10       0.13205924E-10       0.14702805E-09       0.13886478E-09       0.28422645E-10       0.16798648E-10       0.14710146E-09       0.13893257E-09       0.28444529E-10       0.16808719E-10
     -0.59924513E+02       0.12615195E-03       0.86768005E-06       0.00000000E+00       0.18625784E-10       0.31316324E-04       0.21380085E-10       0.22553541E-10       0.33784412E-11       0.58076099E-11       0.54225940E-11       0.72439105E-11       0.34915188E-09       0.34611355E-09       0.89137383E-10       0.31051437E-10       0.67232325E-09       0.66571574E-09       0.16370050E-09       0.43235212E-10       0.48040760E-09       0.45373735E-09       0.92947415E-10       0.54910569E-10       0.48064530E-09       0.45395685E-09       0.93018328E-10       0.54943202E-10
     -0.59821439E+02       0.38574851E-03       0.26533908E-05       0.00000000E+00       0.56923997E-10       0.95759277E-04       0.65429060E-10       0.68988410E-10       0.10344295E-10       0.17770181E-10       0.16579431E-10       0.22162177E-10       0.10696408E-08       0.10601459E-08       0.27304080E-09       0.95042011E-10       0.20558901E-08       0.20357033E-08       0.50063867E-09       0.13221446E-09       0.14682611E-08       0.13867518E-08       0.28414213E-09       0.16784138E-09       0.14689857E-08       0.13874209E-08       0.28435833E-09       0.16794087E-09
     -0.59718366E+02       0.11072298E-02       0.76168426E-05       0.00000000E+00       0.16328028E-09       0.27486161E-03       0.18799873E-09       0.19810882E-09       0.29742088E-10       0.51049361E-10       0.47581895E-10       0.63656124E-10       0.30776174E-08       0.30496105E-08       0.78547555E-09       0.27314487E-09       0.59013062E-08       0.58434285E-08       0.14372764E-08       0.37953550E-09       0.42117044E-08       0.39779046E-08       0.81531447E-09       0.48152357E-09       0.42137759E-08       0.39798173E-08       0.81593274E-09       0.48180807E-09
     -0.59615293E+02       0.29837093E-02       0.20527940E-04       0.00000000E+00       0.43961570E-09       0.74068313E-03       0.50728458E-09       0.53416044E-09       0.80322031E-10       0.13771370E-09       0.12819811E-09       0.17168661E-09       0.83189607E-08       0.82408819E-08       0.21227348E-08       0.73724046E-09       0.15903247E-07       0.15747507E-07       0.38740459E-08       0.10228746E-08       0.11340135E-07       0.10710654E-07       0.21961345E-08       0.12967613E-08       0.11345688E-07       0.10715782E-07       0.21977925E-08       0.12975243E-08
     -0.59512219E+02       0.75498727E-02       0.51951097E-04       0.00000000E+00       0.11111420E-08       0.18741964E-02       0.12858038E-08       0.13526146E-08       0.20381010E-09       0.34894718E-09       0.32431244E-09       0.43491367E-09       0.21132880E-07       0.20926854E-07       0.53909954E-08       0.18693246E-08       0.40243263E-07       0.39849917E-07       0.98058085E-08       0.25886375E-08       0.28664304E-07       0.27073281E-07       0.55539864E-08       0.32786026E-08       0.28678263E-07       0.27086169E-07       0.55581556E-08       0.32805210E-08
     -0.59409146E+02       0.17942706E-01       0.12348885E-03       0.00000000E+00       0.26369033E-08       0.44541291E-02       0.30624431E-08       0.32175889E-08       0.48608792E-09       0.83075666E-09       0.77051744E-09       0.10350690E-08       0.50475540E-07       0.49960186E-07       0.12871928E-07       0.44542273E-08       0.95647259E-07       0.94714679E-07       0.23313371E-07       0.61532365E-08       0.68029996E-07       0.64254285E-07       0.13190138E-07       0.77836472E-08       0.68062885E-07       0.64284650E-07       0.13199967E-07       0.77881697E-08
     -0.59306072E+02       0.40061691E-01       0.27578919E-03       0.00000000E+00       0.58767619E-08       0.99449675E-02       0.68566626E-08       0.71927077E-08       0.10902227E-08       0.18590492E-08       0.17197231E-08       0.23152518E-08       0.11341796E-06       0.11219399E-06       0.28910664E-07       0.99784678E-08       0.21357652E-06       0.21150064E-06       0.52079601E-07       0.13742073E-07       0.15163114E-06       0.14321642E-06       0.29424059E-07       0.17355787E-07       0.15170376E-06       0.14328347E-06       0.29445779E-07       0.17365780E-07
     -0.59202999E+02       0.84066897E-01       0.57890936E-03       0.00000000E+00       0.12303164E-07       0.20868831E-01       0.14438937E-07       0.15116445E-07       0.23008667E-08       0.39122372E-08       0.36069806E-08       0.48696104E-08       0.23991884E-06       0.23715462E-06       0.61123272E-07       0.21028009E-07       0.44822869E-06       0.44388958E-06       0.10935654E-06       0.28845929E-07       0.31748515E-06       0.29986887E-06       0.61674254E-07       0.36358050E-07       0.31763538E-06       0.30000756E-06       0.61719227E-07       0.36378740E-07
     -0.59099925E+02       0.16587446E+00       0.11427193E-02       0.00000000E+00       0.24203482E-07       0.41176685E-01       0.28616517E-07       0.29884258E-07       0.45726674E-08       0.77471919E-08       0.71126471E-08       0.96363644E-08       0.47819119E-06       0.47224706E-06       0.12174548E-06       0.41713229E-07       0.88454516E-06       0.87602570E-06       0.21595238E-06       0.56939453E-07       0.62467859E-06       0.59002316E-06       0.12151537E-06       0.71583953E-07       0.62496961E-06       0.59029178E-06       0.12160259E-06       0.71624077E-07
     -0.58996852E+02       0.30792336E+00       0.21223778E-02       0.00000000E+00       0.44761431E-07       0.76438634E-01       0.53419353E-07       0.55610980E-07       0.85652729E-08       0.14446848E-07       0.13193418E-07       0.17954204E-07       0.89893927E-06       0.88675752E-06       0.22867699E-06       0.77955547E-07       0.16423508E-05       0.16266343E-05       0.40130342E-06       0.10575379E-06       0.11555117E-05       0.10914214E-05       0.22516549E-06       0.13252291E-06       0.11560393E-05       0.10919083E-05       0.22532388E-06       0.13259575E-06
     -0.58893779E+02       0.53817853E+00       0.37117797E-02       0.00000000E+00       0.77862107E-07       0.13359638E+00       0.94014484E-07       0.97490919E-07       0.15138212E-07       0.25392647E-07       0.23036581E-07       0.31523495E-07       0.15957762E-05       0.15719710E-05       0.40553319E-06       0.13738926E-06       0.28711459E-05       0.28438926E-05       0.70230283E-06       0.18495068E-06       0.20105401E-05       0.18990569E-05       0.39263633E-06       0.23082398E-06       0.20114344E-05       0.18998821E-05       0.39290539E-06       0.23094771E-06
     -0.58790705E+02       0.88635883E+00       0.61179852E-02       0.00000000E+00       0.12747646E-06       0.22002672E+00       0.15616882E-06       0.16117052E-06       0.25276306E-07       0.42113343E-07       0.37894337E-07       0.52212285E-07       0.26786790E-05       0.26343199E-05       0.67990713E-06       0.22861366E-06       0.47301369E-05       0.46856899E-05       0.11585571E-05       0.30484916E-06       0.32927866E-05       0.31102670E-05       0.64481284E-06       0.37852868E-06       0.32942025E-05       0.31115731E-05       0.64524005E-06       0.37872510E-06
     -0.58687632E+02       0.13770412E+01       0.95141173E-02       0.00000000E+00       0.19659205E-06       0.34182965E+00       0.24516741E-06       0.25155727E-06       0.39927602E-07       0.65986717E-07       0.58784298E-07       0.81679665E-07       0.42582973E-05       0.41795128E-05       0.10793079E-05       0.35965337E-06       0.73516666E-05       0.72834415E-05       0.18035868E-05       0.47408177E-06       0.50802479E-05       0.47987684E-05       0.99825288E-06       0.58496113E-06       0.50823386E-05       0.48006962E-05       0.99888614E-06       0.58525221E-06
     -0.58584558E+02       0.20205726E+01       0.13976910E-01       0.00000000E+00       0.28586350E-06       0.50157233E+00       0.36427978E-06       0.37120355E-06       0.59761964E-07       0.97822769E-07       0.86098431E-07       0.12085565E-06       0.64212987E-05       0.62880500E-05       0.16248681E-05       0.53574615E-06       0.10793020E-04       0.10694357E-04       0.26531133E-05       0.69649107E-06       0.73911326E-05       0.69818217E-05       0.14584851E-05       0.85275979E-06       0.73940056E-05       0.69844695E-05       0.14593599E-05       0.85316171E-06
     -0.58481485E+02       0.28042158E+01       0.19425295E-01       0.00000000E+00       0.39238799E-06       0.69609108E+00       0.51309707E-06       0.51866320E-06       0.84892684E-07       0.13742073E-06       0.11922757E-06       0.16939755E-06       0.92003153E-05       0.89859518E-05       0.23237922E-05       0.75691013E-06       0.14989610E-04       0.14854995E-04       0.36935045E-05       0.96808939E-06       0.10152241E-04       0.95903492E-05       0.20137160E-05       0.11742105E-05       0.10155903E-04       0.95937219E-05       0.20148392E-05       0.11747263E-05
     -0.58378411E+02       0.36868676E+01       0.25582767E-01       0.00000000E+00       0.50913627E-06       0.91518077E+00       0.68623183E-06       0.68739140E-06       0.11463167E-06       0.18323751E-06       0.15634742E-06       0.22529850E-06       0.12545236E-04       0.12217624E-04       0.31623263E-05       0.10159992E-05       0.19727573E-04       0.19553919E-04       0.48747030E-05       0.12752261E-05       0.13184161E-04       0.12454913E-04       0.26315141E-05       0.15294202E-05       0.13188471E-04       0.12458879E-04       0.26328497E-05       0.15300332E-05
     -0.58275338E+02       0.46003151E+01       0.31983979E-01       0.00000000E+00       0.62546933E-06       0.11419070E+01       0.87288131E-06       0.86572798E-06       0.14735786E-06       0.23230391E-06       0.19449307E-06       0.28481873E-06       0.16304493E-04       0.15829396E-04       0.41014676E-05       0.12979996E-05       0.24652004E-04       0.24439489E-04       0.61116116E-05       0.15949968E-05       0.16214454E-04       0.15318102E-04       0.32606613E-05       0.18876136E-05       0.16219100E-04       0.15322370E-04       0.32621234E-05       0.18882841E-05
     -0.58172265E+02       0.54581952E+01       0.38034121E-01       0.00000000E+00       0.72883061E-06       0.13548309E+01       0.10575827E-05       0.10382442E-05       0.18056441E-06       0.28047145E-06       0.22996725E-06       0.34283579E-06       0.20225051E-04       0.19571842E-04       0.50775621E-05       0.15811117E-05       0.29317688E-04       0.29069606E-04       0.72957848E-05       0.18983403E-05       0.18921335E-04       0.17875680E-04       0.38388569E-05       0.22118906E-05       0.18925863E-04       0.17879830E-04       0.38403162E-05       0.22125592E-05
     -0.58069191E+02       0.61712989E+01       0.43112755E-01       0.00000000E+00       0.80725457E-06       0.15318087E+01       0.12222002E-05       0.11883381E-05       0.21111852E-06       0.32298665E-06       0.25901442E-06       0.39359606E-06       0.23977823E-04       0.23126605E-04       0.60093360E-05       0.18397698E-05       0.33275601E-04       0.32996802E-04       0.83161089E-05       0.21554135E-05       0.20998848E-04       0.19838026E-04       0.43048988E-05       0.24665190E-05       0.21002732E-04       0.19841570E-04       0.43062027E-05       0.24671159E-05
     -0.57966118E+02       0.66656993E+01       0.46699007E-01       0.00000000E+00       0.85199210E-06       0.16544916E+01       0.13488821E-05       0.13015872E-05       0.23572552E-06       0.35530410E-06       0.27859827E-06       0.43173843E-06       0.27210799E-04       0.26158822E-04       0.68117028E-05       0.20492863E-05       0.36176133E-04       0.35870002E-04       0.90841867E-05       0.23420744E-05       0.22225650E-04       0.20994969E-04       0.46122784E-05       0.26248305E-05       0.22228397E-04       0.20997454E-04       0.46132813E-05       0.26252896E-05
     -0.57863044E+02       0.68992050E+01       0.48487771E-01       0.00000000E+00       0.85948744E-06       0.17124096E+01       0.14234718E-05       0.13691096E-05       0.25153735E-06       0.37398394E-06       0.28708269E-06       0.45338354E-06       0.29624283E-04       0.28388974E-04       0.74146992E-05       0.21913148E-05       0.37863072E-04       0.37527449E-04       0.95582581E-05       0.24458758E-05       0.22517481E-04       0.21265287E-04       0.47405064E-05       0.26755084E-05       0.22518738E-04       0.21266391E-04       0.47410992E-05       0.26757816E-05
     -0.57759971E+02       0.68719050E+01       0.48467174E-01       0.00000000E+00       0.83215938E-06       0.17055877E+01       0.14386481E-05       0.13900712E-05       0.25678543E-06       0.37747513E-06       0.28463805E-06       0.45703890E-06       0.31051658E-04       0.29668135E-04       0.77832101E-05       0.22588356E-05       0.38431494E-04       0.38054477E-04       0.97588661E-05       0.24699344E-05       0.21948459E-04       0.20716875E-04       0.47010087E-05       0.26255165E-05       0.21948078E-04       0.20716463E-04       0.47011391E-05       0.26255829E-05
     -0.57656897E+02       0.66276605E+01       0.46933733E-01       0.00000000E+00       0.77780472E-06       0.16449152E+01       0.13959410E-05       0.13724914E-05       0.25126313E-06       0.36656552E-06       0.27325368E-06       0.44406116E-06       0.31518558E-04       0.30031421E-04       0.79306364E-05       0.22589996E-05       0.38226764E-04       0.37783783E-04       0.97700222E-05       0.24332938E-05       0.20735255E-04       0.19552067E-04       0.45356570E-05       0.24988087E-05       0.20733295E-04       0.19550202E-04       0.45353316E-05       0.24986757E-05
     -0.57553824E+02       0.62450283E+01       0.44432166E-01       0.00000000E+00       0.70779116E-06       0.15498919E+01       0.13058210E-05       0.13317155E-05       0.23647087E-06       0.34430699E-06       0.25631400E-06       0.41846252E-06       0.31250596E-04       0.29702410E-04       0.79191239E-05       0.22122377E-05       0.37771310E-04       0.37225124E-04       0.97217388E-05       0.23669631E-05       0.19187214E-04       0.18061061E-04       0.43075151E-05       0.23309185E-05       0.19183891E-04       0.18057949E-04       0.43067864E-05       0.23306157E-05
     -0.57450750E+02       0.58184139E+01       0.41623430E-01       0.00000000E+00       0.63446019E-06       0.14439501E+01       0.11854560E-05       0.12864579E-05       0.21530553E-06       0.31533303E-06       0.23779111E-06       0.38598773E-06       0.30611668E-04       0.29032603E-04       0.78421362E-05       0.21468986E-05       0.37623222E-04       0.36928200E-04       0.97543027E-05       0.23058217E-05       0.17632889E-04       0.16553302E-04       0.40851456E-05       0.21604325E-05       0.17628487E-04       0.16549214E-04       0.40840888E-05       0.21600005E-05
     -0.57347677E+02       0.54333196E+01       0.39107702E-01       0.00000000E+00       0.56832954E-06       0.13483122E+01       0.10544822E-05       0.12531882E-05       0.19132888E-06       0.28468430E-06       0.22122299E-06       0.35262627E-06       0.29981704E-04       0.28384937E-04       0.77920648E-05       0.20903443E-05       0.38196012E-04       0.37307155E-04       0.99716027E-05       0.22780502E-05       0.16339509E-04       0.15282249E-04       0.39238599E-05       0.20192265E-05       0.16334306E-04       0.15277448E-04       0.39225514E-05       0.20187059E-05
     -0.57244604E+02       0.51426100E+01       0.37252538E-01       0.00000000E+00       0.51578220E-06       0.12761009E+01       0.92999326E-06       0.12405549E-05       0.16783149E-06       0.25647810E-06       0.20875820E-06       0.32298678E-06       0.29614041E-04       0.27999354E-04       0.78235677E-05       0.20593021E-05       0.39594696E-04       0.38480154E-04       0.10398011E-04       0.22952508E-05       0.15446288E-04       0.14382960E-04       0.38491751E-05       0.19240713E-05       0.15440514E-04       0.14377661E-04       0.38476802E-05       0.19234954E-05
     -0.57141530E+02       0.49520224E+01       0.36086985E-01       0.00000000E+00       0.47789729E-06       0.12287438E+01       0.82246192E-06       0.12459937E-05       0.14702163E-06       0.23288290E-06       0.20059132E-06       0.29910298E-06       0.29530989E-04       0.27895252E-04       0.79279200E-05       0.20533005E-05       0.41534259E-04       0.40188265E-04       0.10956517E-04       0.23470778E-05       0.14932502E-04       0.13841915E-04       0.38483594E-05       0.18723640E-05       0.14926336E-04       0.13836284E-04       0.38467322E-05       0.18717578E-05
     -0.57038457E+02       0.48210927E+01       0.35307678E-01       0.00000000E+00       0.45082551E-06       0.11962037E+01       0.73407895E-06       0.12561826E-05       0.12963670E-06       0.21378735E-06       0.19502653E-06       0.28014075E-06       0.29507414E-04       0.27857290E-04       0.80311747E-05       0.20543267E-05       0.43388624E-04       0.41840489E-04       0.11481179E-04       0.24032056E-05       0.14633634E-04       0.13511385E-04       0.38741675E-05       0.18438337E-05       0.14627245E-04       0.13505575E-04       0.38724593E-05       0.18432168E-05
     -0.56935383E+02       0.46801723E+01       0.34402653E-01       0.00000000E+00       0.42763252E-06       0.11612002E+01       0.66003878E-06       0.12515712E-05       0.11509829E-06       0.19728385E-06       0.18918707E-06       0.26313289E-06       0.29156223E-04       0.27517133E-04       0.80193197E-05       0.20334037E-05       0.44370798E-04       0.42685985E-04       0.11764333E-04       0.24227988E-05       0.14303378E-04       0.13166353E-04       0.38606562E-05       0.18080794E-05       0.14296956E-04       0.13160531E-04       0.38589242E-05       0.18074697E-05
     -0.56832310E+02       0.44575015E+01       0.32848931E-01       0.00000000E+00       0.40098598E-06       0.11059279E+01       0.59205440E-06       0.12134267E-05       0.10209661E-06       0.18074182E-06       0.18012203E-06       0.24443134E-06       0.28082995E-04       0.26500022E-04       0.77812277E-05       0.19616867E-05       0.43786881E-04       0.42058403E-04       0.11623519E-04       0.23683716E-05       0.13701229E-04       0.12585275E-04       0.37459096E-05       0.17354463E-05       0.13695000E-04       0.12579641E-04       0.37442204E-05       0.17348631E-05
     -0.56729236E+02       0.41058052E+01       0.30306629E-01       0.00000000E+00       0.36571619E-06       0.10186552E+01       0.52249282E-06       0.11306299E-05       0.89319098E-07       0.16200194E-06       0.16588529E-06       0.22126295E-06       0.26044338E-04       0.24574428E-04       0.72515981E-05       0.18215444E-05       0.41268439E-04       0.39600246E-04       0.10962812E-04       0.22187561E-05       0.12673954E-04       0.11625456E-04       0.34932097E-05       0.16072342E-05       0.12668166E-04       0.11620229E-04       0.34916343E-05       0.16066978E-05
     -0.56626163E+02       0.36181765E+01       0.26734377E-01       0.00000000E+00       0.32034359E-06       0.89766559E+00       0.44743203E-06       0.10035359E-05       0.76013756E-07       0.14020753E-06       0.14617583E-06       0.19276514E-06       0.23043862E-04       0.21742571E-04       0.64360934E-05       0.16131126E-05       0.36892708E-04       0.35379857E-04       0.98045110E-05       0.19761263E-05       0.11201370E-04       0.10265690E-04       0.31026429E-05       0.14214603E-05       0.11196248E-04       0.10261069E-04       0.31012458E-05       0.14209889E-05
     -0.56523090E+02       0.30280765E+01       0.22388003E-01       0.00000000E+00       0.26713297E-06       0.75125816E+00       0.36763697E-06       0.84356255E-06       0.62198007E-07       0.11599930E-06       0.12233389E-06       0.16015875E-06       0.19330941E-04       0.18239069E-04       0.54094966E-05       0.13540010E-05       0.31148418E-04       0.29860076E-04       0.82799378E-05       0.16646576E-05       0.93924447E-05       0.86032329E-05       0.26093369E-05       0.11923699E-05       0.93881502E-05       0.85993615E-05       0.26081640E-05       0.11919766E-05
     -0.56420016E+02       0.23953767E+01       0.17716727E-01       0.00000000E+00       0.21086680E-06       0.59428490E+00       0.28750053E-06       0.66907701E-06       0.48510245E-07       0.91108331E-07       0.96773048E-07       0.12612470E-06       0.15312722E-04       0.14447738E-04       0.42901121E-05       0.10729617E-05       0.24771733E-04       0.23741843E-04       0.65858075E-05       0.13220573E-05       0.74389860E-05       0.68116917E-05       0.20703062E-05       0.94458708E-06       0.74355862E-05       0.68086280E-05       0.20693769E-05       0.94427660E-06
     -0.56316943E+02       0.17858044E+01       0.13211127E-01       0.00000000E+00       0.15700819E-06       0.44305116E+00       0.21283078E-06       0.49960590E-06       0.35850972E-07       0.67626386E-07       0.72146770E-07       0.93769612E-07       0.11425007E-04       0.10779616E-04       0.32031980E-05       0.80074284E-06       0.18527187E-04       0.17754537E-04       0.49260417E-05       0.98797424E-06       0.55501333E-05       0.50811185E-05       0.15462555E-05       0.70483317E-06       0.55475979E-05       0.50788344E-05       0.15455622E-05       0.70460207E-06
     -0.56213869E+02       0.12524753E+01       0.92668592E-02       0.00000000E+00       0.11003626E-06       0.31073389E+00       0.14862968E-06       0.35073299E-06       0.25010541E-07       0.47303818E-07       0.50600470E-07       0.65655331E-07       0.80166352E-05       0.75637793E-05       0.22485746E-05       0.56194511E-06       0.13019099E-04       0.12475154E-04       0.34617094E-05       0.69390890E-06       0.38944120E-05       0.35648942E-05       0.10856531E-05       0.49460232E-06       0.38926336E-05       0.35632923E-05       0.10851666E-05       0.49444041E-06
     -0.56110796E+02       0.82548757E+00       0.61081282E-02       0.00000000E+00       0.72491529E-07       0.20479987E+00       0.97705598E-07       0.23129455E-06       0.16430961E-07       0.31127157E-07       0.33350151E-07       0.43228668E-07       0.52850690E-05       0.49865191E-05       0.14827877E-05       0.37050374E-06       0.85906003E-05       0.82312838E-05       0.22842602E-05       0.45773741E-06       0.25674828E-05       0.23500747E-05       0.71600809E-06       0.32609181E-06       0.25663107E-05       0.23490189E-05       0.71568741E-06       0.32598517E-06
     -0.56007722E+02       0.51094787E+00       0.37808947E-02       0.00000000E+00       0.44858110E-07       0.12676389E+00       0.60381777E-07       0.14321198E-06       0.10150401E-07       0.19247968E-07       0.20642638E-07       0.26740720E-07       0.32717907E-05       0.30869705E-05       0.91808282E-06       0.22937813E-06       0.53209580E-05       0.50982528E-05       0.14148787E-05       0.28346906E-06       0.15894585E-05       0.14548057E-05       0.44335896E-06       0.20187942E-06       0.15887330E-05       0.14541522E-05       0.44316045E-06       0.20181345E-06
     -0.55904649E+02       0.29689228E+00       0.21969950E-02       0.00000000E+00       0.26061335E-07       0.73657630E-01       0.35052528E-07       0.83231956E-07       0.58910978E-08       0.11177745E-07       0.11994673E-07       0.15532312E-07       0.19012901E-05       0.17938886E-05       0.53356287E-06       0.13329990E-06       0.30930862E-05       0.29635759E-05       0.82248076E-06       0.16476375E-06       0.92367105E-06       0.84539981E-06       0.25768003E-06       0.11731845E-06       0.92324948E-06       0.84502015E-06       0.25756467E-06       0.11728013E-06
     -0.55801576E+02       0.16191115E+00       0.11981583E-02       0.00000000E+00       0.14211336E-07       0.40169416E-01       0.19105195E-07       0.45396343E-07       0.32104642E-08       0.60936852E-08       0.65413417E-08       0.84687286E-08       0.10369319E-05       0.97835706E-06       0.29101273E-06       0.72701059E-07       0.16872431E-05       0.16165799E-05       0.44865649E-06       0.89871011E-07       0.50375908E-06       0.46106391E-06       0.14054662E-06       0.63984605E-07       0.50352917E-06       0.46085687E-06       0.14048370E-06       0.63963707E-07
     -0.55698502E+02       0.82860767E-01       0.61318398E-03       0.00000000E+00       0.72724861E-08       0.20557376E-01       0.97740755E-08       0.23234060E-07       0.16423121E-08       0.31178894E-08       0.33476446E-08       0.43334403E-08       0.53068549E-06       0.50070785E-06       0.14894082E-06       0.37207723E-07       0.86360453E-06       0.82743091E-06       0.22964278E-06       0.45998133E-07       0.25781702E-06       0.23596406E-06       0.71933271E-07       0.32746617E-07       0.25769937E-06       0.23585810E-06       0.71901075E-07       0.32735923E-07
     -0.55595429E+02       0.39790729E-01       0.29446000E-03       0.00000000E+00       0.34922243E-08       0.98718966E-02       0.46926725E-08       0.11157755E-07       0.78845746E-09       0.14970590E-08       0.16075798E-08       0.20808045E-08       0.25484630E-06       0.24045043E-06       0.71525956E-07       0.17868067E-07       0.41474994E-06       0.39737592E-06       0.11028720E-06       0.22090306E-07       0.12380971E-06       0.11331480E-06       0.34544978E-07       0.15725728E-07       0.12375321E-06       0.11326392E-06       0.34529517E-07       0.15720593E-07
     -0.55492355E+02       0.17928867E-01       0.13267800E-03       0.00000000E+00       0.15734934E-08       0.44480691E-02       0.21141673E-08       0.50275931E-08       0.35521031E-09       0.67449614E-09       0.72434542E-09       0.93752513E-09       0.11482978E-06       0.10834322E-06       0.32228910E-07       0.80511100E-08       0.18688755E-06       0.17905837E-06       0.49695832E-07       0.99538222E-08       0.55786845E-07       0.51057818E-07       0.15565742E-07       0.70857972E-08       0.55761387E-07       0.51034893E-07       0.15558775E-07       0.70834835E-08
     -0.55389282E+02       0.75797102E-02       0.56091978E-04       0.00000000E+00       0.66521257E-09       0.18804911E-02       0.89375339E-09       0.21255703E-08       0.15016457E-09       0.28515435E-09       0.30624059E-09       0.39635285E-09       0.48546727E-07       0.45804352E-07       0.13625678E-07       0.34037856E-08       0.79012171E-07       0.75702040E-07       0.21010489E-07       0.42082383E-08       0.23584971E-07       0.21585610E-07       0.65808633E-08       0.29956697E-08       0.23574209E-07       0.21575918E-07       0.65779181E-08       0.29946916E-08
     -0.55286208E+02       0.30066478E-02       0.22250653E-04       0.00000000E+00       0.26386969E-09       0.74593525E-03       0.35456619E-09       0.84333028E-09       0.59585739E-10       0.11315435E-09       0.12152141E-09       0.15725437E-09       0.19258381E-07       0.18170314E-07       0.54057867E-08       0.13502735E-08       0.31343290E-07       0.30030085E-07       0.83350509E-08       0.16693572E-08       0.93556058E-08       0.85623633E-08       0.26108034E-08       0.11883449E-08       0.93513367E-08       0.85585189E-08       0.26096351E-08       0.11879570E-08
     -0.55183135E+02       0.11200219E-02       0.82906015E-05       0.00000000E+00       0.98309250E-10       0.27787171E-03       0.13235751E-09       0.31470595E-09       0.22293958E-10       0.42324183E-10       0.45423737E-10       0.58717079E-10       0.71779494E-08       0.67718065E-08       0.20163965E-08       0.50324911E-09       0.11675799E-07       0.11186435E-07       0.31063178E-08       0.62190751E-09       0.34851860E-08       0.31892765E-08       0.97359214E-09       0.44279485E-09       0.34835962E-08       0.31878449E-08       0.97315680E-09       0.44265034E-09
     -0.55080062E+02       0.39452823E-03       0.29265587E-05       0.00000000E+00       0.34675109E-10       0.97878842E-04       0.47525049E-10       0.11266274E-09       0.81706053E-11       0.15472214E-10       0.16509406E-10       0.21131540E-10       0.25411295E-08       0.23953960E-08       0.71893223E-09       0.17808817E-09       0.41126287E-08       0.39396774E-08       0.10987235E-08       0.21921955E-09       0.12279564E-08       0.11223603E-08       0.34632648E-09       0.15636490E-09       0.12273979E-08       0.11218577E-08       0.34617272E-09       0.15631406E-09
     -0.54976988E+02       0.13977920E-03       0.10556120E-05       0.00000000E+00       0.12423733E-10       0.34673110E-04       0.19569672E-10       0.45390971E-10       0.38562345E-11       0.71883827E-11       0.73914693E-11       0.88445696E-11       0.93870760E-09       0.87899796E-09       0.28091132E-09       0.65572233E-10       0.14565448E-08       0.13935340E-08       0.40296449E-09       0.78129725E-10       0.43597982E-09       0.39443930E-09       0.13294348E-09       0.56583099E-10       0.43578636E-09       0.39426626E-09       0.13288779E-09       0.56565261E-10
     -0.54873915E+02       0.73171123E-04       0.60231814E-06       0.00000000E+00       0.68728077E-11       0.18137747E-04       0.17490129E-10       0.38291672E-10       0.45674997E-11       0.82904901E-11       0.79664172E-11       0.82300825E-11       0.59301484E-09       0.54037508E-09       0.21645457E-09       0.40883546E-10       0.76103087E-09       0.72343933E-09       0.24725811E-09       0.42123273E-10       0.23077109E-09       0.19805241E-09       0.96819077E-10       0.32771423E-10       0.23068163E-09       0.19797520E-09       0.96786705E-10       0.32762557E-10
     -0.54770841E+02       0.10243544E-03       0.92184241E-06       0.00000000E+00       0.10211718E-10       0.25371567E-04       0.35940872E-10       0.76607201E-10       0.10419591E-10       0.18766927E-10       0.17652308E-10       0.17209226E-10       0.99006739E-09       0.88270793E-09       0.41246609E-09       0.67565331E-10       0.10630901E-08       0.10031649E-08       0.40355159E-09       0.60906649E-10       0.32744311E-09       0.26421075E-09       0.17879563E-09       0.50900128E-10       0.32733667E-09       0.26412393E-09       0.17874531E-09       0.50888481E-10
     -0.54667768E+02       0.23329813E-03       0.21404899E-05       0.00000000E+00       0.23585346E-10       0.57773539E-04       0.87822552E-10       0.18654587E-09       0.25813177E-10       0.46480339E-10       0.43660834E-10       0.42142815E-10       0.23356137E-08       0.20740200E-08       0.99547290E-09       0.15913988E-09       0.24198701E-08       0.22795367E-08       0.94895859E-09       0.13972756E-09       0.74917714E-09       0.59582909E-09       0.43041965E-09       0.11866963E-09       0.74894495E-09       0.59564275E-09       0.43030276E-09       0.11864356E-09
     -0.54564694E+02       0.54712298E-03       0.50314833E-05       0.00000000E+00       0.55467185E-10       0.13548557E-03       0.20764732E-09       0.44117724E-09       0.61082379E-10       0.11008880E-09       0.10358978E-09       0.99624391E-10       0.54924809E-08       0.48755481E-08       0.23475980E-08       0.37432706E-09       0.56742283E-08       0.53438769E-08       0.22338123E-08       0.32798056E-09       0.17613877E-08       0.13983332E-08       0.10180479E-08       0.27946679E-09       0.17608474E-08       0.13979004E-08       0.10177741E-08       0.27940597E-09
     -0.54461621E+02       0.12175484E-02       0.11200392E-04       0.00000000E+00       0.12365501E-09       0.30150397E-03       0.46256583E-09       0.98360489E-09       0.13596260E-09       0.24536738E-09       0.23147835E-09       0.22180509E-09       0.12205167E-07       0.10835185E-07       0.52199924E-08       0.83228557E-09       0.12625909E-07       0.11889968E-07       0.49730956E-08       0.72998728E-09       0.39307487E-08       0.31196477E-08       0.22737863E-08       0.62334062E-09       0.39295513E-08       0.31186887E-08       0.22731795E-08       0.62320589E-09
     -0.54358547E+02       0.25487939E-02       0.23447731E-04       0.00000000E+00       0.25938326E-09       0.63116270E-03       0.96838178E-09       0.20614990E-08       0.28428066E-09       0.51390331E-09       0.48643137E-09       0.46399922E-09       0.25486078E-07       0.22629547E-07       0.10904429E-07       0.17392491E-08       0.26427561E-07       0.24885624E-07       0.10409977E-07       0.15282330E-08       0.82575389E-08       0.65529638E-08       0.47773882E-08       0.13081659E-08       0.82550433E-08       0.65509650E-08       0.47761258E-08       0.13078855E-08
     -0.54255474E+02       0.50136735E-02       0.46126078E-04       0.00000000E+00       0.51154603E-09       0.12415449E-02       0.19050190E-08       0.40612412E-08       0.55834694E-09       0.10115284E-08       0.96150871E-09       0.91191089E-09       0.49972601E-07       0.44382084E-07       0.21392155E-07       0.34136080E-08       0.51976796E-07       0.48940346E-07       0.20475691E-07       0.30063793E-08       0.16315881E-07       0.12946224E-07       0.94413333E-08       0.25814772E-08       0.16311000E-07       0.12942314E-07       0.94388692E-08       0.25809294E-08
     -0.54152401E+02       0.92711187E-02       0.85300897E-04       0.00000000E+00       0.94903278E-09       0.22958221E-02       0.35230218E-08       0.75242745E-08       0.10304684E-08       0.18719907E-08       0.17889381E-08       0.16843699E-08       0.92030725E-07       0.81759870E-07       0.39422140E-07       0.62944109E-08       0.96094379E-07       0.90471632E-07       0.37859360E-07       0.55598310E-08       0.30341479E-07       0.24071365E-07       0.17561588E-07       0.47928773E-08       0.30332519E-07       0.24064186E-07       0.17557077E-07       0.47918734E-08
     -0.54049327E+02       0.16124647E-01       0.14837163E-03       0.00000000E+00       0.16574068E-08       0.39929692E-02       0.61280738E-08       0.13118068E-07       0.17878093E-08       0.32591430E-08       0.31354643E-08       0.29253231E-08       0.15923384E-06       0.14151767E-06       0.68266237E-07       0.10908038E-07       0.16708795E-06       0.15729143E-06       0.65838347E-07       0.96710224E-08       0.53146400E-07       0.42155294E-07       0.30770253E-07       0.83783787E-08       0.53130960E-07       0.42142918E-07       0.30762505E-07       0.83766530E-08
     -0.53946254E+02       0.26394387E-01       0.24289663E-03       0.00000000E+00       0.27270379E-08       0.65360724E-02       0.10032499E-07       0.21537966E-07       0.29173681E-08       0.53417014E-08       0.51820091E-08       0.47798265E-08       0.25894243E-06       0.23024602E-06       0.11113109E-06       0.17774188E-07       0.27341779E-06       0.25734639E-06       0.10775419E-06       0.15832881E-07       0.87768141E-07       0.69599964E-07       0.50834112E-07       0.13801920E-07       0.87743163E-07       0.69579937E-07       0.50821634E-07       0.13799136E-07
     -0.53843180E+02       0.40694928E-01       0.37455171E-03       0.00000000E+00       0.42315781E-08       0.10077319E-01       0.15470979E-07       0.33332533E-07       0.44805020E-08       0.82489812E-08       0.80850993E-08       0.73529412E-08       0.39595109E-06       0.35229063E-06       0.17016043E-06       0.27248029E-07       0.42138650E-06       0.39653925E-06       0.16610400E-06       0.24415811E-07       0.13680952E-06       0.10845720E-06       0.79274226E-07       0.21448086E-07       0.13677158E-06       0.10842676E-06       0.79255379E-07       0.21443874E-07
     -0.53740107E+02       0.59154943E-01       0.54455131E-03       0.00000000E+00       0.61997446E-08       0.14648564E-01       0.22494074E-07       0.48678239E-07       0.64814542E-08       0.12014518E-07       0.11924468E-07       0.10658502E-07       0.56964669E-06       0.50723151E-06       0.24522170E-06       0.39327054E-07       0.61222950E-06       0.57598820E-06       0.24139479E-06       0.35499625E-07       0.20154765E-06       0.15972118E-06       0.11685087E-06       0.31480165E-07       0.20149352E-06       0.15967773E-06       0.11682418E-06       0.31474186E-07
     -0.53637033E+02       0.81162272E-01       0.74730079E-03       0.00000000E+00       0.85879743E-08       0.20098208E-01       0.30871244E-07       0.67166776E-07       0.88398411E-08       0.16523990E-07       0.16649432E-07       0.14573582E-07       0.77163042E-06       0.68776041E-06       0.33287703E-06       0.53485269E-07       0.83948013E-06       0.78954981E-06       0.33110381E-06       0.48720437E-07       0.28103053E-06       0.22261324E-06       0.16303901E-06       0.43700558E-07       0.28095798E-06       0.22255496E-06       0.16300356E-06       0.43692595E-07
     -0.53533960E+02       0.10524361E+00       0.96928189E-03       0.00000000E+00       0.11264234E-07       0.26061406E-01       0.40044768E-07       0.87689453E-07       0.11379806E-07       0.21489041E-07       0.22041980E-07       0.18819037E-07       0.98499542E-06       0.87900780E-06       0.42604124E-06       0.68613938E-07       0.10877460E-05       0.10226783E-05       0.42919146E-06       0.63197817E-07       0.37146966E-06       0.29410469E-06       0.21567155E-06       0.57464432E-07       0.37137826E-06       0.29403119E-06       0.21562743E-06       0.57454481E-07
     -0.53430887E+02       0.12916634E+00       0.11899768E-02       0.00000000E+00       0.14011862E-07       0.31985285E-01       0.49167791E-07       0.10848932E-06       0.13845618E-07       0.26464642E-07       0.27713134E-07       0.22982064E-07       0.11861388E-05       0.10600999E-05       0.51470288E-06       0.83128822E-07       0.13338042E-05       0.12534760E-05       0.52652437E-06       0.77594685E-07       0.46621033E-06       0.36890124E-06       0.27091333E-06       0.71691342E-07       0.46610205E-06       0.36881406E-06       0.27086187E-06       0.71679676E-07
     -0.53327813E+02       0.15027873E+00       0.13849826E-02       0.00000000E+00       0.16556461E-07       0.37213191E-01       0.57232812E-07       0.12740052E-06       0.15944643E-07       0.30913931E-07       0.33140574E-07       0.26582905E-07       0.13491038E-05       0.12079524E-05       0.58771781E-06       0.95247019E-07       0.15501766E-05       0.14560822E-05       0.61227360E-06       0.90319926E-07       0.55640798E-06       0.43998921E-06       0.32364193E-06       0.84991712E-07       0.55628724E-06       0.43989184E-06       0.32358567E-06       0.84978877E-07
     -0.53224740E+02       0.16601205E+00       0.15306192E-02       0.00000000E+00       0.18610937E-07       0.41109042E-01       0.63261836E-07       0.14222630E-06       0.17407280E-07       0.34306511E-07       0.37743017E-07       0.29169992E-07       0.14513391E-05       0.13023360E-05       0.63522291E-06       0.10336473E-06       0.17103737E-05       0.16056289E-05       0.67597250E-06       0.99828423E-07       0.63232065E-06       0.49966869E-06       0.36818714E-06       0.95886759E-07       0.63219380E-06       0.49956620E-06       0.36812951E-06       0.95873506E-07
     -0.53121666E+02       0.17440049E+00       0.16087094E-02       0.00000000E+00       0.19927461E-07       0.43186059E-01       0.66503730E-07       0.15115514E-06       0.18045527E-07       0.36222808E-07       0.40976170E-07       0.30415134E-07       0.14790098E-05       0.13305848E-05       0.65090075E-06       0.10641734E-06       0.17942927E-05       0.16833263E-05       0.70964165E-06       0.10493265E-06       0.68494230E-06       0.54085088E-06       0.39927451E-06       0.10306955E-06       0.68481657E-06       0.54074904E-06       0.39921918E-06       0.10305670E-06
     -0.53018593E+02       0.17446698E+00       0.16101415E-02       0.00000000E+00       0.20343347E-07       0.43202319E-01       0.66581342E-07       0.15310352E-06       0.17791673E-07       0.36435082E-07       0.42429764E-07       0.30179635E-07       0.14300502E-05       0.12903596E-05       0.63334083E-06       0.10410443E-06       0.17921809E-05       0.16801759E-05       0.70935841E-06       0.10503531E-06       0.70761784E-06       0.55833178E-06       0.41296849E-06       0.10564425E-06       0.70750000E-06       0.55823605E-06       0.41291867E-06       0.10563254E-06
     -0.52915519E+02       0.16637696E+00       0.15363109E-02       0.00000000E+00       0.19810407E-07       0.41198826E-01       0.63551112E-07       0.14790382E-06       0.16706458E-07       0.34945097E-07       0.41905475E-07       0.28533750E-07       0.13140301E-05       0.11896388E-05       0.58609666E-06       0.96915223E-07       0.17061517E-05       0.15983567E-05       0.67587133E-06       0.10022411E-06       0.69729869E-06       0.54977194E-06       0.40741712E-06       0.10329065E-06       0.69719397E-06       0.54968656E-06       0.40737497E-06       0.10328059E-06
     -0.52812446E+02       0.15134447E+00       0.13982876E-02       0.00000000E+00       0.18402348E-07       0.37476236E-01       0.57868823E-07       0.13630703E-06       0.14957483E-07       0.31973409E-07       0.39459029E-07       0.25729028E-07       0.11491477E-05       0.10441843E-05       0.51654060E-06       0.85966155E-07       0.15491112E-05       0.14501659E-05       0.61419898E-06       0.91218590E-07       0.65517467E-06       0.51617725E-06       0.38324023E-06       0.96321682E-07       0.65508607E-06       0.51610471E-06       0.38320661E-06       0.96313529E-07
     -0.52709373E+02       0.13134455E+00       0.12141988E-02       0.00000000E+00       0.16299638E-07       0.32523644E-01       0.50281602E-07       0.11981561E-06       0.12777887E-07       0.27908257E-07       0.35395369E-07       0.22137176E-07       0.95763242E-06       0.87357185E-06       0.43401451E-06       0.72722777E-07       0.13416947E-05       0.12550911E-05       0.53244103E-06       0.79200323E-07       0.58652264E-06       0.46176172E-06       0.34346082E-06       0.85624030E-07       0.58645087E-06       0.46170269E-06       0.34343534E-06       0.85617753E-07
     -0.52606299E+02       0.10872125E+00       0.10056336E-02       0.00000000E+00       0.13755382E-07       0.26921502E-01       0.41679561E-07       0.10039326E-06       0.10418878E-07       0.23229326E-07       0.30214216E-07       0.18175146E-07       0.76112242E-06       0.69713316E-06       0.34790016E-06       0.58698857E-07       0.11081657E-05       0.10359335E-05       0.44017052E-06       0.65578890E-07       0.49975436E-06       0.39318468E-06       0.29296202E-06       0.72492836E-07       0.49969828E-06       0.39313835E-06       0.29294344E-06       0.72488208E-07
     -0.52503226E+02       0.85782724E-01       0.79390929E-03       0.00000000E+00       0.11049258E-07       0.21241367E-01       0.32941749E-07       0.80114820E-07       0.81078371E-08       0.18423752E-07       0.24515510E-07       0.14234529E-07       0.57721222E-06       0.53085118E-06       0.26610118E-06       0.45208454E-07       0.87224182E-06       0.81489083E-06       0.34678368E-06       0.51748052E-07       0.40483488E-06       0.31830148E-06       0.23756592E-06       0.58393457E-07       0.40479222E-06       0.31826610E-06       0.23755261E-06       0.58390146E-07
     -0.52400152E+02       0.64460694E-01       0.59691307E-03       0.00000000E+00       0.84395187E-08       0.15961562E-01       0.24805918E-07       0.60828905E-07       0.60192034E-08       0.13910975E-07       0.18887012E-07       0.10627986E-07       0.41767739E-06       0.38567671E-06       0.19417191E-06       0.33211057E-07       0.65363241E-06       0.61033746E-06       0.26011971E-06       0.38878779E-07       0.31143990E-06       0.24471704E-06       0.18295024E-06       0.44703184E-07       0.31140802E-06       0.24469051E-06       0.18294063E-06       0.44700844E-07
     -0.52297079E+02       0.46089208E-01       0.42703602E-03       0.00000000E+00       0.61240556E-08       0.11412411E-01       0.17783451E-07       0.43902777E-07       0.42607199E-08       0.99901551E-08       0.13803745E-07       0.75593673E-08       0.28827094E-06       0.26721578E-06       0.13509288E-06       0.23256177E-07       0.46583042E-06       0.43479439E-06       0.18557092E-06       0.27783240E-07       0.22732915E-06       0.17851459E-06       0.13368592E-06       0.32494971E-07       0.22730553E-06       0.17849491E-06       0.13367875E-06       0.32493307E-07
     -0.52194005E+02       0.31329975E-01       0.29046039E-03       0.00000000E+00       0.42192012E-08       0.77577522E-02       0.12130132E-07       0.30098814E-07       0.28741439E-08       0.68185166E-08       0.95654288E-08       0.51187034E-08       0.18963908E-06       0.17643358E-06       0.89548764E-07       0.15511461E-07       0.31540902E-06       0.29430758E-06       0.12578895E-06       0.18867232E-07       0.15735085E-06       0.12348189E-06       0.92643582E-07       0.22414019E-07       0.15733342E-06       0.12346739E-06       0.92638022E-07       0.22412814E-07
     -0.52090932E+02       0.20236856E-01       0.18773961E-03       0.00000000E+00       0.27593017E-08       0.50109075E-02       0.78701399E-08       0.19594248E-07       0.18470571E-08       0.44209498E-08       0.62839946E-08       0.32983386E-08       0.11881947E-06       0.11092888E-06       0.56511106E-07       0.98472938E-08       0.20272853E-06       0.18913440E-06       0.80954451E-07       0.12167464E-07       0.10326400E-06       0.80978568E-07       0.60881495E-07       0.14667207E-07       0.10325120E-06       0.80967949E-07       0.60877070E-07       0.14666317E-07
     -0.51987859E+02       0.12419157E-01       0.11530034E-03       0.00000000E+00       0.17134569E-08       0.30751239E-02       0.48578836E-08       0.12113835E-07       0.11309143E-08       0.27229962E-08       0.39152794E-08       0.20224935E-08       0.70856143E-07       0.66369100E-07       0.33930537E-07       0.59473517E-08       0.12363422E-06       0.11534151E-06       0.49445725E-07       0.74496611E-08       0.64275758E-07       0.50362632E-07       0.37956306E-07       0.91078085E-08       0.64266463E-07       0.50354951E-07       0.37952787E-07       0.91071464E-08
     -0.51884785E+02       0.72439583E-02       0.67312782E-04       0.00000000E+00       0.10111790E-08       0.17936726E-02       0.28548479E-08       0.71170845E-08       0.66010016E-09       0.15941026E-08       0.23158068E-08       0.11807510E-08       0.40197849E-07       0.37773176E-07       0.19377951E-07       0.34169233E-08       0.71536512E-07       0.66747658E-07       0.28663703E-07       0.43312032E-08       0.37980533E-07       0.29730023E-07       0.22472313E-07       0.53712920E-08       0.37973916E-07       0.29724579E-07       0.22469583E-07       0.53708050E-08
     -0.51781712E+02       0.40199166E-02       0.37393697E-04       0.00000000E+00       0.56793426E-09       0.99536033E-03       0.15994575E-08       0.39787105E-08       0.36772626E-09       0.88799973E-09       0.13023409E-08       0.65703232E-09       0.21694201E-07       0.20451439E-07       0.10528443E-07       0.18682558E-08       0.39291102E-07       0.36672667E-07       0.15780253E-07       0.23930554E-08       0.21337400E-07       0.16682498E-07       0.12655153E-07       0.30127175E-08       0.21332829E-07       0.16678754E-07       0.12653125E-07       0.30123694E-08
     -0.51678638E+02       0.21256724E-02       0.19798505E-04       0.00000000E+00       0.30419870E-09       0.52632609E-03       0.85593090E-09       0.21203332E-08       0.19584779E-09       0.47149906E-09       0.69780792E-09       0.34906096E-09       0.11143104E-07       0.10540189E-07       0.54460512E-08       0.97311772E-09       0.20507022E-07       0.19150470E-07       0.82602358E-08       0.12582435E-08       0.11420312E-07       0.89161486E-08       0.67930715E-08       0.16103190E-08       0.11417276E-07       0.89136706E-08       0.67916432E-08       0.16100806E-08
     -0.51575565E+02       0.10733046E-02       0.10012039E-04       0.00000000E+00       0.15576138E-09       0.26575160E-03       0.43850727E-09       0.10796694E-08       0.99935005E-10       0.23915484E-09       0.35712732E-09       0.17743268E-09       0.54532028E-08       0.51769797E-08       0.26856028E-08       0.48363322E-09       0.10187613E-07       0.95208579E-08       0.41184976E-08       0.63078986E-09       0.58377550E-08       0.45499605E-08       0.34844909E-08       0.82222269E-09       0.58358291E-08       0.45483934E-08       0.34835435E-08       0.82206752E-09
     -0.51472491E+02       0.51874946E-03       0.48476844E-05       0.00000000E+00       0.76441440E-10       0.12844109E-03       0.21559373E-09       0.52663575E-09       0.48967983E-10       0.11616983E-09       0.17504549E-09       0.86500112E-10       0.25468019E-08       0.24275922E-08       0.12649276E-08       0.22982566E-09       0.48278057E-08       0.45163316E-08       0.19603704E-08       0.30223420E-09       0.28576290E-08       0.22228611E-08       0.17125508E-08       0.40209802E-09       0.28564686E-08       0.22219193E-08       0.17119605E-08       0.40200260E-09
     -0.51369418E+02       0.24059339E-03       0.22529035E-05       0.00000000E+00       0.36041241E-10       0.59569300E-04       0.10194185E-09       0.24667670E-09       0.23088352E-10       0.54174591E-10       0.82377794E-10       0.40535132E-10       0.11375278E-08       0.10892009E-08       0.57035980E-09       0.10467624E-09       0.21879448E-08       0.20493289E-08       0.89310990E-09       0.13875826E-09       0.13429334E-08       0.10423247E-08       0.80842399E-09       0.18880850E-09       0.13422718E-08       0.10417887E-08       0.80807895E-09       0.18875323E-09
     -0.51266345E+02       0.10730888E-03       0.10070643E-05       0.00000000E+00       0.16354505E-10       0.26568453E-04       0.46426380E-10       0.11116991E-09       0.10489756E-10       0.24303467E-10       0.37293917E-10       0.18290465E-10       0.48707112E-09       0.46872920E-09       0.24679788E-09       0.45801811E-10       0.95075233E-09       0.89182704E-09       0.39043400E-09       0.61190137E-10       0.60707883E-09       0.47007265E-09       0.36720655E-09       0.85290801E-10       0.60672283E-09       0.46978466E-09       0.36701746E-09       0.85260700E-10
     -0.51163271E+02       0.46091230E-04       0.43355434E-06       0.00000000E+00       0.71478604E-11       0.11411437E-04       0.20373375E-10       0.48254416E-10       0.45940464E-11       0.10500900E-10       0.16257484E-10       0.79531453E-11       0.20039812E-09       0.19390817E-09       0.10270258E-09       0.19289570E-10       0.39705066E-09       0.37305727E-09       0.16413250E-09       0.25966572E-10       0.26425358E-09       0.20412061E-09       0.16062208E-09       0.37103193E-10       0.26407311E-09       0.20397478E-09       0.16052494E-09       0.37087797E-10
     -0.51060198E+02       0.19070660E-04       0.17979918E-06       0.00000000E+00       0.30076721E-11       0.47214921E-05       0.86083053E-11       0.20170744E-10       0.19379150E-11       0.43701290E-11       0.68227260E-11       0.33312782E-11       0.79370509E-10       0.77242214E-10       0.41163411E-10       0.78273539E-11       0.15961059E-09       0.15022914E-09       0.66437960E-10       0.10613239E-10       0.11074166E-09       0.85339296E-10       0.67631540E-10       0.15540846E-10       0.11065559E-09       0.85269794E-10       0.67584751E-10       0.15533453E-10
     -0.50957124E+02       0.75943033E-05       0.71755021E-07       0.00000000E+00       0.12164961E-11       0.18801539E-05       0.34955492E-11       0.81090192E-11       0.78587417E-12       0.17497383E-11       0.27525684E-11       0.13420578E-11       0.30289724E-10       0.29648583E-10       0.15897399E-10       0.30599462E-11       0.61793612E-10       0.58264804E-10       0.25899753E-10       0.41769320E-11       0.44619719E-10       0.34309129E-10       0.27369169E-10       0.62589420E-11       0.44581123E-10       0.34277983E-10       0.27348038E-10       0.62556108E-11
     -0.50854051E+02       0.28992706E-05       0.27449031E-07       0.00000000E+00       0.47120999E-12       0.71777233E-06       0.13583373E-11       0.31235670E-11       0.30490988E-12       0.67141571E-12       0.10639927E-11       0.51771450E-12       0.11079121E-10       0.10910699E-10       0.58874760E-11       0.11471181E-11       0.22966856E-10       0.21692282E-10       0.96910379E-11       0.15772062E-11       0.17226988E-10       0.13219915E-10       0.10608297E-10       0.24152823E-11       0.17210733E-10       0.13206804E-10       0.10599351E-10       0.24138744E-11
     -0.50750977E+02       0.10630724E-05       0.10081559E-07       0.00000000E+00       0.17477030E-12       0.26318102E-06       0.50542206E-12       0.11534127E-11       0.11338170E-12       0.24719261E-12       0.39381976E-12       0.19155260E-12       0.39255686E-11       0.38851061E-11       0.21072680E-11       0.41471546E-12       0.82289374E-11       0.77843166E-11       0.34927072E-11       0.57290818E-12       0.63702404E-11       0.48804270E-11       0.39355205E-11       0.89292311E-12       0.63638079E-11       0.48752400E-11       0.39319672E-11       0.89236448E-12
     -0.50647904E+02       0.37210414E-06       0.35337512E-08       0.00000000E+00       0.61757459E-13       0.92119379E-07       0.17906624E-12       0.40609586E-12       0.40149339E-13       0.86818371E-13       0.13892667E-12       0.67552848E-13       0.13340143E-11       0.13260836E-11       0.72253099E-12       0.14343558E-12       0.28240670E-11       0.26750894E-11       0.12047769E-11       0.19895155E-12       0.22454567E-11       0.17179684E-11       0.13909407E-11       0.31468810E-12       0.22430669E-11       0.17160418E-11       0.13896170E-11       0.31448015E-12
     -0.50544830E+02       0.12395475E-06       0.11784890E-08       0.00000000E+00       0.20729932E-13       0.30686365E-07       0.60231854E-13       0.13591773E-12       0.13499360E-13       0.29000220E-13       0.46570281E-13       0.22639196E-13       0.43357772E-12       0.43261794E-12       0.23662104E-12       0.47315176E-13       0.92555780E-12       0.87772589E-12       0.39653855E-12       0.65847497E-13       0.75224046E-12       0.57490140E-12       0.46696515E-12       0.10540621E-12       0.75140707E-12       0.57422965E-12       0.46650262E-12       0.10533359E-12
     -0.50441757E+02       0.35396436E-07       0.33774585E-09       0.00000000E+00       0.60635363E-14       0.87625048E-08       0.17731568E-13       0.39397522E-13       0.39690530E-14       0.83539054E-14       0.13564892E-13       0.65892798E-14       0.11393028E-12       0.11519430E-12       0.63850191E-13       0.13085309E-13       0.25041113E-12       0.23839389E-12       0.10885093E-12       0.18412983E-13       0.21868397E-12       0.16655910E-12       0.13665378E-12       0.30628072E-13       0.21841187E-12       0.16633988E-12       0.13650196E-12       0.30604271E-13
     -0.50338684E+02       0.10879547E-07       0.10381050E-09       0.00000000E+00       0.18637053E-14       0.26932678E-08       0.54500239E-14       0.12109332E-13       0.12199391E-14       0.25676795E-14       0.41693427E-14       0.20252993E-14       0.35017927E-13       0.35406438E-13       0.19625172E-13       0.40219370E-14       0.76967059E-13       0.73273406E-13       0.33456723E-13       0.56594655E-14       0.67215311E-13       0.51194067E-13       0.42002283E-13       0.94139292E-14       0.67131678E-13       0.51126686E-13       0.41955620E-13       0.94066136E-14
     -0.50235610E+02       0.31373830E-08       0.29936293E-10       0.00000000E+00       0.53744495E-15       0.77666954E-09       0.15716475E-14       0.34920215E-14       0.35179924E-15       0.74045310E-15       0.12023318E-14       0.58404452E-15       0.10098275E-13       0.10210311E-13       0.56593976E-14       0.11598238E-14       0.22195331E-13       0.21130176E-13       0.96480632E-14       0.16320451E-14       0.19383176E-13       0.14763060E-13       0.12112384E-13       0.27147364E-14       0.19359059E-13       0.14743628E-13       0.12098928E-13       0.27126268E-14
     -0.50132537E+02       0.84884766E-09       0.80995379E-11       0.00000000E+00       0.14541065E-15       0.21013504E-09       0.42522360E-15       0.94479834E-15       0.95182501E-16       0.20033636E-15       0.32530186E-15       0.15801859E-15       0.27321805E-14       0.27624931E-14       0.15312018E-14       0.31380092E-15       0.60051498E-14       0.57169623E-14       0.26103717E-14       0.44156473E-15       0.52442956E-14       0.39942807E-14       0.32771163E-14       0.73449675E-15       0.52377704E-14       0.39890235E-14       0.32734755E-14       0.73392598E-15
     -0.50029463E+02       0.21547528E-09       0.20560228E-11       0.00000000E+00       0.36911686E-16       0.53341616E-10       0.10794065E-15       0.23983182E-15       0.24161550E-16       0.50854274E-16       0.82576074E-16       0.40112142E-16       0.69354888E-15       0.70124356E-15       0.38868708E-15       0.79656625E-16       0.15243740E-14       0.14512192E-14       0.66262839E-15       0.11208876E-15       0.13312354E-14       0.10139260E-14       0.83187781E-15       0.18644793E-15       0.13295790E-14       0.10125915E-14       0.83095361E-15       0.18630304E-15
     -0.49926390E+02       0.00000000E+00       0.00000000E+00       0.00000000E+00       0.00000000E+00       0.00000000E+00       0.00000000E+00       0.00000000E+00       0.00000000E+00       0.00000000E+00       0.00000000E+00       0.00000000E+00       0.00000000E+00       0.00000000E+00       0.00000000E+00       0.00000000E+00       0.00000000E+00       0.00000000E+00       0.00000000E+00       0.00000000E+00       0.00000000E+00       0.00000000E+00       0.00000000E+00       0.00000000E+00       0.00000000E+00       0.00000000E+00       0.00000000E+00       0.00000000E+00
     -0.49823316E+02       0.00000000E+00       0.00000000E+00       0.00000000E+00       0.00000000E+00       0.00000000E+00       0.00000000E+00       0.00000000E+00       0.00000000E+00       0.00000000E+00       0.00000000E+00       0.00000000E+00       0.00000000E+00       0.00000000E+00       0.00000000E+00       0.00000000E+00       0.00000000E+00       0.00000000E+00       0.00000000E+00       0.00000000E+00       0.00000000E+00       0.00000000E+00       0.00000000E+00       0.00000000E+00       0.00000000E+00       0.00000000E+00       0.00000000E+00       0.00000000E+00
     -0.49720243E+02       0.00000000E+00       0.00000000E+00       0.00000000E+00       0.00000000E+00       0.00000000E+00       0.00000000E+00       0.00000000E+00       0.00000000E+00       0.00000000E+00       0.00000000E+00       0.00000000E+00       0.00000000E+00       0.00000000E+00       0.00000000E+00       0.00000000E+00       0.00000000E+00       0.00000000E+00       0.00000000E+00       0.00000000E+00       0.00000000E+00       0.00000000E+00       0.00000000E+00       0.00000000E+00       0.00000000E+00       0.00000000E+00       0.00000000E+00       0.00000000E+00
     -0.49617170E+02       0.00000000E+00       0.00000000E+00       0.00000000E+00       0.00000000E+00       0.00000000E+00       0.00000000E+00       0.00000000E+00       0.00000000E+00       0.00000000E+00       0.00000000E+00       0.00000000E+00       0.00000000E+00       0.00000000E+00       0.00000000E+00       0.00000000E+00       0.00000000E+00       0.00000000E+00       0.00000000E+00       0.00000000E+00       0.00000000E+00       0.00000000E+00       0.00000000E+00       0.00000000E+00       0.00000000E+00       0.00000000E+00       0.00000000E+00       0.00000000E+00
     -0.49514096E+02       0.00000000E+00       0.00000000E+00       0.00000000E+00       0.00000000E+00       0.00000000E+00       0.00000000E+00       0.00000000E+00       0.00000000E+00       0.00000000E+00       0.00000000E+00       0.00000000E+00       0.00000000E+00       0.00000000E+00       0.00000000E+00       0.00000000E+00       0.00000000E+00       0.00000000E+00       0.00000000E+00       0.00000000E+00       0.00000000E+00       0.00000000E+00       0.00000000E+00       0.00000000E+00       0.00000000E+00       0.00000000E+00       0.00000000E+00       0.00000000E+00
     -0.49411023E+02       0.00000000E+00       0.00000000E+00       0.00000000E+00       0.00000000E+00       0.00000000E+00       0.00000000E+00       0.00000000E+00       0.00000000E+00       0.00000000E+00       0.00000000E+00       0.00000000E+00       0.00000000E+00       0.00000000E+00       0.00000000E+00       0.00000000E+00       0.00000000E+00       0.00000000E+00       0.00000000E+00       0.00000000E+00       0.00000000E+00       0.00000000E+00       0.00000000E+00       0.00000000E+00       0.00000000E+00       0.00000000E+00       0.00000000E+00       0.00000000E+00
     -0.49307949E+02       0.00000000E+00       0.00000000E+00       0.00000000E+00       0.00000000E+00       0.00000000E+00       0.00000000E+00       0.00000000E+00       0.00000000E+00       0.00000000E+00       0.00000000E+00       0.00000000E+00       0.00000000E+00       0.00000000E+00       0.00000000E+00       0.00000000E+00       0.00000000E+00       0.00000000E+00       0.00000000E+00       0.00000000E+00       0.00000000E+00       0.00000000E+00       0.00000000E+00       0.00000000E+00       0.00000000E+00       0.00000000E+00       0.00000000E+00       0.00000000E+00
     -0.49204876E+02       0.00000000E+00       0.00000000E+00       0.00000000E+00       0.00000000E+00       0.00000000E+00       0.00000000E+00       0.00000000E+00       0.00000000E+00       0.00000000E+00       0.00000000E+00       0.00000000E+00       0.00000000E+00       0.00000000E+00       0.00000000E+00       0.00000000E+00       0.00000000E+00       0.00000000E+00       0.00000000E+00       0.00000000E+00       0.00000000E+00       0.00000000E+00       0.00000000E+00       0.00000000E+00       0.00000000E+00       0.00000000E+00       0.00000000E+00       0.00000000E+00
     -0.49101802E+02       0.00000000E+00       0.00000000E+00       0.00000000E+00       0.00000000E+00       0.00000000E+00       0.00000000E+00       0.00000000E+00       0.00000000E+00       0.00000000E+00       0.00000000E+00       0.00000000E+00       0.00000000E+00       0.00000000E+00       0.00000000E+00       0.00000000E+00       0.00000000E+00       0.00000000E+00       0.00000000E+00       0.00000000E+00       0.00000000E+00       0.00000000E+00       0.00000000E+00       0.00000000E+00       0.00000000E+00       0.00000000E+00       0.00000000E+00       0.00000000E+00
     -0.48998729E+02       0.00000000E+00       0.00000000E+00       0.00000000E+00       0.00000000E+00       0.00000000E+00       0.00000000E+00       0.00000000E+00       0.00000000E+00       0.00000000E+00       0.00000000E+00       0.00000000E+00       0.00000000E+00       0.00000000E+00       0.00000000E+00       0.00000000E+00       0.00000000E+00       0.00000000E+00       0.00000000E+00       0.00000000E+00       0.00000000E+00       0.00000000E+00       0.00000000E+00       0.00000000E+00       0.00000000E+00       0.00000000E+00       0.00000000E+00       0.00000000E+00
     -0.48895656E+02       0.00000000E+00       0.00000000E+00       0.00000000E+00       0.00000000E+00       0.00000000E+00       0.00000000E+00       0.00000000E+00       0.00000000E+00       0.00000000E+00       0.00000000E+00       0.00000000E+00       0.00000000E+00       0.00000000E+00       0.00000000E+00       0.00000000E+00       0.00000000E+00       0.00000000E+00       0.00000000E+00       0.00000000E+00       0.00000000E+00       0.00000000E+00       0.00000000E+00       0.00000000E+00       0.00000000E+00       0.00000000E+00       0.00000000E+00       0.00000000E+00
     -0.48792582E+02       0.00000000E+00       0.00000000E+00       0.00000000E+00       0.00000000E+00       0.00000000E+00       0.00000000E+00       0.00000000E+00       0.00000000E+00       0.00000000E+00       0.00000000E+00       0.00000000E+00       0.00000000E+00       0.00000000E+00       0.00000000E+00       0.00000000E+00       0.00000000E+00       0.00000000E+00       0.00000000E+00       0.00000000E+00       0.00000000E+00       0.00000000E+00       0.00000000E+00       0.00000000E+00       0.00000000E+00       0.00000000E+00       0.00000000E+00       0.00000000E+00
     -0.48689509E+02       0.00000000E+00       0.00000000E+00       0.00000000E+00       0.00000000E+00       0.00000000E+00       0.00000000E+00       0.00000000E+00       0.00000000E+00       0.00000000E+00       0.00000000E+00       0.00000000E+00       0.00000000E+00       0.00000000E+00       0.00000000E+00       0.00000000E+00       0.00000000E+00       0.00000000E+00       0.00000000E+00       0.00000000E+00       0.00000000E+00       0.00000000E+00       0.00000000E+00       0.00000000E+00       0.00000000E+00       0.00000000E+00       0.00000000E+00       0.00000000E+00
     -0.48586435E+02       0.00000000E+00       0.00000000E+00       0.00000000E+00       0.00000000E+00       0.00000000E+00       0.00000000E+00       0.00000000E+00       0.00000000E+00       0.00000000E+00       0.00000000E+00       0.00000000E+00       0.00000000E+00       0.00000000E+00       0.00000000E+00       0.00000000E+00       0.00000000E+00       0.00000000E+00       0.00000000E+00       0.00000000E+00       0.00000000E+00       0.00000000E+00       0.00000000E+00       0.00000000E+00       0.00000000E+00       0.00000000E+00       0.00000000E+00       0.00000000E+00
     -0.48483362E+02       0.00000000E+00       0.00000000E+00       0.00000000E+00       0.00000000E+00       0.00000000E+00       0.00000000E+00       0.00000000E+00       0.00000000E+00       0.00000000E+00       0.00000000E+00       0.00000000E+00       0.00000000E+00       0.00000000E+00       0.00000000E+00       0.00000000E+00       0.00000000E+00       0.00000000E+00       0.00000000E+00       0.00000000E+00       0.00000000E+00       0.00000000E+00       0.00000000E+00       0.00000000E+00       0.00000000E+00       0.00000000E+00       0.00000000E+00       0.00000000E+00
     -0.48380288E+02       0.00000000E+00       0.00000000E+00       0.00000000E+00       0.00000000E+00       0.00000000E+00       0.00000000E+00       0.00000000E+00       0.00000000E+00       0.00000000E+00       0.00000000E+00       0.00000000E+00       0.00000000E+00       0.00000000E+00       0.00000000E+00       0.00000000E+00       0.00000000E+00       0.00000000E+00       0.00000000E+00       0.00000000E+00       0.00000000E+00       0.00000000E+00       0.00000000E+00       0.00000000E+00       0.00000000E+00       0.00000000E+00       0.00000000E+00       0.00000000E+00
     -0.48277215E+02       0.00000000E+00       0.00000000E+00       0.00000000E+00       0.00000000E+00       0.00000000E+00       0.00000000E+00       0.00000000E+00       0.00000000E+00       0.00000000E+00       0.00000000E+00       0.00000000E+00       0.00000000E+00       0.00000000E+00       0.00000000E+00       0.00000000E+00       0.00000000E+00       0.00000000E+00       0.00000000E+00       0.00000000E+00       0.00000000E+00       0.00000000E+00       0.00000000E+00       0.00000000E+00       0.00000000E+00       0.00000000E+00       0.00000000E+00       0.00000000E+00
     -0.48174142E+02       0.00000000E+00       0.00000000E+00       0.00000000E+00       0.00000000E+00       0.00000000E+00       0.00000000E+00       0.00000000E+00       0.00000000E+00       0.00000000E+00       0.00000000E+00       0.00000000E+00       0.00000000E+00       0.00000000E+00       0.00000000E+00       0.00000000E+00       0.00000000E+00       0.00000000E+00       0.00000000E+00       0.00000000E+00       0.00000000E+00       0.00000000E+00       0.00000000E+00       0.00000000E+00       0.00000000E+00       0.00000000E+00       0.00000000E+00       0.00000000E+00
     -0.48071068E+02       0.00000000E+00       0.00000000E+00       0.00000000E+00       0.00000000E+00       0.00000000E+00       0.00000000E+00       0.00000000E+00       0.00000000E+00       0.00000000E+00       0.00000000E+00       0.00000000E+00       0.00000000E+00       0.00000000E+00       0.00000000E+00       0.00000000E+00       0.00000000E+00       0.00000000E+00       0.00000000E+00       0.00000000E+00       0.00000000E+00       0.00000000E+00       0.00000000E+00       0.00000000E+00       0.00000000E+00       0.00000000E+00       0.00000000E+00       0.00000000E+00
     -0.47967995E+02       0.00000000E+00       0.00000000E+00       0.00000000E+00       0.00000000E+00       0.00000000E+00       0.00000000E+00       0.00000000E+00       0.00000000E+00       0.00000000E+00       0.00000000E+00       0.00000000E+00       0.00000000E+00       0.00000000E+00       0.00000000E+00       0.00000000E+00       0.00000000E+00       0.00000000E+00       0.00000000E+00       0.00000000E+00       0.00000000E+00       0.00000000E+00       0.00000000E+00       0.00000000E+00       0.00000000E+00       0.00000000E+00       0.00000000E+00       0.00000000E+00
     -0.47864921E+02       0.00000000E+00       0.00000000E+00       0.00000000E+00       0.00000000E+00       0.00000000E+00       0.00000000E+00       0.00000000E+00       0.00000000E+00       0.00000000E+00       0.00000000E+00       0.00000000E+00       0.00000000E+00       0.00000000E+00       0.00000000E+00       0.00000000E+00       0.00000000E+00       0.00000000E+00       0.00000000E+00       0.00000000E+00       0.00000000E+00       0.00000000E+00       0.00000000E+00       0.00000000E+00       0.00000000E+00       0.00000000E+00       0.00000000E+00       0.00000000E+00
     -0.47761848E+02       0.00000000E+00       0.00000000E+00       0.00000000E+00       0.00000000E+00       0.00000000E+00       0.00000000E+00       0.00000000E+00       0.00000000E+00       0.00000000E+00       0.00000000E+00       0.00000000E+00       0.00000000E+00       0.00000000E+00       0.00000000E+00       0.00000000E+00       0.00000000E+00       0.00000000E+00       0.00000000E+00       0.00000000E+00       0.00000000E+00       0.00000000E+00       0.00000000E+00       0.00000000E+00       0.00000000E+00       0.00000000E+00       0.00000000E+00       0.00000000E+00
     -0.47658774E+02       0.00000000E+00       0.00000000E+00       0.00000000E+00       0.00000000E+00       0.00000000E+00       0.00000000E+00       0.00000000E+00       0.00000000E+00       0.00000000E+00       0.00000000E+00       0.00000000E+00       0.00000000E+00       0.00000000E+00       0.00000000E+00       0.00000000E+00       0.00000000E+00       0.00000000E+00       0.00000000E+00       0.00000000E+00       0.00000000E+00       0.00000000E+00       0.00000000E+00       0.00000000E+00       0.00000000E+00       0.00000000E+00       0.00000000E+00       0.00000000E+00
     -0.47555701E+02       0.00000000E+00       0.00000000E+00       0.00000000E+00       0.00000000E+00       0.00000000E+00       0.00000000E+00       0.00000000E+00       0.00000000E+00       0.00000000E+00       0.00000000E+00       0.00000000E+00       0.00000000E+00       0.00000000E+00       0.00000000E+00       0.00000000E+00       0.00000000E+00       0.00000000E+00       0.00000000E+00       0.00000000E+00       0.00000000E+00       0.00000000E+00       0.00000000E+00       0.00000000E+00       0.00000000E+00       0.00000000E+00       0.00000000E+00       0.00000000E+00
     -0.47452627E+02       0.00000000E+00       0.00000000E+00       0.00000000E+00       0.00000000E+00       0.00000000E+00       0.00000000E+00       0.00000000E+00       0.00000000E+00       0.00000000E+00       0.00000000E+00       0.00000000E+00       0.00000000E+00       0.00000000E+00       0.00000000E+00       0.00000000E+00       0.00000000E+00       0.00000000E+00       0.00000000E+00       0.00000000E+00       0.00000000E+00       0.00000000E+00       0.00000000E+00       0.00000000E+00       0.00000000E+00       0.00000000E+00       0.00000000E+00       0.00000000E+00
     -0.47349554E+02       0.00000000E+00       0.00000000E+00       0.00000000E+00       0.00000000E+00       0.00000000E+00       0.00000000E+00       0.00000000E+00       0.00000000E+00       0.00000000E+00       0.00000000E+00       0.00000000E+00       0.00000000E+00       0.00000000E+00       0.00000000E+00       0.00000000E+00       0.00000000E+00       0.00000000E+00       0.00000000E+00       0.00000000E+00       0.00000000E+00       0.00000000E+00       0.00000000E+00       0.00000000E+00       0.00000000E+00       0.00000000E+00       0.00000000E+00       0.00000000E+00
     -0.47246481E+02       0.00000000E+00       0.00000000E+00       0.00000000E+00       0.00000000E+00       0.00000000E+00       0.00000000E+00       0.00000000E+00       0.00000000E+00       0.00000000E+00       0.00000000E+00       0.00000000E+00       0.00000000E+00       0.00000000E+00       0.00000000E+00       0.00000000E+00       0.00000000E+00       0.00000000E+00       0.00000000E+00       0.00000000E+00       0.00000000E+00       0.00000000E+00       0.00000000E+00       0.00000000E+00       0.00000000E+00       0.00000000E+00       0.00000000E+00       0.00000000E+00
     -0.47143407E+02       0.00000000E+00       0.00000000E+00       0.00000000E+00       0.00000000E+00       0.00000000E+00       0.00000000E+00       0.00000000E+00       0.00000000E+00       0.00000000E+00       0.00000000E+00       0.00000000E+00       0.00000000E+00       0.00000000E+00       0.00000000E+00       0.00000000E+00       0.00000000E+00       0.00000000E+00       0.00000000E+00       0.00000000E+00       0.00000000E+00       0.00000000E+00       0.00000000E+00       0.00000000E+00       0.00000000E+00       0.00000000E+00       0.00000000E+00       0.00000000E+00
     -0.47040334E+02       0.00000000E+00       0.00000000E+00       0.00000000E+00       0.00000000E+00       0.00000000E+00       0.00000000E+00       0.00000000E+00       0.00000000E+00       0.00000000E+00       0.00000000E+00       0.00000000E+00       0.00000000E+00       0.00000000E+00       0.00000000E+00       0.00000000E+00       0.00000000E+00       0.00000000E+00       0.00000000E+00       0.00000000E+00       0.00000000E+00       0.00000000E+00       0.00000000E+00       0.00000000E+00       0.00000000E+00       0.00000000E+00       0.00000000E+00       0.00000000E+00
     -0.46937260E+02       0.00000000E+00       0.00000000E+00       0.00000000E+00       0.00000000E+00       0.00000000E+00       0.00000000E+00       0.00000000E+00       0.00000000E+00       0.00000000E+00       0.00000000E+00       0.00000000E+00       0.00000000E+00       0.00000000E+00       0.00000000E+00       0.00000000E+00       0.00000000E+00       0.00000000E+00       0.00000000E+00       0.00000000E+00       0.00000000E+00       0.00000000E+00       0.00000000E+00       0.00000000E+00       0.00000000E+00       0.00000000E+00       0.00000000E+00       0.00000000E+00
     -0.46834187E+02       0.00000000E+00       0.00000000E+00       0.00000000E+00       0.00000000E+00       0.00000000E+00       0.00000000E+00       0.00000000E+00       0.00000000E+00       0.00000000E+00       0.00000000E+00       0.00000000E+00       0.00000000E+00       0.00000000E+00       0.00000000E+00       0.00000000E+00       0.00000000E+00       0.00000000E+00       0.00000000E+00       0.00000000E+00       0.00000000E+00       0.00000000E+00       0.00000000E+00       0.00000000E+00       0.00000000E+00       0.00000000E+00       0.00000000E+00       0.00000000E+00
     -0.46731113E+02       0.00000000E+00       0.00000000E+00       0.00000000E+00       0.00000000E+00       0.00000000E+00       0.00000000E+00       0.00000000E+00       0.00000000E+00       0.00000000E+00       0.00000000E+00       0.00000000E+00       0.00000000E+00       0.00000000E+00       0.00000000E+00       0.00000000E+00       0.00000000E+00       0.00000000E+00       0.00000000E+00       0.00000000E+00       0.00000000E+00       0.00000000E+00       0.00000000E+00       0.00000000E+00       0.00000000E+00       0.00000000E+00       0.00000000E+00       0.00000000E+00
     -0.46628040E+02       0.00000000E+00       0.00000000E+00       0.00000000E+00       0.00000000E+00       0.00000000E+00       0.00000000E+00       0.00000000E+00       0.00000000E+00       0.00000000E+00       0.00000000E+00       0.00000000E+00       0.00000000E+00       0.00000000E+00       0.00000000E+00       0.00000000E+00       0.00000000E+00       0.00000000E+00       0.00000000E+00       0.00000000E+00       0.00000000E+00       0.00000000E+00       0.00000000E+00       0.00000000E+00       0.00000000E+00       0.00000000E+00       0.00000000E+00       0.00000000E+00
     -0.46524967E+02       0.00000000E+00       0.00000000E+00       0.00000000E+00       0.00000000E+00       0.00000000E+00       0.00000000E+00       0.00000000E+00       0.00000000E+00       0.00000000E+00       0.00000000E+00       0.00000000E+00       0.00000000E+00       0.00000000E+00       0.00000000E+00       0.00000000E+00       0.00000000E+00       0.00000000E+00       0.00000000E+00       0.00000000E+00       0.00000000E+00       0.00000000E+00       0.00000000E+00       0.00000000E+00       0.00000000E+00       0.00000000E+00       0.00000000E+00       0.00000000E+00
     -0.46421893E+02       0.00000000E+00       0.00000000E+00       0.00000000E+00       0.00000000E+00       0.00000000E+00       0.00000000E+00       0.00000000E+00       0.00000000E+00       0.00000000E+00       0.00000000E+00       0.00000000E+00       0.00000000E+00       0.00000000E+00       0.00000000E+00       0.00000000E+00       0.00000000E+00       0.00000000E+00       0.00000000E+00       0.00000000E+00       0.00000000E+00       0.00000000E+00       0.00000000E+00       0.00000000E+00       0.00000000E+00       0.00000000E+00       0.00000000E+00       0.00000000E+00
     -0.46318820E+02       0.00000000E+00       0.00000000E+00       0.00000000E+00       0.00000000E+00       0.00000000E+00       0.00000000E+00       0.00000000E+00       0.00000000E+00       0.00000000E+00       0.00000000E+00       0.00000000E+00       0.00000000E+00       0.00000000E+00       0.00000000E+00       0.00000000E+00       0.00000000E+00       0.00000000E+00       0.00000000E+00       0.00000000E+00       0.00000000E+00       0.00000000E+00       0.00000000E+00       0.00000000E+00       0.00000000E+00       0.00000000E+00       0.00000000E+00       0.00000000E+00
     -0.46215746E+02       0.00000000E+00       0.00000000E+00       0.00000000E+00       0.00000000E+00       0.00000000E+00       0.00000000E+00       0.00000000E+00       0.00000000E+00       0.00000000E+00       0.00000000E+00       0.00000000E+00       0.00000000E+00       0.00000000E+00       0.00000000E+00       0.00000000E+00       0.00000000E+00       0.00000000E+00       0.00000000E+00       0.00000000E+00       0.00000000E+00       0.00000000E+00       0.00000000E+00       0.00000000E+00       0.00000000E+00       0.00000000E+00       0.00000000E+00       0.00000000E+00
     -0.46112673E+02       0.00000000E+00       0.00000000E+00       0.00000000E+00       0.00000000E+00       0.00000000E+00       0.00000000E+00       0.00000000E+00       0.00000000E+00       0.00000000E+00       0.00000000E+00       0.00000000E+00       0.00000000E+00       0.00000000E+00       0.00000000E+00       0.00000000E+00       0.00000000E+00       0.00000000E+00       0.00000000E+00       0.00000000E+00       0.00000000E+00       0.00000000E+00       0.00000000E+00       0.00000000E+00       0.00000000E+00       0.00000000E+00       0.00000000E+00       0.00000000E+00
     -0.46009599E+02       0.00000000E+00       0.00000000E+00       0.00000000E+00       0.00000000E+00       0.00000000E+00       0.00000000E+00       0.00000000E+00       0.00000000E+00       0.00000000E+00       0.00000000E+00       0.00000000E+00       0.00000000E+00       0.00000000E+00       0.00000000E+00       0.00000000E+00       0.00000000E+00       0.00000000E+00       0.00000000E+00       0.00000000E+00       0.00000000E+00       0.00000000E+00       0.00000000E+00       0.00000000E+00       0.00000000E+00       0.00000000E+00       0.00000000E+00       0.00000000E+00
     -0.45906526E+02       0.00000000E+00       0.00000000E+00       0.00000000E+00       0.00000000E+00       0.00000000E+00       0.00000000E+00       0.00000000E+00       0.00000000E+00       0.00000000E+00       0.00000000E+00       0.00000000E+00       0.00000000E+00       0.00000000E+00       0.00000000E+00       0.00000000E+00       0.00000000E+00       0.00000000E+00       0.00000000E+00       0.00000000E+00       0.00000000E+00       0.00000000E+00       0.00000000E+00       0.00000000E+00       0.00000000E+00       0.00000000E+00       0.00000000E+00       0.00000000E+00
     -0.45803453E+02       0.00000000E+00       0.00000000E+00       0.00000000E+00       0.00000000E+00       0.00000000E+00       0.00000000E+00       0.00000000E+00       0.00000000E+00       0.00000000E+00       0.00000000E+00       0.00000000E+00       0.00000000E+00       0.00000000E+00       0.00000000E+00       0.00000000E+00       0.00000000E+00       0.00000000E+00       0.00000000E+00       0.00000000E+00       0.00000000E+00       0.00000000E+00       0.00000000E+00       0.00000000E+00       0.00000000E+00       0.00000000E+00       0.00000000E+00       0.00000000E+00
     -0.45700379E+02       0.00000000E+00       0.00000000E+00       0.00000000E+00       0.00000000E+00       0.00000000E+00       0.00000000E+00       0.00000000E+00       0.00000000E+00       0.00000000E+00       0.00000000E+00       0.00000000E+00       0.00000000E+00       0.00000000E+00       0.00000000E+00       0.00000000E+00       0.00000000E+00       0.00000000E+00       0.00000000E+00       0.00000000E+00       0.00000000E+00       0.00000000E+00       0.00000000E+00       0.00000000E+00       0.00000000E+00       0.00000000E+00       0.00000000E+00       0.00000000E+00
     -0.45597306E+02       0.00000000E+00       0.00000000E+00       0.00000000E+00       0.00000000E+00       0.00000000E+00       0.00000000E+00       0.00000000E+00       0.00000000E+00       0.00000000E+00       0.00000000E+00       0.00000000E+00       0.00000000E+00       0.00000000E+00       0.00000000E+00       0.00000000E+00       0.00000000E+00       0.00000000E+00       0.00000000E+00       0.00000000E+00       0.00000000E+00       0.00000000E+00       0.00000000E+00       0.00000000E+00       0.00000000E+00       0.00000000E+00       0.00000000E+00       0.00000000E+00
     -0.45494232E+02       0.00000000E+00       0.00000000E+00       0.00000000E+00       0.00000000E+00       0.00000000E+00       0.00000000E+00       0.00000000E+00       0.00000000E+00       0.00000000E+00       0.00000000E+00       0.00000000E+00       0.00000000E+00       0.00000000E+00       0.00000000E+00       0.00000000E+00       0.00000000E+00       0.00000000E+00       0.00000000E+00       0.00000000E+00       0.00000000E+00       0.00000000E+00       0.00000000E+00       0.00000000E+00       0.00000000E+00       0.00000000E+00       0.00000000E+00       0.00000000E+00
     -0.45391159E+02       0.00000000E+00       0.00000000E+00       0.00000000E+00       0.00000000E+00       0.00000000E+00       0.00000000E+00       0.00000000E+00       0.00000000E+00       0.00000000E+00       0.00000000E+00       0.00000000E+00       0.00000000E+00       0.00000000E+00       0.00000000E+00       0.00000000E+00       0.00000000E+00       0.00000000E+00       0.00000000E+00       0.00000000E+00       0.00000000E+00       0.00000000E+00       0.00000000E+00       0.00000000E+00       0.00000000E+00       0.00000000E+00       0.00000000E+00       0.00000000E+00
     -0.45288085E+02       0.00000000E+00       0.00000000E+00       0.00000000E+00       0.00000000E+00       0.00000000E+00       0.00000000E+00       0.00000000E+00       0.00000000E+00       0.00000000E+00       0.00000000E+00       0.00000000E+00       0.00000000E+00       0.00000000E+00       0.00000000E+00       0.00000000E+00       0.00000000E+00       0.00000000E+00       0.00000000E+00       0.00000000E+00       0.00000000E+00       0.00000000E+00       0.00000000E+00       0.00000000E+00       0.00000000E+00       0.00000000E+00       0.00000000E+00       0.00000000E+00
     -0.45185012E+02       0.00000000E+00       0.00000000E+00       0.00000000E+00       0.00000000E+00       0.00000000E+00       0.00000000E+00       0.00000000E+00       0.00000000E+00       0.00000000E+00       0.00000000E+00       0.00000000E+00       0.00000000E+00       0.00000000E+00       0.00000000E+00       0.00000000E+00       0.00000000E+00       0.00000000E+00       0.00000000E+00       0.00000000E+00       0.00000000E+00       0.00000000E+00       0.00000000E+00       0.00000000E+00       0.00000000E+00       0.00000000E+00       0.00000000E+00       0.00000000E+00
     -0.45081939E+02       0.00000000E+00       0.00000000E+00       0.00000000E+00       0.00000000E+00       0.00000000E+00       0.00000000E+00       0.00000000E+00       0.00000000E+00       0.00000000E+00       0.00000000E+00       0.00000000E+00       0.00000000E+00       0.00000000E+00       0.00000000E+00       0.00000000E+00       0.00000000E+00       0.00000000E+00       0.00000000E+00       0.00000000E+00       0.00000000E+00       0.00000000E+00       0.00000000E+00       0.00000000E+00       0.00000000E+00       0.00000000E+00       0.00000000E+00       0.00000000E+00
     -0.44978865E+02       0.00000000E+00       0.00000000E+00       0.00000000E+00       0.00000000E+00       0.00000000E+00       0.00000000E+00       0.00000000E+00       0.00000000E+00       0.00000000E+00       0.00000000E+00       0.00000000E+00       0.00000000E+00       0.00000000E+00       0.00000000E+00       0.00000000E+00       0.00000000E+00       0.00000000E+00       0.00000000E+00       0.00000000E+00       0.00000000E+00       0.00000000E+00       0.00000000E+00       0.00000000E+00       0.00000000E+00       0.00000000E+00       0.00000000E+00       0.00000000E+00
     -0.44875792E+02       0.00000000E+00       0.00000000E+00       0.00000000E+00       0.00000000E+00       0.00000000E+00       0.00000000E+00       0.00000000E+00       0.00000000E+00       0.00000000E+00       0.00000000E+00       0.00000000E+00       0.00000000E+00       0.00000000E+00       0.00000000E+00       0.00000000E+00       0.00000000E+00       0.00000000E+00       0.00000000E+00       0.00000000E+00       0.00000000E+00       0.00000000E+00       0.00000000E+00       0.00000000E+00       0.00000000E+00       0.00000000E+00       0.00000000E+00       0.00000000E+00
     -0.44772718E+02       0.00000000E+00       0.00000000E+00       0.00000000E+00       0.00000000E+00       0.00000000E+00       0.00000000E+00       0.00000000E+00       0.00000000E+00       0.00000000E+00       0.00000000E+00       0.00000000E+00       0.00000000E+00       0.00000000E+00       0.00000000E+00       0.00000000E+00       0.00000000E+00       0.00000000E+00       0.00000000E+00       0.00000000E+00       0.00000000E+00       0.00000000E+00       0.00000000E+00       0.00000000E+00       0.00000000E+00       0.00000000E+00       0.00000000E+00       0.00000000E+00
     -0.44669645E+02       0.00000000E+00       0.00000000E+00       0.00000000E+00       0.00000000E+00       0.00000000E+00       0.00000000E+00       0.00000000E+00       0.00000000E+00       0.00000000E+00       0.00000000E+00       0.00000000E+00       0.00000000E+00       0.00000000E+00       0.00000000E+00       0.00000000E+00       0.00000000E+00       0.00000000E+00       0.00000000E+00       0.00000000E+00       0.00000000E+00       0.00000000E+00       0.00000000E+00       0.00000000E+00       0.00000000E+00       0.00000000E+00       0.00000000E+00       0.00000000E+00
     -0.44566571E+02       0.00000000E+00       0.00000000E+00       0.00000000E+00       0.00000000E+00       0.00000000E+00       0.00000000E+00       0.00000000E+00       0.00000000E+00       0.00000000E+00       0.00000000E+00       0.00000000E+00       0.00000000E+00       0.00000000E+00       0.00000000E+00       0.00000000E+00       0.00000000E+00       0.00000000E+00       0.00000000E+00       0.00000000E+00       0.00000000E+00       0.00000000E+00       0.00000000E+00       0.00000000E+00       0.00000000E+00       0.00000000E+00       0.00000000E+00       0.00000000E+00
     -0.44463498E+02       0.00000000E+00       0.00000000E+00       0.00000000E+00       0.00000000E+00       0.00000000E+00       0.00000000E+00       0.00000000E+00       0.00000000E+00       0.00000000E+00       0.00000000E+00       0.00000000E+00       0.00000000E+00       0.00000000E+00       0.00000000E+00       0.00000000E+00       0.00000000E+00       0.00000000E+00       0.00000000E+00       0.00000000E+00       0.00000000E+00       0.00000000E+00       0.00000000E+00       0.00000000E+00       0.00000000E+00       0.00000000E+00       0.00000000E+00       0.00000000E+00
     -0.44360425E+02       0.00000000E+00       0.00000000E+00       0.00000000E+00       0.00000000E+00       0.00000000E+00       0.00000000E+00       0.00000000E+00       0.00000000E+00       0.00000000E+00       0.00000000E+00       0.00000000E+00       0.00000000E+00       0.00000000E+00       0.00000000E+00       0.00000000E+00       0.00000000E+00       0.00000000E+00       0.00000000E+00       0.00000000E+00       0.00000000E+00       0.00000000E+00       0.00000000E+00       0.00000000E+00       0.00000000E+00       0.00000000E+00       0.00000000E+00       0.00000000E+00
     -0.44257351E+02       0.00000000E+00       0.00000000E+00       0.00000000E+00       0.00000000E+00       0.00000000E+00       0.00000000E+00       0.00000000E+00       0.00000000E+00       0.00000000E+00       0.00000000E+00       0.00000000E+00       0.00000000E+00       0.00000000E+00       0.00000000E+00       0.00000000E+00       0.00000000E+00       0.00000000E+00       0.00000000E+00       0.00000000E+00       0.00000000E+00       0.00000000E+00       0.00000000E+00       0.00000000E+00       0.00000000E+00       0.00000000E+00       0.00000000E+00       0.00000000E+00
     -0.44154278E+02       0.00000000E+00       0.00000000E+00       0.00000000E+00       0.00000000E+00       0.00000000E+00       0.00000000E+00       0.00000000E+00       0.00000000E+00       0.00000000E+00       0.00000000E+00       0.00000000E+00       0.00000000E+00       0.00000000E+00       0.00000000E+00       0.00000000E+00       0.00000000E+00       0.00000000E+00       0.00000000E+00       0.00000000E+00       0.00000000E+00       0.00000000E+00       0.00000000E+00       0.00000000E+00       0.00000000E+00       0.00000000E+00       0.00000000E+00       0.00000000E+00
     -0.44051204E+02       0.00000000E+00       0.00000000E+00       0.00000000E+00       0.00000000E+00       0.00000000E+00       0.00000000E+00       0.00000000E+00       0.00000000E+00       0.00000000E+00       0.00000000E+00       0.00000000E+00       0.00000000E+00       0.00000000E+00       0.00000000E+00       0.00000000E+00       0.00000000E+00       0.00000000E+00       0.00000000E+00       0.00000000E+00       0.00000000E+00       0.00000000E+00       0.00000000E+00       0.00000000E+00       0.00000000E+00       0.00000000E+00       0.00000000E+00       0.00000000E+00
     -0.43948131E+02       0.00000000E+00       0.00000000E+00       0.00000000E+00       0.00000000E+00       0.00000000E+00       0.00000000E+00       0.00000000E+00       0.00000000E+00       0.00000000E+00       0.00000000E+00       0.00000000E+00       0.00000000E+00       0.00000000E+00       0.00000000E+00       0.00000000E+00       0.00000000E+00       0.00000000E+00       0.00000000E+00       0.00000000E+00       0.00000000E+00       0.00000000E+00       0.00000000E+00       0.00000000E+00       0.00000000E+00       0.00000000E+00       0.00000000E+00       0.00000000E+00
     -0.43845057E+02       0.00000000E+00       0.00000000E+00       0.00000000E+00       0.00000000E+00       0.00000000E+00       0.00000000E+00       0.00000000E+00       0.00000000E+00       0.00000000E+00       0.00000000E+00       0.00000000E+00       0.00000000E+00       0.00000000E+00       0.00000000E+00       0.00000000E+00       0.00000000E+00       0.00000000E+00       0.00000000E+00       0.00000000E+00       0.00000000E+00       0.00000000E+00       0.00000000E+00       0.00000000E+00       0.00000000E+00       0.00000000E+00       0.00000000E+00       0.00000000E+00
     -0.43741984E+02       0.00000000E+00       0.00000000E+00       0.00000000E+00       0.00000000E+00       0.00000000E+00       0.00000000E+00       0.00000000E+00       0.00000000E+00       0.00000000E+00       0.00000000E+00       0.00000000E+00       0.00000000E+00       0.00000000E+00       0.00000000E+00       0.00000000E+00       0.00000000E+00       0.00000000E+00       0.00000000E+00       0.00000000E+00       0.00000000E+00       0.00000000E+00       0.00000000E+00       0.00000000E+00       0.00000000E+00       0.00000000E+00       0.00000000E+00       0.00000000E+00
     -0.43638910E+02       0.00000000E+00       0.00000000E+00       0.00000000E+00       0.00000000E+00       0.00000000E+00       0.00000000E+00       0.00000000E+00       0.00000000E+00       0.00000000E+00       0.00000000E+00       0.00000000E+00       0.00000000E+00       0.00000000E+00       0.00000000E+00       0.00000000E+00       0.00000000E+00       0.00000000E+00       0.00000000E+00       0.00000000E+00       0.00000000E+00       0.00000000E+00       0.00000000E+00       0.00000000E+00       0.00000000E+00       0.00000000E+00       0.00000000E+00       0.00000000E+00
     -0.43535837E+02       0.00000000E+00       0.00000000E+00       0.00000000E+00       0.00000000E+00       0.00000000E+00       0.00000000E+00       0.00000000E+00       0.00000000E+00       0.00000000E+00       0.00000000E+00       0.00000000E+00       0.00000000E+00       0.00000000E+00       0.00000000E+00       0.00000000E+00       0.00000000E+00       0.00000000E+00       0.00000000E+00       0.00000000E+00       0.00000000E+00       0.00000000E+00       0.00000000E+00       0.00000000E+00       0.00000000E+00       0.00000000E+00       0.00000000E+00       0.00000000E+00
     -0.43432764E+02       0.00000000E+00       0.00000000E+00       0.00000000E+00       0.00000000E+00       0.00000000E+00       0.00000000E+00       0.00000000E+00       0.00000000E+00       0.00000000E+00       0.00000000E+00       0.00000000E+00       0.00000000E+00       0.00000000E+00       0.00000000E+00       0.00000000E+00       0.00000000E+00       0.00000000E+00       0.00000000E+00       0.00000000E+00       0.00000000E+00       0.00000000E+00       0.00000000E+00       0.00000000E+00       0.00000000E+00       0.00000000E+00       0.00000000E+00       0.00000000E+00
     -0.43329690E+02       0.00000000E+00       0.00000000E+00       0.00000000E+00       0.00000000E+00       0.00000000E+00       0.00000000E+00       0.00000000E+00       0.00000000E+00       0.00000000E+00       0.00000000E+00       0.00000000E+00       0.00000000E+00       0.00000000E+00       0.00000000E+00       0.00000000E+00       0.00000000E+00       0.00000000E+00       0.00000000E+00       0.00000000E+00       0.00000000E+00       0.00000000E+00       0.00000000E+00       0.00000000E+00       0.00000000E+00       0.00000000E+00       0.00000000E+00       0.00000000E+00
     -0.43226617E+02       0.00000000E+00       0.00000000E+00       0.00000000E+00       0.00000000E+00       0.00000000E+00       0.00000000E+00       0.00000000E+00       0.00000000E+00       0.00000000E+00       0.00000000E+00       0.00000000E+00       0.00000000E+00       0.00000000E+00       0.00000000E+00       0.00000000E+00       0.00000000E+00       0.00000000E+00       0.00000000E+00       0.00000000E+00       0.00000000E+00       0.00000000E+00       0.00000000E+00       0.00000000E+00       0.00000000E+00       0.00000000E+00       0.00000000E+00       0.00000000E+00
     -0.43123543E+02       0.00000000E+00       0.00000000E+00       0.00000000E+00       0.00000000E+00       0.00000000E+00       0.00000000E+00       0.00000000E+00       0.00000000E+00       0.00000000E+00       0.00000000E+00       0.00000000E+00       0.00000000E+00       0.00000000E+00       0.00000000E+00       0.00000000E+00       0.00000000E+00       0.00000000E+00       0.00000000E+00       0.00000000E+00       0.00000000E+00       0.00000000E+00       0.00000000E+00       0.00000000E+00       0.00000000E+00       0.00000000E+00       0.00000000E+00       0.00000000E+00
     -0.43020470E+02       0.00000000E+00       0.00000000E+00       0.00000000E+00       0.00000000E+00       0.00000000E+00       0.00000000E+00       0.00000000E+00       0.00000000E+00       0.00000000E+00       0.00000000E+00       0.00000000E+00       0.00000000E+00       0.00000000E+00       0.00000000E+00       0.00000000E+00       0.00000000E+00       0.00000000E+00       0.00000000E+00       0.00000000E+00       0.00000000E+00       0.00000000E+00       0.00000000E+00       0.00000000E+00       0.00000000E+00       0.00000000E+00       0.00000000E+00       0.00000000E+00
     -0.42917396E+02       0.00000000E+00       0.00000000E+00       0.00000000E+00       0.00000000E+00       0.00000000E+00       0.00000000E+00       0.00000000E+00       0.00000000E+00       0.00000000E+00       0.00000000E+00       0.00000000E+00       0.00000000E+00       0.00000000E+00       0.00000000E+00       0.00000000E+00       0.00000000E+00       0.00000000E+00       0.00000000E+00       0.00000000E+00       0.00000000E+00       0.00000000E+00       0.00000000E+00       0.00000000E+00       0.00000000E+00       0.00000000E+00       0.00000000E+00       0.00000000E+00
     -0.42814323E+02       0.00000000E+00       0.00000000E+00       0.00000000E+00       0.00000000E+00       0.00000000E+00       0.00000000E+00       0.00000000E+00       0.00000000E+00       0.00000000E+00       0.00000000E+00       0.00000000E+00       0.00000000E+00       0.00000000E+00       0.00000000E+00       0.00000000E+00       0.00000000E+00       0.00000000E+00       0.00000000E+00       0.00000000E+00       0.00000000E+00       0.00000000E+00       0.00000000E+00       0.00000000E+00       0.00000000E+00       0.00000000E+00       0.00000000E+00       0.00000000E+00
     -0.42711250E+02       0.00000000E+00       0.00000000E+00       0.00000000E+00       0.00000000E+00       0.00000000E+00       0.00000000E+00       0.00000000E+00       0.00000000E+00       0.00000000E+00       0.00000000E+00       0.00000000E+00       0.00000000E+00       0.00000000E+00       0.00000000E+00       0.00000000E+00       0.00000000E+00       0.00000000E+00       0.00000000E+00       0.00000000E+00       0.00000000E+00       0.00000000E+00       0.00000000E+00       0.00000000E+00       0.00000000E+00       0.00000000E+00       0.00000000E+00       0.00000000E+00
     -0.42608176E+02       0.00000000E+00       0.00000000E+00       0.00000000E+00       0.00000000E+00       0.00000000E+00       0.00000000E+00       0.00000000E+00       0.00000000E+00       0.00000000E+00       0.00000000E+00       0.00000000E+00       0.00000000E+00       0.00000000E+00       0.00000000E+00       0.00000000E+00       0.00000000E+00       0.00000000E+00       0.00000000E+00       0.00000000E+00       0.00000000E+00       0.00000000E+00       0.00000000E+00       0.00000000E+00       0.00000000E+00       0.00000000E+00       0.00000000E+00       0.00000000E+00
     -0.42505103E+02       0.00000000E+00       0.00000000E+00       0.00000000E+00       0.00000000E+00       0.00000000E+00       0.00000000E+00       0.00000000E+00       0.00000000E+00       0.00000000E+00       0.00000000E+00       0.00000000E+00       0.00000000E+00       0.00000000E+00       0.00000000E+00       0.00000000E+00       0.00000000E+00       0.00000000E+00       0.00000000E+00       0.00000000E+00       0.00000000E+00       0.00000000E+00       0.00000000E+00       0.00000000E+00       0.00000000E+00       0.00000000E+00       0.00000000E+00       0.00000000E+00
     -0.42402029E+02       0.00000000E+00       0.00000000E+00       0.00000000E+00       0.00000000E+00       0.00000000E+00       0.00000000E+00       0.00000000E+00       0.00000000E+00       0.00000000E+00       0.00000000E+00       0.00000000E+00       0.00000000E+00       0.00000000E+00       0.00000000E+00       0.00000000E+00       0.00000000E+00       0.00000000E+00       0.00000000E+00       0.00000000E+00       0.00000000E+00       0.00000000E+00       0.00000000E+00       0.00000000E+00       0.00000000E+00       0.00000000E+00       0.00000000E+00       0.00000000E+00
     -0.42298956E+02       0.00000000E+00       0.00000000E+00       0.00000000E+00       0.00000000E+00       0.00000000E+00       0.00000000E+00       0.00000000E+00       0.00000000E+00       0.00000000E+00       0.00000000E+00       0.00000000E+00       0.00000000E+00       0.00000000E+00       0.00000000E+00       0.00000000E+00       0.00000000E+00       0.00000000E+00       0.00000000E+00       0.00000000E+00       0.00000000E+00       0.00000000E+00       0.00000000E+00       0.00000000E+00       0.00000000E+00       0.00000000E+00       0.00000000E+00       0.00000000E+00
     -0.42195882E+02       0.00000000E+00       0.00000000E+00       0.00000000E+00       0.00000000E+00       0.00000000E+00       0.00000000E+00       0.00000000E+00       0.00000000E+00       0.00000000E+00       0.00000000E+00       0.00000000E+00       0.00000000E+00       0.00000000E+00       0.00000000E+00       0.00000000E+00       0.00000000E+00       0.00000000E+00       0.00000000E+00       0.00000000E+00       0.00000000E+00       0.00000000E+00       0.00000000E+00       0.00000000E+00       0.00000000E+00       0.00000000E+00       0.00000000E+00       0.00000000E+00
     -0.42092809E+02       0.00000000E+00       0.00000000E+00       0.00000000E+00       0.00000000E+00       0.00000000E+00       0.00000000E+00       0.00000000E+00       0.00000000E+00       0.00000000E+00       0.00000000E+00       0.00000000E+00       0.00000000E+00       0.00000000E+00       0.00000000E+00       0.00000000E+00       0.00000000E+00       0.00000000E+00       0.00000000E+00       0.00000000E+00       0.00000000E+00       0.00000000E+00       0.00000000E+00       0.00000000E+00       0.00000000E+00       0.00000000E+00       0.00000000E+00       0.00000000E+00
     -0.41989736E+02       0.00000000E+00       0.00000000E+00       0.00000000E+00       0.00000000E+00       0.00000000E+00       0.00000000E+00       0.00000000E+00       0.00000000E+00       0.00000000E+00       0.00000000E+00       0.00000000E+00       0.00000000E+00       0.00000000E+00       0.00000000E+00       0.00000000E+00       0.00000000E+00       0.00000000E+00       0.00000000E+00       0.00000000E+00       0.00000000E+00       0.00000000E+00       0.00000000E+00       0.00000000E+00       0.00000000E+00       0.00000000E+00       0.00000000E+00       0.00000000E+00
     -0.41886662E+02       0.00000000E+00       0.00000000E+00       0.00000000E+00       0.00000000E+00       0.00000000E+00       0.00000000E+00       0.00000000E+00       0.00000000E+00       0.00000000E+00       0.00000000E+00       0.00000000E+00       0.00000000E+00       0.00000000E+00       0.00000000E+00       0.00000000E+00       0.00000000E+00       0.00000000E+00       0.00000000E+00       0.00000000E+00       0.00000000E+00       0.00000000E+00       0.00000000E+00       0.00000000E+00       0.00000000E+00       0.00000000E+00       0.00000000E+00       0.00000000E+00
     -0.41783589E+02       0.00000000E+00       0.00000000E+00       0.00000000E+00       0.00000000E+00       0.00000000E+00       0.00000000E+00       0.00000000E+00       0.00000000E+00       0.00000000E+00       0.00000000E+00       0.00000000E+00       0.00000000E+00       0.00000000E+00       0.00000000E+00       0.00000000E+00       0.00000000E+00       0.00000000E+00       0.00000000E+00       0.00000000E+00       0.00000000E+00       0.00000000E+00       0.00000000E+00       0.00000000E+00       0.00000000E+00       0.00000000E+00       0.00000000E+00       0.00000000E+00
     -0.41680515E+02       0.00000000E+00       0.00000000E+00       0.00000000E+00       0.00000000E+00       0.00000000E+00       0.00000000E+00       0.00000000E+00       0.00000000E+00       0.00000000E+00       0.00000000E+00       0.00000000E+00       0.00000000E+00       0.00000000E+00       0.00000000E+00       0.00000000E+00       0.00000000E+00       0.00000000E+00       0.00000000E+00       0.00000000E+00       0.00000000E+00       0.00000000E+00       0.00000000E+00       0.00000000E+00       0.00000000E+00       0.00000000E+00       0.00000000E+00       0.00000000E+00
     -0.41577442E+02       0.00000000E+00       0.00000000E+00       0.00000000E+00       0.00000000E+00       0.00000000E+00       0.00000000E+00       0.00000000E+00       0.00000000E+00       0.00000000E+00       0.00000000E+00       0.00000000E+00       0.00000000E+00       0.00000000E+00       0.00000000E+00       0.00000000E+00       0.00000000E+00       0.00000000E+00       0.00000000E+00       0.00000000E+00       0.00000000E+00       0.00000000E+00       0.00000000E+00       0.00000000E+00       0.00000000E+00       0.00000000E+00       0.00000000E+00       0.00000000E+00
     -0.41474368E+02       0.00000000E+00       0.00000000E+00       0.00000000E+00       0.00000000E+00       0.00000000E+00       0.00000000E+00       0.00000000E+00       0.00000000E+00       0.00000000E+00       0.00000000E+00       0.00000000E+00       0.00000000E+00       0.00000000E+00       0.00000000E+00       0.00000000E+00       0.00000000E+00       0.00000000E+00       0.00000000E+00       0.00000000E+00       0.00000000E+00       0.00000000E+00       0.00000000E+00       0.00000000E+00       0.00000000E+00       0.00000000E+00       0.00000000E+00       0.00000000E+00
     -0.41371295E+02       0.00000000E+00       0.00000000E+00       0.00000000E+00       0.00000000E+00       0.00000000E+00       0.00000000E+00       0.00000000E+00       0.00000000E+00       0.00000000E+00       0.00000000E+00       0.00000000E+00       0.00000000E+00       0.00000000E+00       0.00000000E+00       0.00000000E+00       0.00000000E+00       0.00000000E+00       0.00000000E+00       0.00000000E+00       0.00000000E+00       0.00000000E+00       0.00000000E+00       0.00000000E+00       0.00000000E+00       0.00000000E+00       0.00000000E+00       0.00000000E+00
     -0.41268222E+02       0.00000000E+00       0.00000000E+00       0.00000000E+00       0.00000000E+00       0.00000000E+00       0.00000000E+00       0.00000000E+00       0.00000000E+00       0.00000000E+00       0.00000000E+00       0.00000000E+00       0.00000000E+00       0.00000000E+00       0.00000000E+00       0.00000000E+00       0.00000000E+00       0.00000000E+00       0.00000000E+00       0.00000000E+00       0.00000000E+00       0.00000000E+00       0.00000000E+00       0.00000000E+00       0.00000000E+00       0.00000000E+00       0.00000000E+00       0.00000000E+00
     -0.41165148E+02       0.00000000E+00       0.00000000E+00       0.00000000E+00       0.00000000E+00       0.00000000E+00       0.00000000E+00       0.00000000E+00       0.00000000E+00       0.00000000E+00       0.00000000E+00       0.00000000E+00       0.00000000E+00       0.00000000E+00       0.00000000E+00       0.00000000E+00       0.00000000E+00       0.00000000E+00       0.00000000E+00       0.00000000E+00       0.00000000E+00       0.00000000E+00       0.00000000E+00       0.00000000E+00       0.00000000E+00       0.00000000E+00       0.00000000E+00       0.00000000E+00
     -0.41062075E+02       0.00000000E+00       0.00000000E+00       0.00000000E+00       0.00000000E+00       0.00000000E+00       0.00000000E+00       0.00000000E+00       0.00000000E+00       0.00000000E+00       0.00000000E+00       0.00000000E+00       0.00000000E+00       0.00000000E+00       0.00000000E+00       0.00000000E+00       0.00000000E+00       0.00000000E+00       0.00000000E+00       0.00000000E+00       0.00000000E+00       0.00000000E+00       0.00000000E+00       0.00000000E+00       0.00000000E+00       0.00000000E+00       0.00000000E+00       0.00000000E+00
     -0.40959001E+02       0.00000000E+00       0.00000000E+00       0.00000000E+00       0.00000000E+00       0.00000000E+00       0.00000000E+00       0.00000000E+00       0.00000000E+00       0.00000000E+00       0.00000000E+00       0.00000000E+00       0.00000000E+00       0.00000000E+00       0.00000000E+00       0.00000000E+00       0.00000000E+00       0.00000000E+00       0.00000000E+00       0.00000000E+00       0.00000000E+00       0.00000000E+00       0.00000000E+00       0.00000000E+00       0.00000000E+00       0.00000000E+00       0.00000000E+00       0.00000000E+00
     -0.40855928E+02       0.00000000E+00       0.00000000E+00       0.00000000E+00       0.00000000E+00       0.00000000E+00       0.00000000E+00       0.00000000E+00       0.00000000E+00       0.00000000E+00       0.00000000E+00       0.00000000E+00       0.00000000E+00       0.00000000E+00       0.00000000E+00       0.00000000E+00       0.00000000E+00       0.00000000E+00       0.00000000E+00       0.00000000E+00       0.00000000E+00       0.00000000E+00       0.00000000E+00       0.00000000E+00       0.00000000E+00       0.00000000E+00       0.00000000E+00       0.00000000E+00
     -0.40752854E+02       0.00000000E+00       0.00000000E+00       0.00000000E+00       0.00000000E+00       0.00000000E+00       0.00000000E+00       0.00000000E+00       0.00000000E+00       0.00000000E+00       0.00000000E+00       0.00000000E+00       0.00000000E+00       0.00000000E+00       0.00000000E+00       0.00000000E+00       0.00000000E+00       0.00000000E+00       0.00000000E+00       0.00000000E+00       0.00000000E+00       0.00000000E+00       0.00000000E+00       0.00000000E+00       0.00000000E+00       0.00000000E+00       0.00000000E+00       0.00000000E+00
     -0.40649781E+02       0.00000000E+00       0.00000000E+00       0.00000000E+00       0.00000000E+00       0.00000000E+00       0.00000000E+00       0.00000000E+00       0.00000000E+00       0.00000000E+00       0.00000000E+00       0.00000000E+00       0.00000000E+00       0.00000000E+00       0.00000000E+00       0.00000000E+00       0.00000000E+00       0.00000000E+00       0.00000000E+00       0.00000000E+00       0.00000000E+00       0.00000000E+00       0.00000000E+00       0.00000000E+00       0.00000000E+00       0.00000000E+00       0.00000000E+00       0.00000000E+00
     -0.40546708E+02       0.00000000E+00       0.00000000E+00       0.00000000E+00       0.00000000E+00       0.00000000E+00       0.00000000E+00       0.00000000E+00       0.00000000E+00       0.00000000E+00       0.00000000E+00       0.00000000E+00       0.00000000E+00       0.00000000E+00       0.00000000E+00       0.00000000E+00       0.00000000E+00       0.00000000E+00       0.00000000E+00       0.00000000E+00       0.00000000E+00       0.00000000E+00       0.00000000E+00       0.00000000E+00       0.00000000E+00       0.00000000E+00       0.00000000E+00       0.00000000E+00
     -0.40443634E+02       0.00000000E+00       0.00000000E+00       0.00000000E+00       0.00000000E+00       0.00000000E+00       0.00000000E+00       0.00000000E+00       0.00000000E+00       0.00000000E+00       0.00000000E+00       0.00000000E+00       0.00000000E+00       0.00000000E+00       0.00000000E+00       0.00000000E+00       0.00000000E+00       0.00000000E+00       0.00000000E+00       0.00000000E+00       0.00000000E+00       0.00000000E+00       0.00000000E+00       0.00000000E+00       0.00000000E+00       0.00000000E+00       0.00000000E+00       0.00000000E+00
     -0.40340561E+02       0.00000000E+00       0.00000000E+00       0.00000000E+00       0.00000000E+00       0.00000000E+00       0.00000000E+00       0.00000000E+00       0.00000000E+00       0.00000000E+00       0.00000000E+00       0.00000000E+00       0.00000000E+00       0.00000000E+00       0.00000000E+00       0.00000000E+00       0.00000000E+00       0.00000000E+00       0.00000000E+00       0.00000000E+00       0.00000000E+00       0.00000000E+00       0.00000000E+00       0.00000000E+00       0.00000000E+00       0.00000000E+00       0.00000000E+00       0.00000000E+00
     -0.40237487E+02       0.00000000E+00       0.00000000E+00       0.00000000E+00       0.00000000E+00       0.00000000E+00       0.00000000E+00       0.00000000E+00       0.00000000E+00       0.00000000E+00       0.00000000E+00       0.00000000E+00       0.00000000E+00       0.00000000E+00       0.00000000E+00       0.00000000E+00       0.00000000E+00       0.00000000E+00       0.00000000E+00       0.00000000E+00       0.00000000E+00       0.00000000E+00       0.00000000E+00       0.00000000E+00       0.00000000E+00       0.00000000E+00       0.00000000E+00       0.00000000E+00
     -0.40134414E+02       0.00000000E+00       0.00000000E+00       0.00000000E+00       0.00000000E+00       0.00000000E+00       0.00000000E+00       0.00000000E+00       0.00000000E+00       0.00000000E+00       0.00000000E+00       0.00000000E+00       0.00000000E+00       0.00000000E+00       0.00000000E+00       0.00000000E+00       0.00000000E+00       0.00000000E+00       0.00000000E+00       0.00000000E+00       0.00000000E+00       0.00000000E+00       0.00000000E+00       0.00000000E+00       0.00000000E+00       0.00000000E+00       0.00000000E+00       0.00000000E+00
     -0.40031340E+02       0.00000000E+00       0.00000000E+00       0.00000000E+00       0.00000000E+00       0.00000000E+00       0.00000000E+00       0.00000000E+00       0.00000000E+00       0.00000000E+00       0.00000000E+00       0.00000000E+00       0.00000000E+00       0.00000000E+00       0.00000000E+00       0.00000000E+00       0.00000000E+00       0.00000000E+00       0.00000000E+00       0.00000000E+00       0.00000000E+00       0.00000000E+00       0.00000000E+00       0.00000000E+00       0.00000000E+00       0.00000000E+00       0.00000000E+00       0.00000000E+00
     -0.39928267E+02       0.00000000E+00       0.00000000E+00       0.00000000E+00       0.00000000E+00       0.00000000E+00       0.00000000E+00       0.00000000E+00       0.00000000E+00       0.00000000E+00       0.00000000E+00       0.00000000E+00       0.00000000E+00       0.00000000E+00       0.00000000E+00       0.00000000E+00       0.00000000E+00       0.00000000E+00       0.00000000E+00       0.00000000E+00       0.00000000E+00       0.00000000E+00       0.00000000E+00       0.00000000E+00       0.00000000E+00       0.00000000E+00       0.00000000E+00       0.00000000E+00
     -0.39825193E+02       0.00000000E+00       0.00000000E+00       0.00000000E+00       0.00000000E+00       0.00000000E+00       0.00000000E+00       0.00000000E+00       0.00000000E+00       0.00000000E+00       0.00000000E+00       0.00000000E+00       0.00000000E+00       0.00000000E+00       0.00000000E+00       0.00000000E+00       0.00000000E+00       0.00000000E+00       0.00000000E+00       0.00000000E+00       0.00000000E+00       0.00000000E+00       0.00000000E+00       0.00000000E+00       0.00000000E+00       0.00000000E+00       0.00000000E+00       0.00000000E+00
     -0.39722120E+02       0.00000000E+00       0.00000000E+00       0.00000000E+00       0.00000000E+00       0.00000000E+00       0.00000000E+00       0.00000000E+00       0.00000000E+00       0.00000000E+00       0.00000000E+00       0.00000000E+00       0.00000000E+00       0.00000000E+00       0.00000000E+00       0.00000000E+00       0.00000000E+00       0.00000000E+00       0.00000000E+00       0.00000000E+00       0.00000000E+00       0.00000000E+00       0.00000000E+00       0.00000000E+00       0.00000000E+00       0.00000000E+00       0.00000000E+00       0.00000000E+00
     -0.39619047E+02       0.00000000E+00       0.00000000E+00       0.00000000E+00       0.00000000E+00       0.00000000E+00       0.00000000E+00       0.00000000E+00       0.00000000E+00       0.00000000E+00       0.00000000E+00       0.00000000E+00       0.00000000E+00       0.00000000E+00       0.00000000E+00       0.00000000E+00       0.00000000E+00       0.00000000E+00       0.00000000E+00       0.00000000E+00       0.00000000E+00       0.00000000E+00       0.00000000E+00       0.00000000E+00       0.00000000E+00       0.00000000E+00       0.00000000E+00       0.00000000E+00
     -0.39515973E+02       0.00000000E+00       0.00000000E+00       0.00000000E+00       0.00000000E+00       0.00000000E+00       0.00000000E+00       0.00000000E+00       0.00000000E+00       0.00000000E+00       0.00000000E+00       0.00000000E+00       0.00000000E+00       0.00000000E+00       0.00000000E+00       0.00000000E+00       0.00000000E+00       0.00000000E+00       0.00000000E+00       0.00000000E+00       0.00000000E+00       0.00000000E+00       0.00000000E+00       0.00000000E+00       0.00000000E+00       0.00000000E+00       0.00000000E+00       0.00000000E+00
     -0.39412900E+02       0.00000000E+00       0.00000000E+00       0.00000000E+00       0.00000000E+00       0.00000000E+00       0.00000000E+00       0.00000000E+00       0.00000000E+00       0.00000000E+00       0.00000000E+00       0.00000000E+00       0.00000000E+00       0.00000000E+00       0.00000000E+00       0.00000000E+00       0.00000000E+00       0.00000000E+00       0.00000000E+00       0.00000000E+00       0.00000000E+00       0.00000000E+00       0.00000000E+00       0.00000000E+00       0.00000000E+00       0.00000000E+00       0.00000000E+00       0.00000000E+00
     -0.39309826E+02       0.00000000E+00       0.00000000E+00       0.00000000E+00       0.00000000E+00       0.00000000E+00       0.00000000E+00       0.00000000E+00       0.00000000E+00       0.00000000E+00       0.00000000E+00       0.00000000E+00       0.00000000E+00       0.00000000E+00       0.00000000E+00       0.00000000E+00       0.00000000E+00       0.00000000E+00       0.00000000E+00       0.00000000E+00       0.00000000E+00       0.00000000E+00       0.00000000E+00       0.00000000E+00       0.00000000E+00       0.00000000E+00       0.00000000E+00       0.00000000E+00
     -0.39206753E+02       0.00000000E+00       0.00000000E+00       0.00000000E+00       0.00000000E+00       0.00000000E+00       0.00000000E+00       0.00000000E+00       0.00000000E+00       0.00000000E+00       0.00000000E+00       0.00000000E+00       0.00000000E+00       0.00000000E+00       0.00000000E+00       0.00000000E+00       0.00000000E+00       0.00000000E+00       0.00000000E+00       0.00000000E+00       0.00000000E+00       0.00000000E+00       0.00000000E+00       0.00000000E+00       0.00000000E+00       0.00000000E+00       0.00000000E+00       0.00000000E+00
     -0.39103679E+02       0.00000000E+00       0.00000000E+00       0.00000000E+00       0.00000000E+00       0.00000000E+00       0.00000000E+00       0.00000000E+00       0.00000000E+00       0.00000000E+00       0.00000000E+00       0.00000000E+00       0.00000000E+00       0.00000000E+00       0.00000000E+00       0.00000000E+00       0.00000000E+00       0.00000000E+00       0.00000000E+00       0.00000000E+00       0.00000000E+00       0.00000000E+00       0.00000000E+00       0.00000000E+00       0.00000000E+00       0.00000000E+00       0.00000000E+00       0.00000000E+00
     -0.39000606E+02       0.00000000E+00       0.00000000E+00       0.00000000E+00       0.00000000E+00       0.00000000E+00       0.00000000E+00       0.00000000E+00       0.00000000E+00       0.00000000E+00       0.00000000E+00       0.00000000E+00       0.00000000E+00       0.00000000E+00       0.00000000E+00       0.00000000E+00       0.00000000E+00       0.00000000E+00       0.00000000E+00       0.00000000E+00       0.00000000E+00       0.00000000E+00       0.00000000E+00       0.00000000E+00       0.00000000E+00       0.00000000E+00       0.00000000E+00       0.00000000E+00
     -0.38897533E+02       0.00000000E+00       0.00000000E+00       0.00000000E+00       0.00000000E+00       0.00000000E+00       0.00000000E+00       0.00000000E+00       0.00000000E+00       0.00000000E+00       0.00000000E+00       0.00000000E+00       0.00000000E+00       0.00000000E+00       0.00000000E+00       0.00000000E+00       0.00000000E+00       0.00000000E+00       0.00000000E+00       0.00000000E+00       0.00000000E+00       0.00000000E+00       0.00000000E+00       0.00000000E+00       0.00000000E+00       0.00000000E+00       0.00000000E+00       0.00000000E+00
     -0.38794459E+02       0.00000000E+00       0.00000000E+00       0.00000000E+00       0.00000000E+00       0.00000000E+00       0.00000000E+00       0.00000000E+00       0.00000000E+00       0.00000000E+00       0.00000000E+00       0.00000000E+00       0.00000000E+00       0.00000000E+00       0.00000000E+00       0.00000000E+00       0.00000000E+00       0.00000000E+00       0.00000000E+00       0.00000000E+00       0.00000000E+00       0.00000000E+00       0.00000000E+00       0.00000000E+00       0.00000000E+00       0.00000000E+00       0.00000000E+00       0.00000000E+00
     -0.38691386E+02       0.00000000E+00       0.00000000E+00       0.00000000E+00       0.00000000E+00       0.00000000E+00       0.00000000E+00       0.00000000E+00       0.00000000E+00       0.00000000E+00       0.00000000E+00       0.00000000E+00       0.00000000E+00       0.00000000E+00       0.00000000E+00       0.00000000E+00       0.00000000E+00       0.00000000E+00       0.00000000E+00       0.00000000E+00       0.00000000E+00       0.00000000E+00       0.00000000E+00       0.00000000E+00       0.00000000E+00       0.00000000E+00       0.00000000E+00       0.00000000E+00
     -0.38588312E+02       0.00000000E+00       0.00000000E+00       0.00000000E+00       0.00000000E+00       0.00000000E+00       0.00000000E+00       0.00000000E+00       0.00000000E+00       0.00000000E+00       0.00000000E+00       0.00000000E+00       0.00000000E+00       0.00000000E+00       0.00000000E+00       0.00000000E+00       0.00000000E+00       0.00000000E+00       0.00000000E+00       0.00000000E+00       0.00000000E+00       0.00000000E+00       0.00000000E+00       0.00000000E+00       0.00000000E+00       0.00000000E+00       0.00000000E+00       0.00000000E+00
     -0.38485239E+02       0.00000000E+00       0.00000000E+00       0.00000000E+00       0.00000000E+00       0.00000000E+00       0.00000000E+00       0.00000000E+00       0.00000000E+00       0.00000000E+00       0.00000000E+00       0.00000000E+00       0.00000000E+00       0.00000000E+00       0.00000000E+00       0.00000000E+00       0.00000000E+00       0.00000000E+00       0.00000000E+00       0.00000000E+00       0.00000000E+00       0.00000000E+00       0.00000000E+00       0.00000000E+00       0.00000000E+00       0.00000000E+00       0.00000000E+00       0.00000000E+00
     -0.38382165E+02       0.00000000E+00       0.00000000E+00       0.00000000E+00       0.00000000E+00       0.00000000E+00       0.00000000E+00       0.00000000E+00       0.00000000E+00       0.00000000E+00       0.00000000E+00       0.00000000E+00       0.00000000E+00       0.00000000E+00       0.00000000E+00       0.00000000E+00       0.00000000E+00       0.00000000E+00       0.00000000E+00       0.00000000E+00       0.00000000E+00       0.00000000E+00       0.00000000E+00       0.00000000E+00       0.00000000E+00       0.00000000E+00       0.00000000E+00       0.00000000E+00
     -0.38279092E+02       0.00000000E+00       0.00000000E+00       0.00000000E+00       0.00000000E+00       0.00000000E+00       0.00000000E+00       0.00000000E+00       0.00000000E+00       0.00000000E+00       0.00000000E+00       0.00000000E+00       0.00000000E+00       0.00000000E+00       0.00000000E+00       0.00000000E+00       0.00000000E+00       0.00000000E+00       0.00000000E+00       0.00000000E+00       0.00000000E+00       0.00000000E+00       0.00000000E+00       0.00000000E+00       0.00000000E+00       0.00000000E+00       0.00000000E+00       0.00000000E+00
     -0.38176019E+02       0.00000000E+00       0.00000000E+00       0.00000000E+00       0.00000000E+00       0.00000000E+00       0.00000000E+00       0.00000000E+00       0.00000000E+00       0.00000000E+00       0.00000000E+00       0.00000000E+00       0.00000000E+00       0.00000000E+00       0.00000000E+00       0.00000000E+00       0.00000000E+00       0.00000000E+00       0.00000000E+00       0.00000000E+00       0.00000000E+00       0.00000000E+00       0.00000000E+00       0.00000000E+00       0.00000000E+00       0.00000000E+00       0.00000000E+00       0.00000000E+00
     -0.38072945E+02       0.00000000E+00       0.00000000E+00       0.00000000E+00       0.00000000E+00       0.00000000E+00       0.00000000E+00       0.00000000E+00       0.00000000E+00       0.00000000E+00       0.00000000E+00       0.00000000E+00       0.00000000E+00       0.00000000E+00       0.00000000E+00       0.00000000E+00       0.00000000E+00       0.00000000E+00       0.00000000E+00       0.00000000E+00       0.00000000E+00       0.00000000E+00       0.00000000E+00       0.00000000E+00       0.00000000E+00       0.00000000E+00       0.00000000E+00       0.00000000E+00
     -0.37969872E+02       0.00000000E+00       0.00000000E+00       0.00000000E+00       0.00000000E+00       0.00000000E+00       0.00000000E+00       0.00000000E+00       0.00000000E+00       0.00000000E+00       0.00000000E+00       0.00000000E+00       0.00000000E+00       0.00000000E+00       0.00000000E+00       0.00000000E+00       0.00000000E+00       0.00000000E+00       0.00000000E+00       0.00000000E+00       0.00000000E+00       0.00000000E+00       0.00000000E+00       0.00000000E+00       0.00000000E+00       0.00000000E+00       0.00000000E+00       0.00000000E+00
     -0.37866798E+02       0.00000000E+00       0.00000000E+00       0.00000000E+00       0.00000000E+00       0.00000000E+00       0.00000000E+00       0.00000000E+00       0.00000000E+00       0.00000000E+00       0.00000000E+00       0.00000000E+00       0.00000000E+00       0.00000000E+00       0.00000000E+00       0.00000000E+00       0.00000000E+00       0.00000000E+00       0.00000000E+00       0.00000000E+00       0.00000000E+00       0.00000000E+00       0.00000000E+00       0.00000000E+00       0.00000000E+00       0.00000000E+00       0.00000000E+00       0.00000000E+00
     -0.37763725E+02       0.00000000E+00       0.00000000E+00       0.00000000E+00       0.00000000E+00       0.00000000E+00       0.00000000E+00       0.00000000E+00       0.00000000E+00       0.00000000E+00       0.00000000E+00       0.00000000E+00       0.00000000E+00       0.00000000E+00       0.00000000E+00       0.00000000E+00       0.00000000E+00       0.00000000E+00       0.00000000E+00       0.00000000E+00       0.00000000E+00       0.00000000E+00       0.00000000E+00       0.00000000E+00       0.00000000E+00       0.00000000E+00       0.00000000E+00       0.00000000E+00
     -0.37660651E+02       0.00000000E+00       0.00000000E+00       0.00000000E+00       0.00000000E+00       0.00000000E+00       0.00000000E+00       0.00000000E+00       0.00000000E+00       0.00000000E+00       0.00000000E+00       0.00000000E+00       0.00000000E+00       0.00000000E+00       0.00000000E+00       0.00000000E+00       0.00000000E+00       0.00000000E+00       0.00000000E+00       0.00000000E+00       0.00000000E+00       0.00000000E+00       0.00000000E+00       0.00000000E+00       0.00000000E+00       0.00000000E+00       0.00000000E+00       0.00000000E+00
     -0.37557578E+02       0.00000000E+00       0.00000000E+00       0.00000000E+00       0.00000000E+00       0.00000000E+00       0.00000000E+00       0.00000000E+00       0.00000000E+00       0.00000000E+00       0.00000000E+00       0.00000000E+00       0.00000000E+00       0.00000000E+00       0.00000000E+00       0.00000000E+00       0.00000000E+00       0.00000000E+00       0.00000000E+00       0.00000000E+00       0.00000000E+00       0.00000000E+00       0.00000000E+00       0.00000000E+00       0.00000000E+00       0.00000000E+00       0.00000000E+00       0.00000000E+00
     -0.37454505E+02       0.00000000E+00       0.00000000E+00       0.00000000E+00       0.00000000E+00       0.00000000E+00       0.00000000E+00       0.00000000E+00       0.00000000E+00       0.00000000E+00       0.00000000E+00       0.00000000E+00       0.00000000E+00       0.00000000E+00       0.00000000E+00       0.00000000E+00       0.00000000E+00       0.00000000E+00       0.00000000E+00       0.00000000E+00       0.00000000E+00       0.00000000E+00       0.00000000E+00       0.00000000E+00       0.00000000E+00       0.00000000E+00       0.00000000E+00       0.00000000E+00
     -0.37351431E+02       0.00000000E+00       0.00000000E+00       0.00000000E+00       0.00000000E+00       0.00000000E+00       0.00000000E+00       0.00000000E+00       0.00000000E+00       0.00000000E+00       0.00000000E+00       0.00000000E+00       0.00000000E+00       0.00000000E+00       0.00000000E+00       0.00000000E+00       0.00000000E+00       0.00000000E+00       0.00000000E+00       0.00000000E+00       0.00000000E+00       0.00000000E+00       0.00000000E+00       0.00000000E+00       0.00000000E+00       0.00000000E+00       0.00000000E+00       0.00000000E+00
     -0.37248358E+02       0.00000000E+00       0.00000000E+00       0.00000000E+00       0.00000000E+00       0.00000000E+00       0.00000000E+00       0.00000000E+00       0.00000000E+00       0.00000000E+00       0.00000000E+00       0.00000000E+00       0.00000000E+00       0.00000000E+00       0.00000000E+00       0.00000000E+00       0.00000000E+00       0.00000000E+00       0.00000000E+00       0.00000000E+00       0.00000000E+00       0.00000000E+00       0.00000000E+00       0.00000000E+00       0.00000000E+00       0.00000000E+00       0.00000000E+00       0.00000000E+00
     -0.37145284E+02       0.00000000E+00       0.00000000E+00       0.00000000E+00       0.00000000E+00       0.00000000E+00       0.00000000E+00       0.00000000E+00       0.00000000E+00       0.00000000E+00       0.00000000E+00       0.00000000E+00       0.00000000E+00       0.00000000E+00       0.00000000E+00       0.00000000E+00       0.00000000E+00       0.00000000E+00       0.00000000E+00       0.00000000E+00       0.00000000E+00       0.00000000E+00       0.00000000E+00       0.00000000E+00       0.00000000E+00       0.00000000E+00       0.00000000E+00       0.00000000E+00
     -0.37042211E+02       0.00000000E+00       0.00000000E+00       0.00000000E+00       0.00000000E+00       0.00000000E+00       0.00000000E+00       0.00000000E+00       0.00000000E+00       0.00000000E+00       0.00000000E+00       0.00000000E+00       0.00000000E+00       0.00000000E+00       0.00000000E+00       0.00000000E+00       0.00000000E+00       0.00000000E+00       0.00000000E+00       0.00000000E+00       0.00000000E+00       0.00000000E+00       0.00000000E+00       0.00000000E+00       0.00000000E+00       0.00000000E+00       0.00000000E+00       0.00000000E+00
     -0.36939137E+02       0.00000000E+00       0.00000000E+00       0.00000000E+00       0.00000000E+00       0.00000000E+00       0.00000000E+00       0.00000000E+00       0.00000000E+00       0.00000000E+00       0.00000000E+00       0.00000000E+00       0.00000000E+00       0.00000000E+00       0.00000000E+00       0.00000000E+00       0.00000000E+00       0.00000000E+00       0.00000000E+00       0.00000000E+00       0.00000000E+00       0.00000000E+00       0.00000000E+00       0.00000000E+00       0.00000000E+00       0.00000000E+00       0.00000000E+00       0.00000000E+00
     -0.36836064E+02       0.00000000E+00       0.00000000E+00       0.00000000E+00       0.00000000E+00       0.00000000E+00       0.00000000E+00       0.00000000E+00       0.00000000E+00       0.00000000E+00       0.00000000E+00       0.00000000E+00       0.00000000E+00       0.00000000E+00       0.00000000E+00       0.00000000E+00       0.00000000E+00       0.00000000E+00       0.00000000E+00       0.00000000E+00       0.00000000E+00       0.00000000E+00       0.00000000E+00       0.00000000E+00       0.00000000E+00       0.00000000E+00       0.00000000E+00       0.00000000E+00
     -0.36732990E+02       0.00000000E+00       0.00000000E+00       0.00000000E+00       0.00000000E+00       0.00000000E+00       0.00000000E+00       0.00000000E+00       0.00000000E+00       0.00000000E+00       0.00000000E+00       0.00000000E+00       0.00000000E+00       0.00000000E+00       0.00000000E+00       0.00000000E+00       0.00000000E+00       0.00000000E+00       0.00000000E+00       0.00000000E+00       0.00000000E+00       0.00000000E+00       0.00000000E+00       0.00000000E+00       0.00000000E+00       0.00000000E+00       0.00000000E+00       0.00000000E+00
     -0.36629917E+02       0.00000000E+00       0.00000000E+00       0.00000000E+00       0.00000000E+00       0.00000000E+00       0.00000000E+00       0.00000000E+00       0.00000000E+00       0.00000000E+00       0.00000000E+00       0.00000000E+00       0.00000000E+00       0.00000000E+00       0.00000000E+00       0.00000000E+00       0.00000000E+00       0.00000000E+00       0.00000000E+00       0.00000000E+00       0.00000000E+00       0.00000000E+00       0.00000000E+00       0.00000000E+00       0.00000000E+00       0.00000000E+00       0.00000000E+00       0.00000000E+00
     -0.36526844E+02       0.00000000E+00       0.00000000E+00       0.00000000E+00       0.00000000E+00       0.00000000E+00       0.00000000E+00       0.00000000E+00       0.00000000E+00       0.00000000E+00       0.00000000E+00       0.00000000E+00       0.00000000E+00       0.00000000E+00       0.00000000E+00       0.00000000E+00       0.00000000E+00       0.00000000E+00       0.00000000E+00       0.00000000E+00       0.00000000E+00       0.00000000E+00       0.00000000E+00       0.00000000E+00       0.00000000E+00       0.00000000E+00       0.00000000E+00       0.00000000E+00
     -0.36423770E+02       0.00000000E+00       0.00000000E+00       0.00000000E+00       0.00000000E+00       0.00000000E+00       0.00000000E+00       0.00000000E+00       0.00000000E+00       0.00000000E+00       0.00000000E+00       0.00000000E+00       0.00000000E+00       0.00000000E+00       0.00000000E+00       0.00000000E+00       0.00000000E+00       0.00000000E+00       0.00000000E+00       0.00000000E+00       0.00000000E+00       0.00000000E+00       0.00000000E+00       0.00000000E+00       0.00000000E+00       0.00000000E+00       0.00000000E+00       0.00000000E+00
     -0.36320697E+02       0.00000000E+00       0.00000000E+00       0.00000000E+00       0.00000000E+00       0.00000000E+00       0.00000000E+00       0.00000000E+00       0.00000000E+00       0.00000000E+00       0.00000000E+00       0.00000000E+00       0.00000000E+00       0.00000000E+00       0.00000000E+00       0.00000000E+00       0.00000000E+00       0.00000000E+00       0.00000000E+00       0.00000000E+00       0.00000000E+00       0.00000000E+00       0.00000000E+00       0.00000000E+00       0.00000000E+00       0.00000000E+00       0.00000000E+00       0.00000000E+00
     -0.36217623E+02       0.00000000E+00       0.00000000E+00       0.00000000E+00       0.00000000E+00       0.00000000E+00       0.00000000E+00       0.00000000E+00       0.00000000E+00       0.00000000E+00       0.00000000E+00       0.00000000E+00       0.00000000E+00       0.00000000E+00       0.00000000E+00       0.00000000E+00       0.00000000E+00       0.00000000E+00       0.00000000E+00       0.00000000E+00       0.00000000E+00       0.00000000E+00       0.00000000E+00       0.00000000E+00       0.00000000E+00       0.00000000E+00       0.00000000E+00       0.00000000E+00
     -0.36114550E+02       0.00000000E+00       0.00000000E+00       0.00000000E+00       0.00000000E+00       0.00000000E+00       0.00000000E+00       0.00000000E+00       0.00000000E+00       0.00000000E+00       0.00000000E+00       0.00000000E+00       0.00000000E+00       0.00000000E+00       0.00000000E+00       0.00000000E+00       0.00000000E+00       0.00000000E+00       0.00000000E+00       0.00000000E+00       0.00000000E+00       0.00000000E+00       0.00000000E+00       0.00000000E+00       0.00000000E+00       0.00000000E+00       0.00000000E+00       0.00000000E+00
     -0.36011476E+02       0.00000000E+00       0.00000000E+00       0.00000000E+00       0.00000000E+00       0.00000000E+00       0.00000000E+00       0.00000000E+00       0.00000000E+00       0.00000000E+00       0.00000000E+00       0.00000000E+00       0.00000000E+00       0.00000000E+00       0.00000000E+00       0.00000000E+00       0.00000000E+00       0.00000000E+00       0.00000000E+00       0.00000000E+00       0.00000000E+00       0.00000000E+00       0.00000000E+00       0.00000000E+00       0.00000000E+00       0.00000000E+00       0.00000000E+00       0.00000000E+00
     -0.35908403E+02       0.00000000E+00       0.00000000E+00       0.00000000E+00       0.00000000E+00       0.00000000E+00       0.00000000E+00       0.00000000E+00       0.00000000E+00       0.00000000E+00       0.00000000E+00       0.00000000E+00       0.00000000E+00       0.00000000E+00       0.00000000E+00       0.00000000E+00       0.00000000E+00       0.00000000E+00       0.00000000E+00       0.00000000E+00       0.00000000E+00       0.00000000E+00       0.00000000E+00       0.00000000E+00       0.00000000E+00       0.00000000E+00       0.00000000E+00       0.00000000E+00
     -0.35805330E+02       0.00000000E+00       0.00000000E+00       0.00000000E+00       0.00000000E+00       0.00000000E+00       0.00000000E+00       0.00000000E+00       0.00000000E+00       0.00000000E+00       0.00000000E+00       0.00000000E+00       0.00000000E+00       0.00000000E+00       0.00000000E+00       0.00000000E+00       0.00000000E+00       0.00000000E+00       0.00000000E+00       0.00000000E+00       0.00000000E+00       0.00000000E+00       0.00000000E+00       0.00000000E+00       0.00000000E+00       0.00000000E+00       0.00000000E+00       0.00000000E+00
     -0.35702256E+02       0.00000000E+00       0.00000000E+00       0.00000000E+00       0.00000000E+00       0.00000000E+00       0.00000000E+00       0.00000000E+00       0.00000000E+00       0.00000000E+00       0.00000000E+00       0.00000000E+00       0.00000000E+00       0.00000000E+00       0.00000000E+00       0.00000000E+00       0.00000000E+00       0.00000000E+00       0.00000000E+00       0.00000000E+00       0.00000000E+00       0.00000000E+00       0.00000000E+00       0.00000000E+00       0.00000000E+00       0.00000000E+00       0.00000000E+00       0.00000000E+00
     -0.35599183E+02       0.00000000E+00       0.00000000E+00       0.00000000E+00       0.00000000E+00       0.00000000E+00       0.00000000E+00       0.00000000E+00       0.00000000E+00       0.00000000E+00       0.00000000E+00       0.00000000E+00       0.00000000E+00       0.00000000E+00       0.00000000E+00       0.00000000E+00       0.00000000E+00       0.00000000E+00       0.00000000E+00       0.00000000E+00       0.00000000E+00       0.00000000E+00       0.00000000E+00       0.00000000E+00       0.00000000E+00       0.00000000E+00       0.00000000E+00       0.00000000E+00
     -0.35496109E+02       0.00000000E+00       0.00000000E+00       0.00000000E+00       0.00000000E+00       0.00000000E+00       0.00000000E+00       0.00000000E+00       0.00000000E+00       0.00000000E+00       0.00000000E+00       0.00000000E+00       0.00000000E+00       0.00000000E+00       0.00000000E+00       0.00000000E+00       0.00000000E+00       0.00000000E+00       0.00000000E+00       0.00000000E+00       0.00000000E+00       0.00000000E+00       0.00000000E+00       0.00000000E+00       0.00000000E+00       0.00000000E+00       0.00000000E+00       0.00000000E+00
     -0.35393036E+02       0.00000000E+00       0.00000000E+00       0.00000000E+00       0.00000000E+00       0.00000000E+00       0.00000000E+00       0.00000000E+00       0.00000000E+00       0.00000000E+00       0.00000000E+00       0.00000000E+00       0.00000000E+00       0.00000000E+00       0.00000000E+00       0.00000000E+00       0.00000000E+00       0.00000000E+00       0.00000000E+00       0.00000000E+00       0.00000000E+00       0.00000000E+00       0.00000000E+00       0.00000000E+00       0.00000000E+00       0.00000000E+00       0.00000000E+00       0.00000000E+00
     -0.35289962E+02       0.00000000E+00       0.00000000E+00       0.00000000E+00       0.00000000E+00       0.00000000E+00       0.00000000E+00       0.00000000E+00       0.00000000E+00       0.00000000E+00       0.00000000E+00       0.00000000E+00       0.00000000E+00       0.00000000E+00       0.00000000E+00       0.00000000E+00       0.00000000E+00       0.00000000E+00       0.00000000E+00       0.00000000E+00       0.00000000E+00       0.00000000E+00       0.00000000E+00       0.00000000E+00       0.00000000E+00       0.00000000E+00       0.00000000E+00       0.00000000E+00
     -0.35186889E+02       0.00000000E+00       0.00000000E+00       0.00000000E+00       0.00000000E+00       0.00000000E+00       0.00000000E+00       0.00000000E+00       0.00000000E+00       0.00000000E+00       0.00000000E+00       0.00000000E+00       0.00000000E+00       0.00000000E+00       0.00000000E+00       0.00000000E+00       0.00000000E+00       0.00000000E+00       0.00000000E+00       0.00000000E+00       0.00000000E+00       0.00000000E+00       0.00000000E+00       0.00000000E+00       0.00000000E+00       0.00000000E+00       0.00000000E+00       0.00000000E+00
     -0.35083816E+02       0.00000000E+00       0.00000000E+00       0.00000000E+00       0.00000000E+00       0.00000000E+00       0.00000000E+00       0.00000000E+00       0.00000000E+00       0.00000000E+00       0.00000000E+00       0.00000000E+00       0.00000000E+00       0.00000000E+00       0.00000000E+00       0.00000000E+00       0.00000000E+00       0.00000000E+00       0.00000000E+00       0.00000000E+00       0.00000000E+00       0.00000000E+00       0.00000000E+00       0.00000000E+00       0.00000000E+00       0.00000000E+00       0.00000000E+00       0.00000000E+00
     -0.34980742E+02       0.00000000E+00       0.00000000E+00       0.00000000E+00       0.00000000E+00       0.00000000E+00       0.00000000E+00       0.00000000E+00       0.00000000E+00       0.00000000E+00       0.00000000E+00       0.00000000E+00       0.00000000E+00       0.00000000E+00       0.00000000E+00       0.00000000E+00       0.00000000E+00       0.00000000E+00       0.00000000E+00       0.00000000E+00       0.00000000E+00       0.00000000E+00       0.00000000E+00       0.00000000E+00       0.00000000E+00       0.00000000E+00       0.00000000E+00       0.00000000E+00
     -0.34877669E+02       0.00000000E+00       0.00000000E+00       0.00000000E+00       0.00000000E+00       0.00000000E+00       0.00000000E+00       0.00000000E+00       0.00000000E+00       0.00000000E+00       0.00000000E+00       0.00000000E+00       0.00000000E+00       0.00000000E+00       0.00000000E+00       0.00000000E+00       0.00000000E+00       0.00000000E+00       0.00000000E+00       0.00000000E+00       0.00000000E+00       0.00000000E+00       0.00000000E+00       0.00000000E+00       0.00000000E+00       0.00000000E+00       0.00000000E+00       0.00000000E+00
     -0.34774595E+02       0.00000000E+00       0.00000000E+00       0.00000000E+00       0.00000000E+00       0.00000000E+00       0.00000000E+00       0.00000000E+00       0.00000000E+00       0.00000000E+00       0.00000000E+00       0.00000000E+00       0.00000000E+00       0.00000000E+00       0.00000000E+00       0.00000000E+00       0.00000000E+00       0.00000000E+00       0.00000000E+00       0.00000000E+00       0.00000000E+00       0.00000000E+00       0.00000000E+00       0.00000000E+00       0.00000000E+00       0.00000000E+00       0.00000000E+00       0.00000000E+00
     -0.34671522E+02       0.00000000E+00       0.00000000E+00       0.00000000E+00       0.00000000E+00       0.00000000E+00       0.00000000E+00       0.00000000E+00       0.00000000E+00       0.00000000E+00       0.00000000E+00       0.00000000E+00       0.00000000E+00       0.00000000E+00       0.00000000E+00       0.00000000E+00       0.00000000E+00       0.00000000E+00       0.00000000E+00       0.00000000E+00       0.00000000E+00       0.00000000E+00       0.00000000E+00       0.00000000E+00       0.00000000E+00       0.00000000E+00       0.00000000E+00       0.00000000E+00
     -0.34568448E+02       0.00000000E+00       0.00000000E+00       0.00000000E+00       0.00000000E+00       0.00000000E+00       0.00000000E+00       0.00000000E+00       0.00000000E+00       0.00000000E+00       0.00000000E+00       0.00000000E+00       0.00000000E+00       0.00000000E+00       0.00000000E+00       0.00000000E+00       0.00000000E+00       0.00000000E+00       0.00000000E+00       0.00000000E+00       0.00000000E+00       0.00000000E+00       0.00000000E+00       0.00000000E+00       0.00000000E+00       0.00000000E+00       0.00000000E+00       0.00000000E+00
     -0.34465375E+02       0.00000000E+00       0.00000000E+00       0.00000000E+00       0.00000000E+00       0.00000000E+00       0.00000000E+00       0.00000000E+00       0.00000000E+00       0.00000000E+00       0.00000000E+00       0.00000000E+00       0.00000000E+00       0.00000000E+00       0.00000000E+00       0.00000000E+00       0.00000000E+00       0.00000000E+00       0.00000000E+00       0.00000000E+00       0.00000000E+00       0.00000000E+00       0.00000000E+00       0.00000000E+00       0.00000000E+00       0.00000000E+00       0.00000000E+00       0.00000000E+00
     -0.34362302E+02       0.00000000E+00       0.00000000E+00       0.00000000E+00       0.00000000E+00       0.00000000E+00       0.00000000E+00       0.00000000E+00       0.00000000E+00       0.00000000E+00       0.00000000E+00       0.00000000E+00       0.00000000E+00       0.00000000E+00       0.00000000E+00       0.00000000E+00       0.00000000E+00       0.00000000E+00       0.00000000E+00       0.00000000E+00       0.00000000E+00       0.00000000E+00       0.00000000E+00       0.00000000E+00       0.00000000E+00       0.00000000E+00       0.00000000E+00       0.00000000E+00
     -0.34259228E+02       0.00000000E+00       0.00000000E+00       0.00000000E+00       0.00000000E+00       0.00000000E+00       0.00000000E+00       0.00000000E+00       0.00000000E+00       0.00000000E+00       0.00000000E+00       0.00000000E+00       0.00000000E+00       0.00000000E+00       0.00000000E+00       0.00000000E+00       0.00000000E+00       0.00000000E+00       0.00000000E+00       0.00000000E+00       0.00000000E+00       0.00000000E+00       0.00000000E+00       0.00000000E+00       0.00000000E+00       0.00000000E+00       0.00000000E+00       0.00000000E+00
     -0.34156155E+02       0.00000000E+00       0.00000000E+00       0.00000000E+00       0.00000000E+00       0.00000000E+00       0.00000000E+00       0.00000000E+00       0.00000000E+00       0.00000000E+00       0.00000000E+00       0.00000000E+00       0.00000000E+00       0.00000000E+00       0.00000000E+00       0.00000000E+00       0.00000000E+00       0.00000000E+00       0.00000000E+00       0.00000000E+00       0.00000000E+00       0.00000000E+00       0.00000000E+00       0.00000000E+00       0.00000000E+00       0.00000000E+00       0.00000000E+00       0.00000000E+00
     -0.34053081E+02       0.00000000E+00       0.00000000E+00       0.00000000E+00       0.00000000E+00       0.00000000E+00       0.00000000E+00       0.00000000E+00       0.00000000E+00       0.00000000E+00       0.00000000E+00       0.00000000E+00       0.00000000E+00       0.00000000E+00       0.00000000E+00       0.00000000E+00       0.00000000E+00       0.00000000E+00       0.00000000E+00       0.00000000E+00       0.00000000E+00       0.00000000E+00       0.00000000E+00       0.00000000E+00       0.00000000E+00       0.00000000E+00       0.00000000E+00       0.00000000E+00
     -0.33950008E+02       0.00000000E+00       0.00000000E+00       0.00000000E+00       0.00000000E+00       0.00000000E+00       0.00000000E+00       0.00000000E+00       0.00000000E+00       0.00000000E+00       0.00000000E+00       0.00000000E+00       0.00000000E+00       0.00000000E+00       0.00000000E+00       0.00000000E+00       0.00000000E+00       0.00000000E+00       0.00000000E+00       0.00000000E+00       0.00000000E+00       0.00000000E+00       0.00000000E+00       0.00000000E+00       0.00000000E+00       0.00000000E+00       0.00000000E+00       0.00000000E+00
     -0.33846934E+02       0.00000000E+00       0.00000000E+00       0.00000000E+00       0.00000000E+00       0.00000000E+00       0.00000000E+00       0.00000000E+00       0.00000000E+00       0.00000000E+00       0.00000000E+00       0.00000000E+00       0.00000000E+00       0.00000000E+00       0.00000000E+00       0.00000000E+00       0.00000000E+00       0.00000000E+00       0.00000000E+00       0.00000000E+00       0.00000000E+00       0.00000000E+00       0.00000000E+00       0.00000000E+00       0.00000000E+00       0.00000000E+00       0.00000000E+00       0.00000000E+00
     -0.33743861E+02       0.00000000E+00       0.00000000E+00       0.00000000E+00       0.00000000E+00       0.00000000E+00       0.00000000E+00       0.00000000E+00       0.00000000E+00       0.00000000E+00       0.00000000E+00       0.00000000E+00       0.00000000E+00       0.00000000E+00       0.00000000E+00       0.00000000E+00       0.00000000E+00       0.00000000E+00       0.00000000E+00       0.00000000E+00       0.00000000E+00       0.00000000E+00       0.00000000E+00       0.00000000E+00       0.00000000E+00       0.00000000E+00       0.00000000E+00       0.00000000E+00
     -0.33640788E+02       0.00000000E+00       0.00000000E+00       0.00000000E+00       0.00000000E+00       0.00000000E+00       0.00000000E+00       0.00000000E+00       0.00000000E+00       0.00000000E+00       0.00000000E+00       0.00000000E+00       0.00000000E+00       0.00000000E+00       0.00000000E+00       0.00000000E+00       0.00000000E+00       0.00000000E+00       0.00000000E+00       0.00000000E+00       0.00000000E+00       0.00000000E+00       0.00000000E+00       0.00000000E+00       0.00000000E+00       0.00000000E+00       0.00000000E+00       0.00000000E+00
     -0.33537714E+02       0.00000000E+00       0.00000000E+00       0.00000000E+00       0.00000000E+00       0.00000000E+00       0.00000000E+00       0.00000000E+00       0.00000000E+00       0.00000000E+00       0.00000000E+00       0.00000000E+00       0.00000000E+00       0.00000000E+00       0.00000000E+00       0.00000000E+00       0.00000000E+00       0.00000000E+00       0.00000000E+00       0.00000000E+00       0.00000000E+00       0.00000000E+00       0.00000000E+00       0.00000000E+00       0.00000000E+00       0.00000000E+00       0.00000000E+00       0.00000000E+00
     -0.33434641E+02       0.00000000E+00       0.00000000E+00       0.00000000E+00       0.00000000E+00       0.00000000E+00       0.00000000E+00       0.00000000E+00       0.00000000E+00       0.00000000E+00       0.00000000E+00       0.00000000E+00       0.00000000E+00       0.00000000E+00       0.00000000E+00       0.00000000E+00       0.00000000E+00       0.00000000E+00       0.00000000E+00       0.00000000E+00       0.00000000E+00       0.00000000E+00       0.00000000E+00       0.00000000E+00       0.00000000E+00       0.00000000E+00       0.00000000E+00       0.00000000E+00
     -0.33331567E+02       0.00000000E+00       0.00000000E+00       0.00000000E+00       0.00000000E+00       0.00000000E+00       0.00000000E+00       0.00000000E+00       0.00000000E+00       0.00000000E+00       0.00000000E+00       0.00000000E+00       0.00000000E+00       0.00000000E+00       0.00000000E+00       0.00000000E+00       0.00000000E+00       0.00000000E+00       0.00000000E+00       0.00000000E+00       0.00000000E+00       0.00000000E+00       0.00000000E+00       0.00000000E+00       0.00000000E+00       0.00000000E+00       0.00000000E+00       0.00000000E+00
     -0.33228494E+02       0.00000000E+00       0.00000000E+00       0.00000000E+00       0.00000000E+00       0.00000000E+00       0.00000000E+00       0.00000000E+00       0.00000000E+00       0.00000000E+00       0.00000000E+00       0.00000000E+00       0.00000000E+00       0.00000000E+00       0.00000000E+00       0.00000000E+00       0.00000000E+00       0.00000000E+00       0.00000000E+00       0.00000000E+00       0.00000000E+00       0.00000000E+00       0.00000000E+00       0.00000000E+00       0.00000000E+00       0.00000000E+00       0.00000000E+00       0.00000000E+00
     -0.33125420E+02       0.00000000E+00       0.00000000E+00       0.00000000E+00       0.00000000E+00       0.00000000E+00       0.00000000E+00       0.00000000E+00       0.00000000E+00       0.00000000E+00       0.00000000E+00       0.00000000E+00       0.00000000E+00       0.00000000E+00       0.00000000E+00       0.00000000E+00       0.00000000E+00       0.00000000E+00       0.00000000E+00       0.00000000E+00       0.00000000E+00       0.00000000E+00       0.00000000E+00       0.00000000E+00       0.00000000E+00       0.00000000E+00       0.00000000E+00       0.00000000E+00
     -0.33022347E+02       0.00000000E+00       0.00000000E+00       0.00000000E+00       0.00000000E+00       0.00000000E+00       0.00000000E+00       0.00000000E+00       0.00000000E+00       0.00000000E+00       0.00000000E+00       0.00000000E+00       0.00000000E+00       0.00000000E+00       0.00000000E+00       0.00000000E+00       0.00000000E+00       0.00000000E+00       0.00000000E+00       0.00000000E+00       0.00000000E+00       0.00000000E+00       0.00000000E+00       0.00000000E+00       0.00000000E+00       0.00000000E+00       0.00000000E+00       0.00000000E+00
     -0.32919273E+02       0.00000000E+00       0.00000000E+00       0.00000000E+00       0.00000000E+00       0.00000000E+00       0.00000000E+00       0.00000000E+00       0.00000000E+00       0.00000000E+00       0.00000000E+00       0.00000000E+00       0.00000000E+00       0.00000000E+00       0.00000000E+00       0.00000000E+00       0.00000000E+00       0.00000000E+00       0.00000000E+00       0.00000000E+00       0.00000000E+00       0.00000000E+00       0.00000000E+00       0.00000000E+00       0.00000000E+00       0.00000000E+00       0.00000000E+00       0.00000000E+00
     -0.32816200E+02       0.00000000E+00       0.00000000E+00       0.00000000E+00       0.00000000E+00       0.00000000E+00       0.00000000E+00       0.00000000E+00       0.00000000E+00       0.00000000E+00       0.00000000E+00       0.00000000E+00       0.00000000E+00       0.00000000E+00       0.00000000E+00       0.00000000E+00       0.00000000E+00       0.00000000E+00       0.00000000E+00       0.00000000E+00       0.00000000E+00       0.00000000E+00       0.00000000E+00       0.00000000E+00       0.00000000E+00       0.00000000E+00       0.00000000E+00       0.00000000E+00
     -0.32713127E+02       0.00000000E+00       0.00000000E+00       0.00000000E+00       0.00000000E+00       0.00000000E+00       0.00000000E+00       0.00000000E+00       0.00000000E+00       0.00000000E+00       0.00000000E+00       0.00000000E+00       0.00000000E+00       0.00000000E+00       0.00000000E+00       0.00000000E+00       0.00000000E+00       0.00000000E+00       0.00000000E+00       0.00000000E+00       0.00000000E+00       0.00000000E+00       0.00000000E+00       0.00000000E+00       0.00000000E+00       0.00000000E+00       0.00000000E+00       0.00000000E+00
     -0.32610053E+02       0.00000000E+00       0.00000000E+00       0.00000000E+00       0.00000000E+00       0.00000000E+00       0.00000000E+00       0.00000000E+00       0.00000000E+00       0.00000000E+00       0.00000000E+00       0.00000000E+00       0.00000000E+00       0.00000000E+00       0.00000000E+00       0.00000000E+00       0.00000000E+00       0.00000000E+00       0.00000000E+00       0.00000000E+00       0.00000000E+00       0.00000000E+00       0.00000000E+00       0.00000000E+00       0.00000000E+00       0.00000000E+00       0.00000000E+00       0.00000000E+00
     -0.32506980E+02       0.00000000E+00       0.00000000E+00       0.00000000E+00       0.00000000E+00       0.00000000E+00       0.00000000E+00       0.00000000E+00       0.00000000E+00       0.00000000E+00       0.00000000E+00       0.00000000E+00       0.00000000E+00       0.00000000E+00       0.00000000E+00       0.00000000E+00       0.00000000E+00       0.00000000E+00       0.00000000E+00       0.00000000E+00       0.00000000E+00       0.00000000E+00       0.00000000E+00       0.00000000E+00       0.00000000E+00       0.00000000E+00       0.00000000E+00       0.00000000E+00
     -0.32403906E+02       0.00000000E+00       0.00000000E+00       0.00000000E+00       0.00000000E+00       0.00000000E+00       0.00000000E+00       0.00000000E+00       0.00000000E+00       0.00000000E+00       0.00000000E+00       0.00000000E+00       0.00000000E+00       0.00000000E+00       0.00000000E+00       0.00000000E+00       0.00000000E+00       0.00000000E+00       0.00000000E+00       0.00000000E+00       0.00000000E+00       0.00000000E+00       0.00000000E+00       0.00000000E+00       0.00000000E+00       0.00000000E+00       0.00000000E+00       0.00000000E+00
     -0.32300833E+02       0.00000000E+00       0.00000000E+00       0.00000000E+00       0.00000000E+00       0.00000000E+00       0.00000000E+00       0.00000000E+00       0.00000000E+00       0.00000000E+00       0.00000000E+00       0.00000000E+00       0.00000000E+00       0.00000000E+00       0.00000000E+00       0.00000000E+00       0.00000000E+00       0.00000000E+00       0.00000000E+00       0.00000000E+00       0.00000000E+00       0.00000000E+00       0.00000000E+00       0.00000000E+00       0.00000000E+00       0.00000000E+00       0.00000000E+00       0.00000000E+00
     -0.32197759E+02       0.00000000E+00       0.00000000E+00       0.00000000E+00       0.00000000E+00       0.00000000E+00       0.00000000E+00       0.00000000E+00       0.00000000E+00       0.00000000E+00       0.00000000E+00       0.00000000E+00       0.00000000E+00       0.00000000E+00       0.00000000E+00       0.00000000E+00       0.00000000E+00       0.00000000E+00       0.00000000E+00       0.00000000E+00       0.00000000E+00       0.00000000E+00       0.00000000E+00       0.00000000E+00       0.00000000E+00       0.00000000E+00       0.00000000E+00       0.00000000E+00
     -0.32094686E+02       0.00000000E+00       0.00000000E+00       0.00000000E+00       0.00000000E+00       0.00000000E+00       0.00000000E+00       0.00000000E+00       0.00000000E+00       0.00000000E+00       0.00000000E+00       0.00000000E+00       0.00000000E+00       0.00000000E+00       0.00000000E+00       0.00000000E+00       0.00000000E+00       0.00000000E+00       0.00000000E+00       0.00000000E+00       0.00000000E+00       0.00000000E+00       0.00000000E+00       0.00000000E+00       0.00000000E+00       0.00000000E+00       0.00000000E+00       0.00000000E+00
     -0.31991613E+02       0.00000000E+00       0.00000000E+00       0.00000000E+00       0.00000000E+00       0.00000000E+00       0.00000000E+00       0.00000000E+00       0.00000000E+00       0.00000000E+00       0.00000000E+00       0.00000000E+00       0.00000000E+00       0.00000000E+00       0.00000000E+00       0.00000000E+00       0.00000000E+00       0.00000000E+00       0.00000000E+00       0.00000000E+00       0.00000000E+00       0.00000000E+00       0.00000000E+00       0.00000000E+00       0.00000000E+00       0.00000000E+00       0.00000000E+00       0.00000000E+00
     -0.31888539E+02       0.00000000E+00       0.00000000E+00       0.00000000E+00       0.00000000E+00       0.00000000E+00       0.00000000E+00       0.00000000E+00       0.00000000E+00       0.00000000E+00       0.00000000E+00       0.00000000E+00       0.00000000E+00       0.00000000E+00       0.00000000E+00       0.00000000E+00       0.00000000E+00       0.00000000E+00       0.00000000E+00       0.00000000E+00       0.00000000E+00       0.00000000E+00       0.00000000E+00       0.00000000E+00       0.00000000E+00       0.00000000E+00       0.00000000E+00       0.00000000E+00
     -0.31785466E+02       0.00000000E+00       0.00000000E+00       0.00000000E+00       0.00000000E+00       0.00000000E+00       0.00000000E+00       0.00000000E+00       0.00000000E+00       0.00000000E+00       0.00000000E+00       0.00000000E+00       0.00000000E+00       0.00000000E+00       0.00000000E+00       0.00000000E+00       0.00000000E+00       0.00000000E+00       0.00000000E+00       0.00000000E+00       0.00000000E+00       0.00000000E+00       0.00000000E+00       0.00000000E+00       0.00000000E+00       0.00000000E+00       0.00000000E+00       0.00000000E+00
     -0.31682392E+02       0.00000000E+00       0.00000000E+00       0.00000000E+00       0.00000000E+00       0.00000000E+00       0.00000000E+00       0.00000000E+00       0.00000000E+00       0.00000000E+00       0.00000000E+00       0.00000000E+00       0.00000000E+00       0.00000000E+00       0.00000000E+00       0.00000000E+00       0.00000000E+00       0.00000000E+00       0.00000000E+00       0.00000000E+00       0.00000000E+00       0.00000000E+00       0.00000000E+00       0.00000000E+00       0.00000000E+00       0.00000000E+00       0.00000000E+00       0.00000000E+00
     -0.31579319E+02       0.00000000E+00       0.00000000E+00       0.00000000E+00       0.00000000E+00       0.00000000E+00       0.00000000E+00       0.00000000E+00       0.00000000E+00       0.00000000E+00       0.00000000E+00       0.00000000E+00       0.00000000E+00       0.00000000E+00       0.00000000E+00       0.00000000E+00       0.00000000E+00       0.00000000E+00       0.00000000E+00       0.00000000E+00       0.00000000E+00       0.00000000E+00       0.00000000E+00       0.00000000E+00       0.00000000E+00       0.00000000E+00       0.00000000E+00       0.00000000E+00
     -0.31476245E+02       0.00000000E+00       0.00000000E+00       0.00000000E+00       0.00000000E+00       0.00000000E+00       0.00000000E+00       0.00000000E+00       0.00000000E+00       0.00000000E+00       0.00000000E+00       0.00000000E+00       0.00000000E+00       0.00000000E+00       0.00000000E+00       0.00000000E+00       0.00000000E+00       0.00000000E+00       0.00000000E+00       0.00000000E+00       0.00000000E+00       0.00000000E+00       0.00000000E+00       0.00000000E+00       0.00000000E+00       0.00000000E+00       0.00000000E+00       0.00000000E+00
     -0.31373172E+02       0.00000000E+00       0.00000000E+00       0.00000000E+00       0.00000000E+00       0.00000000E+00       0.00000000E+00       0.00000000E+00       0.00000000E+00       0.00000000E+00       0.00000000E+00       0.00000000E+00       0.00000000E+00       0.00000000E+00       0.00000000E+00       0.00000000E+00       0.00000000E+00       0.00000000E+00       0.00000000E+00       0.00000000E+00       0.00000000E+00       0.00000000E+00       0.00000000E+00       0.00000000E+00       0.00000000E+00       0.00000000E+00       0.00000000E+00       0.00000000E+00
     -0.31270099E+02       0.00000000E+00       0.00000000E+00       0.00000000E+00       0.00000000E+00       0.00000000E+00       0.00000000E+00       0.00000000E+00       0.00000000E+00       0.00000000E+00       0.00000000E+00       0.00000000E+00       0.00000000E+00       0.00000000E+00       0.00000000E+00       0.00000000E+00       0.00000000E+00       0.00000000E+00       0.00000000E+00       0.00000000E+00       0.00000000E+00       0.00000000E+00       0.00000000E+00       0.00000000E+00       0.00000000E+00       0.00000000E+00       0.00000000E+00       0.00000000E+00
     -0.31167025E+02       0.00000000E+00       0.00000000E+00       0.00000000E+00       0.00000000E+00       0.00000000E+00       0.00000000E+00       0.00000000E+00       0.00000000E+00       0.00000000E+00       0.00000000E+00       0.00000000E+00       0.00000000E+00       0.00000000E+00       0.00000000E+00       0.00000000E+00       0.00000000E+00       0.00000000E+00       0.00000000E+00       0.00000000E+00       0.00000000E+00       0.00000000E+00       0.00000000E+00       0.00000000E+00       0.00000000E+00       0.00000000E+00       0.00000000E+00       0.00000000E+00
     -0.31063952E+02       0.00000000E+00       0.00000000E+00       0.00000000E+00       0.00000000E+00       0.00000000E+00       0.00000000E+00       0.00000000E+00       0.00000000E+00       0.00000000E+00       0.00000000E+00       0.00000000E+00       0.00000000E+00       0.00000000E+00       0.00000000E+00       0.00000000E+00       0.00000000E+00       0.00000000E+00       0.00000000E+00       0.00000000E+00       0.00000000E+00       0.00000000E+00       0.00000000E+00       0.00000000E+00       0.00000000E+00       0.00000000E+00       0.00000000E+00       0.00000000E+00
     -0.30960878E+02       0.00000000E+00       0.00000000E+00       0.00000000E+00       0.00000000E+00       0.00000000E+00       0.00000000E+00       0.00000000E+00       0.00000000E+00       0.00000000E+00       0.00000000E+00       0.00000000E+00       0.00000000E+00       0.00000000E+00       0.00000000E+00       0.00000000E+00       0.00000000E+00       0.00000000E+00       0.00000000E+00       0.00000000E+00       0.00000000E+00       0.00000000E+00       0.00000000E+00       0.00000000E+00       0.00000000E+00       0.00000000E+00       0.00000000E+00       0.00000000E+00
     -0.30857805E+02       0.00000000E+00       0.00000000E+00       0.00000000E+00       0.00000000E+00       0.00000000E+00       0.00000000E+00       0.00000000E+00       0.00000000E+00       0.00000000E+00       0.00000000E+00       0.00000000E+00       0.00000000E+00       0.00000000E+00       0.00000000E+00       0.00000000E+00       0.00000000E+00       0.00000000E+00       0.00000000E+00       0.00000000E+00       0.00000000E+00       0.00000000E+00       0.00000000E+00       0.00000000E+00       0.00000000E+00       0.00000000E+00       0.00000000E+00       0.00000000E+00
     -0.30754731E+02       0.00000000E+00       0.00000000E+00       0.00000000E+00       0.00000000E+00       0.00000000E+00       0.00000000E+00       0.00000000E+00       0.00000000E+00       0.00000000E+00       0.00000000E+00       0.00000000E+00       0.00000000E+00       0.00000000E+00       0.00000000E+00       0.00000000E+00       0.00000000E+00       0.00000000E+00       0.00000000E+00       0.00000000E+00       0.00000000E+00       0.00000000E+00       0.00000000E+00       0.00000000E+00       0.00000000E+00       0.00000000E+00       0.00000000E+00       0.00000000E+00
     -0.30651658E+02       0.00000000E+00       0.00000000E+00       0.00000000E+00       0.00000000E+00       0.00000000E+00       0.00000000E+00       0.00000000E+00       0.00000000E+00       0.00000000E+00       0.00000000E+00       0.00000000E+00       0.00000000E+00       0.00000000E+00       0.00000000E+00       0.00000000E+00       0.00000000E+00       0.00000000E+00       0.00000000E+00       0.00000000E+00       0.00000000E+00       0.00000000E+00       0.00000000E+00       0.00000000E+00       0.00000000E+00       0.00000000E+00       0.00000000E+00       0.00000000E+00
     -0.30548585E+02       0.00000000E+00       0.00000000E+00       0.00000000E+00       0.00000000E+00       0.00000000E+00       0.00000000E+00       0.00000000E+00       0.00000000E+00       0.00000000E+00       0.00000000E+00       0.00000000E+00       0.00000000E+00       0.00000000E+00       0.00000000E+00       0.00000000E+00       0.00000000E+00       0.00000000E+00       0.00000000E+00       0.00000000E+00       0.00000000E+00       0.00000000E+00       0.00000000E+00       0.00000000E+00       0.00000000E+00       0.00000000E+00       0.00000000E+00       0.00000000E+00
     -0.30445511E+02       0.00000000E+00       0.00000000E+00       0.00000000E+00       0.00000000E+00       0.00000000E+00       0.00000000E+00       0.00000000E+00       0.00000000E+00       0.00000000E+00       0.00000000E+00       0.00000000E+00       0.00000000E+00       0.00000000E+00       0.00000000E+00       0.00000000E+00       0.00000000E+00       0.00000000E+00       0.00000000E+00       0.00000000E+00       0.00000000E+00       0.00000000E+00       0.00000000E+00       0.00000000E+00       0.00000000E+00       0.00000000E+00       0.00000000E+00       0.00000000E+00
     -0.30342438E+02       0.00000000E+00       0.00000000E+00       0.00000000E+00       0.00000000E+00       0.00000000E+00       0.00000000E+00       0.00000000E+00       0.00000000E+00       0.00000000E+00       0.00000000E+00       0.00000000E+00       0.00000000E+00       0.00000000E+00       0.00000000E+00       0.00000000E+00       0.00000000E+00       0.00000000E+00       0.00000000E+00       0.00000000E+00       0.00000000E+00       0.00000000E+00       0.00000000E+00       0.00000000E+00       0.00000000E+00       0.00000000E+00       0.00000000E+00       0.00000000E+00
     -0.30239364E+02       0.00000000E+00       0.00000000E+00       0.00000000E+00       0.00000000E+00       0.00000000E+00       0.00000000E+00       0.00000000E+00       0.00000000E+00       0.00000000E+00       0.00000000E+00       0.00000000E+00       0.00000000E+00       0.00000000E+00       0.00000000E+00       0.00000000E+00       0.00000000E+00       0.00000000E+00       0.00000000E+00       0.00000000E+00       0.00000000E+00       0.00000000E+00       0.00000000E+00       0.00000000E+00       0.00000000E+00       0.00000000E+00       0.00000000E+00       0.00000000E+00
     -0.30136291E+02       0.00000000E+00       0.00000000E+00       0.00000000E+00       0.00000000E+00       0.00000000E+00       0.00000000E+00       0.00000000E+00       0.00000000E+00       0.00000000E+00       0.00000000E+00       0.00000000E+00       0.00000000E+00       0.00000000E+00       0.00000000E+00       0.00000000E+00       0.00000000E+00       0.00000000E+00       0.00000000E+00       0.00000000E+00       0.00000000E+00       0.00000000E+00       0.00000000E+00       0.00000000E+00       0.00000000E+00       0.00000000E+00       0.00000000E+00       0.00000000E+00
     -0.30033217E+02       0.00000000E+00       0.00000000E+00       0.00000000E+00       0.00000000E+00       0.00000000E+00       0.00000000E+00       0.00000000E+00       0.00000000E+00       0.00000000E+00       0.00000000E+00       0.00000000E+00       0.00000000E+00       0.00000000E+00       0.00000000E+00       0.00000000E+00       0.00000000E+00       0.00000000E+00       0.00000000E+00       0.00000000E+00       0.00000000E+00       0.00000000E+00       0.00000000E+00       0.00000000E+00       0.00000000E+00       0.00000000E+00       0.00000000E+00       0.00000000E+00
     -0.29930144E+02       0.00000000E+00       0.00000000E+00       0.00000000E+00       0.00000000E+00       0.00000000E+00       0.00000000E+00       0.00000000E+00       0.00000000E+00       0.00000000E+00       0.00000000E+00       0.00000000E+00       0.00000000E+00       0.00000000E+00       0.00000000E+00       0.00000000E+00       0.00000000E+00       0.00000000E+00       0.00000000E+00       0.00000000E+00       0.00000000E+00       0.00000000E+00       0.00000000E+00       0.00000000E+00       0.00000000E+00       0.00000000E+00       0.00000000E+00       0.00000000E+00
     -0.29827070E+02       0.00000000E+00       0.00000000E+00       0.00000000E+00       0.00000000E+00       0.00000000E+00       0.00000000E+00       0.00000000E+00       0.00000000E+00       0.00000000E+00       0.00000000E+00       0.00000000E+00       0.00000000E+00       0.00000000E+00       0.00000000E+00       0.00000000E+00       0.00000000E+00       0.00000000E+00       0.00000000E+00       0.00000000E+00       0.00000000E+00       0.00000000E+00       0.00000000E+00       0.00000000E+00       0.00000000E+00       0.00000000E+00       0.00000000E+00       0.00000000E+00
     -0.29723997E+02       0.00000000E+00       0.00000000E+00       0.00000000E+00       0.00000000E+00       0.00000000E+00       0.00000000E+00       0.00000000E+00       0.00000000E+00       0.00000000E+00       0.00000000E+00       0.00000000E+00       0.00000000E+00       0.00000000E+00       0.00000000E+00       0.00000000E+00       0.00000000E+00       0.00000000E+00       0.00000000E+00       0.00000000E+00       0.00000000E+00       0.00000000E+00       0.00000000E+00       0.00000000E+00       0.00000000E+00       0.00000000E+00       0.00000000E+00       0.00000000E+00
     -0.29620924E+02       0.00000000E+00       0.00000000E+00       0.00000000E+00       0.00000000E+00       0.00000000E+00       0.00000000E+00       0.00000000E+00       0.00000000E+00       0.00000000E+00       0.00000000E+00       0.00000000E+00       0.00000000E+00       0.00000000E+00       0.00000000E+00       0.00000000E+00       0.00000000E+00       0.00000000E+00       0.00000000E+00       0.00000000E+00       0.00000000E+00       0.00000000E+00       0.00000000E+00       0.00000000E+00       0.00000000E+00       0.00000000E+00       0.00000000E+00       0.00000000E+00
     -0.29517850E+02       0.00000000E+00       0.00000000E+00       0.00000000E+00       0.00000000E+00       0.00000000E+00       0.00000000E+00       0.00000000E+00       0.00000000E+00       0.00000000E+00       0.00000000E+00       0.00000000E+00       0.00000000E+00       0.00000000E+00       0.00000000E+00       0.00000000E+00       0.00000000E+00       0.00000000E+00       0.00000000E+00       0.00000000E+00       0.00000000E+00       0.00000000E+00       0.00000000E+00       0.00000000E+00       0.00000000E+00       0.00000000E+00       0.00000000E+00       0.00000000E+00
     -0.29414777E+02       0.00000000E+00       0.00000000E+00       0.00000000E+00       0.00000000E+00       0.00000000E+00       0.00000000E+00       0.00000000E+00       0.00000000E+00       0.00000000E+00       0.00000000E+00       0.00000000E+00       0.00000000E+00       0.00000000E+00       0.00000000E+00       0.00000000E+00       0.00000000E+00       0.00000000E+00       0.00000000E+00       0.00000000E+00       0.00000000E+00       0.00000000E+00       0.00000000E+00       0.00000000E+00       0.00000000E+00       0.00000000E+00       0.00000000E+00       0.00000000E+00
     -0.29311703E+02       0.00000000E+00       0.00000000E+00       0.00000000E+00       0.00000000E+00       0.00000000E+00       0.00000000E+00       0.00000000E+00       0.00000000E+00       0.00000000E+00       0.00000000E+00       0.00000000E+00       0.00000000E+00       0.00000000E+00       0.00000000E+00       0.00000000E+00       0.00000000E+00       0.00000000E+00       0.00000000E+00       0.00000000E+00       0.00000000E+00       0.00000000E+00       0.00000000E+00       0.00000000E+00       0.00000000E+00       0.00000000E+00       0.00000000E+00       0.00000000E+00
     -0.29208630E+02       0.00000000E+00       0.00000000E+00       0.00000000E+00       0.00000000E+00       0.00000000E+00       0.00000000E+00       0.00000000E+00       0.00000000E+00       0.00000000E+00       0.00000000E+00       0.00000000E+00       0.00000000E+00       0.00000000E+00       0.00000000E+00       0.00000000E+00       0.00000000E+00       0.00000000E+00       0.00000000E+00       0.00000000E+00       0.00000000E+00       0.00000000E+00       0.00000000E+00       0.00000000E+00       0.00000000E+00       0.00000000E+00       0.00000000E+00       0.00000000E+00
     -0.29105556E+02       0.00000000E+00       0.00000000E+00       0.00000000E+00       0.00000000E+00       0.00000000E+00       0.00000000E+00       0.00000000E+00       0.00000000E+00       0.00000000E+00       0.00000000E+00       0.00000000E+00       0.00000000E+00       0.00000000E+00       0.00000000E+00       0.00000000E+00       0.00000000E+00       0.00000000E+00       0.00000000E+00       0.00000000E+00       0.00000000E+00       0.00000000E+00       0.00000000E+00       0.00000000E+00       0.00000000E+00       0.00000000E+00       0.00000000E+00       0.00000000E+00
     -0.29002483E+02       0.00000000E+00       0.00000000E+00       0.00000000E+00       0.00000000E+00       0.00000000E+00       0.00000000E+00       0.00000000E+00       0.00000000E+00       0.00000000E+00       0.00000000E+00       0.00000000E+00       0.00000000E+00       0.00000000E+00       0.00000000E+00       0.00000000E+00       0.00000000E+00       0.00000000E+00       0.00000000E+00       0.00000000E+00       0.00000000E+00       0.00000000E+00       0.00000000E+00       0.00000000E+00       0.00000000E+00       0.00000000E+00       0.00000000E+00       0.00000000E+00
     -0.28899410E+02       0.00000000E+00       0.00000000E+00       0.00000000E+00       0.00000000E+00       0.00000000E+00       0.00000000E+00       0.00000000E+00       0.00000000E+00       0.00000000E+00       0.00000000E+00       0.00000000E+00       0.00000000E+00       0.00000000E+00       0.00000000E+00       0.00000000E+00       0.00000000E+00       0.00000000E+00       0.00000000E+00       0.00000000E+00       0.00000000E+00       0.00000000E+00       0.00000000E+00       0.00000000E+00       0.00000000E+00       0.00000000E+00       0.00000000E+00       0.00000000E+00
     -0.28796336E+02       0.00000000E+00       0.00000000E+00       0.00000000E+00       0.00000000E+00       0.00000000E+00       0.00000000E+00       0.00000000E+00       0.00000000E+00       0.00000000E+00       0.00000000E+00       0.00000000E+00       0.00000000E+00       0.00000000E+00       0.00000000E+00       0.00000000E+00       0.00000000E+00       0.00000000E+00       0.00000000E+00       0.00000000E+00       0.00000000E+00       0.00000000E+00       0.00000000E+00       0.00000000E+00       0.00000000E+00       0.00000000E+00       0.00000000E+00       0.00000000E+00
     -0.28693263E+02       0.00000000E+00       0.00000000E+00       0.00000000E+00       0.00000000E+00       0.00000000E+00       0.00000000E+00       0.00000000E+00       0.00000000E+00       0.00000000E+00       0.00000000E+00       0.00000000E+00       0.00000000E+00       0.00000000E+00       0.00000000E+00       0.00000000E+00       0.00000000E+00       0.00000000E+00       0.00000000E+00       0.00000000E+00       0.00000000E+00       0.00000000E+00       0.00000000E+00       0.00000000E+00       0.00000000E+00       0.00000000E+00       0.00000000E+00       0.00000000E+00
     -0.28590189E+02       0.00000000E+00       0.00000000E+00       0.00000000E+00       0.00000000E+00       0.00000000E+00       0.00000000E+00       0.00000000E+00       0.00000000E+00       0.00000000E+00       0.00000000E+00       0.00000000E+00       0.00000000E+00       0.00000000E+00       0.00000000E+00       0.00000000E+00       0.00000000E+00       0.00000000E+00       0.00000000E+00       0.00000000E+00       0.00000000E+00       0.00000000E+00       0.00000000E+00       0.00000000E+00       0.00000000E+00       0.00000000E+00       0.00000000E+00       0.00000000E+00
     -0.28487116E+02       0.00000000E+00       0.00000000E+00       0.00000000E+00       0.00000000E+00       0.00000000E+00       0.00000000E+00       0.00000000E+00       0.00000000E+00       0.00000000E+00       0.00000000E+00       0.00000000E+00       0.00000000E+00       0.00000000E+00       0.00000000E+00       0.00000000E+00       0.00000000E+00       0.00000000E+00       0.00000000E+00       0.00000000E+00       0.00000000E+00       0.00000000E+00       0.00000000E+00       0.00000000E+00       0.00000000E+00       0.00000000E+00       0.00000000E+00       0.00000000E+00
     -0.28384042E+02       0.00000000E+00       0.00000000E+00       0.00000000E+00       0.00000000E+00       0.00000000E+00       0.00000000E+00       0.00000000E+00       0.00000000E+00       0.00000000E+00       0.00000000E+00       0.00000000E+00       0.00000000E+00       0.00000000E+00       0.00000000E+00       0.00000000E+00       0.00000000E+00       0.00000000E+00       0.00000000E+00       0.00000000E+00       0.00000000E+00       0.00000000E+00       0.00000000E+00       0.00000000E+00       0.00000000E+00       0.00000000E+00       0.00000000E+00       0.00000000E+00
     -0.28280969E+02       0.00000000E+00       0.00000000E+00       0.00000000E+00       0.00000000E+00       0.00000000E+00       0.00000000E+00       0.00000000E+00       0.00000000E+00       0.00000000E+00       0.00000000E+00       0.00000000E+00       0.00000000E+00       0.00000000E+00       0.00000000E+00       0.00000000E+00       0.00000000E+00       0.00000000E+00       0.00000000E+00       0.00000000E+00       0.00000000E+00       0.00000000E+00       0.00000000E+00       0.00000000E+00       0.00000000E+00       0.00000000E+00       0.00000000E+00       0.00000000E+00
     -0.28177896E+02       0.00000000E+00       0.00000000E+00       0.00000000E+00       0.00000000E+00       0.00000000E+00       0.00000000E+00       0.00000000E+00       0.00000000E+00       0.00000000E+00       0.00000000E+00       0.00000000E+00       0.00000000E+00       0.00000000E+00       0.00000000E+00       0.00000000E+00       0.00000000E+00       0.00000000E+00       0.00000000E+00       0.00000000E+00       0.00000000E+00       0.00000000E+00       0.00000000E+00       0.00000000E+00       0.00000000E+00       0.00000000E+00       0.00000000E+00       0.00000000E+00
     -0.28074822E+02       0.00000000E+00       0.00000000E+00       0.00000000E+00       0.00000000E+00       0.00000000E+00       0.00000000E+00       0.00000000E+00       0.00000000E+00       0.00000000E+00       0.00000000E+00       0.00000000E+00       0.00000000E+00       0.00000000E+00       0.00000000E+00       0.00000000E+00       0.00000000E+00       0.00000000E+00       0.00000000E+00       0.00000000E+00       0.00000000E+00       0.00000000E+00       0.00000000E+00       0.00000000E+00       0.00000000E+00       0.00000000E+00       0.00000000E+00       0.00000000E+00
     -0.27971749E+02       0.00000000E+00       0.00000000E+00       0.00000000E+00       0.00000000E+00       0.00000000E+00       0.00000000E+00       0.00000000E+00       0.00000000E+00       0.00000000E+00       0.00000000E+00       0.00000000E+00       0.00000000E+00       0.00000000E+00       0.00000000E+00       0.00000000E+00       0.00000000E+00       0.00000000E+00       0.00000000E+00       0.00000000E+00       0.00000000E+00       0.00000000E+00       0.00000000E+00       0.00000000E+00       0.00000000E+00       0.00000000E+00       0.00000000E+00       0.00000000E+00
     -0.27868675E+02       0.00000000E+00       0.00000000E+00       0.00000000E+00       0.00000000E+00       0.00000000E+00       0.00000000E+00       0.00000000E+00       0.00000000E+00       0.00000000E+00       0.00000000E+00       0.00000000E+00       0.00000000E+00       0.00000000E+00       0.00000000E+00       0.00000000E+00       0.00000000E+00       0.00000000E+00       0.00000000E+00       0.00000000E+00       0.00000000E+00       0.00000000E+00       0.00000000E+00       0.00000000E+00       0.00000000E+00       0.00000000E+00       0.00000000E+00       0.00000000E+00
     -0.27765602E+02       0.00000000E+00       0.00000000E+00       0.00000000E+00       0.00000000E+00       0.00000000E+00       0.00000000E+00       0.00000000E+00       0.00000000E+00       0.00000000E+00       0.00000000E+00       0.00000000E+00       0.00000000E+00       0.00000000E+00       0.00000000E+00       0.00000000E+00       0.00000000E+00       0.00000000E+00       0.00000000E+00       0.00000000E+00       0.00000000E+00       0.00000000E+00       0.00000000E+00       0.00000000E+00       0.00000000E+00       0.00000000E+00       0.00000000E+00       0.00000000E+00
     -0.27662528E+02       0.00000000E+00       0.00000000E+00       0.00000000E+00       0.00000000E+00       0.00000000E+00       0.00000000E+00       0.00000000E+00       0.00000000E+00       0.00000000E+00       0.00000000E+00       0.00000000E+00       0.00000000E+00       0.00000000E+00       0.00000000E+00       0.00000000E+00       0.00000000E+00       0.00000000E+00       0.00000000E+00       0.00000000E+00       0.00000000E+00       0.00000000E+00       0.00000000E+00       0.00000000E+00       0.00000000E+00       0.00000000E+00       0.00000000E+00       0.00000000E+00
     -0.27559455E+02       0.00000000E+00       0.00000000E+00       0.00000000E+00       0.00000000E+00       0.00000000E+00       0.00000000E+00       0.00000000E+00       0.00000000E+00       0.00000000E+00       0.00000000E+00       0.00000000E+00       0.00000000E+00       0.00000000E+00       0.00000000E+00       0.00000000E+00       0.00000000E+00       0.00000000E+00       0.00000000E+00       0.00000000E+00       0.00000000E+00       0.00000000E+00       0.00000000E+00       0.00000000E+00       0.00000000E+00       0.00000000E+00       0.00000000E+00       0.00000000E+00
     -0.27456382E+02       0.00000000E+00       0.00000000E+00       0.00000000E+00       0.00000000E+00       0.00000000E+00       0.00000000E+00       0.00000000E+00       0.00000000E+00       0.00000000E+00       0.00000000E+00       0.00000000E+00       0.00000000E+00       0.00000000E+00       0.00000000E+00       0.00000000E+00       0.00000000E+00       0.00000000E+00       0.00000000E+00       0.00000000E+00       0.00000000E+00       0.00000000E+00       0.00000000E+00       0.00000000E+00       0.00000000E+00       0.00000000E+00       0.00000000E+00       0.00000000E+00
     -0.27353308E+02       0.00000000E+00       0.00000000E+00       0.00000000E+00       0.00000000E+00       0.00000000E+00       0.00000000E+00       0.00000000E+00       0.00000000E+00       0.00000000E+00       0.00000000E+00       0.00000000E+00       0.00000000E+00       0.00000000E+00       0.00000000E+00       0.00000000E+00       0.00000000E+00       0.00000000E+00       0.00000000E+00       0.00000000E+00       0.00000000E+00       0.00000000E+00       0.00000000E+00       0.00000000E+00       0.00000000E+00       0.00000000E+00       0.00000000E+00       0.00000000E+00
     -0.27250235E+02       0.00000000E+00       0.00000000E+00       0.00000000E+00       0.00000000E+00       0.00000000E+00       0.00000000E+00       0.00000000E+00       0.00000000E+00       0.00000000E+00       0.00000000E+00       0.00000000E+00       0.00000000E+00       0.00000000E+00       0.00000000E+00       0.00000000E+00       0.00000000E+00       0.00000000E+00       0.00000000E+00       0.00000000E+00       0.00000000E+00       0.00000000E+00       0.00000000E+00       0.00000000E+00       0.00000000E+00       0.00000000E+00       0.00000000E+00       0.00000000E+00
     -0.27147161E+02       0.00000000E+00       0.00000000E+00       0.00000000E+00       0.00000000E+00       0.00000000E+00       0.00000000E+00       0.00000000E+00       0.00000000E+00       0.00000000E+00       0.00000000E+00       0.00000000E+00       0.00000000E+00       0.00000000E+00       0.00000000E+00       0.00000000E+00       0.00000000E+00       0.00000000E+00       0.00000000E+00       0.00000000E+00       0.00000000E+00       0.00000000E+00       0.00000000E+00       0.00000000E+00       0.00000000E+00       0.00000000E+00       0.00000000E+00       0.00000000E+00
     -0.27044088E+02       0.00000000E+00       0.00000000E+00       0.00000000E+00       0.00000000E+00       0.00000000E+00       0.00000000E+00       0.00000000E+00       0.00000000E+00       0.00000000E+00       0.00000000E+00       0.00000000E+00       0.00000000E+00       0.00000000E+00       0.00000000E+00       0.00000000E+00       0.00000000E+00       0.00000000E+00       0.00000000E+00       0.00000000E+00       0.00000000E+00       0.00000000E+00       0.00000000E+00       0.00000000E+00       0.00000000E+00       0.00000000E+00       0.00000000E+00       0.00000000E+00
     -0.26941014E+02       0.00000000E+00       0.00000000E+00       0.00000000E+00       0.00000000E+00       0.00000000E+00       0.00000000E+00       0.00000000E+00       0.00000000E+00       0.00000000E+00       0.00000000E+00       0.00000000E+00       0.00000000E+00       0.00000000E+00       0.00000000E+00       0.00000000E+00       0.00000000E+00       0.00000000E+00       0.00000000E+00       0.00000000E+00       0.00000000E+00       0.00000000E+00       0.00000000E+00       0.00000000E+00       0.00000000E+00       0.00000000E+00       0.00000000E+00       0.00000000E+00
     -0.26837941E+02       0.00000000E+00       0.00000000E+00       0.00000000E+00       0.00000000E+00       0.00000000E+00       0.00000000E+00       0.00000000E+00       0.00000000E+00       0.00000000E+00       0.00000000E+00       0.00000000E+00       0.00000000E+00       0.00000000E+00       0.00000000E+00       0.00000000E+00       0.00000000E+00       0.00000000E+00       0.00000000E+00       0.00000000E+00       0.00000000E+00       0.00000000E+00       0.00000000E+00       0.00000000E+00       0.00000000E+00       0.00000000E+00       0.00000000E+00       0.00000000E+00
     -0.26734868E+02       0.00000000E+00       0.00000000E+00       0.00000000E+00       0.00000000E+00       0.00000000E+00       0.00000000E+00       0.00000000E+00       0.00000000E+00       0.00000000E+00       0.00000000E+00       0.00000000E+00       0.00000000E+00       0.00000000E+00       0.00000000E+00       0.00000000E+00       0.00000000E+00       0.00000000E+00       0.00000000E+00       0.00000000E+00       0.00000000E+00       0.00000000E+00       0.00000000E+00       0.00000000E+00       0.00000000E+00       0.00000000E+00       0.00000000E+00       0.00000000E+00
     -0.26631794E+02       0.00000000E+00       0.00000000E+00       0.00000000E+00       0.00000000E+00       0.00000000E+00       0.00000000E+00       0.00000000E+00       0.00000000E+00       0.00000000E+00       0.00000000E+00       0.00000000E+00       0.00000000E+00       0.00000000E+00       0.00000000E+00       0.00000000E+00       0.00000000E+00       0.00000000E+00       0.00000000E+00       0.00000000E+00       0.00000000E+00       0.00000000E+00       0.00000000E+00       0.00000000E+00       0.00000000E+00       0.00000000E+00       0.00000000E+00       0.00000000E+00
     -0.26528721E+02       0.00000000E+00       0.00000000E+00       0.00000000E+00       0.00000000E+00       0.00000000E+00       0.00000000E+00       0.00000000E+00       0.00000000E+00       0.00000000E+00       0.00000000E+00       0.00000000E+00       0.00000000E+00       0.00000000E+00       0.00000000E+00       0.00000000E+00       0.00000000E+00       0.00000000E+00       0.00000000E+00       0.00000000E+00       0.00000000E+00       0.00000000E+00       0.00000000E+00       0.00000000E+00       0.00000000E+00       0.00000000E+00       0.00000000E+00       0.00000000E+00
     -0.26425647E+02       0.00000000E+00       0.00000000E+00       0.00000000E+00       0.00000000E+00       0.00000000E+00       0.00000000E+00       0.00000000E+00       0.00000000E+00       0.00000000E+00       0.00000000E+00       0.00000000E+00       0.00000000E+00       0.00000000E+00       0.00000000E+00       0.00000000E+00       0.00000000E+00       0.00000000E+00       0.00000000E+00       0.00000000E+00       0.00000000E+00       0.00000000E+00       0.00000000E+00       0.00000000E+00       0.00000000E+00       0.00000000E+00       0.00000000E+00       0.00000000E+00
     -0.26322574E+02       0.00000000E+00       0.00000000E+00       0.00000000E+00       0.00000000E+00       0.00000000E+00       0.00000000E+00       0.00000000E+00       0.00000000E+00       0.00000000E+00       0.00000000E+00       0.00000000E+00       0.00000000E+00       0.00000000E+00       0.00000000E+00       0.00000000E+00       0.00000000E+00       0.00000000E+00       0.00000000E+00       0.00000000E+00       0.00000000E+00       0.00000000E+00       0.00000000E+00       0.00000000E+00       0.00000000E+00       0.00000000E+00       0.00000000E+00       0.00000000E+00
     -0.26219500E+02       0.00000000E+00       0.00000000E+00       0.00000000E+00       0.00000000E+00       0.00000000E+00       0.00000000E+00       0.00000000E+00       0.00000000E+00       0.00000000E+00       0.00000000E+00       0.00000000E+00       0.00000000E+00       0.00000000E+00       0.00000000E+00       0.00000000E+00       0.00000000E+00       0.00000000E+00       0.00000000E+00       0.00000000E+00       0.00000000E+00       0.00000000E+00       0.00000000E+00       0.00000000E+00       0.00000000E+00       0.00000000E+00       0.00000000E+00       0.00000000E+00
     -0.26116427E+02       0.00000000E+00       0.00000000E+00       0.00000000E+00       0.00000000E+00       0.00000000E+00       0.00000000E+00       0.00000000E+00       0.00000000E+00       0.00000000E+00       0.00000000E+00       0.00000000E+00       0.00000000E+00       0.00000000E+00       0.00000000E+00       0.00000000E+00       0.00000000E+00       0.00000000E+00       0.00000000E+00       0.00000000E+00       0.00000000E+00       0.00000000E+00       0.00000000E+00       0.00000000E+00       0.00000000E+00       0.00000000E+00       0.00000000E+00       0.00000000E+00
     -0.26013353E+02       0.00000000E+00       0.00000000E+00       0.00000000E+00       0.00000000E+00       0.00000000E+00       0.00000000E+00       0.00000000E+00       0.00000000E+00       0.00000000E+00       0.00000000E+00       0.00000000E+00       0.00000000E+00       0.00000000E+00       0.00000000E+00       0.00000000E+00       0.00000000E+00       0.00000000E+00       0.00000000E+00       0.00000000E+00       0.00000000E+00       0.00000000E+00       0.00000000E+00       0.00000000E+00       0.00000000E+00       0.00000000E+00       0.00000000E+00       0.00000000E+00
     -0.25910280E+02       0.00000000E+00       0.00000000E+00       0.00000000E+00       0.00000000E+00       0.00000000E+00       0.00000000E+00       0.00000000E+00       0.00000000E+00       0.00000000E+00       0.00000000E+00       0.00000000E+00       0.00000000E+00       0.00000000E+00       0.00000000E+00       0.00000000E+00       0.00000000E+00       0.00000000E+00       0.00000000E+00       0.00000000E+00       0.00000000E+00       0.00000000E+00       0.00000000E+00       0.00000000E+00       0.00000000E+00       0.00000000E+00       0.00000000E+00       0.00000000E+00
     -0.25807207E+02       0.00000000E+00       0.00000000E+00       0.00000000E+00       0.00000000E+00       0.00000000E+00       0.00000000E+00       0.00000000E+00       0.00000000E+00       0.00000000E+00       0.00000000E+00       0.00000000E+00       0.00000000E+00       0.00000000E+00       0.00000000E+00       0.00000000E+00       0.00000000E+00       0.00000000E+00       0.00000000E+00       0.00000000E+00       0.00000000E+00       0.00000000E+00       0.00000000E+00       0.00000000E+00       0.00000000E+00       0.00000000E+00       0.00000000E+00       0.00000000E+00
     -0.25704133E+02       0.00000000E+00       0.00000000E+00       0.00000000E+00       0.00000000E+00       0.00000000E+00       0.00000000E+00       0.00000000E+00       0.00000000E+00       0.00000000E+00       0.00000000E+00       0.00000000E+00       0.00000000E+00       0.00000000E+00       0.00000000E+00       0.00000000E+00       0.00000000E+00       0.00000000E+00       0.00000000E+00       0.00000000E+00       0.00000000E+00       0.00000000E+00       0.00000000E+00       0.00000000E+00       0.00000000E+00       0.00000000E+00       0.00000000E+00       0.00000000E+00
     -0.25601060E+02       0.00000000E+00       0.00000000E+00       0.00000000E+00       0.00000000E+00       0.00000000E+00       0.00000000E+00       0.00000000E+00       0.00000000E+00       0.00000000E+00       0.00000000E+00       0.00000000E+00       0.00000000E+00       0.00000000E+00       0.00000000E+00       0.00000000E+00       0.00000000E+00       0.00000000E+00       0.00000000E+00       0.00000000E+00       0.00000000E+00       0.00000000E+00       0.00000000E+00       0.00000000E+00       0.00000000E+00       0.00000000E+00       0.00000000E+00       0.00000000E+00
     -0.25497986E+02       0.00000000E+00       0.00000000E+00       0.00000000E+00       0.00000000E+00       0.00000000E+00       0.00000000E+00       0.00000000E+00       0.00000000E+00       0.00000000E+00       0.00000000E+00       0.00000000E+00       0.00000000E+00       0.00000000E+00       0.00000000E+00       0.00000000E+00       0.00000000E+00       0.00000000E+00       0.00000000E+00       0.00000000E+00       0.00000000E+00       0.00000000E+00       0.00000000E+00       0.00000000E+00       0.00000000E+00       0.00000000E+00       0.00000000E+00       0.00000000E+00
     -0.25394913E+02       0.00000000E+00       0.00000000E+00       0.00000000E+00       0.00000000E+00       0.00000000E+00       0.00000000E+00       0.00000000E+00       0.00000000E+00       0.00000000E+00       0.00000000E+00       0.00000000E+00       0.00000000E+00       0.00000000E+00       0.00000000E+00       0.00000000E+00       0.00000000E+00       0.00000000E+00       0.00000000E+00       0.00000000E+00       0.00000000E+00       0.00000000E+00       0.00000000E+00       0.00000000E+00       0.00000000E+00       0.00000000E+00       0.00000000E+00       0.00000000E+00
     -0.25291839E+02       0.00000000E+00       0.00000000E+00       0.00000000E+00       0.00000000E+00       0.00000000E+00       0.00000000E+00       0.00000000E+00       0.00000000E+00       0.00000000E+00       0.00000000E+00       0.00000000E+00       0.00000000E+00       0.00000000E+00       0.00000000E+00       0.00000000E+00       0.00000000E+00       0.00000000E+00       0.00000000E+00       0.00000000E+00       0.00000000E+00       0.00000000E+00       0.00000000E+00       0.00000000E+00       0.00000000E+00       0.00000000E+00       0.00000000E+00       0.00000000E+00
     -0.25188766E+02       0.00000000E+00       0.00000000E+00       0.00000000E+00       0.00000000E+00       0.00000000E+00       0.00000000E+00       0.00000000E+00       0.00000000E+00       0.00000000E+00       0.00000000E+00       0.00000000E+00       0.00000000E+00       0.00000000E+00       0.00000000E+00       0.00000000E+00       0.00000000E+00       0.00000000E+00       0.00000000E+00       0.00000000E+00       0.00000000E+00       0.00000000E+00       0.00000000E+00       0.00000000E+00       0.00000000E+00       0.00000000E+00       0.00000000E+00       0.00000000E+00
     -0.25085693E+02       0.00000000E+00       0.00000000E+00       0.00000000E+00       0.00000000E+00       0.00000000E+00       0.00000000E+00       0.00000000E+00       0.00000000E+00       0.00000000E+00       0.00000000E+00       0.00000000E+00       0.00000000E+00       0.00000000E+00       0.00000000E+00       0.00000000E+00       0.00000000E+00       0.00000000E+00       0.00000000E+00       0.00000000E+00       0.00000000E+00       0.00000000E+00       0.00000000E+00       0.00000000E+00       0.00000000E+00       0.00000000E+00       0.00000000E+00       0.00000000E+00
     -0.24982619E+02       0.00000000E+00       0.00000000E+00       0.00000000E+00       0.00000000E+00       0.00000000E+00       0.00000000E+00       0.00000000E+00       0.00000000E+00       0.00000000E+00       0.00000000E+00       0.00000000E+00       0.00000000E+00       0.00000000E+00       0.00000000E+00       0.00000000E+00       0.00000000E+00       0.00000000E+00       0.00000000E+00       0.00000000E+00       0.00000000E+00       0.00000000E+00       0.00000000E+00       0.00000000E+00       0.00000000E+00       0.00000000E+00       0.00000000E+00       0.00000000E+00
     -0.24879546E+02       0.00000000E+00       0.00000000E+00       0.00000000E+00       0.00000000E+00       0.00000000E+00       0.00000000E+00       0.00000000E+00       0.00000000E+00       0.00000000E+00       0.00000000E+00       0.00000000E+00       0.00000000E+00       0.00000000E+00       0.00000000E+00       0.00000000E+00       0.00000000E+00       0.00000000E+00       0.00000000E+00       0.00000000E+00       0.00000000E+00       0.00000000E+00       0.00000000E+00       0.00000000E+00       0.00000000E+00       0.00000000E+00       0.00000000E+00       0.00000000E+00
     -0.24776472E+02       0.00000000E+00       0.00000000E+00       0.00000000E+00       0.00000000E+00       0.00000000E+00       0.00000000E+00       0.00000000E+00       0.00000000E+00       0.00000000E+00       0.00000000E+00       0.00000000E+00       0.00000000E+00       0.00000000E+00       0.00000000E+00       0.00000000E+00       0.00000000E+00       0.00000000E+00       0.00000000E+00       0.00000000E+00       0.00000000E+00       0.00000000E+00       0.00000000E+00       0.00000000E+00       0.00000000E+00       0.00000000E+00       0.00000000E+00       0.00000000E+00
     -0.24673399E+02       0.00000000E+00       0.00000000E+00       0.00000000E+00       0.00000000E+00       0.00000000E+00       0.00000000E+00       0.00000000E+00       0.00000000E+00       0.00000000E+00       0.00000000E+00       0.00000000E+00       0.00000000E+00       0.00000000E+00       0.00000000E+00       0.00000000E+00       0.00000000E+00       0.00000000E+00       0.00000000E+00       0.00000000E+00       0.00000000E+00       0.00000000E+00       0.00000000E+00       0.00000000E+00       0.00000000E+00       0.00000000E+00       0.00000000E+00       0.00000000E+00
     -0.24570325E+02       0.00000000E+00       0.00000000E+00       0.00000000E+00       0.00000000E+00       0.00000000E+00       0.00000000E+00       0.00000000E+00       0.00000000E+00       0.00000000E+00       0.00000000E+00       0.00000000E+00       0.00000000E+00       0.00000000E+00       0.00000000E+00       0.00000000E+00       0.00000000E+00       0.00000000E+00       0.00000000E+00       0.00000000E+00       0.00000000E+00       0.00000000E+00       0.00000000E+00       0.00000000E+00       0.00000000E+00       0.00000000E+00       0.00000000E+00       0.00000000E+00
     -0.24467252E+02       0.41915743E-07       0.16772580E-07       0.00000000E+00       0.12466992E-09       0.11472128E-10       0.59846109E-11       0.52200557E-11       0.95031251E-09       0.13118498E-10       0.53105237E-11       0.12684173E-10       0.10542811E-08       0.86345350E-10       0.34895301E-11       0.27799453E-12       0.55210660E-09       0.37415812E-10       0.16667006E-11       0.12840902E-12       0.15957643E-08       0.10798224E-09       0.37505141E-11       0.32562771E-12       0.15956103E-08       0.10797645E-09       0.37503443E-11       0.32560744E-12
     -0.24364179E+02       0.25315694E-06       0.10097652E-06       0.00000000E+00       0.67978080E-09       0.98253950E-10       0.56396277E-10       0.31873954E-10       0.57710884E-08       0.82852139E-10       0.32921382E-10       0.77075322E-10       0.63502560E-08       0.52898555E-09       0.21133539E-10       0.16908382E-11       0.32756188E-08       0.23017008E-09       0.10068942E-10       0.78141673E-12       0.96919478E-08       0.66487160E-09       0.22882237E-10       0.19934047E-11       0.96909756E-08       0.66483532E-09       0.22881157E-10       0.19932787E-11
     -0.24261105E+02       0.11416700E-05       0.45431002E-06       0.00000000E+00       0.27823270E-08       0.54652115E-09       0.34435526E-09       0.14477607E-09       0.26155278E-07       0.38190238E-09       0.15042750E-09       0.34931049E-09       0.28461983E-07       0.24191303E-08       0.95093883E-10       0.76819731E-11       0.14634892E-07       0.10552452E-08       0.45428721E-10       0.35541726E-11       0.43902855E-07       0.30441059E-08       0.10410009E-09       0.90880655E-11       0.43898386E-07       0.30439389E-08       0.10409510E-09       0.90874878E-11
     -0.24158032E+02       0.44188833E-05       0.17552754E-05       0.00000000E+00       0.10056817E-07       0.23682801E-08       0.15602746E-08       0.56352475E-09       0.10157269E-06       0.15044072E-08       0.58867506E-09       0.13569194E-08       0.10992849E-06       0.94309788E-08       0.36884207E-09       0.29864359E-10       0.56074912E-07       0.41198327E-08       0.17613503E-09       0.13773928E-10       0.17047391E-06       0.11911573E-07       0.40533754E-09       0.35442346E-10       0.17045671E-06       0.11910921E-07       0.40531837E-09       0.35440116E-10
     -0.24054958E+02       0.15321272E-04       0.60808329E-05       0.00000000E+00       0.33831074E-07       0.85534146E-08       0.57670521E-08       0.19632104E-08       0.35267573E-06       0.52634822E-08       0.20517035E-08       0.47122191E-08       0.38066779E-06       0.32802955E-07       0.12796413E-08       0.10375001E-09       0.19351388E-06       0.14331691E-07       0.61137605E-09       0.47759368E-10       0.59201707E-06       0.41500136E-07       0.14093417E-08       0.12331389E-09       0.59195735E-06       0.41497861E-07       0.14092752E-08       0.12330614E-09
     -0.23951885E+02       0.49651855E-04       0.19694302E-04       0.00000000E+00       0.10691145E-06       0.28684942E-07       0.19566724E-07       0.63770989E-08       0.11441955E-05       0.17161485E-07       0.66735269E-08       0.15289230E-07       0.12324500E-05       0.10658607E-06       0.41482680E-08       0.33674095E-09       0.62511546E-06       0.46587298E-07       0.19822689E-08       0.15489727E-09       0.19206874E-05       0.13497621E-06       0.45766159E-08       0.40065018E-09       0.19204937E-05       0.13496880E-06       0.45763997E-08       0.40062503E-09
     -0.23848811E+02       0.15161855E-03       0.60100648E-04       0.00000000E+00       0.31773931E-06       0.90668804E-07       0.62575616E-07       0.19522534E-07       0.34980495E-05       0.52740067E-07       0.20457457E-07       0.46746604E-07       0.37596591E-05       0.32637000E-06       0.12671862E-07       0.10299431E-08       0.19023519E-05       0.14271146E-06       0.60564611E-08       0.47335750E-09       0.58719619E-05       0.41373418E-06       0.14005440E-07       0.12267411E-08       0.58713695E-05       0.41371147E-06       0.14004779E-07       0.12266642E-08
     -0.23745738E+02       0.43635547E-03       0.17285185E-03       0.00000000E+00       0.88821937E-06       0.27012801E-06       0.18863339E-06       0.56338435E-07       0.10079677E-04       0.15279954E-06       0.59114764E-07       0.13471407E-06       0.10808864E-04       0.94196069E-06       0.36484296E-07       0.29691576E-08       0.54550341E-05       0.41205941E-06       0.17441125E-07       0.13632762E-08       0.16920315E-04       0.11954566E-05       0.40398642E-07       0.35405249E-08       0.16918608E-04       0.11953909E-05       0.40396738E-07       0.35403034E-08
     -0.23642665E+02       0.11838337E-02       0.46861551E-03       0.00000000E+00       0.23358161E-05       0.75857717E-06       0.53598812E-06       0.15329333E-06       0.27381146E-04       0.41743081E-06       0.16105559E-06       0.36598547E-06       0.29292531E-04       0.25630290E-05       0.99027556E-07       0.80694620E-08       0.14742483E-04       0.11216404E-05       0.47350223E-07       0.37009383E-08       0.45964495E-04       0.32567224E-05       0.10986090E-06       0.96337951E-08       0.45959862E-04       0.32565435E-05       0.10985573E-06       0.96331933E-08
     -0.23539591E+02       0.30282271E-02       0.11978240E-02       0.00000000E+00       0.57795598E-05       0.20079413E-05       0.14355057E-05       0.39335041E-06       0.70133280E-04       0.10754894E-05       0.41378212E-06       0.93753217E-06       0.74845631E-04       0.65758391E-05       0.25344137E-06       0.20678997E-07       0.37557472E-04       0.28788335E-05       0.12121277E-06       0.94722150E-08       0.11773604E-03       0.83664541E-05       0.28171381E-06       0.24718573E-07       0.11772419E-03       0.83659943E-05       0.28170059E-06       0.24717032E-07
     -0.23436518E+02       0.73048554E-02       0.28872339E-02       0.00000000E+00       0.13457330E-04       0.50097773E-05       0.36236949E-05       0.95203697E-06       0.16941025E-03       0.26137005E-05       0.10026646E-05       0.22649340E-05       0.18033882E-03       0.15910956E-04       0.61171550E-06       0.49976086E-07       0.90209987E-04       0.69681342E-05       0.29263940E-06       0.22859874E-07       0.28441046E-03       0.20271523E-04       0.68129598E-06       0.59816161E-07       0.28438186E-03       0.20270409E-04       0.68126407E-06       0.59812440E-07
     -0.23333444E+02       0.16619934E-01       0.65637763E-02       0.00000000E+00       0.29491897E-04       0.11781206E-04       0.86213084E-05       0.21737823E-05       0.38597956E-03       0.59922770E-05       0.22918683E-05       0.51610517E-05       0.40982373E-03       0.36311959E-04       0.13926498E-05       0.11392204E-06       0.20432329E-03       0.15907860E-04       0.66641582E-06       0.52028427E-07       0.64803411E-03       0.46331456E-04       0.15541418E-05       0.13653561E-06       0.64796906E-03       0.46328909E-04       0.15540693E-05       0.13652714E-06
     -0.23230371E+02       0.35669751E-01       0.14075650E-01       0.00000000E+00       0.60841332E-04       0.26112348E-04       0.19330463E-04       0.46830114E-05       0.82957069E-03       0.12961663E-04       0.49422440E-05       0.11094036E-04       0.87852036E-03       0.78173815E-04       0.29909834E-05       0.24497400E-06       0.43646510E-03       0.34257020E-04       0.14316772E-05       0.11168738E-06       0.13929084E-02       0.99898511E-04       0.33444601E-05       0.29400692E-06       0.13927689E-02       0.99893019E-04       0.33443045E-05       0.29398874E-06
     -0.23127297E+02       0.72222257E-01       0.28475713E-01       0.00000000E+00       0.11817340E-03       0.54545821E-04       0.40843861E-04       0.95197942E-05       0.16820946E-02       0.26454275E-04       0.10055353E-04       0.22498480E-04       0.17766573E-02       0.15877027E-03       0.60605601E-05       0.49698249E-06       0.87943294E-03       0.69592981E-04       0.29018798E-05       0.22615431E-06       0.28246455E-02       0.20322258E-03       0.67902099E-05       0.59730079E-06       0.28243632E-02       0.20321141E-03       0.67898953E-05       0.59726395E-06
     -0.23024224E+02       0.13796746E+00       0.54351114E-01       0.00000000E+00       0.21614161E-03       0.10737554E-03       0.81318738E-04       0.18262311E-04       0.32180002E-02       0.50946855E-04       0.19303406E-04       0.43048661E-04       0.33899267E-02       0.30422761E-03       0.11587032E-04       0.95126226E-06       0.16715496E-02       0.13337740E-03       0.55498640E-05       0.43198822E-06       0.54044738E-02       0.39006594E-03       0.13007400E-04       0.11449307E-05       0.54039354E-02       0.39004450E-03       0.13006800E-04       0.11448603E-05
     -0.22921151E+02       0.24867843E+00       0.97879782E-01       0.00000000E+00       0.37232851E-03       0.19917803E-03       0.15254366E-03       0.33061923E-04       0.58086830E-02       0.92583050E-04       0.34965944E-04       0.77718830E-04       0.61028987E-02       0.54999909E-03       0.20903192E-04       0.17179618E-05       0.29972899E-02       0.24116268E-03       0.10015538E-04       0.77843401E-06       0.97568357E-02       0.70642636E-03       0.23510544E-04       0.20707567E-05       0.97558667E-02       0.70638754E-03       0.23509465E-04       0.20706298E-05
     -0.22818077E+02       0.42292475E+00       0.16631746E+00       0.00000000E+00       0.60416203E-03       0.34812044E-03       0.26958448E-03       0.56487013E-04       0.98930249E-02       0.15875621E-03       0.59762511E-04       0.13239046E-03       0.10366973E-01       0.93812016E-03       0.35582804E-04       0.29274083E-05       0.50704697E-02       0.41138301E-03       0.17055393E-04       0.13233011E-05       0.16620154E-01       0.12071320E-02       0.40096001E-04       0.35338035E-05       0.16618509E-01       0.12070657E-02       0.40094170E-04       0.35335878E-05
     -0.22715004E+02       0.67865003E+00       0.26664850E+00       0.00000000E+00       0.92360740E-03       0.57322599E-03       0.44879503E-03       0.91076596E-04       0.15897576E-01       0.25685880E-03       0.96376021E-04       0.21278517E-03       0.16616316E-01       0.15096444E-02       0.57154082E-04       0.47065106E-05       0.80924829E-02       0.66202733E-03       0.27405470E-04       0.21221417E-05       0.26712994E-01       0.19461880E-02       0.64519887E-04       0.56899128E-05       0.26710360E-01       0.19460812E-02       0.64516957E-04       0.56895667E-05
     -0.22611930E+02       0.10274667E+01       0.40334816E+00       0.00000000E+00       0.13304318E-02       0.88916852E-03       0.70373168E-03       0.13857296E-03       0.24102435E-01       0.39209344E-03       0.14663493E-03       0.32266940E-03       0.25128600E-01       0.22918436E-02       0.86618931E-04       0.71390010E-05       0.12184879E-01       0.10050139E-02       0.41550867E-04       0.32103251E-05       0.40508822E-01       0.29602459E-02       0.97952518E-04       0.86435598E-05       0.40504844E-01       0.29600834E-02       0.97948097E-04       0.86430361E-05
     -0.22508857E+02       0.14675668E+01       0.57561427E+00       0.00000000E+00       0.18060488E-02       0.12991393E-02       0.10392602E-02       0.19894209E-03       0.34473478E-01       0.56464016E-03       0.21047199E-03       0.46160624E-03       0.35852857E-01       0.32821075E-02       0.12385209E-03       0.10215593E-04       0.17307966E-01       0.14391208E-02       0.59437018E-04       0.45809099E-05       0.57953848E-01       0.42475970E-02       0.14029128E-03       0.12386991E-04       0.57948180E-01       0.42473639E-02       0.14028499E-03       0.12386243E-04
     -0.22405783E+02       0.19773989E+01       0.77491352E+00       0.00000000E+00       0.23107543E-02       0.17876852E-02       0.14452769E-02       0.26946525E-03       0.46511325E-01       0.76698474E-03       0.28496367E-03       0.62292814E-03       0.48257064E-01       0.44333448E-02       0.16706056E-03       0.13788974E-04       0.23191278E-01       0.19435893E-02       0.80209062E-04       0.61651247E-05       0.78212428E-01       0.57488484E-02       0.18953608E-03       0.16744691E-04       0.78204811E-01       0.57485330E-02       0.18952763E-03       0.16743685E-04
     -0.22302710E+02       0.25130738E+01       0.98399950E+00       0.00000000E+00       0.27868637E-02       0.23165386E-02       0.18925109E-02       0.34430863E-03       0.59187182E-01       0.98258843E-03       0.36388485E-03       0.79287033E-03       0.61267350E-01       0.56476260E-02       0.21255423E-03       0.17554479E-04       0.29309971E-01       0.24753611E-02       0.10209978E-03       0.78247405E-05       0.99557912E-01       0.73380624E-02       0.24151447E-03       0.21348611E-04       0.99548260E-01       0.73376601E-02       0.24150377E-03       0.21347332E-04
     -0.22199636E+02       0.30121087E+01       0.11784134E+01       0.00000000E+00       0.31685423E-02       0.28265101E-02       0.23331208E-02       0.41494897E-03       0.71028057E-01       0.11870166E-02       0.43817878E-03       0.95170409E-03       0.73361641E-01       0.67841222E-02       0.25505129E-03       0.21075075E-04       0.34935541E-01       0.29726061E-02       0.12257392E-03       0.93643839E-05       0.11951433E+00       0.88324022E-02       0.29021559E-03       0.25667219E-04       0.11950279E+00       0.88319181E-02       0.29020281E-03       0.25665687E-04
     -0.22096563E+02       0.34042663E+01       0.13307478E+01       0.00000000E+00       0.33964296E-02       0.32469346E-02       0.27076884E-02       0.47159452E-03       0.80370585E-01       0.13519702E-02       0.49748438E-03       0.10771309E-02       0.82835051E-01       0.76832791E-02       0.28858723E-03       0.23856511E-04       0.39266551E-01       0.33653753E-02       0.13876289E-03       0.10565910E-04       0.13528184E+00       0.10023087E-01       0.32881736E-03       0.29096067E-04       0.13526884E+00       0.10022538E-01       0.32880298E-03       0.29094337E-04
     -0.21993490E+02       0.36273685E+01       0.14168302E+01       0.00000000E+00       0.34326968E-02       0.35112254E-02       0.29578375E-02       0.50534778E-03       0.85734569E-01       0.14515233E-02       0.53244172E-03       0.11492860E-02       0.88184485E-01       0.82026161E-02       0.30785287E-03       0.25458220E-04       0.41611837E-01       0.35913319E-02       0.14810692E-03       0.11237912E-04       0.14436453E+00       0.10721947E-01       0.35121306E-03       0.31092899E-04       0.14435072E+00       0.10721359E-01       0.35119779E-03       0.31091057E-04
     -0.21890416E+02       0.36433341E+01       0.14219635E+01       0.00000000E+00       0.32713048E-02       0.35740216E-02       0.30409997E-02       0.51047698E-03       0.86204453E-01       0.14687488E-02       0.53709460E-03       0.11558562E-02       0.88496648E-01       0.82534532E-02       0.30956138E-03       0.25606834E-04       0.41570077E-01       0.36118475E-02       0.14901332E-03       0.11265350E-04       0.14521307E+00       0.10809781E-01       0.35358251E-03       0.31317113E-04       0.14519923E+00       0.10809189E-01       0.35356722E-03       0.31315263E-04
     -0.21787343E+02       0.34487932E+01       0.13450233E+01       0.00000000E+00       0.29396471E-02       0.34239023E-02       0.29422405E-02       0.48600499E-03       0.81684461E-01       0.14004280E-02       0.51054988E-03       0.10955099E-02       0.83702690E-01       0.78256364E-02       0.29336391E-03       0.24272365E-04       0.39141931E-01       0.34227842E-02       0.14129969E-03       0.10641708E-04       0.13765621E+00       0.10269552E-01       0.33545599E-03       0.29724619E-04       0.13764315E+00       0.10268990E-01       0.33544158E-03       0.29722869E-04
     -0.21684269E+02       0.30762202E+01       0.11988458E+01       0.00000000E+00       0.24909716E-02       0.30867809E-02       0.26786444E-02       0.43601255E-03       0.72929857E-01       0.12580687E-02       0.45726427E-03       0.97833106E-03       0.74602192E-01       0.69908109E-02       0.26196399E-03       0.21677958E-04       0.34731791E-01       0.30558361E-02       0.12625292E-03       0.94713595E-05       0.12295654E+00       0.91917400E-02       0.29986455E-03       0.26581861E-04       0.12294492E+00       0.91912372E-02       0.29985173E-03       0.26580300E-04
     -0.21581196E+02       0.25850827E+01       0.10067304E+01       0.00000000E+00       0.19904697E-02       0.26186018E-02       0.22944994E-02       0.36852888E-03       0.61340554E-01       0.10648493E-02       0.38584601E-03       0.82306431E-03       0.62645732E-01       0.58828242E-02       0.22038057E-03       0.18238962E-04       0.29037730E-01       0.25698430E-02       0.10627825E-03       0.79410138E-05       0.10346615E+00       0.77495792E-02       0.25251167E-03       0.22392988E-04       0.10345641E+00       0.77491554E-02       0.25250093E-03       0.22391676E-04
     -0.21478122E+02       0.20463417E+01       0.79637278E+00       0.00000000E+00       0.15000507E-02       0.20901869E-02       0.18491721E-02       0.29342867E-03       0.48594575E-01       0.84976099E-03       0.30684984E-03       0.65220926E-03       0.49558195E-01       0.46626656E-02       0.17463736E-03       0.14454345E-04       0.22870944E-01       0.20353524E-02       0.84270125E-04       0.62710267E-05       0.82012322E-01       0.61535118E-02       0.20027844E-03       0.17767643E-04       0.82004624E-01       0.61531753E-02       0.20026996E-03       0.17766605E-04
     -0.21375049E+02       0.15259052E+01       0.59341738E+00       0.00000000E+00       0.10666965E-02       0.15699168E-02       0.14022898E-02       0.22010407E-03       0.36253460E-01       0.64133537E-03       0.23042135E-03       0.48673454E-03       0.36939459E-01       0.34806636E-02       0.13035267E-03       0.10789813E-04       0.16969178E-01       0.15180170E-02       0.62931791E-04       0.46640940E-05       0.61236137E-01       0.46014103E-02       0.14960328E-03       0.13277344E-04       0.61230399E-01       0.46011584E-02       0.14959697E-03       0.13276569E-04
     -0.21271976E+02       0.10723900E+01       0.41670445E+00       0.00000000E+00       0.71727940E-03       0.11101206E-02       0.10014144E-02       0.15568462E-03       0.25466087E-01       0.46356679E-03       0.16468008E-03       0.34211413E-03       0.25972733E-01       0.24482229E-02       0.91686982E-04       0.75906533E-05       0.11863000E-01       0.10661730E-02       0.44262873E-04       0.32677319E-05       0.43099640E-01       0.32407601E-02       0.10526092E-03       0.93471385E-05       0.43095590E-01       0.32405822E-02       0.10525649E-03       0.93465922E-05
     -0.21168902E+02       0.71218345E+00       0.27635906E+00       0.00000000E+00       0.46002626E-03       0.74080239E-03       0.67575505E-03       0.10427427E-03       0.16841175E-01       0.33600769E-03       0.11545133E-03       0.22664022E-03       0.17313934E-01       0.16260654E-02       0.60906923E-04       0.50458725E-05       0.78253562E-02       0.70557558E-03       0.29338533E-04       0.21593427E-05       0.28684675E-01       0.21521497E-02       0.69838790E-04       0.62093194E-05       0.28681929E-01       0.21520301E-02       0.69835819E-04       0.62089526E-05
     -0.21065829E+02       0.45175480E+00       0.17468115E+00       0.00000000E+00       0.29073879E-03       0.47111192E-03       0.43676061E-03       0.67254074E-04       0.10485432E-01       0.27908116E-03       0.87573712E-04       0.14198790E-03       0.11162542E-01       0.10289598E-02       0.38564785E-04       0.32036794E-05       0.49002184E-02       0.44117862E-03       0.18378093E-04       0.13531404E-05       0.18285211E-01       0.13542077E-02       0.43909451E-04       0.39194418E-05       0.18283329E-01       0.13541291E-02       0.43907498E-04       0.39192000E-05
     -0.20962755E+02       0.28489911E+00       0.10891596E+00       0.00000000E+00       0.20107206E-03       0.29639296E-03       0.28407715E-03       0.44367200E-04       0.61495234E-02       0.32482357E-03       0.87695431E-04       0.85272923E-04       0.74602381E-02       0.64168134E-03       0.24097291E-04       0.20221987E-05       0.29816644E-02       0.26354386E-03       0.11005976E-04       0.82129578E-06       0.11703421E-01       0.82308914E-03       0.26671237E-04       0.24147902E-05       0.11701933E-01       0.82303419E-03       0.26669857E-04       0.24146190E-05
     -0.20859682E+02       0.20181732E+00       0.74692418E-01       0.00000000E+00       0.18648232E-03       0.20762865E-03       0.21423893E-03       0.35168947E-04       0.34063068E-02       0.53248587E-03       0.12825911E-03       0.51599120E-04       0.61440754E-02       0.43911834E-03       0.16579370E-04       0.14335921E-05       0.19076728E-02       0.15671005E-03       0.65756358E-05       0.51953627E-06       0.86269159E-02       0.51712255E-03       0.16750616E-04       0.15883125E-05       0.86252956E-02       0.51707419E-03       0.16749372E-04       0.15881573E-05
     -0.20756608E+02       0.19741270E+00       0.69118251E-01       0.00000000E+00       0.25218536E-03       0.20048145E-03       0.22955311E-03       0.40456549E-04       0.18013588E-02       0.10070854E-02       0.23211234E-03       0.36279947E-04       0.73887372E-02       0.40456609E-03       0.15410032E-04       0.14030024E-05       0.15403245E-02       0.10497032E-03       0.44510982E-05       0.40937378E-06       0.89808167E-02       0.39879804E-03       0.12913230E-04       0.13553773E-05       0.89784313E-02       0.39873865E-03       0.12911664E-04       0.13551801E-05
     -0.20653535E+02       0.27711528E+00       0.92909827E-01       0.00000000E+00       0.41597342E-03       0.28205850E-03       0.34524985E-03       0.63378343E-04       0.94707677E-03       0.19164167E-02       0.43666590E-03       0.36298887E-04       0.11786998E-01       0.54251948E-03       0.20791327E-04       0.19702899E-05       0.18174304E-02       0.97241339E-04       0.41907157E-05       0.47272330E-06       0.13181587E-01       0.44965063E-03       0.14540768E-04       0.16998007E-05       0.13177643E-01       0.44956103E-03       0.14538381E-04       0.16994960E-05
     -0.20550462E+02       0.45920609E+00       0.15122636E+00       0.00000000E+00       0.70683286E-03       0.47417891E-03       0.59334528E-03       0.10995181E-03       0.56037424E-03       0.34981596E-02       0.79569550E-03       0.50903561E-04       0.20422257E-01       0.88399879E-03       0.33924992E-04       0.32672187E-05       0.27709315E-02       0.12878858E-03       0.56217075E-05       0.71756958E-06       0.22240870E-01       0.67647181E-03       0.21824803E-04       0.26929371E-05       0.22234405E-01       0.67633147E-03       0.21821059E-04       0.26924514E-05
     -0.20447388E+02       0.77281863E+00       0.25298891E+00       0.00000000E+00       0.11583912E-02       0.81202627E-03       0.10215896E-02       0.18868767E-03       0.46014009E-03       0.60452026E-02       0.13760952E-02       0.81396570E-04       0.34781926E-01       0.14830623E-02       0.56874410E-04       0.55041495E-05       0.45133765E-02       0.20066467E-03       0.88183859E-05       0.11747493E-05       0.37670877E-01       0.11086729E-02       0.35674336E-04       0.44827659E-05       0.37660857E-01       0.11084627E-02       0.35668743E-04       0.44820246E-05
     -0.20344315E+02       0.12509372E+01       0.40852250E+00       0.00000000E+00       0.17969896E-02       0.13370625E-02       0.16857746E-02       0.30901871E-03       0.54386630E-03       0.98573427E-02       0.22468766E-02       0.13022760E-03       0.56463424E-01       0.24033972E-02       0.92049656E-04       0.89211290E-05       0.71967822E-02       0.31738549E-03       0.14004120E-04       0.18863694E-05       0.61147821E-01       0.17870207E-02       0.57347719E-04       0.72510071E-05       0.61133373E-01       0.17867289E-02       0.57340002E-04       0.72499532E-05
     -0.20241241E+02       0.19184657E+01       0.62559667E+00       0.00000000E+00       0.26260876E-02       0.20837937E-02       0.26344595E-02       0.47842453E-03       0.75838081E-03       0.15154871E-01       0.34593545E-02       0.19952312E-03       0.86661014E-01       0.36951147E-02       0.14132212E-03       0.13703304E-04       0.10953750E-01       0.48344994E-03       0.21401312E-04       0.28872841E-05       0.93927906E-01       0.27446818E-02       0.87843640E-04       0.11139948E-04       0.93908697E-01       0.27443134E-02       0.87833982E-04       0.11138570E-04
     -0.20138168E+02       0.27772062E+01       0.90449787E+00       0.00000000E+00       0.36113954E-02       0.30620174E-02       0.38875543E-02       0.69862124E-03       0.10733072E-02       0.21965631E-01       0.50211251E-02       0.28930846E-03       0.12550499E+00       0.53650363E-02       0.20489651E-03       0.19872826E-04       0.15841607E-01       0.69957392E-03       0.31066425E-04       0.41833534E-05       0.13609958E+00       0.39835616E-02       0.12715144E-03       0.16160044E-04       0.13607625E+00       0.39831471E-02       0.12714074E-03       0.16158410E-04
     -0.20035094E+02       0.37919947E+01       0.12335310E+01       0.00000000E+00       0.46732459E-02       0.42392601E-02       0.54139584E-02       0.96186095E-03       0.14612062E-02       0.30018031E-01       0.68712636E-02       0.39588115E-03       0.17143642E+00       0.73483164E-02       0.28024063E-03       0.27186558E-04       0.21823731E-01       0.95995610E-03       0.42768213E-04       0.57335246E-05       0.18587737E+00       0.54520824E-02       0.17355988E-03       0.22102965E-04       0.18585183E+00       0.54516838E-02       0.17354990E-03       0.22101240E-04
     -0.19932021E+02       0.48840515E+01       0.15869135E+01       0.00000000E+00       0.56924327E-02       0.55307796E-02       0.71170292E-02       0.12489384E-02       0.18860003E-02       0.38688057E-01       0.88678228E-02       0.51096477E-03       0.22088593E+00       0.94929452E-02       0.36151075E-03       0.35082369E-04       0.28828900E-01       0.12522041E-02       0.55982556E-04       0.74451889E-05       0.23923522E+00       0.70331352E-02       0.22330094E-03       0.28495535E-04       0.23921068E+00       0.70328425E-02       0.22329419E-03       0.28493981E-04
     -0.19828948E+02       0.59371976E+01       0.19268713E+01       0.00000000E+00       0.65319677E-02       0.68046470E-02       0.88375357E-02       0.15304915E-02       0.23001851E-02       0.47046072E-01       0.10798271E-01       0.62223540E-03       0.26851340E+00       0.11568410E-01       0.43989602E-03       0.42715262E-04       0.36916832E-01       0.15612372E-02       0.70064529E-04       0.91910781E-05       0.29016206E+00       0.85505615E-02       0.27078677E-03       0.34628370E-04       0.29014259E+00       0.85504780E-02       0.27078612E-03       0.34627303E-04
     -0.19725874E+02       0.68190077E+01       0.22105674E+01       0.00000000E+00       0.70707080E-02       0.79055084E-02       0.10379807E-01       0.17723121E-02       0.26501678E-02       0.54021454E-01       0.12417191E-01       0.71545202E-03       0.30811456E+00       0.13303541E-01       0.50506551E-03       0.49100733E-04       0.46537033E-01       0.18772004E-02       0.84601451E-04       0.10849399E-04       0.33165282E+00       0.97976707E-02       0.30953822E-03       0.39673104E-04       0.33164247E+00       0.97978890E-02       0.30954618E-03       0.39672830E-04
     -0.19622801E+02       0.74129305E+01       0.24005322E+01       0.00000000E+00       0.72383963E-02       0.86931640E-02       0.11558035E-01       0.19437761E-02       0.28873150E-02       0.58655748E-01       0.13504595E-01       0.77779860E-03       0.33403837E+00       0.14447360E-01       0.54747708E-03       0.53340885E-04       0.58802234E-01       0.22053037E-02       0.99854541E-04       0.12357819E-04       0.35726041E+00       0.10582853E-01       0.33363473E-03       0.42867676E-04       0.35726219E+00       0.10583428E-01       0.33365277E-03       0.42868403E-04
     -0.19519727E+02       0.76514196E+01       0.24753439E+01       0.00000000E+00       0.70389080E-02       0.90840841E-02       0.12249324E-01       0.20268167E-02       0.29804538E-02       0.60367530E-01       0.13927154E-01       0.80141493E-03       0.34269544E+00       0.14835155E-01       0.56087377E-03       0.54866115E-04       0.75629283E-01       0.25733083E-02       0.11709617E-03       0.13760582E-04       0.36275095E+00       0.10778845E-01       0.33925199E-03       0.43714732E-04       0.36276594E+00       0.10779774E-01       0.33927993E-03       0.43716505E-04
     -0.19416654E+02       0.75374885E+01       0.24364896E+01       0.00000000E+00       0.65515758E-02       0.90797557E-02       0.12433367E-01       0.20219910E-02       0.29247695E-02       0.59130738E-01       0.13679497E-01       0.78580126E-03       0.33361346E+00       0.14436227E-01       0.54408207E-03       0.53604561E-04       0.99569499E-01       0.30313729E-02       0.13860149E-03       0.15222764E-04       0.34728124E+00       0.10358304E-01       0.32574057E-03       0.42122632E-04       0.34730816E+00       0.10359522E-01       0.32577648E-03       0.42125312E-04
     -0.19313580E+02       0.71449668E+01       0.23082976E+01       0.00000000E+00       0.59085332E-02       0.87685475E-02       0.12200443E-01       0.19488127E-02       0.27431514E-02       0.55489518E-01       0.12887585E-01       0.73805798E-03       0.30960597E+00       0.13364025E-01       0.50139408E-03       0.50008686E-04       0.13320080E+00       0.36403124E-02       0.16711298E-03       0.16991975E-04       0.31364750E+00       0.94019302E-02       0.29582398E-03       0.38433603E-04       0.31368306E+00       0.94033225E-02       0.29586460E-03       0.38436896E-04
     -0.19210507E+02       0.65955604E+01       0.21303842E+01       0.00000000E+00       0.52554997E-02       0.82974487E-02       0.11720573E-01       0.18395957E-02       0.24789734E-02       0.50392601E-01       0.11770041E-01       0.67071739E-03       0.27594391E+00       0.11843057E-01       0.44133065E-03       0.44920332E-04       0.17810688E+00       0.44484133E-02       0.20478273E-03       0.19306599E-04       0.26750070E+00       0.80756063E-02       0.25482275E-03       0.33325420E-04       0.26754046E+00       0.80770370E-02       0.25486421E-03       0.33328950E-04
     -0.19107433E+02       0.60202898E+01       0.19451157E+01       0.00000000E+00       0.47098927E-02       0.78226002E-02       0.11183073E-01       0.17287256E-02       0.21828118E-02       0.44903011E-01       0.10570353E-01       0.59789759E-03       0.23881393E+00       0.10144007E-01       0.37421720E-03       0.39319976E-04       0.23369386E+00       0.54627240E-02       0.25186293E-03       0.22275240E-04       0.21582405E+00       0.65850619E-02       0.20919115E-03       0.27622589E-04       0.21586352E+00       0.65864043E-02       0.20922989E-03       0.27625990E-04
     -0.19004360E+02       0.55195405E+01       0.17847067E+01       0.00000000E+00       0.43307866E-02       0.74570516E-02       0.10729490E-01       0.16413209E-02       0.18980995E-02       0.39889977E-01       0.94849955E-02       0.53119756E-03       0.20362713E+00       0.85108105E-02       0.30945694E-03       0.34052153E-04       0.29629836E+00       0.66257394E-02       0.30564544E-03       0.25773184E-04       0.16522940E+00       0.51247263E-02       0.16490191E-03       0.22086336E-04       0.16526499E+00       0.51258876E-02       0.16493534E-03       0.22089326E-04
     -0.18901287E+02       0.51365352E+01       0.16627318E+01       0.00000000E+00       0.41100989E-02       0.72358937E-02       0.10406940E-01       0.15856192E-02       0.16509582E-02       0.35814754E-01       0.86137520E-02       0.47682584E-03       0.17377413E+00       0.71052634E-02       0.25344607E-03       0.29625110E-04       0.35909238E+00       0.78095639E-02       0.36020546E-03       0.29405862E-04       0.12063508E+00       0.38379009E-02       0.12622020E-03       0.17254680E-04       0.12066465E+00       0.38388340E-02       0.12624705E-03       0.17257101E-04
     -0.18798213E+02       0.48532508E+01       0.15729286E+01       0.00000000E+00       0.39860505E-02       0.71118004E-02       0.10160454E-01       0.15519186E-02       0.14473768E-02       0.32679164E-01       0.79485752E-02       0.43488919E-03       0.15020283E+00       0.59857048E-02       0.20873801E-03       0.26147091E-04       0.41309542E+00       0.88350355E-02       0.40729131E-03       0.32570006E-04       0.84663017E-01       0.27987796E-02       0.95190847E-04       0.13376175E-04       0.84685901E-01       0.27994805E-02       0.95211021E-04       0.13377993E-04
     -0.18695140E+02       0.46083880E+01       0.14951219E+01       0.00000000E+00       0.38719766E-02       0.69813147E-02       0.98659749E-02       0.15181821E-02       0.12776427E-02       0.30136619E-01       0.74009372E-02       0.40084736E-03       0.13184079E+00       0.51214408E-02       0.17451813E-03       0.23402886E-04       0.44918482E+00       0.95137162E-02       0.43826081E-03       0.34604961E-04       0.57773138E-01       0.20170870E-02       0.71849196E-04       0.10439598E-04       0.57789794E-01       0.20175825E-02       0.71863494E-04       0.10440871E-04
     -0.18592066E+02       0.43283341E+01       0.14053072E+01       0.00000000E+00       0.36889420E-02       0.67297745E-02       0.93882197E-02       0.14597187E-02       0.11250811E-02       0.27702565E-01       0.68526385E-02       0.36830030E-03       0.11656444E+00       0.44310588E-02       0.14796070E-03       0.21020435E-04       0.46052151E+00       0.97000517E-02       0.44647666E-03       0.34985670E-04       0.38896300E-01       0.14580523E-02       0.54909953E-04       0.82672295E-05       0.38907828E-01       0.14583847E-02       0.54919595E-04       0.82680652E-05
     -0.18488993E+02       0.39579021E+01       0.12856083E+01       0.00000000E+00       0.33907014E-02       0.62761427E-02       0.86380919E-02       0.13589026E-02       0.97496680E-03       0.24971503E-01       0.62078107E-02       0.33187287E-03       0.10226488E+00       0.38262195E-02       0.12580707E-03       0.18651147E-04       0.44452837E+00       0.93348423E-02       0.42929271E-03       0.33485957E-04       0.26227258E-01       0.10671339E-02       0.42584616E-04       0.66247389E-05       0.26234940E-01       0.10673476E-02       0.42590872E-04       0.66252564E-05
     -0.18385919E+02       0.34794063E+01       0.11304152E+01       0.00000000E+00       0.29738100E-02       0.56008012E-02       0.76068380E-02       0.12112515E-02       0.82022559E-03       0.21759921E-01       0.54267033E-02       0.28912117E-03       0.87613529E-01       0.32444861E-02       0.10557593E-03       0.16096384E-04       0.40365857E+00       0.84633091E-02       0.38886520E-03       0.30249419E-04       0.17894357E-01       0.79050740E-03       0.33234151E-04       0.53076502E-05       0.17899351E-01       0.79064068E-03       0.33238106E-04       0.53079548E-05
     -0.18282846E+02       0.29149321E+01       0.94705983E+00       0.00000000E+00       0.24720640E-02       0.47481208E-02       0.63664682E-02       0.10260643E-02       0.66257227E-03       0.18137601E-01       0.45322430E-02       0.24095737E-03       0.72331181E-01       0.26627445E-02       0.86100545E-04       0.13346931E-04       0.34465727E+00       0.72210871E-02       0.33148908E-03       0.25743062E-04       0.12362841E-01       0.58675923E-03       0.25712312E-04       0.41845271E-05       0.12366046E-01       0.58684088E-03       0.25714781E-04       0.41846992E-05
     -0.18179773E+02       0.23141118E+01       0.75179896E+00       0.00000000E+00       0.19401854E-02       0.38067158E-02       0.50413173E-02       0.82221943E-03       0.50987740E-03       0.14360396E-01       0.35926513E-02       0.19076385E-03       0.56998278E-01       0.20921777E-02       0.67417627E-04       0.10542917E-04       0.27663055E+00       0.57945643E-02       0.26576187E-03       0.20617113E-04       0.85692478E-02       0.42982281E-03       0.19410219E-04       0.31986328E-05       0.85712925E-02       0.42987243E-03       0.19411756E-04       0.31987273E-05
     -0.18076699E+02       0.17348803E+01       0.56354122E+00       0.00000000E+00       0.14345461E-02       0.28784829E-02       0.37664257E-02       0.62152129E-03       0.37184275E-03       0.10752509E-01       0.26919407E-02       0.14283385E-03       0.42606996E-01       0.15623518E-02       0.50262655E-04       0.78901321E-05       0.20868099E+00       0.43715559E-02       0.20031401E-03       0.15529207E-04       0.58708836E-02       0.30609684E-03       0.14111249E-04       0.23438141E-05       0.58721804E-02       0.30612689E-03       0.14112203E-04       0.23438651E-05
     -0.17973626E+02       0.12257047E+01       0.39807330E+00       0.00000000E+00       0.99803560E-03       0.20496168E-02       0.26504621E-02       0.44244616E-03       0.25613865E-03       0.75937622E-02       0.19019296E-02       0.10087548E-03       0.30096023E-01       0.11037460E-02       0.35489990E-04       0.55755530E-05       0.14794305E+00       0.30999554E-02       0.14191640E-03       0.10996802E-04       0.39153815E-02       0.20939023E-03       0.97879665E-05       0.16336430E-05       0.39161938E-02       0.20940831E-03       0.97885563E-05       0.16336704E-05
     -0.17870552E+02       0.81508754E+00       0.26466233E+00       0.00000000E+00       0.65289925E-03       0.13730205E-02       0.17550209E-02       0.29633347E-03       0.16631312E-03       0.50503803E-02       0.12652274E-02       0.67092051E-04       0.20041894E-01       0.73562045E-03       0.23655804E-04       0.37127443E-05       0.98562128E-01       0.20659696E-02       0.94493383E-04       0.73195839E-05       0.25106097E-02       0.13643708E-03       0.64382147E-05       0.10777665E-05       0.25111071E-02       0.13644779E-03       0.64385729E-05       0.10777811E-05
     -0.17767479E+02       0.50981761E+00       0.16550366E+00       0.00000000E+00       0.40147041E-03       0.86485737E-03       0.10928261E-02       0.18662584E-03       0.10166600E-03       0.31601619E-02       0.79180139E-03       0.41983910E-04       0.12565303E-01       0.46175250E-03       0.14855758E-04       0.23269520E-05       0.61704002E-01       0.12939217E-02       0.59126797E-04       0.45788242E-05       0.15343208E-02       0.84221584E-04       0.40007816E-05       0.67099213E-06       0.15346153E-02       0.84227767E-04       0.40009930E-05       0.67099990E-06
     -0.17664405E+02       0.29980309E+00       0.97304014E-01       0.00000000E+00       0.23199488E-03       0.51208275E-03       0.63969558E-03       0.11048163E-03       0.58465475E-04       0.18594191E-02       0.46592893E-03       0.24704935E-04       0.74107218E-02       0.27271499E-03       0.87796724E-05       0.13717040E-05       0.36298888E-01       0.76152901E-03       0.34766451E-04       0.26917542E-05       0.88860465E-03       0.49087246E-04       0.23433918E-05       0.39350873E-06       0.88877169E-03       0.49090684E-04       0.23435117E-05       0.39351279E-06
     -0.17561332E+02       0.16571475E+00       0.53772015E-01       0.00000000E+00       0.12597094E-03       0.28496064E-03       0.35193088E-03       0.61468215E-04       0.31615798E-04       0.10284649E-02       0.25772159E-03       0.13665766E-04       0.41095542E-02       0.15146143E-03       0.48797225E-05       0.76021166E-06       0.20065121E-01       0.42115792E-03       0.19209467E-04       0.14869942E-05       0.48598372E-03       0.26958112E-04       0.12920605E-05       0.21715755E-06       0.48607389E-03       0.26959940E-04       0.12921254E-05       0.21715962E-06
     -0.17458259E+02       0.86084736E-01       0.27926813E-01       0.00000000E+00       0.64268866E-04       0.14901554E-03       0.18194839E-03       0.32136731E-04       0.16072149E-04       0.53464265E-03       0.13397800E-03       0.71047795E-05       0.21421654E-02       0.79075128E-04       0.25496029E-05       0.39600728E-06       0.10422018E-01       0.21886338E-03       0.99733029E-05       0.77190009E-06       0.25045634E-03       0.13933660E-04       0.67006510E-06       0.11269608E-06       0.25050244E-03       0.13934583E-04       0.67009839E-06       0.11269709E-06
     -0.17355185E+02       0.42023435E-01       0.13629723E-01       0.00000000E+00       0.30807112E-04       0.73223626E-04       0.88391898E-04       0.15787399E-04       0.76795985E-05       0.26118557E-03       0.65451714E-04       0.34712252E-05       0.10494475E-02       0.38800076E-04       0.12520065E-05       0.19386576E-06       0.50864795E-02       0.10687161E-03       0.48654527E-05       0.37651320E-06       0.12147516E-03       0.67730900E-05       0.32669718E-06       0.54978835E-07       0.12149743E-03       0.67735302E-05       0.32671333E-06       0.54979309E-07
     -0.17252112E+02       0.19276643E-01       0.62506851E-02       0.00000000E+00       0.13874300E-04       0.33808395E-04       0.40348653E-04       0.72870950E-05       0.34486919E-05       0.11989843E-03       0.30045749E-04       0.15936666E-05       0.48313775E-03       0.17890553E-04       0.57774057E-06       0.89183983E-07       0.23325563E-02       0.49034886E-04       0.22302877E-05       0.17256707E-06       0.55404868E-04       0.30950234E-05       0.14970756E-06       0.25207839E-07       0.55414999E-04       0.30952217E-05       0.14971494E-06       0.25208050E-07
     -0.17149038E+02       0.83086000E-02       0.26935533E-02       0.00000000E+00       0.58705818E-05       0.14666892E-04       0.17305454E-04       0.31602150E-05       0.14554359E-05       0.51717106E-04       0.12959821E-04       0.68749959E-06       0.20900235E-03       0.77512999E-05       0.25049981E-06       0.38550632E-07       0.10050559E-02       0.21139483E-04       0.96060555E-06       0.74316711E-07       0.23752959E-04       0.13291792E-05       0.64467244E-07       0.10860986E-07       0.23757296E-04       0.13292633E-05       0.64470419E-07       0.10861074E-07
     -0.17045965E+02       0.33648466E-02       0.10906000E-02       0.00000000E+00       0.23337471E-05       0.59783979E-05       0.69736334E-05       0.12876036E-05       0.57719859E-06       0.20960041E-04       0.52523173E-05       0.27866871E-06       0.84951960E-04       0.31553778E-05       0.10204519E-06       0.15657033E-07       0.40689764E-03       0.85629348E-05       0.38874862E-06       0.30071708E-07       0.95684890E-05       0.53636069E-06       0.26084040E-07       0.43969090E-08       0.95702318E-05       0.53639410E-06       0.26085322E-07       0.43969438E-08
     -0.16942891E+02       0.12804327E-02       0.41491567E-03       0.00000000E+00       0.87162160E-06       0.22896562E-05       0.26404609E-05       0.49289779E-06       0.21513357E-06       0.79818914E-05       0.20001209E-05       0.10613634E-06       0.32446673E-04       0.12069658E-05       0.39060393E-07       0.59751437E-08       0.15477867E-03       0.32590037E-05       0.14781814E-06       0.11433250E-07       0.36245234E-05       0.20345126E-06       0.99186913E-08       0.16728316E-08       0.36251840E-05       0.20346380E-06       0.99191797E-08       0.16728446E-08
     -0.16839818E+02       0.45779724E-03       0.14831326E-03       0.00000000E+00       0.30584404E-06       0.82390730E-06       0.93932754E-06       0.17726192E-06       0.75349619E-07       0.28558703E-05       0.71561738E-06       0.37980728E-07       0.11643638E-04       0.43375211E-06       0.14046462E-07       0.21423995E-08       0.55317199E-04       0.11653906E-05       0.52809558E-07       0.40842321E-08       0.12899414E-05       0.72507854E-07       0.35436154E-08       0.59796540E-09       0.12901767E-05       0.72512281E-07       0.35437902E-08       0.59797000E-09
     -0.16736745E+02       0.15378277E-03       0.49810273E-04       0.00000000E+00       0.10082538E-06       0.27855283E-06       0.31395539E-06       0.59889241E-07       0.24799489E-07       0.96002474E-06       0.24055694E-06       0.12769636E-07       0.39257363E-05       0.14644756E-06       0.47454134E-08       0.72170080E-09       0.18574831E-04       0.39153874E-06       0.17726207E-07       0.13707958E-08       0.43133147E-06       0.24279014E-07       0.11894574E-08       0.20082316E-09       0.43141019E-06       0.24280481E-07       0.11895162E-08       0.20082469E-09
     -0.16633671E+02       0.48534783E-04       0.15716991E-04       0.00000000E+00       0.31227559E-07       0.88482597E-07       0.98589173E-07       0.19008482E-07       0.76699469E-08       0.30320026E-06       0.75973131E-07       0.40336880E-08       0.12435399E-05       0.46452311E-07       0.15060804E-08       0.22840712E-09       0.58599937E-05       0.12359081E-06       0.55902300E-08       0.43226377E-09       0.13551511E-06       0.76383429E-08       0.37511033E-09       0.63366573E-10       0.13553986E-06       0.76387996E-08       0.37512889E-09       0.63367047E-10
     -0.16530598E+02       0.14391363E-04       0.46593334E-05       0.00000000E+00       0.90866834E-08       0.26407720E-07       0.29086905E-07       0.56676293E-08       0.22290975E-08       0.89964536E-07       0.22542378E-07       0.11970903E-08       0.37008106E-06       0.13842282E-07       0.44903385E-09       0.67912316E-10       0.17368746E-05       0.36651942E-07       0.16563254E-08       0.12806491E-09       0.40005119E-07       0.22578276E-08       0.11114115E-09       0.18784943E-10       0.40012430E-07       0.22579612E-08       0.11114666E-09       0.18785082E-10
     -0.16427524E+02       0.40080932E-05       0.12973656E-05       0.00000000E+00       0.24815724E-08       0.74046127E-08       0.80595390E-08       0.15873288E-08       0.60793796E-09       0.25072545E-07       0.62824703E-08       0.33368644E-09       0.10344781E-06       0.38742751E-08       0.12574392E-09       0.18965558E-10       0.48352490E-06       0.10209162E-07       0.46093116E-09       0.35636265E-10       0.11096804E-07       0.62692867E-09       0.30932455E-10       0.52308012E-11       0.11098833E-07       0.62696538E-09       0.30933990E-10       0.52308393E-11
     -0.16324451E+02       0.10139835E-05       0.32795992E-06       0.00000000E+00       0.58381064E-09       0.19079477E-08       0.20130720E-08       0.40859001E-09       0.13894943E-09       0.63575367E-08       0.15934647E-08       0.84630108E-10       0.26425758E-07       0.99418806E-09       0.32361747E-10       0.48370853E-11       0.12217007E-06       0.25826685E-08       0.11630432E-09       0.89850498E-11       0.27951769E-08       0.15766294E-09       0.78364888E-11       0.13244282E-11       0.27956881E-08       0.15767199E-09       0.78368818E-11       0.13244374E-11
     -0.16221377E+02       0.13889186E-06       0.44726599E-07       0.00000000E+00       0.45147048E-10       0.29669299E-09       0.24040940E-09       0.62775006E-10       0.11613010E-10       0.88425060E-09       0.22116863E-09       0.11824418E-10       0.39291861E-08       0.15161060E-09       0.49699334E-11       0.70454047E-12       0.16599896E-07       0.35593646E-09       0.15686308E-10       0.12116192E-11       0.32330406E-09       0.19603622E-10       0.10355077E-11       0.17914320E-12       0.32336504E-09       0.19604343E-10       0.10355602E-11       0.17914399E-12
     -0.16118304E+02       0.59794462E-10       0.16156143E-10       0.00000000E+00       0.46581454E-13       0.11738147E-11       0.14644113E-12       0.16891099E-13       0.13509046E-13       0.15658015E-12       0.98416040E-13       0.60185436E-14       0.43177862E-11       0.92133311E-13       0.12303580E-14       0.24069041E-15       0.46599841E-12       0.30417371E-13       0.57405096E-15       0.89382434E-16       0.21194293E-11       0.45533428E-13       0.16280278E-14       0.15387171E-15       0.21197476E-11       0.45539764E-13       0.16280527E-14       0.15388608E-15
     -0.16015231E+02       0.15976143E-10       0.43115299E-11       0.00000000E+00       0.12424288E-13       0.31374807E-12       0.39106901E-13       0.45062362E-14       0.35343448E-14       0.41862057E-13       0.26299158E-13       0.16077540E-14       0.11538874E-11       0.24602985E-13       0.32735809E-15       0.64200576E-16       0.12148891E-12       0.80533808E-14       0.15212556E-15       0.23595818E-16       0.56827289E-12       0.12233390E-13       0.43461756E-15       0.41029030E-16       0.56835823E-12       0.12235099E-13       0.43462471E-15       0.41032889E-16
     -0.15912157E+02       0.35681081E-11       0.95559243E-12       0.00000000E+00       0.27159448E-14       0.69011017E-13       0.86955710E-14       0.99582165E-15       0.61534094E-15       0.94175145E-14       0.58829363E-14       0.35688706E-15       0.25500927E-12       0.54137949E-14       0.69199298E-16       0.13985091E-16       0.24865620E-13       0.17228648E-14       0.32915122E-16       0.48680058E-17       0.13089400E-12       0.28766473E-14       0.95172521E-16       0.89077161E-17       0.13091399E-12       0.28770671E-14       0.95175242E-16       0.89086050E-17
     -0.15809084E+02       0.00000000E+00       0.00000000E+00       0.00000000E+00       0.00000000E+00       0.00000000E+00       0.00000000E+00       0.00000000E+00       0.00000000E+00       0.00000000E+00       0.00000000E+00       0.00000000E+00       0.00000000E+00       0.00000000E+00       0.00000000E+00       0.00000000E+00       0.00000000E+00       0.00000000E+00       0.00000000E+00       0.00000000E+00       0.00000000E+00       0.00000000E+00       0.00000000E+00       0.00000000E+00       0.00000000E+00       0.00000000E+00       0.00000000E+00       0.00000000E+00
     -0.15706010E+02       0.00000000E+00       0.00000000E+00       0.00000000E+00       0.00000000E+00       0.00000000E+00       0.00000000E+00       0.00000000E+00       0.00000000E+00       0.00000000E+00       0.00000000E+00       0.00000000E+00       0.00000000E+00       0.00000000E+00       0.00000000E+00       0.00000000E+00       0.00000000E+00       0.00000000E+00       0.00000000E+00       0.00000000E+00       0.00000000E+00       0.00000000E+00       0.00000000E+00       0.00000000E+00       0.00000000E+00       0.00000000E+00       0.00000000E+00       0.00000000E+00
     -0.15602937E+02       0.00000000E+00       0.00000000E+00       0.00000000E+00       0.00000000E+00       0.00000000E+00       0.00000000E+00       0.00000000E+00       0.00000000E+00       0.00000000E+00       0.00000000E+00       0.00000000E+00       0.00000000E+00       0.00000000E+00       0.00000000E+00       0.00000000E+00       0.00000000E+00       0.00000000E+00       0.00000000E+00       0.00000000E+00       0.00000000E+00       0.00000000E+00       0.00000000E+00       0.00000000E+00       0.00000000E+00       0.00000000E+00       0.00000000E+00       0.00000000E+00
     -0.15499863E+02       0.00000000E+00       0.00000000E+00       0.00000000E+00       0.00000000E+00       0.00000000E+00       0.00000000E+00       0.00000000E+00       0.00000000E+00       0.00000000E+00       0.00000000E+00       0.00000000E+00       0.00000000E+00       0.00000000E+00       0.00000000E+00       0.00000000E+00       0.00000000E+00       0.00000000E+00       0.00000000E+00       0.00000000E+00       0.00000000E+00       0.00000000E+00       0.00000000E+00       0.00000000E+00       0.00000000E+00       0.00000000E+00       0.00000000E+00       0.00000000E+00
     -0.15396790E+02       0.00000000E+00       0.00000000E+00       0.00000000E+00       0.00000000E+00       0.00000000E+00       0.00000000E+00       0.00000000E+00       0.00000000E+00       0.00000000E+00       0.00000000E+00       0.00000000E+00       0.00000000E+00       0.00000000E+00       0.00000000E+00       0.00000000E+00       0.00000000E+00       0.00000000E+00       0.00000000E+00       0.00000000E+00       0.00000000E+00       0.00000000E+00       0.00000000E+00       0.00000000E+00       0.00000000E+00       0.00000000E+00       0.00000000E+00       0.00000000E+00
     -0.15293716E+02       0.00000000E+00       0.00000000E+00       0.00000000E+00       0.00000000E+00       0.00000000E+00       0.00000000E+00       0.00000000E+00       0.00000000E+00       0.00000000E+00       0.00000000E+00       0.00000000E+00       0.00000000E+00       0.00000000E+00       0.00000000E+00       0.00000000E+00       0.00000000E+00       0.00000000E+00       0.00000000E+00       0.00000000E+00       0.00000000E+00       0.00000000E+00       0.00000000E+00       0.00000000E+00       0.00000000E+00       0.00000000E+00       0.00000000E+00       0.00000000E+00
     -0.15190643E+02       0.00000000E+00       0.00000000E+00       0.00000000E+00       0.00000000E+00       0.00000000E+00       0.00000000E+00       0.00000000E+00       0.00000000E+00       0.00000000E+00       0.00000000E+00       0.00000000E+00       0.00000000E+00       0.00000000E+00       0.00000000E+00       0.00000000E+00       0.00000000E+00       0.00000000E+00       0.00000000E+00       0.00000000E+00       0.00000000E+00       0.00000000E+00       0.00000000E+00       0.00000000E+00       0.00000000E+00       0.00000000E+00       0.00000000E+00       0.00000000E+00
     -0.15087570E+02       0.00000000E+00       0.00000000E+00       0.00000000E+00       0.00000000E+00       0.00000000E+00       0.00000000E+00       0.00000000E+00       0.00000000E+00       0.00000000E+00       0.00000000E+00       0.00000000E+00       0.00000000E+00       0.00000000E+00       0.00000000E+00       0.00000000E+00       0.00000000E+00       0.00000000E+00       0.00000000E+00       0.00000000E+00       0.00000000E+00       0.00000000E+00       0.00000000E+00       0.00000000E+00       0.00000000E+00       0.00000000E+00       0.00000000E+00       0.00000000E+00
     -0.14984496E+02       0.00000000E+00       0.00000000E+00       0.00000000E+00       0.00000000E+00       0.00000000E+00       0.00000000E+00       0.00000000E+00       0.00000000E+00       0.00000000E+00       0.00000000E+00       0.00000000E+00       0.00000000E+00       0.00000000E+00       0.00000000E+00       0.00000000E+00       0.00000000E+00       0.00000000E+00       0.00000000E+00       0.00000000E+00       0.00000000E+00       0.00000000E+00       0.00000000E+00       0.00000000E+00       0.00000000E+00       0.00000000E+00       0.00000000E+00       0.00000000E+00
     -0.14881423E+02       0.00000000E+00       0.00000000E+00       0.00000000E+00       0.00000000E+00       0.00000000E+00       0.00000000E+00       0.00000000E+00       0.00000000E+00       0.00000000E+00       0.00000000E+00       0.00000000E+00       0.00000000E+00       0.00000000E+00       0.00000000E+00       0.00000000E+00       0.00000000E+00       0.00000000E+00       0.00000000E+00       0.00000000E+00       0.00000000E+00       0.00000000E+00       0.00000000E+00       0.00000000E+00       0.00000000E+00       0.00000000E+00       0.00000000E+00       0.00000000E+00
     -0.14778349E+02       0.00000000E+00       0.00000000E+00       0.00000000E+00       0.00000000E+00       0.00000000E+00       0.00000000E+00       0.00000000E+00       0.00000000E+00       0.00000000E+00       0.00000000E+00       0.00000000E+00       0.00000000E+00       0.00000000E+00       0.00000000E+00       0.00000000E+00       0.00000000E+00       0.00000000E+00       0.00000000E+00       0.00000000E+00       0.00000000E+00       0.00000000E+00       0.00000000E+00       0.00000000E+00       0.00000000E+00       0.00000000E+00       0.00000000E+00       0.00000000E+00
     -0.14675276E+02       0.00000000E+00       0.00000000E+00       0.00000000E+00       0.00000000E+00       0.00000000E+00       0.00000000E+00       0.00000000E+00       0.00000000E+00       0.00000000E+00       0.00000000E+00       0.00000000E+00       0.00000000E+00       0.00000000E+00       0.00000000E+00       0.00000000E+00       0.00000000E+00       0.00000000E+00       0.00000000E+00       0.00000000E+00       0.00000000E+00       0.00000000E+00       0.00000000E+00       0.00000000E+00       0.00000000E+00       0.00000000E+00       0.00000000E+00       0.00000000E+00
     -0.14572202E+02       0.00000000E+00       0.00000000E+00       0.00000000E+00       0.00000000E+00       0.00000000E+00       0.00000000E+00       0.00000000E+00       0.00000000E+00       0.00000000E+00       0.00000000E+00       0.00000000E+00       0.00000000E+00       0.00000000E+00       0.00000000E+00       0.00000000E+00       0.00000000E+00       0.00000000E+00       0.00000000E+00       0.00000000E+00       0.00000000E+00       0.00000000E+00       0.00000000E+00       0.00000000E+00       0.00000000E+00       0.00000000E+00       0.00000000E+00       0.00000000E+00
     -0.14469129E+02       0.00000000E+00       0.00000000E+00       0.00000000E+00       0.00000000E+00       0.00000000E+00       0.00000000E+00       0.00000000E+00       0.00000000E+00       0.00000000E+00       0.00000000E+00       0.00000000E+00       0.00000000E+00       0.00000000E+00       0.00000000E+00       0.00000000E+00       0.00000000E+00       0.00000000E+00       0.00000000E+00       0.00000000E+00       0.00000000E+00       0.00000000E+00       0.00000000E+00       0.00000000E+00       0.00000000E+00       0.00000000E+00       0.00000000E+00       0.00000000E+00
     -0.14366056E+02       0.00000000E+00       0.00000000E+00       0.00000000E+00       0.00000000E+00       0.00000000E+00       0.00000000E+00       0.00000000E+00       0.00000000E+00       0.00000000E+00       0.00000000E+00       0.00000000E+00       0.00000000E+00       0.00000000E+00       0.00000000E+00       0.00000000E+00       0.00000000E+00       0.00000000E+00       0.00000000E+00       0.00000000E+00       0.00000000E+00       0.00000000E+00       0.00000000E+00       0.00000000E+00       0.00000000E+00       0.00000000E+00       0.00000000E+00       0.00000000E+00
     -0.14262982E+02       0.00000000E+00       0.00000000E+00       0.00000000E+00       0.00000000E+00       0.00000000E+00       0.00000000E+00       0.00000000E+00       0.00000000E+00       0.00000000E+00       0.00000000E+00       0.00000000E+00       0.00000000E+00       0.00000000E+00       0.00000000E+00       0.00000000E+00       0.00000000E+00       0.00000000E+00       0.00000000E+00       0.00000000E+00       0.00000000E+00       0.00000000E+00       0.00000000E+00       0.00000000E+00       0.00000000E+00       0.00000000E+00       0.00000000E+00       0.00000000E+00
     -0.14159909E+02       0.00000000E+00       0.00000000E+00       0.00000000E+00       0.00000000E+00       0.00000000E+00       0.00000000E+00       0.00000000E+00       0.00000000E+00       0.00000000E+00       0.00000000E+00       0.00000000E+00       0.00000000E+00       0.00000000E+00       0.00000000E+00       0.00000000E+00       0.00000000E+00       0.00000000E+00       0.00000000E+00       0.00000000E+00       0.00000000E+00       0.00000000E+00       0.00000000E+00       0.00000000E+00       0.00000000E+00       0.00000000E+00       0.00000000E+00       0.00000000E+00
     -0.14056835E+02       0.00000000E+00       0.00000000E+00       0.00000000E+00       0.00000000E+00       0.00000000E+00       0.00000000E+00       0.00000000E+00       0.00000000E+00       0.00000000E+00       0.00000000E+00       0.00000000E+00       0.00000000E+00       0.00000000E+00       0.00000000E+00       0.00000000E+00       0.00000000E+00       0.00000000E+00       0.00000000E+00       0.00000000E+00       0.00000000E+00       0.00000000E+00       0.00000000E+00       0.00000000E+00       0.00000000E+00       0.00000000E+00       0.00000000E+00       0.00000000E+00
     -0.13953762E+02       0.00000000E+00       0.00000000E+00       0.00000000E+00       0.00000000E+00       0.00000000E+00       0.00000000E+00       0.00000000E+00       0.00000000E+00       0.00000000E+00       0.00000000E+00       0.00000000E+00       0.00000000E+00       0.00000000E+00       0.00000000E+00       0.00000000E+00       0.00000000E+00       0.00000000E+00       0.00000000E+00       0.00000000E+00       0.00000000E+00       0.00000000E+00       0.00000000E+00       0.00000000E+00       0.00000000E+00       0.00000000E+00       0.00000000E+00       0.00000000E+00
     -0.13850688E+02       0.00000000E+00       0.00000000E+00       0.00000000E+00       0.00000000E+00       0.00000000E+00       0.00000000E+00       0.00000000E+00       0.00000000E+00       0.00000000E+00       0.00000000E+00       0.00000000E+00       0.00000000E+00       0.00000000E+00       0.00000000E+00       0.00000000E+00       0.00000000E+00       0.00000000E+00       0.00000000E+00       0.00000000E+00       0.00000000E+00       0.00000000E+00       0.00000000E+00       0.00000000E+00       0.00000000E+00       0.00000000E+00       0.00000000E+00       0.00000000E+00
     -0.13747615E+02       0.00000000E+00       0.00000000E+00       0.00000000E+00       0.00000000E+00       0.00000000E+00       0.00000000E+00       0.00000000E+00       0.00000000E+00       0.00000000E+00       0.00000000E+00       0.00000000E+00       0.00000000E+00       0.00000000E+00       0.00000000E+00       0.00000000E+00       0.00000000E+00       0.00000000E+00       0.00000000E+00       0.00000000E+00       0.00000000E+00       0.00000000E+00       0.00000000E+00       0.00000000E+00       0.00000000E+00       0.00000000E+00       0.00000000E+00       0.00000000E+00
     -0.13644542E+02       0.00000000E+00       0.00000000E+00       0.00000000E+00       0.00000000E+00       0.00000000E+00       0.00000000E+00       0.00000000E+00       0.00000000E+00       0.00000000E+00       0.00000000E+00       0.00000000E+00       0.00000000E+00       0.00000000E+00       0.00000000E+00       0.00000000E+00       0.00000000E+00       0.00000000E+00       0.00000000E+00       0.00000000E+00       0.00000000E+00       0.00000000E+00       0.00000000E+00       0.00000000E+00       0.00000000E+00       0.00000000E+00       0.00000000E+00       0.00000000E+00
     -0.13541468E+02       0.00000000E+00       0.00000000E+00       0.00000000E+00       0.00000000E+00       0.00000000E+00       0.00000000E+00       0.00000000E+00       0.00000000E+00       0.00000000E+00       0.00000000E+00       0.00000000E+00       0.00000000E+00       0.00000000E+00       0.00000000E+00       0.00000000E+00       0.00000000E+00       0.00000000E+00       0.00000000E+00       0.00000000E+00       0.00000000E+00       0.00000000E+00       0.00000000E+00       0.00000000E+00       0.00000000E+00       0.00000000E+00       0.00000000E+00       0.00000000E+00
     -0.13438395E+02       0.00000000E+00       0.00000000E+00       0.00000000E+00       0.00000000E+00       0.00000000E+00       0.00000000E+00       0.00000000E+00       0.00000000E+00       0.00000000E+00       0.00000000E+00       0.00000000E+00       0.00000000E+00       0.00000000E+00       0.00000000E+00       0.00000000E+00       0.00000000E+00       0.00000000E+00       0.00000000E+00       0.00000000E+00       0.00000000E+00       0.00000000E+00       0.00000000E+00       0.00000000E+00       0.00000000E+00       0.00000000E+00       0.00000000E+00       0.00000000E+00
     -0.13335321E+02       0.00000000E+00       0.00000000E+00       0.00000000E+00       0.00000000E+00       0.00000000E+00       0.00000000E+00       0.00000000E+00       0.00000000E+00       0.00000000E+00       0.00000000E+00       0.00000000E+00       0.00000000E+00       0.00000000E+00       0.00000000E+00       0.00000000E+00       0.00000000E+00       0.00000000E+00       0.00000000E+00       0.00000000E+00       0.00000000E+00       0.00000000E+00       0.00000000E+00       0.00000000E+00       0.00000000E+00       0.00000000E+00       0.00000000E+00       0.00000000E+00
     -0.13232248E+02       0.00000000E+00       0.00000000E+00       0.00000000E+00       0.00000000E+00       0.00000000E+00       0.00000000E+00       0.00000000E+00       0.00000000E+00       0.00000000E+00       0.00000000E+00       0.00000000E+00       0.00000000E+00       0.00000000E+00       0.00000000E+00       0.00000000E+00       0.00000000E+00       0.00000000E+00       0.00000000E+00       0.00000000E+00       0.00000000E+00       0.00000000E+00       0.00000000E+00       0.00000000E+00       0.00000000E+00       0.00000000E+00       0.00000000E+00       0.00000000E+00
     -0.13129174E+02       0.00000000E+00       0.00000000E+00       0.00000000E+00       0.00000000E+00       0.00000000E+00       0.00000000E+00       0.00000000E+00       0.00000000E+00       0.00000000E+00       0.00000000E+00       0.00000000E+00       0.00000000E+00       0.00000000E+00       0.00000000E+00       0.00000000E+00       0.00000000E+00       0.00000000E+00       0.00000000E+00       0.00000000E+00       0.00000000E+00       0.00000000E+00       0.00000000E+00       0.00000000E+00       0.00000000E+00       0.00000000E+00       0.00000000E+00       0.00000000E+00
     -0.13026101E+02       0.00000000E+00       0.00000000E+00       0.00000000E+00       0.00000000E+00       0.00000000E+00       0.00000000E+00       0.00000000E+00       0.00000000E+00       0.00000000E+00       0.00000000E+00       0.00000000E+00       0.00000000E+00       0.00000000E+00       0.00000000E+00       0.00000000E+00       0.00000000E+00       0.00000000E+00       0.00000000E+00       0.00000000E+00       0.00000000E+00       0.00000000E+00       0.00000000E+00       0.00000000E+00       0.00000000E+00       0.00000000E+00       0.00000000E+00       0.00000000E+00
     -0.12923028E+02       0.00000000E+00       0.00000000E+00       0.00000000E+00       0.00000000E+00       0.00000000E+00       0.00000000E+00       0.00000000E+00       0.00000000E+00       0.00000000E+00       0.00000000E+00       0.00000000E+00       0.00000000E+00       0.00000000E+00       0.00000000E+00       0.00000000E+00       0.00000000E+00       0.00000000E+00       0.00000000E+00       0.00000000E+00       0.00000000E+00       0.00000000E+00       0.00000000E+00       0.00000000E+00       0.00000000E+00       0.00000000E+00       0.00000000E+00       0.00000000E+00
     -0.12819954E+02       0.00000000E+00       0.00000000E+00       0.00000000E+00       0.00000000E+00       0.00000000E+00       0.00000000E+00       0.00000000E+00       0.00000000E+00       0.00000000E+00       0.00000000E+00       0.00000000E+00       0.00000000E+00       0.00000000E+00       0.00000000E+00       0.00000000E+00       0.00000000E+00       0.00000000E+00       0.00000000E+00       0.00000000E+00       0.00000000E+00       0.00000000E+00       0.00000000E+00       0.00000000E+00       0.00000000E+00       0.00000000E+00       0.00000000E+00       0.00000000E+00
     -0.12716881E+02       0.00000000E+00       0.00000000E+00       0.00000000E+00       0.00000000E+00       0.00000000E+00       0.00000000E+00       0.00000000E+00       0.00000000E+00       0.00000000E+00       0.00000000E+00       0.00000000E+00       0.00000000E+00       0.00000000E+00       0.00000000E+00       0.00000000E+00       0.00000000E+00       0.00000000E+00       0.00000000E+00       0.00000000E+00       0.00000000E+00       0.00000000E+00       0.00000000E+00       0.00000000E+00       0.00000000E+00       0.00000000E+00       0.00000000E+00       0.00000000E+00
     -0.12613807E+02       0.00000000E+00       0.00000000E+00       0.00000000E+00       0.00000000E+00       0.00000000E+00       0.00000000E+00       0.00000000E+00       0.00000000E+00       0.00000000E+00       0.00000000E+00       0.00000000E+00       0.00000000E+00       0.00000000E+00       0.00000000E+00       0.00000000E+00       0.00000000E+00       0.00000000E+00       0.00000000E+00       0.00000000E+00       0.00000000E+00       0.00000000E+00       0.00000000E+00       0.00000000E+00       0.00000000E+00       0.00000000E+00       0.00000000E+00       0.00000000E+00
     -0.12510734E+02       0.00000000E+00       0.00000000E+00       0.00000000E+00       0.00000000E+00       0.00000000E+00       0.00000000E+00       0.00000000E+00       0.00000000E+00       0.00000000E+00       0.00000000E+00       0.00000000E+00       0.00000000E+00       0.00000000E+00       0.00000000E+00       0.00000000E+00       0.00000000E+00       0.00000000E+00       0.00000000E+00       0.00000000E+00       0.00000000E+00       0.00000000E+00       0.00000000E+00       0.00000000E+00       0.00000000E+00       0.00000000E+00       0.00000000E+00       0.00000000E+00
     -0.12407660E+02       0.00000000E+00       0.00000000E+00       0.00000000E+00       0.00000000E+00       0.00000000E+00       0.00000000E+00       0.00000000E+00       0.00000000E+00       0.00000000E+00       0.00000000E+00       0.00000000E+00       0.00000000E+00       0.00000000E+00       0.00000000E+00       0.00000000E+00       0.00000000E+00       0.00000000E+00       0.00000000E+00       0.00000000E+00       0.00000000E+00       0.00000000E+00       0.00000000E+00       0.00000000E+00       0.00000000E+00       0.00000000E+00       0.00000000E+00       0.00000000E+00
     -0.12304587E+02       0.00000000E+00       0.00000000E+00       0.00000000E+00       0.00000000E+00       0.00000000E+00       0.00000000E+00       0.00000000E+00       0.00000000E+00       0.00000000E+00       0.00000000E+00       0.00000000E+00       0.00000000E+00       0.00000000E+00       0.00000000E+00       0.00000000E+00       0.00000000E+00       0.00000000E+00       0.00000000E+00       0.00000000E+00       0.00000000E+00       0.00000000E+00       0.00000000E+00       0.00000000E+00       0.00000000E+00       0.00000000E+00       0.00000000E+00       0.00000000E+00
     -0.12201513E+02       0.00000000E+00       0.00000000E+00       0.00000000E+00       0.00000000E+00       0.00000000E+00       0.00000000E+00       0.00000000E+00       0.00000000E+00       0.00000000E+00       0.00000000E+00       0.00000000E+00       0.00000000E+00       0.00000000E+00       0.00000000E+00       0.00000000E+00       0.00000000E+00       0.00000000E+00       0.00000000E+00       0.00000000E+00       0.00000000E+00       0.00000000E+00       0.00000000E+00       0.00000000E+00       0.00000000E+00       0.00000000E+00       0.00000000E+00       0.00000000E+00
     -0.12098440E+02       0.00000000E+00       0.00000000E+00       0.00000000E+00       0.00000000E+00       0.00000000E+00       0.00000000E+00       0.00000000E+00       0.00000000E+00       0.00000000E+00       0.00000000E+00       0.00000000E+00       0.00000000E+00       0.00000000E+00       0.00000000E+00       0.00000000E+00       0.00000000E+00       0.00000000E+00       0.00000000E+00       0.00000000E+00       0.00000000E+00       0.00000000E+00       0.00000000E+00       0.00000000E+00       0.00000000E+00       0.00000000E+00       0.00000000E+00       0.00000000E+00
     -0.11995367E+02       0.00000000E+00       0.00000000E+00       0.00000000E+00       0.00000000E+00       0.00000000E+00       0.00000000E+00       0.00000000E+00       0.00000000E+00       0.00000000E+00       0.00000000E+00       0.00000000E+00       0.00000000E+00       0.00000000E+00       0.00000000E+00       0.00000000E+00       0.00000000E+00       0.00000000E+00       0.00000000E+00       0.00000000E+00       0.00000000E+00       0.00000000E+00       0.00000000E+00       0.00000000E+00       0.00000000E+00       0.00000000E+00       0.00000000E+00       0.00000000E+00
     -0.11892293E+02       0.41850593E-08       0.16922322E-08       0.00000000E+00       0.70333976E-10       0.19459097E-11       0.28742176E-10       0.39643976E-12       0.11621247E-09       0.12951889E-11       0.35055728E-12       0.28838245E-12       0.17201979E-10       0.69873253E-10       0.56992456E-12       0.36276974E-13       0.29986503E-10       0.79254220E-10       0.35414622E-12       0.42668972E-13       0.22461549E-10       0.78918557E-10       0.64946728E-12       0.38755283E-13       0.22462126E-10       0.78907810E-10       0.64941340E-12       0.38753250E-13
     -0.11789220E+02       0.37424881E-07       0.15048791E-07       0.00000000E+00       0.59723657E-09       0.27753628E-10       0.27770693E-09       0.47682942E-11       0.10303970E-08       0.12909062E-10       0.36822931E-11       0.24755262E-11       0.16106266E-09       0.61827746E-09       0.49642368E-11       0.31488292E-12       0.26747080E-09       0.70120030E-09       0.31761112E-11       0.39820407E-12       0.21137129E-09       0.71317849E-09       0.57469247E-11       0.35434155E-12       0.21137726E-09       0.71307901E-09       0.57464282E-11       0.35432035E-12
     -0.11686146E+02       0.18533251E-06       0.74149124E-07       0.00000000E+00       0.28398153E-08       0.16349834E-09       0.15085441E-08       0.26280665E-10       0.50722591E-08       0.66375052E-10       0.19238593E-10       0.11932258E-10       0.82781310E-09       0.30591626E-08       0.24200925E-10       0.15655507E-11       0.13195804E-08       0.34704253E-08       0.15784324E-10       0.19956970E-11       0.10791903E-08       0.35287498E-08       0.28112365E-10       0.17550568E-11       0.10792274E-08       0.35282429E-08       0.28109821E-10       0.17549422E-11
     -0.11583073E+02       0.71065048E-06       0.28381463E-06       0.00000000E+00       0.10733119E-07       0.66056829E-09       0.59704666E-08       0.10501457E-09       0.19398660E-07       0.25855562E-09       0.75285432E-10       0.45244491E-10       0.32052334E-08       0.11714937E-07       0.92169957E-10       0.60078957E-11       0.50525680E-08       0.13297959E-07       0.60555460E-10       0.76789190E-11       0.41914117E-08       0.13532500E-07       0.10722335E-09       0.67236701E-11       0.41915615E-08       0.13530538E-07       0.10721352E-09       0.67232201E-11
     -0.11479999E+02       0.25629557E-05       0.10213913E-05       0.00000000E+00       0.38001348E-07       0.25454562E-08       0.22278886E-07       0.40098143E-09       0.69768358E-07       0.95258546E-09       0.27632419E-09       0.16112695E-09       0.11716572E-07       0.42171793E-07       0.32985678E-09       0.21705177E-10       0.18197016E-07       0.47890229E-07       0.21843971E-09       0.27769318E-10       0.15338342E-07       0.48845420E-07       0.38474135E-09       0.24238294E-10       0.15338901E-07       0.48838281E-07       0.38470561E-09       0.24236640E-10
     -0.11376926E+02       0.85758190E-05       0.34112287E-05       0.00000000E+00       0.12512296E-06       0.89547576E-08       0.76822426E-07       0.14013972E-08       0.23293125E-06       0.32354390E-08       0.93462316E-09       0.53341113E-09       0.39631513E-07       0.14091058E-06       0.10968710E-08       0.72752228E-10       0.60820920E-07       0.16007138E-06       0.73106787E-09       0.93166886E-10       0.51952195E-07       0.16350710E-06       0.12817389E-08       0.81052870E-10       0.51954091E-07       0.16348311E-06       0.12816189E-08       0.81047275E-10
     -0.11273853E+02       0.26898157E-04       0.10681410E-04       0.00000000E+00       0.38645725E-06       0.29415548E-07       0.24747219E-06       0.45635157E-08       0.72917917E-06       0.10278790E-07       0.29549853E-08       0.16570294E-08       0.12559050E-06       0.44128471E-06       0.34207358E-08       0.22841749E-09       0.19063518E-06       0.50151097E-06       0.22928562E-08       0.29292890E-09       0.16466712E-06       0.51310903E-06       0.40052054E-08       0.25413721E-09       0.16467317E-06       0.51303344E-06       0.40048274E-08       0.25411947E-09
     -0.11170779E+02       0.79391603E-04       0.31477128E-04       0.00000000E+00       0.11241663E-05       0.90511116E-07       0.74812744E-06       0.13961195E-07       0.21481637E-05       0.30734066E-07       0.87952592E-08       0.48455161E-08       0.37428787E-06       0.13005286E-05       0.10040256E-07       0.67486900E-09       0.56220546E-06       0.14788414E-05       0.67679485E-08       0.86656065E-09       0.49092950E-06       0.15152235E-05       0.11778780E-07       0.74984557E-09       0.49094762E-06       0.15149993E-05       0.11777660E-07       0.74979265E-09
     -0.11067706E+02       0.22114442E-03       0.87531613E-04       0.00000000E+00       0.30826849E-05       0.26291324E-06       0.21364801E-05       0.40334970E-07       0.59717708E-05       0.86753502E-07       0.24708523E-07       0.13363755E-07       0.10530567E-05       0.36169467E-05       0.27802784E-07       0.18821453E-08       0.15646575E-05       0.41148842E-05       0.18852335E-07       0.24191084E-08       0.13820191E-05       0.42229089E-05       0.32683594E-07       0.20877438E-08       0.13820703E-05       0.42222817E-05       0.32680460E-07       0.20875948E-08
     -0.10964632E+02       0.58211899E-03       0.22998197E-03       0.00000000E+00       0.79730278E-05       0.72324657E-06       0.57770578E-05       0.11039890E-06       0.15685330E-04       0.23164719E-06       0.65575473E-07       0.34792873E-07       0.28023151E-05       0.95040082E-05       0.72710863E-07       0.49615753E-08       0.41148301E-05       0.10818683E-04       0.49622302E-07       0.63820740E-08       0.36799873E-05       0.11122620E-04       0.85670835E-07       0.54923402E-08       0.36801239E-05       0.11120961E-04       0.85662554E-07       0.54919441E-08
     -0.10861559E+02       0.14492979E-02       0.57140576E-03       0.00000000E+00       0.19458222E-04       0.18867485E-05       0.14807235E-04       0.28660359E-06       0.38958966E-04       0.58567305E-06       0.16451954E-06       0.85571145E-07       0.70604804E-05       0.23613711E-04       0.17972689E-06       0.12373571E-07       0.10234845E-04       0.26898758E-04       0.12352482E-06       0.15925778E-07       0.92777330E-05       0.27710930E-04       0.21231215E-06       0.13664385E-07       0.92780769E-05       0.27706780E-04       0.21229145E-06       0.13663389E-07
     -0.10758485E+02       0.34158905E-02       0.13436900E-02       0.00000000E+00       0.44831285E-04       0.46727863E-05       0.36007900E-04       0.70664426E-06       0.91586014E-04       0.14035122E-05       0.39043688E-06       0.19895739E-06       0.16859889E-04       0.55523047E-04       0.42022009E-06       0.29218519E-07       0.24098782E-04       0.63299876E-04       0.29105538E-06       0.37623444E-07       0.22168488E-04       0.65366002E-04       0.49789772E-06       0.32178942E-07       0.22169305E-04       0.65356175E-04       0.49784878E-06       0.32176574E-07
     -0.10655412E+02       0.76285275E-02       0.29932404E-02       0.00000000E+00       0.97562700E-04       0.10995963E-04       0.83144647E-04       0.16561814E-05       0.20396111E-03       0.31908708E-05       0.87703417E-06       0.43764978E-06       0.38194271E-04       0.12365173E-03       0.93014603E-06       0.65386446E-07       0.53763521E-04       0.14111208E-03       0.64971138E-06       0.84221877E-07       0.50249443E-04       0.14612070E-03       0.11059085E-05       0.71795706E-07       0.50251273E-04       0.14609866E-03       0.11057988E-05       0.71790376E-07
     -0.10552339E+02       0.16157665E-01       0.63223654E-02       0.00000000E+00       0.20065702E-03       0.24604531E-04       0.18243815E-03       0.36928286E-05       0.43069954E-03       0.68886946E-05       0.18659228E-05       0.91158229E-06       0.82166141E-04       0.26105415E-03       0.19508447E-05       0.13879557E-06       0.11375617E-03       0.29827365E-03       0.13752708E-05       0.17881664E-06       0.10815183E-03       0.30985219E-03       0.23287907E-05       0.15191153E-06       0.10815571E-03       0.30980529E-03       0.23285578E-05       0.15190016E-06
     -0.10449265E+02       0.32489158E-01       0.12674606E-01       0.00000000E+00       0.39025717E-03       0.52384497E-04       0.38065755E-03       0.78391017E-05       0.86325126E-03       0.14134875E-04       0.37623456E-05       0.17995430E-05       0.16801974E-03       0.52295052E-03       0.38805846E-05       0.27971514E-06       0.22849874E-03       0.59836302E-03       0.27630514E-05       0.36043228E-06       0.22122836E-03       0.62390093E-03       0.46538513E-05       0.30512938E-06       0.22123610E-03       0.62380624E-03       0.46533819E-05       0.30510638E-06
     -0.10346192E+02       0.62078040E-01       0.24139540E-01       0.00000000E+00       0.71819557E-03       0.10617358E-03       0.75566336E-03       0.15851957E-04       0.16438591E-02       0.27589377E-04       0.71941128E-05       0.33700727E-05       0.32688735E-03       0.99491138E-03       0.73280586E-05       0.53566227E-06       0.43615236E-03       0.11403077E-02       0.52738841E-05       0.69037007E-06       0.43045038E-03       0.11940641E-02       0.88351116E-05       0.58239239E-06       0.43046497E-03       0.11938825E-02       0.88342132E-05       0.58234826E-06
     -0.10243118E+02       0.11281726E+00       0.43719180E-01       0.00000000E+00       0.12514272E-02       0.20492968E-03       0.14278012E-02       0.30548778E-04       0.29769487E-02       0.51264114E-04       0.13052572E-04       0.59930627E-05       0.60556568E-03       0.17992015E-02       0.13149456E-04       0.97556322E-06       0.79184867E-03       0.20662268E-02       0.95720207E-05       0.12576779E-05       0.79727745E-03       0.21742221E-02       0.15950292E-04       0.10573255E-05       0.79730342E-03       0.21738909E-02       0.15948657E-04       0.10572451E-05
     -0.10140045E+02       0.19516963E+00       0.75359997E-01       0.00000000E+00       0.20659309E-02       0.37673876E-03       0.25683084E-02       0.56118982E-04       0.51314524E-02       0.90735811E-04       0.22482001E-04       0.10129955E-04       0.10689168E-02       0.30952230E-02       0.22441031E-04       0.16909061E-05       0.13685508E-02       0.35627837E-02       0.16533485E-04       0.21808793E-05       0.14066002E-02       0.37698142E-02       0.27409213E-04       0.18274828E-05       0.14066439E-02       0.37692396E-02       0.27406384E-04       0.18273435E-05
     -0.10036971E+02       0.32162859E+00       0.12372679E+00       0.00000000E+00       0.32332787E-02       0.65965823E-03       0.43982789E-02       0.98280335E-04       0.84256609E-02       0.15305364E-03       0.36777280E-04       0.16289615E-04       0.17987231E-02       0.50689400E-02       0.36454010E-04       0.27908367E-05       0.22532128E-02       0.58500780E-02       0.27196829E-04       0.36020953E-05       0.23648684E-02       0.62286706E-02       0.44870975E-04       0.30094575E-05       0.23649377E-02       0.62277213E-02       0.44866314E-04       0.30092279E-05
     -0.99338980E+01       0.50517222E+00       0.19359920E+00       0.00000000E+00       0.48000257E-02       0.10999350E-02       0.71699369E-02       0.16407029E-03       0.13186452E-01       0.24611606E-03       0.57157928E-04       0.24941105E-04       0.28863893E-02       0.79065798E-02       0.56404276E-04       0.43881391E-05       0.35359016E-02       0.91523561E-02       0.42628984E-04       0.56696112E-05       0.37900111E-02       0.98124622E-02       0.70029647E-04       0.47248022E-05       0.37901148E-02       0.98109680E-02       0.70022333E-04       0.47244420E-05
     -0.98308245E+01       0.75652472E+00       0.28883229E+00       0.00000000E+00       0.67631998E-02       0.17460265E-02       0.11122925E-01       0.26103816E-03       0.19678779E-01       0.37733451E-03       0.84417089E-04       0.36385149E-04       0.44173217E-02       0.11750773E-01       0.83170815E-04       0.65744533E-05       0.52905868E-02       0.13647823E-01       0.63692490E-04       0.85065917E-05       0.57904633E-02       0.14744599E-01       0.10424950E-03       0.70750328E-05       0.57906098E-02       0.14742357E-01       0.10423856E-03       0.70744949E-05
     -0.97277511E+01       0.10803817E+01       0.41095280E+00       0.00000000E+00       0.90485244E-02       0.26374859E-02       0.16413993E-01       0.39567903E-03       0.28010051E-01       0.55156569E-03       0.11849637E-03       0.50602199E-04       0.64466576E-02       0.16643030E-01       0.11691544E-03       0.93863331E-05       0.75486992E-02       0.19401242E-01       0.90729923E-04       0.12167603E-04       0.84331889E-02       0.21136733E-01       0.14807491E-03       0.10107029E-04       0.84333840E-02       0.21133527E-01       0.14805931E-03       0.10106264E-04
     -0.96246777E+01       0.14712644E+01       0.55764787E+00       0.00000000E+00       0.11500034E-01       0.37894175E-02       0.23029410E-01       0.57116793E-03       0.38026619E-01       0.76859302E-03       0.15809835E-03       0.67112950E-04       0.89694157E-02       0.22464261E-01       0.15670496E-03       0.12768503E-04       0.10270127E-01       0.26292099E-01       0.12322382E-03       0.16590558E-04       0.11705120E-01       0.28905807E-01       0.20070263E-03       0.13774683E-04       0.11705365E-01       0.28901435E-01       0.20068142E-03       0.13773646E-04
     -0.95216042E+01       0.19102012E+01       0.72159159E+00       0.00000000E+00       0.13888858E-01       0.51756758E-02       0.30703296E-01       0.78479824E-03       0.49232450E-01       0.10208334E-02       0.20049143E-03       0.84900194E-04       0.11892400E-01       0.28892415E-01       0.20025954E-03       0.16545530E-04       0.13320067E-01       0.33960115E-01       0.15953312E-03       0.21558034E-04       0.15477889E-01       0.37704322E-01       0.25956765E-03       0.17907518E-04       0.15478178E-01       0.37698637E-01       0.25954015E-03       0.17906179E-04
     -0.94185308E+01       0.23637365E+01       0.89015312E+00       0.00000000E+00       0.15944461E-01       0.67164231E-02       0.38875519E-01       0.10258977E-02       0.60767011E-01       0.12922605E-02       0.24165507E-03       0.10244082E-03       0.15018586E-01       0.35399272E-01       0.24396362E-03       0.20415593E-04       0.16462285E-01       0.41794344E-01       0.19682924E-03       0.26685555E-04       0.19489768E-01       0.46893435E-01       0.32022860E-03       0.22199917E-04       0.19490087E-01       0.46886389E-01       0.32019462E-03       0.22198268E-04
     -0.93154574E+01       0.27865646E+01       0.10464434E+01       0.00000000E+00       0.17404449E-01       0.82766861E-02       0.46722486E-01       0.12752012E-02       0.71473561E-01       0.15596585E-02       0.27683923E-03       0.11787754E-03       0.18054947E-01       0.41303279E-01       0.28323702E-03       0.23977548E-04       0.19377813E-01       0.48987088E-01       0.23133350E-03       0.31452012E-04       0.23358444E-01       0.55586027E-01       0.37671198E-03       0.26233175E-04       0.23358776E-01       0.55577703E-01       0.37667194E-03       0.26231240E-04
     -0.92123839E+01       0.31282224E+01       0.11718360E+01       0.00000000E+00       0.18071721E-01       0.96808651E-02       0.53277433E-01       0.15065074E-02       0.80067108E-01       0.17970522E-02       0.30148095E-03       0.12932176E-03       0.20649937E-01       0.45880765E-01       0.31326870E-03       0.26794024E-04       0.21711924E-01       0.54657448E-01       0.25888321E-03       0.35277118E-04       0.26631586E-01       0.62771483E-01       0.42236789E-03       0.29535186E-04       0.26631907E-01       0.62762113E-01       0.42232294E-03       0.29533023E-04
     -0.91093105E+01       0.33429151E+01       0.12496023E+01       0.00000000E+00       0.17863582E-01       0.10743456E-01       0.57626538E-01       0.16908501E-02       0.85377037E-01       0.19835800E-02       0.31228178E-03       0.13523152E-03       0.22457445E-01       0.48517449E-01       0.32998656E-03       0.28480637E-04       0.23142377E-01       0.58024839E-01       0.27574052E-03       0.37634505E-04       0.28869855E-01       0.67507881E-01       0.45112179E-03       0.31670410E-04       0.28870143E-01       0.67497832E-01       0.45107374E-03       0.31668106E-04
     -0.90062371E+01       0.34001718E+01       0.12688109E+01       0.00000000E+00       0.16838684E-01       0.11309906E-01       0.59134360E-01       0.18025102E-02       0.86605227E-01       0.21142963E-02       0.30816471E-03       0.13477047E-03       0.23213053E-01       0.48863776E-01       0.33102360E-03       0.28799493E-04       0.23452050E-01       0.58589421E-01       0.27944794E-03       0.38172790E-04       0.29743264E-01       0.69139187E-01       0.45883387E-03       0.32339935E-04       0.29743500E-01       0.69128913E-01       0.45878497E-03       0.32337598E-04
     -0.89031636E+01       0.32932980E+01       0.12273874E+01       0.00000000E+00       0.15194404E-01       0.11296289E-01       0.57633438E-01       0.18253274E-02       0.83522691E-01       0.22127091E-02       0.29084859E-03       0.12804356E-03       0.22800716E-01       0.46950522E-01       0.31640064E-03       0.27729986E-04       0.22584052E-01       0.56265863E-01       0.26948120E-03       0.36808636E-04       0.29112841E-01       0.67477853E-01       0.44438142E-03       0.31463881E-04       0.29113014E-01       0.67467827E-01       0.44433407E-03       0.31461620E-04
     -0.88000902E+01       0.30429683E+01       0.11333768E+01       0.00000000E+00       0.13236541E-01       0.10715165E-01       0.53519801E-01       0.17573696E-02       0.76538558E-01       0.23433434E-02       0.26490068E-03       0.11613427E-03       0.21288165E-01       0.43230241E-01       0.28871106E-03       0.25494972E-04       0.20660565E-01       0.51426705E-01       0.24748934E-03       0.33761201E-04       0.27070801E-01       0.62896887E-01       0.41012113E-03       0.29220605E-04       0.27070908E-01       0.62887511E-01       0.41007751E-03       0.29218516E-04
     -0.86970168E+01       0.26947531E+01       0.10039837E+01       0.00000000E+00       0.11330863E-01       0.96788207E-02       0.47727988E-01       0.16123496E-02       0.66614041E-01       0.26221359E-02       0.23729371E-03       0.10092661E-03       0.18918364E-01       0.38532609E-01       0.25274561E-03       0.22534495E-04       0.17957971E-01       0.44840079E-01       0.21703858E-03       0.29515850E-04       0.23924701E-01       0.56300896E-01       0.36156919E-03       0.26029510E-04       0.23924742E-01       0.56292423E-01       0.36153099E-03       0.26027658E-04
     -0.85939433E+01       0.23113081E+01       0.86265836E+00       0.00000000E+00       0.98485567E-02       0.83786872E-02       0.41600616E-01       0.14171842E-02       0.55046288E-01       0.32217523E-02       0.21662407E-03       0.84762109E-04       0.16059041E-01       0.33947194E-01       0.21467289E-03       0.19436028E-04       0.14845726E-01       0.37522121E-01       0.18293837E-03       0.24729081E-04       0.20129885E-01       0.48982872E-01       0.30638902E-03       0.22481756E-04       0.20129862E-01       0.48975345E-01       0.30635718E-03       0.22480167E-04
     -0.84908699E+01       0.19614981E+01       0.73506172E+00       0.00000000E+00       0.91147995E-02       0.70476688E-02       0.36697224E-01       0.12063635E-02       0.43190136E-01       0.43678915E-02       0.21217710E-03       0.70026366E-04       0.13126141E-01       0.30663659E-01       0.18101262E-03       0.16841814E-04       0.11708426E-01       0.30550944E-01       0.15035393E-03       0.20105461E-04       0.16191658E-01       0.42406096E-01       0.25298891E-03       0.19238207E-04       0.16191573E-01       0.42399327E-01       0.25296361E-03       0.19236867E-04
     -0.83877965E+01       0.17092612E+01       0.64492671E+00       0.00000000E+00       0.93643152E-02       0.59168109E-02       0.34590732E-01       0.10147980E-02       0.32201386E-01       0.63220399E-02       0.23296625E-03       0.58766987E-04       0.10504061E-01       0.29800665E-01       0.15765665E-03       0.15355516E-04       0.88743976E-02       0.24895274E-01       0.12394652E-03       0.16282728E-04       0.12566844E-01       0.37965488E-01       0.20911653E-03       0.16920352E-04       0.12566696E-01       0.37959069E-01       0.20909723E-03       0.16919212E-04
     -0.82847231E+01       0.16044555E+01       0.61064733E+00       0.00000000E+00       0.10704385E-01       0.51775189E-02       0.36679608E-01       0.87115512E-03       0.22868377E-01       0.93472240E-02       0.28678997E-03       0.52415744E-04       0.84833542E-02       0.32244408E-01       0.14911364E-03       0.15463105E-04       0.65688895E-02       0.21296069E-01       0.10722575E-03       0.13751899E-04       0.95907778E-02       0.36777027E-01       0.18077028E-03       0.16016520E-04       0.95905624E-02       0.36770395E-01       0.18075598E-03       0.16015508E-04
     -0.81816496E+01       0.16768155E+01       0.64302999E+00       0.00000000E+00       0.13087084E-01       0.49564479E-02       0.44017473E-01       0.79332036E-03       0.15560052E-01       0.13657489E-01       0.37933389E-03       0.51644278E-04       0.72274272E-02       0.38506701E-01       0.15803757E-03       0.17472879E-04       0.48989640E-02       0.20213698E-01       0.10219198E-03       0.12821618E-04       0.74435275E-02       0.39526207E-01       0.17158616E-03       0.16816668E-04       0.74432423E-02       0.39518725E-01       0.17157555E-03       0.16815710E-04
     -0.80785762E+01       0.19331738E+01       0.74429750E+00       0.00000000E+00       0.16297475E-01       0.53050673E-02       0.57151334E-01       0.78680333E-03       0.10277136E-01       0.19359018E-01       0.51343310E-03       0.56347380E-04       0.67689917E-02       0.48611333E-01       0.18501469E-03       0.21473889E-04       0.38660523E-02       0.21830380E-01       0.10925194E-03       0.13619485E-04       0.61546487E-02       0.46389122E-01       0.18269399E-03       0.19380556E-04       0.61542991E-02       0.46380202E-01       0.18268570E-03       0.19379589E-04
     -0.79755028E+01       0.23577073E+01       0.90828016E+00       0.00000000E+00       0.19968503E-01       0.62023795E-02       0.75974881E-01       0.84602570E-03       0.67655938E-02       0.26398606E-01       0.68874411E-03       0.65733646E-04       0.70293284E-02       0.62027556E-01       0.22856641E-03       0.27313799E-04       0.33953411E-02       0.26087081E-01       0.12734774E-03       0.16114899E-04       0.56352717E-02       0.57030514E-01       0.21294171E-03       0.23539884E-04       0.56348779E-02       0.57019720E-01       0.21293449E-03       0.23538871E-04
     -0.78724293E+01       0.29150479E+01       0.11217199E+01       0.00000000E+00       0.23631198E-01       0.75681280E-02       0.99634433E-01       0.95776142E-03       0.46451250E-02       0.34539103E-01       0.90213310E-03       0.78504940E-04       0.78508952E-02       0.77681587E-01       0.28535812E-03       0.34603295E-04       0.33701104E-02       0.32736299E-01       0.15424643E-03       0.20149310E-04       0.57226479E-02       0.70679356E-01       0.25937127E-03       0.28934143E-04       0.57222498E-02       0.70666510E-01       0.25936411E-03       0.28933080E-04
     -0.77693559E+01       0.35561423E+01       0.13665857E+01       0.00000000E+00       0.26798574E-01       0.92838509E-02       0.12654656E+00       0.11056375E-02       0.35166532E-02       0.43377178E-01       0.11489481E-02       0.93108107E-04       0.90350663E-02       0.94075763E-01       0.35063423E-03       0.42757408E-04       0.36622160E-02       0.41399919E-01       0.18695659E-03       0.25466521E-04       0.62244029E-02       0.86275953E-01       0.31785336E-03       0.35077952E-04       0.62240617E-02       0.86261179E-01       0.31784554E-03       0.35076863E-04
     -0.76662825E+01       0.42263418E+01       0.16231211E+01       0.00000000E+00       0.29066855E-01       0.11218571E-01       0.15457397E+00       0.12745050E-02       0.30316435E-02       0.52405421E-01       0.14249909E-02       0.10803163E-03       0.10379061E-01       0.10952077E+00       0.41887982E-03       0.51078437E-04       0.41541963E-02       0.51626330E-01       0.22223324E-03       0.31741852E-04       0.69545169E-02       0.10266885E+00       0.38379710E-03       0.41451244E-04       0.69543113E-02       0.10265257E+00       0.38378816E-03       0.41450177E-04
     -0.75632090E+01       0.48743631E+01       0.18730494E+01       0.00000000E+00       0.30205894E-01       0.13254154E-01       0.18135561E+00       0.14536092E-02       0.29231518E-02       0.61102923E-01       0.17285805E-02       0.12209761E-03       0.11707394E-01       0.12244422E+00       0.48463305E-03       0.58870605E-04       0.47517964E-02       0.62940074E-01       0.25709498E-03       0.38611001E-04       0.77575786E-02       0.11881919E+00       0.45282569E-03       0.47593969E-04       0.77575956E-02       0.11880205E+00       0.45281546E-03       0.47592979E-04
     -0.74601356E+01       0.54600093E+01       0.21021510E+01       0.00000000E+00       0.30209298E-01       0.15303726E-01       0.20472058E+00       0.16378242E-02       0.30084271E-02       0.69024854E-01       0.20618522E-02       0.13468086E-03       0.12893490E-01       0.13169840E+00       0.54328490E-03       0.65560246E-04       0.53875123E-02       0.74874084E-01       0.28923704E-03       0.45697607E-04       0.85208819E-02       0.13395781E+00       0.52127965E-03       0.53179956E-04       0.85212040E-02       0.13394056E+00       0.52126815E-03       0.53179095E-04
     -0.73570622E+01       0.59585488E+01       0.23015139E+01       0.00000000E+00       0.29286220E-01       0.17317195E-01       0.22307092E+00       0.18267658E-02       0.31754062E-02       0.75860199E-01       0.24305785E-02       0.14579109E-03       0.13867923E-01       0.13677550E+00       0.59166497E-03       0.70787304E-04       0.60167707E-02       0.86975873E-01       0.31722638E-03       0.52636263E-04       0.91757003E-02       0.14764897E+00       0.58642396E-03       0.58047082E-04       0.91763923E-02       0.14763234E+00       0.58641137E-03       0.58046386E-04
     -0.72539887E+01       0.63606718E+01       0.24671988E+01       0.00000000E+00       0.27796697E-01       0.19272025E-01       0.23562416E+00       0.20222481E-02       0.33632235E-02       0.81440010E-01       0.28423639E-02       0.15598909E-03       0.14612365E-01       0.13786311E+00       0.62826356E-03       0.74440905E-04       0.66093678E-02       0.98788339E-01       0.34043014E-03       0.59087983E-04       0.96902817E-02       0.15974669E+00       0.64632067E-03       0.62174809E-04       0.96913799E-02       0.15973129E+00       0.64630729E-03       0.62174294E-04
     -0.71509153E+01       0.66686233E+01       0.25986803E+01       0.00000000E+00       0.26152074E-01       0.21153607E-01       0.24246278E+00       0.22251050E-02       0.35430979E-02       0.85700306E-01       0.33038329E-02       0.16616344E-03       0.15142394E-01       0.13572854E+00       0.65306405E-03       0.76631825E-04       0.71398168E-02       0.10981977E+00       0.35873403E-03       0.64748459E-04       0.10058034E-01       0.17027208E+00       0.69945560E-03       0.65620454E-04       0.10059541E-01       0.17025833E+00       0.69944185E-03       0.65620119E-04
     -0.70478419E+01       0.68905699E+01       0.26968956E+01       0.00000000E+00       0.24712827E-01       0.22934716E-01       0.24441346E+00       0.24326095E-02       0.37027294E-02       0.88622926E-01       0.38180055E-02       0.17724509E-03       0.15485913E-01       0.13148177E+00       0.66709694E-03       0.77618108E-04       0.75805894E-02       0.11952758E+00       0.37219600E-03       0.69353429E-04       0.10284761E-01       0.17927078E+00       0.74431196E-03       0.68442080E-04       0.10286647E-01       0.17925891E+00       0.74429834E-03       0.68441911E-04
     -0.69447684E+01       0.70357292E+01       0.27628034E+01       0.00000000E+00       0.23714030E-01       0.24564313E-01       0.24283377E+00       0.26374830E-02       0.38353193E-02       0.90184736E-01       0.43830680E-02       0.18995857E-03       0.15665008E-01       0.12630408E+00       0.67190783E-03       0.77715240E-04       0.79011442E-02       0.12733896E+00       0.38079962E-03       0.72687209E-04       0.10378319E-01       0.18671330E+00       0.77910408E-03       0.70640045E-04       0.10380528E-01       0.18670340E+00       0.77909124E-03       0.70640023E-04
     -0.68416950E+01       0.71120388E+01       0.27969864E+01       0.00000000E+00       0.23235945E-01       0.25971608E-01       0.23939055E+00       0.28288665E-02       0.39333081E-02       0.90337909E-01       0.49931064E-02       0.20468774E-03       0.15686812E-01       0.12122667E+00       0.66912399E-03       0.77222169E-04       0.80731633E-02       0.13271702E+00       0.38440850E-03       0.74598296E-04       0.10342778E-01       0.19247531E+00       0.80180962E-03       0.72139116E-04       0.10345236E-01       0.19246739E+00       0.80179834E-03       0.72139225E-04
     -0.67386216E+01       0.71266371E+01       0.28002468E+01       0.00000000E+00       0.23219903E-01       0.27083912E-01       0.23587823E+00       0.29948772E-02       0.39864006E-02       0.89027100E-01       0.56403315E-02       0.22148211E-03       0.15544595E-01       0.11700640E+00       0.66021955E-03       0.76380802E-04       0.80795476E-02       0.13526042E+00       0.38291330E-03       0.75020912E-04       0.10177540E-01       0.19639530E+00       0.81050630E-03       0.72814191E-04       0.10180164E-01       0.19638934E+00       0.81049739E-03       0.72814420E-04
     -0.66355481E+01       0.70879931E+01       0.27746502E+01       0.00000000E+00       0.23515211E-01       0.27850190E-01       0.23407432E+00       0.31257870E-02       0.39830158E-02       0.86232117E-01       0.63174520E-02       0.24016970E-03       0.15226110E-01       0.11409681E+00       0.64646979E-03       0.75367989E-04       0.79228064E-02       0.13480645E+00       0.37646562E-03       0.73995894E-04       0.98804330E-02       0.19837270E+00       0.80389508E-03       0.72544748E-04       0.98831380E-02       0.19836861E+00       0.80388931E-03       0.72545094E-04
     -0.65324747E+01       0.70078659E+01       0.27243135E+01       0.00000000E+00       0.23935967E-01       0.28259735E-01       0.23559896E+00       0.32166508E-02       0.39138941E-02       0.82014863E-01       0.70186891E-02       0.26050344E-03       0.14724088E-01       0.11267760E+00       0.62900344E-03       0.74305327E-04       0.76285286E-02       0.13150042E+00       0.36565796E-03       0.71681247E-04       0.94529361E-02       0.19845659E+00       0.78182488E-03       0.71273742E-04       0.94556360E-02       0.19845421E+00       0.78182277E-03       0.71274206E-04
     -0.64294013E+01       0.69016295E+01       0.26554332E+01       0.00000000E+00       0.24308719E-01       0.28347926E-01       0.24175359E+00       0.32684512E-02       0.37762743E-02       0.76549242E-01       0.77386893E-02       0.28226671E-03       0.14044188E-01       0.11269906E+00       0.60884351E-03       0.73269513E-04       0.72416569E-02       0.12580242E+00       0.35154582E-03       0.68343539E-04       0.89053498E-02       0.19688564E+00       0.74563845E-03       0.69048233E-04       0.89079604E-02       0.19688470E+00       0.74564016E-03       0.69048815E-04
     -0.63263278E+01       0.67865790E+01       0.25754878E+01       0.00000000E+00       0.24500309E-01       0.28187080E-01       0.25335418E+00       0.32874179E-02       0.35770539E-02       0.70120823E-01       0.84699745E-02       0.30529928E-03       0.13207881E-01       0.11391766E+00       0.58687335E-03       0.72294071E-04       0.68164166E-02       0.11842211E+00       0.33549296E-03       0.64326730E-04       0.82599933E-02       0.19406534E+00       0.69822143E-03       0.66028927E-04       0.82624345E-02       0.19406540E+00       0.69822670E-03       0.66029619E-04
     -0.62232544E+01       0.66790409E+01       0.24919733E+01       0.00000000E+00       0.24425496E-01       0.27866975E-01       0.27061911E+00       0.32829208E-02       0.33337717E-02       0.63095048E-01       0.92007986E-02       0.32945783E-03       0.12250292E-01       0.11592846E+00       0.56374564E-03       0.71365808E-04       0.64035335E-02       0.11019793E+00       0.31890777E-03       0.60003318E-04       0.75512057E-02       0.19049672E+00       0.64372790E-03       0.62468680E-04       0.75534060E-02       0.19049724E+00       0.64373610E-03       0.62469461E-04
     -0.61201810E+01       0.65918216E+01       0.24112597E+01       0.00000000E+00       0.24041580E-01       0.27473702E-01       0.29318588E+00       0.32649116E-02       0.30730124E-02       0.55864370E-01       0.99155177E-02       0.35456705E-03       0.11214908E-01       0.11821803E+00       0.53982087E-03       0.70428057E-04       0.60395521E-02       0.10195822E+00       0.30298883E-03       0.55720731E-04       0.68220107E-02       0.18668896E+00       0.58704750E-03       0.58670626E-04       0.68239137E-02       0.18668931E+00       0.58705785E-03       0.58671458E-04
     -0.60171075E+01       0.65333639E+01       0.23380661E+01       0.00000000E+00       0.23339489E-01       0.27075360E-01       0.32029669E+00       0.32420308E-02       0.28266480E-02       0.48791749E-01       0.10598435E-01       0.38042162E-03       0.10147729E-01       0.12025692E+00       0.51523289E-03       0.69401600E-04       0.57420510E-02       0.94409136E-01       0.28858816E-03       0.51759362E-04       0.61184072E-02       0.18308954E+00       0.53314428E-03       0.54941364E-04       0.61199773E-02       0.18308912E+00       0.53315607E-03       0.54942192E-04
     -0.59140341E+01       0.65090029E+01       0.22757002E+01       0.00000000E+00       0.22337830E-01       0.26718927E-01       0.35111649E+00       0.32210707E-02       0.26268451E-02       0.42167887E-01       0.11239954E-01       0.40686023E-03       0.90928676E-02       0.12162385E+00       0.49011692E-03       0.68223123E-04       0.55118031E-02       0.88081567E-01       0.27623865E-03       0.48314681E-04       0.54829170E-02       0.18005066E+00       0.48641486E-03       0.51552500E-04       0.54841429E-02       0.18004891E+00       0.48642762E-03       0.51553261E-04
     -0.58109607E+01       0.65234198E+01       0.22267591E+01       0.00000000E+00       0.21080865E-01       0.26436490E-01       0.38506893E+00       0.32076720E-02       0.25008649E-02       0.36192387E-01       0.11841898E-01       0.43387035E-03       0.80902470E-02       0.12212321E+00       0.46492820E-03       0.66886756E-04       0.53397764E-02       0.83341433E-01       0.26630616E-03       0.45505234E-04       0.49489968E-02       0.17782679E+00       0.45018091E-03       0.48716715E-04       0.49498901E-02       0.17782333E+00       0.45019447E-03       0.48717343E-04
     -0.57078872E+01       0.65825289E+01       0.21937019E+01       0.00000000E+00       0.19636795E-01       0.26254008E-01       0.42204189E+00       0.32073480E-02       0.24664468E-02       0.30978202E-01       0.12418319E-01       0.46163501E-03       0.71745903E-02       0.12184299E+00       0.44069108E-03       0.65466532E-04       0.52148872E-02       0.80436770E-01       0.25916069E-03       0.43396274E-04       0.45372861E-02       0.17657979E+00       0.42636948E-03       0.46576499E-04       0.45378763E-02       0.17657438E+00       0.42638388E-03       0.46576944E-04
     -0.56048138E+01       0.66932017E+01       0.21787564E+01       0.00000000E+00       0.18091723E-01       0.26194690E-01       0.46235875E+00       0.32256829E-02       0.25283305E-02       0.26569762E-01       0.12989708E-01       0.49043978E-03       0.63741833E-02       0.12111671E+00       0.41901194E-03       0.64103178E-04       0.51286162E-02       0.79538396E-01       0.25524909E-03       0.42022289E-04       0.42539244E-02       0.17636585E+00       0.41538296E-03       0.45199563E-04       0.42542506E-02       0.17635847E+00       0.41539830E-03       0.45199804E-04
     -0.55017404E+01       0.68604757E+01       0.21830345E+01       0.00000000E+00       0.16537438E-01       0.26272713E-01       0.50652370E+00       0.32670533E-02       0.26764302E-02       0.22962620E-01       0.13571734E-01       0.52042808E-03       0.57084416E-02       0.12039400E+00       0.40178529E-03       0.62956362E-04       0.50748140E-02       0.80738804E-01       0.25500538E-03       0.41395017E-04       0.40907831E-02       0.17709785E+00       0.41614590E-03       0.44576812E-04       0.40908867E-02       0.17708869E+00       0.41616224E-03       0.44576874E-04
     -0.53986669E+01       0.70835793E+01       0.22052826E+01       0.00000000E+00       0.15055634E-01       0.26479624E-01       0.55487521E+00       0.33322413E-02       0.28862890E-02       0.20116813E-01       0.14162974E-01       0.55129608E-03       0.51847714E-02       0.12007010E+00       0.39067692E-03       0.62143691E-04       0.50459626E-02       0.84003635E-01       0.25862805E-03       0.41495096E-04       0.40275298E-02       0.17850438E+00       0.42633397E-03       0.44624699E-04       0.40274482E-02       0.17849386E+00       0.42635130E-03       0.44624655E-04
     -0.52955935E+01       0.73532148E+01       0.22410591E+01       0.00000000E+00       0.13704405E-01       0.26771682E-01       0.60734764E+00       0.34162384E-02       0.31223931E-02       0.17963687E-01       0.14737598E-01       0.58209382E-03       0.47965910E-02       0.12034841E+00       0.38659654E-03       0.61697811E-04       0.50291624E-02       0.89105102E-01       0.26583793E-03       0.42258089E-04       0.40356122E-02       0.18012620E+00       0.44280355E-03       0.45198516E-04       0.40353761E-02       0.18011496E+00       0.44282189E-03       0.45198481E-04
     -0.51925201E+01       0.76522676E+01       0.22830536E+01       0.00000000E+00       0.12512663E-01       0.27068014E-01       0.66349294E+00       0.35077706E-02       0.33443969E-02       0.16411303E-01       0.15247619E-01       0.61129110E-03       0.45245843E-02       0.12119684E+00       0.38939705E-03       0.61565654E-04       0.50050965E-02       0.95586480E-01       0.27575840E-03       0.43570938E-04       0.40840474E-02       0.18138431E+00       0.46220770E-03       0.46121819E-04       0.40836807E-02       0.18137317E+00       0.46222723E-03       0.46121936E-04
     -0.50894466E+01       0.79604059E+01       0.23227334E+01       0.00000000E+00       0.11484594E-01       0.27265378E-01       0.72276097E+00       0.35913818E-02       0.35152897E-02       0.15353617E-01       0.15635323E-01       0.63715888E-03       0.43419348E-02       0.12241350E+00       0.39793978E-03       0.61651786E-04       0.49513408E-02       0.10279783E+00       0.28701111E-03       0.45288948E-04       0.41461586E-02       0.18172045E+00       0.48169953E-03       0.47229005E-04       0.41456799E-02       0.18171041E+00       0.48172071E-03       0.47229422E-04
     -0.49863732E+01       0.82607476E+01       0.23527805E+01       0.00000000E+00       0.10611374E-01       0.27267131E-01       0.78485118E+00       0.36516244E-02       0.36094237E-02       0.14684115E-01       0.15851767E-01       0.65835320E-03       0.42221633E-02       0.12376424E+00       0.41049241E-03       0.61883306E-04       0.48488342E-02       0.11000876E+00       0.29801720E-03       0.47269410E-04       0.42054883E-02       0.18076749E+00       0.49952979E-03       0.48407631E-04       0.42049140E-02       0.18075957E+00       0.49955327E-03       0.48408478E-04
     -0.48832998E+01       0.85452208E+01       0.23692861E+01       0.00000000E+00       0.98838419E-02       0.27015932E-01       0.84984379E+00       0.36777449E-02       0.36177998E-02       0.14309507E-01       0.15874119E-01       0.67445479E-03       0.41465916E-02       0.12512102E+00       0.42527320E-03       0.62260625E-04       0.46885859E-02       0.11656252E+00       0.30738880E-03       0.49404650E-04       0.42587311E-02       0.17847868E+00       0.51531224E-03       0.49621724E-04       0.42580775E-02       0.17847389E+00       0.51533851E-03       0.49623098E-04
     -0.47802263E+01       0.88154775E+01       0.23726891E+01       0.00000000E+00       0.92996661E-02       0.26516157E-01       0.91788059E+00       0.36668763E-02       0.35485844E-02       0.14157131E-01       0.15714871E-01       0.68619760E-03       0.41084115E-02       0.12653447E+00       0.44090155E-03       0.62864967E-04       0.44756471E-02       0.12201093E+00       0.31424502E-03       0.51633880E-04       0.43142018E-02       0.17515252E+00       0.52980972E-03       0.50902202E-04       0.43134874E-02       0.17515171E+00       0.52983863E-03       0.50904151E-04
     -0.46771529E+01       0.90783269E+01       0.23670187E+01       0.00000000E+00       0.88617728E-02       0.25835302E-01       0.98839644E+00       0.36244153E-02       0.34224762E-02       0.14172465E-01       0.15419568E-01       0.69524256E-03       0.41119084E-02       0.12821213E+00       0.45658517E-03       0.63816263E-04       0.42288307E-02       0.12617678E+00       0.31832067E-03       0.53923186E-04       0.43860327E-02       0.17133234E+00       0.54427576E-03       0.52304761E-04       0.43852788E-02       0.17133609E+00       0.54430597E-03       0.52307275E-04
     -0.45740795E+01       0.93376274E+01       0.23578239E+01       0.00000000E+00       0.85696768E-02       0.25082480E-01       0.10591995E+01       0.35616045E-02       0.32645959E-02       0.14308615E-01       0.15054786E-01       0.70356778E-03       0.41676181E-02       0.13042428E+00       0.47202527E-03       0.65202089E-04       0.39766515E-02       0.12912604E+00       0.31983967E-03       0.56221715E-04       0.44862496E-02       0.16761827E+00       0.55959275E-03       0.53852358E-04       0.44854811E-02       0.16762679E+00       0.55962151E-03       0.53855370E-04
     -0.44710060E+01       0.95867712E+01       0.23498015E+01       0.00000000E+00       0.84092568E-02       0.24372227E-01       0.11258945E+01       0.34916430E-02       0.30960357E-02       0.14514451E-01       0.14692085E-01       0.71274270E-03       0.42858258E-02       0.13339402E+00       0.48716451E-03       0.67014606E-04       0.37513616E-02       0.13107638E+00       0.31924245E-03       0.58418695E-04       0.46180770E-02       0.16447160E+00       0.57556977E-03       0.55489311E-04       0.46173224E-02       0.16448468E+00       0.57559311E-03       0.55492700E-04
     -0.43679326E+01       0.98060166E+01       0.23452341E+01       0.00000000E+00       0.83473552E-02       0.23788006E-01       0.11821016E+01       0.34262067E-02       0.29282987E-02       0.14729037E-01       0.14394574E-01       0.72342053E-03       0.44710445E-02       0.13722992E+00       0.50196150E-03       0.69129307E-04       0.35831699E-02       0.13229586E+00       0.31692584E-03       0.60329724E-04       0.47735160E-02       0.16209551E+00       0.59072222E-03       0.57070886E-04       0.47728061E-02       0.16211254E+00       0.59073569E-03       0.57074490E-04
     -0.42648592E+01       0.99667419E+01       0.23438774E+01       0.00000000E+00       0.83349497E-02       0.23359200E-01       0.12206229E+01       0.33738162E-02       0.27624925E-02       0.14886567E-01       0.14210319E-01       0.73527820E-03       0.47190543E-02       0.14193013E+00       0.51632463E-03       0.71338494E-04       0.34959290E-02       0.13304089E+00       0.31313646E-03       0.61727916E-04       0.49364180E-02       0.16043882E+00       0.60265594E-03       0.58396780E-04       0.49357842E-02       0.16045884E+00       0.60265573E-03       0.58400414E-04
     -0.41617857E+01       0.10041314E+02       0.23441731E+01       0.00000000E+00       0.83180097E-02       0.23058600E-01       0.12352761E+01       0.33403491E-02       0.25929860E-02       0.14930114E-01       0.14172871E-01       0.74741067E-03       0.50165779E-02       0.14744481E+00       0.53021919E-03       0.73425090E-04       0.35044529E-02       0.13355148E+00       0.30806829E-03       0.62412235E-04       0.50897849E-02       0.15931115E+00       0.60890970E-03       0.59276659E-04       0.50892553E-02       0.15933299E+00       0.60889378E-03       0.59280149E-04
     -0.40587123E+01       0.10014462E+02       0.23450389E+01       0.00000000E+00       0.82511006E-02       0.22818397E-01       0.12227685E+01       0.33308237E-02       0.24133687E-02       0.14827442E-01       0.14305898E-01       0.75896758E-03       0.53426624E-02       0.15375398E+00       0.54385070E-03       0.75242939E-04       0.36129427E-02       0.13408487E+00       0.30210344E-03       0.62284506E-04       0.52240532E-02       0.15854905E+00       0.60790452E-03       0.59601109E-04       0.52236484E-02       0.15857148E+00       0.60787330E-03       0.59604309E-04
     -0.39556389E+01       0.98912833E+01       0.23472950E+01       0.00000000E+00       0.81075013E-02       0.22555831E-01       0.11839090E+01       0.33510094E-02       0.22218457E-02       0.14580789E-01       0.14627818E-01       0.76972039E-03       0.56707990E-02       0.16091419E+00       0.55778838E-03       0.76767818E-04       0.38140867E-02       0.13494895E+00       0.29606245E-03       0.61400165E-04       0.53426359E-02       0.15815573E+00       0.59960689E-03       0.59389115E-04       0.53423652E-02       0.15817755E+00       0.59956324E-03       0.59391929E-04
     -0.38525654E+01       0.96985734E+01       0.23540862E+01       0.00000000E+00       0.78816942E-02       0.22197893E-01       0.11236961E+01       0.34076743E-02       0.20238688E-02       0.14225493E-01       0.15153656E-01       0.78031187E-03       0.59715017E-02       0.16904897E+00       0.57293934E-03       0.78098867E-04       0.40890551E-02       0.13650353E+00       0.29133005E-03       0.59969542E-04       0.54621669E-02       0.15835744E+00       0.58565145E-03       0.58794059E-04       0.54620261E-02       0.15837758E+00       0.58559990E-03       0.58796433E-04
     -0.37494920E+01       0.94791590E+01       0.23702005E+01       0.00000000E+00       0.75841852E-02       0.21697422E-01       0.10502666E+01       0.35071302E-02       0.18313625E-02       0.13817795E-01       0.15893565E-01       0.79211539E-03       0.62157523E-02       0.17828910E+00       0.59037393E-03       0.79413731E-04       0.44092254E-02       0.13912312E+00       0.28978375E-03       0.58309557E-04       0.56070984E-02       0.15956086E+00       0.56890710E-03       0.58067764E-04       0.56070699E-02       0.15957836E+00       0.56885270E-03       0.58069673E-04
     -0.36464186E+01       0.92816692E+01       0.24006682E+01       0.00000000E+00       0.72323698E-02       0.21038246E-01       0.97310590E+00       0.36526624E-02       0.16594548E-02       0.13417024E-01       0.16849278E-01       0.80681334E-03       0.63797425E-02       0.18869155E+00       0.61107638E-03       0.80899842E-04       0.47404519E-02       0.14313888E+00       0.29353605E-03       0.56767106E-04       0.58004945E-02       0.16223599E+00       0.55268904E-03       0.57497582E-04       0.58005507E-02       0.16225000E+00       0.55263611E-03       0.57499015E-04
     -0.35433451E+01       0.91494656E+01       0.24492175E+01       0.00000000E+00       0.68425037E-02       0.20231494E-01       0.90113129E+00       0.38419714E-02       0.15224524E-02       0.13069213E-01       0.18010162E-01       0.82589792E-03       0.64505180E-02       0.20017040E+00       0.63570940E-03       0.82690052E-04       0.50498041E-02       0.14878597E+00       0.30456199E-03       0.55644094E-04       0.60541771E-02       0.16676985E+00       0.53991794E-03       0.57338125E-04       0.60542851E-02       0.16677965E+00       0.53986932E-03       0.57339068E-04
     -0.34402717E+01       0.91119417E+01       0.25170530E+01       0.00000000E+00       0.64263130E-02       0.19307317E-01       0.84118780E+00       0.40657120E-02       0.14306605E-02       0.12797463E-01       0.19349890E-01       0.85027678E-03       0.64309565E-02       0.21246196E+00       0.66444170E-03       0.84822693E-04       0.53132774E-02       0.15617126E+00       0.32430235E-03       0.55147218E-04       0.63614811E-02       0.17333431E+00       0.53248532E-03       0.57755991E-04       0.63616072E-02       0.17333939E+00       0.53244221E-03       0.57756435E-04
     -0.33371983E+01       0.91797639E+01       0.26021707E+01       0.00000000E+00       0.59925810E-02       0.18305827E-01       0.79723401E+00       0.43077216E-02       0.13888415E-02       0.12600562E-01       0.20823785E-01       0.88007092E-03       0.63418062E-02       0.22512933E+00       0.69683262E-03       0.87231054E-04       0.55218044E-02       0.16525670E+00       0.35331598E-03       0.55369318E-04       0.66949642E-02       0.18179574E+00       0.53095137E-03       0.58796833E-04       0.66950782E-02       0.18179597E+00       0.53091383E-03       0.58796786E-04
     -0.32341248E+01       0.93439612E+01       0.26992036E+01       0.00000000E+00       0.55512019E-02       0.17269399E-01       0.77020106E+00       0.45468812E-02       0.13961968E-02       0.12457828E-01       0.22366655E-01       0.91459956E-03       0.62189332E-02       0.23760064E+00       0.73174277E-03       0.89754577E-04       0.56827902E-02       0.17584145E+00       0.39102786E-03       0.56293943E-04       0.70099607E-02       0.19167769E+00       0.53456098E-03       0.60375382E-04       0.70100385E-02       0.19167353E+00       0.53452864E-03       0.60374898E-04
     -0.31310514E+01       0.95779022E+01       0.27997272E+01       0.00000000E+00       0.51162347E-02       0.16237017E-01       0.75832858E+00       0.47600584E-02       0.14472288E-02       0.12336536E-01       0.23891557E-01       0.95250512E-03       0.61055289E-02       0.24923294E+00       0.76726495E-03       0.92160007E-04       0.58157535E-02       0.18753080E+00       0.43560423E-03       0.57808703E-04       0.72533021E-02       0.20217883E+00       0.54148035E-03       0.62284758E-04       0.72533267E-02       0.20217150E+00       0.54145323E-03       0.62283951E-04
     -0.30279780E+01       0.98412660E+01       0.28930040E+01       0.00000000E+00       0.47056956E-02       0.15240653E-01       0.75776144E+00       0.49253986E-02       0.15328461E-02       0.12198980E-01       0.25291083E-01       0.99198560E-03       0.60411457E-02       0.25939689E+00       0.80072411E-03       0.94165225E-04       0.59430803E-02       0.19970119E+00       0.48398822E-03       0.59717658E-04       0.73751766E-02       0.21224625E+00       0.54914766E-03       0.64221842E-04       0.73751388E-02       0.21223769E+00       0.54912661E-03       0.64220896E-04
     -0.29249045E+01       0.10085657E+02       0.29672111E+01       0.00000000E+00       0.43381779E-02       0.14303767E-01       0.76327987E+00       0.50253382E-02       0.16414358E-02       0.12008073E-01       0.26443360E-01       0.10311304E-02       0.60510455E-02       0.26757677E+00       0.82883575E-03       0.95466032E-04       0.60792900E-02       0.21149580E+00       0.53213480E-03       0.61753273E-04       0.73412170E-02       0.22070312E+00       0.55466994E-03       0.65827680E-04       0.73411158E-02       0.22069579E+00       0.55465665E-03       0.65826824E-04
     -0.28218311E+01       0.10261837E+02       0.30111605E+01       0.00000000E+00       0.40283873E-02       0.13442104E-01       0.76913200E+00       0.50489775E-02       0.17600079E-02       0.11731938E-01       0.27224415E-01       0.10683572E-02       0.61395789E-02       0.27347288E+00       0.84809326E-03       0.95770408E-04       0.62232800E-02       0.22189574E+00       0.57546973E-03       0.63596631E-04       0.71417246E-02       0.22642272E+00       0.55524163E-03       0.66741913E-04       0.71415679E-02       0.22641916E+00       0.55523813E-03       0.66741382E-04
     -0.27187577E+01       0.10328250E+02       0.30163595E+01       0.00000000E+00       0.37842527E-02       0.12666721E-01       0.76995968E+00       0.49936857E-02       0.18756210E-02       0.11348347E-01       0.27526374E-01       0.11029073E-02       0.62899355E-02       0.27708051E+00       0.85536915E-03       0.94842158E-04       0.63569905E-02       0.22989695E+00       0.60954854E-03       0.64914711E-04       0.67955827E-02       0.22852740E+00       0.54857426E-03       0.66666429E-04       0.67953866E-02       0.22852966E+00       0.54858226E-03       0.66666414E-04
     -0.26156842E+01       0.10259653E+02       0.29790290E+01       0.00000000E+00       0.36072460E-02       0.11988386E-01       0.76174126E+00       0.48659060E-02       0.19770814E-02       0.10849022E-01       0.27278096E-01       0.11353008E-02       0.64701702E-02       0.27871280E+00       0.84859619E-03       0.92548066E-04       0.64511428E-02       0.23478156E+00       0.63081622E-03       0.65415115E-04       0.63477800E-02       0.22657537E+00       0.53330428E-03       0.65427020E-04       0.63475670E-02       0.22658452E+00       0.53332440E-03       0.65427620E-04
     -0.25126108E+01       0.10053825E+02       0.29015336E+01       0.00000000E+00       0.34956375E-02       0.11421630E-01       0.74257273E+00       0.46810820E-02       0.20565527E-02       0.10242657E-01       0.26462494E-01       0.11676171E-02       0.66430246E-02       0.27894273E+00       0.82731077E-03       0.88895238E-04       0.64754897E-02       0.23642067E+00       0.63729720E-03       0.64906631E-04       0.58611364E-02       0.22068921E+00       0.50930657E-03       0.63016899E-04       0.58609326E-02       0.22070506E+00       0.50933800E-03       0.63018097E-04
     -0.24095374E+01       0.97341129E+01       0.27927031E+01       0.00000000E+00       0.34487142E-02       0.10986364E-01       0.71305658E+00       0.44625372E-02       0.21105104E-02       0.95550149E-02       0.25124536E-01       0.12034842E-02       0.67758215E-02       0.27846582E+00       0.79284995E-03       0.84043822E-04       0.64090642E-02       0.23550868E+00       0.62902255E-03       0.63345944E-04       0.54042681E-02       0.21158505E+00       0.47781942E-03       0.59606719E-04       0.54040993E-02       0.21160617E+00       0.47785992E-03       0.59608386E-04
     -0.23064640E+01       0.93463553E+01       0.26667649E+01       0.00000000E+00       0.34693775E-02       0.10705545E-01       0.67612680E+00       0.42391271E-02       0.21396204E-02       0.88250253E-02       0.23366305E-01       0.12477139E-02       0.68471104E-02       0.27791782E+00       0.74810781E-03       0.78286911E-04       0.62462519E-02       0.23362578E+00       0.60805083E-03       0.60851980E-04       0.50385952E-02       0.20048218E+00       0.44130739E-03       0.55513704E-04       0.50384828E-02       0.20050626E+00       0.44135372E-03       0.55515629E-04
     -0.22033905E+01       0.89503176E+01       0.25409907E+01       0.00000000E+00       0.35633059E-02       0.10598650E-01       0.63630134E+00       0.40416219E-02       0.21475597E-02       0.80973323E-02       0.21329713E-01       0.13055817E-02       0.68484438E-02       0.27770477E+00       0.69692456E-03       0.72001007E-04       0.59968605E-02       0.23306184E+00       0.57805233E-03       0.57679780E-04       0.48071781E-02       0.18890346E+00       0.40305526E-03       0.51135413E-04       0.48071361E-02       0.18892786E+00       0.40310389E-03       0.51137349E-04
     -0.21003171E+01       0.86074154E+01       0.24325178E+01       0.00000000E+00       0.37346205E-02       0.10672404E-01       0.59854999E+00       0.38980459E-02       0.21392680E-02       0.74132123E-02       0.19171580E-01       0.13817969E-02       0.67817209E-02       0.27790090E+00       0.64331754E-03       0.65581013E-04       0.56813154E-02       0.23639746E+00       0.54355646E-03       0.54160287E-04       0.47275461E-02       0.17840580E+00       0.36657152E-03       0.46865879E-04       0.47275795E-02       0.17842810E+00       0.36661932E-03       0.46867597E-04
     -0.19972437E+01       0.83676063E+01       0.23550105E+01       0.00000000E+00       0.39798756E-02       0.10911481E-01       0.56709962E+00       0.38285544E-02       0.21193395E-02       0.68025502E-02       0.17037977E-01       0.14792419E-02       0.66540072E-02       0.27824218E+00       0.59079803E-03       0.59377898E-04       0.53240274E-02       0.24590684E+00       0.50905590E-03       0.50623784E-04       0.47897424E-02       0.17029705E+00       0.33494489E-03       0.43017860E-04       0.47898470E-02       0.17031554E+00       0.33498964E-03       0.43019190E-04
     -0.18941702E+01       0.82584579E+01       0.23158381E+01       0.00000000E+00       0.42832871E-02       0.11272472E-01       0.54451022E+00       0.38407698E-02       0.20911067E-02       0.62791980E-02       0.15044127E-01       0.15976301E-02       0.64721791E-02       0.27820530E+00       0.54194530E-03       0.53653781E-04       0.49480289E-02       0.26290495E+00       0.47818814E-03       0.47328693E-04       0.49597784E-02       0.16539672E+00       0.31031266E-03       0.39772025E-04       0.49599411E-02       0.16541062E+00       0.31035318E-03       0.39772880E-04
     -0.17910968E+01       0.82787437E+01       0.23143218E+01       0.00000000E+00       0.46158449E-02       0.11684013E-01       0.53124668E+00       0.39267445E-02       0.20565694E-02       0.58408527E-02       0.13263527E-01       0.17323471E-02       0.62393390E-02       0.27713277E+00       0.49828145E-03       0.48561289E-04       0.45725123E-02       0.28719725E+00       0.45317747E-03       0.44413790E-04       0.51876361E-02       0.16388585E+00       0.29356086E-03       0.37163803E-04       0.51878364E-02       0.16389533E+00       0.29359697E-03       0.37164182E-04
     -0.16880234E+01       0.83978889E+01       0.23414318E+01       0.00000000E+00       0.49394030E-02       0.12054571E-01       0.52580246E+00       0.40627065E-02       0.20169122E-02       0.54731389E-02       0.11726806E-01       0.18738725E-02       0.59541078E-02       0.27435916E+00       0.46038310E-03       0.44146165E-04       0.42130802E-02       0.31679764E+00       0.43464499E-03       0.41883796E-04       0.54179883E-02       0.16527431E+00       0.28430530E-03       0.35106075E-04       0.54182000E-02       0.16528028E+00       0.28433744E-03       0.35106049E-04
     -0.15849499E+01       0.85615013E+01       0.23811206E+01       0.00000000E+00       0.52146873E-02       0.12287245E-01       0.52527634E+00       0.42123440E-02       0.19731527E-02       0.51564046E-02       0.10428450E-01       0.20082191E-02       0.56129666E-02       0.26930963E+00       0.42812408E-03       0.40367526E-04       0.38833705E-02       0.34804652E+00       0.42180576E-03       0.39629285E-04       0.56011234E-02       0.16849490E+00       0.28112796E-03       0.33435947E-04       0.56013170E-02       0.16849869E+00       0.28115684E-03       0.33435637E-04
     -0.14818765E+01       0.87021731E+01       0.24132213E+01       0.00000000E+00       0.54104372E-02       0.12298455E-01       0.52620917E+00       0.43335493E-02       0.19265130E-02       0.48731233E-02       0.93384677E-02       0.21186758E-02       0.52148803E-02       0.26156672E+00       0.40096272E-03       0.37128928E-04       0.35966032E-02       0.37617843E+00       0.41298530E-03       0.37473753E-04       0.57014899E-02       0.17211430E+00       0.28198955E-03       0.31969587E-04       0.57016359E-02       0.17211730E+00       0.28201577E-03       0.31969131E-04
     -0.13788031E+01       0.87536672E+01       0.24174960E+01       0.00000000E+00       0.55104123E-02       0.12035568E-01       0.52546238E+00       0.43874368E-02       0.18783429E-02       0.46137886E-02       0.84158555E-02       0.21887699E-02       0.47665942E-02       0.25091919E+00       0.37822869E-03       0.34313760E-04       0.33661762E-02       0.39626272E+00       0.40631234E-03       0.35234573E-04       0.57020052E-02       0.17462862E+00       0.28471288E-03       0.30550504E-04       0.57020776E-02       0.17463199E+00       0.28473664E-03       0.30550028E-04
     -0.12757296E+01       0.86655916E+01       0.23780295E+01       0.00000000E+00       0.55159619E-02       0.11488185E-01       0.52094282E+00       0.43474772E-02       0.18297032E-02       0.43797320E-02       0.76210689E-02       0.22058748E-02       0.42865114E-02       0.23740779E+00       0.35938770E-03       0.31818912E-04       0.32051429E-02       0.40430615E+00       0.40039590E-03       0.32781239E-04       0.56036286E-02       0.17478703E+00       0.28743099E-03       0.29081689E-04       0.56036079E-02       0.17479147E+00       0.28745195E-03       0.29081288E-04
     -0.11726562E+01       0.84150511E+01       0.22868982E+01       0.00000000E+00       0.54437000E-02       0.10689478E-01       0.51202635E+00       0.42061771E-02       0.17809130E-02       0.41822170E-02       0.69251609E-02       0.21644838E-02       0.38052558E-02       0.22136851E+00       0.34425333E-03       0.29580594E-04       0.31248356E-02       0.39821717E+00       0.39479098E-03       0.30075002E-04       0.54211488E-02       0.17186791E+00       0.28890919E-03       0.27537879E-04       0.54210242E-02       0.17187363E+00       0.28892644E-03       0.27537607E-04
     -0.10695828E+01       0.80119732E+01       0.21460555E+01       0.00000000E+00       0.53195786E-02       0.97071686E-02       0.49959038E+00       0.39771615E-02       0.17313874E-02       0.40381808E-02       0.63139839E-02       0.20680585E-02       0.33619981E-02       0.20345317E+00       0.33308757E-03       0.27586568E-04       0.31329864E-02       0.37833647E+00       0.39010720E-03       0.27179314E-04       0.51770476E-02       0.16583036E+00       0.28867757E-03       0.25958778E-04       0.51768170E-02       0.16583711E+00       0.28868978E-03       0.25958646E-04
     -0.96650933E+00       0.74961215E+01       0.19667763E+01       0.00000000E+00       0.51715066E-02       0.86271088E-02       0.48563657E+00       0.36917280E-02       0.16799132E-02       0.39638087E-02       0.57868668E-02       0.19286652E-02       0.29970473E-02       0.18459416E+00       0.32651795E-03       0.25870712E-04       0.32315542E-02       0.34735285E+00       0.38771074E-03       0.24239166E-04       0.48953520E-02       0.15728739E+00       0.28694615E-03       0.24426897E-04       0.48950206E-02       0.15729466E+00       0.28695178E-03       0.24426885E-04
     -0.86343589E+00       0.69260528E+01       0.17666944E+01       0.00000000E+00       0.50224646E-02       0.75345365E-02       0.47257115E+00       0.33905721E-02       0.16252115E-02       0.39675445E-02       0.53504617E-02       0.17642724E-02       0.27425225E-02       0.16588677E+00       0.32522592E-03       0.24489494E-04       0.34143422E-02       0.30961308E+00       0.38908596E-03       0.21436668E-04       0.45967515E-02       0.14729697E+00       0.28432149E-03       0.23035352E-04       0.45963291E-02       0.14730411E+00       0.28431915E-03       0.23035419E-04
     -0.76036246E+00       0.63628256E+01       0.15652395E+01       0.00000000E+00       0.48853165E-02       0.64982695E-02       0.46230802E+00       0.31128858E-02       0.15664039E-02       0.40442004E-02       0.50097548E-02       0.15943801E-02       0.26136258E-02       0.14839104E+00       0.32944018E-03       0.23485208E-04       0.36645926E-02       0.27002923E+00       0.39503268E-03       0.18937059E-04       0.42954543E-02       0.13702700E+00       0.28139687E-03       0.21852494E-04       0.42949529E-02       0.13703343E+00       0.28138561E-03       0.21852593E-04
     -0.65728903E+00       0.58532032E+01       0.13788211E+01       0.00000000E+00       0.47599075E-02       0.55614712E-02       0.45544303E+00       0.28859343E-02       0.15030046E-02       0.41717008E-02       0.47592106E-02       0.14352775E-02       0.26030071E-02       0.13289636E+00       0.33837734E-03       0.22846532E-04       0.39531783E-02       0.23291404E+00       0.40495097E-03       0.16841611E-04       0.39977721E-02       0.12739900E+00       0.27833785E-03       0.20891902E-04       0.39972051E-02       0.12740432E+00       0.27831748E-03       0.20891990E-04
     -0.55421559E+00       0.54175942E+01       0.12172074E+01       0.00000000E+00       0.46328761E-02       0.47401750E-02       0.45077744E+00       0.27181832E-02       0.14343658E-02       0.43117205E-02       0.45772720E-02       0.12964139E-02       0.26800533E-02       0.11972540E+00       0.34986035E-03       0.22480759E-04       0.42385915E-02       0.20108603E+00       0.41648128E-03       0.15161324E-04       0.37023619E-02       0.11882833E+00       0.27460976E-03       0.20096861E-04       0.37017440E-02       0.11883231E+00       0.27458091E-03       0.20096907E-04
     -0.45114216E+00       0.50466386E+01       0.10821415E+01       0.00000000E+00       0.44806109E-02       0.40284330E-02       0.44540499E+00       0.25980618E-02       0.13589328E-02       0.44149085E-02       0.44266603E-02       0.11790127E-02       0.27958370E-02       0.10865761E+00       0.36035035E-03       0.22211193E-04       0.44701672E-02       0.17548261E+00       0.42569968E-03       0.13818651E-04       0.34021374E-02       0.11114821E+00       0.26896966E-03       0.19346290E-04       0.34014858E-02       0.11115085E+00       0.26893384E-03       0.19346276E-04
     -0.34806873E+00       0.47074952E+01       0.96845738E+00       0.00000000E+00       0.42753914E-02       0.34074135E-02       0.43541246E+00       0.24987338E-02       0.12739233E-02       0.44302990E-02       0.42610879E-02       0.10772792E-02       0.28930506E-02       0.99017303E-01       0.36551302E-03       0.21806240E-04       0.45953540E-02       0.15534142E+00       0.42790759E-03       0.12675732E-04       0.30877079E-02       0.10373887E+00       0.25976524E-03       0.18483323E-04       0.30870433E-02       0.10374028E+00       0.25972468E-03       0.18483248E-04
     -0.24499530E+00       0.43574904E+01       0.86711355E+00       0.00000000E+00       0.39937139E-02       0.28552416E-02       0.41702017E+00       0.23873225E-02       0.11759079E-02       0.43169967E-02       0.40365905E-02       0.98164127E-03       0.29187430E-02       0.89908838E-01       0.36122990E-03       0.21034905E-04       0.45702563E-02       0.13882541E+00       0.41883742E-03       0.11579220E-04       0.27516956E-02       0.95807575E-01       0.24546482E-03       0.17359588E-04       0.27510419E-02       0.95807985E-01       0.24542216E-03       0.17359460E-04
     -0.14192186E+00       0.39601709E+01       0.76895152E+00       0.00000000E+00       0.36245377E-02       0.23547683E-02       0.38779665E+00       0.22355491E-02       0.10622635E-02       0.40548764E-02       0.37236617E-02       0.88277684E-03       0.28365050E-02       0.80519067E-01       0.34474731E-03       0.19731475E-04       0.43707283E-02       0.12383874E+00       0.39590301E-03       0.10406515E-04       0.23926912E-02       0.86711818E-01       0.22523615E-03       0.15881133E-04       0.23920737E-02       0.86711494E-01       0.22519408E-03       0.15880969E-04
     -0.38848431E-01       0.34980696E+01       0.66785230E+00       0.00000000E+00       0.31745587E-02       0.18975506E-02       0.34751788E+00       0.20282895E-02       0.93289661E-03       0.36506875E-02       0.33157366E-02       0.77499531E-03       0.26345127E-02       0.70377387E-01       0.31554548E-03       0.17846076E-04       0.40001304E-02       0.10875061E+00       0.35905563E-03       0.90983396E-05       0.20174218E-02       0.76206960E-01       0.19935187E-03       0.14039791E-04       0.20168639E-02       0.76206171E-01       0.19931281E-03       0.14039610E-04
      0.64225002E-01       0.29779958E+01       0.56232682E+00       0.00000000E+00       0.26683070E-02       0.14837526E-02       0.29835553E+00       0.17673806E-02       0.79135970E-03       0.31371465E-02       0.28308219E-02       0.65790317E-03       0.23269287E-02       0.59481500E-01       0.27558372E-03       0.15461679E-04       0.34903952E-02       0.92814663E-01       0.31092103E-03       0.76681746E-05       0.16401998E-02       0.64536598E-01       0.16925590E-03       0.11918433E-04       0.16397194E-02       0.64535583E-01       0.16922167E-03       0.11918255E-04
      0.16729843E+00       0.24277473E+01       0.45526226E+00       0.00000000E+00       0.21427647E-02       0.11189991E-02       0.24433279E+00       0.14698333E-02       0.64470876E-03       0.25650315E-02       0.23057553E-02       0.53602589E-03       0.19483535E-02       0.48254713E-01       0.22881437E-03       0.12770954E-04       0.28953488E-02       0.76208708E-01       0.25615794E-03       0.61880469E-05       0.12797648E-02       0.52349615E-01       0.13725861E-03       0.96684700E-05       0.12793718E-02       0.52348565E-01       0.13723025E-03       0.96683085E-05
      0.27037187E+00       0.18864280E+01       0.35224929E+00       0.00000000E+00       0.16383994E-02       0.80998554E-03       0.19026666E+00       0.11616670E-02       0.50204831E-03       0.19908962E-02       0.17854437E-02       0.41684364E-03       0.15434437E-02       0.37369169E-01       0.18014841E-03       0.10022282E-04       0.22782597E-02       0.59763217E-01       0.20027576E-03       0.47586737E-05       0.95468921E-03       0.40493906E-01       0.10597730E-03       0.74685957E-05       0.95438449E-03       0.40492950E-01       0.10595510E-03       0.74684600E-05
      0.37344530E+00       0.13926147E+01       0.25934812E+00       0.00000000E+00       0.11898561E-02       0.56066493E-03       0.14059184E+00       0.87000357E-03       0.37233531E-03       0.14645324E-02       0.13111421E-02       0.30819822E-03       0.11553608E-02       0.27516427E-01       0.13425650E-03       0.74555202E-05       0.16978165E-02       0.44541364E-01       0.14833769E-03       0.34763827E-05       0.67904053E-03       0.29774988E-01       0.77730121E-04       0.54801318E-05       0.67881697E-03       0.29774199E-01       0.77713703E-04       0.54800255E-05
      0.47651873E+00       0.97469937E+00       0.18117517E+00       0.00000000E+00       0.81939044E-03       0.37019230E-03       0.98458266E-01       0.61626807E-03       0.26231454E-03       0.10200223E-02       0.91166856E-03       0.21607394E-03       0.81670177E-03       0.19213213E-01       0.94610381E-04       0.52496637E-05       0.11970601E-02       0.31448490E-01       0.10397226E-03       0.24081583E-05       0.45973316E-03       0.20765649E-01       0.54087065E-04       0.38137312E-05       0.45957817E-03       0.20765049E-01       0.54075587E-04       0.38136530E-05
      0.57959217E+00       0.64608629E+00       0.11987176E+00       0.00000000E+00       0.53467258E-03       0.23288133E-03       0.65334328E-01       0.41241748E-03       0.17531120E-03       0.67242332E-03       0.59972881E-03       0.14340231E-03       0.54511658E-03       0.12699505E-01       0.63020361E-04       0.34967569E-05       0.79818182E-03       0.20993373E-01       0.68941679E-04       0.15808680E-05       0.29616825E-03       0.13717524E-01       0.35693550E-04       0.25157539E-05       0.29606679E-03       0.13717100E-01       0.35685966E-04       0.25156997E-05
      0.68266560E+00       0.40558957E+00       0.75056268E-01       0.00000000E+00       0.33071511E-03       0.13965038E-03       0.41124003E-01       0.26062904E-03       0.11115094E-03       0.41981900E-03       0.37326805E-03       0.90016876E-04       0.34377934E-03       0.79392489E-02       0.39699042E-04       0.22042153E-05       0.50354272E-03       0.13235955E-01       0.43272855E-04       0.98429628E-06       0.18182135E-03       0.85781712E-02       0.22363066E-04       0.15740617E-05       0.18175858E-03       0.85778913E-02       0.22358324E-04       0.15740260E-05
      0.78573903E+00       0.24147983E+00       0.44487289E-01       0.00000000E+00       0.19431141E-03       0.80072826E-04       0.24629891E-01       0.15558217E-03       0.66994001E-04       0.24875089E-03       0.22007427E-03       0.53448197E-04       0.20522792E-03       0.46948360E-02       0.23693880E-04       0.13173972E-05       0.30107883E-03       0.78801583E-02       0.25765646E-04       0.58300048E-06       0.10684063E-03       0.50801433E-02       0.13343808E-04       0.93644435E-06       0.10680383E-03       0.50799703E-02       0.13340994E-04       0.93642184E-06
      0.88881246E+00       0.13686159E+00       0.25007196E-01       0.00000000E+00       0.10898300E-03       0.44225578E-04       0.14127169E-01       0.87855142E-04       0.38591971E-04       0.14051230E-03       0.12330365E-03       0.30057239E-04       0.11642741E-03       0.26298617E-02       0.13453510E-04       0.74980262E-06       0.17130169E-03       0.44339003E-02       0.14621326E-04       0.33062390E-06       0.60637587E-04       0.28543662E-02       0.76328782E-05       0.53265374E-06       0.60616976E-04       0.28542656E-02       0.76312845E-05       0.53263994E-06
      0.99188590E+00       0.74396006E-01       0.13389855E-01       0.00000000E+00       0.58913676E-04       0.23874319E-04       0.78535343E-02       0.47084178E-04       0.21473704E-04       0.76323677E-04       0.66077992E-04       0.16061827E-04       0.63237248E-04       0.14005097E-02       0.73258816E-05       0.40988839E-06       0.93464193E-04       0.23634889E-02       0.79791195E-05       0.18171497E-06       0.33773066E-04       0.15278740E-02       0.42364681E-05       0.29277536E-06       0.33761833E-04       0.15278187E-02       0.42355958E-05       0.29276697E-06
      0.10949593E+01       0.39320556E-01       0.68888685E-02       0.00000000E+00       0.31213353E-04       0.12916568E-04       0.43163669E-02       0.24105918E-04       0.11755584E-04       0.40466165E-04       0.34278458E-04       0.82099634E-05       0.33319871E-04       0.71429077E-03       0.38809020E-05       0.21853291E-06       0.49576748E-04       0.11996005E-02       0.42537893E-05       0.98772065E-07       0.18905718E-04       0.78534292E-03       0.23274071E-05       0.15842864E-06       0.18899548E-04       0.78531397E-03       0.23269358E-05       0.15842345E-06
      0.11980328E+01       0.20662611E-01       0.34594755E-02       0.00000000E+00       0.16619729E-04       0.72588634E-05       0.24126968E-02       0.11932261E-04       0.65046114E-05       0.21425236E-04       0.17562392E-04       0.40628991E-05       0.17390242E-04       0.35365838E-03       0.20465826E-05       0.11642570E-06       0.26121732E-04       0.58532357E-03       0.22698539E-05       0.54636909E-07       0.10939485E-04       0.39306197E-03       0.13015598E-05       0.86842343E-07       0.10935890E-04       0.39304727E-03       0.13013002E-05       0.86839012E-07
      0.13011062E+01       0.11133464E-01       0.17394752E-02       0.00000000E+00       0.91579356E-05       0.43968175E-05       0.14147952E-02       0.58266393E-05       0.37495749E-05       0.11653547E-04       0.91457652E-05       0.19861012E-05       0.92420641E-05       0.17384741E-03       0.11078973E-05       0.63981828E-07       0.14058429E-04       0.27918394E-03       0.12498200E-05       0.31705870E-07       0.66807255E-05       0.19576863E-03       0.76367256E-06       0.49936408E-07       0.66784065E-05       0.19576114E-03       0.76352157E-06       0.49934173E-07
      0.14041796E+01       0.63497105E-02       0.90630652E-03       0.00000000E+00       0.53340944E-05       0.29255966E-05       0.88854665E-03       0.28900377E-05       0.22974869E-05       0.66708730E-05       0.49950078E-05       0.98703201E-06       0.51351491E-05       0.87553946E-04       0.63438936E-06       0.37352578E-07       0.79295618E-05       0.13358167E-03       0.72902296E-06       0.19658454E-07       0.43115002E-05       0.99837204E-04       0.47941177E-06       0.30992583E-07       0.43098509E-05       0.99833137E-04       0.47931697E-06       0.30991030E-07
      0.15072531E+01       0.39042061E-02       0.50598783E-03       0.00000000E+00       0.32848260E-05       0.21196093E-05       0.59780696E-03       0.15045720E-05       0.14937845E-05       0.40492347E-05       0.29189531E-05       0.51486383E-06       0.30185690E-05       0.46674490E-04       0.39009036E-06       0.23456950E-07       0.47360317E-05       0.66238299E-04       0.45449568E-06       0.12985846E-07       0.28877058E-05       0.53585774E-04       0.32183583E-06       0.20908689E-07       0.28864716E-05       0.53583252E-04       0.32177202E-06       0.20907595E-07
      0.16103265E+01       0.25797923E-02       0.30783491E-03       0.00000000E+00       0.20973112E-05       0.16312950E-05       0.42428626E-03       0.84073449E-06       0.10107170E-05       0.25767983E-05       0.18218802E-05       0.28815003E-06       0.18602178E-05       0.26827466E-04       0.25622432E-06       0.15709887E-07       0.29646700E-05       0.35019812E-04       0.29975918E-06       0.89893739E-08       0.19579124E-05       0.30696076E-04       0.22748071E-06       0.15112815E-07       0.19569903E-05       0.30694242E-04       0.22743591E-06       0.15112055E-07
      0.17133999E+01       0.18022644E-02       0.20291315E-03       0.00000000E+00       0.13539129E-05       0.13037395E-05       0.31236975E-03       0.50442234E-06       0.69619014E-06       0.16869449E-05       0.11932186E-05       0.17331631E-06       0.11762845E-05       0.16550390E-04       0.17710703E-06       0.11026522E-07       0.19039727E-05       0.19952474E-04       0.20583282E-06       0.64318372E-08       0.13173555E-05       0.18672937E-04       0.16647936E-06       0.11454920E-07       0.13166917E-05       0.18671446E-04       0.16644741E-06       0.11454417E-07
      0.18164734E+01       0.13118128E-02       0.14255431E-03       0.00000000E+00       0.86780962E-06       0.10675298E-05       0.23644960E-03       0.31950699E-06       0.48181494E-06       0.11214482E-05       0.80526321E-06       0.11052895E-06       0.74814571E-06       0.10761985E-04       0.12762181E-06       0.80179073E-08       0.12310595E-05       0.12153832E-04       0.14609053E-06       0.47538031E-08       0.87031771E-06       0.11876116E-04       0.12501543E-06       0.89600307E-08       0.86986646E-06       0.11874853E-04       0.12499266E-06       0.89597305E-08
      0.19195468E+01       0.98947449E-03       0.10545780E-03       0.00000000E+00       0.54908591E-06       0.89045044E-06       0.18404530E-03       0.20972293E-06       0.33463759E-06       0.75657693E-06       0.55533266E-06       0.73705653E-07       0.47367023E-06       0.72669169E-05       0.96118573E-07       0.60410744E-08       0.79413752E-06       0.78211959E-05       0.10796824E-06       0.36776782E-08       0.56385184E-06       0.77943518E-05       0.96306147E-07       0.71785443E-08       0.56356546E-06       0.77932945E-05       0.96290001E-07       0.71784054E-08
      0.20226202E+01       0.77552526E-03       0.81904937E-04       0.00000000E+00       0.34565035E-06       0.75536207E-06       0.14812649E-03       0.14128425E-06       0.23536158E-06       0.52407088E-06       0.39244970E-06       0.51161462E-07       0.29870638E-06       0.50800516E-05       0.76480181E-07       0.47580870E-08       0.51192521E-06       0.53060970E-05       0.84591256E-07       0.30340870E-08       0.36085441E-06       0.52585625E-05       0.76514436E-07       0.58833656E-08       0.36068626E-06       0.52577107E-05       0.76502978E-07       0.58833507E-08
      0.21256937E+01       0.63512011E-03       0.66925706E-04       0.00000000E+00       0.22142662E-06       0.65148169E-06       0.12402239E-03       0.97769589E-07       0.17023894E-06       0.37994531E-06       0.28716086E-06       0.37150924E-07       0.18958187E-06       0.37068658E-05       0.64883392E-07       0.39562598E-08       0.33333324E-06       0.38328230E-05       0.71434366E-07       0.26975008E-08       0.23180781E-06       0.36657794E-05       0.63103188E-07       0.49414018E-08       0.23171744E-06       0.36651298E-05       0.63094960E-07       0.49414758E-08
      0.22287671E+01       0.54476699E-03       0.57544004E-04       0.00000000E+00       0.14948150E-06       0.57090996E-06       0.10824343E-03       0.70021440E-07       0.12862700E-06       0.29328779E-06       0.22012449E-06       0.28441578E-07       0.12326435E-06       0.28580778E-05       0.58589468E-07       0.34814689E-08       0.22292953E-06       0.29831026E-05       0.65108749E-07       0.25653740E-08       0.15306758E-06       0.26644930E-05       0.54204806E-07       0.42607352E-08       0.15302393E-06       0.26640296E-05       0.54198737E-07       0.42608656E-08
      0.23318405E+01       0.48715884E-03       0.51733375E-04       0.00000000E+00       0.11004512E-06       0.50722276E-06       0.98017180E-04       0.52370003E-07       0.10239112E-06       0.24219389E-06       0.17785311E-06       0.23029349E-07       0.83793999E-07       0.23444000E-05       0.55502323E-07       0.32142179E-08       0.15588596E-06       0.25034261E-05       0.62934271E-07       0.25516317E-08       0.10669487E-06       0.20347876E-05       0.48362592E-07       0.37687082E-08       0.10667666E-06       0.20344834E-05       0.48357944E-07       0.37688668E-08
      0.24349140E+01       0.44887692E-03       0.47985865E-04       0.00000000E+00       0.89296004E-07       0.45476998E-06       0.91064727E-04       0.41089600E-07       0.85590253E-07       0.21150140E-06       0.15083690E-06       0.19593754E-07       0.60486011E-07       0.20340798E-05       0.53980029E-07       0.30596875E-08       0.11532785E-06       0.22299886E-05       0.62753215E-07       0.25842124E-08       0.79906433E-07       0.16333902E-05       0.44398263E-07       0.34022897E-08       0.79900668E-07       0.16332121E-05       0.44394553E-07       0.34024544E-08
      0.25379874E+01       0.41930373E-03       0.45121496E-04       0.00000000E+00       0.78112509E-07       0.40859379E-06       0.85506943E-04       0.33596847E-07       0.74048840E-07       0.19099636E-06       0.13236009E-06       0.17222101E-07       0.46405545E-07       0.18318190E-05       0.52739222E-07       0.29426782E-08       0.90099839E-07       0.20512156E-05       0.62841019E-07       0.26045507E-08       0.64154724E-07       0.13638029E-05       0.41345870E-07       0.31053690E-08       0.64154356E-07       0.13637176E-05       0.41342806E-07       0.31055247E-08
      0.26410608E+01       0.39059869E-03       0.42284170E-04       0.00000000E+00       0.71048544E-07       0.36468504E-06       0.79902816E-04       0.28239681E-07       0.65089934E-07       0.17423329E-06       0.11792896E-06       0.15337777E-07       0.37415945E-07       0.16733898E-05       0.50857382E-07       0.28080210E-08       0.73394671E-07       0.18990126E-05       0.61926146E-07       0.25694277E-08       0.54151417E-07       0.11653942E-05       0.38456775E-07       0.28315737E-08       0.54153097E-07       0.11653718E-05       0.38454198E-07       0.28317120E-08
      0.27441343E+01       0.35767634E-03       0.38920570E-04       0.00000000E+00       0.65080689E-07       0.32036434E-06       0.73305150E-04       0.23966900E-07       0.57115501E-07       0.15745016E-06       0.10471054E-06       0.13590290E-07       0.31105928E-07       0.15179828E-05       0.47777444E-07       0.26209232E-08       0.61170059E-07       0.17341919E-05       0.59220125E-07       0.24532794E-08       0.46815976E-07       0.10006929E-05       0.35220675E-07       0.25477737E-08       0.46818336E-07       0.10007090E-05       0.35218505E-07       0.25478911E-08
      0.28472077E+01       0.31835129E-03       0.34805796E-04       0.00000000E+00       0.59487657E-07       0.27457453E-06       0.65314495E-04       0.20188686E-07       0.49546846E-07       0.13892954E-06       0.91232199E-07       0.11822942E-07       0.26437083E-07       0.13451228E-05       0.43323466E-07       0.23679133E-08       0.51523851E-07       0.15403572E-05       0.54455911E-07       0.22499764E-08       0.40863346E-07       0.84931195E-06       0.31393324E-07       0.22373262E-08       0.40865898E-07       0.84934806E-06       0.31391524E-07       0.22374227E-08
      0.29502811E+01       0.27317289E-03       0.30040250E-04       0.00000000E+00       0.56230696E-07       0.22786116E-06       0.56057777E-04       0.16667155E-07       0.42895445E-07       0.11850315E-06       0.77107089E-07       0.10051844E-07       0.23717173E-07       0.11511916E-05       0.37674173E-07       0.20554711E-08       0.44497849E-07       0.13184421E-05       0.47864305E-07       0.19719151E-08       0.36736705E-07       0.70329560E-06       0.26991637E-07       0.19004422E-08       0.36739258E-07       0.70333888E-06       0.26990182E-07       0.19005192E-08
      0.30533546E+01       0.22490434E-03       0.25045901E-04       0.00000000E+00       0.63073847E-07       0.18201390E-06       0.46069286E-04       0.13445348E-07       0.39655790E-07       0.97093534E-07       0.62735926E-07       0.85016746E-08       0.25774045E-07       0.94503005E-06       0.31278971E-07       0.17054643E-08       0.43297550E-07       0.10811236E-05       0.40068408E-07       0.16456712E-08       0.37954612E-07       0.56314786E-06       0.22242444E-07       0.15510670E-08       0.37957052E-07       0.56319017E-06       0.22241309E-07       0.15511264E-08
      0.31564280E+01       0.17777058E-03       0.20588897E-04       0.00000000E+00       0.10038963E-06       0.13944756E-06       0.36095854E-04       0.10819620E-07       0.46312446E-07       0.76256309E-07       0.48983542E-07       0.77187113E-08       0.40678629E-07       0.74286940E-06       0.24728246E-07       0.13480046E-08       0.57356588E-07       0.84701334E-06       0.31914374E-07       0.13049678E-08       0.54309375E-07       0.43422102E-06       0.17492949E-07       0.12111113E-08       0.54311633E-07       0.43425801E-06       0.17492098E-07       0.12111550E-08
      0.32595014E+01       0.13705625E-03       0.18037967E-04       0.00000000E+00       0.22138197E-06       0.10268751E-06       0.26881663E-04       0.94742775E-08       0.79513232E-07       0.57861212E-07       0.36942767E-07       0.89916250E-08       0.89964521E-07       0.56478560E-06       0.18619353E-07       0.10138104E-08       0.11175803E-06       0.63614058E-06       0.24309952E-07       0.98318999E-09       0.11161800E-06       0.32438584E-06       0.13112423E-07       0.90429177E-09       0.11162014E-06       0.32441617E-06       0.13111811E-07       0.90432058E-09
      0.33625748E+01       0.10961298E-03       0.20040624E-04       0.00000000E+00       0.55388269E-06       0.74189496E-07       0.18995474E-04       0.10875295E-07       0.17895316E-06       0.44059836E-07       0.27886250E-07       0.15268828E-07       0.22569228E-06       0.43454376E-06       0.13464288E-07       0.72845734E-09       0.26690047E-06       0.46805170E-06       0.18147597E-07       0.70794169E-09       0.27198761E-06       0.24364907E-06       0.94185065E-08       0.65197689E-09       0.27198999E-06       0.24367403E-06       0.94180816E-08       0.65198903E-09
      0.34656483E+01       0.10616823E-03       0.32029520E-04       0.00000000E+00       0.13848982E-05       0.56901627E-07       0.12743394E-04       0.18160600E-07       0.43353250E-06       0.37805682E-07       0.23570448E-07       0.33058744E-07       0.56490848E-06       0.38590104E-06       0.96817632E-08       0.51059571E-09       0.65835131E-06       0.36456525E-06       0.14400676E-07       0.49976430E-09       0.67485420E-06       0.20716612E-06       0.66582911E-08       0.47329508E-09       0.67485781E-06       0.20718988E-06       0.66579982E-08       0.47328296E-09
      0.35687217E+01       0.14646754E-03       0.65120955E-04       0.00000000E+00       0.33177074E-05       0.56146474E-07       0.81767288E-05       0.37871512E-07       0.10301099E-05       0.44228386E-07       0.27095282E-07       0.76005453E-07       0.13537116E-05       0.47913215E-06       0.77016946E-08       0.37521826E-09       0.15706878E-05       0.35975393E-06       0.14468067E-07       0.37616953E-09       0.16132526E-05       0.24399339E-06       0.50615236E-08       0.39102354E-09       0.16132597E-05       0.24402444E-06       0.50613020E-08       0.39096737E-09
      0.36717951E+01       0.26805376E-03       0.14090749E-03       0.00000000E+00       0.75290009E-05       0.83273234E-07       0.51727088E-05       0.82837987E-07       0.23334476E-05       0.73062413E-07       0.44477928E-07       0.17077613E-06       0.30721668E-05       0.83071174E-06       0.81863093E-08       0.34184045E-09       0.35580472E-05       0.51900751E-06       0.20805804E-07       0.36083433E-09       0.36586537E-05       0.41349054E-06       0.49664817E-08       0.44363577E-09       0.36586692E-05       0.41354500E-06       0.49662578E-08       0.44349205E-09
      0.37748686E+01       0.53957023E-03       0.29870862E-03       0.00000000E+00       0.16156219E-04       0.16262791E-06       0.35506980E-05       0.17661383E-06       0.50068532E-05       0.14258557E-06       0.87251512E-07       0.36601131E-06       0.65919548E-05       0.16619718E-05       0.12371964E-07       0.44735132E-09       0.76244970E-05       0.97186591E-06       0.37885572E-07       0.49764760E-09       0.78487917E-05       0.83437950E-06       0.70201329E-08       0.70380896E-09       0.78488254E-05       0.83448697E-06       0.70198030E-08       0.70349131E-09
      0.38779420E+01       0.10783712E-02       0.60520713E-03       0.00000000E+00       0.32809601E-04       0.34342189E-06       0.31877728E-05       0.35950941E-06       0.10172208E-04       0.28519942E-06       0.17628806E-06       0.74431534E-06       0.13384432E-04       0.33702585E-05       0.22516612E-07       0.76263870E-09       0.15460184E-04       0.19628424E-05       0.73441574E-07       0.86861126E-09       0.15935714E-04       0.17310207E-05       0.12442977E-07       0.13024132E-08       0.15935784E-04       0.17312336E-05       0.12442375E-07       0.13017630E-08
      0.39810154E+01       0.20711384E-02       0.11657291E-02       0.00000000E+00       0.63165780E-04       0.71925668E-06       0.41101562E-05       0.69592778E-06       0.19596381E-04       0.55487854E-06       0.34707294E-06       0.14364748E-05       0.25760449E-04       0.66262408E-05       0.42434231E-07       0.14123787E-08       0.29710453E-04       0.39262325E-05       0.13991744E-06       0.16146645E-08       0.30672448E-04       0.35036290E-05       0.23354541E-07       0.24566897E-08       0.30672589E-04       0.35040354E-05       0.23353391E-07       0.24554351E-08
      0.40840889E+01       0.37946841E-02       0.21355175E-02       0.00000000E+00       0.11554902E-03       0.14586678E-05       0.65512895E-05       0.12821685E-05       0.35875154E-04       0.10367925E-05       0.65649310E-06       0.26359926E-05       0.47101675E-04       0.12499163E-04       0.78084676E-07       0.25975287E-08       0.54230397E-04       0.75907203E-05       0.25594316E-06       0.29584303E-08       0.56092065E-04       0.68289317E-05       0.43158103E-07       0.45001461E-08       0.56092337E-04       0.68296727E-05       0.43155941E-07       0.44978489E-08
      0.41871623E+01       0.66324014E-02       0.37283726E-02       0.00000000E+00       0.20135637E-03       0.28483936E-05       0.10975782E-04       0.22531930E-05       0.62569623E-04       0.18589428E-05       0.11907247E-05       0.46107915E-05       0.82021776E-04       0.22602848E-04       0.13814927E-06       0.46189504E-08       0.94255305E-04       0.14112159E-04       0.44758254E-06       0.52267574E-08       0.97708229E-04       0.12790996E-04       0.76964734E-07       0.79102326E-08       0.97708732E-04       0.12792286E-04       0.76960800E-07       0.79062275E-08
      0.42902357E+01       0.11081677E-01       0.62199727E-02       0.00000000E+00       0.33518339E-03       0.53496424E-05       0.18072923E-04       0.37866386E-05       0.10424894E-03       0.32063590E-05       0.20734011E-05       0.77088063E-05       0.13639425E-03       0.39250835E-04       0.23452276E-06       0.79008360E-08       0.15641885E-03       0.25226177E-04       0.74911757E-06       0.88713139E-08       0.16256629E-03       0.23035815E-04       0.13204983E-06       0.13330222E-07       0.16256718E-03       0.23037960E-04       0.13204291E-06       0.13323552E-07
      0.43933092E+01       0.17746656E-01       0.99427887E-02       0.00000000E+00       0.53449760E-03       0.96603564E-05       0.28721309E-04       0.61017305E-05       0.16638817E-03       0.53373627E-05       0.34720260E-05       0.12353503E-04       0.21717880E-03       0.65587734E-04       0.38258803E-06       0.13010216E-07       0.24855247E-03       0.43388872E-04       0.12030914E-05       0.14483150E-07       0.25906942E-03       0.39920460E-04       0.21829174E-06       0.21579612E-07       0.25907094E-03       0.39923882E-04       0.21827994E-06       0.21568974E-07
      0.44963826E+01       0.27310951E-01       0.15269745E-01       0.00000000E+00       0.81872775E-03       0.16770008E-04       0.43923726E-04       0.94506051E-05       0.25507549E-03       0.86011331E-05       0.55996866E-05       0.19025436E-04       0.33198826E-03       0.10564819E-03       0.60112758E-06       0.20667793E-07       0.37921369E-03       0.71854650E-04       0.18593455E-05       0.22795876E-07       0.39651494E-03       0.66609848E-04       0.34852713E-06       0.33647057E-07       0.39651742E-03       0.66615101E-04       0.34850759E-06       0.33630760E-07
      0.45994560E+01       0.40484108E-01       0.22583476E-01       0.00000000E+00       0.12076274E-02       0.27984981E-04       0.64707398E-04       0.14099208E-04       0.37648008E-03       0.13453357E-04       0.87081416E-05       0.28225346E-04       0.48833931E-03       0.16427301E-03       0.91167246E-06       0.31742017E-07       0.55689108E-03       0.11461935E-03       0.27726622E-05       0.34668567E-07       0.58427246E-03       0.10705317E-03       0.53869632E-06       0.50656674E-07       0.58427639E-03       0.10706095E-03       0.53866483E-06       0.50632638E-07
      0.47025295E+01       0.57917963E-01       0.32229352E-01       0.00000000E+00       0.17188303E-02       0.44902972E-04       0.91986066E-04       0.20296162E-04       0.53605512E-03       0.20465873E-04       0.13069244E-04       0.40415840E-04       0.69256459E-03       0.24682173E-03       0.13371753E-05       0.47219646E-07       0.78885828E-03       0.17616775E-03       0.39986528E-05       0.51039664E-07       0.83056646E-03       0.16578263E-03       0.80766625E-06       0.73800236E-07       0.83057247E-03       0.16579377E-03       0.80761681E-06       0.73766040E-07
      0.48056029E+01       0.80095935E-01       0.44454236E-01       0.00000000E+00       0.23646937E-02       0.69322915E-04       0.12638948E-03       0.28231170E-04       0.73751347E-03       0.30325009E-04       0.18944474E-04       0.55943531E-04       0.94845236E-03       0.35866162E-03       0.19000733E-05       0.68149028E-07       0.10797248E-02       0.26100896E-03       0.55877714E-05       0.72847592E-07       0.11409162E-02       0.24751591E-03       0.11766688E-05       0.10423377E-06       0.11409251E-02       0.24753134E-03       0.11765932E-05       0.10418675E-06
      0.49086763E+01       0.10721382E+00       0.59341373E-01       0.00000000E+00       0.31489379E-02       0.10310126E-03       0.16808912E-03       0.37990914E-04       0.98175194E-03       0.43817975E-04       0.26548104E-04       0.74954375E-04       0.12558611E-02       0.50451315E-03       0.26202406E-05       0.95564410E-07       0.14299070E-02       0.37307795E-03       0.75782127E-05       0.10092989E-06       0.15164900E-02       0.35662981E-03       0.16685399E-05       0.14295594E-06       0.15165027E-02       0.35665054E-03       0.16684271E-05       0.14289340E-06
      0.50117498E+01       0.13908851E+00       0.76761567E-01       0.00000000E+00       0.40640803E-02       0.14799254E-03       0.21667572E-03       0.49527087E-04       0.12660588E-02       0.61811677E-04       0.36015180E-04       0.97327616E-04       0.16097616E-02       0.68783807E-03       0.35137176E-05       0.13041124E-06       0.18344607E-02       0.51517924E-03       0.99895780E-05       0.13593185E-06       0.19528721E-02       0.49665909E-03       0.23071641E-05       0.19070691E-06       0.19528897E-02       0.49668607E-03       0.23070001E-05       0.19062629E-06
      0.51148232E+01       0.17514161E+00       0.96366446E-01       0.00000000E+00       0.50909678E-02       0.20553719E-03       0.27116080E-03       0.62654372E-04       0.15840282E-02       0.85238937E-04       0.47388833E-04       0.12266134E-03       0.20002603E-02       0.91052801E-03       0.45933757E-05       0.17350495E-06       0.22828535E-02       0.68870512E-03       0.12820285E-04       0.17827548E-06       0.24398883E-02       0.67002371E-03       0.31178343E-05       0.24794245E-06       0.24399123E-02       0.67005774E-03       0.31176019E-05       0.24784159E-06
      0.52178966E+01       0.21449372E+00       0.11764324E+00       0.00000000E+00       0.62014253E-02       0.27705959E-03       0.33015395E-03       0.77090448E-04       0.19264948E-02       0.11511123E-03       0.60637749E-04       0.15033518E-03       0.24139930E-02       0.11731009E-02       0.58723175E-05       0.22555449E-06       0.27601357E-02       0.89380607E-03       0.16051636E-04       0.22823736E-06       0.29629846E-02       0.87814127E-03       0.41291549E-05       0.31492938E-06       0.29630165E-02       0.87818286E-03       0.41288333E-05       0.31480667E-06
      0.53209701E+01       0.25616770E+00       0.14002969E+00       0.00000000E+00       0.73640388E-02       0.36381185E-03       0.39220708E-03       0.92534584E-04       0.22834545E-02       0.15257781E-03       0.75704849E-04       0.17964980E-03       0.28367860E-02       0.14754285E-02       0.73699853E-05       0.28727299E-06       0.32495297E-02       0.11300102E-02       0.19660066E-04       0.28615763E-06       0.35061485E-02       0.11219264E-02       0.53768709E-05       0.39197090E-06       0.35061904E-02       0.11219757E-02       0.53764357E-05       0.39182533E-06
      0.54240435E+01       0.29934890E+00       0.16305955E+00       0.00000000E+00       0.85517234E-02       0.46725007E-03       0.45623187E-03       0.10876182E-03       0.26464731E-02       0.19904578E-03       0.92575545E-04       0.21000765E-03       0.32568466E-02       0.18177634E-02       0.91199292E-05       0.35958504E-06       0.37358461E-02       0.13970485E-02       0.23636726E-04       0.35275615E-06       0.40556636E-02       0.14024835E-02       0.69095400E-05       0.47972249E-06       0.40557177E-02       0.14025402E-02       0.69089624E-05       0.47955353E-06
      0.55271169E+01       0.34361107E+00       0.18648767E+00       0.00000000E+00       0.97486422E-02       0.58936959E-03       0.52183413E-03       0.12569624E-03       0.30107309E-02       0.25635920E-03       0.11134404E-03       0.24107175E-03       0.36672837E-02       0.22016288E-02       0.11177347E-04       0.44392075E-06       0.42086456E-02       0.16954594E-02       0.28010863E-04       0.42947988E-06       0.46034435E-02       0.17216501E-02       0.87952875E-05       0.57951485E-06       0.46035128E-02       0.17217137E-02       0.87945326E-05       0.57932224E-06
      0.56301904E+01       0.38901855E+00       0.21034483E+00       0.00000000E+00       0.10954033E-01       0.73300066E-03       0.58941541E-03       0.14343089E-03       0.33758799E-02       0.32702919E-03       0.13226012E-03       0.27283941E-03       0.40668390E-02       0.26301457E-02       0.13624937E-04       0.54258130E-06       0.46640327E-02       0.20265699E-02       0.32872376E-04       0.51879445E-06       0.51486843E-02       0.20820828E-02       0.11129084E-04       0.69361841E-06       0.51487720E-02       0.20821526E-02       0.11128108E-04       0.69340186E-06
      0.57332638E+01       0.43606208E+00       0.23489888E+00       0.00000000E+00       0.12181622E-01       0.90196240E-03       0.65998050E-03       0.16218448E-03       0.37453335E-02       0.41448288E-03       0.15574820E-03       0.30559961E-03       0.44584024E-02       0.31076133E-02       0.16576305E-04       0.65912781E-06       0.51044514E-02       0.23917237E-02       0.38388455E-04       0.62434363E-06       0.56971841E-02       0.24867934E-02       0.14039524E-04       0.82541644E-06       0.56972936E-02       0.24868693E-02       0.14038268E-04       0.82517537E-06
      0.58363372E+01       0.48546057E+00       0.26054119E+00       0.00000000E+00       0.13455190E-01       0.11010140E-02       0.73472728E-03       0.18221742E-03       0.41243115E-02       0.52329129E-03       0.18241203E-03       0.33979393E-03       0.48459429E-02       0.36385468E-02       0.20177530E-04       0.79871204E-06       0.55366608E-02       0.27910525E-02       0.44810452E-04       0.75096173E-06       0.62586649E-02       0.29383692E-02       0.17694999E-04       0.97954252E-06       0.62587996E-02       0.29384516E-02       0.17693388E-04       0.97927594E-06
      0.59394107E+01       0.53792342E+00       0.28765235E+00       0.00000000E+00       0.14802329E-01       0.13355992E-02       0.81460828E-03       0.20375501E-03       0.45175436E-02       0.65932607E-03       0.21305259E-03       0.37584369E-03       0.52313441E-02       0.42266854E-02       0.24608237E-04       0.96823670E-06       0.59687712E-02       0.32224256E-02       0.52468495E-04       0.90457270E-06       0.68432718E-02       0.34383440E-02       0.22309650E-04       0.11620903E-05       0.68434340E-02       0.34384349E-02       0.22307579E-04       0.11617967E-05
      0.60424841E+01       0.59398042E+00       0.31650878E+00       0.00000000E+00       0.16248861E-01       0.16114325E-02       0.90006971E-03       0.22696561E-03       0.49276594E-02       0.82980392E-03       0.24873346E-03       0.41401576E-03       0.56127565E-02       0.48744850E-02       0.30083324E-04       0.11762473E-05       0.64074587E-02       0.36812260E-02       0.61753457E-04       0.10920328E-05       0.74586262E-02       0.39871548E-02       0.28150743E-04       0.13810222E-05       0.74588169E-02       0.39872577E-02       0.28148081E-04       0.13806996E-05
      0.61455575E+01       0.65394514E+00       0.34726841E+00       0.00000000E+00       0.17815442E-01       0.19340427E-02       0.99108105E-03       0.25201669E-03       0.53548910E-02       0.10432401E-02       0.29092812E-03       0.45437139E-03       0.59853377E-02       0.55833191E-02       0.36856606E-04       0.14325917E-05       0.68561968E-02       0.41612212E-02       0.73090277E-04       0.13209850E-05       0.81083212E-02       0.45848272E-02       0.35551971E-04       0.16469154E-05       0.81085397E-02       0.45849475E-02       0.35548554E-04       0.16465613E-05
      0.62486310E+01       0.71800971E+00       0.38003544E+00       0.00000000E+00       0.19516588E-01       0.23084806E-02       0.10874209E-02       0.27919351E-03       0.57980304E-02       0.13094710E-02       0.34179099E-03       0.49679626E-03       0.63440081E-02       0.63542148E-02       0.45229280E-04       0.17481571E-05       0.73147952E-02       0.46562257E-02       0.86913530E-04       0.15998205E-05       0.87918814E-02       0.52321669E-02       0.44942241E-04       0.19742502E-05       0.87921246E-02       0.52323122E-02       0.44937877E-04       0.19738618E-05
      0.63517044E+01       0.78642108E+00       0.41497533E+00       0.00000000E+00       0.21361468E-01       0.27394869E-02       0.11890791E-02       0.30903929E-03       0.62560312E-02       0.16400856E-02       0.40460882E-03       0.54107608E-03       0.66868291E-02       0.71887660E-02       0.55569130E-04       0.21352877E-05       0.77801058E-02       0.51618558E-02       0.10366398E-03       0.19379248E-05       0.95055796E-02       0.59320631E-02       0.56905444E-04       0.23835710E-05       0.95058419E-02       0.59322426E-02       0.56899914E-04       0.23831445E-05
      0.64547778E+01       0.85969075E+00       0.45245129E+00       0.00000000E+00       0.23356115E-01       0.32324431E-02       0.12966442E-02       0.34247868E-03       0.67295348E-02       0.20497854E-02       0.48451589E-03       0.58698089E-03       0.70174398E-02       0.80900603E-02       0.68350594E-04       0.26096795E-05       0.82476413E-02       0.56767423E-02       0.12382897E-03       0.23464974E-05       0.10243455E-01       0.66906725E-02       0.72292075E-04       0.29050761E-05       0.10243728E-01       0.66908969E-02       0.72285146E-04       0.29046072E-05
      0.65578513E+01       0.93882886E+00       0.49317352E+00       0.00000000E+00       0.25507593E-01       0.37952647E-02       0.14116573E-02       0.38091663E-03       0.72218997E-02       0.25592085E-02       0.58955808E-03       0.63434421E-03       0.73457393E-02       0.90638549E-02       0.84226831E-04       0.31943936E-05       0.87139344E-02       0.62030664E-02       0.14804315E-03       0.28402543E-05       0.10998302E-01       0.75186162E-02       0.92401928E-04       0.35842969E-05       0.10998575E-01       0.75188968E-02       0.92393338E-04       0.35837801E-05
      0.66609247E+01       0.10256218E+01       0.53836913E+00       0.00000000E+00       0.27830952E-01       0.44409768E-02       0.15370216E-02       0.42633659E-03       0.77396998E-02       0.31994552E-02       0.73211967E-03       0.68314304E-03       0.76871335E-02       0.10120439E-01       0.10413913E-03       0.39260398E-05       0.91794181E-02       0.67468355E-02       0.17724430E-03       0.34400845E-05       0.11762794E-01       0.84325202E-02       0.11924059E-03       0.44902276E-05       0.11763054E-01       0.84328686E-02       0.11923003E-03       0.44896560E-05
      0.67639981E+01       0.11229481E+01       0.58996740E+00       0.00000000E+00       0.30358571E-01       0.51901424E-02       0.16775674E-02       0.48142474E-03       0.82928038E-02       0.40178466E-02       0.93055043E-03       0.73357704E-03       0.80613883E-02       0.11277278E-01       0.12945477E-03       0.48622698E-05       0.96512799E-02       0.73185374E-02       0.21284524E-03       0.41761746E-05       0.12530813E-01       0.94570065E-02       0.15581602E-03       0.57252740E-05       0.12531045E-01       0.94574346E-02       0.15580309E-03       0.57246380E-05
      0.68670716E+01       0.12350409E+01       0.65074783E+00       0.00000000E+00       0.33148865E-01       0.60718381E-02       0.18407089E-02       0.54970054E-03       0.88939530E-02       0.50833428E-02       0.12105293E-02       0.78611293E-03       0.84919186E-02       0.12561665E-01       0.16210125E-03       0.60886466E-05       0.10145288E-01       0.79344523E-02       0.25684510E-03       0.50903102E-05       0.13298549E-01       0.10626557E-01       0.20638275E-03       0.74344839E-05       0.13298735E-01       0.10627077E-01       0.20636688E-03       0.74337704E-05
      0.69701450E+01       0.13675074E+01       0.72434072E+00       0.00000000E+00       0.36288583E-01       0.71218331E-02       0.20368880E-02       0.63555054E-03       0.95574716E-02       0.64888469E-02       0.16053765E-02       0.84143188E-03       0.90053196E-02       0.14011632E-01       0.20464035E-03       0.77221004E-05       0.10685412E-01       0.86182342E-02       0.31178089E-03       0.62354298E-05       0.14064425E-01       0.11985872E-01       0.27647679E-03       0.98091118E-05       0.14064546E-01       0.11986493E-01       0.27645720E-03       0.98083022E-05
      0.70732184E+01       0.15268713E+01       0.81494338E+00       0.00000000E+00       0.39882035E-01       0.83772386E-02       0.22793125E-02       0.74398773E-03       0.10296680E-01       0.83469648E-02       0.21543718E-02       0.90022338E-03       0.96298094E-02       0.15673004E-01       0.26021168E-03       0.99079355E-05       0.11300439E-01       0.94018172E-02       0.38043258E-03       0.76705878E-05       0.14827058E-01       0.13586900E-01       0.37254934E-03       0.13077807E-04       0.14827096E-01       0.13587633E-01       0.37252495E-03       0.13076876E-04
      0.71762919E+01       0.17194845E+01       0.92665745E+00       0.00000000E+00       0.44023087E-01       0.98681139E-02       0.25825494E-02       0.87995492E-03       0.11119976E-01       0.10776435E-01       0.28983939E-02       0.96282052E-03       0.10390868E-01       0.17591242E-01       0.33228755E-03       0.12808094E-04       0.12017657E-01       0.10324726E-01       0.46525859E-03       0.94507688E-05       0.15581321E-01       0.15481131E-01       0.50104952E-03       0.17479307E-04       0.15581258E-01       0.15481985E-01       0.50101899E-03       0.17478223E-04
      0.72793653E+01       0.19498796E+01       0.10624817E+01       0.00000000E+00       0.48752121E-01       0.11608065E-01       0.29599052E-02       0.10471179E-02       0.12026324E-01       0.13879177E-01       0.38730865E-02       0.10287522E-02       0.11303284E-01       0.19798835E-01       0.42423632E-03       0.16580698E-04       0.12854760E-01       0.11431655E-01       0.56765716E-03       0.11613617E-04       0.16313874E-01       0.17707262E-01       0.66696961E-03       0.23215308E-04       0.16313694E-01       0.17708246E-01       0.66693141E-03       0.23214034E-04
      0.73824387E+01       0.22189560E+01       0.12231860E+01       0.00000000E+00       0.54008935E-01       0.13587163E-01       0.34201436E-02       0.12463474E-02       0.13001788E-01       0.17712426E-01       0.51011274E-02       0.10963642E-02       0.12360962E-01       0.22301836E-01       0.53878244E-03       0.21354572E-04       0.13812142E-01       0.12769443E-01       0.68729051E-03       0.14168224E-04       0.17000496E-01       0.20276903E-01       0.87213333E-03       0.30391063E-04       0.17000188E-01       0.20278023E-01       0.87208592E-03       0.30389562E-04
      0.74855122E+01       0.25226832E+01       0.14064684E+01       0.00000000E+00       0.59600289E-01       0.15770850E-01       0.39646816E-02       0.14743840E-02       0.14019220E-01       0.22265164E-01       0.65864856E-02       0.11626975E-02       0.13528260E-01       0.25071430E-01       0.67754710E-03       0.27206507E-04       0.14868288E-01       0.14385656E-01       0.82180694E-03       0.17093018E-04       0.17607552E-01       0.23163572E-01       0.11137841E-02       0.38961505E-04       0.17607108E-01       0.23164836E-01       0.11137262E-02       0.38959751E-04
      0.75885856E+01       0.28520649E+01       0.16068472E+01       0.00000000E+00       0.65202305E-01       0.18107177E-01       0.45865875E-02       0.17233411E-02       0.15042779E-01       0.27450123E-01       0.83138650E-02       0.12237732E-02       0.14737939E-01       0.28046330E-01       0.84088545E-03       0.34150925E-04       0.15980836E-01       0.16330877E-01       0.96725927E-03       0.20348443E-04       0.18098657E-01       0.26301384E-01       0.13841474E-02       0.48706501E-04       0.18098076E-01       0.26302794E-01       0.13840781E-02       0.48704481E-04
      0.76916590E+01       0.31947904E+01       0.18165644E+01       0.00000000E+00       0.70409427E-01       0.20541686E-01       0.52721918E-02       0.19815717E-02       0.16037255E-01       0.33119327E-01       0.10255107E-01       0.12753136E-02       0.15899673E-01       0.31148203E-01       0.10281476E-02       0.42148885E-04       0.17094490E-01       0.18664891E-01       0.11192935E-02       0.23904534E-04       0.18445327E-01       0.29597715E-01       0.16714451E-02       0.59254426E-04       0.18444611E-01       0.29599274E-01       0.16713641E-02       0.59252154E-04
      0.77947325E+01       0.35383134E+01       0.20273830E+01       0.00000000E+00       0.74823682E-01       0.23035299E-01       0.60049770E-02       0.22359456E-02       0.16979588E-01       0.39102088E-01       0.12381233E-01       0.13137434E-02       0.16919218E-01       0.34306006E-01       0.12382764E-02       0.51135115E-04       0.18154409E-01       0.21463485E-01       0.12748121E-02       0.27775122E-04       0.18637963E-01       0.32958622E-01       0.19623226E-02       0.70157008E-04       0.18637119E-01       0.32960332E-01       0.19622300E-02       0.70154523E-04
      0.78978059E+01       0.38733225E+01       0.22326980E+01       0.00000000E+00       0.78157630E-01       0.25577634E-01       0.67701395E-02       0.24749411E-02       0.17867811E-01       0.45253041E-01       0.14675338E-01       0.13371494E-02       0.17723159E-01       0.37479046E-01       0.14704078E-02       0.61051027E-04       0.19120848E-01       0.24819270E-01       0.14334687E-02       0.32043301E-04       0.18692283E-01       0.36318748E-01       0.22449875E-02       0.80995634E-04       0.18691321E-01       0.36320606E-01       0.22448835E-02       0.80992994E-04
      0.80008793E+01       0.41961384E+01       0.24291059E+01       0.00000000E+00       0.80312710E-01       0.28188264E-01       0.75575734E-02       0.26914628E-02       0.18722357E-01       0.51490136E-01       0.17139690E-01       0.13458250E-02       0.18280173E-01       0.40666899E-01       0.17240162E-02       0.71864413E-04       0.19979219E-01       0.28829265E-01       0.15982400E-02       0.36861783E-04       0.18647261E-01       0.39662831E-01       0.25119124E-02       0.91481357E-04       0.18646191E-01       0.39664829E-01       0.25117969E-02       0.91478628E-04
      0.81039528E+01       0.45088266E+01       0.26166955E+01       0.00000000E+00       0.81400169E-01       0.30902438E-01       0.83615466E-02       0.28842680E-02       0.19577294E-01       0.57804049E-01       0.19791811E-01       0.13421492E-02       0.18609546E-01       0.43899229E-01       0.19982825E-02       0.83558909E-04       0.20740905E-01       0.33565739E-01       0.17745904E-02       0.42419553E-04       0.18553955E-01       0.43027206E-01       0.27609926E-02       0.10150860E-03       0.18552788E-01       0.43029328E-01       0.27608648E-02       0.10150583E-03
      0.82070262E+01       0.48167562E+01       0.27978440E+01       0.00000000E+00       0.81694004E-01       0.33744461E-01       0.91769245E-02       0.30573977E-02       0.20463652E-01       0.64231968E-01       0.22648920E-01       0.13298215E-02       0.18771966E-01       0.47208455E-01       0.22907538E-02       0.96089737E-04       0.21433881E-01       0.39034532E-01       0.19683205E-02       0.48880662E-04       0.18458862E-01       0.46477407E-01       0.29946439E-02       0.11113930E-03       0.18457610E-01       0.46479626E-01       0.29945020E-02       0.11113653E-03
      0.83100996E+01       0.51245147E+01       0.29749847E+01       0.00000000E+00       0.81533892E-01       0.36698079E-01       0.99936521E-02       0.32178163E-02       0.21391393E-01       0.70804970E-01       0.25705847E-01       0.13127600E-02       0.18844820E-01       0.50597793E-01       0.25958314E-02       0.10932107E-03       0.22086686E-01       0.45133425E-01       0.21828183E-02       0.56315305E-04       0.18388504E-01       0.50068742E-01       0.32171883E-02       0.12052270E-03       0.18387182E-01       0.50071021E-01       0.32170299E-02       0.12051992E-03
      0.84131731E+01       0.54318890E+01       0.31483005E+01       0.00000000E+00       0.81216319E-01       0.39685791E-01       0.10792290E-01       0.33721773E-02       0.22338138E-01       0.77490721E-01       0.28915379E-01       0.12941181E-02       0.18890983E-01       0.54020507E-01       0.29038921E-02       0.12297404E-03       0.22712054E-01       0.51627593E-01       0.24167632E-02       0.64649754E-04       0.18341979E-01       0.53804951E-01       0.34315940E-02       0.12978179E-03       0.18340609E-01       0.53807241E-01       0.34314166E-02       0.12977897E-03
      0.85162465E+01       0.57316054E+01       0.33143208E+01       0.00000000E+00       0.80914091E-01       0.42566283E-01       0.11543062E-01       0.35239003E-02       0.23250380E-01       0.84155276E-01       0.32179675E-01       0.12757956E-02       0.18933140E-01       0.57380707E-01       0.32017053E-02       0.13661396E-03       0.23296100E-01       0.58156292E-01       0.26631935E-02       0.73655964E-04       0.18294795E-01       0.57611404E-01       0.36368408E-02       0.13890849E-03       0.18293407E-01       0.57613658E-01       0.36366430E-02       0.13890558E-03
      0.86193199E+01       0.60097026E+01       0.34659620E+01       0.00000000E+00       0.80648629E-01       0.45152562E-01       0.12209252E-01       0.36715043E-02       0.24057616E-01       0.90558528E-01       0.35356956E-01       0.12585610E-02       0.18943734E-01       0.60554608E-01       0.34742712E-02       0.14968860E-03       0.23796106E-01       0.64275039E-01       0.29102779E-02       0.82985632E-04       0.18212161E-01       0.61333131E-01       0.38268387E-02       0.14770273E-03       0.18210791E-01       0.61335311E-01       0.38266214E-02       0.14769972E-03
      0.87223934E+01       0.62482548E+01       0.35938993E+01       0.00000000E+00       0.80315541E-01       0.47245811E-01       0.12753791E-01       0.38085993E-02       0.24694214E-01       0.96383087E-01       0.38281327E-01       0.12425968E-02       0.18854552E-01       0.63420296E-01       0.37075263E-02       0.16160553E-03       0.24146505E-01       0.69524583E-01       0.31434469E-02       0.92234998E-04       0.18065464E-01       0.64757728E-01       0.39911550E-02       0.15577184E-03       0.18064157E-01       0.64759816E-01       0.39909221E-02       0.15576874E-03
      0.88254668E+01       0.64292579E+01       0.36886370E+01       0.00000000E+00       0.79743986E-01       0.48674757E-01       0.13146437E-01       0.39253715E-02       0.25120547E-01       0.10128387E+00       0.40788687E-01       0.12280965E-02       0.18582467E-01       0.65880065E-01       0.38909049E-02       0.17181791E-03       0.24270617E-01       0.73507896E-01       0.33480508E-02       0.10101458E-03       0.17844285E-01       0.67654039E-01       0.41171570E-02       0.16258670E-03       0.17843089E-01       0.67656041E-01       0.41169158E-02       0.16258358E-03
      0.89285402E+01       0.65382383E+01       0.37424841E+01       0.00000000E+00       0.78762189E-01       0.49329309E-01       0.13368903E-01       0.40110171E-02       0.25335351E-01       0.10494133E+00       0.42740399E-01       0.12155624E-02       0.18061968E-01       0.67864434E-01       0.40187791E-02       0.17988600E-03       0.24095162E-01       0.75953878E-01       0.35116537E-02       0.10899835E-03       0.17558521E-01       0.69813383E-01       0.41928123E-02       0.16757792E-03       0.17557479E-01       0.69815324E-01       0.41925730E-02       0.16757488E-03
      0.90316137E+01       0.65665614E+01       0.37508618E+01       0.00000000E+00       0.77245994E-01       0.49180061E-01       0.13416425E-01       0.40564410E-02       0.25375071E-01       0.10710503E+00       0.44039077E-01       0.12056591E-02       0.17272975E-01       0.69318208E-01       0.40903268E-02       0.18549786E-03       0.23564875E-01       0.76752547E-01       0.36254013E-02       0.11593923E-03       0.17230010E-01       0.71082017E-01       0.42093602E-02       0.17024988E-03       0.17229160E-01       0.71083932E-01       0.42091342E-02       0.17024702E-03
      0.91346871E+01       0.65121812E+01       0.37127892E+01       0.00000000E+00       0.75139769E-01       0.48280475E-01       0.13296022E-01       0.40565601E-02       0.25301396E-01       0.10762260E+00       0.44635467E-01       0.11987440E-02       0.16254602E-01       0.70180019E-01       0.41081175E-02       0.18845695E-03       0.22654735E-01       0.75957846E-01       0.36844195E-02       0.12165606E-03       0.16878088E-01       0.71379557E-01       0.41632810E-02       0.17029014E-03       0.16877456E-01       0.71381471E-01       0.41630789E-02       0.17028754E-03
      0.92377605E+01       0.63792547E+01       0.36307626E+01       0.00000000E+00       0.72452532E-01       0.46753863E-01       0.13023206E-01       0.40117044E-02       0.25182978E-01       0.10645579E+00       0.44529287E-01       0.11943925E-02       0.15100918E-01       0.70371665E-01       0.40762798E-02       0.18866262E-03       0.21377275E-01       0.73765298E-01       0.36876236E-02       0.12601160E-03       0.16506351E-01       0.70704535E-01       0.40572771E-02       0.16765374E-03       0.16505947E-01       0.70706457E-01       0.40571069E-02       0.16765143E-03
      0.93408339E+01       0.61773226E+01       0.35103860E+01       0.00000000E+00       0.69241212E-01       0.44770887E-01       0.12619295E-01       0.39278359E-02       0.25079384E-01       0.10368743E+00       0.43767848E-01       0.11912518E-02       0.13941068E-01       0.69809264E-01       0.39992041E-02       0.18611063E-03       0.19783039E-01       0.70477251E-01       0.36374424E-02       0.12890416E-03       0.16097313E-01       0.69132157E-01       0.39002263E-02       0.16260448E-03       0.16097132E-01       0.69134065E-01       0.39000915E-02       0.16260242E-03
      0.94439074E+01       0.59205569E+01       0.33599899E+01       0.00000000E+00       0.65594441E-01       0.42524368E-01       0.12110713E-01       0.38156054E-02       0.25033782E-01       0.99520763E-01       0.42444247E-01       0.11873920E-02       0.12910872E-01       0.68436584E-01       0.38813238E-02       0.18092369E-03       0.17953761E-01       0.66466581E-01       0.35397563E-02       0.13028481E-03       0.15617858E-01       0.66808875E-01       0.37062184E-02       0.15570088E-03       0.15617877E-01       0.66810715E-01       0.37061177E-02       0.15569893E-03
      0.95469808E+01       0.56270981E+01       0.31902238E+01       0.00000000E+00       0.61625008E-01       0.40206930E-01       0.11530085E-01       0.36885551E-02       0.25076168E-01       0.94267735E-01       0.40693458E-01       0.11810590E-02       0.12124552E-01       0.66267675E-01       0.37278444E-02       0.17339680E-03       0.15990033E-01       0.62142869E-01       0.34039611E-02       0.13019323E-03       0.15033242E-01       0.63944815E-01       0.34928620E-02       0.14772387E-03       0.15033426E-01       0.63946513E-01       0.34927891E-02       0.14772187E-03
      0.96500542E+01       0.53180962E+01       0.30134062E+01       0.00000000E+00       0.57470658E-01       0.37994513E-01       0.10917494E-01       0.35609733E-02       0.25233427E-01       0.88321444E-01       0.38682601E-01       0.11715046E-02       0.11653493E-01       0.63418233E-01       0.35457534E-02       0.16402506E-03       0.13996920E-01       0.57918329E-01       0.32427484E-02       0.12878992E-03       0.14323502E-01       0.60801175E-01       0.32790884E-02       0.13955644E-03       0.14323806E-01       0.60802645E-01       0.32790338E-02       0.13955420E-03
      0.97531277E+01       0.50160096E+01       0.28424260E+01       0.00000000E+00       0.53296318E-01       0.36036526E-01       0.10319807E-01       0.34459492E-02       0.25538910E-01       0.82110411E-01       0.36592787E-01       0.11594995E-02       0.11515402E-01       0.60107569E-01       0.33443200E-02       0.15348370E-03       0.12071158E-01       0.54169066E-01       0.30711719E-02       0.12635979E-03       0.13495047E-01       0.57668579E-01       0.30827457E-02       0.13203853E-03       0.13495420E-01       0.57669744E-01       0.30826982E-02       0.13203589E-03
      0.98562011E+01       0.47420857E+01       0.26892125E+01       0.00000000E+00       0.49289763E-01       0.34452105E-01       0.97867709E-02       0.33540514E-02       0.26034706E-01       0.76040080E-01       0.34594070E-01       0.11472632E-02       0.11673822E-01       0.56625398E-01       0.31346358E-02       0.14255148E-03       0.10292362E-01       0.51191888E-01       0.29048728E-02       0.12327616E-03       0.12582642E-01       0.54835594E-01       0.29183613E-02       0.12583029E-03       0.12583036E-01       0.54836399E-01       0.29183103E-02       0.12582712E-03
      0.99592745E+01       0.45135246E+01       0.25631089E+01       0.00000000E+00       0.45647271E-01       0.33331529E-01       0.93642760E-02       0.32928366E-02       0.26764309E-01       0.70435017E-01       0.32819893E-01       0.11378110E-02       0.12046126E-01       0.53273871E-01       0.29283178E-02       0.13199830E-03       0.87187647E-02       0.49164789E-01       0.27578210E-02       0.11993540E-03       0.11641314E-01       0.52552480E-01       0.27955189E-02       0.12131803E-03       0.11641682E-01       0.52552910E-01       0.27954563E-02       0.12131428E-03
      0.10062348E+02       0.43412374E+01       0.24696721E+01       0.00000000E+00       0.42552587E-01       0.32741514E-01       0.90867963E-02       0.32671355E-02       0.27759448E-01       0.65499112E-01       0.31349721E-01       0.11339937E-02       0.12517800E-01       0.50307114E-01       0.27359452E-02       0.12247705E-03       0.73865890E-02       0.48124854E-01       0.26402778E-02       0.11668968E-03       0.10731939E-01       0.51000103E-01       0.27182525E-02       0.11858807E-03       0.10732245E-01       0.51000194E-01       0.27181735E-02       0.11858376E-03
      0.10165421E+02       0.42290519E+01       0.24103474E+01       0.00000000E+00       0.40156575E-01       0.32731979E-01       0.89716655E-02       0.32798271E-02       0.29028900E-01       0.61307016E-01       0.30206474E-01       0.11376437E-02       0.12961168E-01       0.47891559E-01       0.25658881E-02       0.11445859E-03       0.63116116E-02       0.47975631E-01       0.25576831E-02       0.11380580E-03       0.99064019E-02       0.50273982E-01       0.26856281E-02       0.11747471E-03       0.99066165E-02       0.50273821E-01       0.26855320E-02       0.11746993E-03
      0.10268495E+02       0.41746507E+01       0.23831199E+01       0.00000000E+00       0.38563559E-01       0.33340348E-01       0.90172084E-02       0.33326330E-02       0.30556507E-01       0.57828697E-01       0.29369327E-01       0.11491820E-02       0.13256409E-01       0.46100014E-01       0.24238839E-02       0.10822548E-03       0.54917326E-02       0.48526537E-01       0.25107724E-02       0.11146223E-03       0.91975165E-02       0.50387683E-01       0.26933044E-02       0.11766403E-03       0.91976225E-02       0.50387405E-01       0.26931939E-02       0.11765890E-03
      0.10371568E+02       0.41717349E+01       0.23838149E+01       0.00000000E+00       0.37824850E-01       0.34588714E-01       0.92051187E-02       0.34264261E-02       0.32310300E-01       0.54975452E-01       0.28795503E-01       0.11678037E-02       0.13311804E-01       0.44936165E-01       0.23132507E-02       0.10390921E-03       0.49098446E-02       0.49553503E-01       0.24966722E-02       0.10977376E-03       0.86161359E-02       0.51291029E-01       0.27354644E-02       0.11881478E-03       0.86161259E-02       0.51290803E-01       0.27353447E-02       0.11880946E-03
      0.10474642E+02       0.42123421E+01       0.24074370E+01       0.00000000E+00       0.37934923E-01       0.36471017E-01       0.95057685E-02       0.35607137E-02       0.34257718E-01       0.52646753E-01       0.28440544E-01       0.11920777E-02       0.13079060E-01       0.44372503E-01       0.22352897E-02       0.10153458E-03       0.45367024E-02       0.50859925E-01       0.25103140E-02       0.10881726E-03       0.81545742E-02       0.52891791E-01       0.28063225E-02       0.12064986E-03       0.81544502E-02       0.52891801E-01       0.28062003E-02       0.12064451E-03
      0.10577715E+02       0.42882469E+01       0.24489730E+01       0.00000000E+00       0.38825415E-01       0.38932237E-01       0.98842004E-02       0.37323466E-02       0.36377367E-01       0.50758095E-01       0.28267670E-01       0.12206064E-02       0.12559771E-01       0.44380330E-01       0.21894236E-02       0.10103582E-03       0.43337647E-02       0.52315879E-01       0.25454892E-02       0.10863327E-03       0.77932760E-02       0.55069038E-01       0.29005788E-02       0.12298333E-03       0.77930485E-02       0.55069455E-01       0.29004606E-02       0.12297809E-03
      0.10680789E+02       0.43909638E+01       0.25034310E+01       0.00000000E+00       0.40357331E-01       0.41847837E-01       0.10304819E-01       0.39339946E-02       0.38658755E-01       0.49240547E-01       0.28242834E-01       0.12523950E-02       0.11800942E-01       0.44937008E-01       0.21729339E-02       0.10223188E-03       0.42562224E-02       0.53862808E-01       0.25952159E-02       0.10919498E-03       0.75073698E-02       0.57672734E-01       0.30127124E-02       0.12567645E-03       0.75070552E-02       0.57673698E-01       0.30126035E-02       0.12567144E-03
      0.10783862E+02       0.45107424E+01       0.25653546E+01       0.00000000E+00       0.42318630E-01       0.45016089E-01       0.10734018E-01       0.41532748E-02       0.41087680E-01       0.48017926E-01       0.28320046E-01       0.12867603E-02       0.10880744E-01       0.46009027E-01       0.21805888E-02       0.10478020E-03       0.42565845E-02       0.55486294E-01       0.26515955E-02       0.11036012E-03       0.72710602E-02       0.60514098E-01       0.31356518E-02       0.12855073E-03       0.72706792E-02       0.60515691E-01       0.31355559E-02       0.12854603E-03
      0.10886935E+02       0.46355979E+01       0.26283855E+01       0.00000000E+00       0.44437141E-01       0.48174810E-01       0.11141371E-01       0.43733818E-02       0.43623316E-01       0.46979620E-01       0.28427295E-01       0.13228732E-02       0.98887177E-02       0.47522619E-01       0.22047150E-02       0.10815024E-03       0.42891120E-02       0.57173442E-01       0.27056877E-02       0.11183744E-03       0.70597356E-02       0.63358836E-01       0.32598033E-02       0.13131000E-03       0.70593108E-02       0.63361074E-01       0.32597218E-02       0.13130567E-03
      0.10990009E+02       0.47514877E+01       0.26854545E+01       0.00000000E+00       0.46414206E-01       0.51046501E-01       0.11500811E-01       0.45755787E-02       0.46178716E-01       0.45969680E-01       0.28463858E-01       0.13592231E-02       0.89062577E-02       0.49340302E-01       0.22361788E-02       0.11165720E-03       0.43149329E-02       0.58876770E-01       0.27479447E-02       0.11319898E-03       0.68510004E-02       0.65936134E-01       0.33733702E-02       0.13352320E-03       0.68505540E-02       0.65938958E-01       0.33733028E-02       0.13351929E-03
      0.11093082E+02       0.48441742E+01       0.27298558E+01       0.00000000E+00       0.47974361E-01       0.53404188E-01       0.11792858E-01       0.47431443E-02       0.48616295E-01       0.44804499E-01       0.28314587E-01       0.13933371E-02       0.79925514E-02       0.51259242E-01       0.22663220E-02       0.11457093E-03       0.43069984E-02       0.60501224E-01       0.27694395E-02       0.11395170E-03       0.66260022E-02       0.67969589E-01       0.34643283E-02       0.13469325E-03       0.66255551E-02       0.67972873E-01       0.34642731E-02       0.13468980E-03
      0.11196156E+02       0.49024070E+01       0.27569665E+01       0.00000000E+00       0.48916680E-01       0.55139587E-01       0.12007897E-01       0.48656918E-02       0.50763480E-01       0.43316328E-01       0.27878294E-01       0.14219534E-02       0.71788148E-02       0.53037639E-01       0.22893514E-02       0.11627815E-03       0.42535353E-02       0.61918294E-01       0.27636693E-02       0.11365478E-03       0.63715788E-02       0.69225543E-01       0.35235644E-02       0.13439476E-03       0.63711487E-02       0.69229101E-01       0.35235187E-02       0.13439182E-03
      0.11299229E+02       0.49212950E+01       0.27659710E+01       0.00000000E+00       0.49150246E-01       0.56310839E-01       0.12149232E-01       0.49425127E-02       0.52444475E-01       0.41405835E-01       0.27099977E-01       0.14416374E-02       0.64707376E-02       0.54443202E-01       0.23043061E-02       0.11644444E-03       0.41587261E-02       0.62998385E-01       0.27283672E-02       0.11204605E-03       0.60826429E-02       0.69565164E-01       0.35479807E-02       0.13242696E-03       0.60822439E-02       0.69568773E-01       0.35479416E-02       0.13242461E-03
      0.11402303E+02       0.49044875E+01       0.27608380E+01       0.00000000E+00       0.48701738E-01       0.57151410E-01       0.12234125E-01       0.49838708E-02       0.53516548E-01       0.39080888E-01       0.25993731E-01       0.14496276E-02       0.58567426E-02       0.55308285E-01       0.23157298E-02       0.11511417E-03       0.40400813E-02       0.63645851E-01       0.26666452E-02       0.10913156E-03       0.57635984E-02       0.68983405E-01       0.35421803E-02       0.12891511E-03       0.57632406E-02       0.68986822E-01       0.35421453E-02       0.12891343E-03
      0.11505376E+02       0.48641597E+01       0.27500194E+01       0.00000000E+00       0.47694331E-01       0.58033365E-01       0.12291553E-01       0.50098433E-02       0.53897172E-01       0.36463591E-01       0.24646330E-01       0.14446110E-02       0.53185739E-02       0.55572923E-01       0.23325949E-02       0.11270434E-03       0.39230692E-02       0.63822510E-01       0.25869564E-02       0.10520313E-03       0.54277600E-02       0.67621548E-01       0.35178264E-02       0.12431188E-03       0.54274495E-02       0.67624531E-01       0.35177939E-02       0.12431094E-03
      0.11608449E+02       0.48185940E+01       0.27447998E+01       0.00000000E+00       0.46307794E-01       0.59392491E-01       0.12356698E-01       0.50470524E-02       0.53572698E-01       0.33760630E-01       0.23198928E-01       0.14271589E-02       0.48408395E-02       0.55300562E-01       0.23656912E-02       0.10988689E-03       0.38344970E-02       0.63552812E-01       0.25017231E-02       0.10077253E-03       0.50945217E-02       0.65748355E-01       0.34906875E-02       0.11929130E-03       0.50942609E-02       0.65750685E-01       0.34906569E-02       0.11929118E-03
      0.11711523E+02       0.47880091E+01       0.27567163E+01       0.00000000E+00       0.44734610E-01       0.61634322E-01       0.12463612E-01       0.51241573E-02       0.52587568E-01       0.31206964E-01       0.21812756E-01       0.13996848E-02       0.44170571E-02       0.54660240E-01       0.24243103E-02       0.10739606E-03       0.37964468E-02       0.62912066E-01       0.24248904E-02       0.96441177E-04       0.47849277E-02       0.63713929E-01       0.34763367E-02       0.11457181E-03       0.47847161E-02       0.63715422E-01       0.34763083E-02       0.11457258E-03
      0.11814596E+02       0.47898650E+01       0.27947970E+01       0.00000000E+00       0.43144471E-01       0.65045031E-01       0.12638269E-01       0.52671177E-02       0.51021367E-01       0.29003032E-01       0.20630435E-01       0.13659456E-02       0.40510687E-02       0.53880052E-01       0.25133545E-02       0.10582563E-03       0.38221603E-02       0.62004549E-01       0.23690117E-02       0.92746349E-04       0.45168871E-02       0.61887230E-01       0.34860057E-02       0.11073210E-03       0.45167217E-02       0.61887750E-01       0.34859804E-02       0.11073382E-03
      0.11917670E+02       0.48349624E+01       0.28634050E+01       0.00000000E+00       0.41662346E-01       0.69728278E-01       0.12894007E-01       0.54950242E-02       0.48965035E-01       0.27266944E-01       0.19745337E-01       0.13302378E-02       0.37540893E-02       0.53185919E-01       0.26318270E-02       0.10548360E-03       0.39143532E-02       0.60939278E-01       0.23426213E-02       0.90032727E-04       0.43013599E-02       0.60590995E-01       0.35239772E-02       0.10808253E-03       0.43012352E-02       0.60590460E-01       0.35239564E-02       0.10808525E-03
      0.12020743E+02       0.49252736E+01       0.29612316E+01       0.00000000E+00       0.40358278E-01       0.75580106E-01       0.13230265E-01       0.58169192E-02       0.46505814E-01       0.26015839E-01       0.19187341E-01       0.12965060E-02       0.35388509E-02       0.52743689E-01       0.27730892E-02       0.10634805E-03       0.40655406E-02       0.59809247E-01       0.23485641E-02       0.88387085E-04       0.41404625E-02       0.60046865E-01       0.35872067E-02       0.10662835E-03       0.41403706E-02       0.60045255E-01       0.35871918E-02       0.10663213E-03
      0.12123817E+02       0.50538138E+01       0.30815746E+01       0.00000000E+00       0.39243904E-01       0.82303067E-01       0.13634231E-01       0.62297582E-02       0.43724338E-01       0.25178570E-01       0.18926561E-01       0.12675749E-02       0.34130339E-02       0.52620297E-01       0.29265786E-02       0.10812780E-03       0.42595026E-02       0.58677115E-01       0.23836517E-02       0.87650033E-04       0.40277870E-02       0.60339978E-01       0.36669593E-02       0.10612284E-03       0.40277171E-02       0.60337336E-01       0.36669512E-02       0.10612776E-03
      0.12226890E+02       0.52062592E+01       0.32136534E+01       0.00000000E+00       0.38272592E-01       0.89452288E-01       0.14084206E-01       0.67176585E-02       0.40700428E-01       0.24630656E-01       0.18890242E-01       0.12446681E-02       0.33742378E-02       0.52772638E-01       0.30801724E-02       0.11039348E-03       0.44732231E-02       0.57568480E-01       0.24396237E-02       0.87491594E-04       0.39505544E-02       0.61407879E-01       0.37515687E-02       0.10617709E-03       0.39504927E-02       0.61404316E-01       0.37515672E-02       0.10618323E-03
      0.12329963E+02       0.53637079E+01       0.33445194E+01       0.00000000E+00       0.37344562E-01       0.96502911E-01       0.14553555E-01       0.72528255E-02       0.37520342E-01       0.24236501E-01       0.18984876E-01       0.12273072E-02       0.34081058E-02       0.53064511E-01       0.32223203E-02       0.11272392E-03       0.46792665E-02       0.56473148E-01       0.25050655E-02       0.87518397E-04       0.38927614E-02       0.63054463E-01       0.38292775E-02       0.10638104E-03       0.38926918E-02       0.63050156E-01       0.38292814E-02       0.10638846E-03
      0.12433037E+02       0.55059802E+01       0.34611500E+01       0.00000000E+00       0.36321596E-01       0.10292933E+00       0.15014799E-01       0.77987536E-02       0.34279107E-01       0.23884826E-01       0.19116367E-01       0.12136246E-02       0.34901197E-02       0.53305614E-01       0.33434136E-02       0.11481807E-03       0.48491079E-02       0.55354548E-01       0.25677657E-02       0.87376262E-04       0.38383734E-02       0.64986306E-01       0.38904740E-02       0.10640001E-03       0.38382795E-02       0.64981489E-01       0.38904810E-02       0.10640877E-03
      0.12536110E+02       0.56150249E+01       0.35524588E+01       0.00000000E+00       0.35054762E-01       0.10828805E+00       0.15443971E-01       0.83160833E-02       0.31075748E-01       0.23509311E-01       0.19204646E-01       0.12010466E-02       0.35903846E-02       0.53303099E-01       0.34363842E-02       0.11654660E-03       0.49578420E-02       0.54166606E-01       0.26170036E-02       0.86822077E-04       0.37738571E-02       0.66865620E-01       0.39291828E-02       0.10603237E-03       0.37737246E-02       0.66860564E-01       0.39291897E-02       0.10604249E-03
      0.12639184E+02       0.56780844E+01       0.36110602E+01       0.00000000E+00       0.33422797E-01       0.11229421E+00       0.15825329E-01       0.87706358E-02       0.28003796E-01       0.23093675E-01       0.19192711E-01       0.11872123E-02       0.36798538E-02       0.52914544E-01       0.34969092E-02       0.11794647E-03       0.49898496E-02       0.52875484E-01       0.26453570E-02       0.85755565E-04       0.36897611E-02       0.68370950E-01       0.39440052E-02       0.10523253E-03       0.36895807E-02       0.68365934E-01       0.39440088E-02       0.10524400E-03
      0.12742257E+02       0.56901580E+01       0.36345744E+01       0.00000000E+00       0.31371357E-01       0.11487654E+00       0.16155562E-01       0.91418167E-02       0.25141582E-01       0.22665218E-01       0.19051699E-01       0.11708853E-02       0.37361086E-02       0.52089974E-01       0.35236084E-02       0.11917952E-03       0.49437980E-02       0.51481085E-01       0.26497357E-02       0.84215464E-04       0.35813954E-02       0.69253755E-01       0.39386320E-02       0.10410990E-03       0.35811658E-02       0.69249027E-01       0.39386307E-02       0.10412264E-03
      0.12845331E+02       0.56550844E+01       0.36261213E+01       0.00000000E+00       0.28938916E-01       0.11619107E+00       0.16445540E-01       0.94284308E-02       0.22545860E-01       0.22281676E-01       0.18782599E-01       0.11525444E-02       0.37470818E-02       0.50890248E-01       0.35183001E-02       0.12047653E-03       0.48346363E-02       0.50030942E-01       0.26314559E-02       0.82350183E-04       0.34487805E-02       0.69377688E-01       0.39216851E-02       0.10290713E-03       0.34485100E-02       0.69373432E-01       0.39216795E-02       0.10292099E-03
      0.12948404E+02       0.55845207E+01       0.35935834E+01       0.00000000E+00       0.26257091E-01       0.11657716E+00       0.16717266E-01       0.96488090E-02       0.20249476E-01       0.22014289E-01       0.18413350E-01       0.11343594E-02       0.37118244E-02       0.49472116E-01       0.34859803E-02       0.12207595E-03       0.46906937E-02       0.48618703E-01       0.25952955E-02       0.80371238E-04       0.32959467E-02       0.68729483E-01       0.39053552E-02       0.10195151E-03       0.32956533E-02       0.68725793E-01       0.39053487E-02       0.10196625E-03
      0.13051478E+02       0.54944838E+01       0.35474212E+01       0.00000000E+00       0.23521652E-01       0.11645339E+00       0.16994731E-01       0.98335733E-02       0.18261511E-01       0.21927847E-01       0.17989378E-01       0.11194265E-02       0.36383272E-02       0.48038617E-01       0.34340045E-02       0.12415420E-03       0.45456903E-02       0.47362178E-01       0.25476665E-02       0.78494410E-04       0.31295634E-02       0.67396874E-01       0.39024431E-02       0.10157157E-03       0.31292728E-02       0.67393748E-01       0.39024407E-02       0.10158686E-03
      0.13154551E+02       0.53999487E+01       0.34973061E+01       0.00000000E+00       0.20941890E-01       0.11617334E+00       0.17289909E-01       0.10012144E-01       0.16568002E-01       0.22058513E-01       0.17557462E-01       0.11104118E-02       0.35392522E-02       0.46766260E-01       0.33701952E-02       0.12674471E-03       0.44277345E-02       0.46362438E-01       0.24942966E-02       0.76874316E-04       0.29569542E-02       0.65519049E-01       0.39220570E-02       0.10198407E-03       0.29566953E-02       0.65516405E-01       0.39220627E-02       0.10199947E-03
      0.13257624E+02       0.53089724E+01       0.34484446E+01       0.00000000E+00       0.18684925E-01       0.11588355E+00       0.17588125E-01       0.10197180E-01       0.15132818E-01       0.22392634E-01       0.17146473E-01       0.11080433E-02       0.34269788E-02       0.45732425E-01       0.33001646E-02       0.12965683E-03       0.43491030E-02       0.45654360E-01       0.24380460E-02       0.75543980E-04       0.27838459E-02       0.63225320E-01       0.39650837E-02       0.10317768E-03       0.27836457E-02       0.63223020E-01       0.39650973E-02       0.10319269E-03
      0.13360698E+02       0.52184097E+01       0.33988639E+01       0.00000000E+00       0.16833755E-01       0.11543499E+00       0.17838914E-01       0.10372977E-01       0.13900126E-01       0.22852792E-01       0.16751690E-01       0.11100394E-02       0.33094675E-02       0.44870852E-01       0.32247582E-02       0.13242426E-03       0.43008098E-02       0.45166399E-01       0.23775662E-02       0.74377349E-04       0.26125209E-02       0.60583588E-01       0.40211410E-02       0.10483616E-03       0.26123991E-02       0.60581483E-01       0.40211546E-02       0.10485018E-03
      0.13463771E+02       0.51130884E+01       0.33388449E+01       0.00000000E+00       0.15372431E-01       0.11438829E+00       0.17957890E-01       0.10493224E-01       0.12800414E-01       0.23298318E-01       0.16329726E-01       0.11109810E-02       0.31880882E-02       0.43975647E-01       0.31387790E-02       0.13432056E-03       0.42544073E-02       0.44708722E-01       0.23073303E-02       0.73092866E-04       0.24411193E-02       0.57578080E-01       0.40685891E-02       0.10634214E-03       0.24410841E-02       0.57576045E-01       0.40685870E-02       0.10635457E-03
      0.13566845E+02       0.49692208E+01       0.32530324E+01       0.00000000E+00       0.14201413E-01       0.11212238E+00       0.17841651E-01       0.10490300E-01       0.11760729E-01       0.23544684E-01       0.15807711E-01       0.11033065E-02       0.30578521E-02       0.42756468E-01       0.30318392E-02       0.13446511E-03       0.41707163E-02       0.44001165E-01       0.22191386E-02       0.71306256E-04       0.22645065E-02       0.54125406E-01       0.40782531E-02       0.10687928E-03       0.22645532E-02       0.54123366E-01       0.40782135E-02       0.10688959E-03
      0.13669918E+02       0.47612445E+01       0.31247655E+01       0.00000000E+00       0.13175498E-01       0.10801738E+00       0.17392618E-01       0.10293751E-01       0.10717415E-01       0.23399942E-01       0.15104647E-01       0.10791726E-02       0.29097066E-02       0.40927084E-01       0.28913710E-02       0.13200931E-03       0.40124424E-02       0.42737791E-01       0.21046733E-02       0.68623262E-04       0.20764942E-02       0.50122991E-01       0.40201212E-02       0.10561384E-03       0.20766069E-02       0.50120934E-01       0.40200221E-02       0.10562163E-03
      0.13772992E+02       0.44699054E+01       0.29412756E+01       0.00000000E+00       0.12150000E-01       0.10165271E+00       0.16546302E-01       0.98517395E-02       0.96278471E-02       0.22709391E-01       0.14157650E-01       0.10325764E-02       0.27339668E-02       0.38295879E-01       0.27068948E-02       0.12635491E-03       0.37561448E-02       0.40669245E-01       0.19582775E-02       0.64746285E-04       0.18725970E-02       0.45510912E-01       0.38710718E-02       0.10190337E-03       0.18727522E-02       0.45508880E-01       0.38708979E-02       0.10190850E-03
      0.13876065E+02       0.40888619E+01       0.26980244E+01       0.00000000E+00       0.11020117E-01       0.92954257E-01       0.15291973E-01       0.91480183E-02       0.84774908E-02       0.21395321E-01       0.12943679E-01       0.96103388E-03       0.25237667E-02       0.34826674E-01       0.24740465E-02       0.11733457E-03       0.33994257E-02       0.37675467E-01       0.17790544E-02       0.59561557E-04       0.16522604E-02       0.40322960E-01       0.36211995E-02       0.95467526E-04       0.16524326E-02       0.40321027E-01       0.36209477E-02       0.95470105E-04
      0.13979138E+02       0.36276533E+01       0.24007665E+01       0.00000000E+00       0.97428964E-02       0.82243818E-01       0.13679881E-01       0.82087752E-02       0.72802415E-02       0.19479243E-01       0.11489380E-01       0.86629258E-03       0.22775909E-02       0.30651011E-01       0.21969194E-02       0.10529198E-03       0.29612636E-02       0.33804120E-01       0.15716517E-02       0.53179489E-04       0.14197454E-02       0.34707622E-01       0.32767853E-02       0.86467760E-04       0.14199118E-02       0.34705865E-01       0.32764673E-02       0.86468141E-04
      0.14082212E+02       0.31102412E+01       0.20647710E+01       0.00000000E+00       0.83385142E-02       0.70179863E-01       0.11813025E-01       0.70976881E-02       0.60723714E-02       0.17079603E-01       0.98665082E-02       0.75392806E-03       0.20003452E-02       0.26032394E-01       0.18879297E-02       0.91032458E-04       0.24761146E-02       0.29262966E-01       0.13455822E-02       0.45917387E-04       0.11834362E-02       0.28912008E-01       0.28591438E-02       0.75475273E-04       0.11835804E-02       0.28910486E-01       0.28587838E-02       0.75473995E-04
      0.14185285E+02       0.25698782E+01       0.17116208E+01       0.00000000E+00       0.68744488E-02       0.57615883E-01       0.98266865E-02       0.59016951E-02       0.49023413E-02       0.14386115E-01       0.81756996E-02       0.63204999E-03       0.17028559E-02       0.21299558E-01       0.15653546E-02       0.75660569E-04       0.19845197E-02       0.24371171E-01       0.11134012E-02       0.38232968E-04       0.95395544E-03       0.23235747E-01       0.23999424E-02       0.63343267E-04       0.95406877E-03       0.23234488E-01       0.23995714E-02       0.63340940E-04
      0.14288359E+02       0.20421435E+01       0.13647327E+01       0.00000000E+00       0.54404774E-02       0.45425436E-01       0.78623867E-02       0.47126771E-02       0.38195362E-02       0.11619180E-01       0.65247788E-02       0.50958194E-03       0.14000339E-02       0.16773334E-01       0.12494768E-02       0.60357392E-04       0.15236861E-02       0.19487633E-01       0.88834999E-03       0.30631129E-04       0.74182787E-03       0.17971602E-01       0.19345930E-02       0.51026976E-04       0.74190875E-03       0.17970601E-01       0.19342415E-02       0.51024179E-04
      0.14391432E+02       0.15582701E+01       0.10449675E+01       0.00000000E+00       0.41233067E-02       0.34345473E-01       0.60436442E-02       0.36106299E-02       0.28646454E-02       0.89867026E-02       0.50083819E-02       0.39461665E-03       0.11081973E-02       0.12708736E-01       0.95861086E-03       0.46164317E-04       0.11207939E-02       0.14939159E-01       0.68211113E-03       0.23570993E-04       0.55544686E-03       0.13351874E-01       0.14956495E-02       0.39404163E-04       0.55549893E-03       0.13351106E-01       0.14953412E-02       0.39401361E-04
      0.14494506E+02       0.11404331E+01       0.76743861E+00       0.00000000E+00       0.29876617E-02       0.24874629E-01       0.44591279E-02       0.26523485E-02       0.20634305E-02       0.66498019E-02       0.36938794E-02       0.29322460E-03       0.84220201E-03       0.92640625E-02       0.70611941E-03       0.33828913E-04       0.79023642E-03       0.10967422E-01       0.50316993E-03       0.17395728E-04       0.39983839E-03       0.95149074E-02       0.11078255E-02       0.29140011E-04       0.39986806E-03       0.95143326E-02       0.11075740E-02       0.29137512E-04
      0.14597579E+02       0.79978143E+00       0.54007919E+00       0.00000000E+00       0.20671333E-02       0.17240033E-01       0.31557203E-02       0.18671816E-02       0.14245039E-02       0.47045285E-02       0.26156644E-02       0.20889222E-03       0.61306181E-03       0.64977527E-02       0.49901948E-03       0.23740599E-04       0.53444829E-03       0.77043245E-02       0.35603466E-03       0.12297485E-04       0.27636614E-03       0.64972575E-02       0.78550704E-03       0.20620195E-04       0.27638044E-03       0.64968349E-02       0.78531562E-03       0.20618157E-04
      0.14700652E+02       0.53707914E+00       0.36393196E+00       0.00000000E+00       0.13645051E-02       0.11424608E-01       0.21409037E-02       0.12591168E-02       0.94074668E-03       0.31808079E-02       0.17771228E-02       0.14256839E-03       0.42659010E-03       0.43856978E-02       0.33818740E-03       0.15952566E-04       0.34700682E-03       0.51753015E-02       0.24131802E-03       0.83183758E-05       0.18322570E-03       0.42483789E-02       0.53280402E-03       0.13953069E-04       0.18323076E-03       0.42480724E-02       0.53266765E-03       0.13951524E-04
      0.14803726E+02       0.34516790E+00       0.23468133E+00       0.00000000E+00       0.85877477E-03       0.72332238E-02       0.13917022E-02       0.81302984E-03       0.59331784E-03       0.20547948E-02       0.11578426E-02       0.93159444E-04       0.28328456E-03       0.28486397E-02       0.21972189E-03       0.10263366E-04       0.21648274E-03       0.33226647E-02       0.15648868E-03       0.53792449E-05       0.11641350E-03       0.26589818E-02       0.34552503E-03       0.90239691E-05       0.11641386E-03       0.26587624E-02       0.34543391E-03       0.90228715E-05
      0.14906799E+02       0.21220838E+00       0.14475589E+00       0.00000000E+00       0.51510961E-03       0.43723099E-02       0.86652669E-03       0.50252481E-03       0.35684251E-03       0.12681462E-02       0.72303725E-03       0.58249719E-04       0.17929886E-03       0.17802880E-02       0.13683116E-03       0.63226790E-05       0.12986438E-03       0.20380422E-02       0.96989734E-04       0.33231179E-05       0.70829406E-04       0.15927364E-02       0.21413576E-03       0.55757801E-05       0.70827928E-04       0.15925821E-02       0.21407856E-03       0.55750441E-05
      0.15009873E+02       0.12476486E+00       0.85377108E-01       0.00000000E+00       0.29439968E-03       0.25218335E-02       0.51660689E-03       0.29721607E-03       0.20441699E-03       0.74773371E-03       0.43255416E-03       0.34835045E-04       0.10805615E-03       0.10700920E-02       0.81662674E-04       0.37300446E-05       0.74951993E-04       0.11939348E-02       0.57405384E-04       0.19600134E-05       0.41243374E-04       0.91312418E-03       0.12677664E-03       0.32905507E-05       0.41241597E-04       0.91301833E-03       0.12674285E-03       0.32900829E-05
      0.15112946E+02       0.70130089E-01       0.48136083E-01       0.00000000E+00       0.16031244E-03       0.13871550E-02       0.29480706E-03       0.16815034E-03       0.11142825E-03       0.42124304E-03       0.24778182E-03       0.19916242E-04       0.61963300E-04       0.61819979E-03       0.46697870E-04       0.21074765E-05       0.41631499E-04       0.66785635E-03       0.32424561E-04       0.11032329E-05       0.22972749E-04       0.50112694E-03       0.71680448E-04       0.18543661E-05       0.22971308E-04       0.50105670E-03       0.71661660E-04       0.18540834E-05
      0.15216020E+02       0.37678356E-01       0.25936415E-01       0.00000000E+00       0.83181961E-04       0.72736461E-03       0.16097170E-03       0.90962543E-04       0.57757632E-04       0.22675450E-03       0.13583193E-03       0.10881391E-04       0.33793146E-04       0.34290992E-03       0.25577493E-04       0.11403319E-05       0.22251680E-04       0.35664155E-03       0.17468940E-04       0.59241153E-06       0.12235319E-04       0.26332365E-03       0.38695311E-04       0.99773159E-06       0.12234351E-04       0.26327892E-03       0.38685461E-04       0.99756888E-06
      0.15319093E+02       0.19343474E-01       0.13351559E-01       0.00000000E+00       0.41135242E-04       0.36345334E-03       0.84058877E-04       0.47028734E-04       0.28455089E-04       0.11663102E-03       0.71211284E-04       0.56787088E-05       0.17522781E-04       0.18239537E-03       0.13411465E-04       0.59077158E-06       0.11438601E-04       0.18177726E-03       0.89733568E-05       0.30339656E-06       0.62287949E-05       0.13250243E-03       0.19938467E-04       0.51244693E-06       0.62282230E-05       0.13247527E-03       0.19933597E-04       0.51235765E-06
      0.15422166E+02       0.94858310E-02       0.65640871E-02       0.00000000E+00       0.19392838E-04       0.17301855E-03       0.41952985E-04       0.23224736E-04       0.13321180E-04       0.57311757E-04       0.35675030E-04       0.28292390E-05       0.86373274E-05       0.92887960E-04       0.67269930E-05       0.29289921E-06       0.56496484E-05       0.88410128E-04       0.43933020E-05       0.14815624E-06       0.30298112E-05       0.63848371E-04       0.98029292E-05       0.25118947E-06       0.30295067E-05       0.63832736E-04       0.98006563E-05       0.25114277E-06
      0.15525240E+02       0.44411839E-02       0.30804643E-02       0.00000000E+00       0.87182356E-05       0.78446804E-04       0.19995349E-04       0.10947569E-04       0.59254701E-05       0.26896349E-04       0.17062216E-04       0.13447965E-05       0.40466872E-05       0.45212872E-04       0.32244217E-05       0.13886454E-06       0.26772538E-05       0.41018096E-04       0.20494007E-05       0.68964492E-07       0.14075122E-05       0.29454848E-04       0.45968461E-05       0.11746893E-06       0.14073642E-05       0.29446343E-04       0.45958448E-05       0.11744565E-06
      0.15628313E+02       0.19839196E-02       0.13790281E-02       0.00000000E+00       0.37382975E-05       0.33868454E-04       0.90917473E-05       0.49215143E-05       0.25045855E-05       0.12047991E-04       0.77819663E-05       0.60934498E-06       0.18018101E-05       0.20995264E-04       0.14751535E-05       0.62890707E-07       0.12151054E-05       0.18145604E-04       0.91053920E-06       0.30589380E-07       0.62411843E-06       0.13002032E-04       0.20547558E-05       0.52384642E-07       0.62405232E-06       0.12997672E-04       0.20543393E-05       0.52373603E-07
      0.15731387E+02       0.84486382E-03       0.58840843E-03       0.00000000E+00       0.15289884E-05       0.13919707E-04       0.39391421E-05       0.21079544E-05       0.10060653E-05       0.51469138E-05       0.33805643E-05       0.26294922E-06       0.76228100E-06       0.92835464E-05       0.64321958E-06       0.27172996E-07       0.52712054E-06       0.76493803E-05       0.38512229E-06       0.12922239E-07       0.26395988E-06       0.54869153E-05       0.87486429E-06       0.22261437E-07       0.26393261E-06       0.54848121E-05       0.87470071E-06       0.22256462E-07
      0.15834460E+02       0.34262968E-03       0.23904191E-03       0.00000000E+00       0.59638899E-06       0.54435678E-05       0.16240593E-05       0.85922511E-06       0.38406521E-06       0.20946850E-05       0.13968365E-05       0.10794347E-06       0.30632660E-06       0.39014404E-05       0.26689096E-06       0.11183460E-07       0.21809384E-06       0.30704302E-05       0.15496429E-06       0.51954479E-08       0.10637245E-06       0.22106640E-05       0.35449284E-06       0.90071535E-08       0.10636205E-06       0.22097108E-05       0.35443217E-06       0.90050266E-08
      0.15937534E+02       0.13216807E-03       0.92352725E-04       0.00000000E+00       0.22173947E-06       0.20245852E-05       0.63623713E-06       0.33287592E-06       0.13934668E-06       0.81114261E-06       0.54818822E-06       0.42101085E-07       0.11687345E-06       0.15554748E-05       0.10521166E-06       0.43773724E-08       0.85850433E-07       0.11723407E-05       0.59272874E-07       0.19864407E-08       0.40797570E-07       0.84917077E-06       0.13655363E-06       0.34661993E-08       0.40793890E-07       0.84876524E-06       0.13653238E-06       0.34653381E-08
      0.16040607E+02       0.48417921E-04       0.33879269E-04       0.00000000E+00       0.78478991E-07       0.71533099E-06       0.23646198E-06       0.12237950E-06       0.48024992E-07       0.29835191E-06       0.20401676E-06       0.15577728E-07       0.42307698E-07       0.58727805E-06       0.39332725E-07       0.16263303E-08       0.32077377E-07       0.42516230E-06       0.21529606E-07       0.72132190E-09       0.14868882E-07       0.31032559E-06       0.49936917E-07       0.12668555E-08       0.14867670E-07       0.31016381E-06       0.49929881E-07       0.12665256E-08
      0.16143681E+02       0.16812001E-04       0.11778486E-04       0.00000000E+00       0.26399043E-07       0.23969958E-06       0.83205022E-07       0.42614466E-07       0.15699936E-07       0.10402270E-06       0.71864211E-07       0.54581993E-08       0.14513450E-07       0.20955378E-06       0.13916261E-07       0.57227529E-09       0.11342879E-07       0.14622849E-06       0.74128731E-08       0.24834609E-09       0.51398012E-08       0.10764739E-06       0.17305684E-07       0.43891812E-09       0.51394318E-08       0.10758684E-06       0.17303477E-07       0.43879875E-09
      0.16246754E+02       0.55264056E-05       0.38764498E-05       0.00000000E+00       0.84150743E-08       0.76085066E-07       0.27696921E-07       0.14044854E-07       0.48747539E-08       0.34332535E-07       0.23940862E-07       0.18109459E-08       0.47183483E-08       0.70628983E-07       0.46545259E-08       0.19041059E-09       0.38031655E-08       0.47607117E-07       0.24177762E-08       0.81024158E-10       0.16843384E-08       0.35339397E-07       0.56788801E-08       0.14399302E-09       0.16842376E-08       0.35318001E-07       0.56782459E-08       0.14395244E-09
      0.16349827E+02       0.17038745E-05       0.11968345E-05       0.00000000E+00       0.25099621E-08       0.22555831E-07       0.86541803E-08       0.43460875E-08       0.14123029E-08       0.10619523E-07       0.74910417E-08       0.56396634E-09       0.14396093E-08       0.22375835E-07       0.14613658E-08       0.59442487E-10       0.11951103E-08       0.14551653E-07       0.74107381E-09       0.24786633E-10       0.51746059E-09       0.10842020E-07       0.17465697E-08       0.44340454E-10       0.51743062E-09       0.10835026E-07       0.17464046E-08       0.44327527E-10
      0.16452901E+02       0.49301948E-06       0.34676511E-06       0.00000000E+00       0.68838147E-09       0.62909405E-08       0.25336024E-08       0.12578531E-08       0.36147145E-09       0.30846015E-08       0.22036610E-08       0.16426689E-09       0.41227467E-09       0.66480668E-08       0.43085983E-09       0.17395780E-10       0.35058358E-09       0.41482827E-08       0.21277185E-09       0.71176236E-11       0.14865075E-09       0.31442569E-08       0.50396855E-09       0.12772419E-10       0.14864284E-09       0.31421361E-08       0.50392879E-09       0.12768510E-10
      0.16555974E+02       0.12366290E-06       0.87044901E-07       0.00000000E+00       0.16170081E-09       0.14273571E-08       0.65564219E-09       0.32202501E-09       0.77969721E-10       0.77878926E-09       0.56656021E-09       0.41855048E-10       0.95576384E-10       0.17791100E-08       0.11274188E-09       0.45520664E-11       0.93791864E-10       0.10261255E-08       0.50663411E-10       0.17104681E-11       0.36662589E-10       0.79699379E-09       0.12607803E-09       0.31689597E-11       0.36663557E-10       0.79635061E-09       0.12607036E-09       0.31678939E-11
      0.16659048E+02       0.32277712E-07       0.22763244E-07       0.00000000E+00       0.43088454E-10       0.34193219E-09       0.17358184E-09       0.81511969E-10       0.18548280E-10       0.20862100E-09       0.15012578E-09       0.11048224E-10       0.24680936E-10       0.47164287E-09       0.30171963E-10       0.12067586E-11       0.25162747E-10       0.25966263E-09       0.13359064E-10       0.44950852E-12       0.97635048E-11       0.21478068E-09       0.32238889E-10       0.83218423E-12       0.97638103E-11       0.21460571E-09       0.32238547E-10       0.83189331E-12
      0.16762121E+02       0.81879883E-08       0.57744487E-08       0.00000000E+00       0.10918537E-10       0.86700285E-10       0.44036482E-10       0.20677628E-10       0.46853798E-11       0.52929171E-10       0.38086685E-10       0.28029790E-11       0.62593259E-11       0.11968146E-09       0.76549091E-11       0.30613848E-12       0.63846967E-11       0.65856194E-10       0.33870134E-11       0.11400829E-12       0.24772763E-11       0.54495513E-10       0.81782203E-11       0.21107929E-12       0.24773730E-11       0.54451134E-10       0.81781584E-11       0.21100578E-12
      0.16865195E+02       0.00000000E+00       0.00000000E+00       0.00000000E+00       0.00000000E+00       0.00000000E+00       0.00000000E+00       0.00000000E+00       0.00000000E+00       0.00000000E+00       0.00000000E+00       0.00000000E+00       0.00000000E+00       0.00000000E+00       0.00000000E+00       0.00000000E+00       0.00000000E+00       0.00000000E+00       0.00000000E+00       0.00000000E+00       0.00000000E+00       0.00000000E+00       0.00000000E+00       0.00000000E+00       0.00000000E+00       0.00000000E+00       0.00000000E+00       0.00000000E+00
      0.16968268E+02       0.00000000E+00       0.00000000E+00       0.00000000E+00       0.00000000E+00       0.00000000E+00       0.00000000E+00       0.00000000E+00       0.00000000E+00       0.00000000E+00       0.00000000E+00       0.00000000E+00       0.00000000E+00       0.00000000E+00       0.00000000E+00       0.00000000E+00       0.00000000E+00       0.00000000E+00       0.00000000E+00       0.00000000E+00       0.00000000E+00       0.00000000E+00       0.00000000E+00       0.00000000E+00       0.00000000E+00       0.00000000E+00       0.00000000E+00       0.00000000E+00
      0.17071341E+02       0.00000000E+00       0.00000000E+00       0.00000000E+00       0.00000000E+00       0.00000000E+00       0.00000000E+00       0.00000000E+00       0.00000000E+00       0.00000000E+00       0.00000000E+00       0.00000000E+00       0.00000000E+00       0.00000000E+00       0.00000000E+00       0.00000000E+00       0.00000000E+00       0.00000000E+00       0.00000000E+00       0.00000000E+00       0.00000000E+00       0.00000000E+00       0.00000000E+00       0.00000000E+00       0.00000000E+00       0.00000000E+00       0.00000000E+00       0.00000000E+00
      0.17174415E+02       0.00000000E+00       0.00000000E+00       0.00000000E+00       0.00000000E+00       0.00000000E+00       0.00000000E+00       0.00000000E+00       0.00000000E+00       0.00000000E+00       0.00000000E+00       0.00000000E+00       0.00000000E+00       0.00000000E+00       0.00000000E+00       0.00000000E+00       0.00000000E+00       0.00000000E+00       0.00000000E+00       0.00000000E+00       0.00000000E+00       0.00000000E+00       0.00000000E+00       0.00000000E+00       0.00000000E+00       0.00000000E+00       0.00000000E+00       0.00000000E+00
      0.17277488E+02       0.00000000E+00       0.00000000E+00       0.00000000E+00       0.00000000E+00       0.00000000E+00       0.00000000E+00       0.00000000E+00       0.00000000E+00       0.00000000E+00       0.00000000E+00       0.00000000E+00       0.00000000E+00       0.00000000E+00       0.00000000E+00       0.00000000E+00       0.00000000E+00       0.00000000E+00       0.00000000E+00       0.00000000E+00       0.00000000E+00       0.00000000E+00       0.00000000E+00       0.00000000E+00       0.00000000E+00       0.00000000E+00       0.00000000E+00       0.00000000E+00
      0.17380562E+02       0.00000000E+00       0.00000000E+00       0.00000000E+00       0.00000000E+00       0.00000000E+00       0.00000000E+00       0.00000000E+00       0.00000000E+00       0.00000000E+00       0.00000000E+00       0.00000000E+00       0.00000000E+00       0.00000000E+00       0.00000000E+00       0.00000000E+00       0.00000000E+00       0.00000000E+00       0.00000000E+00       0.00000000E+00       0.00000000E+00       0.00000000E+00       0.00000000E+00       0.00000000E+00       0.00000000E+00       0.00000000E+00       0.00000000E+00       0.00000000E+00
      0.17483635E+02       0.00000000E+00       0.00000000E+00       0.00000000E+00       0.00000000E+00       0.00000000E+00       0.00000000E+00       0.00000000E+00       0.00000000E+00       0.00000000E+00       0.00000000E+00       0.00000000E+00       0.00000000E+00       0.00000000E+00       0.00000000E+00       0.00000000E+00       0.00000000E+00       0.00000000E+00       0.00000000E+00       0.00000000E+00       0.00000000E+00       0.00000000E+00       0.00000000E+00       0.00000000E+00       0.00000000E+00       0.00000000E+00       0.00000000E+00       0.00000000E+00
      0.17586709E+02       0.00000000E+00       0.00000000E+00       0.00000000E+00       0.00000000E+00       0.00000000E+00       0.00000000E+00       0.00000000E+00       0.00000000E+00       0.00000000E+00       0.00000000E+00       0.00000000E+00       0.00000000E+00       0.00000000E+00       0.00000000E+00       0.00000000E+00       0.00000000E+00       0.00000000E+00       0.00000000E+00       0.00000000E+00       0.00000000E+00       0.00000000E+00       0.00000000E+00       0.00000000E+00       0.00000000E+00       0.00000000E+00       0.00000000E+00       0.00000000E+00
      0.17689782E+02       0.00000000E+00       0.00000000E+00       0.00000000E+00       0.00000000E+00       0.00000000E+00       0.00000000E+00       0.00000000E+00       0.00000000E+00       0.00000000E+00       0.00000000E+00       0.00000000E+00       0.00000000E+00       0.00000000E+00       0.00000000E+00       0.00000000E+00       0.00000000E+00       0.00000000E+00       0.00000000E+00       0.00000000E+00       0.00000000E+00       0.00000000E+00       0.00000000E+00       0.00000000E+00       0.00000000E+00       0.00000000E+00       0.00000000E+00       0.00000000E+00
      0.17792855E+02       0.00000000E+00       0.00000000E+00       0.00000000E+00       0.00000000E+00       0.00000000E+00       0.00000000E+00       0.00000000E+00       0.00000000E+00       0.00000000E+00       0.00000000E+00       0.00000000E+00       0.00000000E+00       0.00000000E+00       0.00000000E+00       0.00000000E+00       0.00000000E+00       0.00000000E+00       0.00000000E+00       0.00000000E+00       0.00000000E+00       0.00000000E+00       0.00000000E+00       0.00000000E+00       0.00000000E+00       0.00000000E+00       0.00000000E+00       0.00000000E+00
      0.17895929E+02       0.00000000E+00       0.00000000E+00       0.00000000E+00       0.00000000E+00       0.00000000E+00       0.00000000E+00       0.00000000E+00       0.00000000E+00       0.00000000E+00       0.00000000E+00       0.00000000E+00       0.00000000E+00       0.00000000E+00       0.00000000E+00       0.00000000E+00       0.00000000E+00       0.00000000E+00       0.00000000E+00       0.00000000E+00       0.00000000E+00       0.00000000E+00       0.00000000E+00       0.00000000E+00       0.00000000E+00       0.00000000E+00       0.00000000E+00       0.00000000E+00
      0.17999002E+02       0.00000000E+00       0.00000000E+00       0.00000000E+00       0.00000000E+00       0.00000000E+00       0.00000000E+00       0.00000000E+00       0.00000000E+00       0.00000000E+00       0.00000000E+00       0.00000000E+00       0.00000000E+00       0.00000000E+00       0.00000000E+00       0.00000000E+00       0.00000000E+00       0.00000000E+00       0.00000000E+00       0.00000000E+00       0.00000000E+00       0.00000000E+00       0.00000000E+00       0.00000000E+00       0.00000000E+00       0.00000000E+00       0.00000000E+00       0.00000000E+00
      0.18102076E+02       0.00000000E+00       0.00000000E+00       0.00000000E+00       0.00000000E+00       0.00000000E+00       0.00000000E+00       0.00000000E+00       0.00000000E+00       0.00000000E+00       0.00000000E+00       0.00000000E+00       0.00000000E+00       0.00000000E+00       0.00000000E+00       0.00000000E+00       0.00000000E+00       0.00000000E+00       0.00000000E+00       0.00000000E+00       0.00000000E+00       0.00000000E+00       0.00000000E+00       0.00000000E+00       0.00000000E+00       0.00000000E+00       0.00000000E+00       0.00000000E+00
      0.18205149E+02       0.00000000E+00       0.00000000E+00       0.00000000E+00       0.00000000E+00       0.00000000E+00       0.00000000E+00       0.00000000E+00       0.00000000E+00       0.00000000E+00       0.00000000E+00       0.00000000E+00       0.00000000E+00       0.00000000E+00       0.00000000E+00       0.00000000E+00       0.00000000E+00       0.00000000E+00       0.00000000E+00       0.00000000E+00       0.00000000E+00       0.00000000E+00       0.00000000E+00       0.00000000E+00       0.00000000E+00       0.00000000E+00       0.00000000E+00       0.00000000E+00
      0.18308223E+02       0.00000000E+00       0.00000000E+00       0.00000000E+00       0.00000000E+00       0.00000000E+00       0.00000000E+00       0.00000000E+00       0.00000000E+00       0.00000000E+00       0.00000000E+00       0.00000000E+00       0.00000000E+00       0.00000000E+00       0.00000000E+00       0.00000000E+00       0.00000000E+00       0.00000000E+00       0.00000000E+00       0.00000000E+00       0.00000000E+00       0.00000000E+00       0.00000000E+00       0.00000000E+00       0.00000000E+00       0.00000000E+00       0.00000000E+00       0.00000000E+00
      0.18411296E+02       0.00000000E+00       0.00000000E+00       0.00000000E+00       0.00000000E+00       0.00000000E+00       0.00000000E+00       0.00000000E+00       0.00000000E+00       0.00000000E+00       0.00000000E+00       0.00000000E+00       0.00000000E+00       0.00000000E+00       0.00000000E+00       0.00000000E+00       0.00000000E+00       0.00000000E+00       0.00000000E+00       0.00000000E+00       0.00000000E+00       0.00000000E+00       0.00000000E+00       0.00000000E+00       0.00000000E+00       0.00000000E+00       0.00000000E+00       0.00000000E+00
      0.18514369E+02       0.00000000E+00       0.00000000E+00       0.00000000E+00       0.00000000E+00       0.00000000E+00       0.00000000E+00       0.00000000E+00       0.00000000E+00       0.00000000E+00       0.00000000E+00       0.00000000E+00       0.00000000E+00       0.00000000E+00       0.00000000E+00       0.00000000E+00       0.00000000E+00       0.00000000E+00       0.00000000E+00       0.00000000E+00       0.00000000E+00       0.00000000E+00       0.00000000E+00       0.00000000E+00       0.00000000E+00       0.00000000E+00       0.00000000E+00       0.00000000E+00
      0.18617443E+02       0.00000000E+00       0.00000000E+00       0.00000000E+00       0.00000000E+00       0.00000000E+00       0.00000000E+00       0.00000000E+00       0.00000000E+00       0.00000000E+00       0.00000000E+00       0.00000000E+00       0.00000000E+00       0.00000000E+00       0.00000000E+00       0.00000000E+00       0.00000000E+00       0.00000000E+00       0.00000000E+00       0.00000000E+00       0.00000000E+00       0.00000000E+00       0.00000000E+00       0.00000000E+00       0.00000000E+00       0.00000000E+00       0.00000000E+00       0.00000000E+00
      0.18720516E+02       0.00000000E+00       0.00000000E+00       0.00000000E+00       0.00000000E+00       0.00000000E+00       0.00000000E+00       0.00000000E+00       0.00000000E+00       0.00000000E+00       0.00000000E+00       0.00000000E+00       0.00000000E+00       0.00000000E+00       0.00000000E+00       0.00000000E+00       0.00000000E+00       0.00000000E+00       0.00000000E+00       0.00000000E+00       0.00000000E+00       0.00000000E+00       0.00000000E+00       0.00000000E+00       0.00000000E+00       0.00000000E+00       0.00000000E+00       0.00000000E+00
      0.18823590E+02       0.00000000E+00       0.00000000E+00       0.00000000E+00       0.00000000E+00       0.00000000E+00       0.00000000E+00       0.00000000E+00       0.00000000E+00       0.00000000E+00       0.00000000E+00       0.00000000E+00       0.00000000E+00       0.00000000E+00       0.00000000E+00       0.00000000E+00       0.00000000E+00       0.00000000E+00       0.00000000E+00       0.00000000E+00       0.00000000E+00       0.00000000E+00       0.00000000E+00       0.00000000E+00       0.00000000E+00       0.00000000E+00       0.00000000E+00       0.00000000E+00
      0.18926663E+02       0.00000000E+00       0.00000000E+00       0.00000000E+00       0.00000000E+00       0.00000000E+00       0.00000000E+00       0.00000000E+00       0.00000000E+00       0.00000000E+00       0.00000000E+00       0.00000000E+00       0.00000000E+00       0.00000000E+00       0.00000000E+00       0.00000000E+00       0.00000000E+00       0.00000000E+00       0.00000000E+00       0.00000000E+00       0.00000000E+00       0.00000000E+00       0.00000000E+00       0.00000000E+00       0.00000000E+00       0.00000000E+00       0.00000000E+00       0.00000000E+00
      0.19029737E+02       0.00000000E+00       0.00000000E+00       0.00000000E+00       0.00000000E+00       0.00000000E+00       0.00000000E+00       0.00000000E+00       0.00000000E+00       0.00000000E+00       0.00000000E+00       0.00000000E+00       0.00000000E+00       0.00000000E+00       0.00000000E+00       0.00000000E+00       0.00000000E+00       0.00000000E+00       0.00000000E+00       0.00000000E+00       0.00000000E+00       0.00000000E+00       0.00000000E+00       0.00000000E+00       0.00000000E+00       0.00000000E+00       0.00000000E+00       0.00000000E+00
      0.19132810E+02       0.00000000E+00       0.00000000E+00       0.00000000E+00       0.00000000E+00       0.00000000E+00       0.00000000E+00       0.00000000E+00       0.00000000E+00       0.00000000E+00       0.00000000E+00       0.00000000E+00       0.00000000E+00       0.00000000E+00       0.00000000E+00       0.00000000E+00       0.00000000E+00       0.00000000E+00       0.00000000E+00       0.00000000E+00       0.00000000E+00       0.00000000E+00       0.00000000E+00       0.00000000E+00       0.00000000E+00       0.00000000E+00       0.00000000E+00       0.00000000E+00
      0.19235883E+02       0.00000000E+00       0.00000000E+00       0.00000000E+00       0.00000000E+00       0.00000000E+00       0.00000000E+00       0.00000000E+00       0.00000000E+00       0.00000000E+00       0.00000000E+00       0.00000000E+00       0.00000000E+00       0.00000000E+00       0.00000000E+00       0.00000000E+00       0.00000000E+00       0.00000000E+00       0.00000000E+00       0.00000000E+00       0.00000000E+00       0.00000000E+00       0.00000000E+00       0.00000000E+00       0.00000000E+00       0.00000000E+00       0.00000000E+00       0.00000000E+00
      0.19338957E+02       0.00000000E+00       0.00000000E+00       0.00000000E+00       0.00000000E+00       0.00000000E+00       0.00000000E+00       0.00000000E+00       0.00000000E+00       0.00000000E+00       0.00000000E+00       0.00000000E+00       0.00000000E+00       0.00000000E+00       0.00000000E+00       0.00000000E+00       0.00000000E+00       0.00000000E+00       0.00000000E+00       0.00000000E+00       0.00000000E+00       0.00000000E+00       0.00000000E+00       0.00000000E+00       0.00000000E+00       0.00000000E+00       0.00000000E+00       0.00000000E+00
      0.19442030E+02       0.00000000E+00       0.00000000E+00       0.00000000E+00       0.00000000E+00       0.00000000E+00       0.00000000E+00       0.00000000E+00       0.00000000E+00       0.00000000E+00       0.00000000E+00       0.00000000E+00       0.00000000E+00       0.00000000E+00       0.00000000E+00       0.00000000E+00       0.00000000E+00       0.00000000E+00       0.00000000E+00       0.00000000E+00       0.00000000E+00       0.00000000E+00       0.00000000E+00       0.00000000E+00       0.00000000E+00       0.00000000E+00       0.00000000E+00       0.00000000E+00
      0.19545104E+02       0.00000000E+00       0.00000000E+00       0.00000000E+00       0.00000000E+00       0.00000000E+00       0.00000000E+00       0.00000000E+00       0.00000000E+00       0.00000000E+00       0.00000000E+00       0.00000000E+00       0.00000000E+00       0.00000000E+00       0.00000000E+00       0.00000000E+00       0.00000000E+00       0.00000000E+00       0.00000000E+00       0.00000000E+00       0.00000000E+00       0.00000000E+00       0.00000000E+00       0.00000000E+00       0.00000000E+00       0.00000000E+00       0.00000000E+00       0.00000000E+00
      0.19648177E+02       0.00000000E+00       0.00000000E+00       0.00000000E+00       0.00000000E+00       0.00000000E+00       0.00000000E+00       0.00000000E+00       0.00000000E+00       0.00000000E+00       0.00000000E+00       0.00000000E+00       0.00000000E+00       0.00000000E+00       0.00000000E+00       0.00000000E+00       0.00000000E+00       0.00000000E+00       0.00000000E+00       0.00000000E+00       0.00000000E+00       0.00000000E+00       0.00000000E+00       0.00000000E+00       0.00000000E+00       0.00000000E+00       0.00000000E+00       0.00000000E+00
      0.19751251E+02       0.00000000E+00       0.00000000E+00       0.00000000E+00       0.00000000E+00       0.00000000E+00       0.00000000E+00       0.00000000E+00       0.00000000E+00       0.00000000E+00       0.00000000E+00       0.00000000E+00       0.00000000E+00       0.00000000E+00       0.00000000E+00       0.00000000E+00       0.00000000E+00       0.00000000E+00       0.00000000E+00       0.00000000E+00       0.00000000E+00       0.00000000E+00       0.00000000E+00       0.00000000E+00       0.00000000E+00       0.00000000E+00       0.00000000E+00       0.00000000E+00
      0.19854324E+02       0.00000000E+00       0.00000000E+00       0.00000000E+00       0.00000000E+00       0.00000000E+00       0.00000000E+00       0.00000000E+00       0.00000000E+00       0.00000000E+00       0.00000000E+00       0.00000000E+00       0.00000000E+00       0.00000000E+00       0.00000000E+00       0.00000000E+00       0.00000000E+00       0.00000000E+00       0.00000000E+00       0.00000000E+00       0.00000000E+00       0.00000000E+00       0.00000000E+00       0.00000000E+00       0.00000000E+00       0.00000000E+00       0.00000000E+00       0.00000000E+00
      0.19957398E+02       0.00000000E+00       0.00000000E+00       0.00000000E+00       0.00000000E+00       0.00000000E+00       0.00000000E+00       0.00000000E+00       0.00000000E+00       0.00000000E+00       0.00000000E+00       0.00000000E+00       0.00000000E+00       0.00000000E+00       0.00000000E+00       0.00000000E+00       0.00000000E+00       0.00000000E+00       0.00000000E+00       0.00000000E+00       0.00000000E+00       0.00000000E+00       0.00000000E+00       0.00000000E+00       0.00000000E+00       0.00000000E+00       0.00000000E+00       0.00000000E+00
      0.20060471E+02       0.00000000E+00       0.00000000E+00       0.00000000E+00       0.00000000E+00       0.00000000E+00       0.00000000E+00       0.00000000E+00       0.00000000E+00       0.00000000E+00       0.00000000E+00       0.00000000E+00       0.00000000E+00       0.00000000E+00       0.00000000E+00       0.00000000E+00       0.00000000E+00       0.00000000E+00       0.00000000E+00       0.00000000E+00       0.00000000E+00       0.00000000E+00       0.00000000E+00       0.00000000E+00       0.00000000E+00       0.00000000E+00       0.00000000E+00       0.00000000E+00
      0.20163544E+02       0.00000000E+00       0.00000000E+00       0.00000000E+00       0.00000000E+00       0.00000000E+00       0.00000000E+00       0.00000000E+00       0.00000000E+00       0.00000000E+00       0.00000000E+00       0.00000000E+00       0.00000000E+00       0.00000000E+00       0.00000000E+00       0.00000000E+00       0.00000000E+00       0.00000000E+00       0.00000000E+00       0.00000000E+00       0.00000000E+00       0.00000000E+00       0.00000000E+00       0.00000000E+00       0.00000000E+00       0.00000000E+00       0.00000000E+00       0.00000000E+00
      0.20266618E+02       0.00000000E+00       0.00000000E+00       0.00000000E+00       0.00000000E+00       0.00000000E+00       0.00000000E+00       0.00000000E+00       0.00000000E+00       0.00000000E+00       0.00000000E+00       0.00000000E+00       0.00000000E+00       0.00000000E+00       0.00000000E+00       0.00000000E+00       0.00000000E+00       0.00000000E+00       0.00000000E+00       0.00000000E+00       0.00000000E+00       0.00000000E+00       0.00000000E+00       0.00000000E+00       0.00000000E+00       0.00000000E+00       0.00000000E+00       0.00000000E+00
      0.20369691E+02       0.00000000E+00       0.00000000E+00       0.00000000E+00       0.00000000E+00       0.00000000E+00       0.00000000E+00       0.00000000E+00       0.00000000E+00       0.00000000E+00       0.00000000E+00       0.00000000E+00       0.00000000E+00       0.00000000E+00       0.00000000E+00       0.00000000E+00       0.00000000E+00       0.00000000E+00       0.00000000E+00       0.00000000E+00       0.00000000E+00       0.00000000E+00       0.00000000E+00       0.00000000E+00       0.00000000E+00       0.00000000E+00       0.00000000E+00       0.00000000E+00
      0.20472765E+02       0.00000000E+00       0.00000000E+00       0.00000000E+00       0.00000000E+00       0.00000000E+00       0.00000000E+00       0.00000000E+00       0.00000000E+00       0.00000000E+00       0.00000000E+00       0.00000000E+00       0.00000000E+00       0.00000000E+00       0.00000000E+00       0.00000000E+00       0.00000000E+00       0.00000000E+00       0.00000000E+00       0.00000000E+00       0.00000000E+00       0.00000000E+00       0.00000000E+00       0.00000000E+00       0.00000000E+00       0.00000000E+00       0.00000000E+00       0.00000000E+00
      0.20575838E+02       0.00000000E+00       0.00000000E+00       0.00000000E+00       0.00000000E+00       0.00000000E+00       0.00000000E+00       0.00000000E+00       0.00000000E+00       0.00000000E+00       0.00000000E+00       0.00000000E+00       0.00000000E+00       0.00000000E+00       0.00000000E+00       0.00000000E+00       0.00000000E+00       0.00000000E+00       0.00000000E+00       0.00000000E+00       0.00000000E+00       0.00000000E+00       0.00000000E+00       0.00000000E+00       0.00000000E+00       0.00000000E+00       0.00000000E+00       0.00000000E+00
      0.20678912E+02       0.00000000E+00       0.00000000E+00       0.00000000E+00       0.00000000E+00       0.00000000E+00       0.00000000E+00       0.00000000E+00       0.00000000E+00       0.00000000E+00       0.00000000E+00       0.00000000E+00       0.00000000E+00       0.00000000E+00       0.00000000E+00       0.00000000E+00       0.00000000E+00       0.00000000E+00       0.00000000E+00       0.00000000E+00       0.00000000E+00       0.00000000E+00       0.00000000E+00       0.00000000E+00       0.00000000E+00       0.00000000E+00       0.00000000E+00       0.00000000E+00
      0.20781985E+02       0.00000000E+00       0.00000000E+00       0.00000000E+00       0.00000000E+00       0.00000000E+00       0.00000000E+00       0.00000000E+00       0.00000000E+00       0.00000000E+00       0.00000000E+00       0.00000000E+00       0.00000000E+00       0.00000000E+00       0.00000000E+00       0.00000000E+00       0.00000000E+00       0.00000000E+00       0.00000000E+00       0.00000000E+00       0.00000000E+00       0.00000000E+00       0.00000000E+00       0.00000000E+00       0.00000000E+00       0.00000000E+00       0.00000000E+00       0.00000000E+00
      0.20885058E+02       0.00000000E+00       0.00000000E+00       0.00000000E+00       0.00000000E+00       0.00000000E+00       0.00000000E+00       0.00000000E+00       0.00000000E+00       0.00000000E+00       0.00000000E+00       0.00000000E+00       0.00000000E+00       0.00000000E+00       0.00000000E+00       0.00000000E+00       0.00000000E+00       0.00000000E+00       0.00000000E+00       0.00000000E+00       0.00000000E+00       0.00000000E+00       0.00000000E+00       0.00000000E+00       0.00000000E+00       0.00000000E+00       0.00000000E+00       0.00000000E+00
      0.20988132E+02       0.00000000E+00       0.00000000E+00       0.00000000E+00       0.00000000E+00       0.00000000E+00       0.00000000E+00       0.00000000E+00       0.00000000E+00       0.00000000E+00       0.00000000E+00       0.00000000E+00       0.00000000E+00       0.00000000E+00       0.00000000E+00       0.00000000E+00       0.00000000E+00       0.00000000E+00       0.00000000E+00       0.00000000E+00       0.00000000E+00       0.00000000E+00       0.00000000E+00       0.00000000E+00       0.00000000E+00       0.00000000E+00       0.00000000E+00       0.00000000E+00
      0.21091205E+02       0.00000000E+00       0.00000000E+00       0.00000000E+00       0.00000000E+00       0.00000000E+00       0.00000000E+00       0.00000000E+00       0.00000000E+00       0.00000000E+00       0.00000000E+00       0.00000000E+00       0.00000000E+00       0.00000000E+00       0.00000000E+00       0.00000000E+00       0.00000000E+00       0.00000000E+00       0.00000000E+00       0.00000000E+00       0.00000000E+00       0.00000000E+00       0.00000000E+00       0.00000000E+00       0.00000000E+00       0.00000000E+00       0.00000000E+00       0.00000000E+00
      0.21194279E+02       0.00000000E+00       0.00000000E+00       0.00000000E+00       0.00000000E+00       0.00000000E+00       0.00000000E+00       0.00000000E+00       0.00000000E+00       0.00000000E+00       0.00000000E+00       0.00000000E+00       0.00000000E+00       0.00000000E+00       0.00000000E+00       0.00000000E+00       0.00000000E+00       0.00000000E+00       0.00000000E+00       0.00000000E+00       0.00000000E+00       0.00000000E+00       0.00000000E+00       0.00000000E+00       0.00000000E+00       0.00000000E+00       0.00000000E+00       0.00000000E+00
      0.21297352E+02       0.00000000E+00       0.00000000E+00       0.00000000E+00       0.00000000E+00       0.00000000E+00       0.00000000E+00       0.00000000E+00       0.00000000E+00       0.00000000E+00       0.00000000E+00       0.00000000E+00       0.00000000E+00       0.00000000E+00       0.00000000E+00       0.00000000E+00       0.00000000E+00       0.00000000E+00       0.00000000E+00       0.00000000E+00       0.00000000E+00       0.00000000E+00       0.00000000E+00       0.00000000E+00       0.00000000E+00       0.00000000E+00       0.00000000E+00       0.00000000E+00
      0.21400426E+02       0.00000000E+00       0.00000000E+00       0.00000000E+00       0.00000000E+00       0.00000000E+00       0.00000000E+00       0.00000000E+00       0.00000000E+00       0.00000000E+00       0.00000000E+00       0.00000000E+00       0.00000000E+00       0.00000000E+00       0.00000000E+00       0.00000000E+00       0.00000000E+00       0.00000000E+00       0.00000000E+00       0.00000000E+00       0.00000000E+00       0.00000000E+00       0.00000000E+00       0.00000000E+00       0.00000000E+00       0.00000000E+00       0.00000000E+00       0.00000000E+00
      0.21503499E+02       0.00000000E+00       0.00000000E+00       0.00000000E+00       0.00000000E+00       0.00000000E+00       0.00000000E+00       0.00000000E+00       0.00000000E+00       0.00000000E+00       0.00000000E+00       0.00000000E+00       0.00000000E+00       0.00000000E+00       0.00000000E+00       0.00000000E+00       0.00000000E+00       0.00000000E+00       0.00000000E+00       0.00000000E+00       0.00000000E+00       0.00000000E+00       0.00000000E+00       0.00000000E+00       0.00000000E+00       0.00000000E+00       0.00000000E+00       0.00000000E+00
      0.21606572E+02       0.00000000E+00       0.00000000E+00       0.00000000E+00       0.00000000E+00       0.00000000E+00       0.00000000E+00       0.00000000E+00       0.00000000E+00       0.00000000E+00       0.00000000E+00       0.00000000E+00       0.00000000E+00       0.00000000E+00       0.00000000E+00       0.00000000E+00       0.00000000E+00       0.00000000E+00       0.00000000E+00       0.00000000E+00       0.00000000E+00       0.00000000E+00       0.00000000E+00       0.00000000E+00       0.00000000E+00       0.00000000E+00       0.00000000E+00       0.00000000E+00
      0.21709646E+02       0.00000000E+00       0.00000000E+00       0.00000000E+00       0.00000000E+00       0.00000000E+00       0.00000000E+00       0.00000000E+00       0.00000000E+00       0.00000000E+00       0.00000000E+00       0.00000000E+00       0.00000000E+00       0.00000000E+00       0.00000000E+00       0.00000000E+00       0.00000000E+00       0.00000000E+00       0.00000000E+00       0.00000000E+00       0.00000000E+00       0.00000000E+00       0.00000000E+00       0.00000000E+00       0.00000000E+00       0.00000000E+00       0.00000000E+00       0.00000000E+00
      0.21812719E+02       0.00000000E+00       0.00000000E+00       0.00000000E+00       0.00000000E+00       0.00000000E+00       0.00000000E+00       0.00000000E+00       0.00000000E+00       0.00000000E+00       0.00000000E+00       0.00000000E+00       0.00000000E+00       0.00000000E+00       0.00000000E+00       0.00000000E+00       0.00000000E+00       0.00000000E+00       0.00000000E+00       0.00000000E+00       0.00000000E+00       0.00000000E+00       0.00000000E+00       0.00000000E+00       0.00000000E+00       0.00000000E+00       0.00000000E+00       0.00000000E+00
      0.21915793E+02       0.00000000E+00       0.00000000E+00       0.00000000E+00       0.00000000E+00       0.00000000E+00       0.00000000E+00       0.00000000E+00       0.00000000E+00       0.00000000E+00       0.00000000E+00       0.00000000E+00       0.00000000E+00       0.00000000E+00       0.00000000E+00       0.00000000E+00       0.00000000E+00       0.00000000E+00       0.00000000E+00       0.00000000E+00       0.00000000E+00       0.00000000E+00       0.00000000E+00       0.00000000E+00       0.00000000E+00       0.00000000E+00       0.00000000E+00       0.00000000E+00
      0.22018866E+02       0.00000000E+00       0.00000000E+00       0.00000000E+00       0.00000000E+00       0.00000000E+00       0.00000000E+00       0.00000000E+00       0.00000000E+00       0.00000000E+00       0.00000000E+00       0.00000000E+00       0.00000000E+00       0.00000000E+00       0.00000000E+00       0.00000000E+00       0.00000000E+00       0.00000000E+00       0.00000000E+00       0.00000000E+00       0.00000000E+00       0.00000000E+00       0.00000000E+00       0.00000000E+00       0.00000000E+00       0.00000000E+00       0.00000000E+00       0.00000000E+00
      0.22121940E+02       0.00000000E+00       0.00000000E+00       0.00000000E+00       0.00000000E+00       0.00000000E+00       0.00000000E+00       0.00000000E+00       0.00000000E+00       0.00000000E+00       0.00000000E+00       0.00000000E+00       0.00000000E+00       0.00000000E+00       0.00000000E+00       0.00000000E+00       0.00000000E+00       0.00000000E+00       0.00000000E+00       0.00000000E+00       0.00000000E+00       0.00000000E+00       0.00000000E+00       0.00000000E+00       0.00000000E+00       0.00000000E+00       0.00000000E+00       0.00000000E+00
      0.22225013E+02       0.00000000E+00       0.00000000E+00       0.00000000E+00       0.00000000E+00       0.00000000E+00       0.00000000E+00       0.00000000E+00       0.00000000E+00       0.00000000E+00       0.00000000E+00       0.00000000E+00       0.00000000E+00       0.00000000E+00       0.00000000E+00       0.00000000E+00       0.00000000E+00       0.00000000E+00       0.00000000E+00       0.00000000E+00       0.00000000E+00       0.00000000E+00       0.00000000E+00       0.00000000E+00       0.00000000E+00       0.00000000E+00       0.00000000E+00       0.00000000E+00
      0.22328086E+02       0.00000000E+00       0.00000000E+00       0.00000000E+00       0.00000000E+00       0.00000000E+00       0.00000000E+00       0.00000000E+00       0.00000000E+00       0.00000000E+00       0.00000000E+00       0.00000000E+00       0.00000000E+00       0.00000000E+00       0.00000000E+00       0.00000000E+00       0.00000000E+00       0.00000000E+00       0.00000000E+00       0.00000000E+00       0.00000000E+00       0.00000000E+00       0.00000000E+00       0.00000000E+00       0.00000000E+00       0.00000000E+00       0.00000000E+00       0.00000000E+00
      0.22431160E+02       0.00000000E+00       0.00000000E+00       0.00000000E+00       0.00000000E+00       0.00000000E+00       0.00000000E+00       0.00000000E+00       0.00000000E+00       0.00000000E+00       0.00000000E+00       0.00000000E+00       0.00000000E+00       0.00000000E+00       0.00000000E+00       0.00000000E+00       0.00000000E+00       0.00000000E+00       0.00000000E+00       0.00000000E+00       0.00000000E+00       0.00000000E+00       0.00000000E+00       0.00000000E+00       0.00000000E+00       0.00000000E+00       0.00000000E+00       0.00000000E+00
      0.22534233E+02       0.00000000E+00       0.00000000E+00       0.00000000E+00       0.00000000E+00       0.00000000E+00       0.00000000E+00       0.00000000E+00       0.00000000E+00       0.00000000E+00       0.00000000E+00       0.00000000E+00       0.00000000E+00       0.00000000E+00       0.00000000E+00       0.00000000E+00       0.00000000E+00       0.00000000E+00       0.00000000E+00       0.00000000E+00       0.00000000E+00       0.00000000E+00       0.00000000E+00       0.00000000E+00       0.00000000E+00       0.00000000E+00       0.00000000E+00       0.00000000E+00
      0.22637307E+02       0.00000000E+00       0.00000000E+00       0.00000000E+00       0.00000000E+00       0.00000000E+00       0.00000000E+00       0.00000000E+00       0.00000000E+00       0.00000000E+00       0.00000000E+00       0.00000000E+00       0.00000000E+00       0.00000000E+00       0.00000000E+00       0.00000000E+00       0.00000000E+00       0.00000000E+00       0.00000000E+00       0.00000000E+00       0.00000000E+00       0.00000000E+00       0.00000000E+00       0.00000000E+00       0.00000000E+00       0.00000000E+00       0.00000000E+00       0.00000000E+00
      0.22740380E+02       0.00000000E+00       0.00000000E+00       0.00000000E+00       0.00000000E+00       0.00000000E+00       0.00000000E+00       0.00000000E+00       0.00000000E+00       0.00000000E+00       0.00000000E+00       0.00000000E+00       0.00000000E+00       0.00000000E+00       0.00000000E+00       0.00000000E+00       0.00000000E+00       0.00000000E+00       0.00000000E+00       0.00000000E+00       0.00000000E+00       0.00000000E+00       0.00000000E+00       0.00000000E+00       0.00000000E+00       0.00000000E+00       0.00000000E+00       0.00000000E+00
      0.22843454E+02       0.00000000E+00       0.00000000E+00       0.00000000E+00       0.00000000E+00       0.00000000E+00       0.00000000E+00       0.00000000E+00       0.00000000E+00       0.00000000E+00       0.00000000E+00       0.00000000E+00       0.00000000E+00       0.00000000E+00       0.00000000E+00       0.00000000E+00       0.00000000E+00       0.00000000E+00       0.00000000E+00       0.00000000E+00       0.00000000E+00       0.00000000E+00       0.00000000E+00       0.00000000E+00       0.00000000E+00       0.00000000E+00       0.00000000E+00       0.00000000E+00
      0.22946527E+02       0.00000000E+00       0.00000000E+00       0.00000000E+00       0.00000000E+00       0.00000000E+00       0.00000000E+00       0.00000000E+00       0.00000000E+00       0.00000000E+00       0.00000000E+00       0.00000000E+00       0.00000000E+00       0.00000000E+00       0.00000000E+00       0.00000000E+00       0.00000000E+00       0.00000000E+00       0.00000000E+00       0.00000000E+00       0.00000000E+00       0.00000000E+00       0.00000000E+00       0.00000000E+00       0.00000000E+00       0.00000000E+00       0.00000000E+00       0.00000000E+00
      0.23049601E+02       0.00000000E+00       0.00000000E+00       0.00000000E+00       0.00000000E+00       0.00000000E+00       0.00000000E+00       0.00000000E+00       0.00000000E+00       0.00000000E+00       0.00000000E+00       0.00000000E+00       0.00000000E+00       0.00000000E+00       0.00000000E+00       0.00000000E+00       0.00000000E+00       0.00000000E+00       0.00000000E+00       0.00000000E+00       0.00000000E+00       0.00000000E+00       0.00000000E+00       0.00000000E+00       0.00000000E+00       0.00000000E+00       0.00000000E+00       0.00000000E+00
      0.23152674E+02       0.00000000E+00       0.00000000E+00       0.00000000E+00       0.00000000E+00       0.00000000E+00       0.00000000E+00       0.00000000E+00       0.00000000E+00       0.00000000E+00       0.00000000E+00       0.00000000E+00       0.00000000E+00       0.00000000E+00       0.00000000E+00       0.00000000E+00       0.00000000E+00       0.00000000E+00       0.00000000E+00       0.00000000E+00       0.00000000E+00       0.00000000E+00       0.00000000E+00       0.00000000E+00       0.00000000E+00       0.00000000E+00       0.00000000E+00       0.00000000E+00
      0.23255747E+02       0.00000000E+00       0.00000000E+00       0.00000000E+00       0.00000000E+00       0.00000000E+00       0.00000000E+00       0.00000000E+00       0.00000000E+00       0.00000000E+00       0.00000000E+00       0.00000000E+00       0.00000000E+00       0.00000000E+00       0.00000000E+00       0.00000000E+00       0.00000000E+00       0.00000000E+00       0.00000000E+00       0.00000000E+00       0.00000000E+00       0.00000000E+00       0.00000000E+00       0.00000000E+00       0.00000000E+00       0.00000000E+00       0.00000000E+00       0.00000000E+00
      0.23358821E+02       0.00000000E+00       0.00000000E+00       0.00000000E+00       0.00000000E+00       0.00000000E+00       0.00000000E+00       0.00000000E+00       0.00000000E+00       0.00000000E+00       0.00000000E+00       0.00000000E+00       0.00000000E+00       0.00000000E+00       0.00000000E+00       0.00000000E+00       0.00000000E+00       0.00000000E+00       0.00000000E+00       0.00000000E+00       0.00000000E+00       0.00000000E+00       0.00000000E+00       0.00000000E+00       0.00000000E+00       0.00000000E+00       0.00000000E+00       0.00000000E+00
      0.23461894E+02       0.00000000E+00       0.00000000E+00       0.00000000E+00       0.00000000E+00       0.00000000E+00       0.00000000E+00       0.00000000E+00       0.00000000E+00       0.00000000E+00       0.00000000E+00       0.00000000E+00       0.00000000E+00       0.00000000E+00       0.00000000E+00       0.00000000E+00       0.00000000E+00       0.00000000E+00       0.00000000E+00       0.00000000E+00       0.00000000E+00       0.00000000E+00       0.00000000E+00       0.00000000E+00       0.00000000E+00       0.00000000E+00       0.00000000E+00       0.00000000E+00
      0.23564968E+02       0.00000000E+00       0.00000000E+00       0.00000000E+00       0.00000000E+00       0.00000000E+00       0.00000000E+00       0.00000000E+00       0.00000000E+00       0.00000000E+00       0.00000000E+00       0.00000000E+00       0.00000000E+00       0.00000000E+00       0.00000000E+00       0.00000000E+00       0.00000000E+00       0.00000000E+00       0.00000000E+00       0.00000000E+00       0.00000000E+00       0.00000000E+00       0.00000000E+00       0.00000000E+00       0.00000000E+00       0.00000000E+00       0.00000000E+00       0.00000000E+00
      0.23668041E+02       0.00000000E+00       0.00000000E+00       0.00000000E+00       0.00000000E+00       0.00000000E+00       0.00000000E+00       0.00000000E+00       0.00000000E+00       0.00000000E+00       0.00000000E+00       0.00000000E+00       0.00000000E+00       0.00000000E+00       0.00000000E+00       0.00000000E+00       0.00000000E+00       0.00000000E+00       0.00000000E+00       0.00000000E+00       0.00000000E+00       0.00000000E+00       0.00000000E+00       0.00000000E+00       0.00000000E+00       0.00000000E+00       0.00000000E+00       0.00000000E+00
      0.23771115E+02       0.00000000E+00       0.00000000E+00       0.00000000E+00       0.00000000E+00       0.00000000E+00       0.00000000E+00       0.00000000E+00       0.00000000E+00       0.00000000E+00       0.00000000E+00       0.00000000E+00       0.00000000E+00       0.00000000E+00       0.00000000E+00       0.00000000E+00       0.00000000E+00       0.00000000E+00       0.00000000E+00       0.00000000E+00       0.00000000E+00       0.00000000E+00       0.00000000E+00       0.00000000E+00       0.00000000E+00       0.00000000E+00       0.00000000E+00       0.00000000E+00
      0.23874188E+02       0.00000000E+00       0.00000000E+00       0.00000000E+00       0.00000000E+00       0.00000000E+00       0.00000000E+00       0.00000000E+00       0.00000000E+00       0.00000000E+00       0.00000000E+00       0.00000000E+00       0.00000000E+00       0.00000000E+00       0.00000000E+00       0.00000000E+00       0.00000000E+00       0.00000000E+00       0.00000000E+00       0.00000000E+00       0.00000000E+00       0.00000000E+00       0.00000000E+00       0.00000000E+00       0.00000000E+00       0.00000000E+00       0.00000000E+00       0.00000000E+00
      0.23977261E+02       0.00000000E+00       0.00000000E+00       0.00000000E+00       0.00000000E+00       0.00000000E+00       0.00000000E+00       0.00000000E+00       0.00000000E+00       0.00000000E+00       0.00000000E+00       0.00000000E+00       0.00000000E+00       0.00000000E+00       0.00000000E+00       0.00000000E+00       0.00000000E+00       0.00000000E+00       0.00000000E+00       0.00000000E+00       0.00000000E+00       0.00000000E+00       0.00000000E+00       0.00000000E+00       0.00000000E+00       0.00000000E+00       0.00000000E+00       0.00000000E+00
      0.24080335E+02       0.00000000E+00       0.00000000E+00       0.00000000E+00       0.00000000E+00       0.00000000E+00       0.00000000E+00       0.00000000E+00       0.00000000E+00       0.00000000E+00       0.00000000E+00       0.00000000E+00       0.00000000E+00       0.00000000E+00       0.00000000E+00       0.00000000E+00       0.00000000E+00       0.00000000E+00       0.00000000E+00       0.00000000E+00       0.00000000E+00       0.00000000E+00       0.00000000E+00       0.00000000E+00       0.00000000E+00       0.00000000E+00       0.00000000E+00       0.00000000E+00
      0.24183408E+02       0.00000000E+00       0.00000000E+00       0.00000000E+00       0.00000000E+00       0.00000000E+00       0.00000000E+00       0.00000000E+00       0.00000000E+00       0.00000000E+00       0.00000000E+00       0.00000000E+00       0.00000000E+00       0.00000000E+00       0.00000000E+00       0.00000000E+00       0.00000000E+00       0.00000000E+00       0.00000000E+00       0.00000000E+00       0.00000000E+00       0.00000000E+00       0.00000000E+00       0.00000000E+00       0.00000000E+00       0.00000000E+00       0.00000000E+00       0.00000000E+00
      0.24286482E+02       0.00000000E+00       0.00000000E+00       0.00000000E+00       0.00000000E+00       0.00000000E+00       0.00000000E+00       0.00000000E+00       0.00000000E+00       0.00000000E+00       0.00000000E+00       0.00000000E+00       0.00000000E+00       0.00000000E+00       0.00000000E+00       0.00000000E+00       0.00000000E+00       0.00000000E+00       0.00000000E+00       0.00000000E+00       0.00000000E+00       0.00000000E+00       0.00000000E+00       0.00000000E+00       0.00000000E+00       0.00000000E+00       0.00000000E+00       0.00000000E+00
      0.24389555E+02       0.00000000E+00       0.00000000E+00       0.00000000E+00       0.00000000E+00       0.00000000E+00       0.00000000E+00       0.00000000E+00       0.00000000E+00       0.00000000E+00       0.00000000E+00       0.00000000E+00       0.00000000E+00       0.00000000E+00       0.00000000E+00       0.00000000E+00       0.00000000E+00       0.00000000E+00       0.00000000E+00       0.00000000E+00       0.00000000E+00       0.00000000E+00       0.00000000E+00       0.00000000E+00       0.00000000E+00       0.00000000E+00       0.00000000E+00       0.00000000E+00
      0.24492629E+02       0.00000000E+00       0.00000000E+00       0.00000000E+00       0.00000000E+00       0.00000000E+00       0.00000000E+00       0.00000000E+00       0.00000000E+00       0.00000000E+00       0.00000000E+00       0.00000000E+00       0.00000000E+00       0.00000000E+00       0.00000000E+00       0.00000000E+00       0.00000000E+00       0.00000000E+00       0.00000000E+00       0.00000000E+00       0.00000000E+00       0.00000000E+00       0.00000000E+00       0.00000000E+00       0.00000000E+00       0.00000000E+00       0.00000000E+00       0.00000000E+00
      0.24595702E+02       0.00000000E+00       0.00000000E+00       0.00000000E+00       0.00000000E+00       0.00000000E+00       0.00000000E+00       0.00000000E+00       0.00000000E+00       0.00000000E+00       0.00000000E+00       0.00000000E+00       0.00000000E+00       0.00000000E+00       0.00000000E+00       0.00000000E+00       0.00000000E+00       0.00000000E+00       0.00000000E+00       0.00000000E+00       0.00000000E+00       0.00000000E+00       0.00000000E+00       0.00000000E+00       0.00000000E+00       0.00000000E+00       0.00000000E+00       0.00000000E+00
      0.24698775E+02       0.00000000E+00       0.00000000E+00       0.00000000E+00       0.00000000E+00       0.00000000E+00       0.00000000E+00       0.00000000E+00       0.00000000E+00       0.00000000E+00       0.00000000E+00       0.00000000E+00       0.00000000E+00       0.00000000E+00       0.00000000E+00       0.00000000E+00       0.00000000E+00       0.00000000E+00       0.00000000E+00       0.00000000E+00       0.00000000E+00       0.00000000E+00       0.00000000E+00       0.00000000E+00       0.00000000E+00       0.00000000E+00       0.00000000E+00       0.00000000E+00
      0.24801849E+02       0.00000000E+00       0.00000000E+00       0.00000000E+00       0.00000000E+00       0.00000000E+00       0.00000000E+00       0.00000000E+00       0.00000000E+00       0.00000000E+00       0.00000000E+00       0.00000000E+00       0.00000000E+00       0.00000000E+00       0.00000000E+00       0.00000000E+00       0.00000000E+00       0.00000000E+00       0.00000000E+00       0.00000000E+00       0.00000000E+00       0.00000000E+00       0.00000000E+00       0.00000000E+00       0.00000000E+00       0.00000000E+00       0.00000000E+00       0.00000000E+00
      0.24904922E+02       0.00000000E+00       0.00000000E+00       0.00000000E+00       0.00000000E+00       0.00000000E+00       0.00000000E+00       0.00000000E+00       0.00000000E+00       0.00000000E+00       0.00000000E+00       0.00000000E+00       0.00000000E+00       0.00000000E+00       0.00000000E+00       0.00000000E+00       0.00000000E+00       0.00000000E+00       0.00000000E+00       0.00000000E+00       0.00000000E+00       0.00000000E+00       0.00000000E+00       0.00000000E+00       0.00000000E+00       0.00000000E+00       0.00000000E+00       0.00000000E+00
      0.25007996E+02       0.00000000E+00       0.00000000E+00       0.00000000E+00       0.00000000E+00       0.00000000E+00       0.00000000E+00       0.00000000E+00       0.00000000E+00       0.00000000E+00       0.00000000E+00       0.00000000E+00       0.00000000E+00       0.00000000E+00       0.00000000E+00       0.00000000E+00       0.00000000E+00       0.00000000E+00       0.00000000E+00       0.00000000E+00       0.00000000E+00       0.00000000E+00       0.00000000E+00       0.00000000E+00       0.00000000E+00       0.00000000E+00       0.00000000E+00       0.00000000E+00
      0.25111069E+02       0.00000000E+00       0.00000000E+00       0.00000000E+00       0.00000000E+00       0.00000000E+00       0.00000000E+00       0.00000000E+00       0.00000000E+00       0.00000000E+00       0.00000000E+00       0.00000000E+00       0.00000000E+00       0.00000000E+00       0.00000000E+00       0.00000000E+00       0.00000000E+00       0.00000000E+00       0.00000000E+00       0.00000000E+00       0.00000000E+00       0.00000000E+00       0.00000000E+00       0.00000000E+00       0.00000000E+00       0.00000000E+00       0.00000000E+00       0.00000000E+00
      0.25214143E+02       0.00000000E+00       0.00000000E+00       0.00000000E+00       0.00000000E+00       0.00000000E+00       0.00000000E+00       0.00000000E+00       0.00000000E+00       0.00000000E+00       0.00000000E+00       0.00000000E+00       0.00000000E+00       0.00000000E+00       0.00000000E+00       0.00000000E+00       0.00000000E+00       0.00000000E+00       0.00000000E+00       0.00000000E+00       0.00000000E+00       0.00000000E+00       0.00000000E+00       0.00000000E+00       0.00000000E+00       0.00000000E+00       0.00000000E+00       0.00000000E+00
      0.25317216E+02       0.00000000E+00       0.00000000E+00       0.00000000E+00       0.00000000E+00       0.00000000E+00       0.00000000E+00       0.00000000E+00       0.00000000E+00       0.00000000E+00       0.00000000E+00       0.00000000E+00       0.00000000E+00       0.00000000E+00       0.00000000E+00       0.00000000E+00       0.00000000E+00       0.00000000E+00       0.00000000E+00       0.00000000E+00       0.00000000E+00       0.00000000E+00       0.00000000E+00       0.00000000E+00       0.00000000E+00       0.00000000E+00       0.00000000E+00       0.00000000E+00
      0.25420289E+02       0.00000000E+00       0.00000000E+00       0.00000000E+00       0.00000000E+00       0.00000000E+00       0.00000000E+00       0.00000000E+00       0.00000000E+00       0.00000000E+00       0.00000000E+00       0.00000000E+00       0.00000000E+00       0.00000000E+00       0.00000000E+00       0.00000000E+00       0.00000000E+00       0.00000000E+00       0.00000000E+00       0.00000000E+00       0.00000000E+00       0.00000000E+00       0.00000000E+00       0.00000000E+00       0.00000000E+00       0.00000000E+00       0.00000000E+00       0.00000000E+00
      0.25523363E+02       0.00000000E+00       0.00000000E+00       0.00000000E+00       0.00000000E+00       0.00000000E+00       0.00000000E+00       0.00000000E+00       0.00000000E+00       0.00000000E+00       0.00000000E+00       0.00000000E+00       0.00000000E+00       0.00000000E+00       0.00000000E+00       0.00000000E+00       0.00000000E+00       0.00000000E+00       0.00000000E+00       0.00000000E+00       0.00000000E+00       0.00000000E+00       0.00000000E+00       0.00000000E+00       0.00000000E+00       0.00000000E+00       0.00000000E+00       0.00000000E+00
      0.25626436E+02       0.00000000E+00       0.00000000E+00       0.00000000E+00       0.00000000E+00       0.00000000E+00       0.00000000E+00       0.00000000E+00       0.00000000E+00       0.00000000E+00       0.00000000E+00       0.00000000E+00       0.00000000E+00       0.00000000E+00       0.00000000E+00       0.00000000E+00       0.00000000E+00       0.00000000E+00       0.00000000E+00       0.00000000E+00       0.00000000E+00       0.00000000E+00       0.00000000E+00       0.00000000E+00       0.00000000E+00       0.00000000E+00       0.00000000E+00       0.00000000E+00
      0.25729510E+02       0.00000000E+00       0.00000000E+00       0.00000000E+00       0.00000000E+00       0.00000000E+00       0.00000000E+00       0.00000000E+00       0.00000000E+00       0.00000000E+00       0.00000000E+00       0.00000000E+00       0.00000000E+00       0.00000000E+00       0.00000000E+00       0.00000000E+00       0.00000000E+00       0.00000000E+00       0.00000000E+00       0.00000000E+00       0.00000000E+00       0.00000000E+00       0.00000000E+00       0.00000000E+00       0.00000000E+00       0.00000000E+00       0.00000000E+00       0.00000000E+00
      0.25832583E+02       0.00000000E+00       0.00000000E+00       0.00000000E+00       0.00000000E+00       0.00000000E+00       0.00000000E+00       0.00000000E+00       0.00000000E+00       0.00000000E+00       0.00000000E+00       0.00000000E+00       0.00000000E+00       0.00000000E+00       0.00000000E+00       0.00000000E+00       0.00000000E+00       0.00000000E+00       0.00000000E+00       0.00000000E+00       0.00000000E+00       0.00000000E+00       0.00000000E+00       0.00000000E+00       0.00000000E+00       0.00000000E+00       0.00000000E+00       0.00000000E+00
      0.25935657E+02       0.00000000E+00       0.00000000E+00       0.00000000E+00       0.00000000E+00       0.00000000E+00       0.00000000E+00       0.00000000E+00       0.00000000E+00       0.00000000E+00       0.00000000E+00       0.00000000E+00       0.00000000E+00       0.00000000E+00       0.00000000E+00       0.00000000E+00       0.00000000E+00       0.00000000E+00       0.00000000E+00       0.00000000E+00       0.00000000E+00       0.00000000E+00       0.00000000E+00       0.00000000E+00       0.00000000E+00       0.00000000E+00       0.00000000E+00       0.00000000E+00
      0.26038730E+02       0.00000000E+00       0.00000000E+00       0.00000000E+00       0.00000000E+00       0.00000000E+00       0.00000000E+00       0.00000000E+00       0.00000000E+00       0.00000000E+00       0.00000000E+00       0.00000000E+00       0.00000000E+00       0.00000000E+00       0.00000000E+00       0.00000000E+00       0.00000000E+00       0.00000000E+00       0.00000000E+00       0.00000000E+00       0.00000000E+00       0.00000000E+00       0.00000000E+00       0.00000000E+00       0.00000000E+00       0.00000000E+00       0.00000000E+00       0.00000000E+00
      0.26141803E+02       0.00000000E+00       0.00000000E+00       0.00000000E+00       0.00000000E+00       0.00000000E+00       0.00000000E+00       0.00000000E+00       0.00000000E+00       0.00000000E+00       0.00000000E+00       0.00000000E+00       0.00000000E+00       0.00000000E+00       0.00000000E+00       0.00000000E+00       0.00000000E+00       0.00000000E+00       0.00000000E+00       0.00000000E+00       0.00000000E+00       0.00000000E+00       0.00000000E+00       0.00000000E+00       0.00000000E+00       0.00000000E+00       0.00000000E+00       0.00000000E+00
      0.26244877E+02       0.00000000E+00       0.00000000E+00       0.00000000E+00       0.00000000E+00       0.00000000E+00       0.00000000E+00       0.00000000E+00       0.00000000E+00       0.00000000E+00       0.00000000E+00       0.00000000E+00       0.00000000E+00       0.00000000E+00       0.00000000E+00       0.00000000E+00       0.00000000E+00       0.00000000E+00       0.00000000E+00       0.00000000E+00       0.00000000E+00       0.00000000E+00       0.00000000E+00       0.00000000E+00       0.00000000E+00       0.00000000E+00       0.00000000E+00       0.00000000E+00
      0.26347950E+02       0.00000000E+00       0.00000000E+00       0.00000000E+00       0.00000000E+00       0.00000000E+00       0.00000000E+00       0.00000000E+00       0.00000000E+00       0.00000000E+00       0.00000000E+00       0.00000000E+00       0.00000000E+00       0.00000000E+00       0.00000000E+00       0.00000000E+00       0.00000000E+00       0.00000000E+00       0.00000000E+00       0.00000000E+00       0.00000000E+00       0.00000000E+00       0.00000000E+00       0.00000000E+00       0.00000000E+00       0.00000000E+00       0.00000000E+00       0.00000000E+00
      0.26451024E+02       0.00000000E+00       0.00000000E+00       0.00000000E+00       0.00000000E+00       0.00000000E+00       0.00000000E+00       0.00000000E+00       0.00000000E+00       0.00000000E+00       0.00000000E+00       0.00000000E+00       0.00000000E+00       0.00000000E+00       0.00000000E+00       0.00000000E+00       0.00000000E+00       0.00000000E+00       0.00000000E+00       0.00000000E+00       0.00000000E+00       0.00000000E+00       0.00000000E+00       0.00000000E+00       0.00000000E+00       0.00000000E+00       0.00000000E+00       0.00000000E+00
      0.26554097E+02       0.00000000E+00       0.00000000E+00       0.00000000E+00       0.00000000E+00       0.00000000E+00       0.00000000E+00       0.00000000E+00       0.00000000E+00       0.00000000E+00       0.00000000E+00       0.00000000E+00       0.00000000E+00       0.00000000E+00       0.00000000E+00       0.00000000E+00       0.00000000E+00       0.00000000E+00       0.00000000E+00       0.00000000E+00       0.00000000E+00       0.00000000E+00       0.00000000E+00       0.00000000E+00       0.00000000E+00       0.00000000E+00       0.00000000E+00       0.00000000E+00
      0.26657171E+02       0.00000000E+00       0.00000000E+00       0.00000000E+00       0.00000000E+00       0.00000000E+00       0.00000000E+00       0.00000000E+00       0.00000000E+00       0.00000000E+00       0.00000000E+00       0.00000000E+00       0.00000000E+00       0.00000000E+00       0.00000000E+00       0.00000000E+00       0.00000000E+00       0.00000000E+00       0.00000000E+00       0.00000000E+00       0.00000000E+00       0.00000000E+00       0.00000000E+00       0.00000000E+00       0.00000000E+00       0.00000000E+00       0.00000000E+00       0.00000000E+00
      0.26760244E+02       0.00000000E+00       0.00000000E+00       0.00000000E+00       0.00000000E+00       0.00000000E+00       0.00000000E+00       0.00000000E+00       0.00000000E+00       0.00000000E+00       0.00000000E+00       0.00000000E+00       0.00000000E+00       0.00000000E+00       0.00000000E+00       0.00000000E+00       0.00000000E+00       0.00000000E+00       0.00000000E+00       0.00000000E+00       0.00000000E+00       0.00000000E+00       0.00000000E+00       0.00000000E+00       0.00000000E+00       0.00000000E+00       0.00000000E+00       0.00000000E+00
      0.26863318E+02       0.00000000E+00       0.00000000E+00       0.00000000E+00       0.00000000E+00       0.00000000E+00       0.00000000E+00       0.00000000E+00       0.00000000E+00       0.00000000E+00       0.00000000E+00       0.00000000E+00       0.00000000E+00       0.00000000E+00       0.00000000E+00       0.00000000E+00       0.00000000E+00       0.00000000E+00       0.00000000E+00       0.00000000E+00       0.00000000E+00       0.00000000E+00       0.00000000E+00       0.00000000E+00       0.00000000E+00       0.00000000E+00       0.00000000E+00       0.00000000E+00
      0.26966391E+02       0.00000000E+00       0.00000000E+00       0.00000000E+00       0.00000000E+00       0.00000000E+00       0.00000000E+00       0.00000000E+00       0.00000000E+00       0.00000000E+00       0.00000000E+00       0.00000000E+00       0.00000000E+00       0.00000000E+00       0.00000000E+00       0.00000000E+00       0.00000000E+00       0.00000000E+00       0.00000000E+00       0.00000000E+00       0.00000000E+00       0.00000000E+00       0.00000000E+00       0.00000000E+00       0.00000000E+00       0.00000000E+00       0.00000000E+00       0.00000000E+00
      0.27069464E+02       0.00000000E+00       0.00000000E+00       0.00000000E+00       0.00000000E+00       0.00000000E+00       0.00000000E+00       0.00000000E+00       0.00000000E+00       0.00000000E+00       0.00000000E+00       0.00000000E+00       0.00000000E+00       0.00000000E+00       0.00000000E+00       0.00000000E+00       0.00000000E+00       0.00000000E+00       0.00000000E+00       0.00000000E+00       0.00000000E+00       0.00000000E+00       0.00000000E+00       0.00000000E+00       0.00000000E+00       0.00000000E+00       0.00000000E+00       0.00000000E+00
      0.27172538E+02       0.00000000E+00       0.00000000E+00       0.00000000E+00       0.00000000E+00       0.00000000E+00       0.00000000E+00       0.00000000E+00       0.00000000E+00       0.00000000E+00       0.00000000E+00       0.00000000E+00       0.00000000E+00       0.00000000E+00       0.00000000E+00       0.00000000E+00       0.00000000E+00       0.00000000E+00       0.00000000E+00       0.00000000E+00       0.00000000E+00       0.00000000E+00       0.00000000E+00       0.00000000E+00       0.00000000E+00       0.00000000E+00       0.00000000E+00       0.00000000E+00
      0.27275611E+02       0.00000000E+00       0.00000000E+00       0.00000000E+00       0.00000000E+00       0.00000000E+00       0.00000000E+00       0.00000000E+00       0.00000000E+00       0.00000000E+00       0.00000000E+00       0.00000000E+00       0.00000000E+00       0.00000000E+00       0.00000000E+00       0.00000000E+00       0.00000000E+00       0.00000000E+00       0.00000000E+00       0.00000000E+00       0.00000000E+00       0.00000000E+00       0.00000000E+00       0.00000000E+00       0.00000000E+00       0.00000000E+00       0.00000000E+00       0.00000000E+00
      0.27378685E+02       0.00000000E+00       0.00000000E+00       0.00000000E+00       0.00000000E+00       0.00000000E+00       0.00000000E+00       0.00000000E+00       0.00000000E+00       0.00000000E+00       0.00000000E+00       0.00000000E+00       0.00000000E+00       0.00000000E+00       0.00000000E+00       0.00000000E+00       0.00000000E+00       0.00000000E+00       0.00000000E+00       0.00000000E+00       0.00000000E+00       0.00000000E+00       0.00000000E+00       0.00000000E+00       0.00000000E+00       0.00000000E+00       0.00000000E+00       0.00000000E+00
      0.27481758E+02       0.00000000E+00       0.00000000E+00       0.00000000E+00       0.00000000E+00       0.00000000E+00       0.00000000E+00       0.00000000E+00       0.00000000E+00       0.00000000E+00       0.00000000E+00       0.00000000E+00       0.00000000E+00       0.00000000E+00       0.00000000E+00       0.00000000E+00       0.00000000E+00       0.00000000E+00       0.00000000E+00       0.00000000E+00       0.00000000E+00       0.00000000E+00       0.00000000E+00       0.00000000E+00       0.00000000E+00       0.00000000E+00       0.00000000E+00       0.00000000E+00
      0.27584832E+02       0.00000000E+00       0.00000000E+00       0.00000000E+00       0.00000000E+00       0.00000000E+00       0.00000000E+00       0.00000000E+00       0.00000000E+00       0.00000000E+00       0.00000000E+00       0.00000000E+00       0.00000000E+00       0.00000000E+00       0.00000000E+00       0.00000000E+00       0.00000000E+00       0.00000000E+00       0.00000000E+00       0.00000000E+00       0.00000000E+00       0.00000000E+00       0.00000000E+00       0.00000000E+00       0.00000000E+00       0.00000000E+00       0.00000000E+00       0.00000000E+00
      0.27687905E+02       0.00000000E+00       0.00000000E+00       0.00000000E+00       0.00000000E+00       0.00000000E+00       0.00000000E+00       0.00000000E+00       0.00000000E+00       0.00000000E+00       0.00000000E+00       0.00000000E+00       0.00000000E+00       0.00000000E+00       0.00000000E+00       0.00000000E+00       0.00000000E+00       0.00000000E+00       0.00000000E+00       0.00000000E+00       0.00000000E+00       0.00000000E+00       0.00000000E+00       0.00000000E+00       0.00000000E+00       0.00000000E+00       0.00000000E+00       0.00000000E+00
      0.27790978E+02       0.00000000E+00       0.00000000E+00       0.00000000E+00       0.00000000E+00       0.00000000E+00       0.00000000E+00       0.00000000E+00       0.00000000E+00       0.00000000E+00       0.00000000E+00       0.00000000E+00       0.00000000E+00       0.00000000E+00       0.00000000E+00       0.00000000E+00       0.00000000E+00       0.00000000E+00       0.00000000E+00       0.00000000E+00       0.00000000E+00       0.00000000E+00       0.00000000E+00       0.00000000E+00       0.00000000E+00       0.00000000E+00       0.00000000E+00       0.00000000E+00
      0.27894052E+02       0.00000000E+00       0.00000000E+00       0.00000000E+00       0.00000000E+00       0.00000000E+00       0.00000000E+00       0.00000000E+00       0.00000000E+00       0.00000000E+00       0.00000000E+00       0.00000000E+00       0.00000000E+00       0.00000000E+00       0.00000000E+00       0.00000000E+00       0.00000000E+00       0.00000000E+00       0.00000000E+00       0.00000000E+00       0.00000000E+00       0.00000000E+00       0.00000000E+00       0.00000000E+00       0.00000000E+00       0.00000000E+00       0.00000000E+00       0.00000000E+00
      0.27997125E+02       0.00000000E+00       0.00000000E+00       0.00000000E+00       0.00000000E+00       0.00000000E+00       0.00000000E+00       0.00000000E+00       0.00000000E+00       0.00000000E+00       0.00000000E+00       0.00000000E+00       0.00000000E+00       0.00000000E+00       0.00000000E+00       0.00000000E+00       0.00000000E+00       0.00000000E+00       0.00000000E+00       0.00000000E+00       0.00000000E+00       0.00000000E+00       0.00000000E+00       0.00000000E+00       0.00000000E+00       0.00000000E+00       0.00000000E+00       0.00000000E+00
      0.28100199E+02       0.00000000E+00       0.00000000E+00       0.00000000E+00       0.00000000E+00       0.00000000E+00       0.00000000E+00       0.00000000E+00       0.00000000E+00       0.00000000E+00       0.00000000E+00       0.00000000E+00       0.00000000E+00       0.00000000E+00       0.00000000E+00       0.00000000E+00       0.00000000E+00       0.00000000E+00       0.00000000E+00       0.00000000E+00       0.00000000E+00       0.00000000E+00       0.00000000E+00       0.00000000E+00       0.00000000E+00       0.00000000E+00       0.00000000E+00       0.00000000E+00
      0.28203272E+02       0.00000000E+00       0.00000000E+00       0.00000000E+00       0.00000000E+00       0.00000000E+00       0.00000000E+00       0.00000000E+00       0.00000000E+00       0.00000000E+00       0.00000000E+00       0.00000000E+00       0.00000000E+00       0.00000000E+00       0.00000000E+00       0.00000000E+00       0.00000000E+00       0.00000000E+00       0.00000000E+00       0.00000000E+00       0.00000000E+00       0.00000000E+00       0.00000000E+00       0.00000000E+00       0.00000000E+00       0.00000000E+00       0.00000000E+00       0.00000000E+00
      0.28306346E+02       0.00000000E+00       0.00000000E+00       0.00000000E+00       0.00000000E+00       0.00000000E+00       0.00000000E+00       0.00000000E+00       0.00000000E+00       0.00000000E+00       0.00000000E+00       0.00000000E+00       0.00000000E+00       0.00000000E+00       0.00000000E+00       0.00000000E+00       0.00000000E+00       0.00000000E+00       0.00000000E+00       0.00000000E+00       0.00000000E+00       0.00000000E+00       0.00000000E+00       0.00000000E+00       0.00000000E+00       0.00000000E+00       0.00000000E+00       0.00000000E+00
      0.28409419E+02       0.00000000E+00       0.00000000E+00       0.00000000E+00       0.00000000E+00       0.00000000E+00       0.00000000E+00       0.00000000E+00       0.00000000E+00       0.00000000E+00       0.00000000E+00       0.00000000E+00       0.00000000E+00       0.00000000E+00       0.00000000E+00       0.00000000E+00       0.00000000E+00       0.00000000E+00       0.00000000E+00       0.00000000E+00       0.00000000E+00       0.00000000E+00       0.00000000E+00       0.00000000E+00       0.00000000E+00       0.00000000E+00       0.00000000E+00       0.00000000E+00
      0.28512492E+02       0.00000000E+00       0.00000000E+00       0.00000000E+00       0.00000000E+00       0.00000000E+00       0.00000000E+00       0.00000000E+00       0.00000000E+00       0.00000000E+00       0.00000000E+00       0.00000000E+00       0.00000000E+00       0.00000000E+00       0.00000000E+00       0.00000000E+00       0.00000000E+00       0.00000000E+00       0.00000000E+00       0.00000000E+00       0.00000000E+00       0.00000000E+00       0.00000000E+00       0.00000000E+00       0.00000000E+00       0.00000000E+00       0.00000000E+00       0.00000000E+00
      0.28615566E+02       0.00000000E+00       0.00000000E+00       0.00000000E+00       0.00000000E+00       0.00000000E+00       0.00000000E+00       0.00000000E+00       0.00000000E+00       0.00000000E+00       0.00000000E+00       0.00000000E+00       0.00000000E+00       0.00000000E+00       0.00000000E+00       0.00000000E+00       0.00000000E+00       0.00000000E+00       0.00000000E+00       0.00000000E+00       0.00000000E+00       0.00000000E+00       0.00000000E+00       0.00000000E+00       0.00000000E+00       0.00000000E+00       0.00000000E+00       0.00000000E+00
      0.28718639E+02       0.00000000E+00       0.00000000E+00       0.00000000E+00       0.00000000E+00       0.00000000E+00       0.00000000E+00       0.00000000E+00       0.00000000E+00       0.00000000E+00       0.00000000E+00       0.00000000E+00       0.00000000E+00       0.00000000E+00       0.00000000E+00       0.00000000E+00       0.00000000E+00       0.00000000E+00       0.00000000E+00       0.00000000E+00       0.00000000E+00       0.00000000E+00       0.00000000E+00       0.00000000E+00       0.00000000E+00       0.00000000E+00       0.00000000E+00       0.00000000E+00
      0.28821713E+02       0.00000000E+00       0.00000000E+00       0.00000000E+00       0.00000000E+00       0.00000000E+00       0.00000000E+00       0.00000000E+00       0.00000000E+00       0.00000000E+00       0.00000000E+00       0.00000000E+00       0.00000000E+00       0.00000000E+00       0.00000000E+00       0.00000000E+00       0.00000000E+00       0.00000000E+00       0.00000000E+00       0.00000000E+00       0.00000000E+00       0.00000000E+00       0.00000000E+00       0.00000000E+00       0.00000000E+00       0.00000000E+00       0.00000000E+00       0.00000000E+00
      0.28924786E+02       0.00000000E+00       0.00000000E+00       0.00000000E+00       0.00000000E+00       0.00000000E+00       0.00000000E+00       0.00000000E+00       0.00000000E+00       0.00000000E+00       0.00000000E+00       0.00000000E+00       0.00000000E+00       0.00000000E+00       0.00000000E+00       0.00000000E+00       0.00000000E+00       0.00000000E+00       0.00000000E+00       0.00000000E+00       0.00000000E+00       0.00000000E+00       0.00000000E+00       0.00000000E+00       0.00000000E+00       0.00000000E+00       0.00000000E+00       0.00000000E+00
      0.29027860E+02       0.00000000E+00       0.00000000E+00       0.00000000E+00       0.00000000E+00       0.00000000E+00       0.00000000E+00       0.00000000E+00       0.00000000E+00       0.00000000E+00       0.00000000E+00       0.00000000E+00       0.00000000E+00       0.00000000E+00       0.00000000E+00       0.00000000E+00       0.00000000E+00       0.00000000E+00       0.00000000E+00       0.00000000E+00       0.00000000E+00       0.00000000E+00       0.00000000E+00       0.00000000E+00       0.00000000E+00       0.00000000E+00       0.00000000E+00       0.00000000E+00
      0.29130933E+02       0.00000000E+00       0.00000000E+00       0.00000000E+00       0.00000000E+00       0.00000000E+00       0.00000000E+00       0.00000000E+00       0.00000000E+00       0.00000000E+00       0.00000000E+00       0.00000000E+00       0.00000000E+00       0.00000000E+00       0.00000000E+00       0.00000000E+00       0.00000000E+00       0.00000000E+00       0.00000000E+00       0.00000000E+00       0.00000000E+00       0.00000000E+00       0.00000000E+00       0.00000000E+00       0.00000000E+00       0.00000000E+00       0.00000000E+00       0.00000000E+00
      0.29234006E+02       0.00000000E+00       0.00000000E+00       0.00000000E+00       0.00000000E+00       0.00000000E+00       0.00000000E+00       0.00000000E+00       0.00000000E+00       0.00000000E+00       0.00000000E+00       0.00000000E+00       0.00000000E+00       0.00000000E+00       0.00000000E+00       0.00000000E+00       0.00000000E+00       0.00000000E+00       0.00000000E+00       0.00000000E+00       0.00000000E+00       0.00000000E+00       0.00000000E+00       0.00000000E+00       0.00000000E+00       0.00000000E+00       0.00000000E+00       0.00000000E+00
      0.29337080E+02       0.00000000E+00       0.00000000E+00       0.00000000E+00       0.00000000E+00       0.00000000E+00       0.00000000E+00       0.00000000E+00       0.00000000E+00       0.00000000E+00       0.00000000E+00       0.00000000E+00       0.00000000E+00       0.00000000E+00       0.00000000E+00       0.00000000E+00       0.00000000E+00       0.00000000E+00       0.00000000E+00       0.00000000E+00       0.00000000E+00       0.00000000E+00       0.00000000E+00       0.00000000E+00       0.00000000E+00       0.00000000E+00       0.00000000E+00       0.00000000E+00
      0.29440153E+02       0.00000000E+00       0.00000000E+00       0.00000000E+00       0.00000000E+00       0.00000000E+00       0.00000000E+00       0.00000000E+00       0.00000000E+00       0.00000000E+00       0.00000000E+00       0.00000000E+00       0.00000000E+00       0.00000000E+00       0.00000000E+00       0.00000000E+00       0.00000000E+00       0.00000000E+00       0.00000000E+00       0.00000000E+00       0.00000000E+00       0.00000000E+00       0.00000000E+00       0.00000000E+00       0.00000000E+00       0.00000000E+00       0.00000000E+00       0.00000000E+00
      0.29543227E+02       0.00000000E+00       0.00000000E+00       0.00000000E+00       0.00000000E+00       0.00000000E+00       0.00000000E+00       0.00000000E+00       0.00000000E+00       0.00000000E+00       0.00000000E+00       0.00000000E+00       0.00000000E+00       0.00000000E+00       0.00000000E+00       0.00000000E+00       0.00000000E+00       0.00000000E+00       0.00000000E+00       0.00000000E+00       0.00000000E+00       0.00000000E+00       0.00000000E+00       0.00000000E+00       0.00000000E+00       0.00000000E+00       0.00000000E+00       0.00000000E+00
      0.29646300E+02       0.00000000E+00       0.00000000E+00       0.00000000E+00       0.00000000E+00       0.00000000E+00       0.00000000E+00       0.00000000E+00       0.00000000E+00       0.00000000E+00       0.00000000E+00       0.00000000E+00       0.00000000E+00       0.00000000E+00       0.00000000E+00       0.00000000E+00       0.00000000E+00       0.00000000E+00       0.00000000E+00       0.00000000E+00       0.00000000E+00       0.00000000E+00       0.00000000E+00       0.00000000E+00       0.00000000E+00       0.00000000E+00       0.00000000E+00       0.00000000E+00
      0.29749374E+02       0.00000000E+00       0.00000000E+00       0.00000000E+00       0.00000000E+00       0.00000000E+00       0.00000000E+00       0.00000000E+00       0.00000000E+00       0.00000000E+00       0.00000000E+00       0.00000000E+00       0.00000000E+00       0.00000000E+00       0.00000000E+00       0.00000000E+00       0.00000000E+00       0.00000000E+00       0.00000000E+00       0.00000000E+00       0.00000000E+00       0.00000000E+00       0.00000000E+00       0.00000000E+00       0.00000000E+00       0.00000000E+00       0.00000000E+00       0.00000000E+00
      0.29852447E+02       0.00000000E+00       0.00000000E+00       0.00000000E+00       0.00000000E+00       0.00000000E+00       0.00000000E+00       0.00000000E+00       0.00000000E+00       0.00000000E+00       0.00000000E+00       0.00000000E+00       0.00000000E+00       0.00000000E+00       0.00000000E+00       0.00000000E+00       0.00000000E+00       0.00000000E+00       0.00000000E+00       0.00000000E+00       0.00000000E+00       0.00000000E+00       0.00000000E+00       0.00000000E+00       0.00000000E+00       0.00000000E+00       0.00000000E+00       0.00000000E+00
      0.29955520E+02       0.00000000E+00       0.00000000E+00       0.00000000E+00       0.00000000E+00       0.00000000E+00       0.00000000E+00       0.00000000E+00       0.00000000E+00       0.00000000E+00       0.00000000E+00       0.00000000E+00       0.00000000E+00       0.00000000E+00       0.00000000E+00       0.00000000E+00       0.00000000E+00       0.00000000E+00       0.00000000E+00       0.00000000E+00       0.00000000E+00       0.00000000E+00       0.00000000E+00       0.00000000E+00       0.00000000E+00       0.00000000E+00       0.00000000E+00       0.00000000E+00
      0.30058594E+02       0.00000000E+00       0.00000000E+00       0.00000000E+00       0.00000000E+00       0.00000000E+00       0.00000000E+00       0.00000000E+00       0.00000000E+00       0.00000000E+00       0.00000000E+00       0.00000000E+00       0.00000000E+00       0.00000000E+00       0.00000000E+00       0.00000000E+00       0.00000000E+00       0.00000000E+00       0.00000000E+00       0.00000000E+00       0.00000000E+00       0.00000000E+00       0.00000000E+00       0.00000000E+00       0.00000000E+00       0.00000000E+00       0.00000000E+00       0.00000000E+00
      0.30161667E+02       0.00000000E+00       0.00000000E+00       0.00000000E+00       0.00000000E+00       0.00000000E+00       0.00000000E+00       0.00000000E+00       0.00000000E+00       0.00000000E+00       0.00000000E+00       0.00000000E+00       0.00000000E+00       0.00000000E+00       0.00000000E+00       0.00000000E+00       0.00000000E+00       0.00000000E+00       0.00000000E+00       0.00000000E+00       0.00000000E+00       0.00000000E+00       0.00000000E+00       0.00000000E+00       0.00000000E+00       0.00000000E+00       0.00000000E+00       0.00000000E+00
      0.30264741E+02       0.00000000E+00       0.00000000E+00       0.00000000E+00       0.00000000E+00       0.00000000E+00       0.00000000E+00       0.00000000E+00       0.00000000E+00       0.00000000E+00       0.00000000E+00       0.00000000E+00       0.00000000E+00       0.00000000E+00       0.00000000E+00       0.00000000E+00       0.00000000E+00       0.00000000E+00       0.00000000E+00       0.00000000E+00       0.00000000E+00       0.00000000E+00       0.00000000E+00       0.00000000E+00       0.00000000E+00       0.00000000E+00       0.00000000E+00       0.00000000E+00
      0.30367814E+02       0.00000000E+00       0.00000000E+00       0.00000000E+00       0.00000000E+00       0.00000000E+00       0.00000000E+00       0.00000000E+00       0.00000000E+00       0.00000000E+00       0.00000000E+00       0.00000000E+00       0.00000000E+00       0.00000000E+00       0.00000000E+00       0.00000000E+00       0.00000000E+00       0.00000000E+00       0.00000000E+00       0.00000000E+00       0.00000000E+00       0.00000000E+00       0.00000000E+00       0.00000000E+00       0.00000000E+00       0.00000000E+00       0.00000000E+00       0.00000000E+00
      0.30470888E+02       0.00000000E+00       0.00000000E+00       0.00000000E+00       0.00000000E+00       0.00000000E+00       0.00000000E+00       0.00000000E+00       0.00000000E+00       0.00000000E+00       0.00000000E+00       0.00000000E+00       0.00000000E+00       0.00000000E+00       0.00000000E+00       0.00000000E+00       0.00000000E+00       0.00000000E+00       0.00000000E+00       0.00000000E+00       0.00000000E+00       0.00000000E+00       0.00000000E+00       0.00000000E+00       0.00000000E+00       0.00000000E+00       0.00000000E+00       0.00000000E+00
      0.30573961E+02       0.00000000E+00       0.00000000E+00       0.00000000E+00       0.00000000E+00       0.00000000E+00       0.00000000E+00       0.00000000E+00       0.00000000E+00       0.00000000E+00       0.00000000E+00       0.00000000E+00       0.00000000E+00       0.00000000E+00       0.00000000E+00       0.00000000E+00       0.00000000E+00       0.00000000E+00       0.00000000E+00       0.00000000E+00       0.00000000E+00       0.00000000E+00       0.00000000E+00       0.00000000E+00       0.00000000E+00       0.00000000E+00       0.00000000E+00       0.00000000E+00
      0.30677035E+02       0.00000000E+00       0.00000000E+00       0.00000000E+00       0.00000000E+00       0.00000000E+00       0.00000000E+00       0.00000000E+00       0.00000000E+00       0.00000000E+00       0.00000000E+00       0.00000000E+00       0.00000000E+00       0.00000000E+00       0.00000000E+00       0.00000000E+00       0.00000000E+00       0.00000000E+00       0.00000000E+00       0.00000000E+00       0.00000000E+00       0.00000000E+00       0.00000000E+00       0.00000000E+00       0.00000000E+00       0.00000000E+00       0.00000000E+00       0.00000000E+00
      0.30780108E+02       0.00000000E+00       0.00000000E+00       0.00000000E+00       0.00000000E+00       0.00000000E+00       0.00000000E+00       0.00000000E+00       0.00000000E+00       0.00000000E+00       0.00000000E+00       0.00000000E+00       0.00000000E+00       0.00000000E+00       0.00000000E+00       0.00000000E+00       0.00000000E+00       0.00000000E+00       0.00000000E+00       0.00000000E+00       0.00000000E+00       0.00000000E+00       0.00000000E+00       0.00000000E+00       0.00000000E+00       0.00000000E+00       0.00000000E+00       0.00000000E+00
      0.30883181E+02       0.00000000E+00       0.00000000E+00       0.00000000E+00       0.00000000E+00       0.00000000E+00       0.00000000E+00       0.00000000E+00       0.00000000E+00       0.00000000E+00       0.00000000E+00       0.00000000E+00       0.00000000E+00       0.00000000E+00       0.00000000E+00       0.00000000E+00       0.00000000E+00       0.00000000E+00       0.00000000E+00       0.00000000E+00       0.00000000E+00       0.00000000E+00       0.00000000E+00       0.00000000E+00       0.00000000E+00       0.00000000E+00       0.00000000E+00       0.00000000E+00
      0.30986255E+02       0.00000000E+00       0.00000000E+00       0.00000000E+00       0.00000000E+00       0.00000000E+00       0.00000000E+00       0.00000000E+00       0.00000000E+00       0.00000000E+00       0.00000000E+00       0.00000000E+00       0.00000000E+00       0.00000000E+00       0.00000000E+00       0.00000000E+00       0.00000000E+00       0.00000000E+00       0.00000000E+00       0.00000000E+00       0.00000000E+00       0.00000000E+00       0.00000000E+00       0.00000000E+00       0.00000000E+00       0.00000000E+00       0.00000000E+00       0.00000000E+00
      0.31089328E+02       0.00000000E+00       0.00000000E+00       0.00000000E+00       0.00000000E+00       0.00000000E+00       0.00000000E+00       0.00000000E+00       0.00000000E+00       0.00000000E+00       0.00000000E+00       0.00000000E+00       0.00000000E+00       0.00000000E+00       0.00000000E+00       0.00000000E+00       0.00000000E+00       0.00000000E+00       0.00000000E+00       0.00000000E+00       0.00000000E+00       0.00000000E+00       0.00000000E+00       0.00000000E+00       0.00000000E+00       0.00000000E+00       0.00000000E+00       0.00000000E+00
      0.31192402E+02       0.00000000E+00       0.00000000E+00       0.00000000E+00       0.00000000E+00       0.00000000E+00       0.00000000E+00       0.00000000E+00       0.00000000E+00       0.00000000E+00       0.00000000E+00       0.00000000E+00       0.00000000E+00       0.00000000E+00       0.00000000E+00       0.00000000E+00       0.00000000E+00       0.00000000E+00       0.00000000E+00       0.00000000E+00       0.00000000E+00       0.00000000E+00       0.00000000E+00       0.00000000E+00       0.00000000E+00       0.00000000E+00       0.00000000E+00       0.00000000E+00
      0.31295475E+02       0.00000000E+00       0.00000000E+00       0.00000000E+00       0.00000000E+00       0.00000000E+00       0.00000000E+00       0.00000000E+00       0.00000000E+00       0.00000000E+00       0.00000000E+00       0.00000000E+00       0.00000000E+00       0.00000000E+00       0.00000000E+00       0.00000000E+00       0.00000000E+00       0.00000000E+00       0.00000000E+00       0.00000000E+00       0.00000000E+00       0.00000000E+00       0.00000000E+00       0.00000000E+00       0.00000000E+00       0.00000000E+00       0.00000000E+00       0.00000000E+00
      0.31398549E+02       0.00000000E+00       0.00000000E+00       0.00000000E+00       0.00000000E+00       0.00000000E+00       0.00000000E+00       0.00000000E+00       0.00000000E+00       0.00000000E+00       0.00000000E+00       0.00000000E+00       0.00000000E+00       0.00000000E+00       0.00000000E+00       0.00000000E+00       0.00000000E+00       0.00000000E+00       0.00000000E+00       0.00000000E+00       0.00000000E+00       0.00000000E+00       0.00000000E+00       0.00000000E+00       0.00000000E+00       0.00000000E+00       0.00000000E+00       0.00000000E+00
      0.31501622E+02       0.00000000E+00       0.00000000E+00       0.00000000E+00       0.00000000E+00       0.00000000E+00       0.00000000E+00       0.00000000E+00       0.00000000E+00       0.00000000E+00       0.00000000E+00       0.00000000E+00       0.00000000E+00       0.00000000E+00       0.00000000E+00       0.00000000E+00       0.00000000E+00       0.00000000E+00       0.00000000E+00       0.00000000E+00       0.00000000E+00       0.00000000E+00       0.00000000E+00       0.00000000E+00       0.00000000E+00       0.00000000E+00       0.00000000E+00       0.00000000E+00
      0.31604695E+02       0.00000000E+00       0.00000000E+00       0.00000000E+00       0.00000000E+00       0.00000000E+00       0.00000000E+00       0.00000000E+00       0.00000000E+00       0.00000000E+00       0.00000000E+00       0.00000000E+00       0.00000000E+00       0.00000000E+00       0.00000000E+00       0.00000000E+00       0.00000000E+00       0.00000000E+00       0.00000000E+00       0.00000000E+00       0.00000000E+00       0.00000000E+00       0.00000000E+00       0.00000000E+00       0.00000000E+00       0.00000000E+00       0.00000000E+00       0.00000000E+00
      0.31707769E+02       0.00000000E+00       0.00000000E+00       0.00000000E+00       0.00000000E+00       0.00000000E+00       0.00000000E+00       0.00000000E+00       0.00000000E+00       0.00000000E+00       0.00000000E+00       0.00000000E+00       0.00000000E+00       0.00000000E+00       0.00000000E+00       0.00000000E+00       0.00000000E+00       0.00000000E+00       0.00000000E+00       0.00000000E+00       0.00000000E+00       0.00000000E+00       0.00000000E+00       0.00000000E+00       0.00000000E+00       0.00000000E+00       0.00000000E+00       0.00000000E+00
      0.31810842E+02       0.00000000E+00       0.00000000E+00       0.00000000E+00       0.00000000E+00       0.00000000E+00       0.00000000E+00       0.00000000E+00       0.00000000E+00       0.00000000E+00       0.00000000E+00       0.00000000E+00       0.00000000E+00       0.00000000E+00       0.00000000E+00       0.00000000E+00       0.00000000E+00       0.00000000E+00       0.00000000E+00       0.00000000E+00       0.00000000E+00       0.00000000E+00       0.00000000E+00       0.00000000E+00       0.00000000E+00       0.00000000E+00       0.00000000E+00       0.00000000E+00
      0.31913916E+02       0.00000000E+00       0.00000000E+00       0.00000000E+00       0.00000000E+00       0.00000000E+00       0.00000000E+00       0.00000000E+00       0.00000000E+00       0.00000000E+00       0.00000000E+00       0.00000000E+00       0.00000000E+00       0.00000000E+00       0.00000000E+00       0.00000000E+00       0.00000000E+00       0.00000000E+00       0.00000000E+00       0.00000000E+00       0.00000000E+00       0.00000000E+00       0.00000000E+00       0.00000000E+00       0.00000000E+00       0.00000000E+00       0.00000000E+00       0.00000000E+00
      0.32016989E+02       0.00000000E+00       0.00000000E+00       0.00000000E+00       0.00000000E+00       0.00000000E+00       0.00000000E+00       0.00000000E+00       0.00000000E+00       0.00000000E+00       0.00000000E+00       0.00000000E+00       0.00000000E+00       0.00000000E+00       0.00000000E+00       0.00000000E+00       0.00000000E+00       0.00000000E+00       0.00000000E+00       0.00000000E+00       0.00000000E+00       0.00000000E+00       0.00000000E+00       0.00000000E+00       0.00000000E+00       0.00000000E+00       0.00000000E+00       0.00000000E+00
      0.32120063E+02       0.00000000E+00       0.00000000E+00       0.00000000E+00       0.00000000E+00       0.00000000E+00       0.00000000E+00       0.00000000E+00       0.00000000E+00       0.00000000E+00       0.00000000E+00       0.00000000E+00       0.00000000E+00       0.00000000E+00       0.00000000E+00       0.00000000E+00       0.00000000E+00       0.00000000E+00       0.00000000E+00       0.00000000E+00       0.00000000E+00       0.00000000E+00       0.00000000E+00       0.00000000E+00       0.00000000E+00       0.00000000E+00       0.00000000E+00       0.00000000E+00
      0.32223136E+02       0.00000000E+00       0.00000000E+00       0.00000000E+00       0.00000000E+00       0.00000000E+00       0.00000000E+00       0.00000000E+00       0.00000000E+00       0.00000000E+00       0.00000000E+00       0.00000000E+00       0.00000000E+00       0.00000000E+00       0.00000000E+00       0.00000000E+00       0.00000000E+00       0.00000000E+00       0.00000000E+00       0.00000000E+00       0.00000000E+00       0.00000000E+00       0.00000000E+00       0.00000000E+00       0.00000000E+00       0.00000000E+00       0.00000000E+00       0.00000000E+00
      0.32326209E+02       0.00000000E+00       0.00000000E+00       0.00000000E+00       0.00000000E+00       0.00000000E+00       0.00000000E+00       0.00000000E+00       0.00000000E+00       0.00000000E+00       0.00000000E+00       0.00000000E+00       0.00000000E+00       0.00000000E+00       0.00000000E+00       0.00000000E+00       0.00000000E+00       0.00000000E+00       0.00000000E+00       0.00000000E+00       0.00000000E+00       0.00000000E+00       0.00000000E+00       0.00000000E+00       0.00000000E+00       0.00000000E+00       0.00000000E+00       0.00000000E+00
      0.32429283E+02       0.00000000E+00       0.00000000E+00       0.00000000E+00       0.00000000E+00       0.00000000E+00       0.00000000E+00       0.00000000E+00       0.00000000E+00       0.00000000E+00       0.00000000E+00       0.00000000E+00       0.00000000E+00       0.00000000E+00       0.00000000E+00       0.00000000E+00       0.00000000E+00       0.00000000E+00       0.00000000E+00       0.00000000E+00       0.00000000E+00       0.00000000E+00       0.00000000E+00       0.00000000E+00       0.00000000E+00       0.00000000E+00       0.00000000E+00       0.00000000E+00
      0.32532356E+02       0.00000000E+00       0.00000000E+00       0.00000000E+00       0.00000000E+00       0.00000000E+00       0.00000000E+00       0.00000000E+00       0.00000000E+00       0.00000000E+00       0.00000000E+00       0.00000000E+00       0.00000000E+00       0.00000000E+00       0.00000000E+00       0.00000000E+00       0.00000000E+00       0.00000000E+00       0.00000000E+00       0.00000000E+00       0.00000000E+00       0.00000000E+00       0.00000000E+00       0.00000000E+00       0.00000000E+00       0.00000000E+00       0.00000000E+00       0.00000000E+00
      0.32635430E+02       0.00000000E+00       0.00000000E+00       0.00000000E+00       0.00000000E+00       0.00000000E+00       0.00000000E+00       0.00000000E+00       0.00000000E+00       0.00000000E+00       0.00000000E+00       0.00000000E+00       0.00000000E+00       0.00000000E+00       0.00000000E+00       0.00000000E+00       0.00000000E+00       0.00000000E+00       0.00000000E+00       0.00000000E+00       0.00000000E+00       0.00000000E+00       0.00000000E+00       0.00000000E+00       0.00000000E+00       0.00000000E+00       0.00000000E+00       0.00000000E+00
      0.32738503E+02       0.00000000E+00       0.00000000E+00       0.00000000E+00       0.00000000E+00       0.00000000E+00       0.00000000E+00       0.00000000E+00       0.00000000E+00       0.00000000E+00       0.00000000E+00       0.00000000E+00       0.00000000E+00       0.00000000E+00       0.00000000E+00       0.00000000E+00       0.00000000E+00       0.00000000E+00       0.00000000E+00       0.00000000E+00       0.00000000E+00       0.00000000E+00       0.00000000E+00       0.00000000E+00       0.00000000E+00       0.00000000E+00       0.00000000E+00       0.00000000E+00
      0.32841577E+02       0.00000000E+00       0.00000000E+00       0.00000000E+00       0.00000000E+00       0.00000000E+00       0.00000000E+00       0.00000000E+00       0.00000000E+00       0.00000000E+00       0.00000000E+00       0.00000000E+00       0.00000000E+00       0.00000000E+00       0.00000000E+00       0.00000000E+00       0.00000000E+00       0.00000000E+00       0.00000000E+00       0.00000000E+00       0.00000000E+00       0.00000000E+00       0.00000000E+00       0.00000000E+00       0.00000000E+00       0.00000000E+00       0.00000000E+00       0.00000000E+00
      0.32944650E+02       0.00000000E+00       0.00000000E+00       0.00000000E+00       0.00000000E+00       0.00000000E+00       0.00000000E+00       0.00000000E+00       0.00000000E+00       0.00000000E+00       0.00000000E+00       0.00000000E+00       0.00000000E+00       0.00000000E+00       0.00000000E+00       0.00000000E+00       0.00000000E+00       0.00000000E+00       0.00000000E+00       0.00000000E+00       0.00000000E+00       0.00000000E+00       0.00000000E+00       0.00000000E+00       0.00000000E+00       0.00000000E+00       0.00000000E+00       0.00000000E+00
      0.33047723E+02       0.00000000E+00       0.00000000E+00       0.00000000E+00       0.00000000E+00       0.00000000E+00       0.00000000E+00       0.00000000E+00       0.00000000E+00       0.00000000E+00       0.00000000E+00       0.00000000E+00       0.00000000E+00       0.00000000E+00       0.00000000E+00       0.00000000E+00       0.00000000E+00       0.00000000E+00       0.00000000E+00       0.00000000E+00       0.00000000E+00       0.00000000E+00       0.00000000E+00       0.00000000E+00       0.00000000E+00       0.00000000E+00       0.00000000E+00       0.00000000E+00
      0.33150797E+02       0.00000000E+00       0.00000000E+00       0.00000000E+00       0.00000000E+00       0.00000000E+00       0.00000000E+00       0.00000000E+00       0.00000000E+00       0.00000000E+00       0.00000000E+00       0.00000000E+00       0.00000000E+00       0.00000000E+00       0.00000000E+00       0.00000000E+00       0.00000000E+00       0.00000000E+00       0.00000000E+00       0.00000000E+00       0.00000000E+00       0.00000000E+00       0.00000000E+00       0.00000000E+00       0.00000000E+00       0.00000000E+00       0.00000000E+00       0.00000000E+00
      0.33253870E+02       0.00000000E+00       0.00000000E+00       0.00000000E+00       0.00000000E+00       0.00000000E+00       0.00000000E+00       0.00000000E+00       0.00000000E+00       0.00000000E+00       0.00000000E+00       0.00000000E+00       0.00000000E+00       0.00000000E+00       0.00000000E+00       0.00000000E+00       0.00000000E+00       0.00000000E+00       0.00000000E+00       0.00000000E+00       0.00000000E+00       0.00000000E+00       0.00000000E+00       0.00000000E+00       0.00000000E+00       0.00000000E+00       0.00000000E+00       0.00000000E+00
      0.33356944E+02       0.00000000E+00       0.00000000E+00       0.00000000E+00       0.00000000E+00       0.00000000E+00       0.00000000E+00       0.00000000E+00       0.00000000E+00       0.00000000E+00       0.00000000E+00       0.00000000E+00       0.00000000E+00       0.00000000E+00       0.00000000E+00       0.00000000E+00       0.00000000E+00       0.00000000E+00       0.00000000E+00       0.00000000E+00       0.00000000E+00       0.00000000E+00       0.00000000E+00       0.00000000E+00       0.00000000E+00       0.00000000E+00       0.00000000E+00       0.00000000E+00
      0.33460017E+02       0.00000000E+00       0.00000000E+00       0.00000000E+00       0.00000000E+00       0.00000000E+00       0.00000000E+00       0.00000000E+00       0.00000000E+00       0.00000000E+00       0.00000000E+00       0.00000000E+00       0.00000000E+00       0.00000000E+00       0.00000000E+00       0.00000000E+00       0.00000000E+00       0.00000000E+00       0.00000000E+00       0.00000000E+00       0.00000000E+00       0.00000000E+00       0.00000000E+00       0.00000000E+00       0.00000000E+00       0.00000000E+00       0.00000000E+00       0.00000000E+00
      0.33563091E+02       0.00000000E+00       0.00000000E+00       0.00000000E+00       0.00000000E+00       0.00000000E+00       0.00000000E+00       0.00000000E+00       0.00000000E+00       0.00000000E+00       0.00000000E+00       0.00000000E+00       0.00000000E+00       0.00000000E+00       0.00000000E+00       0.00000000E+00       0.00000000E+00       0.00000000E+00       0.00000000E+00       0.00000000E+00       0.00000000E+00       0.00000000E+00       0.00000000E+00       0.00000000E+00       0.00000000E+00       0.00000000E+00       0.00000000E+00       0.00000000E+00
      0.33666164E+02       0.00000000E+00       0.00000000E+00       0.00000000E+00       0.00000000E+00       0.00000000E+00       0.00000000E+00       0.00000000E+00       0.00000000E+00       0.00000000E+00       0.00000000E+00       0.00000000E+00       0.00000000E+00       0.00000000E+00       0.00000000E+00       0.00000000E+00       0.00000000E+00       0.00000000E+00       0.00000000E+00       0.00000000E+00       0.00000000E+00       0.00000000E+00       0.00000000E+00       0.00000000E+00       0.00000000E+00       0.00000000E+00       0.00000000E+00       0.00000000E+00
      0.33769238E+02       0.00000000E+00       0.00000000E+00       0.00000000E+00       0.00000000E+00       0.00000000E+00       0.00000000E+00       0.00000000E+00       0.00000000E+00       0.00000000E+00       0.00000000E+00       0.00000000E+00       0.00000000E+00       0.00000000E+00       0.00000000E+00       0.00000000E+00       0.00000000E+00       0.00000000E+00       0.00000000E+00       0.00000000E+00       0.00000000E+00       0.00000000E+00       0.00000000E+00       0.00000000E+00       0.00000000E+00       0.00000000E+00       0.00000000E+00       0.00000000E+00
      0.33872311E+02       0.00000000E+00       0.00000000E+00       0.00000000E+00       0.00000000E+00       0.00000000E+00       0.00000000E+00       0.00000000E+00       0.00000000E+00       0.00000000E+00       0.00000000E+00       0.00000000E+00       0.00000000E+00       0.00000000E+00       0.00000000E+00       0.00000000E+00       0.00000000E+00       0.00000000E+00       0.00000000E+00       0.00000000E+00       0.00000000E+00       0.00000000E+00       0.00000000E+00       0.00000000E+00       0.00000000E+00       0.00000000E+00       0.00000000E+00       0.00000000E+00
      0.33975384E+02       0.00000000E+00       0.00000000E+00       0.00000000E+00       0.00000000E+00       0.00000000E+00       0.00000000E+00       0.00000000E+00       0.00000000E+00       0.00000000E+00       0.00000000E+00       0.00000000E+00       0.00000000E+00       0.00000000E+00       0.00000000E+00       0.00000000E+00       0.00000000E+00       0.00000000E+00       0.00000000E+00       0.00000000E+00       0.00000000E+00       0.00000000E+00       0.00000000E+00       0.00000000E+00       0.00000000E+00       0.00000000E+00       0.00000000E+00       0.00000000E+00
      0.34078458E+02       0.00000000E+00       0.00000000E+00       0.00000000E+00       0.00000000E+00       0.00000000E+00       0.00000000E+00       0.00000000E+00       0.00000000E+00       0.00000000E+00       0.00000000E+00       0.00000000E+00       0.00000000E+00       0.00000000E+00       0.00000000E+00       0.00000000E+00       0.00000000E+00       0.00000000E+00       0.00000000E+00       0.00000000E+00       0.00000000E+00       0.00000000E+00       0.00000000E+00       0.00000000E+00       0.00000000E+00       0.00000000E+00       0.00000000E+00       0.00000000E+00
      0.34181531E+02       0.00000000E+00       0.00000000E+00       0.00000000E+00       0.00000000E+00       0.00000000E+00       0.00000000E+00       0.00000000E+00       0.00000000E+00       0.00000000E+00       0.00000000E+00       0.00000000E+00       0.00000000E+00       0.00000000E+00       0.00000000E+00       0.00000000E+00       0.00000000E+00       0.00000000E+00       0.00000000E+00       0.00000000E+00       0.00000000E+00       0.00000000E+00       0.00000000E+00       0.00000000E+00       0.00000000E+00       0.00000000E+00       0.00000000E+00       0.00000000E+00
      0.34284605E+02       0.00000000E+00       0.00000000E+00       0.00000000E+00       0.00000000E+00       0.00000000E+00       0.00000000E+00       0.00000000E+00       0.00000000E+00       0.00000000E+00       0.00000000E+00       0.00000000E+00       0.00000000E+00       0.00000000E+00       0.00000000E+00       0.00000000E+00       0.00000000E+00       0.00000000E+00       0.00000000E+00       0.00000000E+00       0.00000000E+00       0.00000000E+00       0.00000000E+00       0.00000000E+00       0.00000000E+00       0.00000000E+00       0.00000000E+00       0.00000000E+00
      0.34387678E+02       0.00000000E+00       0.00000000E+00       0.00000000E+00       0.00000000E+00       0.00000000E+00       0.00000000E+00       0.00000000E+00       0.00000000E+00       0.00000000E+00       0.00000000E+00       0.00000000E+00       0.00000000E+00       0.00000000E+00       0.00000000E+00       0.00000000E+00       0.00000000E+00       0.00000000E+00       0.00000000E+00       0.00000000E+00       0.00000000E+00       0.00000000E+00       0.00000000E+00       0.00000000E+00       0.00000000E+00       0.00000000E+00       0.00000000E+00       0.00000000E+00
      0.34490752E+02       0.00000000E+00       0.00000000E+00       0.00000000E+00       0.00000000E+00       0.00000000E+00       0.00000000E+00       0.00000000E+00       0.00000000E+00       0.00000000E+00       0.00000000E+00       0.00000000E+00       0.00000000E+00       0.00000000E+00       0.00000000E+00       0.00000000E+00       0.00000000E+00       0.00000000E+00       0.00000000E+00       0.00000000E+00       0.00000000E+00       0.00000000E+00       0.00000000E+00       0.00000000E+00       0.00000000E+00       0.00000000E+00       0.00000000E+00       0.00000000E+00
      0.34593825E+02       0.00000000E+00       0.00000000E+00       0.00000000E+00       0.00000000E+00       0.00000000E+00       0.00000000E+00       0.00000000E+00       0.00000000E+00       0.00000000E+00       0.00000000E+00       0.00000000E+00       0.00000000E+00       0.00000000E+00       0.00000000E+00       0.00000000E+00       0.00000000E+00       0.00000000E+00       0.00000000E+00       0.00000000E+00       0.00000000E+00       0.00000000E+00       0.00000000E+00       0.00000000E+00       0.00000000E+00       0.00000000E+00       0.00000000E+00       0.00000000E+00
      0.34696898E+02       0.00000000E+00       0.00000000E+00       0.00000000E+00       0.00000000E+00       0.00000000E+00       0.00000000E+00       0.00000000E+00       0.00000000E+00       0.00000000E+00       0.00000000E+00       0.00000000E+00       0.00000000E+00       0.00000000E+00       0.00000000E+00       0.00000000E+00       0.00000000E+00       0.00000000E+00       0.00000000E+00       0.00000000E+00       0.00000000E+00       0.00000000E+00       0.00000000E+00       0.00000000E+00       0.00000000E+00       0.00000000E+00       0.00000000E+00       0.00000000E+00
      0.34799972E+02       0.00000000E+00       0.00000000E+00       0.00000000E+00       0.00000000E+00       0.00000000E+00       0.00000000E+00       0.00000000E+00       0.00000000E+00       0.00000000E+00       0.00000000E+00       0.00000000E+00       0.00000000E+00       0.00000000E+00       0.00000000E+00       0.00000000E+00       0.00000000E+00       0.00000000E+00       0.00000000E+00       0.00000000E+00       0.00000000E+00       0.00000000E+00       0.00000000E+00       0.00000000E+00       0.00000000E+00       0.00000000E+00       0.00000000E+00       0.00000000E+00
      0.34903045E+02       0.00000000E+00       0.00000000E+00       0.00000000E+00       0.00000000E+00       0.00000000E+00       0.00000000E+00       0.00000000E+00       0.00000000E+00       0.00000000E+00       0.00000000E+00       0.00000000E+00       0.00000000E+00       0.00000000E+00       0.00000000E+00       0.00000000E+00       0.00000000E+00       0.00000000E+00       0.00000000E+00       0.00000000E+00       0.00000000E+00       0.00000000E+00       0.00000000E+00       0.00000000E+00       0.00000000E+00       0.00000000E+00       0.00000000E+00       0.00000000E+00
      0.35006119E+02       0.00000000E+00       0.00000000E+00       0.00000000E+00       0.00000000E+00       0.00000000E+00       0.00000000E+00       0.00000000E+00       0.00000000E+00       0.00000000E+00       0.00000000E+00       0.00000000E+00       0.00000000E+00       0.00000000E+00       0.00000000E+00       0.00000000E+00       0.00000000E+00       0.00000000E+00       0.00000000E+00       0.00000000E+00       0.00000000E+00       0.00000000E+00       0.00000000E+00       0.00000000E+00       0.00000000E+00       0.00000000E+00       0.00000000E+00       0.00000000E+00
      0.35109192E+02       0.00000000E+00       0.00000000E+00       0.00000000E+00       0.00000000E+00       0.00000000E+00       0.00000000E+00       0.00000000E+00       0.00000000E+00       0.00000000E+00       0.00000000E+00       0.00000000E+00       0.00000000E+00       0.00000000E+00       0.00000000E+00       0.00000000E+00       0.00000000E+00       0.00000000E+00       0.00000000E+00       0.00000000E+00       0.00000000E+00       0.00000000E+00       0.00000000E+00       0.00000000E+00       0.00000000E+00       0.00000000E+00       0.00000000E+00       0.00000000E+00
      0.35212266E+02       0.00000000E+00       0.00000000E+00       0.00000000E+00       0.00000000E+00       0.00000000E+00       0.00000000E+00       0.00000000E+00       0.00000000E+00       0.00000000E+00       0.00000000E+00       0.00000000E+00       0.00000000E+00       0.00000000E+00       0.00000000E+00       0.00000000E+00       0.00000000E+00       0.00000000E+00       0.00000000E+00       0.00000000E+00       0.00000000E+00       0.00000000E+00       0.00000000E+00       0.00000000E+00       0.00000000E+00       0.00000000E+00       0.00000000E+00       0.00000000E+00
      0.35315339E+02       0.00000000E+00       0.00000000E+00       0.00000000E+00       0.00000000E+00       0.00000000E+00       0.00000000E+00       0.00000000E+00       0.00000000E+00       0.00000000E+00       0.00000000E+00       0.00000000E+00       0.00000000E+00       0.00000000E+00       0.00000000E+00       0.00000000E+00       0.00000000E+00       0.00000000E+00       0.00000000E+00       0.00000000E+00       0.00000000E+00       0.00000000E+00       0.00000000E+00       0.00000000E+00       0.00000000E+00       0.00000000E+00       0.00000000E+00       0.00000000E+00
      0.35418412E+02       0.00000000E+00       0.00000000E+00       0.00000000E+00       0.00000000E+00       0.00000000E+00       0.00000000E+00       0.00000000E+00       0.00000000E+00       0.00000000E+00       0.00000000E+00       0.00000000E+00       0.00000000E+00       0.00000000E+00       0.00000000E+00       0.00000000E+00       0.00000000E+00       0.00000000E+00       0.00000000E+00       0.00000000E+00       0.00000000E+00       0.00000000E+00       0.00000000E+00       0.00000000E+00       0.00000000E+00       0.00000000E+00       0.00000000E+00       0.00000000E+00
      0.35521486E+02       0.00000000E+00       0.00000000E+00       0.00000000E+00       0.00000000E+00       0.00000000E+00       0.00000000E+00       0.00000000E+00       0.00000000E+00       0.00000000E+00       0.00000000E+00       0.00000000E+00       0.00000000E+00       0.00000000E+00       0.00000000E+00       0.00000000E+00       0.00000000E+00       0.00000000E+00       0.00000000E+00       0.00000000E+00       0.00000000E+00       0.00000000E+00       0.00000000E+00       0.00000000E+00       0.00000000E+00       0.00000000E+00       0.00000000E+00       0.00000000E+00
      0.35624559E+02       0.00000000E+00       0.00000000E+00       0.00000000E+00       0.00000000E+00       0.00000000E+00       0.00000000E+00       0.00000000E+00       0.00000000E+00       0.00000000E+00       0.00000000E+00       0.00000000E+00       0.00000000E+00       0.00000000E+00       0.00000000E+00       0.00000000E+00       0.00000000E+00       0.00000000E+00       0.00000000E+00       0.00000000E+00       0.00000000E+00       0.00000000E+00       0.00000000E+00       0.00000000E+00       0.00000000E+00       0.00000000E+00       0.00000000E+00       0.00000000E+00
      0.35727633E+02       0.00000000E+00       0.00000000E+00       0.00000000E+00       0.00000000E+00       0.00000000E+00       0.00000000E+00       0.00000000E+00       0.00000000E+00       0.00000000E+00       0.00000000E+00       0.00000000E+00       0.00000000E+00       0.00000000E+00       0.00000000E+00       0.00000000E+00       0.00000000E+00       0.00000000E+00       0.00000000E+00       0.00000000E+00       0.00000000E+00       0.00000000E+00       0.00000000E+00       0.00000000E+00       0.00000000E+00       0.00000000E+00       0.00000000E+00       0.00000000E+00
      0.35830706E+02       0.00000000E+00       0.00000000E+00       0.00000000E+00       0.00000000E+00       0.00000000E+00       0.00000000E+00       0.00000000E+00       0.00000000E+00       0.00000000E+00       0.00000000E+00       0.00000000E+00       0.00000000E+00       0.00000000E+00       0.00000000E+00       0.00000000E+00       0.00000000E+00       0.00000000E+00       0.00000000E+00       0.00000000E+00       0.00000000E+00       0.00000000E+00       0.00000000E+00       0.00000000E+00       0.00000000E+00       0.00000000E+00       0.00000000E+00       0.00000000E+00
      0.35933780E+02       0.00000000E+00       0.00000000E+00       0.00000000E+00       0.00000000E+00       0.00000000E+00       0.00000000E+00       0.00000000E+00       0.00000000E+00       0.00000000E+00       0.00000000E+00       0.00000000E+00       0.00000000E+00       0.00000000E+00       0.00000000E+00       0.00000000E+00       0.00000000E+00       0.00000000E+00       0.00000000E+00       0.00000000E+00       0.00000000E+00       0.00000000E+00       0.00000000E+00       0.00000000E+00       0.00000000E+00       0.00000000E+00       0.00000000E+00       0.00000000E+00
      0.36036853E+02       0.00000000E+00       0.00000000E+00       0.00000000E+00       0.00000000E+00       0.00000000E+00       0.00000000E+00       0.00000000E+00       0.00000000E+00       0.00000000E+00       0.00000000E+00       0.00000000E+00       0.00000000E+00       0.00000000E+00       0.00000000E+00       0.00000000E+00       0.00000000E+00       0.00000000E+00       0.00000000E+00       0.00000000E+00       0.00000000E+00       0.00000000E+00       0.00000000E+00       0.00000000E+00       0.00000000E+00       0.00000000E+00       0.00000000E+00       0.00000000E+00
      0.36139926E+02       0.00000000E+00       0.00000000E+00       0.00000000E+00       0.00000000E+00       0.00000000E+00       0.00000000E+00       0.00000000E+00       0.00000000E+00       0.00000000E+00       0.00000000E+00       0.00000000E+00       0.00000000E+00       0.00000000E+00       0.00000000E+00       0.00000000E+00       0.00000000E+00       0.00000000E+00       0.00000000E+00       0.00000000E+00       0.00000000E+00       0.00000000E+00       0.00000000E+00       0.00000000E+00       0.00000000E+00       0.00000000E+00       0.00000000E+00       0.00000000E+00
      0.36243000E+02       0.00000000E+00       0.00000000E+00       0.00000000E+00       0.00000000E+00       0.00000000E+00       0.00000000E+00       0.00000000E+00       0.00000000E+00       0.00000000E+00       0.00000000E+00       0.00000000E+00       0.00000000E+00       0.00000000E+00       0.00000000E+00       0.00000000E+00       0.00000000E+00       0.00000000E+00       0.00000000E+00       0.00000000E+00       0.00000000E+00       0.00000000E+00       0.00000000E+00       0.00000000E+00       0.00000000E+00       0.00000000E+00       0.00000000E+00       0.00000000E+00
      0.36346073E+02       0.00000000E+00       0.00000000E+00       0.00000000E+00       0.00000000E+00       0.00000000E+00       0.00000000E+00       0.00000000E+00       0.00000000E+00       0.00000000E+00       0.00000000E+00       0.00000000E+00       0.00000000E+00       0.00000000E+00       0.00000000E+00       0.00000000E+00       0.00000000E+00       0.00000000E+00       0.00000000E+00       0.00000000E+00       0.00000000E+00       0.00000000E+00       0.00000000E+00       0.00000000E+00       0.00000000E+00       0.00000000E+00       0.00000000E+00       0.00000000E+00
      0.36449147E+02       0.00000000E+00       0.00000000E+00       0.00000000E+00       0.00000000E+00       0.00000000E+00       0.00000000E+00       0.00000000E+00       0.00000000E+00       0.00000000E+00       0.00000000E+00       0.00000000E+00       0.00000000E+00       0.00000000E+00       0.00000000E+00       0.00000000E+00       0.00000000E+00       0.00000000E+00       0.00000000E+00       0.00000000E+00       0.00000000E+00       0.00000000E+00       0.00000000E+00       0.00000000E+00       0.00000000E+00       0.00000000E+00       0.00000000E+00       0.00000000E+00
      0.36552220E+02       0.00000000E+00       0.00000000E+00       0.00000000E+00       0.00000000E+00       0.00000000E+00       0.00000000E+00       0.00000000E+00       0.00000000E+00       0.00000000E+00       0.00000000E+00       0.00000000E+00       0.00000000E+00       0.00000000E+00       0.00000000E+00       0.00000000E+00       0.00000000E+00       0.00000000E+00       0.00000000E+00       0.00000000E+00       0.00000000E+00       0.00000000E+00       0.00000000E+00       0.00000000E+00       0.00000000E+00       0.00000000E+00       0.00000000E+00       0.00000000E+00
      0.36655294E+02       0.00000000E+00       0.00000000E+00       0.00000000E+00       0.00000000E+00       0.00000000E+00       0.00000000E+00       0.00000000E+00       0.00000000E+00       0.00000000E+00       0.00000000E+00       0.00000000E+00       0.00000000E+00       0.00000000E+00       0.00000000E+00       0.00000000E+00       0.00000000E+00       0.00000000E+00       0.00000000E+00       0.00000000E+00       0.00000000E+00       0.00000000E+00       0.00000000E+00       0.00000000E+00       0.00000000E+00       0.00000000E+00       0.00000000E+00       0.00000000E+00
      0.36758367E+02       0.00000000E+00       0.00000000E+00       0.00000000E+00       0.00000000E+00       0.00000000E+00       0.00000000E+00       0.00000000E+00       0.00000000E+00       0.00000000E+00       0.00000000E+00       0.00000000E+00       0.00000000E+00       0.00000000E+00       0.00000000E+00       0.00000000E+00       0.00000000E+00       0.00000000E+00       0.00000000E+00       0.00000000E+00       0.00000000E+00       0.00000000E+00       0.00000000E+00       0.00000000E+00       0.00000000E+00       0.00000000E+00       0.00000000E+00       0.00000000E+00
      0.36861440E+02       0.00000000E+00       0.00000000E+00       0.00000000E+00       0.00000000E+00       0.00000000E+00       0.00000000E+00       0.00000000E+00       0.00000000E+00       0.00000000E+00       0.00000000E+00       0.00000000E+00       0.00000000E+00       0.00000000E+00       0.00000000E+00       0.00000000E+00       0.00000000E+00       0.00000000E+00       0.00000000E+00       0.00000000E+00       0.00000000E+00       0.00000000E+00       0.00000000E+00       0.00000000E+00       0.00000000E+00       0.00000000E+00       0.00000000E+00       0.00000000E+00
      0.36964514E+02       0.00000000E+00       0.00000000E+00       0.00000000E+00       0.00000000E+00       0.00000000E+00       0.00000000E+00       0.00000000E+00       0.00000000E+00       0.00000000E+00       0.00000000E+00       0.00000000E+00       0.00000000E+00       0.00000000E+00       0.00000000E+00       0.00000000E+00       0.00000000E+00       0.00000000E+00       0.00000000E+00       0.00000000E+00       0.00000000E+00       0.00000000E+00       0.00000000E+00       0.00000000E+00       0.00000000E+00       0.00000000E+00       0.00000000E+00       0.00000000E+00
      0.37067587E+02       0.00000000E+00       0.00000000E+00       0.00000000E+00       0.00000000E+00       0.00000000E+00       0.00000000E+00       0.00000000E+00       0.00000000E+00       0.00000000E+00       0.00000000E+00       0.00000000E+00       0.00000000E+00       0.00000000E+00       0.00000000E+00       0.00000000E+00       0.00000000E+00       0.00000000E+00       0.00000000E+00       0.00000000E+00       0.00000000E+00       0.00000000E+00       0.00000000E+00       0.00000000E+00       0.00000000E+00       0.00000000E+00       0.00000000E+00       0.00000000E+00
      0.37170661E+02       0.00000000E+00       0.00000000E+00       0.00000000E+00       0.00000000E+00       0.00000000E+00       0.00000000E+00       0.00000000E+00       0.00000000E+00       0.00000000E+00       0.00000000E+00       0.00000000E+00       0.00000000E+00       0.00000000E+00       0.00000000E+00       0.00000000E+00       0.00000000E+00       0.00000000E+00       0.00000000E+00       0.00000000E+00       0.00000000E+00       0.00000000E+00       0.00000000E+00       0.00000000E+00       0.00000000E+00       0.00000000E+00       0.00000000E+00       0.00000000E+00
      0.37273734E+02       0.00000000E+00       0.00000000E+00       0.00000000E+00       0.00000000E+00       0.00000000E+00       0.00000000E+00       0.00000000E+00       0.00000000E+00       0.00000000E+00       0.00000000E+00       0.00000000E+00       0.00000000E+00       0.00000000E+00       0.00000000E+00       0.00000000E+00       0.00000000E+00       0.00000000E+00       0.00000000E+00       0.00000000E+00       0.00000000E+00       0.00000000E+00       0.00000000E+00       0.00000000E+00       0.00000000E+00       0.00000000E+00       0.00000000E+00       0.00000000E+00
      0.37376808E+02       0.00000000E+00       0.00000000E+00       0.00000000E+00       0.00000000E+00       0.00000000E+00       0.00000000E+00       0.00000000E+00       0.00000000E+00       0.00000000E+00       0.00000000E+00       0.00000000E+00       0.00000000E+00       0.00000000E+00       0.00000000E+00       0.00000000E+00       0.00000000E+00       0.00000000E+00       0.00000000E+00       0.00000000E+00       0.00000000E+00       0.00000000E+00       0.00000000E+00       0.00000000E+00       0.00000000E+00       0.00000000E+00       0.00000000E+00       0.00000000E+00
      0.37479881E+02       0.00000000E+00       0.00000000E+00       0.00000000E+00       0.00000000E+00       0.00000000E+00       0.00000000E+00       0.00000000E+00       0.00000000E+00       0.00000000E+00       0.00000000E+00       0.00000000E+00       0.00000000E+00       0.00000000E+00       0.00000000E+00       0.00000000E+00       0.00000000E+00       0.00000000E+00       0.00000000E+00       0.00000000E+00       0.00000000E+00       0.00000000E+00       0.00000000E+00       0.00000000E+00       0.00000000E+00       0.00000000E+00       0.00000000E+00       0.00000000E+00
      0.37582955E+02       0.00000000E+00       0.00000000E+00       0.00000000E+00       0.00000000E+00       0.00000000E+00       0.00000000E+00       0.00000000E+00       0.00000000E+00       0.00000000E+00       0.00000000E+00       0.00000000E+00       0.00000000E+00       0.00000000E+00       0.00000000E+00       0.00000000E+00       0.00000000E+00       0.00000000E+00       0.00000000E+00       0.00000000E+00       0.00000000E+00       0.00000000E+00       0.00000000E+00       0.00000000E+00       0.00000000E+00       0.00000000E+00       0.00000000E+00       0.00000000E+00
      0.37686028E+02       0.00000000E+00       0.00000000E+00       0.00000000E+00       0.00000000E+00       0.00000000E+00       0.00000000E+00       0.00000000E+00       0.00000000E+00       0.00000000E+00       0.00000000E+00       0.00000000E+00       0.00000000E+00       0.00000000E+00       0.00000000E+00       0.00000000E+00       0.00000000E+00       0.00000000E+00       0.00000000E+00       0.00000000E+00       0.00000000E+00       0.00000000E+00       0.00000000E+00       0.00000000E+00       0.00000000E+00       0.00000000E+00       0.00000000E+00       0.00000000E+00
      0.37789101E+02       0.00000000E+00       0.00000000E+00       0.00000000E+00       0.00000000E+00       0.00000000E+00       0.00000000E+00       0.00000000E+00       0.00000000E+00       0.00000000E+00       0.00000000E+00       0.00000000E+00       0.00000000E+00       0.00000000E+00       0.00000000E+00       0.00000000E+00       0.00000000E+00       0.00000000E+00       0.00000000E+00       0.00000000E+00       0.00000000E+00       0.00000000E+00       0.00000000E+00       0.00000000E+00       0.00000000E+00       0.00000000E+00       0.00000000E+00       0.00000000E+00
      0.37892175E+02       0.00000000E+00       0.00000000E+00       0.00000000E+00       0.00000000E+00       0.00000000E+00       0.00000000E+00       0.00000000E+00       0.00000000E+00       0.00000000E+00       0.00000000E+00       0.00000000E+00       0.00000000E+00       0.00000000E+00       0.00000000E+00       0.00000000E+00       0.00000000E+00       0.00000000E+00       0.00000000E+00       0.00000000E+00       0.00000000E+00       0.00000000E+00       0.00000000E+00       0.00000000E+00       0.00000000E+00       0.00000000E+00       0.00000000E+00       0.00000000E+00
      0.37995248E+02       0.00000000E+00       0.00000000E+00       0.00000000E+00       0.00000000E+00       0.00000000E+00       0.00000000E+00       0.00000000E+00       0.00000000E+00       0.00000000E+00       0.00000000E+00       0.00000000E+00       0.00000000E+00       0.00000000E+00       0.00000000E+00       0.00000000E+00       0.00000000E+00       0.00000000E+00       0.00000000E+00       0.00000000E+00       0.00000000E+00       0.00000000E+00       0.00000000E+00       0.00000000E+00       0.00000000E+00       0.00000000E+00       0.00000000E+00       0.00000000E+00
      0.38098322E+02       0.00000000E+00       0.00000000E+00       0.00000000E+00       0.00000000E+00       0.00000000E+00       0.00000000E+00       0.00000000E+00       0.00000000E+00       0.00000000E+00       0.00000000E+00       0.00000000E+00       0.00000000E+00       0.00000000E+00       0.00000000E+00       0.00000000E+00       0.00000000E+00       0.00000000E+00       0.00000000E+00       0.00000000E+00       0.00000000E+00       0.00000000E+00       0.00000000E+00       0.00000000E+00       0.00000000E+00       0.00000000E+00       0.00000000E+00       0.00000000E+00
      0.38201395E+02       0.00000000E+00       0.00000000E+00       0.00000000E+00       0.00000000E+00       0.00000000E+00       0.00000000E+00       0.00000000E+00       0.00000000E+00       0.00000000E+00       0.00000000E+00       0.00000000E+00       0.00000000E+00       0.00000000E+00       0.00000000E+00       0.00000000E+00       0.00000000E+00       0.00000000E+00       0.00000000E+00       0.00000000E+00       0.00000000E+00       0.00000000E+00       0.00000000E+00       0.00000000E+00       0.00000000E+00       0.00000000E+00       0.00000000E+00       0.00000000E+00
      0.38304469E+02       0.00000000E+00       0.00000000E+00       0.00000000E+00       0.00000000E+00       0.00000000E+00       0.00000000E+00       0.00000000E+00       0.00000000E+00       0.00000000E+00       0.00000000E+00       0.00000000E+00       0.00000000E+00       0.00000000E+00       0.00000000E+00       0.00000000E+00       0.00000000E+00       0.00000000E+00       0.00000000E+00       0.00000000E+00       0.00000000E+00       0.00000000E+00       0.00000000E+00       0.00000000E+00       0.00000000E+00       0.00000000E+00       0.00000000E+00       0.00000000E+00
      0.38407542E+02       0.00000000E+00       0.00000000E+00       0.00000000E+00       0.00000000E+00       0.00000000E+00       0.00000000E+00       0.00000000E+00       0.00000000E+00       0.00000000E+00       0.00000000E+00       0.00000000E+00       0.00000000E+00       0.00000000E+00       0.00000000E+00       0.00000000E+00       0.00000000E+00       0.00000000E+00       0.00000000E+00       0.00000000E+00       0.00000000E+00       0.00000000E+00       0.00000000E+00       0.00000000E+00       0.00000000E+00       0.00000000E+00       0.00000000E+00       0.00000000E+00
      0.38510615E+02       0.00000000E+00       0.00000000E+00       0.00000000E+00       0.00000000E+00       0.00000000E+00       0.00000000E+00       0.00000000E+00       0.00000000E+00       0.00000000E+00       0.00000000E+00       0.00000000E+00       0.00000000E+00       0.00000000E+00       0.00000000E+00       0.00000000E+00       0.00000000E+00       0.00000000E+00       0.00000000E+00       0.00000000E+00       0.00000000E+00       0.00000000E+00       0.00000000E+00       0.00000000E+00       0.00000000E+00       0.00000000E+00       0.00000000E+00       0.00000000E+00
      0.38613689E+02       0.00000000E+00       0.00000000E+00       0.00000000E+00       0.00000000E+00       0.00000000E+00       0.00000000E+00       0.00000000E+00       0.00000000E+00       0.00000000E+00       0.00000000E+00       0.00000000E+00       0.00000000E+00       0.00000000E+00       0.00000000E+00       0.00000000E+00       0.00000000E+00       0.00000000E+00       0.00000000E+00       0.00000000E+00       0.00000000E+00       0.00000000E+00       0.00000000E+00       0.00000000E+00       0.00000000E+00       0.00000000E+00       0.00000000E+00       0.00000000E+00
      0.38716762E+02       0.00000000E+00       0.00000000E+00       0.00000000E+00       0.00000000E+00       0.00000000E+00       0.00000000E+00       0.00000000E+00       0.00000000E+00       0.00000000E+00       0.00000000E+00       0.00000000E+00       0.00000000E+00       0.00000000E+00       0.00000000E+00       0.00000000E+00       0.00000000E+00       0.00000000E+00       0.00000000E+00       0.00000000E+00       0.00000000E+00       0.00000000E+00       0.00000000E+00       0.00000000E+00       0.00000000E+00       0.00000000E+00       0.00000000E+00       0.00000000E+00
      0.38819836E+02       0.00000000E+00       0.00000000E+00       0.00000000E+00       0.00000000E+00       0.00000000E+00       0.00000000E+00       0.00000000E+00       0.00000000E+00       0.00000000E+00       0.00000000E+00       0.00000000E+00       0.00000000E+00       0.00000000E+00       0.00000000E+00       0.00000000E+00       0.00000000E+00       0.00000000E+00       0.00000000E+00       0.00000000E+00       0.00000000E+00       0.00000000E+00       0.00000000E+00       0.00000000E+00       0.00000000E+00       0.00000000E+00       0.00000000E+00       0.00000000E+00
      0.38922909E+02       0.00000000E+00       0.00000000E+00       0.00000000E+00       0.00000000E+00       0.00000000E+00       0.00000000E+00       0.00000000E+00       0.00000000E+00       0.00000000E+00       0.00000000E+00       0.00000000E+00       0.00000000E+00       0.00000000E+00       0.00000000E+00       0.00000000E+00       0.00000000E+00       0.00000000E+00       0.00000000E+00       0.00000000E+00       0.00000000E+00       0.00000000E+00       0.00000000E+00       0.00000000E+00       0.00000000E+00       0.00000000E+00       0.00000000E+00       0.00000000E+00
      0.39025983E+02       0.00000000E+00       0.00000000E+00       0.00000000E+00       0.00000000E+00       0.00000000E+00       0.00000000E+00       0.00000000E+00       0.00000000E+00       0.00000000E+00       0.00000000E+00       0.00000000E+00       0.00000000E+00       0.00000000E+00       0.00000000E+00       0.00000000E+00       0.00000000E+00       0.00000000E+00       0.00000000E+00       0.00000000E+00       0.00000000E+00       0.00000000E+00       0.00000000E+00       0.00000000E+00       0.00000000E+00       0.00000000E+00       0.00000000E+00       0.00000000E+00
      0.39129056E+02       0.00000000E+00       0.00000000E+00       0.00000000E+00       0.00000000E+00       0.00000000E+00       0.00000000E+00       0.00000000E+00       0.00000000E+00       0.00000000E+00       0.00000000E+00       0.00000000E+00       0.00000000E+00       0.00000000E+00       0.00000000E+00       0.00000000E+00       0.00000000E+00       0.00000000E+00       0.00000000E+00       0.00000000E+00       0.00000000E+00       0.00000000E+00       0.00000000E+00       0.00000000E+00       0.00000000E+00       0.00000000E+00       0.00000000E+00       0.00000000E+00
      0.39232129E+02       0.00000000E+00       0.00000000E+00       0.00000000E+00       0.00000000E+00       0.00000000E+00       0.00000000E+00       0.00000000E+00       0.00000000E+00       0.00000000E+00       0.00000000E+00       0.00000000E+00       0.00000000E+00       0.00000000E+00       0.00000000E+00       0.00000000E+00       0.00000000E+00       0.00000000E+00       0.00000000E+00       0.00000000E+00       0.00000000E+00       0.00000000E+00       0.00000000E+00       0.00000000E+00       0.00000000E+00       0.00000000E+00       0.00000000E+00       0.00000000E+00
      0.39335203E+02       0.00000000E+00       0.00000000E+00       0.00000000E+00       0.00000000E+00       0.00000000E+00       0.00000000E+00       0.00000000E+00       0.00000000E+00       0.00000000E+00       0.00000000E+00       0.00000000E+00       0.00000000E+00       0.00000000E+00       0.00000000E+00       0.00000000E+00       0.00000000E+00       0.00000000E+00       0.00000000E+00       0.00000000E+00       0.00000000E+00       0.00000000E+00       0.00000000E+00       0.00000000E+00       0.00000000E+00       0.00000000E+00       0.00000000E+00       0.00000000E+00
      0.39438276E+02       0.00000000E+00       0.00000000E+00       0.00000000E+00       0.00000000E+00       0.00000000E+00       0.00000000E+00       0.00000000E+00       0.00000000E+00       0.00000000E+00       0.00000000E+00       0.00000000E+00       0.00000000E+00       0.00000000E+00       0.00000000E+00       0.00000000E+00       0.00000000E+00       0.00000000E+00       0.00000000E+00       0.00000000E+00       0.00000000E+00       0.00000000E+00       0.00000000E+00       0.00000000E+00       0.00000000E+00       0.00000000E+00       0.00000000E+00       0.00000000E+00
      0.39541350E+02       0.00000000E+00       0.00000000E+00       0.00000000E+00       0.00000000E+00       0.00000000E+00       0.00000000E+00       0.00000000E+00       0.00000000E+00       0.00000000E+00       0.00000000E+00       0.00000000E+00       0.00000000E+00       0.00000000E+00       0.00000000E+00       0.00000000E+00       0.00000000E+00       0.00000000E+00       0.00000000E+00       0.00000000E+00       0.00000000E+00       0.00000000E+00       0.00000000E+00       0.00000000E+00       0.00000000E+00       0.00000000E+00       0.00000000E+00       0.00000000E+00
      0.39644423E+02       0.00000000E+00       0.00000000E+00       0.00000000E+00       0.00000000E+00       0.00000000E+00       0.00000000E+00       0.00000000E+00       0.00000000E+00       0.00000000E+00       0.00000000E+00       0.00000000E+00       0.00000000E+00       0.00000000E+00       0.00000000E+00       0.00000000E+00       0.00000000E+00       0.00000000E+00       0.00000000E+00       0.00000000E+00       0.00000000E+00       0.00000000E+00       0.00000000E+00       0.00000000E+00       0.00000000E+00       0.00000000E+00       0.00000000E+00       0.00000000E+00
      0.39747497E+02       0.00000000E+00       0.00000000E+00       0.00000000E+00       0.00000000E+00       0.00000000E+00       0.00000000E+00       0.00000000E+00       0.00000000E+00       0.00000000E+00       0.00000000E+00       0.00000000E+00       0.00000000E+00       0.00000000E+00       0.00000000E+00       0.00000000E+00       0.00000000E+00       0.00000000E+00       0.00000000E+00       0.00000000E+00       0.00000000E+00       0.00000000E+00       0.00000000E+00       0.00000000E+00       0.00000000E+00       0.00000000E+00       0.00000000E+00       0.00000000E+00
      0.39850570E+02       0.00000000E+00       0.00000000E+00       0.00000000E+00       0.00000000E+00       0.00000000E+00       0.00000000E+00       0.00000000E+00       0.00000000E+00       0.00000000E+00       0.00000000E+00       0.00000000E+00       0.00000000E+00       0.00000000E+00       0.00000000E+00       0.00000000E+00       0.00000000E+00       0.00000000E+00       0.00000000E+00       0.00000000E+00       0.00000000E+00       0.00000000E+00       0.00000000E+00       0.00000000E+00       0.00000000E+00       0.00000000E+00       0.00000000E+00       0.00000000E+00
      0.39953643E+02       0.00000000E+00       0.00000000E+00       0.00000000E+00       0.00000000E+00       0.00000000E+00       0.00000000E+00       0.00000000E+00       0.00000000E+00       0.00000000E+00       0.00000000E+00       0.00000000E+00       0.00000000E+00       0.00000000E+00       0.00000000E+00       0.00000000E+00       0.00000000E+00       0.00000000E+00       0.00000000E+00       0.00000000E+00       0.00000000E+00       0.00000000E+00       0.00000000E+00       0.00000000E+00       0.00000000E+00       0.00000000E+00       0.00000000E+00       0.00000000E+00
      0.40056717E+02       0.00000000E+00       0.00000000E+00       0.00000000E+00       0.00000000E+00       0.00000000E+00       0.00000000E+00       0.00000000E+00       0.00000000E+00       0.00000000E+00       0.00000000E+00       0.00000000E+00       0.00000000E+00       0.00000000E+00       0.00000000E+00       0.00000000E+00       0.00000000E+00       0.00000000E+00       0.00000000E+00       0.00000000E+00       0.00000000E+00       0.00000000E+00       0.00000000E+00       0.00000000E+00       0.00000000E+00       0.00000000E+00       0.00000000E+00       0.00000000E+00
      0.40159790E+02       0.00000000E+00       0.00000000E+00       0.00000000E+00       0.00000000E+00       0.00000000E+00       0.00000000E+00       0.00000000E+00       0.00000000E+00       0.00000000E+00       0.00000000E+00       0.00000000E+00       0.00000000E+00       0.00000000E+00       0.00000000E+00       0.00000000E+00       0.00000000E+00       0.00000000E+00       0.00000000E+00       0.00000000E+00       0.00000000E+00       0.00000000E+00       0.00000000E+00       0.00000000E+00       0.00000000E+00       0.00000000E+00       0.00000000E+00       0.00000000E+00
      0.40262864E+02       0.00000000E+00       0.00000000E+00       0.00000000E+00       0.00000000E+00       0.00000000E+00       0.00000000E+00       0.00000000E+00       0.00000000E+00       0.00000000E+00       0.00000000E+00       0.00000000E+00       0.00000000E+00       0.00000000E+00       0.00000000E+00       0.00000000E+00       0.00000000E+00       0.00000000E+00       0.00000000E+00       0.00000000E+00       0.00000000E+00       0.00000000E+00       0.00000000E+00       0.00000000E+00       0.00000000E+00       0.00000000E+00       0.00000000E+00       0.00000000E+00
      0.40365937E+02       0.00000000E+00       0.00000000E+00       0.00000000E+00       0.00000000E+00       0.00000000E+00       0.00000000E+00       0.00000000E+00       0.00000000E+00       0.00000000E+00       0.00000000E+00       0.00000000E+00       0.00000000E+00       0.00000000E+00       0.00000000E+00       0.00000000E+00       0.00000000E+00       0.00000000E+00       0.00000000E+00       0.00000000E+00       0.00000000E+00       0.00000000E+00       0.00000000E+00       0.00000000E+00       0.00000000E+00       0.00000000E+00       0.00000000E+00       0.00000000E+00
      0.40469011E+02       0.00000000E+00       0.00000000E+00       0.00000000E+00       0.00000000E+00       0.00000000E+00       0.00000000E+00       0.00000000E+00       0.00000000E+00       0.00000000E+00       0.00000000E+00       0.00000000E+00       0.00000000E+00       0.00000000E+00       0.00000000E+00       0.00000000E+00       0.00000000E+00       0.00000000E+00       0.00000000E+00       0.00000000E+00       0.00000000E+00       0.00000000E+00       0.00000000E+00       0.00000000E+00       0.00000000E+00       0.00000000E+00       0.00000000E+00       0.00000000E+00
      0.40572084E+02       0.00000000E+00       0.00000000E+00       0.00000000E+00       0.00000000E+00       0.00000000E+00       0.00000000E+00       0.00000000E+00       0.00000000E+00       0.00000000E+00       0.00000000E+00       0.00000000E+00       0.00000000E+00       0.00000000E+00       0.00000000E+00       0.00000000E+00       0.00000000E+00       0.00000000E+00       0.00000000E+00       0.00000000E+00       0.00000000E+00       0.00000000E+00       0.00000000E+00       0.00000000E+00       0.00000000E+00       0.00000000E+00       0.00000000E+00       0.00000000E+00
      0.40675158E+02       0.00000000E+00       0.00000000E+00       0.00000000E+00       0.00000000E+00       0.00000000E+00       0.00000000E+00       0.00000000E+00       0.00000000E+00       0.00000000E+00       0.00000000E+00       0.00000000E+00       0.00000000E+00       0.00000000E+00       0.00000000E+00       0.00000000E+00       0.00000000E+00       0.00000000E+00       0.00000000E+00       0.00000000E+00       0.00000000E+00       0.00000000E+00       0.00000000E+00       0.00000000E+00       0.00000000E+00       0.00000000E+00       0.00000000E+00       0.00000000E+00
      0.40778231E+02       0.00000000E+00       0.00000000E+00       0.00000000E+00       0.00000000E+00       0.00000000E+00       0.00000000E+00       0.00000000E+00       0.00000000E+00       0.00000000E+00       0.00000000E+00       0.00000000E+00       0.00000000E+00       0.00000000E+00       0.00000000E+00       0.00000000E+00       0.00000000E+00       0.00000000E+00       0.00000000E+00       0.00000000E+00       0.00000000E+00       0.00000000E+00       0.00000000E+00       0.00000000E+00       0.00000000E+00       0.00000000E+00       0.00000000E+00       0.00000000E+00
      0.40881304E+02       0.00000000E+00       0.00000000E+00       0.00000000E+00       0.00000000E+00       0.00000000E+00       0.00000000E+00       0.00000000E+00       0.00000000E+00       0.00000000E+00       0.00000000E+00       0.00000000E+00       0.00000000E+00       0.00000000E+00       0.00000000E+00       0.00000000E+00       0.00000000E+00       0.00000000E+00       0.00000000E+00       0.00000000E+00       0.00000000E+00       0.00000000E+00       0.00000000E+00       0.00000000E+00       0.00000000E+00       0.00000000E+00       0.00000000E+00       0.00000000E+00
      0.40984378E+02       0.00000000E+00       0.00000000E+00       0.00000000E+00       0.00000000E+00       0.00000000E+00       0.00000000E+00       0.00000000E+00       0.00000000E+00       0.00000000E+00       0.00000000E+00       0.00000000E+00       0.00000000E+00       0.00000000E+00       0.00000000E+00       0.00000000E+00       0.00000000E+00       0.00000000E+00       0.00000000E+00       0.00000000E+00       0.00000000E+00       0.00000000E+00       0.00000000E+00       0.00000000E+00       0.00000000E+00       0.00000000E+00       0.00000000E+00       0.00000000E+00
      0.41087451E+02       0.00000000E+00       0.00000000E+00       0.00000000E+00       0.00000000E+00       0.00000000E+00       0.00000000E+00       0.00000000E+00       0.00000000E+00       0.00000000E+00       0.00000000E+00       0.00000000E+00       0.00000000E+00       0.00000000E+00       0.00000000E+00       0.00000000E+00       0.00000000E+00       0.00000000E+00       0.00000000E+00       0.00000000E+00       0.00000000E+00       0.00000000E+00       0.00000000E+00       0.00000000E+00       0.00000000E+00       0.00000000E+00       0.00000000E+00       0.00000000E+00
      0.41190525E+02       0.00000000E+00       0.00000000E+00       0.00000000E+00       0.00000000E+00       0.00000000E+00       0.00000000E+00       0.00000000E+00       0.00000000E+00       0.00000000E+00       0.00000000E+00       0.00000000E+00       0.00000000E+00       0.00000000E+00       0.00000000E+00       0.00000000E+00       0.00000000E+00       0.00000000E+00       0.00000000E+00       0.00000000E+00       0.00000000E+00       0.00000000E+00       0.00000000E+00       0.00000000E+00       0.00000000E+00       0.00000000E+00       0.00000000E+00       0.00000000E+00
      0.41293598E+02       0.00000000E+00       0.00000000E+00       0.00000000E+00       0.00000000E+00       0.00000000E+00       0.00000000E+00       0.00000000E+00       0.00000000E+00       0.00000000E+00       0.00000000E+00       0.00000000E+00       0.00000000E+00       0.00000000E+00       0.00000000E+00       0.00000000E+00       0.00000000E+00       0.00000000E+00       0.00000000E+00       0.00000000E+00       0.00000000E+00       0.00000000E+00       0.00000000E+00       0.00000000E+00       0.00000000E+00       0.00000000E+00       0.00000000E+00       0.00000000E+00
      0.41396672E+02       0.00000000E+00       0.00000000E+00       0.00000000E+00       0.00000000E+00       0.00000000E+00       0.00000000E+00       0.00000000E+00       0.00000000E+00       0.00000000E+00       0.00000000E+00       0.00000000E+00       0.00000000E+00       0.00000000E+00       0.00000000E+00       0.00000000E+00       0.00000000E+00       0.00000000E+00       0.00000000E+00       0.00000000E+00       0.00000000E+00       0.00000000E+00       0.00000000E+00       0.00000000E+00       0.00000000E+00       0.00000000E+00       0.00000000E+00       0.00000000E+00
      0.41499745E+02       0.00000000E+00       0.00000000E+00       0.00000000E+00       0.00000000E+00       0.00000000E+00       0.00000000E+00       0.00000000E+00       0.00000000E+00       0.00000000E+00       0.00000000E+00       0.00000000E+00       0.00000000E+00       0.00000000E+00       0.00000000E+00       0.00000000E+00       0.00000000E+00       0.00000000E+00       0.00000000E+00       0.00000000E+00       0.00000000E+00       0.00000000E+00       0.00000000E+00       0.00000000E+00       0.00000000E+00       0.00000000E+00       0.00000000E+00       0.00000000E+00
      0.41602818E+02       0.00000000E+00       0.00000000E+00       0.00000000E+00       0.00000000E+00       0.00000000E+00       0.00000000E+00       0.00000000E+00       0.00000000E+00       0.00000000E+00       0.00000000E+00       0.00000000E+00       0.00000000E+00       0.00000000E+00       0.00000000E+00       0.00000000E+00       0.00000000E+00       0.00000000E+00       0.00000000E+00       0.00000000E+00       0.00000000E+00       0.00000000E+00       0.00000000E+00       0.00000000E+00       0.00000000E+00       0.00000000E+00       0.00000000E+00       0.00000000E+00
      0.41705892E+02       0.00000000E+00       0.00000000E+00       0.00000000E+00       0.00000000E+00       0.00000000E+00       0.00000000E+00       0.00000000E+00       0.00000000E+00       0.00000000E+00       0.00000000E+00       0.00000000E+00       0.00000000E+00       0.00000000E+00       0.00000000E+00       0.00000000E+00       0.00000000E+00       0.00000000E+00       0.00000000E+00       0.00000000E+00       0.00000000E+00       0.00000000E+00       0.00000000E+00       0.00000000E+00       0.00000000E+00       0.00000000E+00       0.00000000E+00       0.00000000E+00
      0.41808965E+02       0.00000000E+00       0.00000000E+00       0.00000000E+00       0.00000000E+00       0.00000000E+00       0.00000000E+00       0.00000000E+00       0.00000000E+00       0.00000000E+00       0.00000000E+00       0.00000000E+00       0.00000000E+00       0.00000000E+00       0.00000000E+00       0.00000000E+00       0.00000000E+00       0.00000000E+00       0.00000000E+00       0.00000000E+00       0.00000000E+00       0.00000000E+00       0.00000000E+00       0.00000000E+00       0.00000000E+00       0.00000000E+00       0.00000000E+00       0.00000000E+00
      0.41912039E+02       0.00000000E+00       0.00000000E+00       0.00000000E+00       0.00000000E+00       0.00000000E+00       0.00000000E+00       0.00000000E+00       0.00000000E+00       0.00000000E+00       0.00000000E+00       0.00000000E+00       0.00000000E+00       0.00000000E+00       0.00000000E+00       0.00000000E+00       0.00000000E+00       0.00000000E+00       0.00000000E+00       0.00000000E+00       0.00000000E+00       0.00000000E+00       0.00000000E+00       0.00000000E+00       0.00000000E+00       0.00000000E+00       0.00000000E+00       0.00000000E+00
      0.42015112E+02       0.00000000E+00       0.00000000E+00       0.00000000E+00       0.00000000E+00       0.00000000E+00       0.00000000E+00       0.00000000E+00       0.00000000E+00       0.00000000E+00       0.00000000E+00       0.00000000E+00       0.00000000E+00       0.00000000E+00       0.00000000E+00       0.00000000E+00       0.00000000E+00       0.00000000E+00       0.00000000E+00       0.00000000E+00       0.00000000E+00       0.00000000E+00       0.00000000E+00       0.00000000E+00       0.00000000E+00       0.00000000E+00       0.00000000E+00       0.00000000E+00
      0.42118186E+02       0.00000000E+00       0.00000000E+00       0.00000000E+00       0.00000000E+00       0.00000000E+00       0.00000000E+00       0.00000000E+00       0.00000000E+00       0.00000000E+00       0.00000000E+00       0.00000000E+00       0.00000000E+00       0.00000000E+00       0.00000000E+00       0.00000000E+00       0.00000000E+00       0.00000000E+00       0.00000000E+00       0.00000000E+00       0.00000000E+00       0.00000000E+00       0.00000000E+00       0.00000000E+00       0.00000000E+00       0.00000000E+00       0.00000000E+00       0.00000000E+00
      0.42221259E+02       0.00000000E+00       0.00000000E+00       0.00000000E+00       0.00000000E+00       0.00000000E+00       0.00000000E+00       0.00000000E+00       0.00000000E+00       0.00000000E+00       0.00000000E+00       0.00000000E+00       0.00000000E+00       0.00000000E+00       0.00000000E+00       0.00000000E+00       0.00000000E+00       0.00000000E+00       0.00000000E+00       0.00000000E+00       0.00000000E+00       0.00000000E+00       0.00000000E+00       0.00000000E+00       0.00000000E+00       0.00000000E+00       0.00000000E+00       0.00000000E+00
      0.42324332E+02       0.00000000E+00       0.00000000E+00       0.00000000E+00       0.00000000E+00       0.00000000E+00       0.00000000E+00       0.00000000E+00       0.00000000E+00       0.00000000E+00       0.00000000E+00       0.00000000E+00       0.00000000E+00       0.00000000E+00       0.00000000E+00       0.00000000E+00       0.00000000E+00       0.00000000E+00       0.00000000E+00       0.00000000E+00       0.00000000E+00       0.00000000E+00       0.00000000E+00       0.00000000E+00       0.00000000E+00       0.00000000E+00       0.00000000E+00       0.00000000E+00
      0.42427406E+02       0.00000000E+00       0.00000000E+00       0.00000000E+00       0.00000000E+00       0.00000000E+00       0.00000000E+00       0.00000000E+00       0.00000000E+00       0.00000000E+00       0.00000000E+00       0.00000000E+00       0.00000000E+00       0.00000000E+00       0.00000000E+00       0.00000000E+00       0.00000000E+00       0.00000000E+00       0.00000000E+00       0.00000000E+00       0.00000000E+00       0.00000000E+00       0.00000000E+00       0.00000000E+00       0.00000000E+00       0.00000000E+00       0.00000000E+00       0.00000000E+00
      0.42530479E+02       0.00000000E+00       0.00000000E+00       0.00000000E+00       0.00000000E+00       0.00000000E+00       0.00000000E+00       0.00000000E+00       0.00000000E+00       0.00000000E+00       0.00000000E+00       0.00000000E+00       0.00000000E+00       0.00000000E+00       0.00000000E+00       0.00000000E+00       0.00000000E+00       0.00000000E+00       0.00000000E+00       0.00000000E+00       0.00000000E+00       0.00000000E+00       0.00000000E+00       0.00000000E+00       0.00000000E+00       0.00000000E+00       0.00000000E+00       0.00000000E+00
      0.42633553E+02       0.00000000E+00       0.00000000E+00       0.00000000E+00       0.00000000E+00       0.00000000E+00       0.00000000E+00       0.00000000E+00       0.00000000E+00       0.00000000E+00       0.00000000E+00       0.00000000E+00       0.00000000E+00       0.00000000E+00       0.00000000E+00       0.00000000E+00       0.00000000E+00       0.00000000E+00       0.00000000E+00       0.00000000E+00       0.00000000E+00       0.00000000E+00       0.00000000E+00       0.00000000E+00       0.00000000E+00       0.00000000E+00       0.00000000E+00       0.00000000E+00
      0.42736626E+02       0.00000000E+00       0.00000000E+00       0.00000000E+00       0.00000000E+00       0.00000000E+00       0.00000000E+00       0.00000000E+00       0.00000000E+00       0.00000000E+00       0.00000000E+00       0.00000000E+00       0.00000000E+00       0.00000000E+00       0.00000000E+00       0.00000000E+00       0.00000000E+00       0.00000000E+00       0.00000000E+00       0.00000000E+00       0.00000000E+00       0.00000000E+00       0.00000000E+00       0.00000000E+00       0.00000000E+00       0.00000000E+00       0.00000000E+00       0.00000000E+00
      0.42839700E+02       0.00000000E+00       0.00000000E+00       0.00000000E+00       0.00000000E+00       0.00000000E+00       0.00000000E+00       0.00000000E+00       0.00000000E+00       0.00000000E+00       0.00000000E+00       0.00000000E+00       0.00000000E+00       0.00000000E+00       0.00000000E+00       0.00000000E+00       0.00000000E+00       0.00000000E+00       0.00000000E+00       0.00000000E+00       0.00000000E+00       0.00000000E+00       0.00000000E+00       0.00000000E+00       0.00000000E+00       0.00000000E+00       0.00000000E+00       0.00000000E+00
      0.42942773E+02       0.00000000E+00       0.00000000E+00       0.00000000E+00       0.00000000E+00       0.00000000E+00       0.00000000E+00       0.00000000E+00       0.00000000E+00       0.00000000E+00       0.00000000E+00       0.00000000E+00       0.00000000E+00       0.00000000E+00       0.00000000E+00       0.00000000E+00       0.00000000E+00       0.00000000E+00       0.00000000E+00       0.00000000E+00       0.00000000E+00       0.00000000E+00       0.00000000E+00       0.00000000E+00       0.00000000E+00       0.00000000E+00       0.00000000E+00       0.00000000E+00
      0.43045846E+02       0.00000000E+00       0.00000000E+00       0.00000000E+00       0.00000000E+00       0.00000000E+00       0.00000000E+00       0.00000000E+00       0.00000000E+00       0.00000000E+00       0.00000000E+00       0.00000000E+00       0.00000000E+00       0.00000000E+00       0.00000000E+00       0.00000000E+00       0.00000000E+00       0.00000000E+00       0.00000000E+00       0.00000000E+00       0.00000000E+00       0.00000000E+00       0.00000000E+00       0.00000000E+00       0.00000000E+00       0.00000000E+00       0.00000000E+00       0.00000000E+00
      0.43148920E+02       0.00000000E+00       0.00000000E+00       0.00000000E+00       0.00000000E+00       0.00000000E+00       0.00000000E+00       0.00000000E+00       0.00000000E+00       0.00000000E+00       0.00000000E+00       0.00000000E+00       0.00000000E+00       0.00000000E+00       0.00000000E+00       0.00000000E+00       0.00000000E+00       0.00000000E+00       0.00000000E+00       0.00000000E+00       0.00000000E+00       0.00000000E+00       0.00000000E+00       0.00000000E+00       0.00000000E+00       0.00000000E+00       0.00000000E+00       0.00000000E+00
      0.43251993E+02       0.00000000E+00       0.00000000E+00       0.00000000E+00       0.00000000E+00       0.00000000E+00       0.00000000E+00       0.00000000E+00       0.00000000E+00       0.00000000E+00       0.00000000E+00       0.00000000E+00       0.00000000E+00       0.00000000E+00       0.00000000E+00       0.00000000E+00       0.00000000E+00       0.00000000E+00       0.00000000E+00       0.00000000E+00       0.00000000E+00       0.00000000E+00       0.00000000E+00       0.00000000E+00       0.00000000E+00       0.00000000E+00       0.00000000E+00       0.00000000E+00
      0.43355067E+02       0.00000000E+00       0.00000000E+00       0.00000000E+00       0.00000000E+00       0.00000000E+00       0.00000000E+00       0.00000000E+00       0.00000000E+00       0.00000000E+00       0.00000000E+00       0.00000000E+00       0.00000000E+00       0.00000000E+00       0.00000000E+00       0.00000000E+00       0.00000000E+00       0.00000000E+00       0.00000000E+00       0.00000000E+00       0.00000000E+00       0.00000000E+00       0.00000000E+00       0.00000000E+00       0.00000000E+00       0.00000000E+00       0.00000000E+00       0.00000000E+00
      0.43458140E+02       0.00000000E+00       0.00000000E+00       0.00000000E+00       0.00000000E+00       0.00000000E+00       0.00000000E+00       0.00000000E+00       0.00000000E+00       0.00000000E+00       0.00000000E+00       0.00000000E+00       0.00000000E+00       0.00000000E+00       0.00000000E+00       0.00000000E+00       0.00000000E+00       0.00000000E+00       0.00000000E+00       0.00000000E+00       0.00000000E+00       0.00000000E+00       0.00000000E+00       0.00000000E+00       0.00000000E+00       0.00000000E+00       0.00000000E+00       0.00000000E+00
      0.43561214E+02       0.00000000E+00       0.00000000E+00       0.00000000E+00       0.00000000E+00       0.00000000E+00       0.00000000E+00       0.00000000E+00       0.00000000E+00       0.00000000E+00       0.00000000E+00       0.00000000E+00       0.00000000E+00       0.00000000E+00       0.00000000E+00       0.00000000E+00       0.00000000E+00       0.00000000E+00       0.00000000E+00       0.00000000E+00       0.00000000E+00       0.00000000E+00       0.00000000E+00       0.00000000E+00       0.00000000E+00       0.00000000E+00       0.00000000E+00       0.00000000E+00
      0.43664287E+02       0.00000000E+00       0.00000000E+00       0.00000000E+00       0.00000000E+00       0.00000000E+00       0.00000000E+00       0.00000000E+00       0.00000000E+00       0.00000000E+00       0.00000000E+00       0.00000000E+00       0.00000000E+00       0.00000000E+00       0.00000000E+00       0.00000000E+00       0.00000000E+00       0.00000000E+00       0.00000000E+00       0.00000000E+00       0.00000000E+00       0.00000000E+00       0.00000000E+00       0.00000000E+00       0.00000000E+00       0.00000000E+00       0.00000000E+00       0.00000000E+00
      0.43767360E+02       0.00000000E+00       0.00000000E+00       0.00000000E+00       0.00000000E+00       0.00000000E+00       0.00000000E+00       0.00000000E+00       0.00000000E+00       0.00000000E+00       0.00000000E+00       0.00000000E+00       0.00000000E+00       0.00000000E+00       0.00000000E+00       0.00000000E+00       0.00000000E+00       0.00000000E+00       0.00000000E+00       0.00000000E+00       0.00000000E+00       0.00000000E+00       0.00000000E+00       0.00000000E+00       0.00000000E+00       0.00000000E+00       0.00000000E+00       0.00000000E+00
      0.43870434E+02       0.00000000E+00       0.00000000E+00       0.00000000E+00       0.00000000E+00       0.00000000E+00       0.00000000E+00       0.00000000E+00       0.00000000E+00       0.00000000E+00       0.00000000E+00       0.00000000E+00       0.00000000E+00       0.00000000E+00       0.00000000E+00       0.00000000E+00       0.00000000E+00       0.00000000E+00       0.00000000E+00       0.00000000E+00       0.00000000E+00       0.00000000E+00       0.00000000E+00       0.00000000E+00       0.00000000E+00       0.00000000E+00       0.00000000E+00       0.00000000E+00
      0.43973507E+02       0.00000000E+00       0.00000000E+00       0.00000000E+00       0.00000000E+00       0.00000000E+00       0.00000000E+00       0.00000000E+00       0.00000000E+00       0.00000000E+00       0.00000000E+00       0.00000000E+00       0.00000000E+00       0.00000000E+00       0.00000000E+00       0.00000000E+00       0.00000000E+00       0.00000000E+00       0.00000000E+00       0.00000000E+00       0.00000000E+00       0.00000000E+00       0.00000000E+00       0.00000000E+00       0.00000000E+00       0.00000000E+00       0.00000000E+00       0.00000000E+00
      0.44076581E+02       0.00000000E+00       0.00000000E+00       0.00000000E+00       0.00000000E+00       0.00000000E+00       0.00000000E+00       0.00000000E+00       0.00000000E+00       0.00000000E+00       0.00000000E+00       0.00000000E+00       0.00000000E+00       0.00000000E+00       0.00000000E+00       0.00000000E+00       0.00000000E+00       0.00000000E+00       0.00000000E+00       0.00000000E+00       0.00000000E+00       0.00000000E+00       0.00000000E+00       0.00000000E+00       0.00000000E+00       0.00000000E+00       0.00000000E+00       0.00000000E+00
      0.44179654E+02       0.00000000E+00       0.00000000E+00       0.00000000E+00       0.00000000E+00       0.00000000E+00       0.00000000E+00       0.00000000E+00       0.00000000E+00       0.00000000E+00       0.00000000E+00       0.00000000E+00       0.00000000E+00       0.00000000E+00       0.00000000E+00       0.00000000E+00       0.00000000E+00       0.00000000E+00       0.00000000E+00       0.00000000E+00       0.00000000E+00       0.00000000E+00       0.00000000E+00       0.00000000E+00       0.00000000E+00       0.00000000E+00       0.00000000E+00       0.00000000E+00
      0.44282728E+02       0.00000000E+00       0.00000000E+00       0.00000000E+00       0.00000000E+00       0.00000000E+00       0.00000000E+00       0.00000000E+00       0.00000000E+00       0.00000000E+00       0.00000000E+00       0.00000000E+00       0.00000000E+00       0.00000000E+00       0.00000000E+00       0.00000000E+00       0.00000000E+00       0.00000000E+00       0.00000000E+00       0.00000000E+00       0.00000000E+00       0.00000000E+00       0.00000000E+00       0.00000000E+00       0.00000000E+00       0.00000000E+00       0.00000000E+00       0.00000000E+00
      0.44385801E+02       0.00000000E+00       0.00000000E+00       0.00000000E+00       0.00000000E+00       0.00000000E+00       0.00000000E+00       0.00000000E+00       0.00000000E+00       0.00000000E+00       0.00000000E+00       0.00000000E+00       0.00000000E+00       0.00000000E+00       0.00000000E+00       0.00000000E+00       0.00000000E+00       0.00000000E+00       0.00000000E+00       0.00000000E+00       0.00000000E+00       0.00000000E+00       0.00000000E+00       0.00000000E+00       0.00000000E+00       0.00000000E+00       0.00000000E+00       0.00000000E+00
      0.44488875E+02       0.00000000E+00       0.00000000E+00       0.00000000E+00       0.00000000E+00       0.00000000E+00       0.00000000E+00       0.00000000E+00       0.00000000E+00       0.00000000E+00       0.00000000E+00       0.00000000E+00       0.00000000E+00       0.00000000E+00       0.00000000E+00       0.00000000E+00       0.00000000E+00       0.00000000E+00       0.00000000E+00       0.00000000E+00       0.00000000E+00       0.00000000E+00       0.00000000E+00       0.00000000E+00       0.00000000E+00       0.00000000E+00       0.00000000E+00       0.00000000E+00
      0.44591948E+02       0.00000000E+00       0.00000000E+00       0.00000000E+00       0.00000000E+00       0.00000000E+00       0.00000000E+00       0.00000000E+00       0.00000000E+00       0.00000000E+00       0.00000000E+00       0.00000000E+00       0.00000000E+00       0.00000000E+00       0.00000000E+00       0.00000000E+00       0.00000000E+00       0.00000000E+00       0.00000000E+00       0.00000000E+00       0.00000000E+00       0.00000000E+00       0.00000000E+00       0.00000000E+00       0.00000000E+00       0.00000000E+00       0.00000000E+00       0.00000000E+00
      0.44695021E+02       0.00000000E+00       0.00000000E+00       0.00000000E+00       0.00000000E+00       0.00000000E+00       0.00000000E+00       0.00000000E+00       0.00000000E+00       0.00000000E+00       0.00000000E+00       0.00000000E+00       0.00000000E+00       0.00000000E+00       0.00000000E+00       0.00000000E+00       0.00000000E+00       0.00000000E+00       0.00000000E+00       0.00000000E+00       0.00000000E+00       0.00000000E+00       0.00000000E+00       0.00000000E+00       0.00000000E+00       0.00000000E+00       0.00000000E+00       0.00000000E+00
      0.44798095E+02       0.00000000E+00       0.00000000E+00       0.00000000E+00       0.00000000E+00       0.00000000E+00       0.00000000E+00       0.00000000E+00       0.00000000E+00       0.00000000E+00       0.00000000E+00       0.00000000E+00       0.00000000E+00       0.00000000E+00       0.00000000E+00       0.00000000E+00       0.00000000E+00       0.00000000E+00       0.00000000E+00       0.00000000E+00       0.00000000E+00       0.00000000E+00       0.00000000E+00       0.00000000E+00       0.00000000E+00       0.00000000E+00       0.00000000E+00       0.00000000E+00
      0.44901168E+02       0.00000000E+00       0.00000000E+00       0.00000000E+00       0.00000000E+00       0.00000000E+00       0.00000000E+00       0.00000000E+00       0.00000000E+00       0.00000000E+00       0.00000000E+00       0.00000000E+00       0.00000000E+00       0.00000000E+00       0.00000000E+00       0.00000000E+00       0.00000000E+00       0.00000000E+00       0.00000000E+00       0.00000000E+00       0.00000000E+00       0.00000000E+00       0.00000000E+00       0.00000000E+00       0.00000000E+00       0.00000000E+00       0.00000000E+00       0.00000000E+00
      0.45004242E+02       0.00000000E+00       0.00000000E+00       0.00000000E+00       0.00000000E+00       0.00000000E+00       0.00000000E+00       0.00000000E+00       0.00000000E+00       0.00000000E+00       0.00000000E+00       0.00000000E+00       0.00000000E+00       0.00000000E+00       0.00000000E+00       0.00000000E+00       0.00000000E+00       0.00000000E+00       0.00000000E+00       0.00000000E+00       0.00000000E+00       0.00000000E+00       0.00000000E+00       0.00000000E+00       0.00000000E+00       0.00000000E+00       0.00000000E+00       0.00000000E+00
      0.45107315E+02       0.00000000E+00       0.00000000E+00       0.00000000E+00       0.00000000E+00       0.00000000E+00       0.00000000E+00       0.00000000E+00       0.00000000E+00       0.00000000E+00       0.00000000E+00       0.00000000E+00       0.00000000E+00       0.00000000E+00       0.00000000E+00       0.00000000E+00       0.00000000E+00       0.00000000E+00       0.00000000E+00       0.00000000E+00       0.00000000E+00       0.00000000E+00       0.00000000E+00       0.00000000E+00       0.00000000E+00       0.00000000E+00       0.00000000E+00       0.00000000E+00
      0.45210389E+02       0.00000000E+00       0.00000000E+00       0.00000000E+00       0.00000000E+00       0.00000000E+00       0.00000000E+00       0.00000000E+00       0.00000000E+00       0.00000000E+00       0.00000000E+00       0.00000000E+00       0.00000000E+00       0.00000000E+00       0.00000000E+00       0.00000000E+00       0.00000000E+00       0.00000000E+00       0.00000000E+00       0.00000000E+00       0.00000000E+00       0.00000000E+00       0.00000000E+00       0.00000000E+00       0.00000000E+00       0.00000000E+00       0.00000000E+00       0.00000000E+00
      0.45313462E+02       0.00000000E+00       0.00000000E+00       0.00000000E+00       0.00000000E+00       0.00000000E+00       0.00000000E+00       0.00000000E+00       0.00000000E+00       0.00000000E+00       0.00000000E+00       0.00000000E+00       0.00000000E+00       0.00000000E+00       0.00000000E+00       0.00000000E+00       0.00000000E+00       0.00000000E+00       0.00000000E+00       0.00000000E+00       0.00000000E+00       0.00000000E+00       0.00000000E+00       0.00000000E+00       0.00000000E+00       0.00000000E+00       0.00000000E+00       0.00000000E+00
      0.45416535E+02       0.00000000E+00       0.00000000E+00       0.00000000E+00       0.00000000E+00       0.00000000E+00       0.00000000E+00       0.00000000E+00       0.00000000E+00       0.00000000E+00       0.00000000E+00       0.00000000E+00       0.00000000E+00       0.00000000E+00       0.00000000E+00       0.00000000E+00       0.00000000E+00       0.00000000E+00       0.00000000E+00       0.00000000E+00       0.00000000E+00       0.00000000E+00       0.00000000E+00       0.00000000E+00       0.00000000E+00       0.00000000E+00       0.00000000E+00       0.00000000E+00
      0.45519609E+02       0.00000000E+00       0.00000000E+00       0.00000000E+00       0.00000000E+00       0.00000000E+00       0.00000000E+00       0.00000000E+00       0.00000000E+00       0.00000000E+00       0.00000000E+00       0.00000000E+00       0.00000000E+00       0.00000000E+00       0.00000000E+00       0.00000000E+00       0.00000000E+00       0.00000000E+00       0.00000000E+00       0.00000000E+00       0.00000000E+00       0.00000000E+00       0.00000000E+00       0.00000000E+00       0.00000000E+00       0.00000000E+00       0.00000000E+00       0.00000000E+00
      0.45622682E+02       0.00000000E+00       0.00000000E+00       0.00000000E+00       0.00000000E+00       0.00000000E+00       0.00000000E+00       0.00000000E+00       0.00000000E+00       0.00000000E+00       0.00000000E+00       0.00000000E+00       0.00000000E+00       0.00000000E+00       0.00000000E+00       0.00000000E+00       0.00000000E+00       0.00000000E+00       0.00000000E+00       0.00000000E+00       0.00000000E+00       0.00000000E+00       0.00000000E+00       0.00000000E+00       0.00000000E+00       0.00000000E+00       0.00000000E+00       0.00000000E+00
      0.45725756E+02       0.00000000E+00       0.00000000E+00       0.00000000E+00       0.00000000E+00       0.00000000E+00       0.00000000E+00       0.00000000E+00       0.00000000E+00       0.00000000E+00       0.00000000E+00       0.00000000E+00       0.00000000E+00       0.00000000E+00       0.00000000E+00       0.00000000E+00       0.00000000E+00       0.00000000E+00       0.00000000E+00       0.00000000E+00       0.00000000E+00       0.00000000E+00       0.00000000E+00       0.00000000E+00       0.00000000E+00       0.00000000E+00       0.00000000E+00       0.00000000E+00
      0.45828829E+02       0.00000000E+00       0.00000000E+00       0.00000000E+00       0.00000000E+00       0.00000000E+00       0.00000000E+00       0.00000000E+00       0.00000000E+00       0.00000000E+00       0.00000000E+00       0.00000000E+00       0.00000000E+00       0.00000000E+00       0.00000000E+00       0.00000000E+00       0.00000000E+00       0.00000000E+00       0.00000000E+00       0.00000000E+00       0.00000000E+00       0.00000000E+00       0.00000000E+00       0.00000000E+00       0.00000000E+00       0.00000000E+00       0.00000000E+00       0.00000000E+00
      0.45931903E+02       0.00000000E+00       0.00000000E+00       0.00000000E+00       0.00000000E+00       0.00000000E+00       0.00000000E+00       0.00000000E+00       0.00000000E+00       0.00000000E+00       0.00000000E+00       0.00000000E+00       0.00000000E+00       0.00000000E+00       0.00000000E+00       0.00000000E+00       0.00000000E+00       0.00000000E+00       0.00000000E+00       0.00000000E+00       0.00000000E+00       0.00000000E+00       0.00000000E+00       0.00000000E+00       0.00000000E+00       0.00000000E+00       0.00000000E+00       0.00000000E+00
      0.46034976E+02       0.00000000E+00       0.00000000E+00       0.00000000E+00       0.00000000E+00       0.00000000E+00       0.00000000E+00       0.00000000E+00       0.00000000E+00       0.00000000E+00       0.00000000E+00       0.00000000E+00       0.00000000E+00       0.00000000E+00       0.00000000E+00       0.00000000E+00       0.00000000E+00       0.00000000E+00       0.00000000E+00       0.00000000E+00       0.00000000E+00       0.00000000E+00       0.00000000E+00       0.00000000E+00       0.00000000E+00       0.00000000E+00       0.00000000E+00       0.00000000E+00
      0.46138049E+02       0.00000000E+00       0.00000000E+00       0.00000000E+00       0.00000000E+00       0.00000000E+00       0.00000000E+00       0.00000000E+00       0.00000000E+00       0.00000000E+00       0.00000000E+00       0.00000000E+00       0.00000000E+00       0.00000000E+00       0.00000000E+00       0.00000000E+00       0.00000000E+00       0.00000000E+00       0.00000000E+00       0.00000000E+00       0.00000000E+00       0.00000000E+00       0.00000000E+00       0.00000000E+00       0.00000000E+00       0.00000000E+00       0.00000000E+00       0.00000000E+00
      0.46241123E+02       0.00000000E+00       0.00000000E+00       0.00000000E+00       0.00000000E+00       0.00000000E+00       0.00000000E+00       0.00000000E+00       0.00000000E+00       0.00000000E+00       0.00000000E+00       0.00000000E+00       0.00000000E+00       0.00000000E+00       0.00000000E+00       0.00000000E+00       0.00000000E+00       0.00000000E+00       0.00000000E+00       0.00000000E+00       0.00000000E+00       0.00000000E+00       0.00000000E+00       0.00000000E+00       0.00000000E+00       0.00000000E+00       0.00000000E+00       0.00000000E+00
      0.46344196E+02       0.00000000E+00       0.00000000E+00       0.00000000E+00       0.00000000E+00       0.00000000E+00       0.00000000E+00       0.00000000E+00       0.00000000E+00       0.00000000E+00       0.00000000E+00       0.00000000E+00       0.00000000E+00       0.00000000E+00       0.00000000E+00       0.00000000E+00       0.00000000E+00       0.00000000E+00       0.00000000E+00       0.00000000E+00       0.00000000E+00       0.00000000E+00       0.00000000E+00       0.00000000E+00       0.00000000E+00       0.00000000E+00       0.00000000E+00       0.00000000E+00
      0.46447270E+02       0.00000000E+00       0.00000000E+00       0.00000000E+00       0.00000000E+00       0.00000000E+00       0.00000000E+00       0.00000000E+00       0.00000000E+00       0.00000000E+00       0.00000000E+00       0.00000000E+00       0.00000000E+00       0.00000000E+00       0.00000000E+00       0.00000000E+00       0.00000000E+00       0.00000000E+00       0.00000000E+00       0.00000000E+00       0.00000000E+00       0.00000000E+00       0.00000000E+00       0.00000000E+00       0.00000000E+00       0.00000000E+00       0.00000000E+00       0.00000000E+00
      0.46550343E+02       0.00000000E+00       0.00000000E+00       0.00000000E+00       0.00000000E+00       0.00000000E+00       0.00000000E+00       0.00000000E+00       0.00000000E+00       0.00000000E+00       0.00000000E+00       0.00000000E+00       0.00000000E+00       0.00000000E+00       0.00000000E+00       0.00000000E+00       0.00000000E+00       0.00000000E+00       0.00000000E+00       0.00000000E+00       0.00000000E+00       0.00000000E+00       0.00000000E+00       0.00000000E+00       0.00000000E+00       0.00000000E+00       0.00000000E+00       0.00000000E+00
      0.46653417E+02       0.00000000E+00       0.00000000E+00       0.00000000E+00       0.00000000E+00       0.00000000E+00       0.00000000E+00       0.00000000E+00       0.00000000E+00       0.00000000E+00       0.00000000E+00       0.00000000E+00       0.00000000E+00       0.00000000E+00       0.00000000E+00       0.00000000E+00       0.00000000E+00       0.00000000E+00       0.00000000E+00       0.00000000E+00       0.00000000E+00       0.00000000E+00       0.00000000E+00       0.00000000E+00       0.00000000E+00       0.00000000E+00       0.00000000E+00       0.00000000E+00
      0.46756490E+02       0.00000000E+00       0.00000000E+00       0.00000000E+00       0.00000000E+00       0.00000000E+00       0.00000000E+00       0.00000000E+00       0.00000000E+00       0.00000000E+00       0.00000000E+00       0.00000000E+00       0.00000000E+00       0.00000000E+00       0.00000000E+00       0.00000000E+00       0.00000000E+00       0.00000000E+00       0.00000000E+00       0.00000000E+00       0.00000000E+00       0.00000000E+00       0.00000000E+00       0.00000000E+00       0.00000000E+00       0.00000000E+00       0.00000000E+00       0.00000000E+00
      0.46859563E+02       0.00000000E+00       0.00000000E+00       0.00000000E+00       0.00000000E+00       0.00000000E+00       0.00000000E+00       0.00000000E+00       0.00000000E+00       0.00000000E+00       0.00000000E+00       0.00000000E+00       0.00000000E+00       0.00000000E+00       0.00000000E+00       0.00000000E+00       0.00000000E+00       0.00000000E+00       0.00000000E+00       0.00000000E+00       0.00000000E+00       0.00000000E+00       0.00000000E+00       0.00000000E+00       0.00000000E+00       0.00000000E+00       0.00000000E+00       0.00000000E+00
      0.46962637E+02       0.00000000E+00       0.00000000E+00       0.00000000E+00       0.00000000E+00       0.00000000E+00       0.00000000E+00       0.00000000E+00       0.00000000E+00       0.00000000E+00       0.00000000E+00       0.00000000E+00       0.00000000E+00       0.00000000E+00       0.00000000E+00       0.00000000E+00       0.00000000E+00       0.00000000E+00       0.00000000E+00       0.00000000E+00       0.00000000E+00       0.00000000E+00       0.00000000E+00       0.00000000E+00       0.00000000E+00       0.00000000E+00       0.00000000E+00       0.00000000E+00
      0.47065710E+02       0.00000000E+00       0.00000000E+00       0.00000000E+00       0.00000000E+00       0.00000000E+00       0.00000000E+00       0.00000000E+00       0.00000000E+00       0.00000000E+00       0.00000000E+00       0.00000000E+00       0.00000000E+00       0.00000000E+00       0.00000000E+00       0.00000000E+00       0.00000000E+00       0.00000000E+00       0.00000000E+00       0.00000000E+00       0.00000000E+00       0.00000000E+00       0.00000000E+00       0.00000000E+00       0.00000000E+00       0.00000000E+00       0.00000000E+00       0.00000000E+00
      0.47168784E+02       0.00000000E+00       0.00000000E+00       0.00000000E+00       0.00000000E+00       0.00000000E+00       0.00000000E+00       0.00000000E+00       0.00000000E+00       0.00000000E+00       0.00000000E+00       0.00000000E+00       0.00000000E+00       0.00000000E+00       0.00000000E+00       0.00000000E+00       0.00000000E+00       0.00000000E+00       0.00000000E+00       0.00000000E+00       0.00000000E+00       0.00000000E+00       0.00000000E+00       0.00000000E+00       0.00000000E+00       0.00000000E+00       0.00000000E+00       0.00000000E+00
      0.47271857E+02       0.00000000E+00       0.00000000E+00       0.00000000E+00       0.00000000E+00       0.00000000E+00       0.00000000E+00       0.00000000E+00       0.00000000E+00       0.00000000E+00       0.00000000E+00       0.00000000E+00       0.00000000E+00       0.00000000E+00       0.00000000E+00       0.00000000E+00       0.00000000E+00       0.00000000E+00       0.00000000E+00       0.00000000E+00       0.00000000E+00       0.00000000E+00       0.00000000E+00       0.00000000E+00       0.00000000E+00       0.00000000E+00       0.00000000E+00       0.00000000E+00
      0.47374931E+02       0.00000000E+00       0.00000000E+00       0.00000000E+00       0.00000000E+00       0.00000000E+00       0.00000000E+00       0.00000000E+00       0.00000000E+00       0.00000000E+00       0.00000000E+00       0.00000000E+00       0.00000000E+00       0.00000000E+00       0.00000000E+00       0.00000000E+00       0.00000000E+00       0.00000000E+00       0.00000000E+00       0.00000000E+00       0.00000000E+00       0.00000000E+00       0.00000000E+00       0.00000000E+00       0.00000000E+00       0.00000000E+00       0.00000000E+00       0.00000000E+00
      0.47478004E+02       0.00000000E+00       0.00000000E+00       0.00000000E+00       0.00000000E+00       0.00000000E+00       0.00000000E+00       0.00000000E+00       0.00000000E+00       0.00000000E+00       0.00000000E+00       0.00000000E+00       0.00000000E+00       0.00000000E+00       0.00000000E+00       0.00000000E+00       0.00000000E+00       0.00000000E+00       0.00000000E+00       0.00000000E+00       0.00000000E+00       0.00000000E+00       0.00000000E+00       0.00000000E+00       0.00000000E+00       0.00000000E+00       0.00000000E+00       0.00000000E+00
      0.47581077E+02       0.00000000E+00       0.00000000E+00       0.00000000E+00       0.00000000E+00       0.00000000E+00       0.00000000E+00       0.00000000E+00       0.00000000E+00       0.00000000E+00       0.00000000E+00       0.00000000E+00       0.00000000E+00       0.00000000E+00       0.00000000E+00       0.00000000E+00       0.00000000E+00       0.00000000E+00       0.00000000E+00       0.00000000E+00       0.00000000E+00       0.00000000E+00       0.00000000E+00       0.00000000E+00       0.00000000E+00       0.00000000E+00       0.00000000E+00       0.00000000E+00
      0.47684151E+02       0.00000000E+00       0.00000000E+00       0.00000000E+00       0.00000000E+00       0.00000000E+00       0.00000000E+00       0.00000000E+00       0.00000000E+00       0.00000000E+00       0.00000000E+00       0.00000000E+00       0.00000000E+00       0.00000000E+00       0.00000000E+00       0.00000000E+00       0.00000000E+00       0.00000000E+00       0.00000000E+00       0.00000000E+00       0.00000000E+00       0.00000000E+00       0.00000000E+00       0.00000000E+00       0.00000000E+00       0.00000000E+00       0.00000000E+00       0.00000000E+00
      0.47787224E+02       0.00000000E+00       0.00000000E+00       0.00000000E+00       0.00000000E+00       0.00000000E+00       0.00000000E+00       0.00000000E+00       0.00000000E+00       0.00000000E+00       0.00000000E+00       0.00000000E+00       0.00000000E+00       0.00000000E+00       0.00000000E+00       0.00000000E+00       0.00000000E+00       0.00000000E+00       0.00000000E+00       0.00000000E+00       0.00000000E+00       0.00000000E+00       0.00000000E+00       0.00000000E+00       0.00000000E+00       0.00000000E+00       0.00000000E+00       0.00000000E+00
      0.47890298E+02       0.00000000E+00       0.00000000E+00       0.00000000E+00       0.00000000E+00       0.00000000E+00       0.00000000E+00       0.00000000E+00       0.00000000E+00       0.00000000E+00       0.00000000E+00       0.00000000E+00       0.00000000E+00       0.00000000E+00       0.00000000E+00       0.00000000E+00       0.00000000E+00       0.00000000E+00       0.00000000E+00       0.00000000E+00       0.00000000E+00       0.00000000E+00       0.00000000E+00       0.00000000E+00       0.00000000E+00       0.00000000E+00       0.00000000E+00       0.00000000E+00
      0.47993371E+02       0.00000000E+00       0.00000000E+00       0.00000000E+00       0.00000000E+00       0.00000000E+00       0.00000000E+00       0.00000000E+00       0.00000000E+00       0.00000000E+00       0.00000000E+00       0.00000000E+00       0.00000000E+00       0.00000000E+00       0.00000000E+00       0.00000000E+00       0.00000000E+00       0.00000000E+00       0.00000000E+00       0.00000000E+00       0.00000000E+00       0.00000000E+00       0.00000000E+00       0.00000000E+00       0.00000000E+00       0.00000000E+00       0.00000000E+00       0.00000000E+00
      0.48096445E+02       0.00000000E+00       0.00000000E+00       0.00000000E+00       0.00000000E+00       0.00000000E+00       0.00000000E+00       0.00000000E+00       0.00000000E+00       0.00000000E+00       0.00000000E+00       0.00000000E+00       0.00000000E+00       0.00000000E+00       0.00000000E+00       0.00000000E+00       0.00000000E+00       0.00000000E+00       0.00000000E+00       0.00000000E+00       0.00000000E+00       0.00000000E+00       0.00000000E+00       0.00000000E+00       0.00000000E+00       0.00000000E+00       0.00000000E+00       0.00000000E+00
      0.48199518E+02       0.00000000E+00       0.00000000E+00       0.00000000E+00       0.00000000E+00       0.00000000E+00       0.00000000E+00       0.00000000E+00       0.00000000E+00       0.00000000E+00       0.00000000E+00       0.00000000E+00       0.00000000E+00       0.00000000E+00       0.00000000E+00       0.00000000E+00       0.00000000E+00       0.00000000E+00       0.00000000E+00       0.00000000E+00       0.00000000E+00       0.00000000E+00       0.00000000E+00       0.00000000E+00       0.00000000E+00       0.00000000E+00       0.00000000E+00       0.00000000E+00
      0.48302592E+02       0.00000000E+00       0.00000000E+00       0.00000000E+00       0.00000000E+00       0.00000000E+00       0.00000000E+00       0.00000000E+00       0.00000000E+00       0.00000000E+00       0.00000000E+00       0.00000000E+00       0.00000000E+00       0.00000000E+00       0.00000000E+00       0.00000000E+00       0.00000000E+00       0.00000000E+00       0.00000000E+00       0.00000000E+00       0.00000000E+00       0.00000000E+00       0.00000000E+00       0.00000000E+00       0.00000000E+00       0.00000000E+00       0.00000000E+00       0.00000000E+00
      0.48405665E+02       0.00000000E+00       0.00000000E+00       0.00000000E+00       0.00000000E+00       0.00000000E+00       0.00000000E+00       0.00000000E+00       0.00000000E+00       0.00000000E+00       0.00000000E+00       0.00000000E+00       0.00000000E+00       0.00000000E+00       0.00000000E+00       0.00000000E+00       0.00000000E+00       0.00000000E+00       0.00000000E+00       0.00000000E+00       0.00000000E+00       0.00000000E+00       0.00000000E+00       0.00000000E+00       0.00000000E+00       0.00000000E+00       0.00000000E+00       0.00000000E+00
      0.48508738E+02       0.00000000E+00       0.00000000E+00       0.00000000E+00       0.00000000E+00       0.00000000E+00       0.00000000E+00       0.00000000E+00       0.00000000E+00       0.00000000E+00       0.00000000E+00       0.00000000E+00       0.00000000E+00       0.00000000E+00       0.00000000E+00       0.00000000E+00       0.00000000E+00       0.00000000E+00       0.00000000E+00       0.00000000E+00       0.00000000E+00       0.00000000E+00       0.00000000E+00       0.00000000E+00       0.00000000E+00       0.00000000E+00       0.00000000E+00       0.00000000E+00
      0.48611812E+02       0.00000000E+00       0.00000000E+00       0.00000000E+00       0.00000000E+00       0.00000000E+00       0.00000000E+00       0.00000000E+00       0.00000000E+00       0.00000000E+00       0.00000000E+00       0.00000000E+00       0.00000000E+00       0.00000000E+00       0.00000000E+00       0.00000000E+00       0.00000000E+00       0.00000000E+00       0.00000000E+00       0.00000000E+00       0.00000000E+00       0.00000000E+00       0.00000000E+00       0.00000000E+00       0.00000000E+00       0.00000000E+00       0.00000000E+00       0.00000000E+00
      0.48714885E+02       0.00000000E+00       0.00000000E+00       0.00000000E+00       0.00000000E+00       0.00000000E+00       0.00000000E+00       0.00000000E+00       0.00000000E+00       0.00000000E+00       0.00000000E+00       0.00000000E+00       0.00000000E+00       0.00000000E+00       0.00000000E+00       0.00000000E+00       0.00000000E+00       0.00000000E+00       0.00000000E+00       0.00000000E+00       0.00000000E+00       0.00000000E+00       0.00000000E+00       0.00000000E+00       0.00000000E+00       0.00000000E+00       0.00000000E+00       0.00000000E+00
      0.48817959E+02       0.00000000E+00       0.00000000E+00       0.00000000E+00       0.00000000E+00       0.00000000E+00       0.00000000E+00       0.00000000E+00       0.00000000E+00       0.00000000E+00       0.00000000E+00       0.00000000E+00       0.00000000E+00       0.00000000E+00       0.00000000E+00       0.00000000E+00       0.00000000E+00       0.00000000E+00       0.00000000E+00       0.00000000E+00       0.00000000E+00       0.00000000E+00       0.00000000E+00       0.00000000E+00       0.00000000E+00       0.00000000E+00       0.00000000E+00       0.00000000E+00
      0.48921032E+02       0.00000000E+00       0.00000000E+00       0.00000000E+00       0.00000000E+00       0.00000000E+00       0.00000000E+00       0.00000000E+00       0.00000000E+00       0.00000000E+00       0.00000000E+00       0.00000000E+00       0.00000000E+00       0.00000000E+00       0.00000000E+00       0.00000000E+00       0.00000000E+00       0.00000000E+00       0.00000000E+00       0.00000000E+00       0.00000000E+00       0.00000000E+00       0.00000000E+00       0.00000000E+00       0.00000000E+00       0.00000000E+00       0.00000000E+00       0.00000000E+00
      0.49024106E+02       0.00000000E+00       0.00000000E+00       0.00000000E+00       0.00000000E+00       0.00000000E+00       0.00000000E+00       0.00000000E+00       0.00000000E+00       0.00000000E+00       0.00000000E+00       0.00000000E+00       0.00000000E+00       0.00000000E+00       0.00000000E+00       0.00000000E+00       0.00000000E+00       0.00000000E+00       0.00000000E+00       0.00000000E+00       0.00000000E+00       0.00000000E+00       0.00000000E+00       0.00000000E+00       0.00000000E+00       0.00000000E+00       0.00000000E+00       0.00000000E+00
      0.49127179E+02       0.00000000E+00       0.00000000E+00       0.00000000E+00       0.00000000E+00       0.00000000E+00       0.00000000E+00       0.00000000E+00       0.00000000E+00       0.00000000E+00       0.00000000E+00       0.00000000E+00       0.00000000E+00       0.00000000E+00       0.00000000E+00       0.00000000E+00       0.00000000E+00       0.00000000E+00       0.00000000E+00       0.00000000E+00       0.00000000E+00       0.00000000E+00       0.00000000E+00       0.00000000E+00       0.00000000E+00       0.00000000E+00       0.00000000E+00       0.00000000E+00
      0.49230252E+02       0.00000000E+00       0.00000000E+00       0.00000000E+00       0.00000000E+00       0.00000000E+00       0.00000000E+00       0.00000000E+00       0.00000000E+00       0.00000000E+00       0.00000000E+00       0.00000000E+00       0.00000000E+00       0.00000000E+00       0.00000000E+00       0.00000000E+00       0.00000000E+00       0.00000000E+00       0.00000000E+00       0.00000000E+00       0.00000000E+00       0.00000000E+00       0.00000000E+00       0.00000000E+00       0.00000000E+00       0.00000000E+00       0.00000000E+00       0.00000000E+00
      0.49333326E+02       0.00000000E+00       0.00000000E+00       0.00000000E+00       0.00000000E+00       0.00000000E+00       0.00000000E+00       0.00000000E+00       0.00000000E+00       0.00000000E+00       0.00000000E+00       0.00000000E+00       0.00000000E+00       0.00000000E+00       0.00000000E+00       0.00000000E+00       0.00000000E+00       0.00000000E+00       0.00000000E+00       0.00000000E+00       0.00000000E+00       0.00000000E+00       0.00000000E+00       0.00000000E+00       0.00000000E+00       0.00000000E+00       0.00000000E+00       0.00000000E+00
      0.49436399E+02       0.00000000E+00       0.00000000E+00       0.00000000E+00       0.00000000E+00       0.00000000E+00       0.00000000E+00       0.00000000E+00       0.00000000E+00       0.00000000E+00       0.00000000E+00       0.00000000E+00       0.00000000E+00       0.00000000E+00       0.00000000E+00       0.00000000E+00       0.00000000E+00       0.00000000E+00       0.00000000E+00       0.00000000E+00       0.00000000E+00       0.00000000E+00       0.00000000E+00       0.00000000E+00       0.00000000E+00       0.00000000E+00       0.00000000E+00       0.00000000E+00
      0.49539473E+02       0.00000000E+00       0.00000000E+00       0.00000000E+00       0.00000000E+00       0.00000000E+00       0.00000000E+00       0.00000000E+00       0.00000000E+00       0.00000000E+00       0.00000000E+00       0.00000000E+00       0.00000000E+00       0.00000000E+00       0.00000000E+00       0.00000000E+00       0.00000000E+00       0.00000000E+00       0.00000000E+00       0.00000000E+00       0.00000000E+00       0.00000000E+00       0.00000000E+00       0.00000000E+00       0.00000000E+00       0.00000000E+00       0.00000000E+00       0.00000000E+00
      0.49642546E+02       0.00000000E+00       0.00000000E+00       0.00000000E+00       0.00000000E+00       0.00000000E+00       0.00000000E+00       0.00000000E+00       0.00000000E+00       0.00000000E+00       0.00000000E+00       0.00000000E+00       0.00000000E+00       0.00000000E+00       0.00000000E+00       0.00000000E+00       0.00000000E+00       0.00000000E+00       0.00000000E+00       0.00000000E+00       0.00000000E+00       0.00000000E+00       0.00000000E+00       0.00000000E+00       0.00000000E+00       0.00000000E+00       0.00000000E+00       0.00000000E+00
      0.49745620E+02       0.00000000E+00       0.00000000E+00       0.00000000E+00       0.00000000E+00       0.00000000E+00       0.00000000E+00       0.00000000E+00       0.00000000E+00       0.00000000E+00       0.00000000E+00       0.00000000E+00       0.00000000E+00       0.00000000E+00       0.00000000E+00       0.00000000E+00       0.00000000E+00       0.00000000E+00       0.00000000E+00       0.00000000E+00       0.00000000E+00       0.00000000E+00       0.00000000E+00       0.00000000E+00       0.00000000E+00       0.00000000E+00       0.00000000E+00       0.00000000E+00
      0.49848693E+02       0.00000000E+00       0.00000000E+00       0.00000000E+00       0.00000000E+00       0.00000000E+00       0.00000000E+00       0.00000000E+00       0.00000000E+00       0.00000000E+00       0.00000000E+00       0.00000000E+00       0.00000000E+00       0.00000000E+00       0.00000000E+00       0.00000000E+00       0.00000000E+00       0.00000000E+00       0.00000000E+00       0.00000000E+00       0.00000000E+00       0.00000000E+00       0.00000000E+00       0.00000000E+00       0.00000000E+00       0.00000000E+00       0.00000000E+00       0.00000000E+00
      0.49951766E+02       0.00000000E+00       0.00000000E+00       0.00000000E+00       0.00000000E+00       0.00000000E+00       0.00000000E+00       0.00000000E+00       0.00000000E+00       0.00000000E+00       0.00000000E+00       0.00000000E+00       0.00000000E+00       0.00000000E+00       0.00000000E+00       0.00000000E+00       0.00000000E+00       0.00000000E+00       0.00000000E+00       0.00000000E+00       0.00000000E+00       0.00000000E+00       0.00000000E+00       0.00000000E+00       0.00000000E+00       0.00000000E+00       0.00000000E+00       0.00000000E+00
      0.50054840E+02       0.00000000E+00       0.00000000E+00       0.00000000E+00       0.00000000E+00       0.00000000E+00       0.00000000E+00       0.00000000E+00       0.00000000E+00       0.00000000E+00       0.00000000E+00       0.00000000E+00       0.00000000E+00       0.00000000E+00       0.00000000E+00       0.00000000E+00       0.00000000E+00       0.00000000E+00       0.00000000E+00       0.00000000E+00       0.00000000E+00       0.00000000E+00       0.00000000E+00       0.00000000E+00       0.00000000E+00       0.00000000E+00       0.00000000E+00       0.00000000E+00
      0.50157913E+02       0.00000000E+00       0.00000000E+00       0.00000000E+00       0.00000000E+00       0.00000000E+00       0.00000000E+00       0.00000000E+00       0.00000000E+00       0.00000000E+00       0.00000000E+00       0.00000000E+00       0.00000000E+00       0.00000000E+00       0.00000000E+00       0.00000000E+00       0.00000000E+00       0.00000000E+00       0.00000000E+00       0.00000000E+00       0.00000000E+00       0.00000000E+00       0.00000000E+00       0.00000000E+00       0.00000000E+00       0.00000000E+00       0.00000000E+00       0.00000000E+00
      0.50260987E+02       0.00000000E+00       0.00000000E+00       0.00000000E+00       0.00000000E+00       0.00000000E+00       0.00000000E+00       0.00000000E+00       0.00000000E+00       0.00000000E+00       0.00000000E+00       0.00000000E+00       0.00000000E+00       0.00000000E+00       0.00000000E+00       0.00000000E+00       0.00000000E+00       0.00000000E+00       0.00000000E+00       0.00000000E+00       0.00000000E+00       0.00000000E+00       0.00000000E+00       0.00000000E+00       0.00000000E+00       0.00000000E+00       0.00000000E+00       0.00000000E+00
      0.50364060E+02       0.00000000E+00       0.00000000E+00       0.00000000E+00       0.00000000E+00       0.00000000E+00       0.00000000E+00       0.00000000E+00       0.00000000E+00       0.00000000E+00       0.00000000E+00       0.00000000E+00       0.00000000E+00       0.00000000E+00       0.00000000E+00       0.00000000E+00       0.00000000E+00       0.00000000E+00       0.00000000E+00       0.00000000E+00       0.00000000E+00       0.00000000E+00       0.00000000E+00       0.00000000E+00       0.00000000E+00       0.00000000E+00       0.00000000E+00       0.00000000E+00
      0.50467134E+02       0.00000000E+00       0.00000000E+00       0.00000000E+00       0.00000000E+00       0.00000000E+00       0.00000000E+00       0.00000000E+00       0.00000000E+00       0.00000000E+00       0.00000000E+00       0.00000000E+00       0.00000000E+00       0.00000000E+00       0.00000000E+00       0.00000000E+00       0.00000000E+00       0.00000000E+00       0.00000000E+00       0.00000000E+00       0.00000000E+00       0.00000000E+00       0.00000000E+00       0.00000000E+00       0.00000000E+00       0.00000000E+00       0.00000000E+00       0.00000000E+00
      0.50570207E+02       0.00000000E+00       0.00000000E+00       0.00000000E+00       0.00000000E+00       0.00000000E+00       0.00000000E+00       0.00000000E+00       0.00000000E+00       0.00000000E+00       0.00000000E+00       0.00000000E+00       0.00000000E+00       0.00000000E+00       0.00000000E+00       0.00000000E+00       0.00000000E+00       0.00000000E+00       0.00000000E+00       0.00000000E+00       0.00000000E+00       0.00000000E+00       0.00000000E+00       0.00000000E+00       0.00000000E+00       0.00000000E+00       0.00000000E+00       0.00000000E+00
      0.50673280E+02       0.00000000E+00       0.00000000E+00       0.00000000E+00       0.00000000E+00       0.00000000E+00       0.00000000E+00       0.00000000E+00       0.00000000E+00       0.00000000E+00       0.00000000E+00       0.00000000E+00       0.00000000E+00       0.00000000E+00       0.00000000E+00       0.00000000E+00       0.00000000E+00       0.00000000E+00       0.00000000E+00       0.00000000E+00       0.00000000E+00       0.00000000E+00       0.00000000E+00       0.00000000E+00       0.00000000E+00       0.00000000E+00       0.00000000E+00       0.00000000E+00
      0.50776354E+02       0.00000000E+00       0.00000000E+00       0.00000000E+00       0.00000000E+00       0.00000000E+00       0.00000000E+00       0.00000000E+00       0.00000000E+00       0.00000000E+00       0.00000000E+00       0.00000000E+00       0.00000000E+00       0.00000000E+00       0.00000000E+00       0.00000000E+00       0.00000000E+00       0.00000000E+00       0.00000000E+00       0.00000000E+00       0.00000000E+00       0.00000000E+00       0.00000000E+00       0.00000000E+00       0.00000000E+00       0.00000000E+00       0.00000000E+00       0.00000000E+00
      0.50879427E+02       0.00000000E+00       0.00000000E+00       0.00000000E+00       0.00000000E+00       0.00000000E+00       0.00000000E+00       0.00000000E+00       0.00000000E+00       0.00000000E+00       0.00000000E+00       0.00000000E+00       0.00000000E+00       0.00000000E+00       0.00000000E+00       0.00000000E+00       0.00000000E+00       0.00000000E+00       0.00000000E+00       0.00000000E+00       0.00000000E+00       0.00000000E+00       0.00000000E+00       0.00000000E+00       0.00000000E+00       0.00000000E+00       0.00000000E+00       0.00000000E+00
      0.50982501E+02       0.00000000E+00       0.00000000E+00       0.00000000E+00       0.00000000E+00       0.00000000E+00       0.00000000E+00       0.00000000E+00       0.00000000E+00       0.00000000E+00       0.00000000E+00       0.00000000E+00       0.00000000E+00       0.00000000E+00       0.00000000E+00       0.00000000E+00       0.00000000E+00       0.00000000E+00       0.00000000E+00       0.00000000E+00       0.00000000E+00       0.00000000E+00       0.00000000E+00       0.00000000E+00       0.00000000E+00       0.00000000E+00       0.00000000E+00       0.00000000E+00
      0.51085574E+02       0.00000000E+00       0.00000000E+00       0.00000000E+00       0.00000000E+00       0.00000000E+00       0.00000000E+00       0.00000000E+00       0.00000000E+00       0.00000000E+00       0.00000000E+00       0.00000000E+00       0.00000000E+00       0.00000000E+00       0.00000000E+00       0.00000000E+00       0.00000000E+00       0.00000000E+00       0.00000000E+00       0.00000000E+00       0.00000000E+00       0.00000000E+00       0.00000000E+00       0.00000000E+00       0.00000000E+00       0.00000000E+00       0.00000000E+00       0.00000000E+00
      0.51188648E+02       0.00000000E+00       0.00000000E+00       0.00000000E+00       0.00000000E+00       0.00000000E+00       0.00000000E+00       0.00000000E+00       0.00000000E+00       0.00000000E+00       0.00000000E+00       0.00000000E+00       0.00000000E+00       0.00000000E+00       0.00000000E+00       0.00000000E+00       0.00000000E+00       0.00000000E+00       0.00000000E+00       0.00000000E+00       0.00000000E+00       0.00000000E+00       0.00000000E+00       0.00000000E+00       0.00000000E+00       0.00000000E+00       0.00000000E+00       0.00000000E+00
      0.51291721E+02       0.00000000E+00       0.00000000E+00       0.00000000E+00       0.00000000E+00       0.00000000E+00       0.00000000E+00       0.00000000E+00       0.00000000E+00       0.00000000E+00       0.00000000E+00       0.00000000E+00       0.00000000E+00       0.00000000E+00       0.00000000E+00       0.00000000E+00       0.00000000E+00       0.00000000E+00       0.00000000E+00       0.00000000E+00       0.00000000E+00       0.00000000E+00       0.00000000E+00       0.00000000E+00       0.00000000E+00       0.00000000E+00       0.00000000E+00       0.00000000E+00
      0.51394795E+02       0.00000000E+00       0.00000000E+00       0.00000000E+00       0.00000000E+00       0.00000000E+00       0.00000000E+00       0.00000000E+00       0.00000000E+00       0.00000000E+00       0.00000000E+00       0.00000000E+00       0.00000000E+00       0.00000000E+00       0.00000000E+00       0.00000000E+00       0.00000000E+00       0.00000000E+00       0.00000000E+00       0.00000000E+00       0.00000000E+00       0.00000000E+00       0.00000000E+00       0.00000000E+00       0.00000000E+00       0.00000000E+00       0.00000000E+00       0.00000000E+00
      0.51497868E+02       0.00000000E+00       0.00000000E+00       0.00000000E+00       0.00000000E+00       0.00000000E+00       0.00000000E+00       0.00000000E+00       0.00000000E+00       0.00000000E+00       0.00000000E+00       0.00000000E+00       0.00000000E+00       0.00000000E+00       0.00000000E+00       0.00000000E+00       0.00000000E+00       0.00000000E+00       0.00000000E+00       0.00000000E+00       0.00000000E+00       0.00000000E+00       0.00000000E+00       0.00000000E+00       0.00000000E+00       0.00000000E+00       0.00000000E+00       0.00000000E+00
      0.51600941E+02       0.00000000E+00       0.00000000E+00       0.00000000E+00       0.00000000E+00       0.00000000E+00       0.00000000E+00       0.00000000E+00       0.00000000E+00       0.00000000E+00       0.00000000E+00       0.00000000E+00       0.00000000E+00       0.00000000E+00       0.00000000E+00       0.00000000E+00       0.00000000E+00       0.00000000E+00       0.00000000E+00       0.00000000E+00       0.00000000E+00       0.00000000E+00       0.00000000E+00       0.00000000E+00       0.00000000E+00       0.00000000E+00       0.00000000E+00       0.00000000E+00
      0.51704015E+02       0.00000000E+00       0.00000000E+00       0.00000000E+00       0.00000000E+00       0.00000000E+00       0.00000000E+00       0.00000000E+00       0.00000000E+00       0.00000000E+00       0.00000000E+00       0.00000000E+00       0.00000000E+00       0.00000000E+00       0.00000000E+00       0.00000000E+00       0.00000000E+00       0.00000000E+00       0.00000000E+00       0.00000000E+00       0.00000000E+00       0.00000000E+00       0.00000000E+00       0.00000000E+00       0.00000000E+00       0.00000000E+00       0.00000000E+00       0.00000000E+00
      0.51807088E+02       0.00000000E+00       0.00000000E+00       0.00000000E+00       0.00000000E+00       0.00000000E+00       0.00000000E+00       0.00000000E+00       0.00000000E+00       0.00000000E+00       0.00000000E+00       0.00000000E+00       0.00000000E+00       0.00000000E+00       0.00000000E+00       0.00000000E+00       0.00000000E+00       0.00000000E+00       0.00000000E+00       0.00000000E+00       0.00000000E+00       0.00000000E+00       0.00000000E+00       0.00000000E+00       0.00000000E+00       0.00000000E+00       0.00000000E+00       0.00000000E+00
      0.51910162E+02       0.00000000E+00       0.00000000E+00       0.00000000E+00       0.00000000E+00       0.00000000E+00       0.00000000E+00       0.00000000E+00       0.00000000E+00       0.00000000E+00       0.00000000E+00       0.00000000E+00       0.00000000E+00       0.00000000E+00       0.00000000E+00       0.00000000E+00       0.00000000E+00       0.00000000E+00       0.00000000E+00       0.00000000E+00       0.00000000E+00       0.00000000E+00       0.00000000E+00       0.00000000E+00       0.00000000E+00       0.00000000E+00       0.00000000E+00       0.00000000E+00
      0.52013235E+02       0.00000000E+00       0.00000000E+00       0.00000000E+00       0.00000000E+00       0.00000000E+00       0.00000000E+00       0.00000000E+00       0.00000000E+00       0.00000000E+00       0.00000000E+00       0.00000000E+00       0.00000000E+00       0.00000000E+00       0.00000000E+00       0.00000000E+00       0.00000000E+00       0.00000000E+00       0.00000000E+00       0.00000000E+00       0.00000000E+00       0.00000000E+00       0.00000000E+00       0.00000000E+00       0.00000000E+00       0.00000000E+00       0.00000000E+00       0.00000000E+00
      0.52116309E+02       0.00000000E+00       0.00000000E+00       0.00000000E+00       0.00000000E+00       0.00000000E+00       0.00000000E+00       0.00000000E+00       0.00000000E+00       0.00000000E+00       0.00000000E+00       0.00000000E+00       0.00000000E+00       0.00000000E+00       0.00000000E+00       0.00000000E+00       0.00000000E+00       0.00000000E+00       0.00000000E+00       0.00000000E+00       0.00000000E+00       0.00000000E+00       0.00000000E+00       0.00000000E+00       0.00000000E+00       0.00000000E+00       0.00000000E+00       0.00000000E+00
      0.52219382E+02       0.00000000E+00       0.00000000E+00       0.00000000E+00       0.00000000E+00       0.00000000E+00       0.00000000E+00       0.00000000E+00       0.00000000E+00       0.00000000E+00       0.00000000E+00       0.00000000E+00       0.00000000E+00       0.00000000E+00       0.00000000E+00       0.00000000E+00       0.00000000E+00       0.00000000E+00       0.00000000E+00       0.00000000E+00       0.00000000E+00       0.00000000E+00       0.00000000E+00       0.00000000E+00       0.00000000E+00       0.00000000E+00       0.00000000E+00       0.00000000E+00
      0.52322455E+02       0.00000000E+00       0.00000000E+00       0.00000000E+00       0.00000000E+00       0.00000000E+00       0.00000000E+00       0.00000000E+00       0.00000000E+00       0.00000000E+00       0.00000000E+00       0.00000000E+00       0.00000000E+00       0.00000000E+00       0.00000000E+00       0.00000000E+00       0.00000000E+00       0.00000000E+00       0.00000000E+00       0.00000000E+00       0.00000000E+00       0.00000000E+00       0.00000000E+00       0.00000000E+00       0.00000000E+00       0.00000000E+00       0.00000000E+00       0.00000000E+00
      0.52425529E+02       0.00000000E+00       0.00000000E+00       0.00000000E+00       0.00000000E+00       0.00000000E+00       0.00000000E+00       0.00000000E+00       0.00000000E+00       0.00000000E+00       0.00000000E+00       0.00000000E+00       0.00000000E+00       0.00000000E+00       0.00000000E+00       0.00000000E+00       0.00000000E+00       0.00000000E+00       0.00000000E+00       0.00000000E+00       0.00000000E+00       0.00000000E+00       0.00000000E+00       0.00000000E+00       0.00000000E+00       0.00000000E+00       0.00000000E+00       0.00000000E+00
      0.52528602E+02       0.00000000E+00       0.00000000E+00       0.00000000E+00       0.00000000E+00       0.00000000E+00       0.00000000E+00       0.00000000E+00       0.00000000E+00       0.00000000E+00       0.00000000E+00       0.00000000E+00       0.00000000E+00       0.00000000E+00       0.00000000E+00       0.00000000E+00       0.00000000E+00       0.00000000E+00       0.00000000E+00       0.00000000E+00       0.00000000E+00       0.00000000E+00       0.00000000E+00       0.00000000E+00       0.00000000E+00       0.00000000E+00       0.00000000E+00       0.00000000E+00
      0.52631676E+02       0.00000000E+00       0.00000000E+00       0.00000000E+00       0.00000000E+00       0.00000000E+00       0.00000000E+00       0.00000000E+00       0.00000000E+00       0.00000000E+00       0.00000000E+00       0.00000000E+00       0.00000000E+00       0.00000000E+00       0.00000000E+00       0.00000000E+00       0.00000000E+00       0.00000000E+00       0.00000000E+00       0.00000000E+00       0.00000000E+00       0.00000000E+00       0.00000000E+00       0.00000000E+00       0.00000000E+00       0.00000000E+00       0.00000000E+00       0.00000000E+00
      0.52734749E+02       0.00000000E+00       0.00000000E+00       0.00000000E+00       0.00000000E+00       0.00000000E+00       0.00000000E+00       0.00000000E+00       0.00000000E+00       0.00000000E+00       0.00000000E+00       0.00000000E+00       0.00000000E+00       0.00000000E+00       0.00000000E+00       0.00000000E+00       0.00000000E+00       0.00000000E+00       0.00000000E+00       0.00000000E+00       0.00000000E+00       0.00000000E+00       0.00000000E+00       0.00000000E+00       0.00000000E+00       0.00000000E+00       0.00000000E+00       0.00000000E+00
      0.52837823E+02       0.00000000E+00       0.00000000E+00       0.00000000E+00       0.00000000E+00       0.00000000E+00       0.00000000E+00       0.00000000E+00       0.00000000E+00       0.00000000E+00       0.00000000E+00       0.00000000E+00       0.00000000E+00       0.00000000E+00       0.00000000E+00       0.00000000E+00       0.00000000E+00       0.00000000E+00       0.00000000E+00       0.00000000E+00       0.00000000E+00       0.00000000E+00       0.00000000E+00       0.00000000E+00       0.00000000E+00       0.00000000E+00       0.00000000E+00       0.00000000E+00
      0.52940896E+02       0.00000000E+00       0.00000000E+00       0.00000000E+00       0.00000000E+00       0.00000000E+00       0.00000000E+00       0.00000000E+00       0.00000000E+00       0.00000000E+00       0.00000000E+00       0.00000000E+00       0.00000000E+00       0.00000000E+00       0.00000000E+00       0.00000000E+00       0.00000000E+00       0.00000000E+00       0.00000000E+00       0.00000000E+00       0.00000000E+00       0.00000000E+00       0.00000000E+00       0.00000000E+00       0.00000000E+00       0.00000000E+00       0.00000000E+00       0.00000000E+00
      0.53043969E+02       0.00000000E+00       0.00000000E+00       0.00000000E+00       0.00000000E+00       0.00000000E+00       0.00000000E+00       0.00000000E+00       0.00000000E+00       0.00000000E+00       0.00000000E+00       0.00000000E+00       0.00000000E+00       0.00000000E+00       0.00000000E+00       0.00000000E+00       0.00000000E+00       0.00000000E+00       0.00000000E+00       0.00000000E+00       0.00000000E+00       0.00000000E+00       0.00000000E+00       0.00000000E+00       0.00000000E+00       0.00000000E+00       0.00000000E+00       0.00000000E+00
      0.53147043E+02       0.00000000E+00       0.00000000E+00       0.00000000E+00       0.00000000E+00       0.00000000E+00       0.00000000E+00       0.00000000E+00       0.00000000E+00       0.00000000E+00       0.00000000E+00       0.00000000E+00       0.00000000E+00       0.00000000E+00       0.00000000E+00       0.00000000E+00       0.00000000E+00       0.00000000E+00       0.00000000E+00       0.00000000E+00       0.00000000E+00       0.00000000E+00       0.00000000E+00       0.00000000E+00       0.00000000E+00       0.00000000E+00       0.00000000E+00       0.00000000E+00
      0.53250116E+02       0.00000000E+00       0.00000000E+00       0.00000000E+00       0.00000000E+00       0.00000000E+00       0.00000000E+00       0.00000000E+00       0.00000000E+00       0.00000000E+00       0.00000000E+00       0.00000000E+00       0.00000000E+00       0.00000000E+00       0.00000000E+00       0.00000000E+00       0.00000000E+00       0.00000000E+00       0.00000000E+00       0.00000000E+00       0.00000000E+00       0.00000000E+00       0.00000000E+00       0.00000000E+00       0.00000000E+00       0.00000000E+00       0.00000000E+00       0.00000000E+00
      0.53353190E+02       0.00000000E+00       0.00000000E+00       0.00000000E+00       0.00000000E+00       0.00000000E+00       0.00000000E+00       0.00000000E+00       0.00000000E+00       0.00000000E+00       0.00000000E+00       0.00000000E+00       0.00000000E+00       0.00000000E+00       0.00000000E+00       0.00000000E+00       0.00000000E+00       0.00000000E+00       0.00000000E+00       0.00000000E+00       0.00000000E+00       0.00000000E+00       0.00000000E+00       0.00000000E+00       0.00000000E+00       0.00000000E+00       0.00000000E+00       0.00000000E+00
      0.53456263E+02       0.00000000E+00       0.00000000E+00       0.00000000E+00       0.00000000E+00       0.00000000E+00       0.00000000E+00       0.00000000E+00       0.00000000E+00       0.00000000E+00       0.00000000E+00       0.00000000E+00       0.00000000E+00       0.00000000E+00       0.00000000E+00       0.00000000E+00       0.00000000E+00       0.00000000E+00       0.00000000E+00       0.00000000E+00       0.00000000E+00       0.00000000E+00       0.00000000E+00       0.00000000E+00       0.00000000E+00       0.00000000E+00       0.00000000E+00       0.00000000E+00
      0.53559337E+02       0.00000000E+00       0.00000000E+00       0.00000000E+00       0.00000000E+00       0.00000000E+00       0.00000000E+00       0.00000000E+00       0.00000000E+00       0.00000000E+00       0.00000000E+00       0.00000000E+00       0.00000000E+00       0.00000000E+00       0.00000000E+00       0.00000000E+00       0.00000000E+00       0.00000000E+00       0.00000000E+00       0.00000000E+00       0.00000000E+00       0.00000000E+00       0.00000000E+00       0.00000000E+00       0.00000000E+00       0.00000000E+00       0.00000000E+00       0.00000000E+00
      0.53662410E+02       0.00000000E+00       0.00000000E+00       0.00000000E+00       0.00000000E+00       0.00000000E+00       0.00000000E+00       0.00000000E+00       0.00000000E+00       0.00000000E+00       0.00000000E+00       0.00000000E+00       0.00000000E+00       0.00000000E+00       0.00000000E+00       0.00000000E+00       0.00000000E+00       0.00000000E+00       0.00000000E+00       0.00000000E+00       0.00000000E+00       0.00000000E+00       0.00000000E+00       0.00000000E+00       0.00000000E+00       0.00000000E+00       0.00000000E+00       0.00000000E+00
      0.53765483E+02       0.00000000E+00       0.00000000E+00       0.00000000E+00       0.00000000E+00       0.00000000E+00       0.00000000E+00       0.00000000E+00       0.00000000E+00       0.00000000E+00       0.00000000E+00       0.00000000E+00       0.00000000E+00       0.00000000E+00       0.00000000E+00       0.00000000E+00       0.00000000E+00       0.00000000E+00       0.00000000E+00       0.00000000E+00       0.00000000E+00       0.00000000E+00       0.00000000E+00       0.00000000E+00       0.00000000E+00       0.00000000E+00       0.00000000E+00       0.00000000E+00
      0.53868557E+02       0.00000000E+00       0.00000000E+00       0.00000000E+00       0.00000000E+00       0.00000000E+00       0.00000000E+00       0.00000000E+00       0.00000000E+00       0.00000000E+00       0.00000000E+00       0.00000000E+00       0.00000000E+00       0.00000000E+00       0.00000000E+00       0.00000000E+00       0.00000000E+00       0.00000000E+00       0.00000000E+00       0.00000000E+00       0.00000000E+00       0.00000000E+00       0.00000000E+00       0.00000000E+00       0.00000000E+00       0.00000000E+00       0.00000000E+00       0.00000000E+00
      0.53971630E+02       0.00000000E+00       0.00000000E+00       0.00000000E+00       0.00000000E+00       0.00000000E+00       0.00000000E+00       0.00000000E+00       0.00000000E+00       0.00000000E+00       0.00000000E+00       0.00000000E+00       0.00000000E+00       0.00000000E+00       0.00000000E+00       0.00000000E+00       0.00000000E+00       0.00000000E+00       0.00000000E+00       0.00000000E+00       0.00000000E+00       0.00000000E+00       0.00000000E+00       0.00000000E+00       0.00000000E+00       0.00000000E+00       0.00000000E+00       0.00000000E+00
      0.54074704E+02       0.00000000E+00       0.00000000E+00       0.00000000E+00       0.00000000E+00       0.00000000E+00       0.00000000E+00       0.00000000E+00       0.00000000E+00       0.00000000E+00       0.00000000E+00       0.00000000E+00       0.00000000E+00       0.00000000E+00       0.00000000E+00       0.00000000E+00       0.00000000E+00       0.00000000E+00       0.00000000E+00       0.00000000E+00       0.00000000E+00       0.00000000E+00       0.00000000E+00       0.00000000E+00       0.00000000E+00       0.00000000E+00       0.00000000E+00       0.00000000E+00
      0.54177777E+02       0.00000000E+00       0.00000000E+00       0.00000000E+00       0.00000000E+00       0.00000000E+00       0.00000000E+00       0.00000000E+00       0.00000000E+00       0.00000000E+00       0.00000000E+00       0.00000000E+00       0.00000000E+00       0.00000000E+00       0.00000000E+00       0.00000000E+00       0.00000000E+00       0.00000000E+00       0.00000000E+00       0.00000000E+00       0.00000000E+00       0.00000000E+00       0.00000000E+00       0.00000000E+00       0.00000000E+00       0.00000000E+00       0.00000000E+00       0.00000000E+00
      0.54280851E+02       0.00000000E+00       0.00000000E+00       0.00000000E+00       0.00000000E+00       0.00000000E+00       0.00000000E+00       0.00000000E+00       0.00000000E+00       0.00000000E+00       0.00000000E+00       0.00000000E+00       0.00000000E+00       0.00000000E+00       0.00000000E+00       0.00000000E+00       0.00000000E+00       0.00000000E+00       0.00000000E+00       0.00000000E+00       0.00000000E+00       0.00000000E+00       0.00000000E+00       0.00000000E+00       0.00000000E+00       0.00000000E+00       0.00000000E+00       0.00000000E+00
      0.54383924E+02       0.00000000E+00       0.00000000E+00       0.00000000E+00       0.00000000E+00       0.00000000E+00       0.00000000E+00       0.00000000E+00       0.00000000E+00       0.00000000E+00       0.00000000E+00       0.00000000E+00       0.00000000E+00       0.00000000E+00       0.00000000E+00       0.00000000E+00       0.00000000E+00       0.00000000E+00       0.00000000E+00       0.00000000E+00       0.00000000E+00       0.00000000E+00       0.00000000E+00       0.00000000E+00       0.00000000E+00       0.00000000E+00       0.00000000E+00       0.00000000E+00
      0.54486997E+02       0.00000000E+00       0.00000000E+00       0.00000000E+00       0.00000000E+00       0.00000000E+00       0.00000000E+00       0.00000000E+00       0.00000000E+00       0.00000000E+00       0.00000000E+00       0.00000000E+00       0.00000000E+00       0.00000000E+00       0.00000000E+00       0.00000000E+00       0.00000000E+00       0.00000000E+00       0.00000000E+00       0.00000000E+00       0.00000000E+00       0.00000000E+00       0.00000000E+00       0.00000000E+00       0.00000000E+00       0.00000000E+00       0.00000000E+00       0.00000000E+00
      0.54590071E+02       0.00000000E+00       0.00000000E+00       0.00000000E+00       0.00000000E+00       0.00000000E+00       0.00000000E+00       0.00000000E+00       0.00000000E+00       0.00000000E+00       0.00000000E+00       0.00000000E+00       0.00000000E+00       0.00000000E+00       0.00000000E+00       0.00000000E+00       0.00000000E+00       0.00000000E+00       0.00000000E+00       0.00000000E+00       0.00000000E+00       0.00000000E+00       0.00000000E+00       0.00000000E+00       0.00000000E+00       0.00000000E+00       0.00000000E+00       0.00000000E+00
      0.54693144E+02       0.00000000E+00       0.00000000E+00       0.00000000E+00       0.00000000E+00       0.00000000E+00       0.00000000E+00       0.00000000E+00       0.00000000E+00       0.00000000E+00       0.00000000E+00       0.00000000E+00       0.00000000E+00       0.00000000E+00       0.00000000E+00       0.00000000E+00       0.00000000E+00       0.00000000E+00       0.00000000E+00       0.00000000E+00       0.00000000E+00       0.00000000E+00       0.00000000E+00       0.00000000E+00       0.00000000E+00       0.00000000E+00       0.00000000E+00       0.00000000E+00
      0.54796218E+02       0.00000000E+00       0.00000000E+00       0.00000000E+00       0.00000000E+00       0.00000000E+00       0.00000000E+00       0.00000000E+00       0.00000000E+00       0.00000000E+00       0.00000000E+00       0.00000000E+00       0.00000000E+00       0.00000000E+00       0.00000000E+00       0.00000000E+00       0.00000000E+00       0.00000000E+00       0.00000000E+00       0.00000000E+00       0.00000000E+00       0.00000000E+00       0.00000000E+00       0.00000000E+00       0.00000000E+00       0.00000000E+00       0.00000000E+00       0.00000000E+00
      0.54899291E+02       0.00000000E+00       0.00000000E+00       0.00000000E+00       0.00000000E+00       0.00000000E+00       0.00000000E+00       0.00000000E+00       0.00000000E+00       0.00000000E+00       0.00000000E+00       0.00000000E+00       0.00000000E+00       0.00000000E+00       0.00000000E+00       0.00000000E+00       0.00000000E+00       0.00000000E+00       0.00000000E+00       0.00000000E+00       0.00000000E+00       0.00000000E+00       0.00000000E+00       0.00000000E+00       0.00000000E+00       0.00000000E+00       0.00000000E+00       0.00000000E+00
      0.55002365E+02       0.00000000E+00       0.00000000E+00       0.00000000E+00       0.00000000E+00       0.00000000E+00       0.00000000E+00       0.00000000E+00       0.00000000E+00       0.00000000E+00       0.00000000E+00       0.00000000E+00       0.00000000E+00       0.00000000E+00       0.00000000E+00       0.00000000E+00       0.00000000E+00       0.00000000E+00       0.00000000E+00       0.00000000E+00       0.00000000E+00       0.00000000E+00       0.00000000E+00       0.00000000E+00       0.00000000E+00       0.00000000E+00       0.00000000E+00       0.00000000E+00
      0.55105438E+02       0.00000000E+00       0.00000000E+00       0.00000000E+00       0.00000000E+00       0.00000000E+00       0.00000000E+00       0.00000000E+00       0.00000000E+00       0.00000000E+00       0.00000000E+00       0.00000000E+00       0.00000000E+00       0.00000000E+00       0.00000000E+00       0.00000000E+00       0.00000000E+00       0.00000000E+00       0.00000000E+00       0.00000000E+00       0.00000000E+00       0.00000000E+00       0.00000000E+00       0.00000000E+00       0.00000000E+00       0.00000000E+00       0.00000000E+00       0.00000000E+00
      0.55208512E+02       0.00000000E+00       0.00000000E+00       0.00000000E+00       0.00000000E+00       0.00000000E+00       0.00000000E+00       0.00000000E+00       0.00000000E+00       0.00000000E+00       0.00000000E+00       0.00000000E+00       0.00000000E+00       0.00000000E+00       0.00000000E+00       0.00000000E+00       0.00000000E+00       0.00000000E+00       0.00000000E+00       0.00000000E+00       0.00000000E+00       0.00000000E+00       0.00000000E+00       0.00000000E+00       0.00000000E+00       0.00000000E+00       0.00000000E+00       0.00000000E+00
      0.55311585E+02       0.00000000E+00       0.00000000E+00       0.00000000E+00       0.00000000E+00       0.00000000E+00       0.00000000E+00       0.00000000E+00       0.00000000E+00       0.00000000E+00       0.00000000E+00       0.00000000E+00       0.00000000E+00       0.00000000E+00       0.00000000E+00       0.00000000E+00       0.00000000E+00       0.00000000E+00       0.00000000E+00       0.00000000E+00       0.00000000E+00       0.00000000E+00       0.00000000E+00       0.00000000E+00       0.00000000E+00       0.00000000E+00       0.00000000E+00       0.00000000E+00
      0.55414658E+02       0.00000000E+00       0.00000000E+00       0.00000000E+00       0.00000000E+00       0.00000000E+00       0.00000000E+00       0.00000000E+00       0.00000000E+00       0.00000000E+00       0.00000000E+00       0.00000000E+00       0.00000000E+00       0.00000000E+00       0.00000000E+00       0.00000000E+00       0.00000000E+00       0.00000000E+00       0.00000000E+00       0.00000000E+00       0.00000000E+00       0.00000000E+00       0.00000000E+00       0.00000000E+00       0.00000000E+00       0.00000000E+00       0.00000000E+00       0.00000000E+00
      0.55517732E+02       0.00000000E+00       0.00000000E+00       0.00000000E+00       0.00000000E+00       0.00000000E+00       0.00000000E+00       0.00000000E+00       0.00000000E+00       0.00000000E+00       0.00000000E+00       0.00000000E+00       0.00000000E+00       0.00000000E+00       0.00000000E+00       0.00000000E+00       0.00000000E+00       0.00000000E+00       0.00000000E+00       0.00000000E+00       0.00000000E+00       0.00000000E+00       0.00000000E+00       0.00000000E+00       0.00000000E+00       0.00000000E+00       0.00000000E+00       0.00000000E+00
      0.55620805E+02       0.00000000E+00       0.00000000E+00       0.00000000E+00       0.00000000E+00       0.00000000E+00       0.00000000E+00       0.00000000E+00       0.00000000E+00       0.00000000E+00       0.00000000E+00       0.00000000E+00       0.00000000E+00       0.00000000E+00       0.00000000E+00       0.00000000E+00       0.00000000E+00       0.00000000E+00       0.00000000E+00       0.00000000E+00       0.00000000E+00       0.00000000E+00       0.00000000E+00       0.00000000E+00       0.00000000E+00       0.00000000E+00       0.00000000E+00       0.00000000E+00
      0.55723879E+02       0.00000000E+00       0.00000000E+00       0.00000000E+00       0.00000000E+00       0.00000000E+00       0.00000000E+00       0.00000000E+00       0.00000000E+00       0.00000000E+00       0.00000000E+00       0.00000000E+00       0.00000000E+00       0.00000000E+00       0.00000000E+00       0.00000000E+00       0.00000000E+00       0.00000000E+00       0.00000000E+00       0.00000000E+00       0.00000000E+00       0.00000000E+00       0.00000000E+00       0.00000000E+00       0.00000000E+00       0.00000000E+00       0.00000000E+00       0.00000000E+00
      0.55826952E+02       0.00000000E+00       0.00000000E+00       0.00000000E+00       0.00000000E+00       0.00000000E+00       0.00000000E+00       0.00000000E+00       0.00000000E+00       0.00000000E+00       0.00000000E+00       0.00000000E+00       0.00000000E+00       0.00000000E+00       0.00000000E+00       0.00000000E+00       0.00000000E+00       0.00000000E+00       0.00000000E+00       0.00000000E+00       0.00000000E+00       0.00000000E+00       0.00000000E+00       0.00000000E+00       0.00000000E+00       0.00000000E+00       0.00000000E+00       0.00000000E+00
      0.55930026E+02       0.00000000E+00       0.00000000E+00       0.00000000E+00       0.00000000E+00       0.00000000E+00       0.00000000E+00       0.00000000E+00       0.00000000E+00       0.00000000E+00       0.00000000E+00       0.00000000E+00       0.00000000E+00       0.00000000E+00       0.00000000E+00       0.00000000E+00       0.00000000E+00       0.00000000E+00       0.00000000E+00       0.00000000E+00       0.00000000E+00       0.00000000E+00       0.00000000E+00       0.00000000E+00       0.00000000E+00       0.00000000E+00       0.00000000E+00       0.00000000E+00
      0.56033099E+02       0.00000000E+00       0.00000000E+00       0.00000000E+00       0.00000000E+00       0.00000000E+00       0.00000000E+00       0.00000000E+00       0.00000000E+00       0.00000000E+00       0.00000000E+00       0.00000000E+00       0.00000000E+00       0.00000000E+00       0.00000000E+00       0.00000000E+00       0.00000000E+00       0.00000000E+00       0.00000000E+00       0.00000000E+00       0.00000000E+00       0.00000000E+00       0.00000000E+00       0.00000000E+00       0.00000000E+00       0.00000000E+00       0.00000000E+00       0.00000000E+00
      0.56136172E+02       0.00000000E+00       0.00000000E+00       0.00000000E+00       0.00000000E+00       0.00000000E+00       0.00000000E+00       0.00000000E+00       0.00000000E+00       0.00000000E+00       0.00000000E+00       0.00000000E+00       0.00000000E+00       0.00000000E+00       0.00000000E+00       0.00000000E+00       0.00000000E+00       0.00000000E+00       0.00000000E+00       0.00000000E+00       0.00000000E+00       0.00000000E+00       0.00000000E+00       0.00000000E+00       0.00000000E+00       0.00000000E+00       0.00000000E+00       0.00000000E+00
      0.56239246E+02       0.00000000E+00       0.00000000E+00       0.00000000E+00       0.00000000E+00       0.00000000E+00       0.00000000E+00       0.00000000E+00       0.00000000E+00       0.00000000E+00       0.00000000E+00       0.00000000E+00       0.00000000E+00       0.00000000E+00       0.00000000E+00       0.00000000E+00       0.00000000E+00       0.00000000E+00       0.00000000E+00       0.00000000E+00       0.00000000E+00       0.00000000E+00       0.00000000E+00       0.00000000E+00       0.00000000E+00       0.00000000E+00       0.00000000E+00       0.00000000E+00
      0.56342319E+02       0.00000000E+00       0.00000000E+00       0.00000000E+00       0.00000000E+00       0.00000000E+00       0.00000000E+00       0.00000000E+00       0.00000000E+00       0.00000000E+00       0.00000000E+00       0.00000000E+00       0.00000000E+00       0.00000000E+00       0.00000000E+00       0.00000000E+00       0.00000000E+00       0.00000000E+00       0.00000000E+00       0.00000000E+00       0.00000000E+00       0.00000000E+00       0.00000000E+00       0.00000000E+00       0.00000000E+00       0.00000000E+00       0.00000000E+00       0.00000000E+00
      0.56445393E+02       0.00000000E+00       0.00000000E+00       0.00000000E+00       0.00000000E+00       0.00000000E+00       0.00000000E+00       0.00000000E+00       0.00000000E+00       0.00000000E+00       0.00000000E+00       0.00000000E+00       0.00000000E+00       0.00000000E+00       0.00000000E+00       0.00000000E+00       0.00000000E+00       0.00000000E+00       0.00000000E+00       0.00000000E+00       0.00000000E+00       0.00000000E+00       0.00000000E+00       0.00000000E+00       0.00000000E+00       0.00000000E+00       0.00000000E+00       0.00000000E+00
      0.56548466E+02       0.00000000E+00       0.00000000E+00       0.00000000E+00       0.00000000E+00       0.00000000E+00       0.00000000E+00       0.00000000E+00       0.00000000E+00       0.00000000E+00       0.00000000E+00       0.00000000E+00       0.00000000E+00       0.00000000E+00       0.00000000E+00       0.00000000E+00       0.00000000E+00       0.00000000E+00       0.00000000E+00       0.00000000E+00       0.00000000E+00       0.00000000E+00       0.00000000E+00       0.00000000E+00       0.00000000E+00       0.00000000E+00       0.00000000E+00       0.00000000E+00
      0.56651540E+02       0.00000000E+00       0.00000000E+00       0.00000000E+00       0.00000000E+00       0.00000000E+00       0.00000000E+00       0.00000000E+00       0.00000000E+00       0.00000000E+00       0.00000000E+00       0.00000000E+00       0.00000000E+00       0.00000000E+00       0.00000000E+00       0.00000000E+00       0.00000000E+00       0.00000000E+00       0.00000000E+00       0.00000000E+00       0.00000000E+00       0.00000000E+00       0.00000000E+00       0.00000000E+00       0.00000000E+00       0.00000000E+00       0.00000000E+00       0.00000000E+00
      0.56754613E+02       0.00000000E+00       0.00000000E+00       0.00000000E+00       0.00000000E+00       0.00000000E+00       0.00000000E+00       0.00000000E+00       0.00000000E+00       0.00000000E+00       0.00000000E+00       0.00000000E+00       0.00000000E+00       0.00000000E+00       0.00000000E+00       0.00000000E+00       0.00000000E+00       0.00000000E+00       0.00000000E+00       0.00000000E+00       0.00000000E+00       0.00000000E+00       0.00000000E+00       0.00000000E+00       0.00000000E+00       0.00000000E+00       0.00000000E+00       0.00000000E+00
      0.56857686E+02       0.00000000E+00       0.00000000E+00       0.00000000E+00       0.00000000E+00       0.00000000E+00       0.00000000E+00       0.00000000E+00       0.00000000E+00       0.00000000E+00       0.00000000E+00       0.00000000E+00       0.00000000E+00       0.00000000E+00       0.00000000E+00       0.00000000E+00       0.00000000E+00       0.00000000E+00       0.00000000E+00       0.00000000E+00       0.00000000E+00       0.00000000E+00       0.00000000E+00       0.00000000E+00       0.00000000E+00       0.00000000E+00       0.00000000E+00       0.00000000E+00
      0.56960760E+02       0.00000000E+00       0.00000000E+00       0.00000000E+00       0.00000000E+00       0.00000000E+00       0.00000000E+00       0.00000000E+00       0.00000000E+00       0.00000000E+00       0.00000000E+00       0.00000000E+00       0.00000000E+00       0.00000000E+00       0.00000000E+00       0.00000000E+00       0.00000000E+00       0.00000000E+00       0.00000000E+00       0.00000000E+00       0.00000000E+00       0.00000000E+00       0.00000000E+00       0.00000000E+00       0.00000000E+00       0.00000000E+00       0.00000000E+00       0.00000000E+00
      0.57063833E+02       0.00000000E+00       0.00000000E+00       0.00000000E+00       0.00000000E+00       0.00000000E+00       0.00000000E+00       0.00000000E+00       0.00000000E+00       0.00000000E+00       0.00000000E+00       0.00000000E+00       0.00000000E+00       0.00000000E+00       0.00000000E+00       0.00000000E+00       0.00000000E+00       0.00000000E+00       0.00000000E+00       0.00000000E+00       0.00000000E+00       0.00000000E+00       0.00000000E+00       0.00000000E+00       0.00000000E+00       0.00000000E+00       0.00000000E+00       0.00000000E+00
      0.57166907E+02       0.00000000E+00       0.00000000E+00       0.00000000E+00       0.00000000E+00       0.00000000E+00       0.00000000E+00       0.00000000E+00       0.00000000E+00       0.00000000E+00       0.00000000E+00       0.00000000E+00       0.00000000E+00       0.00000000E+00       0.00000000E+00       0.00000000E+00       0.00000000E+00       0.00000000E+00       0.00000000E+00       0.00000000E+00       0.00000000E+00       0.00000000E+00       0.00000000E+00       0.00000000E+00       0.00000000E+00       0.00000000E+00       0.00000000E+00       0.00000000E+00
      0.57269980E+02       0.00000000E+00       0.00000000E+00       0.00000000E+00       0.00000000E+00       0.00000000E+00       0.00000000E+00       0.00000000E+00       0.00000000E+00       0.00000000E+00       0.00000000E+00       0.00000000E+00       0.00000000E+00       0.00000000E+00       0.00000000E+00       0.00000000E+00       0.00000000E+00       0.00000000E+00       0.00000000E+00       0.00000000E+00       0.00000000E+00       0.00000000E+00       0.00000000E+00       0.00000000E+00       0.00000000E+00       0.00000000E+00       0.00000000E+00       0.00000000E+00
      0.57373054E+02       0.00000000E+00       0.00000000E+00       0.00000000E+00       0.00000000E+00       0.00000000E+00       0.00000000E+00       0.00000000E+00       0.00000000E+00       0.00000000E+00       0.00000000E+00       0.00000000E+00       0.00000000E+00       0.00000000E+00       0.00000000E+00       0.00000000E+00       0.00000000E+00       0.00000000E+00       0.00000000E+00       0.00000000E+00       0.00000000E+00       0.00000000E+00       0.00000000E+00       0.00000000E+00       0.00000000E+00       0.00000000E+00       0.00000000E+00       0.00000000E+00
      0.57476127E+02       0.00000000E+00       0.00000000E+00       0.00000000E+00       0.00000000E+00       0.00000000E+00       0.00000000E+00       0.00000000E+00       0.00000000E+00       0.00000000E+00       0.00000000E+00       0.00000000E+00       0.00000000E+00       0.00000000E+00       0.00000000E+00       0.00000000E+00       0.00000000E+00       0.00000000E+00       0.00000000E+00       0.00000000E+00       0.00000000E+00       0.00000000E+00       0.00000000E+00       0.00000000E+00       0.00000000E+00       0.00000000E+00       0.00000000E+00       0.00000000E+00
      0.57579200E+02       0.00000000E+00       0.00000000E+00       0.00000000E+00       0.00000000E+00       0.00000000E+00       0.00000000E+00       0.00000000E+00       0.00000000E+00       0.00000000E+00       0.00000000E+00       0.00000000E+00       0.00000000E+00       0.00000000E+00       0.00000000E+00       0.00000000E+00       0.00000000E+00       0.00000000E+00       0.00000000E+00       0.00000000E+00       0.00000000E+00       0.00000000E+00       0.00000000E+00       0.00000000E+00       0.00000000E+00       0.00000000E+00       0.00000000E+00       0.00000000E+00
      0.57682274E+02       0.00000000E+00       0.00000000E+00       0.00000000E+00       0.00000000E+00       0.00000000E+00       0.00000000E+00       0.00000000E+00       0.00000000E+00       0.00000000E+00       0.00000000E+00       0.00000000E+00       0.00000000E+00       0.00000000E+00       0.00000000E+00       0.00000000E+00       0.00000000E+00       0.00000000E+00       0.00000000E+00       0.00000000E+00       0.00000000E+00       0.00000000E+00       0.00000000E+00       0.00000000E+00       0.00000000E+00       0.00000000E+00       0.00000000E+00       0.00000000E+00
      0.57785347E+02       0.00000000E+00       0.00000000E+00       0.00000000E+00       0.00000000E+00       0.00000000E+00       0.00000000E+00       0.00000000E+00       0.00000000E+00       0.00000000E+00       0.00000000E+00       0.00000000E+00       0.00000000E+00       0.00000000E+00       0.00000000E+00       0.00000000E+00       0.00000000E+00       0.00000000E+00       0.00000000E+00       0.00000000E+00       0.00000000E+00       0.00000000E+00       0.00000000E+00       0.00000000E+00       0.00000000E+00       0.00000000E+00       0.00000000E+00       0.00000000E+00
      0.57888421E+02       0.00000000E+00       0.00000000E+00       0.00000000E+00       0.00000000E+00       0.00000000E+00       0.00000000E+00       0.00000000E+00       0.00000000E+00       0.00000000E+00       0.00000000E+00       0.00000000E+00       0.00000000E+00       0.00000000E+00       0.00000000E+00       0.00000000E+00       0.00000000E+00       0.00000000E+00       0.00000000E+00       0.00000000E+00       0.00000000E+00       0.00000000E+00       0.00000000E+00       0.00000000E+00       0.00000000E+00       0.00000000E+00       0.00000000E+00       0.00000000E+00
      0.57991494E+02       0.00000000E+00       0.00000000E+00       0.00000000E+00       0.00000000E+00       0.00000000E+00       0.00000000E+00       0.00000000E+00       0.00000000E+00       0.00000000E+00       0.00000000E+00       0.00000000E+00       0.00000000E+00       0.00000000E+00       0.00000000E+00       0.00000000E+00       0.00000000E+00       0.00000000E+00       0.00000000E+00       0.00000000E+00       0.00000000E+00       0.00000000E+00       0.00000000E+00       0.00000000E+00       0.00000000E+00       0.00000000E+00       0.00000000E+00       0.00000000E+00
      0.58094568E+02       0.00000000E+00       0.00000000E+00       0.00000000E+00       0.00000000E+00       0.00000000E+00       0.00000000E+00       0.00000000E+00       0.00000000E+00       0.00000000E+00       0.00000000E+00       0.00000000E+00       0.00000000E+00       0.00000000E+00       0.00000000E+00       0.00000000E+00       0.00000000E+00       0.00000000E+00       0.00000000E+00       0.00000000E+00       0.00000000E+00       0.00000000E+00       0.00000000E+00       0.00000000E+00       0.00000000E+00       0.00000000E+00       0.00000000E+00       0.00000000E+00
      0.58197641E+02       0.00000000E+00       0.00000000E+00       0.00000000E+00       0.00000000E+00       0.00000000E+00       0.00000000E+00       0.00000000E+00       0.00000000E+00       0.00000000E+00       0.00000000E+00       0.00000000E+00       0.00000000E+00       0.00000000E+00       0.00000000E+00       0.00000000E+00       0.00000000E+00       0.00000000E+00       0.00000000E+00       0.00000000E+00       0.00000000E+00       0.00000000E+00       0.00000000E+00       0.00000000E+00       0.00000000E+00       0.00000000E+00       0.00000000E+00       0.00000000E+00
      0.58300715E+02       0.00000000E+00       0.00000000E+00       0.00000000E+00       0.00000000E+00       0.00000000E+00       0.00000000E+00       0.00000000E+00       0.00000000E+00       0.00000000E+00       0.00000000E+00       0.00000000E+00       0.00000000E+00       0.00000000E+00       0.00000000E+00       0.00000000E+00       0.00000000E+00       0.00000000E+00       0.00000000E+00       0.00000000E+00       0.00000000E+00       0.00000000E+00       0.00000000E+00       0.00000000E+00       0.00000000E+00       0.00000000E+00       0.00000000E+00       0.00000000E+00
      0.58403788E+02       0.00000000E+00       0.00000000E+00       0.00000000E+00       0.00000000E+00       0.00000000E+00       0.00000000E+00       0.00000000E+00       0.00000000E+00       0.00000000E+00       0.00000000E+00       0.00000000E+00       0.00000000E+00       0.00000000E+00       0.00000000E+00       0.00000000E+00       0.00000000E+00       0.00000000E+00       0.00000000E+00       0.00000000E+00       0.00000000E+00       0.00000000E+00       0.00000000E+00       0.00000000E+00       0.00000000E+00       0.00000000E+00       0.00000000E+00       0.00000000E+00
      0.58506861E+02       0.00000000E+00       0.00000000E+00       0.00000000E+00       0.00000000E+00       0.00000000E+00       0.00000000E+00       0.00000000E+00       0.00000000E+00       0.00000000E+00       0.00000000E+00       0.00000000E+00       0.00000000E+00       0.00000000E+00       0.00000000E+00       0.00000000E+00       0.00000000E+00       0.00000000E+00       0.00000000E+00       0.00000000E+00       0.00000000E+00       0.00000000E+00       0.00000000E+00       0.00000000E+00       0.00000000E+00       0.00000000E+00       0.00000000E+00       0.00000000E+00
      0.58609935E+02       0.00000000E+00       0.00000000E+00       0.00000000E+00       0.00000000E+00       0.00000000E+00       0.00000000E+00       0.00000000E+00       0.00000000E+00       0.00000000E+00       0.00000000E+00       0.00000000E+00       0.00000000E+00       0.00000000E+00       0.00000000E+00       0.00000000E+00       0.00000000E+00       0.00000000E+00       0.00000000E+00       0.00000000E+00       0.00000000E+00       0.00000000E+00       0.00000000E+00       0.00000000E+00       0.00000000E+00       0.00000000E+00       0.00000000E+00       0.00000000E+00
      0.58713008E+02       0.00000000E+00       0.00000000E+00       0.00000000E+00       0.00000000E+00       0.00000000E+00       0.00000000E+00       0.00000000E+00       0.00000000E+00       0.00000000E+00       0.00000000E+00       0.00000000E+00       0.00000000E+00       0.00000000E+00       0.00000000E+00       0.00000000E+00       0.00000000E+00       0.00000000E+00       0.00000000E+00       0.00000000E+00       0.00000000E+00       0.00000000E+00       0.00000000E+00       0.00000000E+00       0.00000000E+00       0.00000000E+00       0.00000000E+00       0.00000000E+00
      0.58816082E+02       0.00000000E+00       0.00000000E+00       0.00000000E+00       0.00000000E+00       0.00000000E+00       0.00000000E+00       0.00000000E+00       0.00000000E+00       0.00000000E+00       0.00000000E+00       0.00000000E+00       0.00000000E+00       0.00000000E+00       0.00000000E+00       0.00000000E+00       0.00000000E+00       0.00000000E+00       0.00000000E+00       0.00000000E+00       0.00000000E+00       0.00000000E+00       0.00000000E+00       0.00000000E+00       0.00000000E+00       0.00000000E+00       0.00000000E+00       0.00000000E+00
      0.58919155E+02       0.00000000E+00       0.00000000E+00       0.00000000E+00       0.00000000E+00       0.00000000E+00       0.00000000E+00       0.00000000E+00       0.00000000E+00       0.00000000E+00       0.00000000E+00       0.00000000E+00       0.00000000E+00       0.00000000E+00       0.00000000E+00       0.00000000E+00       0.00000000E+00       0.00000000E+00       0.00000000E+00       0.00000000E+00       0.00000000E+00       0.00000000E+00       0.00000000E+00       0.00000000E+00       0.00000000E+00       0.00000000E+00       0.00000000E+00       0.00000000E+00
      0.59022229E+02       0.00000000E+00       0.00000000E+00       0.00000000E+00       0.00000000E+00       0.00000000E+00       0.00000000E+00       0.00000000E+00       0.00000000E+00       0.00000000E+00       0.00000000E+00       0.00000000E+00       0.00000000E+00       0.00000000E+00       0.00000000E+00       0.00000000E+00       0.00000000E+00       0.00000000E+00       0.00000000E+00       0.00000000E+00       0.00000000E+00       0.00000000E+00       0.00000000E+00       0.00000000E+00       0.00000000E+00       0.00000000E+00       0.00000000E+00       0.00000000E+00
      0.59125302E+02       0.00000000E+00       0.00000000E+00       0.00000000E+00       0.00000000E+00       0.00000000E+00       0.00000000E+00       0.00000000E+00       0.00000000E+00       0.00000000E+00       0.00000000E+00       0.00000000E+00       0.00000000E+00       0.00000000E+00       0.00000000E+00       0.00000000E+00       0.00000000E+00       0.00000000E+00       0.00000000E+00       0.00000000E+00       0.00000000E+00       0.00000000E+00       0.00000000E+00       0.00000000E+00       0.00000000E+00       0.00000000E+00       0.00000000E+00       0.00000000E+00
      0.59228375E+02       0.00000000E+00       0.00000000E+00       0.00000000E+00       0.00000000E+00       0.00000000E+00       0.00000000E+00       0.00000000E+00       0.00000000E+00       0.00000000E+00       0.00000000E+00       0.00000000E+00       0.00000000E+00       0.00000000E+00       0.00000000E+00       0.00000000E+00       0.00000000E+00       0.00000000E+00       0.00000000E+00       0.00000000E+00       0.00000000E+00       0.00000000E+00       0.00000000E+00       0.00000000E+00       0.00000000E+00       0.00000000E+00       0.00000000E+00       0.00000000E+00
      0.59331449E+02       0.00000000E+00       0.00000000E+00       0.00000000E+00       0.00000000E+00       0.00000000E+00       0.00000000E+00       0.00000000E+00       0.00000000E+00       0.00000000E+00       0.00000000E+00       0.00000000E+00       0.00000000E+00       0.00000000E+00       0.00000000E+00       0.00000000E+00       0.00000000E+00       0.00000000E+00       0.00000000E+00       0.00000000E+00       0.00000000E+00       0.00000000E+00       0.00000000E+00       0.00000000E+00       0.00000000E+00       0.00000000E+00       0.00000000E+00       0.00000000E+00
      0.59434522E+02       0.00000000E+00       0.00000000E+00       0.00000000E+00       0.00000000E+00       0.00000000E+00       0.00000000E+00       0.00000000E+00       0.00000000E+00       0.00000000E+00       0.00000000E+00       0.00000000E+00       0.00000000E+00       0.00000000E+00       0.00000000E+00       0.00000000E+00       0.00000000E+00       0.00000000E+00       0.00000000E+00       0.00000000E+00       0.00000000E+00       0.00000000E+00       0.00000000E+00       0.00000000E+00       0.00000000E+00       0.00000000E+00       0.00000000E+00       0.00000000E+00
      0.59537596E+02       0.00000000E+00       0.00000000E+00       0.00000000E+00       0.00000000E+00       0.00000000E+00       0.00000000E+00       0.00000000E+00       0.00000000E+00       0.00000000E+00       0.00000000E+00       0.00000000E+00       0.00000000E+00       0.00000000E+00       0.00000000E+00       0.00000000E+00       0.00000000E+00       0.00000000E+00       0.00000000E+00       0.00000000E+00       0.00000000E+00       0.00000000E+00       0.00000000E+00       0.00000000E+00       0.00000000E+00       0.00000000E+00       0.00000000E+00       0.00000000E+00
      0.59640669E+02       0.00000000E+00       0.00000000E+00       0.00000000E+00       0.00000000E+00       0.00000000E+00       0.00000000E+00       0.00000000E+00       0.00000000E+00       0.00000000E+00       0.00000000E+00       0.00000000E+00       0.00000000E+00       0.00000000E+00       0.00000000E+00       0.00000000E+00       0.00000000E+00       0.00000000E+00       0.00000000E+00       0.00000000E+00       0.00000000E+00       0.00000000E+00       0.00000000E+00       0.00000000E+00       0.00000000E+00       0.00000000E+00       0.00000000E+00       0.00000000E+00
      0.59743743E+02       0.00000000E+00       0.00000000E+00       0.00000000E+00       0.00000000E+00       0.00000000E+00       0.00000000E+00       0.00000000E+00       0.00000000E+00       0.00000000E+00       0.00000000E+00       0.00000000E+00       0.00000000E+00       0.00000000E+00       0.00000000E+00       0.00000000E+00       0.00000000E+00       0.00000000E+00       0.00000000E+00       0.00000000E+00       0.00000000E+00       0.00000000E+00       0.00000000E+00       0.00000000E+00       0.00000000E+00       0.00000000E+00       0.00000000E+00       0.00000000E+00
      0.59846816E+02       0.00000000E+00       0.00000000E+00       0.00000000E+00       0.00000000E+00       0.00000000E+00       0.00000000E+00       0.00000000E+00       0.00000000E+00       0.00000000E+00       0.00000000E+00       0.00000000E+00       0.00000000E+00       0.00000000E+00       0.00000000E+00       0.00000000E+00       0.00000000E+00       0.00000000E+00       0.00000000E+00       0.00000000E+00       0.00000000E+00       0.00000000E+00       0.00000000E+00       0.00000000E+00       0.00000000E+00       0.00000000E+00       0.00000000E+00       0.00000000E+00
      0.59949889E+02       0.00000000E+00       0.00000000E+00       0.00000000E+00       0.00000000E+00       0.00000000E+00       0.00000000E+00       0.00000000E+00       0.00000000E+00       0.00000000E+00       0.00000000E+00       0.00000000E+00       0.00000000E+00       0.00000000E+00       0.00000000E+00       0.00000000E+00       0.00000000E+00       0.00000000E+00       0.00000000E+00       0.00000000E+00       0.00000000E+00       0.00000000E+00       0.00000000E+00       0.00000000E+00       0.00000000E+00       0.00000000E+00       0.00000000E+00       0.00000000E+00
      0.60052963E+02       0.00000000E+00       0.00000000E+00       0.00000000E+00       0.00000000E+00       0.00000000E+00       0.00000000E+00       0.00000000E+00       0.00000000E+00       0.00000000E+00       0.00000000E+00       0.00000000E+00       0.00000000E+00       0.00000000E+00       0.00000000E+00       0.00000000E+00       0.00000000E+00       0.00000000E+00       0.00000000E+00       0.00000000E+00       0.00000000E+00       0.00000000E+00       0.00000000E+00       0.00000000E+00       0.00000000E+00       0.00000000E+00       0.00000000E+00       0.00000000E+00
      0.60156036E+02       0.00000000E+00       0.00000000E+00       0.00000000E+00       0.00000000E+00       0.00000000E+00       0.00000000E+00       0.00000000E+00       0.00000000E+00       0.00000000E+00       0.00000000E+00       0.00000000E+00       0.00000000E+00       0.00000000E+00       0.00000000E+00       0.00000000E+00       0.00000000E+00       0.00000000E+00       0.00000000E+00       0.00000000E+00       0.00000000E+00       0.00000000E+00       0.00000000E+00       0.00000000E+00       0.00000000E+00       0.00000000E+00       0.00000000E+00       0.00000000E+00
      0.60259110E+02       0.00000000E+00       0.00000000E+00       0.00000000E+00       0.00000000E+00       0.00000000E+00       0.00000000E+00       0.00000000E+00       0.00000000E+00       0.00000000E+00       0.00000000E+00       0.00000000E+00       0.00000000E+00       0.00000000E+00       0.00000000E+00       0.00000000E+00       0.00000000E+00       0.00000000E+00       0.00000000E+00       0.00000000E+00       0.00000000E+00       0.00000000E+00       0.00000000E+00       0.00000000E+00       0.00000000E+00       0.00000000E+00       0.00000000E+00       0.00000000E+00
      0.60362183E+02       0.00000000E+00       0.00000000E+00       0.00000000E+00       0.00000000E+00       0.00000000E+00       0.00000000E+00       0.00000000E+00       0.00000000E+00       0.00000000E+00       0.00000000E+00       0.00000000E+00       0.00000000E+00       0.00000000E+00       0.00000000E+00       0.00000000E+00       0.00000000E+00       0.00000000E+00       0.00000000E+00       0.00000000E+00       0.00000000E+00       0.00000000E+00       0.00000000E+00       0.00000000E+00       0.00000000E+00       0.00000000E+00       0.00000000E+00       0.00000000E+00
      0.60465257E+02       0.00000000E+00       0.00000000E+00       0.00000000E+00       0.00000000E+00       0.00000000E+00       0.00000000E+00       0.00000000E+00       0.00000000E+00       0.00000000E+00       0.00000000E+00       0.00000000E+00       0.00000000E+00       0.00000000E+00       0.00000000E+00       0.00000000E+00       0.00000000E+00       0.00000000E+00       0.00000000E+00       0.00000000E+00       0.00000000E+00       0.00000000E+00       0.00000000E+00       0.00000000E+00       0.00000000E+00       0.00000000E+00       0.00000000E+00       0.00000000E+00
      0.60568330E+02       0.00000000E+00       0.00000000E+00       0.00000000E+00       0.00000000E+00       0.00000000E+00       0.00000000E+00       0.00000000E+00       0.00000000E+00       0.00000000E+00       0.00000000E+00       0.00000000E+00       0.00000000E+00       0.00000000E+00       0.00000000E+00       0.00000000E+00       0.00000000E+00       0.00000000E+00       0.00000000E+00       0.00000000E+00       0.00000000E+00       0.00000000E+00       0.00000000E+00       0.00000000E+00       0.00000000E+00       0.00000000E+00       0.00000000E+00       0.00000000E+00
      0.60671403E+02       0.00000000E+00       0.00000000E+00       0.00000000E+00       0.00000000E+00       0.00000000E+00       0.00000000E+00       0.00000000E+00       0.00000000E+00       0.00000000E+00       0.00000000E+00       0.00000000E+00       0.00000000E+00       0.00000000E+00       0.00000000E+00       0.00000000E+00       0.00000000E+00       0.00000000E+00       0.00000000E+00       0.00000000E+00       0.00000000E+00       0.00000000E+00       0.00000000E+00       0.00000000E+00       0.00000000E+00       0.00000000E+00       0.00000000E+00       0.00000000E+00
      0.60774477E+02       0.00000000E+00       0.00000000E+00       0.00000000E+00       0.00000000E+00       0.00000000E+00       0.00000000E+00       0.00000000E+00       0.00000000E+00       0.00000000E+00       0.00000000E+00       0.00000000E+00       0.00000000E+00       0.00000000E+00       0.00000000E+00       0.00000000E+00       0.00000000E+00       0.00000000E+00       0.00000000E+00       0.00000000E+00       0.00000000E+00       0.00000000E+00       0.00000000E+00       0.00000000E+00       0.00000000E+00       0.00000000E+00       0.00000000E+00       0.00000000E+00
      0.60877550E+02       0.00000000E+00       0.00000000E+00       0.00000000E+00       0.00000000E+00       0.00000000E+00       0.00000000E+00       0.00000000E+00       0.00000000E+00       0.00000000E+00       0.00000000E+00       0.00000000E+00       0.00000000E+00       0.00000000E+00       0.00000000E+00       0.00000000E+00       0.00000000E+00       0.00000000E+00       0.00000000E+00       0.00000000E+00       0.00000000E+00       0.00000000E+00       0.00000000E+00       0.00000000E+00       0.00000000E+00       0.00000000E+00       0.00000000E+00       0.00000000E+00
      0.60980624E+02       0.00000000E+00       0.00000000E+00       0.00000000E+00       0.00000000E+00       0.00000000E+00       0.00000000E+00       0.00000000E+00       0.00000000E+00       0.00000000E+00       0.00000000E+00       0.00000000E+00       0.00000000E+00       0.00000000E+00       0.00000000E+00       0.00000000E+00       0.00000000E+00       0.00000000E+00       0.00000000E+00       0.00000000E+00       0.00000000E+00       0.00000000E+00       0.00000000E+00       0.00000000E+00       0.00000000E+00       0.00000000E+00       0.00000000E+00       0.00000000E+00
      0.61083697E+02       0.00000000E+00       0.00000000E+00       0.00000000E+00       0.00000000E+00       0.00000000E+00       0.00000000E+00       0.00000000E+00       0.00000000E+00       0.00000000E+00       0.00000000E+00       0.00000000E+00       0.00000000E+00       0.00000000E+00       0.00000000E+00       0.00000000E+00       0.00000000E+00       0.00000000E+00       0.00000000E+00       0.00000000E+00       0.00000000E+00       0.00000000E+00       0.00000000E+00       0.00000000E+00       0.00000000E+00       0.00000000E+00       0.00000000E+00       0.00000000E+00
      0.61186771E+02       0.00000000E+00       0.00000000E+00       0.00000000E+00       0.00000000E+00       0.00000000E+00       0.00000000E+00       0.00000000E+00       0.00000000E+00       0.00000000E+00       0.00000000E+00       0.00000000E+00       0.00000000E+00       0.00000000E+00       0.00000000E+00       0.00000000E+00       0.00000000E+00       0.00000000E+00       0.00000000E+00       0.00000000E+00       0.00000000E+00       0.00000000E+00       0.00000000E+00       0.00000000E+00       0.00000000E+00       0.00000000E+00       0.00000000E+00       0.00000000E+00
      0.61289844E+02       0.00000000E+00       0.00000000E+00       0.00000000E+00       0.00000000E+00       0.00000000E+00       0.00000000E+00       0.00000000E+00       0.00000000E+00       0.00000000E+00       0.00000000E+00       0.00000000E+00       0.00000000E+00       0.00000000E+00       0.00000000E+00       0.00000000E+00       0.00000000E+00       0.00000000E+00       0.00000000E+00       0.00000000E+00       0.00000000E+00       0.00000000E+00       0.00000000E+00       0.00000000E+00       0.00000000E+00       0.00000000E+00       0.00000000E+00       0.00000000E+00
      0.61392917E+02       0.00000000E+00       0.00000000E+00       0.00000000E+00       0.00000000E+00       0.00000000E+00       0.00000000E+00       0.00000000E+00       0.00000000E+00       0.00000000E+00       0.00000000E+00       0.00000000E+00       0.00000000E+00       0.00000000E+00       0.00000000E+00       0.00000000E+00       0.00000000E+00       0.00000000E+00       0.00000000E+00       0.00000000E+00       0.00000000E+00       0.00000000E+00       0.00000000E+00       0.00000000E+00       0.00000000E+00       0.00000000E+00       0.00000000E+00       0.00000000E+00
      0.61495991E+02       0.00000000E+00       0.00000000E+00       0.00000000E+00       0.00000000E+00       0.00000000E+00       0.00000000E+00       0.00000000E+00       0.00000000E+00       0.00000000E+00       0.00000000E+00       0.00000000E+00       0.00000000E+00       0.00000000E+00       0.00000000E+00       0.00000000E+00       0.00000000E+00       0.00000000E+00       0.00000000E+00       0.00000000E+00       0.00000000E+00       0.00000000E+00       0.00000000E+00       0.00000000E+00       0.00000000E+00       0.00000000E+00       0.00000000E+00       0.00000000E+00
      0.61599064E+02       0.00000000E+00       0.00000000E+00       0.00000000E+00       0.00000000E+00       0.00000000E+00       0.00000000E+00       0.00000000E+00       0.00000000E+00       0.00000000E+00       0.00000000E+00       0.00000000E+00       0.00000000E+00       0.00000000E+00       0.00000000E+00       0.00000000E+00       0.00000000E+00       0.00000000E+00       0.00000000E+00       0.00000000E+00       0.00000000E+00       0.00000000E+00       0.00000000E+00       0.00000000E+00       0.00000000E+00       0.00000000E+00       0.00000000E+00       0.00000000E+00
      0.61702138E+02       0.00000000E+00       0.00000000E+00       0.00000000E+00       0.00000000E+00       0.00000000E+00       0.00000000E+00       0.00000000E+00       0.00000000E+00       0.00000000E+00       0.00000000E+00       0.00000000E+00       0.00000000E+00       0.00000000E+00       0.00000000E+00       0.00000000E+00       0.00000000E+00       0.00000000E+00       0.00000000E+00       0.00000000E+00       0.00000000E+00       0.00000000E+00       0.00000000E+00       0.00000000E+00       0.00000000E+00       0.00000000E+00       0.00000000E+00       0.00000000E+00
      0.61805211E+02       0.00000000E+00       0.00000000E+00       0.00000000E+00       0.00000000E+00       0.00000000E+00       0.00000000E+00       0.00000000E+00       0.00000000E+00       0.00000000E+00       0.00000000E+00       0.00000000E+00       0.00000000E+00       0.00000000E+00       0.00000000E+00       0.00000000E+00       0.00000000E+00       0.00000000E+00       0.00000000E+00       0.00000000E+00       0.00000000E+00       0.00000000E+00       0.00000000E+00       0.00000000E+00       0.00000000E+00       0.00000000E+00       0.00000000E+00       0.00000000E+00
      0.61908285E+02       0.00000000E+00       0.00000000E+00       0.00000000E+00       0.00000000E+00       0.00000000E+00       0.00000000E+00       0.00000000E+00       0.00000000E+00       0.00000000E+00       0.00000000E+00       0.00000000E+00       0.00000000E+00       0.00000000E+00       0.00000000E+00       0.00000000E+00       0.00000000E+00       0.00000000E+00       0.00000000E+00       0.00000000E+00       0.00000000E+00       0.00000000E+00       0.00000000E+00       0.00000000E+00       0.00000000E+00       0.00000000E+00       0.00000000E+00       0.00000000E+00
